# {"config": {"dt": 0.002, "kind": "wheel", "torque_limit_nm": 2.0}, "initial_command_history": "zero", "initial_state": "known_rest", "known_initial_rest": true, "name": "calibration_1", "sampling": "position_then_command_then_next_position", "schema": "encoder_position_only", "schema_version": 1, "split": "calibration"}
time_s,command_torque_nm,position_rad,next_position_rad
0.0,0.27961172579016785,-7.220281100874242e-05,-0.00027961432149073396
0.002,0.28666321967471037,-0.00027961432149073396,4.4247079360255575e-05
0.004,0.29368597624078524,4.4247079360255575e-05,0.0004086190301251803
0.006,0.30067290351246667,0.0004086190301251803,0.0006895777937027045
0.008,0.3076169273707555,0.0006895777937027045,0.00012545749627389444
0.01,0.31451099962152645,0.00012545749627389444,0.0004552456937163187
0.012,0.32134810603544833,0.0004552456937163187,0.0007290101772553844
0.014,0.32812127435062927,0.0007290101772553844,0.0010465892599054816
0.016,0.3348235822287809,0.0010465892599054816,0.0011119058873300335
0.018000000000000002,0.3414481651557477,0.0011119058873300335,0.0021419021573743685
0.02,0.34798822427731346,0.0021419021573743685,0.002456463366878862
0.022,0.35443703416127015,0.002456463366878862,0.00298493649839123
0.024,0.3607879504768194,0.00298493649839123,0.0032270276290725956
0.026000000000000002,0.3670344175824711,0.0032270276290725956,0.0042654410964793315
0.028,0.3731699760137107,0.0042654410964793315,0.005075065978219516
0.03,0.37918826986182025,0.005075065978219516,0.005710891579150066
0.032,0.3850830540353632,0.005710891579150066,0.006535462665297762
0.034,0.39084820139598,0.006535462665297762,0.0075409148121553795
0.036000000000000004,0.3964777097602837,0.0075409148121553795,0.008177718961057704
0.038,0.4019657087598003,0.008177718961057704,0.009519991927639955
0.04,0.4073064665510612,0.009519991927639955,0.010628350482971604
0.042,0.4124943963681269,0.010628350482971604,0.01186421702829317
0.044,0.41752406291000393,0.01186421702829317,0.012992565005418876
0.046,0.42239018855560584,0.012992565005418876,0.014231881169440824
0.048,0.42708765939910637,0.014231881169440824,0.01582702690286346
0.05,0.4316115310987425,0.01582702690286346,0.016655608813453092
0.052000000000000005,0.43595703453233614,0.016655608813453092,0.018184437020541143
0.054,0.4401195812530283,0.018184437020541143,0.020129735067266934
0.056,0.44409476873894865,0.020129735067266934,0.021668035434608664
0.058,0.4478783854307784,0.021668035434608664,0.023591029551494513
0.06,0.4514664155514128,0.023591029551494513,0.024963593287099184
0.062,0.45485504370217533,0.024963593287099184,0.02724746473530166
0.064,0.45804065923029585,0.02724746473530166,0.02901450305662847
0.066,0.4610198603626282,0.02901450305662847,0.030917637897527335
0.068,0.46378945810084876,0.030917637897527335,0.032289978932108325
0.07,0.46634647987365596,0.032289978932108325,0.03487349702340769
0.07200000000000001,0.4686881729417665,0.03487349702340769,0.036784264004623306
0.074,0.4708120075517912,0.036784264004623306,0.03912298149888842
0.076,0.4727156798353611,0.03912298149888842,0.04148190670873951
0.078,0.4743971144501672,0.04148190670873951,0.04335367956403428
0.08,0.47585446695987477,0.04335367956403428,0.04622950439905356
0.082,0.4770861259501745,0.04622950439905356,0.04857587389829477
0.084,0.47809071487853344,0.04857587389829477,0.051169555679366756
0.08600000000000001,0.47886709365551805,0.051169555679366756,0.05374623165646582
0.088,0.4794143599558702,0.05374623165646582,0.05609792273310593
0.09,0.47973185025782444,0.05609792273310593,0.05864921176130049
0.092,0.4798191406094733,0.05864921176130049,0.06184582190214851
0.094,0.4796760471212958,0.06184582190214851,0.06454597430267624
0.096,0.47930262618428343,0.06454597430267624,0.06774877315064219
0.098,0.4786991744134109,0.06774877315064219,0.0703892720115523
0.1,0.47786622831651715,0.0703892720115523,0.07353544067314702
0.10200000000000001,0.47680456368897584,0.07353544067314702,0.07680286072199682
0.10400000000000001,0.4755151947348526,0.07680286072199682,0.07954140955997188
0.106,0.47399937291555766,0.07954140955997188,0.08263852677402032
0.108,0.4722585855273197,0.08263852677402032,0.08629552157237651
0.11,0.4702945540091162,0.08629552157237651,0.08924910151579094
0.112,0.46810923198300575,0.08924910151579094,0.09260289069458953
0.114,0.4657048030291184,0.09260289069458953,0.09624634059624873
0.116,0.46308367819786045,0.09624634059624873,0.09954592828742863
0.11800000000000001,0.4602484932621987,0.09954592828742863,0.10321696744415879
0.12,0.45720210571318154,0.10321696744415879,0.10662373423194736
0.122,0.4539475915021558,0.10662373423194736,0.11029340939626375
0.124,0.45048824153342476,0.11029340939626375,0.1138997467837994
0.126,0.44682755791138384,0.1138997467837994,0.11766115099003727
0.128,0.44296924994644904,0.11766115099003727,0.12135573047853597
0.13,0.4389172299243751,0.12135573047853597,0.12537965117634076
0.132,0.4346756086438278,0.12537965117634076,0.1288664513216978
0.134,0.43024869072734573,0.1288664513216978,0.1327220776918707
0.136,0.42564096971108506,0.1327220776918707,0.13650887835372633
0.138,0.42085712291899535,0.13650887835372633,0.1403868277794025
0.14,0.41590200612732364,0.1403868277794025,0.14412709346861444
0.14200000000000002,0.410780648025585,0.14412709346861444,0.1484629367631256
0.14400000000000002,0.40549824448037064,0.1484629367631256,0.1525255727018858
0.146,0.40006015260859284,0.1525255727018858,0.15669430801789536
0.148,0.3944718846669847,0.15669430801789536,0.161128589068972
0.15,0.3887391017648838,0.161128589068972,0.16468643334655353
0.152,0.3828676074075331,0.16468643334655353,0.16920753688854706
0.154,0.37686334087732526,0.16920753688854706,0.173021762376824
0.156,0.3707323704606059,0.173021762376824,0.17772312292808357
0.158,0.36448088652782623,0.17772312292808357,0.18193372465392527
0.16,0.3581151944750058,0.18193372465392527,0.18623637784728925
0.162,0.3516417075346253,0.18623637784728925,0.1906656425509354
0.164,0.3450669394642193,0.1906656425509354,0.1944197463106455
0.166,0.3383974971210778,0.1944197463106455,0.19902262127456202
0.168,0.3316400729316016,0.19902262127456202,0.2034045436148575
0.17,0.3248014372639708,0.2034045436148575,0.20754389592876407
0.17200000000000001,0.31788843071290124,0.20754389592876407,0.21222527494332885
0.17400000000000002,0.3109079563053653,0.21222527494332885,0.216726280530581
0.176,0.3038669716362395,0.216726280530581,0.2208652013913319
0.178,0.2967724809429281,0.2208652013913319,0.22497787174180775
0.18,0.28963152712807816,0.22497787174180775,0.22964136850485609
0.182,0.2824511837395606,0.22964136850485609,0.234252423308313
0.184,0.2752385469169437,0.234252423308313,0.23840650379160863
0.186,0.26800072731372243,0.23840650379160863,0.2429996522139471
0.188,0.2607448420045931,0.2429996522139471,0.24716698842087412
0.19,0.2534780063870847,0.24716698842087412,0.25160757390483957
0.192,0.24620732608685778,0.25160757390483957,0.25621774250322976
0.194,0.23893988887598408,0.25621774250322976,0.26047496512896307
0.196,0.2316827566135004,0.26047496512896307,0.26539893178344226
0.198,0.22444295721750737,0.26539893178344226,0.269484155645596
0.2,0.21722747667804398,0.269484155645596,0.27375405026898086
0.202,0.21004325111992764,0.27375405026898086,0.2778394205309766
0.20400000000000001,0.2028971589246823,0.2778394205309766,0.2825585630218233
0.20600000000000002,0.19579601292062065,0.2825585630218233,0.2866276435795001
0.20800000000000002,0.18874655265005807,0.2866276435795001,0.29048545143587334
0.21,0.18175543672255223,0.29048545143587334,0.29515627225809493
0.212,0.17482923526296096,0.29515627225809493,0.2991954931543507
0.214,0.16797442246300454,0.2991954931543507,0.3038159909223649
0.216,0.16119736924489517,0.3038159909223649,0.30799310690843146
0.218,0.15450433604547037,0.30799310690843146,0.3121741927395211
0.22,0.1479014657291272,0.3121741927395211,0.31665407494695474
0.222,0.14139477663770517,0.31665407494695474,0.3204901986118127
0.224,0.1349901557853107,0.3204901986118127,0.3250127953244812
0.226,0.12869335220590378,0.3250127953244812,0.32884010520442997
0.228,0.12250997046129748,0.32884010520442997,0.33301305274330456
0.23,0.11644546431703258,0.33301305274330456,0.33720961636509483
0.232,0.11050513059339548,0.33720961636509483,0.34140493386748605
0.234,0.10469410319865,0.34140493386748605,0.34552226207029346
0.23600000000000002,0.09901734735133944,0.34552226207029346,0.34917995570764515
0.23800000000000002,0.09347965399830005,0.34917995570764515,0.3532082982445726
0.24,0.08808563443480047,0.3532082982445726,0.3573298470217904
0.242,0.0828397151329893,0.3573298470217904,0.36135360458360744
0.244,0.07774613278459389,0.36135360458360744,0.3652066654219272
0.246,0.07280892956356477,0.3652066654219272,0.36890518982588055
0.248,0.06803194861410988,0.36890518982588055,0.37277000159875384
0.25,0.06341882976929811,0.37277000159875384,0.37657430879857046
0.252,0.058973005505153275,0.37657430879857046,0.3803733517567947
0.254,0.05469769713488129,0.3803733517567947,0.3839684813710385
0.256,0.05059591124760218,0.3839684813710385,0.38753047358389575
0.258,0.046670436395673615,0.38753047358389575,0.39099316650733046
0.26,0.04292384003440844,0.39099316650733046,0.3946285129765914
0.262,0.03935846571769694,0.3946285129765914,0.3984634770892208
0.264,0.03597643055274999,0.3984634770892208,0.4018806402462665
0.266,0.03277962291688122,0.4018806402462665,0.4053410280174353
0.268,0.02976970043894525,0.4053410280174353,0.40898454014958835
0.27,0.026948088247742252,0.40898454014958835,0.4122730241970425
0.272,0.02431597748939404,0.4122730241970425,0.41509973599456884
0.274,0.021874324115384786,0.41509973599456884,0.4184234091289326
0.276,0.01962384794265104,0.4184234091289326,0.4222402944784408
0.278,0.017565031986788493,0.4222402944784408,0.4254090565504028
0.28,0.01569812206913193,0.4254090565504028,0.42846545417876375
0.28200000000000003,0.014023126698147814,0.42846545417876375,0.43182729497081856
0.28400000000000003,0.012539817225262484,0.43182729497081856,0.43444591590804393
0.28600000000000003,0.011247728274934754,0.43444591590804393,0.43769753481526513
0.28800000000000003,0.010146158448464004,0.43769753481526513,0.440893291261963
0.29,0.009234171300712163,0.440893291261963,0.4435959403516609
0.292,0.008510596588600206,0.4435959403516609,0.44645995787242243
0.294,0.00797403178993053,0.44645995787242243,0.4496845208172682
0.296,0.007622843890772307,0.4496845208172682,0.45224413327530716
0.298,0.007455171439340463,0.45224413327530716,0.4552465368414699
0.3,0.00746892686398859,0.4552465368414699,0.4583787802159018
0.302,0.0076617990526369195,0.4583787802159018,0.4608370301106654
0.304,0.008031256190649205,0.4608370301106654,0.46357844392793635
0.306,0.008574548853881037,0.46357844392793635,0.46626847546614086
0.308,0.009288713353323264,0.46626847546614086,0.46856790500972123
0.31,0.010170575327478754,0.46856790500972123,0.4713880272324591
0.312,0.011216753578321081,0.4713880272324591,0.47405948392708946
0.314,0.012423664146407498,0.47405948392708946,0.4764669211093079
0.316,0.01378752462044025,0.4764669211093079,0.4787134721258224
0.318,0.0153043586763012,0.4787134721258224,0.4815452268322548
0.32,0.016970000840321242,0.4815452268322548,0.483892221210802
0.322,0.01878010147128728,0.483892221210802,0.48644913928165173
0.324,0.020730131955436687,0.48644913928165173,0.4888067315510221
0.326,0.022815390108445507,0.4888067315510221,0.49134345610117985
0.328,0.025031005778178073,0.49134345610117985,0.49334482307578664
0.33,0.02737194664173262,0.49334482307578664,0.49537185800118455
0.332,0.029833024190096882,0.49537185800118455,0.4981154876098163
0.334,0.03240889989350876,0.4981154876098163,0.49984286291977753
0.336,0.03509409154041172,0.49984286291977753,0.5025226743976439
0.338,0.03788297974269168,0.5025226743976439,0.5044552654956259
0.34,0.04076981459969277,0.5044552654956259,0.5065649919606889
0.342,0.043748722513326704,0.5065649919606889,0.5090213681081591
0.34400000000000003,0.046813713146415525,0.5090213681081591,0.5106436221052839
0.34600000000000003,0.04995868651624143,0.5106436221052839,0.5125500187081298
0.34800000000000003,0.05317744021512667,0.5125500187081298,0.5152200464680579
0.35000000000000003,0.05646367674971118,0.5152200464680579,0.5166952000196754
0.352,0.05981101099047064,0.5166952000196754,0.5189312419279332
0.354,0.06321297772287836,0.5189312419279332,0.5211009922977156
0.356,0.06666303929150885,0.5211009922977156,0.5231086068497919
0.358,0.07015459332826503,0.5231086068497919,0.5249833044261184
0.36,0.07368098055581757,0.5249833044261184,0.5267917984261887
0.362,0.07723549265726082,0.5267917984261887,0.5286111207168096
0.364,0.08081138020290835,0.5286111207168096,0.5307229779103714
0.366,0.08440186062508824,0.5307229779103714,0.5326265434843217
0.368,0.08800012623174533,0.5326265434843217,0.5344524780770397
0.37,0.0915993522496047,0.5344524780770397,0.5362784756108283
0.372,0.0951927048876287,0.5362784756108283,0.5379387832874098
0.374,0.09877334941146304,0.5379387832874098,0.5400394697992057
0.376,0.10233445821956746,0.5400394697992057,0.5418944489911331
0.378,0.10586921891171543,0.5418944489911331,0.5433200086546388
0.38,0.10937084234055813,0.5433200086546388,0.5458526065895826
0.382,0.11283257063697155,0.5458526065895826,0.5472991235927596
0.384,0.11624768519993123,0.5472991235927596,0.5491388480350987
0.386,0.11960951464169914,0.5491388480350987,0.5507499394199781
0.388,0.12291144267916562,0.5507499394199781,0.5527013639418749
0.39,0.12614691596224156,0.5527013639418749,0.5544761957813439
0.392,0.12930945183027584,0.5544761957813439,0.5566144025561311
0.394,0.1323926459875536,0.5566144025561311,0.5580030644823194
0.396,0.13539018008902065,0.5580030644823194,0.5597846264712286
0.398,0.13829582922749145,0.5597846264712286,0.5616663892771592
0.4,0.14110346931369785,0.5616663892771592,0.5634900681786742
0.402,0.14380708434067524,0.5634900681786742,0.5647787261562014
0.404,0.14640077352410139,0.5647787261562014,0.5669300004327769
0.406,0.14887875831035433,0.5669300004327769,0.5687556515183355
0.40800000000000003,0.15123538924420715,0.5687556515183355,0.570741318479488
0.41000000000000003,0.15346515268823493,0.570741318479488,0.5724339266826382
0.41200000000000003,0.1555626773861853,0.5724339266826382,0.5740761313700147
0.41400000000000003,0.15752274086273876,0.5740761313700147,0.5761468489131837
0.41600000000000004,0.15934027565227604,0.5761468489131837,0.5776867963258294
0.418,0.16101037534946624,0.5776867963258294,0.5794618251814156
0.42,0.16252830047469394,0.5794618251814156,0.5811595140815989
0.422,0.1638894841475566,0.5811595140815989,0.582803746009772
0.424,0.16508953756188557,0.582803746009772,0.5845998297768294
0.426,0.16612425525596994,0.5845998297768294,0.5867577959368023
0.428,0.16698962017190197,0.5867577959368023,0.5885741282824174
0.43,0.1676818084982018,0.5885741282824174,0.5902843679893259
0.432,0.16819719429013175,0.5902843679893259,0.5926448075757785
0.434,0.1685323538623636,0.5926448075757785,0.5941999665455454
0.436,0.16868406994892574,0.5941999665455454,0.5958154781704749
0.438,0.16864933562562612,0.5958154781704749,0.5978561134020643
0.44,0.16842535799041744,0.5978561134020643,0.5997914513410151
0.442,0.1680095615974518,0.5997914513410151,0.6016348938436932
0.444,0.16739959164085633,0.6016348938436932,0.6031511348548059
0.446,0.16659331688454473,0.6031511348548059,0.6053766891078359
0.448,0.16558883233467936,0.6053766891078359,0.6071969641031574
0.45,0.1643844616516869,0.6071969641031574,0.6090700111836603
0.452,0.16297875929903805,0.6090700111836603,0.610906460310379
0.454,0.16137051242629666,0.610906460310379,0.6130912078755176
0.456,0.1595587424842579,0.6130912078755176,0.6147559768852119
0.458,0.15754270657029606,0.6147559768852119,0.6169599292559763
0.46,0.15532189850235872,0.6169599292559763,0.6187611571489732
0.462,0.1528960496203529,0.6187611571489732,0.6203757571079034
0.464,0.150265129313983,0.6203757571079034,0.6225111885737318
0.466,0.14742934527642,0.6225111885737318,0.6242259531953642
0.468,0.14438914348348714,0.6242259531953642,0.626020401379497
0.47000000000000003,0.14114520789837365,0.626020401379497,0.6286005040967694
0.47200000000000003,0.13769845990219842,0.6286005040967694,0.6301320058679597
0.47400000000000003,0.13405005745105986,0.6301320058679597,0.6319383510889073
0.47600000000000003,0.1302013939605307,0.6319383510889073,0.6340441283334419
0.47800000000000004,0.12615409691885884,0.6340441283334419,0.6359762749601562
0.48,0.12191002623045791,0.6359762749601562,0.6379347041983149
0.482,0.11747127229157586,0.6379347041983149,0.6400904256768102
0.484,0.11284015380033993,0.6400904256768102,0.641343947339625
0.486,0.10801921530368408,0.641343947339625,0.6432848254388898
0.488,0.10301122448396163,0.6432848254388898,0.6453279559250127
0.49,0.09781916918835436,0.6453279559250127,0.6471849195022983
0.492,0.09244625420447798,0.6471849195022983,0.6489586328617147
0.494,0.08689589778587876,0.6489586328617147,0.6508790656353804
0.496,0.0811717279314075,0.6508790656353804,0.6530675725270972
0.498,0.07527757842273154,0.6530675725270972,0.6551707785028389
0.5,0.06921748462453499,0.6551707785028389,0.6566976629747041
0.502,0.06299567905222078,0.6566976629747041,0.6584329274509921
0.504,0.05661658671220282,0.6584329274509921,0.6604703326276697
0.506,0.050084820220132914,0.6604703326276697,0.6623862277528509
0.508,0.04340517470266843,0.6623862277528509,0.6639768251937204
0.51,0.036582622488630784,0.6639768251937204,0.6656443454765916
0.512,0.02962230759564924,0.6656443454765916,0.6673120152037019
0.514,0.022529540018620967,0.6673120152037019,0.669298238182685
0.516,0.015309789826545878,0.669298238182685,0.670560343371672
0.518,0.007968681074511944,0.670560343371672,0.6725882334554915
0.52,0.0005119855378299398,0.6725882334554915,0.6741857098627371
0.522,-0.007054383724495503,0.6741857098627371,0.6755086863487209
0.524,-0.014724378969558333,0.6755086863487209,0.6774911656889561
0.526,-0.022491824526028867,0.6774911656889561,0.6788197036995411
0.528,-0.03035042369755868,0.6788197036995411,0.6804001428538167
0.53,-0.03829376580617516,0.6804001428538167,0.6819856307218378
0.532,-0.0463153333675837,0.6819856307218378,0.6835726673172456
0.534,-0.05440850939012665,0.6835726673172456,0.6848189726602767
0.536,-0.06256658478901561,0.6848189726602767,0.6863150699055088
0.538,-0.0707827659073196,0.6863150699055088,0.6878290061980221
0.54,-0.07905018213506433,0.6878290061980221,0.6889646092502342
0.542,-0.08736189361769006,0.6889646092502342,0.6898168655211758
0.544,-0.0957108990450111,0.6898168655211758,0.6915146724767672
0.546,-0.10409014351172509,0.6915146724767672,0.6927346347824596
0.548,-0.11249252644043924,0.6927346347824596,0.6938046267550085
0.55,-0.12091090955811133,0.6938046267550085,0.6950491268091874
0.552,-0.12933812491673521,0.6950491268091874,0.6962685086201459
0.554,-0.1377669829490563,0.6962685086201459,0.6976602560981291
0.556,-0.1461902805500597,0.6976602560981291,0.6979254163379374
0.558,-0.1546008091749412,0.6979254163379374,0.699582398161297
0.56,-0.162991362944258,0.699582398161297,0.700228217253013
0.562,-0.1713547467469399,0.700228217253013,0.7010007242901382
0.5640000000000001,-0.1796837843318526,0.7010007242901382,0.7017719310642659
0.5660000000000001,-0.18797132637861252,0.7017719310642659,0.7024276960955589
0.5680000000000001,-0.1962102585383766,0.7024276960955589,0.7034317210077071
0.5700000000000001,-0.20439350943536888,0.7034317210077071,0.7037834120164111
0.5720000000000001,-0.21251405861994208,0.7037834120164111,0.7042536649799884
0.5740000000000001,-0.22056494446404307,0.7042536649799884,0.7046420933627676
0.5760000000000001,-0.22853927198999865,0.7046420933627676,0.7053006401624117
0.578,-0.23643022062363134,0.7053006401624117,0.7056029373975392
0.58,-0.24423105186279453,0.7056029373975392,0.70617154603432
0.582,-0.2519351168525051,0.70617154603432,0.7061373141345331
0.584,-0.2595358638579821,0.7061373141345331,0.7066107568896285
0.586,-0.2670268456269929,0.7066107568896285,0.7068870483549906
0.588,-0.2744017266330483,0.7068870483549906,0.7063266528131806
0.59,-0.2816542901911277,0.7063266528131806,0.7068477569852815
0.592,-0.28877844543774767,0.7068477569852815,0.7064705877270951
0.594,-0.2957682341673635,0.7064705877270951,0.7067119367536661
0.596,-0.30261783751724075,0.7067119367536661,0.7064943914381496
0.598,-0.3093215824931185,0.7064943914381496,0.7063603450297429
0.6,-0.3158739483281654,0.7063603450297429,0.706289291863999
0.602,-0.32226957266792167,0.706289291863999,0.7056858939931492
0.604,-0.3285032575741204,0.7056858939931492,0.7056117626433294
0.606,-0.3345699753404932,0.7056117626433294,0.7049801689653135
0.608,-0.3404648741138747,0.7049801689653135,0.7045312805904196
0.61,-0.3461832833141517,0.7045312805904196,0.7036510396638174
0.612,-0.35172071884682793,0.7036510396638174,0.7035432425102913
0.614,-0.3570728881022206,0.7035432425102913,0.7026693255826125
0.616,-0.36223569473554296,0.7026693255826125,0.7024689894524795
0.618,-0.36720524322238635,0.7024689894524795,0.7012215994046811
0.62,-0.3719778431843688,0.7012215994046811,0.700422396778334
0.622,-0.3765500134799822,0.700422396778334,0.6995620536639379
0.624,-0.38091848605594436,0.6995620536639379,0.6986592813135465
0.626,-0.3850802095546323,0.6986592813135465,0.6973974545369771
0.628,-0.3890323526734558,0.6973974545369771,0.6962944900657945
0.63,-0.3927723072723196,0.6962944900657945,0.6954202373537698
0.632,-0.39629769122560443,0.6954202373537698,0.6941781756714909
0.634,-0.3996063510153997,0.6941781756714909,0.6934458350588107
0.636,-0.4026963640630119,0.6934458350588107,0.6917186316384957
0.638,-0.4055660407960765,0.6917186316384957,0.6904972626539188
0.64,-0.40821392644890697,0.6904972626539188,0.6887844853836466
0.642,-0.4106388025940175,0.6887844853836466,0.6873748272842962
0.644,-0.4128396884030694,0.6873748272842962,0.6860150336954612
0.646,-0.4148158416357993,0.6860150336954612,0.6843522331611012
0.648,-0.41656675935580323,0.6843522331611012,0.6828668453563176
0.65,-0.4180921783723612,0.6828668453563176,0.6811487518201115
0.652,-0.4193920754078061,0.6811487518201115,0.6792052975560724
0.654,-0.4204666669902549,0.6792052975560724,0.6774953142553839
0.656,-0.4213164090718343,0.6774953142553839,0.6752940263448891
0.658,-0.4219419963728516,0.6752940263448891,0.6735156980768124
0.66,-0.4223443614526772,0.6735156980768124,0.6714012702698591
0.662,-0.42252467350841394,0.6714012702698591,0.6694712459913439
0.664,-0.42248433690275233,0.6694712459913439,0.667549927736895
0.666,-0.42222498942271,0.667549927736895,0.6654434417482095
0.668,-0.42174850027127264,0.6654434417482095,0.6626783660866273
0.67,-0.4210569677942581,0.6626783660866273,0.6606685129753826
0.672,-0.420152716945026,0.6606685129753826,0.6587270358179065
0.674,-0.4190382964899656,0.6587270358179065,0.6559225638844167
0.676,-0.417716475957984,0.6559225638844167,0.6532929933617831
0.678,-0.4161902423375157,0.6532929933617831,0.6509964238207504
0.68,-0.4144627965248662,0.6509964238207504,0.6482390961194731
0.682,-0.41253754952798405,0.6482390961194731,0.6455155077061803
0.684,-0.41041811843004256,0.6455155077061803,0.6428422109539814
0.686,-0.4081083221174835,0.6428422109539814,0.6403524491470373
0.6880000000000001,-0.40561217677744976,0.6403524491470373,0.6377514665683963
0.6900000000000001,-0.40293389116979805,0.6377514665683963,0.6349290986938301
0.6920000000000001,-0.4000778616791413,0.6349290986938301,0.6318611761902121
0.6940000000000001,-0.39704866715262593,0.6318611761902121,0.6294477787192588
0.6960000000000001,-0.3938510635293917,0.6294477787192588,0.626090067889705
0.6980000000000001,-0.390489978267905,0.626090067889705,0.6235287302989685
0.7000000000000001,-0.3869705045775887,0.6235287302989685,0.620341358562152
0.7020000000000001,-0.3832978954613933,0.620341358562152,0.617144728281246
0.704,-0.37947755757617796,0.617144728281246,0.6142326401046688
0.706,-0.37551504491797105,0.6142326401046688,0.6112607893849323
0.708,-0.371416052339391,0.6112607893849323,0.6075332561225048
0.71,-0.3671864089066927,0.6075332561225048,0.6047789466450945
0.712,-0.36283207110409277,0.6047789466450945,0.6011350758487284
0.714,-0.3583591158932078,0.6011350758487284,0.5980177221006934
0.716,-0.3537737336355937,0.5980177221006934,0.5947270064613627
0.718,-0.3490822208865447,0.5947270064613627,0.5912417068370923
0.72,-0.34429097306845136,0.5912417068370923,0.5882225745722829
0.722,-0.3394064770321563,0.5882225745722829,0.5850921820717354
0.724,-0.3344353035148793,0.5850921820717354,0.5813511893400868
0.726,-0.3293840995033948,0.5813511893400868,0.5781255834728349
0.728,-0.3242595805112607,0.5781255834728349,0.5741601888030156
0.73,-0.31906852277899406,0.5741601888030156,0.5709807744740116
0.732,-0.3138177554061743,0.5709807744740116,0.5676166855353386
0.734,-0.3085141524245406,0.5676166855353386,0.5639429764778566
0.736,-0.3031646248212073,0.5639429764778566,0.5604820483245495
0.738,-0.2977761125211891,0.5604820483245495,0.5569570627465861
0.74,-0.2923555763384667,0.5569570627465861,0.553341424064978
0.742,-0.286909989904863,0.553341424064978,0.5497207642753641
0.744,-0.28144633158602794,0.5497207642753641,0.5461025309926059
0.746,-0.2759715763938362,0.5461025309926059,0.5424661973129085
0.748,-0.27049268790451575,0.5424661973129085,0.5392776879285572
0.75,-0.2650166101918133,0.5392776879285572,0.5356852461226561
0.752,-0.25955025978448587,0.5356852461226561,0.5317627112329277
0.754,-0.25410051765737773,0.5317627112329277,0.5284436111224653
0.756,-0.24867422126531177,0.5284436111224653,0.5244789681684836
0.758,-0.2432781566289597,0.5244789681684836,0.5205218291415412
0.76,-0.23791905048181108,0.5205218291415412,0.5174135737676919
0.762,-0.23260356248728103,0.5174135737676919,0.5134088446020413
0.764,-0.2273382775349177,0.5134088446020413,0.5101412996777265
0.766,-0.22212969812458405,0.5101412996777265,0.5064641963436379
0.768,-0.21698423684737728,0.5064641963436379,0.5024980198304664
0.77,-0.21190820897194887,0.5024980198304664,0.49863925445606294
0.772,-0.2069078251447582,0.49863925445606294,0.495485935878969
0.774,-0.20198918421266596,0.495485935878969,0.4918312917240014
0.776,-0.19715826617613227,0.4918312917240014,0.4884777307131922
0.778,-0.19242092528113056,0.4884777307131922,0.48427893175178427
0.78,-0.18778288325773285,0.48427893175178427,0.48094248222870717
0.782,-0.18324972271315065,0.48094248222870717,0.4769520513881004
0.784,-0.178826880686837,0.4769520513881004,0.4738175706948196
0.786,-0.17451964237507298,0.4738175706948196,0.46968759518440456
0.788,-0.1703331350322591,0.46968759518440456,0.4661248800479444
0.79,-0.166272322055936,0.4661248800479444,0.4627435748182277
0.792,-0.16234199726234372,0.4627435748182277,0.45889195417470097
0.794,-0.158546779359107,0.45889195417470097,0.45586008810363454
0.796,-0.15489110662141498,0.45586008810363454,0.45204357456513994
0.798,-0.15137923177781815,0.45204357456513994,0.448532622739041
0.8,-0.14801521711153381,0.448532622739041,0.4453750269002142
0.802,-0.14480292978289758,0.4453750269002142,0.4422024740288268
0.804,-0.1417460373783449,0.4422024740288268,0.4386259818696255
0.806,-0.1388480036910482,0.4386259818696255,0.43463590052543344
0.808,-0.1361120847380631,0.43463590052543344,0.4314997583170677
0.81,-0.1335413250185707,0.4314997583170677,0.42791675570046206
0.812,-0.13113855401752067,0.42791675570046206,0.42453546481690974
0.8140000000000001,-0.12890638295870033,0.42453546481690974,0.4214376394968652
0.8160000000000001,-0.12684720181096623,0.4214376394968652,0.41759494653789586
0.8180000000000001,-0.1249631765510825,0.41759494653789586,0.41445211769932205
0.8200000000000001,-0.12325624668631632,0.41445211769932205,0.41112427071687646
0.8220000000000001,-0.12172812303964137,0.41112427071687646,0.4078530614057684
0.8240000000000001,-0.12038028580009569,0.4078530614057684,0.40457536344078576
0.8260000000000001,-0.11921398284053938,0.40457536344078576,0.4013769195266591
0.8280000000000001,-0.11823022830474345,0.4013769195266591,0.39832647485327527
0.8300000000000001,-0.11742980146543724,0.39832647485327527,0.39503245395979797
0.8320000000000001,-0.11681324585462541,0.39503245395979797,0.39189121581396985
0.834,-0.11638086866717395,0.39189121581396985,0.3887487108240479
0.836,-0.11613274043834926,0.3887487108240479,0.38517085137815754
0.838,-0.1160686949956794,0.38517085137815754,0.38203760544561505
0.84,-0.11618832968518986,0.38203760544561505,0.3793023794388349
0.842,-0.11649100587175135,0.3793023794388349,0.3760882695695485
0.844,-0.11697584971296035,0.3760882695695485,0.3726515352042742
0.846,-0.11764175320565848,0.3726515352042742,0.3695898171753365
0.848,-0.11848737550388372,0.3695898171753365,0.3663988343931021
0.85,-0.11951114450673214,0.3663988343931021,0.36369549637518067
0.852,-0.12071125871429944,0.36369549637518067,0.3605465699108412
0.854,-0.12208568934956304,0.3605465699108412,0.35780438245728563
0.856,-0.12363218274375676,0.35780438245728563,0.3547392275576207
0.858,-0.12534826298248988,0.3547392275576207,0.351825159009347
0.86,-0.12723123480956122,0.351825159009347,0.3486978226365552
0.862,-0.1292781867851191,0.3486978226365552,0.3461356994774557
0.864,-0.13148599469453012,0.3461356994774557,0.3428117200670411
0.866,-0.13385132520402784,0.3428117200670411,0.340173450715363
0.868,-0.13637063975892683,0.340173450715363,0.33704091412462345
0.87,-0.139040198719913,0.33704091412462345,0.33386172771661426
0.872,-0.14185606573264295,0.33386172771661426,0.3313187098978535
0.874,-0.14481411232561658,0.3313187098978535,0.3284261537242051
0.876,-0.14791002273102727,0.3284261537242051,0.325480491369294
0.878,-0.1511392989230329,0.325480491369294,0.3228466150680948
0.88,-0.1544972658676447,0.3228466150680948,0.3199505585780199
0.882,-0.1579790769781847,0.3199505585780199,0.3169410638823707
0.884,-0.161579719770025,0.3169410638823707,0.3147075154350865
0.886,-0.16529402170809737,0.3147075154350865,0.3118617581130287
0.888,-0.1691166562404312,0.3118617581130287,0.3087066282795948
0.89,-0.1730421490107733,0.3087066282795948,0.3059032862371227
0.892,-0.17706488424312972,0.3059032862371227,0.3029294013984656
0.894,-0.18117911129087355,0.3029294013984656,0.3004252912508523
0.896,-0.1853789513428764,0.3004252912508523,0.2975987293101374
0.898,-0.18965840427893216,0.2975987293101374,0.29450762773434896
0.9,-0.19401135566658212,0.29450762773434896,0.2920964110677849
0.902,-0.1984315838912749,0.2920964110677849,0.2887655223957602
0.904,-0.20291276741164857,0.2887655223957602,0.2863770533041286
0.906,-0.2074484921315786,0.2863770533041286,0.2835480578423573
0.908,-0.2120322588804926,0.2835480578423573,0.28103679101694196
0.91,-0.21665749099334058,0.28103679101694196,0.27806999540928895
0.912,-0.22131754198148434,0.27806999540928895,0.2752346056639981
0.914,-0.2260057032856675,0.2752346056639981,0.27277445006904205
0.916,-0.2307152121021384,0.27277445006904205,0.2698438682249688
0.918,-0.23543925927290182,0.2698438682249688,0.26697037151192826
0.92,-0.24017099723101795,0.26697037151192826,0.26444012314188287
0.922,-0.24490354799178793,0.26444012314188287,0.2612460417428683
0.924,-0.2496300111806211,0.2612460417428683,0.2585424901182598
0.926,-0.2543434720883374,0.2585424901182598,0.255623760527051
0.928,-0.25903700974461763,0.255623760527051,0.2527841492450098
0.93,-0.26370370500030604,0.2527841492450098,0.2496952917444546
0.932,-0.2683366486092497,0.2496952917444546,0.24712905166727359
0.934,-0.2729289493003625,0.24712905166727359,0.24416768946900927
0.936,-0.2774737418306149,0.24416768946900927,0.24107275181508314
0.9380000000000001,-0.28196419500966785,0.24107275181508314,0.2383645500606585
0.9400000000000001,-0.2863935196869068,0.2383645500606585,0.2348391526629099
0.9420000000000001,-0.2907549766916716,0.2348391526629099,0.2324857907840221
0.9440000000000001,-0.29504188471753207,0.2324857907840221,0.22896359330614727
0.9460000000000001,-0.29924762814152595,0.22896359330614727,0.22607078051984017
0.9480000000000001,-0.3033656647693442,0.22607078051984017,0.22289375180447474
0.9500000000000001,-0.3073895334975467,0.22289375180447474,0.2201181730954918
0.9520000000000001,-0.31131286188396873,0.2201181730954918,0.21707336808229663
0.9540000000000001,-0.31512937361759746,0.21707336808229663,0.21400028669458795
0.9560000000000001,-0.3188328958793166,0.21400028669458795,0.21086313696705336
0.9580000000000001,-0.32241736658502035,0.21086313696705336,0.20782611240268792
0.96,-0.32587684150276697,0.20782611240268792,0.20458096169881296
0.962,-0.32920550123575293,0.20458096169881296,0.2013425132450015
0.964,-0.33239765806306837,0.2013425132450015,0.19818284017241083
0.966,-0.33544776263034404,0.19818284017241083,0.19494804491051318
0.968,-0.33835041048258274,0.19494804491051318,0.19169161298489987
0.97,-0.3411003484316335,0.19169161298489987,0.1882984104254429
0.972,-0.34369248075098235,0.1882984104254429,0.18510166545473727
0.974,-0.3461218751907029,0.18510166545473727,0.181920791765627
0.976,-0.34838376880564126,0.181920791765627,0.17831667300758905
0.978,-0.35047357359011355,0.17831667300758905,0.17458005938637666
0.98,-0.3523868819126119,0.17458005938637666,0.17162394053046065
0.982,-0.35411947174426117,0.17162394053046065,0.16847308441977915
0.984,-0.35566731167498744,0.16847308441977915,0.16448157696148555
0.986,-0.3570265657116146,0.16448157696148555,0.16140719639744025
0.988,-0.35819359785236027,0.16140719639744025,0.1578463810548042
0.99,-0.3591649764324405,0.1578463810548042,0.15411388467408862
0.992,-0.3599374782357818,0.15411388467408862,0.15090018438570277
0.994,-0.360508092368086,0.15090018438570277,0.14704321706203263
0.996,-0.36087402388678,0.14704321706203263,0.14324942909776486
0.998,-0.36103269718366204,0.14324942909776486,0.13970166908017181
1.0,-0.36098175911633323,0.13970166908017181,0.1360997341314764
1.002,-0.3607190818848008,0.1360997341314764,0.13204959415531087
1.004,-0.36024276564992674,0.13204959415531087,0.12880558495728892
1.006,-0.35955114089069445,0.12880558495728892,0.12481759499560471
1.008,-0.35864277049756915,0.12481759499560471,0.12108116013488888
1.01,-0.3575164515995268,0.12108116013488888,0.11724474184637396
1.012,-0.3561712171226362,0.11724474184637396,0.11343996418388995
1.014,-0.3546063370783864,0.11343996418388995,0.10992675714213189
1.016,-0.3528213195802625,0.10992675714213189,0.10577247363593129
1.018,-0.3508159115873881,0.10577247363593129,0.10186698034995083
1.02,-0.34859009937436036,0.10186698034995083,0.0974642160992846
1.022,-0.3461441087267293,0.0974642160992846,0.09378607348943561
1.024,-0.34347840486187586,0.09378607348943561,0.08993969908400723
1.026,-0.34059369207537094,0.08993969908400723,0.08576649565754825
1.028,-0.33749091311320445,0.08576649565754825,0.08197000608920282
1.03,-0.3341712482705972,0.08197000608920282,0.0781131002847128
1.032,-0.330636114218413,0.0781131002847128,0.07398634795769243
1.034,-0.32688716255851413,0.07398634795769243,0.06959394453813618
1.036,-0.32292627810970376,0.06959394453813618,0.06575517963216423
1.038,-0.3187555769262141,0.06575517963216423,0.06164737207878729
1.04,-0.3143774040510118,0.06164737207878729,0.057420637917812774
1.042,-0.3097943310064828,0.057420637917812774,0.05354348522484219
1.044,-0.3050091530253815,0.05354348522484219,0.04915483657407465
1.046,-0.30002488602520805,0.04915483657407465,0.04547591070923286
1.048,-0.29484476332948373,0.04547591070923286,0.04090389905734914
1.05,-0.28947223213968865,0.04090389905734914,0.036958096072869664
1.052,-0.28391094976189923,0.036958096072869664,0.03273606813379072
1.054,-0.27816477959246066,0.03273606813379072,0.028435036757991864
1.056,-0.2722377868673005,0.028435036757991864,0.024069194908376564
1.058,-0.2661342341797517,0.024069194908376564,0.020181869319947834
1.06,-0.2598585767720432,0.020181869319947834,0.016049328768809594
1.062,-0.2534154576058496,0.016049328768809594,0.011582272070952216
1.064,-0.24680970221756743,0.011582272070952216,0.00793375234092297
1.066,-0.2400463133642215,0.00793375234092297,0.0033926293033479595
1.068,-0.23313046546614646,0.0033926293033479595,-0.00048787931875563537
1.07,-0.2260674988528315,-0.00048787931875563537,-0.0048663033487562814
1.072,-0.21886291381852646,-0.0048663033487562814,-0.008794424174586752
1.074,-0.21152236449444536,-0.008794424174586752,-0.01307714045029687
1.076,-0.2040516525446025,-0.01307714045029687,-0.017216374293775885
1.078,-0.1964567206925139,-0.017216374293775885,-0.021419748029345605
1.08,-0.18874364608621674,-0.021419748029345605,-0.025433729413547507
1.082,-0.18091863350920698,-0.025433729413547507,-0.02944020969416678
1.084,-0.17298800844511492,-0.02944020969416678,-0.03355845950410517
1.086,-0.16495821000406757,-0.03355845950410517,-0.037981122801079154
1.088,-0.15683578371887633,-0.037981122801079154,-0.041894264591168594
1.09,-0.14862737421932504,-0.041894264591168594,-0.04565889846450649
1.092,-0.14033971779296306,-0.04565889846450649,-0.04988378103064895
1.094,-0.1319796348409693,-0.04988378103064895,-0.054094759167091236
1.096,-0.12355402223773529,-0.054094759167091236,-0.05784220156643585
1.098,-0.11506984560296102,-0.05784220156643585,-0.06237799048556973
1.1,-0.10653413149513599,-0.06237799048556973,-0.06567344758802572
1.102,-0.09795395953537142,-0.06567344758802572,-0.06966926027737917
1.104,-0.08933645447064485,-0.06966926027737917,-0.07346922724745414
1.106,-0.08068877818556083,-0.07346922724745414,-0.07732268128890106
1.108,-0.0720181216718211,-0.07732268128890106,-0.08127879087746301
1.11,-0.06333169696462523,-0.08127879087746301,-0.08513203396187317
1.112,-0.054636729055259514,-0.08513203396187317,-0.08879038360159318
1.114,-0.045940447789186385,-0.08879038360159318,-0.09283519471541378
1.116,-0.037250079758919453,-0.09283519471541378,-0.09644688626949474
1.118,-0.028572840201019332,-0.09644688626949474,-0.0994381150385312
1.12,-0.019915924906512977,-0.0994381150385312,-0.10335015478959954
1.122,-0.011286502154024242,-0.10335015478959954,-0.10658958264816741
1.124,-0.0026917046749039553,-0.10658958264816741,-0.1102747739977164
1.1260000000000001,0.005861378340432315,-0.1102747739977164,-0.11398709868488606
1.1280000000000001,0.014365709185754819,-0.11398709868488606,-0.11741273882916836
1.1300000000000001,0.022814309522739606,-0.11741273882916836,-0.12056093042786888
1.1320000000000001,0.031200268196105815,-0.12056093042786888,-0.12421096610663704
1.1340000000000001,0.039516748971177296,-0.12421096610663704,-0.1275310703170828
1.1360000000000001,0.04775699818499324,-0.1275310703170828,-0.13042268853013148
1.1380000000000001,0.05591435230216782,-0.13042268853013148,-0.13360229307033433
1.1400000000000001,0.06398224536682046,-0.13360229307033433,-0.13673693906076798
1.1420000000000001,0.07195421634202304,-0.13673693906076798,-0.13991009822845848
1.1440000000000001,0.0798239163283179,-0.13991009822845848,-0.1428681523833884
1.1460000000000001,0.08758511565303315,-0.1428681523833884,-0.14551189516957289
1.1480000000000001,0.09523171082223345,-0.14551189516957289,-0.1484218184554572
1.1500000000000001,0.10275773132733255,-0.1484218184554572,-0.1509942210090605
1.1520000000000001,0.11015734629855002,-0.1509942210090605,-0.15396583834816585
1.154,0.11742487099755876,-0.15396583834816585,-0.15691124825418828
1.156,0.12455477314188729,-0.15691124825418828,-0.15925542136581028
1.158,0.1315416790537864,-0.15925542136581028,-0.1621855790311469
1.16,0.13838037962652447,-0.1621855790311469,-0.1643465014011076
1.162,0.1450658361012504,-0.1643465014011076,-0.16656279031835913
1.164,0.15159318564778557,-0.16656279031835913,-0.16900001579863447
1.166,0.15795774674295046,-0.16900001579863447,-0.17165447005543993
1.168,0.16415502434024262,-0.17165447005543993,-0.17399963689843595
1.17,0.17018071482493236,-0.17399963689843595,-0.17594066496436003
1.172,0.17603071074889887,-0.17594066496436003,-0.17823031274758047
1.174,0.18170110533975972,-0.17823031274758047,-0.18042344156851028
1.176,0.18718819677913298,-0.18042344156851028,-0.1818399655408317
1.178,0.19248849224511622,-0.1818399655408317,-0.18421112531083253
1.18,0.19759871171434645,-0.18421112531083253,-0.18543239007698561
1.182,0.20251579151928883,-0.18543239007698561,-0.18742545371208139
1.184,0.2072368876566656,-0.18742545371208139,-0.18892438797832514
1.186,0.21175937884324347,-0.18892438797832514,-0.19077416343173595
1.188,0.2160808693154718,-0.19077416343173595,-0.19248992068809417
1.19,0.22019919136977034,-0.19248992068809417,-0.19362405910640015
1.192,0.2241124076405566,-0.19362405910640015,-0.19544383122796116
1.194,0.22781881311340882,-0.19544383122796116,-0.1965686173050306
1.196,0.23131693687106436,-0.1965686173050306,-0.19829870876212605
1.198,0.23460554357025867,-0.19829870876212605,-0.19917177419491017
1.2,0.2376836346477229,-0.19917177419491017,-0.20001402664563783
1.202,0.24055044925397032,-0.20001402664563783,-0.20126829156538467
1.204,0.243205464913808,-0.20126829156538467,-0.20242609243475035
1.206,0.2456483979128372,-0.20242609243475035,-0.2035084286972888
1.208,0.24787920340950859,-0.2035084286972888,-0.2039299807611518
1.21,0.24989807527262275,-0.2039299807611518,-0.2049321884250391
1.212,0.2517054456444782,-0.2049321884250391,-0.20566657606551078
1.214,0.2533019842301889,-0.20566657606551078,-0.2062167099074747
1.216,0.2546885973140001,-0.2062167099074747,-0.20702503751353685
1.218,0.25586642650375857,-0.20702503751353685,-0.20714282567327094
1.22,0.2568368472049942,-0.20714282567327094,-0.20785904305296632
1.222,0.2576014668263854,-0.20785904305296632,-0.20829810365619508
1.224,0.2581621227186955,-0.20829810365619508,-0.20848047329779876
1.226,0.2585208798495603,-0.20848047329779876,-0.20898533106131217
1.228,0.2586800282168281,-0.20898533106131217,-0.20873743206049344
1.23,0.2586420800034427,-0.20873743206049344,-0.20892638606208194
1.232,0.25840976647715597,-0.20892638606208194,-0.20918868645732835
1.234,0.2579860346386641,-0.20918868645732835,-0.20930091947506976
1.236,0.2573740436220333,-0.20930091947506976,-0.20843009463478074
1.238,0.2565771608515779,-0.20843009463478074,-0.20906067729464953
1.24,0.2555989579596335,-0.20906067729464953,-0.20852105898076878
1.242,0.2544432064699322,-0.20852105898076878,-0.2087100940311153
1.244,0.2531138732515753,-0.2087100940311153,-0.20803539368625984
1.246,0.25161511574884043,-0.20803539368625984,-0.20809017443673697
1.248,0.24995127699234007,-0.20809017443673697,-0.20784093360207095
1.25,0.24812688039728414,-0.20784093360207095,-0.20739168616291215
1.252,0.2461466243548484,-0.20739168616291215,-0.20687774898136416
1.254,0.24401537662289843,-0.20687774898136416,-0.20647211129563983
1.256,0.24173816852252922,-0.20647211129563983,-0.2057552212067774
1.258,0.2393201889471282,-0.2057552212067774,-0.20506443707743732
1.26,0.23676677819086583,-0.20506443707743732,-0.20459563571277448
1.262,0.23408342160373177,-0.20459563571277448,-0.20433492602210973
1.264,0.2312757430804459,-0.20433492602210973,-0.20330594334989102
1.266,0.22834949839073831,-0.20330594334989102,-0.20280087383329293
1.268,0.22531056835870558,-0.20280087383329293,-0.20212839440738242
1.27,0.22216495189910415,-0.20212839440738242,-0.20143238370369695
1.272,0.2189187589186029,-0.20143238370369695,-0.2007883323293841
1.274,0.2155782030902006,-0.2007883323293841,-0.2000903511306568
1.276,0.21214959450911833,-0.2000903511306568,-0.19915790739443254
1.278,0.20863933223865264,-0.19915790739443254,-0.19807352720903776
1.28,0.20505389675457747,-0.19807352720903776,-0.19744309185885658
1.282,0.20139984229680194,-0.19744309185885658,-0.1966004238160711
1.284,0.19768378913711454,-0.1966004238160711,-0.19565512224057166
1.286,0.19391241577191462,-0.19565512224057166,-0.1945820822772685
1.288,0.19009245104894476,-0.1945820822772685,-0.19397583974339122
1.29,0.18623066623709555,-0.19397583974339122,-0.1930168697568528
1.292,0.18233386704842086,-0.1930168697568528,-0.19182415023651647
1.294,0.1784088856215731,-0.19182415023651647,-0.19086716355891264
1.296,0.17446257247588498,-0.19086716355891264,-0.1898078388783662
1.298,0.17050178844539093,-0.1898078388783662,-0.18882065649334057
1.3,0.16653339660206803,-0.18882065649334057,-0.1872340083947173
1.302,0.1625642541776222,-0.1872340083947173,-0.18652602932471965
1.304,0.15860120449312834,-0.18652602932471965,-0.18536407428633894
1.306,0.1546510689058167,-0.18536407428633894,-0.18409543759108143
1.308,0.15072063878231068,-0.18409543759108143,-0.18307320418216808
1.31,0.14681666750754507,-0.18307320418216808,-0.18217796672766845
1.312,0.14294586253859587,-0.18217796672766845,-0.18081869761317632
1.314,0.13911487751257212,-0.18081869761317632,-0.18007658962782744
1.316,0.13533030441766553,-0.18007658962782744,-0.17872626412556142
1.318,0.13159866583639263,-0.17872626412556142,-0.17755437570945987
1.32,0.12792640726995863,-0.17755437570945987,-0.17632352297014076
1.322,0.12431988955260227,-0.17632352297014076,-0.1753744682987942
1.324,0.12078538136466212,-0.1753744682987942,-0.17392972591041186
1.326,0.11732905185298817,-0.17392972591041186,-0.1728625700556824
1.328,0.11395696336722247,-0.1728625700556824,-0.17141227991298574
1.33,0.11067506432030168,-0.17141227991298574,-0.17036941723678356
1.332,0.10748918218143054,-0.17036941723678356,-0.16892843940396488
1.334,0.10440501660959557,-0.16892843940396488,-0.16804240660549896
1.336,0.10142813273553082,-0.16804240660549896,-0.16683552819569533
1.338,0.09856395459989523,-0.16683552819569533,-0.16530319328815957
1.34,0.09581775875520808,-0.16530319328815957,-0.1643174758837151
1.342,0.09319466803893589,-0.1643174758837151,-0.16302287832095214
1.344,0.09069964552490242,-0.16302287832095214,-0.16215392957819827
1.346,0.08833748865999219,-0.16215392957819827,-0.1604910443019088
1.348,0.08611282359291994,-0.1604910443019088,-0.15923044137500295
1.35,0.08403009970159234,-0.15923044137500295,-0.15831053122548885
1.352,0.08209358432538236,-0.15831053122548885,-0.15673629473397444
1.354,0.0803073577083887,-0.15673629473397444,-0.15639778280653746
1.356,0.07867530815950738,-0.15639778280653746,-0.15475422907076747
1.358,0.07720112743490723,-0.15475422907076747,-0.15371667316368406
1.36,0.07588830634822413,-0.15371667316368406,-0.15270869182499341
1.362,0.07474013061354837,-0.15270869182499341,-0.15138398686463306
1.364,0.07375967692599425,-0.15138398686463306,-0.14992267770375287
1.366,0.07294980928437447,-0.14992267770375287,-0.14906775616185855
1.368,0.07231317556022829,-0.14906775616185855,-0.14793778921934905
1.37,0.07185220431715453,-0.14793778921934905,-0.14707994863300672
1.372,0.07156910188412963,-0.14707994863300672,-0.14591581283105884
1.374,0.07146584968618339,-0.14591581283105884,-0.14474059543903575
1.3760000000000001,0.07154420183551721,-0.14474059543903575,-0.14346439308073253
1.3780000000000001,0.07180568298584947,-0.14346439308073253,-0.14257102264354418
1.3800000000000001,0.07225158645246371,-0.14257102264354418,-0.14109772218725025
1.3820000000000001,0.0728829726001369,-0.14109772218725025,-0.1396874780353714
1.3840000000000001,0.07370066750081147,-0.1396874780353714,-0.13892782398716058
1.3860000000000001,0.07470526186256413,-0.13892782398716058,-0.13790000383516784
1.3880000000000001,0.07589711023111712,-0.13790000383516784,-0.13665039247881738
1.3900000000000001,0.0772763304648168,-0.13665039247881738,-0.13582933504587114
1.3920000000000001,0.0788428034836953,-0.13582933504587114,-0.135085892229858
1.3940000000000001,0.08059617329291108,-0.135085892229858,-0.1339439740721628
1.3960000000000001,0.08253584728055288,-0.1339439740721628,-0.13274455945855607
1.3980000000000001,0.08466099678946876,-0.13274455945855607,-0.13183299779028734
1.4000000000000001,0.08697055796247571,-0.13183299779028734,-0.1303927309123792
1.4020000000000001,0.08946323285998092,-0.1303927309123792,-0.12900666394805538
1.4040000000000001,0.09213749084873851,-0.12900666394805538,-0.1283857199926736
1.4060000000000001,0.09499157026015209,-0.1283857199926736,-0.12738120025318606
1.408,0.09802348031621938,-0.12738120025318606,-0.12608040119012184
1.41,0.10123100332091464,-0.12608040119012184,-0.12526330993193108
1.412,0.10461169711448798,-0.12526330993193108,-0.12416433914509056
1.414,0.10816289778786897,-0.12416433914509056,-0.12317709551129084
1.416,0.11188172265405771,-0.12317709551129084,-0.12225536943107598
1.418,0.11576507347308479,-0.12225536943107598,-0.12097877485273467
1.42,0.11980963992684324,-0.12097877485273467,-0.11989165553703487
1.422,0.1240119033397927,-0.11989165553703487,-0.11912164123385877
1.424,0.12836814064126267,-0.11912164123385877,-0.11815449266091362
1.426,0.132874428564804,-0.11815449266091362,-0.11677293797131887
1.428,0.13752664807975368,-0.11677293797131887,-0.11575260168015461
1.43,0.14232048904992745,-0.11575260168015461,-0.11452020281362142
1.432,0.1472514551140771,-0.11452020281362142,-0.11352883779247808
1.434,0.1523148687825025,-0.11352883779247808,-0.11264188115677744
1.436,0.15750587674396335,-0.11264188115677744,-0.1116689464510644
1.438,0.162819455376777,-0.1116689464510644,-0.11020857397314775
1.44,0.1682504164577779,-0.11020857397314775,-0.10936241696221857
1.442,0.1737934130625606,-0.10936241696221857,-0.10798974070681845
1.444,0.17944294565022606,-0.10798974070681845,-0.10708237281728439
1.446,0.18519336832563688,-0.10708237281728439,-0.10552046129508653
1.448,0.19103889527196605,-0.10552046129508653,-0.10471930405107224
1.45,0.1969736073461551,-0.10471930405107224,-0.10343343934868504
1.452,0.20299145882968253,-0.10343343934868504,-0.10206104705946589
1.454,0.20908628432688026,-0.10206104705946589,-0.10096733554724417
1.456,0.21525180580286962,-0.10096733554724417,-0.09937535456151
1.458,0.22148163975300555,-0.09937535456151,-0.0984018666142662
1.46,0.22776930449559718,-0.0984018666142662,-0.09730856107076648
1.462,0.23410822757950156,-0.09730856107076648,-0.09590752763365365
1.464,0.24049175329807235,-0.09590752763365365,-0.09487516049476596
1.466,0.24691315030082506,-0.09487516049476596,-0.0931069930121039
1.468,0.253365619294046,-0.0931069930121039,-0.09176256663586177
1.47,0.25984230082150234,-0.09176256663586177,-0.09039714282424754
1.472,0.266336283116286,-0.09039714282424754,-0.08861941827609497
1.474,0.2728406100147621,-0.08861941827609497,-0.08732329866479578
1.476,0.27934828892352237,-0.08732329866479578,-0.08634782584843533
1.478,0.28585229883015983,-0.08634782584843533,-0.08444219722436556
1.48,0.2923455983486668,-0.08444219722436556,-0.0828323499752815
1.482,0.29882113379018027,-0.0828323499752815,-0.08139074343167245
1.484,0.30527184724979606,-0.08139074343167245,-0.07956891551995385
1.486,0.3116906847001494,-0.07956891551995385,-0.07787362164167293
1.488,0.3180706040824345,-0.07787362164167293,-0.07587553013104813
1.49,0.32440458338556954,-0.07587553013104813,-0.07438571808779311
1.492,0.33068562870419344,-0.07438571808779311,-0.07264965972822451
1.494,0.3369067822662284,-0.07264965972822451,-0.0707456979188701
1.496,0.34306113042077463,-0.0707456979188701,-0.06877072518719202
1.498,0.3491418115771299,-0.06877072518719202,-0.0667044072398533
1.5,0.3551420240858145,-0.0667044072398533,-0.06480629360417212
1.502,0.36105503405251305,-0.06480629360417212,-0.06306062898234614
1.504,0.36687418307595787,-0.06306062898234614,-0.06064665245292138
1.506,0.372592895900834,-0.06064665245292138,-0.05890431014147666
1.508,0.3782046879769018,-0.05890431014147666,-0.05677494320972753
1.51,0.38370317291564454,-0.05677494320972753,-0.055016718700737134
1.512,0.3890820698358426,-0.055016718700737134,-0.05234758089627507
1.514,0.3943352105896369,-0.05234758089627507,-0.04966391467203047
1.516,0.3994565468607504,-0.04966391467203047,-0.047674351964507436
1.518,0.4044401571267018,-0.047674351964507436,-0.04552249543374537
1.52,0.4092802534770036,-0.04552249543374537,-0.04284836864687186
1.522,0.413971188279483,-0.04284836864687186,-0.040471347648642575
1.524,0.4185074606870659,-0.040471347648642575,-0.03799574435203513
1.526,0.42288372297752275,-0.03799574435203513,-0.03514899910896796
1.528,0.4270947867188829,-0.03514899910896796,-0.03286001919333283
1.53,0.43113562875342254,-0.03286001919333283,-0.030224982382625193
1.532,0.4350013969933292,-0.030224982382625193,-0.027618767541460882
1.534,0.43868741602138017,-0.027618767541460882,-0.025061095273575276
1.536,0.4421891924901788,-0.025061095273575276,-0.021593009840672504
1.538,0.44550242031373505,-0.021593009840672504,-0.019192595106579908
1.54,0.4486229856454178,-0.019192595106579908,-0.015876083482241274
1.542,0.4515469716365367,-0.015876083482241274,-0.0132855374518566
1.544,0.45427066297008567,-0.0132855374518566,-0.009644963923896474
1.546,0.45679055016441966,-0.009644963923896474,-0.006677541421896893
1.548,0.45910333364190964,-0.006677541421896893,-0.004124199655490139
1.55,0.46120592755789613,-0.004124199655490139,-0.0008295126670324459
1.552,0.4630954633855221,-0.0008295126670324459,0.0025820734398233442
1.554,0.4647692932523255,0.0025820734398233442,0.005573467192401811
1.556,0.4662249930247409,0.005573467192401811,0.009294594279734409
1.558,0.46746036513696027,0.009294594279734409,0.012525879324196769
1.56,0.46847344116089507,0.012525879324196769,0.01573289792110427
1.562,0.46926248411427346,0.01573289792110427,0.019412826039299776
1.564,0.4698259905042185,0.019412826039299776,0.02273597819871616
1.566,0.4701626921039461,0.02273597819871616,0.02724518882756434
1.568,0.47027155746053806,0.02724518882756434,0.03041795092294424
1.57,0.4701517931320488,0.03041795092294424,0.03402335303179084
1.572,0.46980284465251876,0.03402335303179084,0.037767526962242705
1.574,0.4692243972237793,0.037767526962242705,0.04161812597051517
1.576,0.4684163761332488,0.04161812597051517,0.04525967845474312
1.578,0.46737894689723447,0.04525967845474312,0.04946614656377283
1.58,0.4661125151295713,0.04946614656377283,0.05332117364442818
1.582,0.46461772613574326,0.05332117364442818,0.05745015165208361
1.584,0.46289546423295136,0.05745015165208361,0.061624427229065026
1.586,0.46094685179690414,0.061624427229065026,0.06539352399850908
1.588,0.45877324803642416,0.06539352399850908,0.06946955447055826
1.59,0.4563762474972757,0.06946955447055826,0.07342512746009311
1.592,0.45375767829693114,0.07342512746009311,0.07769242649165721
1.594,0.45091960009229937,0.07769242649165721,0.08158078710942261
1.596,0.447864301782755,0.08158078710942261,0.08645118457480667
1.598,0.44459429895110375,0.08645118457480667,0.09060660907106508
1.6,0.4411123310454217,0.09060660907106508,0.095075561022392
1.602,0.4374213583050124,0.095075561022392,0.09916701947027463
1.604,0.433524558434007,0.09916701947027463,0.10421690769568184
1.606,0.4294253230264358,0.10421690769568184,0.1079571588247162
1.608,0.42512725374687826,0.1079571588247162,0.11226508157032383
1.61,0.42063415827107725,0.11226508157032383,0.11731372959771003
1.612,0.4159500459911912,0.11731372959771003,0.12151993255454696
1.614,0.4110791234906135,0.12151993255454696,0.12646862190322175
1.616,0.4060257897935655,0.12646862190322175,0.13099872074183172
1.618,0.4007946313949245,0.13099872074183172,0.13547136045180003
1.62,0.39539041707599404,0.13547136045180003,0.14032655333888802
1.622,0.3898180925121881,0.14032655333888802,0.14502903890332314
1.624,0.38408277467881546,0.14502903890332314,0.14962222696412902
1.6260000000000001,0.37818974606140693,0.14962222696412902,0.15458272242338086
1.6280000000000001,0.37214444867723806,0.15458272242338086,0.15906680175673357
1.6300000000000001,0.3659524779149154,0.15906680175673357,0.16370594705734012
1.6320000000000001,0.3596195761991233,0.16370594705734012,0.16835162533316658
1.6340000000000001,0.35315162648779685,0.16835162533316658,0.17317369082732606
1.6360000000000001,0.3465546456092171,0.17317369082732606,0.17827136483129813
1.6380000000000001,0.3398347774466774,0.17827136483129813,0.1830812336176133
1.6400000000000001,0.33299828597855613,0.1830812336176133,0.18798742297072776
1.6420000000000001,0.32605154818181187,0.18798742297072776,0.19276188262834307
1.6440000000000001,0.3190010468070426,0.19276188262834307,0.19735184222613406
1.6460000000000001,0.31185336303343214,0.19735184222613406,0.2021724216499159
1.6480000000000001,0.3046151690120231,0.2021724216499159,0.20694389123723883
1.6500000000000001,0.2972932203058844,0.20694389123723883,0.2121265074595059
1.6520000000000001,0.2898943482358815,0.2121265074595059,0.21718315539357724
1.6540000000000001,0.28242545214083187,0.21718315539357724,0.222316274478964
1.6560000000000001,0.27489349156096143,0.222316274478964,0.22713886436920866
1.6580000000000001,0.26730547835364077,0.22713886436920866,0.23121546396315953
1.6600000000000001,0.25966846875046656,0.23121546396315953,0.23654234267388072
1.6620000000000001,0.25198955536482964,0.23654234267388072,0.2410792865051213
1.6640000000000001,0.24427585915914488,0.2410792865051213,0.24593468914547173
1.666,0.23653452138099854,0.24593468914547173,0.2506814812807339
1.668,0.22877269547746018,0.2506814812807339,0.2556857968440056
1.67,0.22099753899688557,0.2556857968440056,0.2608136450129093
1.672,0.21321620548749676,0.2608136450129093,0.26538829029919886
1.674,0.2054358364020625,0.26538829029919886,0.26978820517925556
1.676,0.19766355301799235,0.26978820517925556,0.27504234378168535
1.678,0.18990644838212936,0.27504234378168535,0.2801689961195098
1.68,0.18217157928949654,0.2801689961195098,0.284631676645153
1.682,0.1744659583052343,0.284631676645153,0.2890592099649602
1.684,0.16679654583888295,0.2890592099649602,0.29357422434338926
1.686,0.15917024228013715,0.29357422434338926,0.29821218608567057
1.688,0.15159388020510733,0.29821218608567057,0.3031240704217062
1.69,0.14407421666204012,0.3031240704217062,0.30750971224532525
1.692,0.13661792554538554,0.30750971224532525,0.31144748854844506
1.694,0.12923159006695323,0.31144748854844506,0.3166913689535237
1.696,0.1219216953328309,0.3166913689535237,0.3209855525806141
1.698,0.11469462103459122,0.3209855525806141,0.32555258079072874
1.7,0.10755663426318104,0.32555258079072874,0.33032831643989474
1.702,0.10051388245376815,0.33032831643989474,0.3344698478940688
1.704,0.0935723864696366,0.3344698478940688,0.338697764787191
1.706,0.08673803383309349,0.338697764787191,0.3429927114377867
1.708,0.08001657211116092,0.3429927114377867,0.3476793634245959
1.71,0.07341360246364863,0.3476793634245959,0.3520661717543492
1.712,0.066934573361035,0.3520661717543492,0.3559918818778127
1.714,0.06058477447935667,0.3559918818778127,0.3602823940997424
1.716,0.054369330779142855,0.3602823940997424,0.3642122035539344
1.718,0.048293196775174685,0.3642122035539344,0.36828574812716597
1.72,0.042361151003669745,0.36828574812716597,0.3725997404400929
1.722,0.03657779069324013,0.3725997404400929,0.37656955612052095
1.724,0.030947526645741574,0.37656955612052095,0.3802479800366742
1.726,0.025474578332903203,0.3802479800366742,0.38500648709501056
1.728,0.02016296921435612,0.38500648709501056,0.38840071007872806
1.73,0.015016522282446848,0.38840071007872806,0.39209293378927074
1.732,0.010038855838945954,0.39209293378927074,0.39599056414450284
1.734,0.0052333795084970325,0.39599056414450284,0.3996295528639394
1.736,0.0006032904933861716,0.3996295528639394,0.4036397860259211
1.738,-0.003848429926072816,0.4036397860259211,0.40713566605434287
1.74,-0.00811901964152581,0.40713566605434287,0.41048059591195984
1.742,-0.012205938713206688,0.41048059591195984,0.41394228806630495
1.744,-0.016106872109776293,0.41394228806630495,0.41753155883593057
1.746,-0.019819732188227496,0.41753155883593057,0.42114059543159527
1.748,-0.023342660911021024,0.42114059543159527,0.4242866794961608
1.75,-0.02667403179791028,0.4242866794961608,0.4275243628473895
1.752,-0.02981245161022472,0.4275243628473895,0.4311028786628323
1.754,-0.03275676176568856,0.4311028786628323,0.43445588151456643
1.756,-0.03550603948215805,0.43445588151456643,0.4375445650420449
1.758,-0.03805959864898015,0.4375445650420449,0.44069423111870853
1.76,-0.040416990424976484,0.44069423111870853,0.4440030850793018
1.762,-0.04257800356238867,0.4440030850793018,0.4468254147702911
1.764,-0.044542664456420134,0.4468254147702911,0.4499448384565422
1.766,-0.046311236920334925,0.4499448384565422,0.4526072746518717
1.768,-0.04788422168638726,0.4526072746518717,0.4558074605569876
1.77,-0.04926235563317097,0.4558074605569876,0.45825668445392315
1.772,-0.0504466107402943,0.45825668445392315,0.46173316579937557
1.774,-0.051438192771597044,0.46173316579937557,0.4644308459132577
1.776,-0.05223853968844329,0.4644308459132577,0.46690621298362184
1.778,-0.0528493197949286,0.46690621298362184,0.4691184704277636
1.78,-0.053272429617154615,0.4691184704277636,0.472093528162591
1.782,-0.053509991519029465,0.472093528162591,0.47447579517246713
1.784,-0.053564351057344375,0.47447579517246713,0.4770162383307435
1.786,-0.0534380740792019,0.4770162383307435,0.4796756141017048
1.788,-0.053133943565137925,0.4796756141017048,0.48209920255632266
1.79,-0.052654956221596674,0.48209920255632266,0.4840844227474778
1.792,-0.05200431882669328,0.4840844227474778,0.4867114408243848
1.794,-0.051185444333483474,0.4867114408243848,0.48883581649825436
1.796,-0.050201947735249206,0.48883581649825436,0.4908548452260366
1.798,-0.04905764169756603,0.4908548452260366,0.49313624158729646
1.8,-0.04775653196220386,0.49313624158729646,0.4952113065593629
1.802,-0.04630281252816533,0.4952113065593629,0.4974037049295622
1.804,-0.04470086061542175,0.4974037049295622,0.49973503061802094
1.806,-0.04295523141716416,0.49973503061802094,0.5011972446124586
1.808,-0.041070652646623185,0.5011972446124586,0.5033954732408444
1.81,-0.03905201888475375,0.5033954732408444,0.5057626528187396
1.812,-0.03690438573530694,0.5057626528187396,0.5073400125008981
1.814,-0.03463296379402682,0.5073400125008981,0.509355221338572
1.816,-0.03224311243894354,0.509355221338572,0.5110131266958635
1.818,-0.029740333448911582,0.5110131266958635,0.5123132647859472
1.82,-0.027130264457767395,0.5123132647859472,0.5147116376767473
1.822,-0.024418672251655962,0.5147116376767473,0.5164130458922371
1.824,-0.021611445917244565,0.5164130458922371,0.517394513272659
1.826,-0.018714589848751337,0.517394513272659,0.5193473242144085
1.828,-0.015734216621830575,0.5193473242144085,0.52120884997144
1.83,-0.01267653974255064,0.52120884997144,0.5228233250624889
1.832,-0.009547866279822168,0.5228233250624889,0.5241432416827398
1.834,-0.006354589389767462,0.5241432416827398,0.5254884606861608
1.836,-0.003103180740667906,0.5254884606861608,0.5266767421260683
1.838,0.00019981715279244333,0.5266767421260683,0.528590806981706
1.84,0.003547798677131467,0.528590806981706,0.5299893063071703
1.842,0.006934102940593125,0.5299893063071703,0.5315220696181203
1.844,0.010352021657575865,0.5315220696181203,0.533049160135435
1.846,0.01379480708786476,0.533049160135435,0.5339319560968335
1.848,0.017255680021520368,0.5339319560968335,0.5358147264272275
1.85,0.020727837800208374,0.5358147264272275,0.5367007061494952
1.852,0.024204462365722917,0.5367007061494952,0.5382847591702783
1.854,0.02767872832642939,0.5382847591702783,0.5394911287432165
1.856,0.031143811032308545,0.5394911287432165,0.5406481289804583
1.858,0.03459289464930923,0.5406481289804583,0.5420398609059887
1.86,0.03801918022368268,0.5420398609059887,0.5431894770237196
1.862,0.04141589372700498,0.5431894770237196,0.5447346508536389
1.864,0.04477629407261681,0.5447346508536389,0.5459024753100277
1.866,0.04809368109422058,0.5459024753100277,0.5465405902044377
1.868,0.051361403477449705,0.5465405902044377,0.5478045782620099
1.87,0.05457286663525555,0.5478045782620099,0.5492462362105931
1.872,0.05772154051802539,0.5492462362105931,0.5504517671638688
1.874,0.06080096734943867,0.5504517671638688,0.5517868180157269
1.8760000000000001,0.06380476927912132,0.5517868180157269,0.5525500319987685
1.8780000000000001,0.06672665594329175,0.5525500319987685,0.553628896104941
1.8800000000000001,0.06956043192465945,0.553628896104941,0.5551348656525467
1.8820000000000001,0.07230000410299081,0.5551348656525467,0.5562528080506711
1.8840000000000001,0.0749393888878491,0.5562528080506711,0.5572794446955925
1.8860000000000001,0.07747271932517241,0.5572794446955925,0.5580794429684339
1.8880000000000001,0.0798942520694979,0.5580794429684339,0.5593328544958238
1.8900000000000001,0.08219837421377565,0.5593328544958238,0.5605787375486866
1.8920000000000001,0.08437960996891118,0.5605787375486866,0.5610153994055573
1.8940000000000001,0.08643262718531106,0.5610153994055573,0.5622666871508933
1.8960000000000001,0.08835224370893127,0.5622666871508933,0.563238031954869
1.8980000000000001,0.09013343356447201,0.563238031954869,0.5647768760022374
1.9000000000000001,0.09177133295860011,0.5647768760022374,0.5659780780858052
1.9020000000000001,0.09326124609626715,0.5659780780858052,0.5669654550889568
1.9040000000000001,0.09459865080340674,0.5669654550889568,0.5682570100834828
1.9060000000000001,0.09577920394953558,0.5682570100834828,0.568889164641409
1.9080000000000001,0.09679874666398164,0.568889164641409,0.5703077620812246
1.9100000000000001,0.09765330933973232,0.5703077620812246,0.5711847049421819
1.9120000000000001,0.0983391164191185,0.5711847049421819,0.5721527695375941
1.9140000000000001,0.09885259095581274,0.5721527695375941,0.5731760275640662
1.9160000000000001,0.09919035894787503,0.5731760275640662,0.574218697846894
1.9180000000000001,0.09934925343683405,0.574218697846894,0.5755362017630345
1.92,0.09932631836807769,0.5755362017630345,0.5766638462764015
1.922,0.09911881220808824,0.5766638462764015,0.5770979372245322
1.924,0.09872421131434056,0.5770979372245322,0.5783956398564517
1.926,0.09814021305397486,0.5783956398564517,0.5793616247354355
1.928,0.09736473866762545,0.5793616247354355,0.5808601704437062
1.93,0.09639593587510634,0.5808601704437062,0.581982987724214
1.932,0.09523218121992652,0.581982987724214,0.5827245833779089
1.934,0.09387208214992603,0.5827245833779089,0.5834293990622453
1.936,0.0923144788316199,0.5834293990622453,0.5852477893541651
1.938,0.09055844569614381,0.5852477893541651,0.5858228691692599
1.94,0.088603292715009,0.5858228691692599,0.5869883476571488
1.942,0.08644856640417706,0.5869883476571488,0.5882171261100556
1.944,0.08409405055528688,0.5882171261100556,0.5887754687965189
1.946,0.08153976669317141,0.5887754687965189,0.5903983271554106
1.948,0.07878597425912857,0.5903983271554106,0.5914677131123265
1.95,0.0758331705197102,0.5914677131123265,0.5921990603478108
1.952,0.07268209020112466,0.5921990603478108,0.5930592360306203
1.954,0.06933370484965548,0.5930592360306203,0.5946068279911791
1.956,0.06578922191881627,0.5946068279911791,0.5955130291402733
1.958,0.06205008358427824,0.5955130291402733,0.5965785073559583
1.96,0.05811796528791538,0.5965785073559583,0.5975493936789359
1.962,0.053994774012631225,0.5975493936789359,0.5983969678400869
1.964,0.04968264628993492,0.5983969678400869,0.5995536138460487
1.966,0.045183945942545115,0.5995536138460487,0.6009952455986741
1.968,0.040501261564603874,0.6009952455986741,0.6020521008431474
1.97,0.0356374037423868,0.6020521008431474,0.6026055268144163
1.972,0.03059540201869157,0.6026055268144163,0.6036030401516045
1.974,0.025378501604384623,0.6036030401516045,0.6045217928462436
1.976,0.019990159840875044,0.6045217928462436,0.6055902160711419
1.978,0.014434042417575621,0.6055902160711419,0.6061484259519136
1.98,0.008714019348681629,0.6061484259519136,0.6075824983238209
1.982,0.0028341607138938907,0.6075824983238209,0.6081918126624493
1.984,-0.003201267832033783,0.6081918126624493,0.6088445079430785
1.986,-0.009387809775767364,0.6088445079430785,0.6102198729424407
1.988,-0.0157208226824663,0.6102198729424407,0.6107666144928301
1.99,-0.02219548334780269,0.6107666144928301,0.6116847793182855
1.992,-0.028806793158996175,0.6116847793182855,0.6122452450847826
1.994,-0.03554958365871405,0.6122452450847826,0.6133858251859349
1.996,-0.04241852230545187,0.6133858251859349,0.6136730964026188
1.998,-0.049408118423766884,0.6136730964026188,0.6144192948895539
2.0,-0.056512729337546294,0.6144192948895539,0.6150466417233355
2.0020000000000002,-0.06372656667924731,0.6150466417233355,0.6162277334349203
2.004,-0.07104370286786656,0.6162277334349203,0.6167529539537985
2.0060000000000002,-0.07845807774821546,0.6167529539537985,0.617311907967872
2.008,-0.08596350538382977,0.617311907967872,0.6179751738677813
2.0100000000000002,-0.09355368099576314,0.6179751738677813,0.6183907679468814
2.012,-0.10122218803923973,0.6183907679468814,0.6188355164650341
2.0140000000000002,-0.10896250541008491,0.6188355164650341,0.6193359550203921
2.016,-0.11676801477258973,0.6193359550203921,0.6198104768232972
2.0180000000000002,-0.12463200800046395,0.6198104768232972,0.6201278022774197
2.02,-0.13254769472225483,0.6201278022774197,0.620442739520389
2.0220000000000002,-0.14050820996261337,0.620442739520389,0.6207656820686044
2.024,-0.14850662187058206,0.6207656820686044,0.6215790525964495
2.0260000000000002,-0.15653593952607625,0.6215790525964495,0.6213192756248943
2.028,-0.16458912081551264,0.6213192756248943,0.6219670645186186
2.0300000000000002,-0.1726590803676127,0.6219670645186186,0.6218256377763582
2.032,-0.1807386975401912,0.6218256377763582,0.6222866865057763
2.0340000000000003,-0.18882082444880674,0.6222866865057763,0.6221072685695531
2.036,-0.19689829402798556,0.6221072685695531,0.6223264655267097
2.0380000000000003,-0.2049639281158183,0.6223264655267097,0.6218656492465986
2.04,-0.21301054555257667,0.6218656492465986,0.6219260230115867
2.0420000000000003,-0.22103097028408616,0.6219260230115867,0.6220451514113448
2.044,-0.22901803946049945,0.6220451514113448,0.6215731915557869
2.0460000000000003,-0.23696461152121448,0.6215731915557869,0.6217890454978726
2.048,-0.24486357425656666,0.6217890454978726,0.6216415301950252
2.05,-0.25270785283711455,0.6216415301950252,0.6213767971608154
2.052,-0.26049041780121823,0.6213767971608154,0.621335732515513
2.054,-0.26820429299176346,0.621335732515513,0.6208253152886815
2.056,-0.2758425634329076,0.6208253152886815,0.6203354027502702
2.058,-0.28339838313776633,0.6203354027502702,0.6200568047043896
2.06,-0.29086498283811574,0.6200568047043896,0.6195817416924889
2.062,-0.2982356776271516,0.6195817416924889,0.6188876290805942
2.064,-0.3055038745065981,0.6188876290805942,0.6182424708091058
2.066,-0.31266307982943026,0.6182424708091058,0.6178297914074158
2.068,-0.3197069066296865,0.6178297914074158,0.6170328238226231
2.07,-0.32662908183092754,0.6170328238226231,0.6165122408035089
2.072,-0.3334234533250777,0.6165122408035089,0.6157096968758453
2.074,-0.3400839969134789,0.6157096968758453,0.6151809652069454
2.076,-0.3466048231022132,0.6151809652069454,0.6140240252465764
2.078,-0.35298018374384743,0.6140240252465764,0.6130365088211545
2.08,-0.3592044785180113,0.6130365088211545,0.6125636785808493
2.082,-0.36527226124329815,0.6125636785808493,0.6113875411168883
2.084,-0.37117824601329763,0.6113875411168883,0.6100172289947507
2.086,-0.3769173131496607,0.6100172289947507,0.6092739987643363
2.088,-0.38248451496537694,0.6092739987643363,0.6080518874247848
2.09,-0.38787508133163145,0.6080518874247848,0.6065358028569773
2.092,-0.39308442504185315,0.6065358028569773,0.605490989275925
2.094,-0.398108146966776,0.605490989275925,0.6039723630808553
2.096,-0.40294204099460285,0.6039723630808553,0.6026016970101593
2.098,-0.40758209875057727,0.6026016970101593,0.6015996633711161
2.1,-0.4120245140905723,0.6015996633711161,0.599834051820596
2.102,-0.41626568736348374,0.599834051820596,0.5984821319893436
2.104,-0.420302229437586,0.5984821319893436,0.596653970658787
2.106,-0.4241309654861794,0.596653970658787,0.595024470640541
2.108,-0.4277489385282085,0.595024470640541,0.5928295889021381
2.11,-0.43115341271976904,0.5928295889021381,0.5914566152467218
2.112,-0.4343418763927359,0.5914566152467218,0.58934255433036
2.114,-0.4373120448370105,0.58934255433036,0.5875713759539251
2.116,-0.4400618628232037,0.5875713759539251,0.5855552350702738
2.118,-0.4425895068628485,0.5855552350702738,0.5833207655721345
2.12,-0.44489338720356586,0.5833207655721345,0.5811077111085697
2.122,-0.44697214955686926,0.5811077111085697,0.5792989678455728
2.124,-0.4488246765566569,0.5792989678455728,0.5768926187116887
2.126,-0.4504500889466931,0.5768926187116887,0.5746282977128935
2.128,-0.45184774649574155,0.5746282977128935,0.5722678036612112
2.13,-0.45301724863928816,0.5722678036612112,0.5696297639228418
2.132,-0.4539584348471331,0.5696297639228418,0.5675518436727166
2.134,-0.4546713847164305,0.5675518436727166,0.5646701744289342
2.136,-0.45515641779007776,0.5646701744289342,0.5621307600435109
2.138,-0.4554140931006705,0.5621307600435109,0.5592590686296977
2.14,-0.4554452084405539,0.5592590686296977,0.5565319840693198
2.142,-0.45525079935881774,0.5565319840693198,0.5541704197964481
2.144,-0.45483213788639876,0.5541704197964481,0.5512675604043131
2.146,-0.4541907309907577,0.5512675604043131,0.5485378986530366
2.148,-0.4533283187619257,0.5485378986530366,0.545469712208984
2.15,-0.4522468723320048,0.545469712208984,0.5425590858326492
2.152,-0.4509485915305289,0.5425590858326492,0.5396597688941505
2.154,-0.44943590227838875,0.5396597688941505,0.5362349314948457
2.156,-0.4477114537233249,0.5362349314948457,0.5328645758798554
2.158,-0.44577811512029686,0.5328645758798554,0.5298533747602637
2.16,-0.4436389724603116,0.5298533747602637,0.5265609986155397
2.162,-0.44129732485161965,0.5265609986155397,0.5235113236073446
2.164,-0.4387566806574231,0.5235113236073446,0.5198032562149942
2.166,-0.4360207533945697,0.5198032562149942,0.5163071667649728
2.168,-0.4330934573979378,0.5163071667649728,0.5130283670080894
2.17,-0.4299789032555321,0.5130283670080894,0.5098101704568301
2.172,-0.42668139301952235,0.5098101704568301,0.5060124635871336
2.174,-0.4232054151987622,0.5060124635871336,0.5027432362721069
2.176,-0.419555639538547,0.5027432362721069,0.498899732619978
2.178,-0.4157369115936312,0.498899732619978,0.49527536543375855
2.18,-0.4117542471007363,0.49527536543375855,0.491538410121495
2.182,-0.40761282615706884,0.491538410121495,0.48808050407127634
2.184,-0.403317987211506,0.48808050407127634,0.4842032308997306
2.186,-0.3988752208754127,0.4842032308997306,0.4807207212192755
2.188,-0.3942901635601787,0.4807207212192755,0.4764240890172755
2.19,-0.3895685909488452,0.4764240890172755,0.47260043586635625
2.192,-0.38471641130929357,0.47260043586635625,0.4687193735264431
2.194,-0.3797396586567313,0.4687193735264431,0.46525984164291334
2.196,-0.3746444857733314,0.46525984164291334,0.4609507805715051
2.198,-0.3694371570930723,0.4609507805715051,0.45699638980980906
2.2,-0.3641240414599489,0.45699638980980906,0.4532684132025392
2.202,-0.3587116047679383,0.4532684132025392,0.44872697833017994
2.204,-0.35320640249113483,0.44872697833017994,0.4448585769352512
2.206,-0.34761507211271336,0.4448585769352512,0.4409004631720226
2.208,-0.3419443254613829,0.4409004631720226,0.4367555788402265
2.21,-0.3362009409642125,0.4367555788402265,0.43276815276813657
2.212,-0.33039175582468777,0.43276815276813657,0.4284660492856114
2.214,-0.3245236581350514,0.4284660492856114,0.42377932520534034
2.216,-0.31860357893198166,0.42377932520534034,0.42019779627584314
2.218,-0.312638484204771,0.42019779627584314,0.41595456226441185
2.22,-0.30663536686517673,0.41595456226441185,0.41159075017913355
2.222,-0.30060123868824007,0.41159075017913355,0.40747593780671526
2.224,-0.294543122233285,0.40747593780671526,0.40328672452006287
2.226,-0.2884680427544603,0.40328672452006287,0.3994956212798115
2.228,-0.28238302011007876,0.3994956212798115,0.3949829180351672
2.23,-0.27629506068012943,0.3949829180351672,0.39088966995471014
2.232,-0.27021114930120105,0.39088966995471014,0.38622032878789714
2.234,-0.26413824122815244,0.38622032878789714,0.3822641370977021
2.236,-0.2580832541317533,0.3822641370977021,0.3783487073680145
2.238,-0.25205306014152495,0.3783487073680145,0.37373293938230123
2.24,-0.2460544779429092,0.37373293938230123,0.36992523042474973
2.242,-0.24009426493791458,0.36992523042474973,0.36560020596797355
2.244,-0.23417910947819914,0.36560020596797355,0.3615749943613855
2.246,-0.22831562317958745,0.3615749943613855,0.35707130657225405
2.248,-0.22251033332681522,0.35707130657225405,0.3530947008273367
2.25,-0.21676967537729944,0.3530947008273367,0.3488893020810879
2.2520000000000002,-0.21109998557250226,0.3488893020810879,0.3445490117646342
2.254,-0.20550749366543922,0.3445490117646342,0.3402104084766203
2.2560000000000002,-0.19999831577267438,0.3402104084766203,0.3361377058183109
2.258,-0.19457844735904645,0.3361377058183109,0.3315627406068605
2.2600000000000002,-0.1892537563631705,0.3315627406068605,0.3280979454798298
2.262,-0.1840299764716748,0.3280979454798298,0.32370616882248104
2.2640000000000002,-0.17891270054985303,0.32370616882248104,0.3198761081590988
2.266,-0.17390737423634697,0.3198761081590988,0.3156599961448488
2.2680000000000002,-0.16901928970918156,0.3156599961448488,0.31148072908316893
2.27,-0.16425357963037387,0.31148072908316893,0.30736678898167535
2.2720000000000002,-0.15961521127603495,0.30736678898167535,0.30367802771501473
2.274,-0.1551089808587566,0.30367802771501473,0.2990648644431887
2.2760000000000002,-0.15073950804879352,0.2990648644431887,0.29521351169800364
2.278,-0.1465112307003579,0.29521351169800364,0.29132581068215696
2.2800000000000002,-0.14242839978907226,0.29132581068215696,0.2873245938599285
2.282,-0.13849507456644025,0.2873245938599285,0.2831732471914426
2.2840000000000003,-0.1347151179368659,0.2831732471914426,0.27963338885614253
2.286,-0.13109219206257922,0.27963338885614253,0.2758507116262768
2.2880000000000003,-0.12762975420148723,0.2758507116262768,0.27142500723833
2.29,-0.12433105278277451,0.27142500723833,0.26751525311392416
2.2920000000000003,-0.12119912372472891,0.26751525311392416,0.26434403913111204
2.294,-0.1182367869990551,0.26434403913111204,0.26046804719012306
2.2960000000000003,-0.11544664344561101,0.26046804719012306,0.2564543096361449
2.298,-0.11283107184123639,0.2564543096361449,0.25287580933457654
2.3000000000000003,-0.11039222622603256,0.25287580933457654,0.24897135696830414
2.302,-0.1081320334901848,0.24897135696830414,0.24515055574946104
2.3040000000000003,-0.10605219122407483,0.24515055574946104,0.24137639374182443
2.306,-0.10415416583417814,0.24137639374182443,0.2380762963420768
2.308,-0.10243919092688714,0.2380762963420768,0.23436660163809456
2.31,-0.10090826596213373,0.23436660163809456,0.2304112858170213
2.312,-0.09956215517834402,0.2304112858170213,0.22690000867540672
2.314,-0.09840138678995564,0.22690000867540672,0.22355554759495966
2.316,-0.09742625245842806,0.22355554759495966,0.22019414440880639
2.318,-0.09663680703733138,0.22019414440880639,0.21633153127751942
2.32,-0.0960328685918172,0.21633153127751942,0.21275238897614138
2.322,-0.09561401869242864,0.21275238897614138,0.20969486680459118
2.324,-0.09537960298291598,0.20969486680459118,0.20621236902232762
2.326,-0.0953287320213913,0.20621236902232762,0.20296764584216356
2.328,-0.0954602823938483,0.20296764584216356,0.19958285767259684
2.33,-0.09577289809875994,0.19958285767259684,0.19613273055902314
2.332,-0.09626499220115048,0.19613273055902314,0.1929326931655886
2.334,-0.09693474875423594,0.1929326931655886,0.18963902069845232
2.336,-0.09778012498640593,0.18963902069845232,0.18654181207266696
2.338,-0.09879885375102831,0.18654181207266696,0.18309379316689822
2.34,-0.09998844623624892,0.18309379316689822,0.18018589504726876
2.342,-0.10134619493165295,0.18018589504726876,0.1766584533084058
2.344,-0.10286917684837246,0.1766584533084058,0.17345692506749122
2.346,-0.10455425698892507,0.17345692506749122,0.1703144299176746
2.348,-0.10639809206277484,0.1703144299176746,0.16697379333032022
2.35,-0.10839713444333807,0.16697379333032022,0.16451544119497283
2.352,-0.11054763636186232,0.16451544119497283,0.16093856511232188
2.354,-0.11284565433335836,0.16093856511232188,0.1580016964768232
2.356,-0.11528705380945664,0.1580016964768232,0.15509940548400783
2.358,-0.11786751405284934,0.15509940548400783,0.15226924324062086
2.36,-0.12058253322768422,0.15226924324062086,0.1488353306392371
2.362,-0.1234274337000405,0.1488353306392371,0.1463821242626756
2.364,-0.12639736754238423,0.1463821242626756,0.143222731645244
2.366,-0.1294873222356544,0.143222731645244,0.14024220379306504
2.368,-0.13269212656240437,0.14024220379306504,0.13699159989233864
2.37,-0.13600645668420885,0.13699159989233864,0.13458107428386049
2.372,-0.13942484239632427,0.13458107428386049,0.1317984633043257
2.374,-0.1429416735524153,0.1317984633043257,0.12883144271664304
2.376,-0.14655120665189986,0.12883144271664304,0.12539591210163764
2.378,-0.1502475715823711,0.12539591210163764,0.12286634026090455
2.38,-0.1540247785092817,0.12286634026090455,0.12001436331757329
2.382,-0.15787672490498378,0.12001436331757329,0.11664189845171892
2.384,-0.16179720270898768,0.11664189845171892,0.11459602420096551
2.386,-0.16577990561122466,0.11459602420096551,0.11139386001280513
2.388,-0.16981843644989306,0.11139386001280513,0.10869199405871015
2.39,-0.1739063147153679,0.10869199405871015,0.10588084500034066
2.392,-0.1780369841515273,0.10588084500034066,0.10321230599539558
2.394,-0.18220382044574923,0.10321230599539558,0.10028344560599443
2.396,-0.18640013899867278,0.10028344560599443,0.0972821339802393
2.398,-0.19061920276482955,0.0972821339802393,0.09456996441521666
2.4,-0.19485423015505018,0.09456996441521666,0.09156653126816955
2.402,-0.19909840299159015,0.09156653126816955,0.08891171667004899
2.404,-0.2033448745067545,0.08891171667004899,0.08626651357293441
2.406,-0.20758677737585163,0.08626651357293441,0.08344433653166441
2.408,-0.21181723177518683,0.08344433653166441,0.08040582492891588
2.41,-0.2160293534558145,0.08040582492891588,0.07770296297374636
2.412,-0.22021626182374746,0.07770296297374636,0.07498922642236404
2.414,-0.224371088017323,0.07498922642236404,0.07228602844207763
2.416,-0.2284869829723728,0.07228602844207763,0.0694362436703756
2.418,-0.23255712546596255,0.0694362436703756,0.06649496679277173
2.42,-0.2365747301293691,0.06649496679277173,0.06386113410281326
2.422,-0.24053305542111564,0.06386113410281326,0.060715475339169746
2.424,-0.24442541155081338,0.060715475339169746,0.057821858254010566
2.426,-0.24824516834473867,0.057821858254010566,0.05491912404359564
2.428,-0.25198576304403525,0.05491912404359564,0.05204517186496969
2.43,-0.2556407080265648,0.05204517186496969,0.049316619255548456
2.432,-0.2592035984435105,0.049316619255548456,0.046225302322151975
2.434,-0.26266811976193105,0.046225302322151975,0.04317203809152026
2.436,-0.2660280552045468,0.04317203809152026,0.0403854384589334
2.438,-0.26927729307822224,0.0403854384589334,0.03768897264645168
2.44,-0.2724098339826486,0.03768897264645168,0.034676783723822935
2.442,-0.2754197978909647,0.034676783723822935,0.031637105993440356
2.444,-0.278301431094097,0.031637105993440356,0.028503488222629762
2.446,-0.28104911300086655,0.028503488222629762,0.025727668666700163
2.448,-0.2836573627859862,0.025727668666700163,0.022354158604630338
2.45,-0.28612084587828746,0.022354158604630338,0.019625522650836676
2.452,-0.28843438028170654,0.019625522650836676,0.016438819335069976
2.454,-0.29059294272173325,0.016438819335069976,0.013315521105146557
2.456,-0.2925916746102234,0.013315521105146557,0.010032328713435098
2.458,-0.2944258878217144,0.010032328713435098,0.007118408345648553
2.46,-0.2960910702745623,0.007118408345648553,0.004116516130104855
2.462,-0.29758289131048077,0.004116516130104855,0.0007605953552324198
2.464,-0.29889720686624677,0.0007605953552324198,-0.002267487411020163
2.466,-0.30003006443164126,-0.002267487411020163,-0.005449792517483439
2.468,-0.30097770778787414,-0.005449792517483439,-0.008928456129863932
2.47,-0.30173658152103755,-0.008928456129863932,-0.012218294655670318
2.472,-0.30230333530537795,-0.012218294655670318,-0.015434080252251535
2.474,-0.30267482795143796,-0.015434080252251535,-0.01843835056712542
2.476,-0.3028481312143936,-0.01843835056712542,-0.02186005042940359
2.478,-0.3028205333581898,-0.02186005042940359,-0.024787030429858536
2.48,-0.3025895424713595,-0.024787030429858536,-0.02831264724095325
2.482,-0.30215288953068725,-0.02831264724095325,-0.031698868810419285
2.484,-0.3015085312091804,-0.031698868810419285,-0.035065579902687015
2.486,-0.30065465242510325,-0.035065579902687015,-0.03819761706355942
2.488,-0.29958966862911734,-0.03819761706355942,-0.04148269475080879
2.49,-0.29831222782688627,-0.04148269475080879,-0.04529625596663482
2.492,-0.2968212123347977,-0.04529625596663482,-0.04843343476147737
2.494,-0.29511574026676834,-0.04843343476147737,-0.05170213343249343
2.496,-0.293195166750407,-0.05170213343249343,-0.05512507161370872
2.498,-0.2910590848711093,-0.05512507161370872,-0.058880774487666744
2.5,-0.2887073263430024,-0.058880774487666744,-0.06241589295160119
2.5020000000000002,-0.2861399619059249,-0.06241589295160119,-0.06598206088277644
2.504,-0.28335730144799665,-0.06598206088277644,-0.06955795094921054
2.5060000000000002,-0.2803598938535997,-0.06955795094921054,-0.07332017661915581
2.508,-0.27714852657694267,-0.07332017661915581,-0.07629826179631446
2.5100000000000002,-0.2737242249416771,-0.07629826179631446,-0.08007282863795906
2.512,-0.270088251167361,-0.08007282863795906,-0.0836402728190813
2.5140000000000002,-0.2662421031238643,-0.0836402728190813,-0.08704778610498569
2.516,-0.26218751281515495,-0.08704778610498569,-0.09048474176343109
2.5180000000000002,-0.2579264445941612,-0.09048474176343109,-0.09453330228613915
2.52,-0.2534610931107909,-0.09453330228613915,-0.09810984884872846
2.5220000000000002,-0.2487938809954069,-0.09810984884872846,-0.10127205844655934
2.524,-0.2439274562804593,-0.10127205844655934,-0.10519832370747242
2.5260000000000002,-0.23886468956317508,-0.10519832370747242,-0.10850576407097214
2.528,-0.23360867091259835,-0.10850576407097214,-0.11202111394323926
2.5300000000000002,-0.2281627065244961,-0.11202111394323926,-0.11553644839942494
2.532,-0.22253031512798063,-0.11553644839942494,-0.11941686513461132
2.5340000000000003,-0.2167152241479517,-0.11941686513461132,-0.12284734058265549
2.536,-0.21072136562778512,-0.12284734058265549,-0.12661327645602272
2.5380000000000003,-0.20455287191690952,-0.12661327645602272,-0.1303313018183121
2.54,-0.1982140711282607,-0.1303313018183121,-0.1335292833088137
2.5420000000000003,-0.19170948237077393,-0.1335292833088137,-0.13751349252524517
2.544,-0.18504381076245055,-0.13751349252524517,-0.14078837724888743
2.5460000000000003,-0.17822194222965015,-0.14078837724888743,-0.14481476045850536
2.548,-0.1712489380986445,-0.14481476045850536,-0.14808854599240456
2.5500000000000003,-0.16413002948558975,-0.14808854599240456,-0.15173389015704888
2.552,-0.15687061149140072,-0.15173389015704888,-0.15522838901573552
2.5540000000000003,-0.14947623720814815,-0.15522838901573552,-0.15872698857740672
2.556,-0.14195261154391314,-0.15872698857740672,-0.1623712058891352
2.5580000000000003,-0.13430558487313587,-0.1623712058891352,-0.16534705289993268
2.56,-0.12654114651979997,-0.16534705289993268,-0.16910245410035
2.562,-0.11866541808088986,-0.16910245410035,-0.172323464092138
2.564,-0.11068464659784012,-0.172323464092138,-0.17611770415453873
2.566,-0.10260519758377976,-0.17611770415453873,-0.17915618745019044
2.568,-0.09443354791458564,-0.17915618745019044,-0.1825506405747937
2.57,-0.08617627859194804,-0.1825506405747937,-0.18593834209527113
2.572,-0.07784006738670221,-0.18593834209527113,-0.1891858768113064
2.574,-0.06943168137093612,-0.1891858768113064,-0.19256280182502428
2.576,-0.06095796934740445,-0.19256280182502428,-0.19559156137198255
2.578,-0.05242585418499217,-0.19559156137198255,-0.19903766473294246
2.58,-0.04384232506898079,-0.19903766473294246,-0.20266063295361073
2.582,-0.035214429675075556,-0.20266063295361073,-0.20589622255815282
2.584,-0.02654926627614304,-0.20589622255815282,-0.20902547458637943
2.586,-0.017853975790755906,-0.20902547458637943,-0.21206071637147192
2.588,-0.009135733782647808,-0.21206071637147192,-0.2152671355061775
2.59,-0.0004017424203232216,-0.2152671355061775,-0.21832467365137007
2.592,0.008340777594004355,-0.21832467365137007,-0.2209725495482556
2.594,0.017084595116810774,-0.2209725495482556,-0.22430244626202203
2.596,0.025822476667757957,-0.22430244626202203,-0.2269902850108272
2.598,0.03454719453690401,-0.2269902850108272,-0.2294353699450319
2.6,0.0432515348853991,-0.2294353699450319,-0.23232237234856165
2.602,0.051928305830276855,-0.23232237234856165,-0.23548853254829988
2.604,0.060570345504114206,-0.23548853254829988,-0.23815295391848304
2.606,0.0691705300802514,-0.23815295391848304,-0.2407477353114845
2.608,0.07772178175440245,-0.2407477353114845,-0.24391606139697572
2.61,0.0862170766734226,-0.24391606139697572,-0.2461321748844983
2.612,0.09464945280219034,-0.2461321748844983,-0.24846936636263342
2.614,0.10301201771950474,-0.24846936636263342,-0.25095364012503973
2.616,0.11129795633409924,-0.25095364012503973,-0.25314516695109185
2.618,0.11950053851183667,-0.25314516695109185,-0.25578074040469007
2.62,0.12761312660540708,-0.25578074040469007,-0.2578394357184256
2.622,0.1356291828777979,-0.2578394357184256,-0.2601420227722295
2.624,0.14354227681106946,-0.2601420227722295,-0.2622518887114704
2.626,0.15134609229198961,-0.2622518887114704,-0.264892712441356
2.628,0.15903443466633138,-0.264892712441356,-0.2666543882062911
2.63,0.1666012376536557,-0.2666543882062911,-0.26847404375413086
2.632,0.17404057011471374,-0.26847404375413086,-0.2702534325818008
2.634,0.1813466426636329,-0.2702534325818008,-0.2725793774395338
2.636,0.18851381411734108,-0.2725793774395338,-0.2742143049599234
2.638,0.19553659777477306,-0.2742143049599234,-0.27595905797816045
2.64,0.2024096675187012,-0.27595905797816045,-0.2777611522145245
2.642,0.20912786373313275,-0.2777611522145245,-0.2791229356920143
2.644,0.21568619902952124,-0.2791229356920143,-0.2808231112908556
2.646,0.2220798637751769,-0.2808231112908556,-0.28187754769642615
2.648,0.22830423141757927,-0.28187754769642615,-0.2839006309981672
2.65,0.23435486359841334,-0.2839006309981672,-0.2849780275328289
2.652,0.24022751505153306,-0.2849780275328289,-0.2861316252701027
2.654,0.24591813827916326,-0.2861316252701027,-0.2870917701192641
2.656,0.25142288800102747,-0.2870917701192641,-0.2881239659001707
2.658,0.2567381253712523,-0.2881239659001707,-0.28966634661213336
2.66,0.2618604219582484,-0.28966634661213336,-0.29017494571593727
2.662,0.2667865634829749,-0.29017494571593727,-0.29124087371325935
2.664,0.2715135533113182,-0.29124087371325935,-0.29200657038004163
2.666,0.27603861569656374,-0.29200657038004163,-0.292548860254789
2.668,0.2803591987682736,-0.292548860254789,-0.29326298333890993
2.67,0.28447297726410226,-0.29326298333890993,-0.2939511678907295
2.672,0.2883778550014713,-0.2939511678907295,-0.29419136240503235
2.674,0.2920719670862282,-0.29419136240503235,-0.2946474340528776
2.676,0.29555368185579795,-0.2946474340528776,-0.2950128837629521
2.678,0.29882160255458257,-0.2950128837629521,-0.2954311612845848
2.68,0.30187456873971086,-0.2954311612845848,-0.295287325375768
2.682,0.3047116574155269,-0.295287325375768,-0.2959010881199767
2.684,0.30733218389553346,-0.2959010881199767,-0.29619843355241227
2.686,0.3097357023908029,-0.29619843355241227,-0.2959842280093291
2.688,0.3119220063242141,-0.2959842280093291,-0.2960518004166388
2.69,0.31389112837014066,-0.2960518004166388,-0.2956477365503663
2.692,0.3156433402195909,-0.2956477365503663,-0.2956203091745575
2.694,0.31717915207105596,-0.2956203091745575,-0.29533380476698606
2.696,0.31849931184769287,-0.29533380476698606,-0.29511214993902996
2.698,0.31960480414173925,-0.29511214993902996,-0.2947705336476415
2.7,0.32049684888740126,-0.2947705336476415,-0.2941247297150324
2.702,0.3211768997637531,-0.2941247297150324,-0.2940739489452593
2.704,0.32164664232950174,-0.2940739489452593,-0.2931335765870735
2.706,0.3219079918917808,-0.2931335765870735,-0.2931585689702704
2.708,0.32196309111143684,-0.2931585689702704,-0.2922680294177347
2.71,0.32181430734758426,-0.2922680294177347,-0.2915031194721867
2.712,0.32146422974449973,-0.2915031194721867,-0.2905766291162785
2.714,0.3209156660642183,-0.2905766291162785,-0.29002842514033256
2.716,0.3201716392684978,-0.29002842514033256,-0.2890288872770338
2.718,0.31923538385409994,-0.2890288872770338,-0.28828658070260227
2.72,0.31811034194561655,-0.28828658070260227,-0.28715278361362456
2.722,0.3168001591503545,-0.28715278361362456,-0.2864590879636262
2.724,0.3153086801800675,-0.2864590879636262,-0.2849983483767402
2.726,0.3136399442445895,-0.2849983483767402,-0.2843779094352977
2.728,0.3117981802226708,-0.2843779094352977,-0.28350822117062285
2.73,0.3097878016156212,-0.28350822117062285,-0.28215374664412135
2.732,0.3076134012895446,-0.28215374664412135,-0.28080892364163285
2.734,0.30527974601226243,-0.28080892364163285,-0.2799840608935271
2.736,0.30279177079120506,-0.2799840608935271,-0.27847416575104816
2.738,0.3001545730188243,-0.27847416575104816,-0.2772552661470094
2.74,0.29737340643225746,-0.2772552661470094,-0.27565324978510003
2.742,0.2944536748942231,-0.27565324978510003,-0.27438190172337473
2.744,0.29140092600231676,-0.27438190172337473,-0.2728940298504841
2.746,0.2882208445340818,-0.2728940298504841,-0.271423307933305
2.748,0.28491924573539024,-0.271423307933305,-0.26991668649901246
2.75,0.28150206845991754,-0.26991668649901246,-0.26847682076208323
2.7520000000000002,0.27797536816756524,-0.26847682076208323,-0.26673997094748925
2.754,0.27434530978995636,-0.26673997094748925,-0.2656313618199237
2.7560000000000002,0.2706181604711811,-0.2656313618199237,-0.26379012476811686
2.758,0.26680028219220886,-0.26379012476811686,-0.2618588218811776
2.7600000000000002,0.26289812428742615,-0.2618588218811776,-0.2602012633034791
2.762,0.25891821586195146,-0.2602012633034791,-0.2583942163656069
2.7640000000000002,0.2548671581184664,-0.2583942163656069,-0.256557612715174
2.766,0.2507516166024008,-0.256557612715174,-0.2551319263217386
2.7680000000000002,0.24657831337439926,-0.2551319263217386,-0.25292433148968446
2.77,0.2423540191191335,-0.25292433148968446,-0.25161269568187183
2.7720000000000002,0.23808554519949454,-0.25161269568187183,-0.24910279949254444
2.774,0.23377973566538227,-0.24910279949254444,-0.2480170740588301
2.7760000000000002,0.22944345922625012,-0.2480170740588301,-0.2457003705579138
2.778,0.22508360119670853,-0.2457003705579138,-0.2437624331732237
2.7800000000000002,0.22070705542442146,-0.2437624331732237,-0.24146945001731143
2.782,0.21632071620962964,-0.24146945001731143,-0.2399176466651997
2.7840000000000003,0.21193147022560685,-0.2399176466651997,-0.23805261037515668
2.786,0.2075461884493553,-0.23805261037515668,-0.23566752334988256
2.7880000000000003,0.20317171811183282,-0.23566752334988256,-0.23402199457652434
2.79,0.19881487467702066,-0.23402199457652434,-0.23211400406625293
2.7920000000000003,0.19448243385902514,-0.23211400406625293,-0.23013851575384267
2.794,0.19018112368646606,-0.23013851575384267,-0.2279682776313786
2.7960000000000003,0.18591761662324435,-0.2279682776313786,-0.22589572305462857
2.798,0.18169852175482748,-0.22589572305462857,-0.22389017941386805
2.8000000000000003,0.17753037704899666,-0.22389017941386805,-0.22154140118058055
2.802,0.17341964170001836,-0.22154140118058055,-0.22020949117355024
2.8040000000000003,0.16937268856504675,-0.22020949117355024,-0.2178000165142693
2.806,0.16539579670147253,-0.2178000165142693,-0.21558517282948658
2.8080000000000003,0.1614951440138171,-0.21558517282948658,-0.21371861855815852
2.81,0.15767680001865142,-0.21371861855815852,-0.21163027025654213
2.8120000000000003,0.15394671873587618,-0.21163027025654213,-0.20944944034781116
2.814,0.15031073171455395,-0.20944944034781116,-0.20771656375772152
2.816,0.14677454120131822,-0.20771656375772152,-0.20528911900346375
2.818,0.14334371345926494,-0.20528911900346375,-0.20329936969579093
2.82,0.14002367224499096,-0.20329936969579093,-0.2012586630682718
2.822,0.13681969245130876,-0.2012586630682718,-0.1992103702410062
2.824,0.1337368939229835,-0.1992103702410062,-0.1971050943841642
2.826,0.13078023545258113,-0.1971050943841642,-0.19500352868352994
2.828,0.12795450896338886,-0.19500352868352994,-0.19284672633737027
2.83,0.12526433388607253,-0.19284672633737027,-0.19078846204189026
2.832,0.12271415173559436,-0.19078846204189026,-0.18874631180854654
2.834,0.12030822089460017,-0.18874631180854654,-0.18694713297698237
2.836,0.11805061160931626,-0.18694713297698237,-0.18490312639263773
2.838,0.1159452012037181,-0.18490312639263773,-0.18242821020570102
2.84,0.11399566951748111,-0.18242821020570102,-0.18089355102905452
2.842,0.11220549457297427,-0.18089355102905452,-0.17846997519451993
2.844,0.1105779484763039,-0.17846997519451993,-0.17661915689587374
2.846,0.10911609355710997,-0.17661915689587374,-0.1744030084111759
2.848,0.10782277875159194,-0.1744030084111759,-0.17244455428942085
2.85,0.10670063623290865,-0.17244455428942085,-0.170566535308225
2.852,0.10575207829286487,-0.170566535308225,-0.16835604627066164
2.854,0.10497929447845558,-0.16835604627066164,-0.1666901446062212
2.856,0.10438424898658613,-0.1666901446062212,-0.16448866219462238
2.858,0.10396867831997225,-0.16448866219462238,-0.16275693517251993
2.86,0.10373408920691762,-0.16275693517251993,-0.1611208155525941
2.862,0.10368175678737634,-0.1611208155525941,-0.15845659771003445
2.864,0.10381272306739259,-0.15845659771003445,-0.15675840686065848
2.866,0.10412779564370145,-0.15675840686065848,-0.15519790997927155
2.868,0.10462754669996588,-0.15519790997927155,-0.15271387354597263
2.87,0.10531231227581017,-0.15271387354597263,-0.1508056973388825
2.872,0.10618219180949909,-0.1508056973388825,-0.14918534965956862
2.874,0.10723704795479119,-0.14918534965956862,-0.14744797016616593
2.876,0.10847650667218509,-0.14744797016616593,-0.14531483096489847
2.878,0.10989995759445872,-0.14531483096489847,-0.14352686792929914
2.88,0.11150655466608167,-0.14352686792929914,-0.14151895436642958
2.882,0.11329521705577941,-0.14151895436642958,-0.13994538189984898
2.884,0.11526463034118808,-0.13994538189984898,-0.13814236838368693
2.886,0.11741324796426025,-0.13814236838368693,-0.13616286219177298
2.888,0.11973929295572966,-0.13616286219177298,-0.13390645506552562
2.89,0.12224075992667699,-0.13390645506552562,-0.1322519871196118
2.892,0.12491541732488345,-0.1322519871196118,-0.13038773159152317
2.894,0.12776080995340347,-0.13038773159152317,-0.1287845259597033
2.896,0.13077426174844267,-0.1287845259597033,-0.1272211949926913
2.898,0.13395287881335802,-0.1272211949926913,-0.12525454615878698
2.9,0.137293552705283,-0.12525454615878698,-0.12326815461276805
2.902,0.14079296397061347,-0.12326815461276805,-0.12132657678239919
2.904,0.1444475859252607,-0.12132657678239919,-0.11946552418786265
2.906,0.14825368867535793,-0.11946552418786265,-0.11776965054520921
2.908,0.15220734337376074,-0.11776965054520921,-0.11580503802589101
2.91,0.1563044267074785,-0.11580503802589101,-0.11406335982463482
2.912,0.16054062561083643,-0.11406335982463482,-0.11207952107648869
2.914,0.1649114421989849,-0.11207952107648869,-0.11095073098638829
2.916,0.1694121989160492,-0.11095073098638829,-0.10854474529091199
2.918,0.17403804389201152,-0.10854474529091199,-0.10690807353513215
2.92,0.17878395650215212,-0.10690807353513215,-0.1047882362319549
2.922,0.18364475312267137,-0.1047882362319549,-0.1030889165334137
2.924,0.1886150930758316,-0.1030889165334137,-0.10135085777976159
2.926,0.1936894847578258,-0.10135085777976159,-0.09896792110175419
2.928,0.19886229194227353,-0.09896792110175419,-0.09736236030915824
2.93,0.20412774025213531,-0.09736236030915824,-0.0957156670687081
2.932,0.20947992379254574,-0.0957156670687081,-0.09393670250403034
2.934,0.2149128119369858,-0.09393670250403034,-0.09175101326234439
2.936,0.2204202562589409,-0.09175101326234439,-0.08987266671553008
2.938,0.22599599760108985,-0.08987266671553008,-0.08774884789832434
2.94,0.2316336732738744,-0.08774884789832434,-0.08563829351427797
2.942,0.23732682437518782,-0.08563829351427797,-0.08372000058407865
2.944,0.24306890322271296,-0.08372000058407865,-0.08205707805535045
2.946,0.24885328089041017,-0.08205707805535045,-0.07993150489724866
2.948,0.25467325484042797,-0.07993150489724866,-0.07800894961014902
2.95,0.26052205664170003,-0.07800894961014902,-0.07558012594183164
2.952,0.26639285976628824,-0.07558012594183164,-0.0739017819432507
2.954,0.27227878745455714,-0.0739017819432507,-0.07167125357884797
2.956,0.27817292064007804,-0.07167125357884797,-0.06951475053936845
2.958,0.2840683059251652,-0.06951475053936845,-0.06712167641408849
2.96,0.2899579635978481,-0.06712167641408849,-0.0655218166837008
2.962,0.29583489568107774,-0.0655218166837008,-0.06320390782740824
2.964,0.3016920940048497,-0.06320390782740824,-0.06080448930427564
2.966,0.30752254829201453,-0.06080448930427564,-0.05880458232531828
2.968,0.31331925424840734,-0.05880458232531828,-0.056175472841523015
2.97,0.3190752216480366,-0.056175472841523015,-0.05380044689453047
2.972,0.3247834824039645,-0.05380044689453047,-0.051293609457247584
2.974,0.3304370986156496,-0.051293609457247584,-0.04921499889699378
2.976,0.3360291705834371,-0.04921499889699378,-0.046940384296225685
2.978,0.3415528447809947,-0.046940384296225685,-0.044100076885091544
2.98,0.3470013217765019,-0.044100076885091544,-0.04147174315997777
2.982,0.35236786409349574,-0.04147174315997777,-0.03900842567099532
2.984,0.35764580400227614,-0.03900842567099532,-0.036565800912147006
2.986,0.36282855123295815,-0.036565800912147006,-0.03388970728878628
2.988,0.367909600601234,-0.03388970728878628,-0.031301568935682436
2.99,0.37288253953811556,-0.031301568935682436,-0.028580793270343696
2.992,0.3777410555149302,-0.028580793270343696,-0.02637259016593681
2.994,0.3824789433550796,-0.02637259016593681,-0.023021185761259753
2.996,0.38709011242409463,-0.023021185761259753,-0.020528761168311874
2.998,0.3915685936897304,-0.020528761168311874,-0.01795504828888096
