controller,scenario,evaluation_seed,state_estimation_mode,latency_compensation,initial_state_fingerprint,initial_command_fingerprint,push_schedule_fingerprint,state_age_mean_ms,state_age_p95_ms,state_age_max_ms,compensation_horizon_p95_ms,compensation_applied_ratio,compensation_rejected_ratio,action_delay_steps,state_delay_steps,sensor_noise_scale,state_estimator_seed,base_mass_scale,damping_scale,friction_scale,actuator_strength_scale,success,episode_steps,episode_duration_s,velocity_rmse_mps,pitch_rmse_deg,max_abs_pitch_deg,height_rmse_mm,normalized_torque_rms,mean_abs_mechanical_power_w,torque_saturation_ratio,residual_action_rms,residual_action_delta_rms,mean_residual_longitudinal_force_n,mean_residual_vertical_force_n,four_wheel_contact_ratio,undesired_contact_steps,mean_reward,solve_p95_ms,raw_position_estimation_rmse_m,control_position_estimation_rmse_m,raw_pitch_estimation_rmse_deg,control_pitch_estimation_rmse_deg,raw_velocity_estimation_rmse_mps,control_velocity_estimation_rmse_mps
D1 LQR+VMC,randomized,121,estimated,none,d39bd7d6e4156a84ac798c2ba364ce72ccb56762e1fca885463c25fb2660c3c9,b5debe969d1df6635d50c0383ced2b7758db1a66006d8efd3190a9a9c1c36602,e74abfcf5d2888ed35bda0e0bbd69a0013e29c645b0978ad7c12047430415168,0.0,0.0,0.0,0.0,0.0,0.0,0,0,0.0,1673411449,1.0392194779402963,0.934056113211154,1.1857691697504076,0.9661443790880642,1,600,6.0,0.1656531769109512,0.7353777036730531,2.2784718611138692,7.397233952807271,0.21481079346415297,68.48464128558776,0.0,0.0,0.0,0.0,0.0,0.995,0,3.877328261924669,0.0,0.0,0.0,0.0,0.0,2.3610851037238527e-16,2.3610851037238527e-16
D1 MPC+VMC,randomized,121,estimated,none,d39bd7d6e4156a84ac798c2ba364ce72ccb56762e1fca885463c25fb2660c3c9,b5debe969d1df6635d50c0383ced2b7758db1a66006d8efd3190a9a9c1c36602,e74abfcf5d2888ed35bda0e0bbd69a0013e29c645b0978ad7c12047430415168,0.0,0.0,0.0,0.0,0.0,0.0,0,0,0.0,1673411449,1.0392194779402963,0.934056113211154,1.1857691697504076,0.9661443790880642,1,600,6.0,0.15433733602704697,0.9737363637170828,2.6388330999314733,7.08652946453815,0.2136379902578104,48.66921457617209,0.0,0.0,0.0,0.0,0.0,0.995,0,3.927048295963148,0.7328020001295953,0.0,0.0,0.0,0.0,3.1714994256421253e-16,3.1714994256421253e-16
D1 LQR+VMC,randomized,122,estimated,none,4939655211662136312f0d60be5991e6de7a0e3a8d5888564c413cae0aa11159,a43e284a8bda7a9c6b9537304ee476b45e291d3a0f641aee8d330f83a4caf286,0ac108ad83c5b4564a9c2bd7a8ac18297598c870a57f1bf13cd279d9fa2ab6bd,0.0,0.0,0.0,0.0,0.0,0.0,0,0,0.0,68735084,1.0815775669389267,0.8790308005009635,0.8954298945162347,0.8918624637657828,1,600,6.0,0.16854347878626877,0.6219590384389234,1.597962835577631,10.951228883015386,0.21883034507158636,91.3453131233542,0.0,0.0,0.0,0.0,0.0,0.9983333333333333,0,3.7453592105685,0.0,0.0,0.0,0.0,0.0,3.9231164886670646e-16,3.9231164886670646e-16
D1 MPC+VMC,randomized,122,estimated,none,4939655211662136312f0d60be5991e6de7a0e3a8d5888564c413cae0aa11159,a43e284a8bda7a9c6b9537304ee476b45e291d3a0f641aee8d330f83a4caf286,0ac108ad83c5b4564a9c2bd7a8ac18297598c870a57f1bf13cd279d9fa2ab6bd,0.0,0.0,0.0,0.0,0.0,0.0,0,0,0.0,68735084,1.0815775669389267,0.8790308005009635,0.8954298945162347,0.8918624637657828,1,600,6.0,0.1666836286229489,0.8673697317792615,2.0820423757301834,11.26554479293657,0.21586577319813435,69.79914605753474,0.0,0.0,0.0,0.0,0.0,0.9983333333333333,0,3.777148525551071,0.4302637986256741,0.0,0.0,0.0,0.0,5.019019504150086e-16,5.019019504150086e-16
D1 LQR+VMC,randomized,123,estimated,none,e1de0b30c29aac00209b92881bf98b35135e9f14ccd3bf431b1151e046ff0159,ad1ef676cd7e09b56d4738ddf875ae6abd6c6381fbff77aa832cc7df0175445b,18a5bce62fcd1b36732f66780d452f4821fcbf64e65a49fc799f24a8371bb98a,0.0,0.0,0.0,0.0,0.0,0.0,0,0,0.0,1101595663,1.0501174099145916,0.8242194584610002,0.7932339173021974,0.8868743621397339,1,600,6.0,0.2311228154916435,0.9173496684791829,2.612182250085309,7.0304379790251685,0.25220762753872333,253.278276139258,0.0,0.0,0.0,0.0,0.0,0.845,0,3.6528987827813135,0.0,0.0,0.0,0.0,0.0,5.136245809636402e-16,5.136245809636402e-16
D1 MPC+VMC,randomized,123,estimated,none,e1de0b30c29aac00209b92881bf98b35135e9f14ccd3bf431b1151e046ff0159,ad1ef676cd7e09b56d4738ddf875ae6abd6c6381fbff77aa832cc7df0175445b,18a5bce62fcd1b36732f66780d452f4821fcbf64e65a49fc799f24a8371bb98a,0.0,0.0,0.0,0.0,0.0,0.0,0,0,0.0,1101595663,1.0501174099145916,0.8242194584610002,0.7932339173021974,0.8868743621397339,1,600,6.0,0.23220530603520215,1.1571481446089382,2.9461848219477513,10.317825186836131,0.26926839401898234,305.0827936323275,0.0,0.0,0.0,0.0,0.0,0.8033333333333333,0,3.6392495478029914,0.44483428719104257,0.0,0.0,0.0,0.0,6.00266399752589e-16,6.00266399752589e-16
D1 LQR+VMC,randomized,124,estimated,none,c4121cc0c0a69aabfd8ae1f418eae18e4284d8a31398041202c4fb76e5d1aa3f,56dcc03527552d4dd3b093e8f05fd103a605ca22ee3f8a654938347405d3380a,a85b709e1fdc1b0823b30c2fa7c166a006f2820a8e539668905a13a8f28a6e38,0.0,0.0,0.0,0.0,0.0,0.0,0,0,0.0,710665679,1.072755685088562,1.1536367108867953,1.2799384113898542,0.9996119545819131,1,600,6.0,0.2587612480648197,0.9284828880106151,2.506513557561274,4.4679227202970155,0.22034654683082355,104.08635585699085,0.0,0.0,0.0,0.0,0.0,0.9966666666666667,0,3.7341813602882907,0.0,0.0,0.0,0.0,0.0,6.339366327501738e-16,6.339366327501738e-16
D1 MPC+VMC,randomized,124,estimated,none,c4121cc0c0a69aabfd8ae1f418eae18e4284d8a31398041202c4fb76e5d1aa3f,56dcc03527552d4dd3b093e8f05fd103a605ca22ee3f8a654938347405d3380a,a85b709e1fdc1b0823b30c2fa7c166a006f2820a8e539668905a13a8f28a6e38,0.0,0.0,0.0,0.0,0.0,0.0,0,0,0.0,710665679,1.072755685088562,1.1536367108867953,1.2799384113898542,0.9996119545819131,1,600,6.0,0.2638538120117173,1.3125583103420309,3.3756545295747498,4.664038325105968,0.22227090020277662,103.85959940783859,0.0,0.0,0.0,0.0,0.0,0.9916666666666667,0,3.741889631426869,0.40755329755484127,0.0,0.0,0.0,0.0,7.163631463826107e-16,7.163631463826107e-16
D1 LQR+VMC,randomized,125,estimated,none,a7eb2addfedb958e6c479c2e257faf7f1782da4417b9bdc24c31232d38fc4988,bb4ef951ef18a309bcca5309ea323c4c8c1ecdbb3c39d1610cb072140f7e44e6,914d75774ba30c6a56db54679375ccfaadd459c7c0aa1f292f25b6e19d80084a,0.0,0.0,0.0,0.0,0.0,0.0,0,0,0.0,1310839343,1.0873848863921922,1.0221424887299229,0.9036051544398931,0.8859215154175284,1,600,6.0,0.15770786952806268,0.5915746719565316,1.7273812021650514,7.354002587989613,0.2184164114240913,78.5025201887113,0.0,0.0,0.0,0.0,0.0,0.9966666666666667,0,3.8616825444563947,0.0,0.0,0.0,0.0,0.0,3.992783102617924e-16,3.992783102617924e-16
D1 MPC+VMC,randomized,125,estimated,none,a7eb2addfedb958e6c479c2e257faf7f1782da4417b9bdc24c31232d38fc4988,bb4ef951ef18a309bcca5309ea323c4c8c1ecdbb3c39d1610cb072140f7e44e6,914d75774ba30c6a56db54679375ccfaadd459c7c0aa1f292f25b6e19d80084a,0.0,0.0,0.0,0.0,0.0,0.0,0,0,0.0,1310839343,1.0873848863921922,1.0221424887299229,0.9036051544398931,0.8859215154175284,1,600,6.0,0.16499359927710427,0.8610165734438726,2.3689077900907263,7.911771127193722,0.21757910640569111,61.966350911116216,0.0,0.0,0.0,0.0,0.0,0.9966666666666667,0,3.8440111813115223,0.3967000942793675,0.0,0.0,0.0,0.0,3.434225538792372e-16,3.434225538792372e-16
D1 LQR+VMC,randomized,126,estimated,none,42d8e017dfbb20e42039438547d6cc422dd918886ce3a0e4b0e83520f12bf248,7e34e269b9e4c594bb8f35e9d4a3172a2706dc0dbf9e4a7f6646ccc74f04a7d2,4368ac9633458cadbb1cf90e6687b644fae3ec826c6cfd36abd6148a71e0569c,0.0,0.0,0.0,0.0,0.0,0.0,0,0,0.0,1674426195,0.9013587367131051,1.2237911483370425,0.6929830915399516,1.0458088405818775,1,600,6.0,0.37201831808016267,1.727592464540885,4.9361415437781195,9.336745453979754,0.26982291979728246,325.59024094336684,0.0,0.0,0.0,0.0,0.0,0.695,0,3.3881434939866955,0.0,0.0,0.0,0.0,0.0,4.785318238604873e-16,4.785318238604873e-16
D1 MPC+VMC,randomized,126,estimated,none,42d8e017dfbb20e42039438547d6cc422dd918886ce3a0e4b0e83520f12bf248,7e34e269b9e4c594bb8f35e9d4a3172a2706dc0dbf9e4a7f6646ccc74f04a7d2,4368ac9633458cadbb1cf90e6687b644fae3ec826c6cfd36abd6148a71e0569c,0.0,0.0,0.0,0.0,0.0,0.0,0,0,0.0,1674426195,0.9013587367131051,1.2237911483370425,0.6929830915399516,1.0458088405818775,1,600,6.0,0.3103261159090238,1.7035251181741857,6.663194275647477,8.621530654742426,0.2728524338797841,322.52110838928326,0.0004166666666666667,0.0,0.0,0.0,0.0,0.7066666666666667,0,3.675952232806577,0.3696274485264438,0.0,0.0,0.0,0.0,5.356186143211425e-16,5.356186143211425e-16
D1 LQR+VMC,randomized,127,estimated,none,1a849d84f1be26e1e6f2c3be0da641635190738d1d167c6cec18c5fa01ac4b20,a62c253f96362a1932f78e665abbdd76f1d8b14ac646a1581a89059be1307721,5442a6cf68dc2c9e2969d106d711d003a04b7fb1b08d819a1b64e45f42bb758b,0.0,0.0,0.0,0.0,0.0,0.0,0,0,0.0,1970055044,0.9137426449013422,0.8943347555404323,0.8445661120289889,1.032011400718582,1,600,6.0,0.44682217618744435,2.0376685036299884,5.77920202496915,10.258510627934033,0.2592426778658238,297.19639804063945,0.0,0.0,0.0,0.0,0.0,0.7316666666666667,0,3.0421425878711066,0.0,0.0,0.0,0.0,0.0,3.5729613197977297e-16,3.5729613197977297e-16
D1 MPC+VMC,randomized,127,estimated,none,1a849d84f1be26e1e6f2c3be0da641635190738d1d167c6cec18c5fa01ac4b20,a62c253f96362a1932f78e665abbdd76f1d8b14ac646a1581a89059be1307721,5442a6cf68dc2c9e2969d106d711d003a04b7fb1b08d819a1b64e45f42bb758b,0.0,0.0,0.0,0.0,0.0,0.0,0,0,0.0,1970055044,0.9137426449013422,0.8943347555404323,0.8445661120289889,1.032011400718582,1,600,6.0,0.4364417143998243,2.4205511886275635,9.432731225099836,10.919714103572295,0.26310153041880396,286.91415859332125,0.0,0.0,0.0,0.0,0.0,0.705,0,3.161764320574367,0.4424976963491643,0.0,0.0,0.0,0.0,4.862009819974222e-16,4.862009819974222e-16
D1 LQR+VMC,randomized,128,estimated,none,e2883873ba146e24e621af690cd24a6fb2cb64fe0d1883997e4b469ea99f21f7,83afc90a16a7011b633737ed84c6fb0050114b95c3a0e43580bfe50e30db52d3,f264bc56105f346b743ed9cc737b447d90e0ad7b0e40a4e50b989527a8dace15,0.0,0.0,0.0,0.0,0.0,0.0,0,0,0.0,1868001214,1.045019446205385,1.012452313136684,0.9318185060008339,0.9307867869801847,1,600,6.0,0.3698192495419978,1.8155486395745375,4.00970164870387,12.621957393726616,0.27995204707463245,376.7128287754442,0.0,0.0,0.0,0.0,0.0,0.7266666666666667,0,3.1571973194817313,0.0,0.0,0.0,0.0,0.0,3.7216073031205546e-16,3.7216073031205546e-16
D1 MPC+VMC,randomized,128,estimated,none,e2883873ba146e24e621af690cd24a6fb2cb64fe0d1883997e4b469ea99f21f7,83afc90a16a7011b633737ed84c6fb0050114b95c3a0e43580bfe50e30db52d3,f264bc56105f346b743ed9cc737b447d90e0ad7b0e40a4e50b989527a8dace15,0.0,0.0,0.0,0.0,0.0,0.0,0,0,0.0,1868001214,1.045019446205385,1.012452313136684,0.9318185060008339,0.9307867869801847,1,600,6.0,0.35323575026818926,1.9065550588455018,5.776221160291543,13.27843338341067,0.2807995716243969,347.72492606976084,0.0,0.0,0.0,0.0,0.0,0.7766666666666666,0,3.3154941378122604,0.4054338460264262,0.0,0.0,0.0,0.0,5.074941088474695e-16,5.074941088474695e-16
D1 LQR+VMC,randomized,129,estimated,none,17e0941321db741d72fa01bdd838576f58ebcf57b4b46c5edffc1e263ebf3fd8,6496453d5a69277a86195d7bfdbbe46fbe2670ee348b85071fecbe32c5511a2c,d434493f82dd146ecf9d5efde69e8b1b6c67918401d4b091968f789d59678a88,0.0,0.0,0.0,0.0,0.0,0.0,0,0,0.0,416791227,0.9845496018142563,0.9052567452854112,1.2337830868118964,1.0285116701786272,1,600,6.0,0.41086502924931245,1.890370522873601,7.723254863104382,12.791415706778604,0.21588152751425968,114.89250054903937,0.0,0.0,0.0,0.0,0.0,0.9533333333333334,0,3.263635597969228,0.0,0.0,0.0,0.0,0.0,5.910310538308727e-16,5.910310538308727e-16
D1 MPC+VMC,randomized,129,estimated,none,17e0941321db741d72fa01bdd838576f58ebcf57b4b46c5edffc1e263ebf3fd8,6496453d5a69277a86195d7bfdbbe46fbe2670ee348b85071fecbe32c5511a2c,d434493f82dd146ecf9d5efde69e8b1b6c67918401d4b091968f789d59678a88,0.0,0.0,0.0,0.0,0.0,0.0,0,0,0.0,416791227,0.9845496018142563,0.9052567452854112,1.2337830868118964,1.0285116701786272,1,600,6.0,0.37331553105941356,2.334589081904591,10.588963733254088,13.11302279016837,0.22055428392701185,121.54850390591042,0.0,0.0,0.0,0.0,0.0,0.905,0,3.4592141288865506,0.4052596574183553,0.0,0.0,0.0,0.0,6.279132731463293e-16,6.279132731463293e-16
D1 LQR+VMC,randomized,130,estimated,none,982481780d3b1840d7766756d15388d94fd964f0a4d4a6ca198ddd2c21004bfd,f26470b0ae52d06a3a61c0b168230e39b8d37486347b1db9b1a210d0dcdc7dd7,316f9e50677b0e2563516cf65a5d247cd9025f2f98bfa1770e678d0d98c3ca02,0.0,0.0,0.0,0.0,0.0,0.0,0,0,0.0,893793182,0.9997216871705642,0.8351152271187723,0.8488619829931543,0.9314115641439593,1,600,6.0,0.3547846191642844,1.46001265702829,3.1380038901923055,11.221906733899845,0.28203417308700074,447.62756571942543,0.0,0.0,0.0,0.0,0.0,0.6,0,3.318531982520561,0.0,0.0,0.0,0.0,0.0,4.474084500961981e-16,4.474084500961981e-16
D1 MPC+VMC,randomized,130,estimated,none,982481780d3b1840d7766756d15388d94fd964f0a4d4a6ca198ddd2c21004bfd,f26470b0ae52d06a3a61c0b168230e39b8d37486347b1db9b1a210d0dcdc7dd7,316f9e50677b0e2563516cf65a5d247cd9025f2f98bfa1770e678d0d98c3ca02,0.0,0.0,0.0,0.0,0.0,0.0,0,0,0.0,893793182,0.9997216871705642,0.8351152271187723,0.8488619829931543,0.9314115641439593,1,600,6.0,0.3538132538414034,1.71542818252049,3.854128124990816,10.137964822871746,0.28728732523430606,459.7673196615209,0.0,0.0,0.0,0.0,0.0,0.6016666666666667,0,3.408413491748037,0.3760216059163213,0.0,0.0,0.0,0.0,5.924205345081743e-16,5.924205345081743e-16
D1 LQR+VMC,randomized,131,estimated,none,76a27ea5906881f1d5b69ae47404917d0e486cb7c9e885c53efb0caa35b76639,ff5ad5fec0545ac41879319246e8552be77ad07bff5dc7f83e087c1ca46f6150,139f4bd89952f52e6be1011033bc41e4cca6e55c0c59dc6fa73052dcedb7def1,0.0,0.0,0.0,0.0,0.0,0.0,0,0,0.0,1688742133,1.0422219766542375,1.070517012206352,0.9960171566159062,0.8798084705107636,1,600,6.0,0.2530593440274357,1.319895152484568,3.785930380400486,9.289487443856354,0.21423897333205094,105.78147087576082,0.0,0.0,0.0,0.0,0.0,0.9783333333333334,0,3.5628800208000486,0.0,0.0,0.0,0.0,0.0,5.642861228519062e-16,5.642861228519062e-16
D1 MPC+VMC,randomized,131,estimated,none,76a27ea5906881f1d5b69ae47404917d0e486cb7c9e885c53efb0caa35b76639,ff5ad5fec0545ac41879319246e8552be77ad07bff5dc7f83e087c1ca46f6150,139f4bd89952f52e6be1011033bc41e4cca6e55c0c59dc6fa73052dcedb7def1,0.0,0.0,0.0,0.0,0.0,0.0,0,0,0.0,1688742133,1.0422219766542375,1.070517012206352,0.9960171566159062,0.8798084705107636,1,600,6.0,0.24144326698592922,1.8021450084518356,5.341896187697313,10.302230364500137,0.2191734250527985,98.65413638183598,0.0,0.0,0.0,0.0,0.0,0.9616666666666667,0,3.6092232771450092,0.35703964895219537,0.0,0.0,0.0,0.0,5.9257844272937e-16,5.9257844272937e-16
D1 LQR+VMC,randomized,132,estimated,none,1b7a7fa154a79a1a794ef8404ffae0140f1e2719b839857e5b38d3674739729e,a95af400eafe9bb70db4211a1b6cad8f95b86f8f7ee2152f9bdd03101eec6a00,97773864824d9f513bf336faa02df65b28157aaf7a08fac256caf5ccb04ae4b1,0.0,0.0,0.0,0.0,0.0,0.0,0,0,0.0,2119130811,0.9313722913777985,1.1620996281206688,1.1343696282482012,1.0264743128609943,1,600,6.0,0.2085470363462761,0.5986403699756926,2.1387669971700456,9.348774016633842,0.21274883066666075,88.21270848069346,0.0,0.0,0.0,0.0,0.0,0.9966666666666667,0,3.8437766580419703,0.0,0.0,0.0,0.0,0.0,3.8686270157518453e-16,3.8686270157518453e-16
D1 MPC+VMC,randomized,132,estimated,none,1b7a7fa154a79a1a794ef8404ffae0140f1e2719b839857e5b38d3674739729e,a95af400eafe9bb70db4211a1b6cad8f95b86f8f7ee2152f9bdd03101eec6a00,97773864824d9f513bf336faa02df65b28157aaf7a08fac256caf5ccb04ae4b1,0.0,0.0,0.0,0.0,0.0,0.0,0,0,0.0,2119130811,0.9313722913777985,1.1620996281206688,1.1343696282482012,1.0264743128609943,1,600,6.0,0.19246643995953439,0.7934437183822692,2.4979277768972583,9.447352501248854,0.20608046199924346,70.76743606464984,0.0,0.0,0.0,0.0,0.0,0.9966666666666667,0,3.886998645589503,0.6130001973360762,0.0,0.0,0.0,0.0,4.361959344235801e-16,4.361959344235801e-16
D1 LQR+VMC,randomized,133,estimated,none,0b94059643ae46500cab0b554894e068285669652369926e590e904fef68fe14,88ee8ee7ed9c598c83e9212cf32484a798c61f0b2b386a02b301df25b9ea2174,afe678e0be7bc00032e3029306cea0d57f6eae2a10144e13e8944aeeed0db396,0.0,0.0,0.0,0.0,0.0,0.0,0,0,0.0,1614274294,1.1145332790015046,1.030492392512524,0.8845519031870943,0.9652460868393753,1,600,6.0,0.4719531115242409,1.9006605136554542,7.679671365203065,11.506682629199746,0.22629332927866147,117.05750514984494,0.0,0.0,0.0,0.0,0.0,0.9533333333333334,0,3.206572623495077,0.0,0.0,0.0,0.0,0.0,5.128045584935012e-16,5.128045584935012e-16
D1 MPC+VMC,randomized,133,estimated,none,0b94059643ae46500cab0b554894e068285669652369926e590e904fef68fe14,88ee8ee7ed9c598c83e9212cf32484a798c61f0b2b386a02b301df25b9ea2174,afe678e0be7bc00032e3029306cea0d57f6eae2a10144e13e8944aeeed0db396,0.0,0.0,0.0,0.0,0.0,0.0,0,0,0.0,1614274294,1.1145332790015046,1.030492392512524,0.8845519031870943,0.9652460868393753,1,600,6.0,0.48236899837860797,2.38759320988363,10.234162579184837,11.123433843009767,0.23418524065157373,125.98185091894838,0.0,0.0,0.0,0.0,0.0,0.8983333333333333,0,3.2498443788507663,0.3714207035955041,0.0,0.0,0.0,0.0,6.219355894728114e-16,6.219355894728114e-16
D1 LQR+VMC,randomized,134,estimated,none,a39177103c65712762f5f04919c9f5274a194352e7123d9be3b9948a777d5f18,e5aa3494343ca1e2e74a96e6584c51d67767c742dba2d2414bc3e277645502c2,04b94d00ab801877e626a964194f0c3537e3fd83cc8094321bb7d2c5acf85f64,0.0,0.0,0.0,0.0,0.0,0.0,0,0,0.0,1294581413,1.1130639464762684,1.0269182989567793,1.0037205315584476,1.0060237377134706,1,600,6.0,0.19694656316210837,0.8283430325557684,2.3642965032134873,8.84544540167691,0.2164423776885274,76.60572191083142,0.0,0.0,0.0,0.0,0.0,0.995,0,3.760033786855488,0.0,0.0,0.0,0.0,0.0,2.9038622668984376e-16,2.9038622668984376e-16
D1 MPC+VMC,randomized,134,estimated,none,a39177103c65712762f5f04919c9f5274a194352e7123d9be3b9948a777d5f18,e5aa3494343ca1e2e74a96e6584c51d67767c742dba2d2414bc3e277645502c2,04b94d00ab801877e626a964194f0c3537e3fd83cc8094321bb7d2c5acf85f64,0.0,0.0,0.0,0.0,0.0,0.0,0,0,0.0,1294581413,1.1130639464762684,1.0269182989567793,1.0037205315584476,1.0060237377134706,1,600,6.0,0.17729776806231384,1.075068795060212,2.752783441130764,8.905547673235825,0.21847756343249047,64.10782566790954,0.0,0.0,0.0,0.0,0.0,0.995,0,3.8182188717373418,0.3971424499468412,0.0,0.0,0.0,0.0,4.189584650655202e-16,4.189584650655202e-16
D1 LQR+VMC,randomized,135,estimated,none,7fec012b780b26dceeff8fcdf03c1f75327ac70e5016705f4638573a235e243d,fab0fc12d16737fe6eb716cd2a5f6c6fc87baa068da5b69d3acc7c61a7d47e9b,0d87a13e27a69a8987063aa300e1b59dff2a4ffee4805f18d736ae42b38539ba,0.0,0.0,0.0,0.0,0.0,0.0,0,0,0.0,1194058859,1.0206111294275515,0.9263370497375614,1.235489406189609,1.0474239035632644,1,600,6.0,0.20490714816013098,0.8430593871007317,2.512283800997969,7.097511361235286,0.21316760380873628,87.07224879764414,0.0,0.0,0.0,0.0,0.0,0.995,0,3.7169833690068117,0.0,0.0,0.0,0.0,0.0,4.1018083090748147e-16,4.1018083090748147e-16
D1 MPC+VMC,randomized,135,estimated,none,7fec012b780b26dceeff8fcdf03c1f75327ac70e5016705f4638573a235e243d,fab0fc12d16737fe6eb716cd2a5f6c6fc87baa068da5b69d3acc7c61a7d47e9b,0d87a13e27a69a8987063aa300e1b59dff2a4ffee4805f18d736ae42b38539ba,0.0,0.0,0.0,0.0,0.0,0.0,0,0,0.0,1194058859,1.0206111294275515,0.9263370497375614,1.235489406189609,1.0474239035632644,1,600,6.0,0.19846485379874992,1.1164100314522927,2.841640266224004,7.346508045301635,0.2112520770542247,67.68202840225734,0.0,0.0,0.0,0.0,0.0,0.9916666666666667,0,3.7574070261515278,0.3926466983102727,0.0,0.0,0.0,0.0,5.391232510951952e-16,5.391232510951952e-16
D1 LQR+VMC,randomized,136,estimated,none,0db306068b7c011feae0531150b3f30808f457f349038797bc861f83e4799273,aa3c03f2dc321410810d0d3c01d85cd887d66914cbe53aeb68451c11b9feb39d,2aea97535df493f98c03800605956032f985957982d2b6786b8f561d57a85950,0.0,0.0,0.0,0.0,0.0,0.0,0,0,0.0,1120340089,0.9280372446023853,0.8316009993033402,0.7257125674497298,0.9243368589466237,1,600,6.0,0.35791167372246663,1.5781214578481102,3.8685240908105576,11.18450465477848,0.2329937862121714,185.65651123112062,0.0,0.0,0.0,0.0,0.0,0.8616666666666667,0,3.188010304774448,0.0,0.0,0.0,0.0,0.0,4.114458671413779e-16,4.114458671413779e-16
D1 MPC+VMC,randomized,136,estimated,none,0db306068b7c011feae0531150b3f30808f457f349038797bc861f83e4799273,aa3c03f2dc321410810d0d3c01d85cd887d66914cbe53aeb68451c11b9feb39d,2aea97535df493f98c03800605956032f985957982d2b6786b8f561d57a85950,0.0,0.0,0.0,0.0,0.0,0.0,0,0,0.0,1120340089,0.9280372446023853,0.8316009993033402,0.7257125674497298,0.9243368589466237,1,600,6.0,0.35439594861516044,1.8497459893771226,4.692514485972551,11.6853925405858,0.2282878470820922,133.98877894121054,0.0,0.0,0.0,0.0,0.0,0.9183333333333333,0,3.3640208381301235,0.3629311991971914,0.0,0.0,0.0,0.0,5.549558336744815e-16,5.549558336744815e-16
D1 LQR+VMC,randomized,137,estimated,none,45705da51ac419e33accfd4c090bed0e347053be488a8588d591784693ba85ae,06841b06f017018e694a03c665f528c6a3027297860f2640785ac8eab21d8721,d83880bc0cb1152d00cf19bb79c68646cc4a38016c00016e2cad3bf2e9ed63be,0.0,0.0,0.0,0.0,0.0,0.0,0,0,0.0,1784943886,1.0888000513445704,0.9237705849939278,0.9275175429514981,0.9750643930020666,1,600,6.0,0.34818777252756694,1.8134234130495939,5.697080006913975,10.095826013522185,0.24562101747741313,219.84288208216617,0.0,0.0,0.0,0.0,0.0,0.8833333333333333,0,3.3521189725934177,0.0,0.0,0.0,0.0,0.0,3.5282099381987005e-16,3.5282099381987005e-16
D1 MPC+VMC,randomized,137,estimated,none,45705da51ac419e33accfd4c090bed0e347053be488a8588d591784693ba85ae,06841b06f017018e694a03c665f528c6a3027297860f2640785ac8eab21d8721,d83880bc0cb1152d00cf19bb79c68646cc4a38016c00016e2cad3bf2e9ed63be,0.0,0.0,0.0,0.0,0.0,0.0,0,0,0.0,1784943886,1.0888000513445704,0.9237705849939278,0.9275175429514981,0.9750643930020666,1,600,6.0,0.31940713109236996,1.9966639207594998,7.682965351011119,10.49488902962448,0.21878647851828414,97.66036722033363,0.0,0.0,0.0,0.0,0.0,0.9383333333333334,0,3.590642449861432,0.47166365184239073,0.0,0.0,0.0,0.0,4.52965943861253e-16,4.52965943861253e-16
D1 LQR+VMC,randomized,138,estimated,none,7ceb90b93b6b62fe85280e07425ca36c9062afc1a65547d29ecbecddf4b8f940,69fc3f8b5a24da730923cc3f9b8ed89d42e9bf1e571ebe5dfd998b4c85716a46,c2328e8d35ca9c78119b64eabc6de33acfc896e10b586c8fb14259d17d551b4d,0.0,0.0,0.0,0.0,0.0,0.0,0,0,0.0,770206952,1.0260864405663987,1.1534392747267768,1.014310206220799,1.037683491019551,1,600,6.0,0.3977895819748843,1.7019011487778837,5.918018725593863,12.79377091546386,0.21506379753667848,91.96215194096,0.0,0.0,0.0,0.0,0.0,0.9616666666666667,0,3.234268502915655,0.0,0.0,0.0,0.0,0.0,4.593294469843059e-16,4.593294469843059e-16
D1 MPC+VMC,randomized,138,estimated,none,7ceb90b93b6b62fe85280e07425ca36c9062afc1a65547d29ecbecddf4b8f940,69fc3f8b5a24da730923cc3f9b8ed89d42e9bf1e571ebe5dfd998b4c85716a46,c2328e8d35ca9c78119b64eabc6de33acfc896e10b586c8fb14259d17d551b4d,0.0,0.0,0.0,0.0,0.0,0.0,0,0,0.0,770206952,1.0260864405663987,1.1534392747267768,1.014310206220799,1.037683491019551,1,600,6.0,0.3911970528709276,2.2324729042076674,9.499949858390805,13.0220285043105,0.22285011490215026,109.93464568188223,0.0,0.0,0.0,0.0,0.0,0.9033333333333333,0,3.4784788311164205,0.36414059941307636,0.0,0.0,0.0,0.0,4.865718889864405e-16,4.865718889864405e-16
D1 LQR+VMC,randomized,139,estimated,none,3cc5f8177aa69d734d8d895c1ad39c1db6fa809e20957d7f562260e42c6e8c58,cee5681ffa8f68cc5bc77403c32637cc51c3383a36191b1f9e5b3a09255b2f07,4c8ab5c8cd96305a26acb2a100f14b68867573749283126eb4b1b395604a4aa9,0.0,0.0,0.0,0.0,0.0,0.0,0,0,0.0,171634240,0.9916877504478899,1.0601320918636594,0.7421981782903972,0.8648196297883745,1,600,6.0,0.29018604205530557,1.396040071768806,3.0103121122087892,8.910224864528178,0.2794777702746099,404.485593703114,0.0,0.0,0.0,0.0,0.0,0.6383333333333333,0,3.3602963106456674,0.0,0.0,0.0,0.0,0.0,3.9176205571490416e-16,3.9176205571490416e-16
D1 MPC+VMC,randomized,139,estimated,none,3cc5f8177aa69d734d8d895c1ad39c1db6fa809e20957d7f562260e42c6e8c58,cee5681ffa8f68cc5bc77403c32637cc51c3383a36191b1f9e5b3a09255b2f07,4c8ab5c8cd96305a26acb2a100f14b68867573749283126eb4b1b395604a4aa9,0.0,0.0,0.0,0.0,0.0,0.0,0,0,0.0,171634240,0.9916877504478899,1.0601320918636594,0.7421981782903972,0.8648196297883745,1,600,6.0,0.220193511173357,1.2762296997131106,2.731116227137554,9.806959720536538,0.27711720975389026,364.3912051428744,0.0,0.0,0.0,0.0,0.0,0.6866666666666666,0,3.6802659883754205,0.3685515432152895,0.0,0.0,0.0,0.0,5.026340285197524e-16,5.026340285197524e-16
D1 LQR+VMC,randomized,140,estimated,none,1f9ba259b01012022eeaefd520c99ecbbcbb63fb470b826163d5a4a613839a87,e97a194402d605c4f51a77c2b32c740b3d5ffbeb57c2eb9a787edc464822d293,113f43b25342c8709a89648bb9ba166cb38f80cdf57f50fc83319db0c384f934,0.0,0.0,0.0,0.0,0.0,0.0,0,0,0.0,216240565,1.0468764109858262,1.0796083124508884,1.1096043279598042,0.8946372269760438,1,600,6.0,0.3004302958685344,0.9967235205076659,2.7192631899325077,11.099545855983283,0.22213539513351754,77.3631211101001,0.0,0.0,0.0,0.0,0.0,0.9966666666666667,0,3.4580838726146546,0.0,0.0,0.0,0.0,0.0,2.3817174853042097e-16,2.3817174853042097e-16
D1 MPC+VMC,randomized,140,estimated,none,1f9ba259b01012022eeaefd520c99ecbbcbb63fb470b826163d5a4a613839a87,e97a194402d605c4f51a77c2b32c740b3d5ffbeb57c2eb9a787edc464822d293,113f43b25342c8709a89648bb9ba166cb38f80cdf57f50fc83319db0c384f934,0.0,0.0,0.0,0.0,0.0,0.0,0,0,0.0,216240565,1.0468764109858262,1.0796083124508884,1.1096043279598042,0.8946372269760438,1,600,6.0,0.2962551331232698,1.4256927200740617,3.7117612926275028,12.39324807693116,0.2273333180461814,68.89773414759603,0.0,0.0,0.0,0.0,0.0,0.995,0,3.5530035350473637,0.3817471049842423,0.0,0.0,0.0,0.0,4.903465846478347e-16,4.903465846478347e-16
D1 LQR+VMC,randomized,141,estimated,none,c77b80ac6393660aaccfc980392fc2cf8ccfe61c87168a4ac1e4fcc852f393ad,695a926545c5c8724a3fe1f51f39a1eaac9d01192e9c20d09835be872f96ed8d,b1913b46d1d8fb972661e5aa67908990784702930ea7404de65006b7bfa14e0d,0.0,0.0,0.0,0.0,0.0,0.0,0,0,0.0,1579618222,1.0619852316253795,1.2488134642576083,0.6512005159852253,0.8862314635231168,1,600,6.0,0.22805908613555254,0.8413561935451702,2.117786067716684,10.913579016905615,0.21702769807137204,83.41268794943514,0.0,0.0,0.0,0.0,0.0,0.9966666666666667,0,3.643231477774525,0.0,0.0,0.0,0.0,0.0,3.857244461393938e-16,3.857244461393938e-16
D1 MPC+VMC,randomized,141,estimated,none,c77b80ac6393660aaccfc980392fc2cf8ccfe61c87168a4ac1e4fcc852f393ad,695a926545c5c8724a3fe1f51f39a1eaac9d01192e9c20d09835be872f96ed8d,b1913b46d1d8fb972661e5aa67908990784702930ea7404de65006b7bfa14e0d,0.0,0.0,0.0,0.0,0.0,0.0,0,0,0.0,1579618222,1.0619852316253795,1.2488134642576083,0.6512005159852253,0.8862314635231168,1,600,6.0,0.2501855204762335,1.262584951183181,3.038116734109211,11.457506343984011,0.21860936917219362,70.20430999348383,0.0,0.0,0.0,0.0,0.0,0.9966666666666667,0,3.675791642860484,0.4997752010240218,0.0,0.0,0.0,0.0,5.240524730604269e-16,5.240524730604269e-16
D1 LQR+VMC,randomized,142,estimated,none,cdcaa98f73ab12f905730d545f15236260f730322e62cfdaf2be1216f6c32b82,08111758dc0042e1b28b156e540ce96857b81190bec65f45933ec367c29d9ba5,99e2abc733b90cf74a558a5663e3386ab2e10be2104a67be600370f8b2864273,0.0,0.0,0.0,0.0,0.0,0.0,0,0,0.0,1188754629,0.9049038144441932,0.8483710141125314,1.0710901939059994,1.0421396301432335,1,600,6.0,0.48275936689811627,2.3747272830623816,5.41339964821024,12.025661747367774,0.29387427584463494,450.28384913514213,0.0,0.0,0.0,0.0,0.0,0.6683333333333333,0,2.865546852459185,0.0,0.0,0.0,0.0,0.0,4.463426427600998e-16,4.463426427600998e-16
D1 MPC+VMC,randomized,142,estimated,none,cdcaa98f73ab12f905730d545f15236260f730322e62cfdaf2be1216f6c32b82,08111758dc0042e1b28b156e540ce96857b81190bec65f45933ec367c29d9ba5,99e2abc733b90cf74a558a5663e3386ab2e10be2104a67be600370f8b2864273,0.0,0.0,0.0,0.0,0.0,0.0,0,0,0.0,1188754629,0.9049038144441932,0.8483710141125314,1.0710901939059994,1.0421396301432335,1,600,6.0,0.3563565244584449,2.0605915113428592,4.946183888418041,13.290075901379756,0.29214327192595424,411.6710531528353,0.0,0.0,0.0,0.0,0.0,0.6833333333333333,0,3.277446605113525,0.7203058521554333,0.0,0.0,0.0,0.0,5.033438836422698e-16,5.033438836422698e-16
D1 LQR+VMC,randomized,143,estimated,none,4d7f5b92acd571dbd0cba44fad157d1ac44e8da1ecf15fc73a2bcceb5f655674,463c73fc00dae98d96320541191103fe95d178b75fd927f06e78e901cd12d6de,9650d822e85370a0af94d506aea494986276a28ef84dcdfcce520ec47a141481,0.0,0.0,0.0,0.0,0.0,0.0,0,0,0.0,751189641,0.9909304351460378,1.2395564452287589,0.9786749919453452,0.9808594515412972,1,600,6.0,0.19553105412583002,0.6722357669391967,1.951652689616115,10.601492516729808,0.21163844708078844,72.04878175386949,0.0,0.0,0.0,0.0,0.0,0.995,0,3.7465212302278967,0.0,0.0,0.0,0.0,0.0,3.9040321092581984e-16,3.9040321092581984e-16
D1 MPC+VMC,randomized,143,estimated,none,4d7f5b92acd571dbd0cba44fad157d1ac44e8da1ecf15fc73a2bcceb5f655674,463c73fc00dae98d96320541191103fe95d178b75fd927f06e78e901cd12d6de,9650d822e85370a0af94d506aea494986276a28ef84dcdfcce520ec47a141481,0.0,0.0,0.0,0.0,0.0,0.0,0,0,0.0,751189641,0.9909304351460378,1.2395564452287589,0.9786749919453452,0.9808594515412972,1,600,6.0,0.1852756099653065,0.9282648047246144,2.495815879546487,10.669308817595878,0.21379092020888,65.4587792004373,0.0,0.0,0.0,0.0,0.0,0.995,0,3.7766232060538765,0.846691742481198,0.0,0.0,0.0,0.0,4.0703949137791157e-16,4.0703949137791157e-16
D1 LQR+VMC,randomized,144,estimated,none,7369af1060b4d412b7b8127416cec7df08f605ae4e02d6a96b1ed155a3975910,ec7d02beb4eb163036262ce05b52c63b0441bebd5b941895e4c924d68220570e,cc899ac8362c1059db9c9e04d0482abeb9ccab897e9fe165917f2fab516d2fc3,0.0,0.0,0.0,0.0,0.0,0.0,0,0,0.0,395779038,1.0744076047998323,0.8268593149472696,0.8447888207561627,0.8684242825157816,1,600,6.0,0.35495668020657795,1.4651892566977018,4.456144150588289,11.428844755804116,0.22087897183644015,109.80458836975684,0.0,0.0,0.0,0.0,0.0,0.9716666666666667,0,3.2401651685106336,0.0,0.0,0.0,0.0,0.0,4.56081519251005e-16,4.56081519251005e-16
D1 MPC+VMC,randomized,144,estimated,none,7369af1060b4d412b7b8127416cec7df08f605ae4e02d6a96b1ed155a3975910,ec7d02beb4eb163036262ce05b52c63b0441bebd5b941895e4c924d68220570e,cc899ac8362c1059db9c9e04d0482abeb9ccab897e9fe165917f2fab516d2fc3,0.0,0.0,0.0,0.0,0.0,0.0,0,0,0.0,395779038,1.0744076047998323,0.8268593149472696,0.8447888207561627,0.8684242825157816,1,600,6.0,0.33192507385281184,1.7790455198491983,4.774073516853752,12.247398190861354,0.2260284628248156,104.21410559902644,0.0,0.0,0.0,0.0,0.0,0.9583333333333334,0,3.396044543570665,0.5243969513685441,0.0,0.0,0.0,0.0,4.974585446925396e-16,4.974585446925396e-16
D1 LQR+VMC,randomized,145,estimated,none,33b8d14cbb549a1e62cc62fa0bfa9454ed2ef954525c99c254fb9aec893c9504,a928a4961e411582748ba78f0f3a471bfb7149c89891e66183931c146be67d66,7f5454c85cbc9e2b6b78dd26c07b71633a8ec1501bccf890711c07a94fc5d1e4,0.0,0.0,0.0,0.0,0.0,0.0,0,0,0.0,604696884,1.032138722449388,0.9208704170368199,1.2157391964787247,0.8918780256418402,1,600,6.0,0.36125283610529707,1.4543042327105973,3.8664798987735183,9.295472881324867,0.2507237284876966,228.08550320093374,0.0,0.0,0.0,0.0,0.0,0.925,0,3.3146158603030647,0.0,0.0,0.0,0.0,0.0,5.366147240242976e-16,5.366147240242976e-16
D1 MPC+VMC,randomized,145,estimated,none,33b8d14cbb549a1e62cc62fa0bfa9454ed2ef954525c99c254fb9aec893c9504,a928a4961e411582748ba78f0f3a471bfb7149c89891e66183931c146be67d66,7f5454c85cbc9e2b6b78dd26c07b71633a8ec1501bccf890711c07a94fc5d1e4,0.0,0.0,0.0,0.0,0.0,0.0,0,0,0.0,604696884,1.032138722449388,0.9208704170368199,1.2157391964787247,0.8918780256418402,1,600,6.0,0.3185660365825994,1.4963622362816338,4.0794828401052,10.27209939611698,0.2237202569098438,107.90513477207644,0.0,0.0,0.0,0.0,0.0,0.995,0,3.5520115615204473,0.4297189516364597,0.0,0.0,0.0,0.0,6.713660445508648e-16,6.713660445508648e-16
D1 LQR+VMC,randomized,146,estimated,none,44a1655f8f0d87809c31899f83af456807cf7fa8e3b88efa32f6cef989bb2aed,f8a78618c5037e6fdabe4891163c0101f27eea2d7a5c9f32e2e5fa7865e773fa,99f3b50612c1f3489fd95c558e3208865c7632be7812c117d17a4d5cb116ce34,0.0,0.0,0.0,0.0,0.0,0.0,0,0,0.0,2014839443,1.0761108894023355,0.9705705341216071,0.9262106578526572,0.917880647232726,1,600,6.0,0.19177033978113328,0.7525063844687405,2.2208152457927937,10.432109047976805,0.21664177370541368,78.08034471355063,0.0,0.0,0.0,0.0,0.0,1.0,0,3.750947205396181,0.0,0.0,0.0,0.0,0.0,3.063177041002834e-16,3.063177041002834e-16
D1 MPC+VMC,randomized,146,estimated,none,44a1655f8f0d87809c31899f83af456807cf7fa8e3b88efa32f6cef989bb2aed,f8a78618c5037e6fdabe4891163c0101f27eea2d7a5c9f32e2e5fa7865e773fa,99f3b50612c1f3489fd95c558e3208865c7632be7812c117d17a4d5cb116ce34,0.0,0.0,0.0,0.0,0.0,0.0,0,0,0.0,2014839443,1.0761108894023355,0.9705705341216071,0.9262106578526572,0.917880647232726,1,600,6.0,0.20374779592774017,1.082028166449505,2.5614882880098664,11.115485348308326,0.21836307957102813,61.770858648553364,0.0,0.0,0.0,0.0,0.0,0.9933333333333333,0,3.748694854898062,0.4294574973755516,0.0,0.0,0.0,0.0,3.9997922643644386e-16,3.9997922643644386e-16
D1 LQR+VMC,randomized,147,estimated,none,5941e39c5ac4ec4782677679423e4ccd675685f3eb7077e88b8e0327fc221eaa,b3e8d1cd4c6f8250ee9ad07e957ef1df79003e8fadcc56cc33749ba2f4ff969e,ff8315c11c7cd882c4f47ba404a878652d60ef771cbc12af1456c5ea4d3b24e1,0.0,0.0,0.0,0.0,0.0,0.0,0,0,0.0,1246345494,1.11768706988836,1.1519535828852017,1.0614676383973065,0.9600221712091143,1,600,6.0,0.44721932299419814,1.7168474893017316,3.96559571593304,11.393281427734857,0.2203378649763742,100.89673446372136,0.0,0.0,0.0,0.0,0.0,0.9733333333333334,0,3.1245803286192904,0.0,0.0,0.0,0.0,0.0,4.0097755518224704e-16,4.0097755518224704e-16
D1 MPC+VMC,randomized,147,estimated,none,5941e39c5ac4ec4782677679423e4ccd675685f3eb7077e88b8e0327fc221eaa,b3e8d1cd4c6f8250ee9ad07e957ef1df79003e8fadcc56cc33749ba2f4ff969e,ff8315c11c7cd882c4f47ba404a878652d60ef771cbc12af1456c5ea4d3b24e1,0.0,0.0,0.0,0.0,0.0,0.0,0,0,0.0,1246345494,1.11768706988836,1.1519535828852017,1.0614676383973065,0.9600221712091143,1,600,6.0,0.46339819593604453,2.6753094101545374,7.565223279661485,9.887518050747657,0.28901112399589024,327.9988055508497,0.0008333333333333334,0.0,0.0,0.0,0.0,0.805,0,3.110023612766356,0.32721429743105546,0.0,0.0,0.0,0.0,4.806906637879607e-16,4.806906637879607e-16
D1 LQR+VMC,randomized,148,estimated,none,ea89d0809b2eceb50e2cbea1cc7db043f5732a8f874515de723da526e5e1fcf9,36ad57737e4ba00dce497eae4b2a44ad34aa7b4dfecd8a7e8a0dce18adefab21,b1c5c2412289dd505069e46d16c880f2e7d6b22c67d0919d7613f71ab4f51ed9,0.0,0.0,0.0,0.0,0.0,0.0,0,0,0.0,1312116117,1.0402388344614464,1.0474852137614152,1.130122177440941,0.9840954979980934,1,600,6.0,0.3610980115351063,1.4774481672318185,5.706178850603425,11.05483757432017,0.21535082999122063,95.52724370640959,0.0,0.0,0.0,0.0,0.0,0.96,0,3.3135447042848747,0.0,0.0,0.0,0.0,0.0,3.9652484732127513e-16,3.9652484732127513e-16
D1 MPC+VMC,randomized,148,estimated,none,ea89d0809b2eceb50e2cbea1cc7db043f5732a8f874515de723da526e5e1fcf9,36ad57737e4ba00dce497eae4b2a44ad34aa7b4dfecd8a7e8a0dce18adefab21,b1c5c2412289dd505069e46d16c880f2e7d6b22c67d0919d7613f71ab4f51ed9,0.0,0.0,0.0,0.0,0.0,0.0,0,0,0.0,1312116117,1.0402388344614464,1.0474852137614152,1.130122177440941,0.9840954979980934,1,600,6.0,0.3874693831308102,1.9914297049647904,8.452578353164029,11.753683159779403,0.2232144360361703,107.30171627466257,0.0,0.0,0.0,0.0,0.0,0.95,0,3.3613503212387967,0.35516209754860023,0.0,0.0,0.0,0.0,5.5450188587007265e-16,5.5450188587007265e-16
D1 LQR+VMC,randomized,149,estimated,none,38d96f4a56f8b328c38c0ff6682438106aa0d34c82c9c7ca419eb4b655ba9cc6,5890120f9c3a945fee0fc3d3c7df412320de7e8ad9405442262a6f7e9c68575f,2f9f4ee3a9b2369f14a2b1993c820b192a187fccec6ff91aab413f5ccd23f7a6,0.0,0.0,0.0,0.0,0.0,0.0,0,0,0.0,1830179457,0.9180456539681073,0.9174989713286356,0.7940223325506199,0.9976903932111862,1,600,6.0,0.3303882735044196,1.641638218792456,4.568985349030729,9.190681016489837,0.2761789900738433,374.13102615221743,0.0,0.0,0.0,0.0,0.0,0.6516666666666666,0,3.4809135815745047,0.0,0.0,0.0,0.0,0.0,2.531929372497194e-16,2.531929372497194e-16
D1 MPC+VMC,randomized,149,estimated,none,38d96f4a56f8b328c38c0ff6682438106aa0d34c82c9c7ca419eb4b655ba9cc6,5890120f9c3a945fee0fc3d3c7df412320de7e8ad9405442262a6f7e9c68575f,2f9f4ee3a9b2369f14a2b1993c820b192a187fccec6ff91aab413f5ccd23f7a6,0.0,0.0,0.0,0.0,0.0,0.0,0,0,0.0,1830179457,0.9180456539681073,0.9174989713286356,0.7940223325506199,0.9976903932111862,1,600,6.0,0.29846953050711533,1.7325604460385418,5.925142263923958,7.991877681777821,0.26194220657636375,265.55638147995614,0.00010416666666666667,0.0,0.0,0.0,0.0,0.765,0,3.576728472388951,0.40391209549852614,0.0,0.0,0.0,0.0,2.8730671293725715e-16,2.8730671293725715e-16
D1 LQR+VMC,randomized,150,estimated,none,87d5ecdaec5529cc62b73f06fcdd36daa899aae44eaf54290669429a9b81c4cc,7e56980219563b71e271c8c26d045d414b38c2796bf4350f693550f6eee0f00e,97d34e35dd5c082c4b6beef6edc0732acff9b137e08da2334a36b2f9970f4f6b,0.0,0.0,0.0,0.0,0.0,0.0,0,0,0.0,1275761434,0.9010608496924545,1.2188541579664647,1.1599784371381194,0.9168649918548842,1,600,6.0,0.2809112604400581,0.9629801847931864,2.3401620837258794,15.36428021595719,0.21120816324707078,74.69366987554963,0.0,0.0,0.0,0.0,0.0,0.995,0,3.4279285710299012,0.0,0.0,0.0,0.0,0.0,3.913009357726034e-16,3.913009357726034e-16
D1 MPC+VMC,randomized,150,estimated,none,87d5ecdaec5529cc62b73f06fcdd36daa899aae44eaf54290669429a9b81c4cc,7e56980219563b71e271c8c26d045d414b38c2796bf4350f693550f6eee0f00e,97d34e35dd5c082c4b6beef6edc0732acff9b137e08da2334a36b2f9970f4f6b,0.0,0.0,0.0,0.0,0.0,0.0,0,0,0.0,1275761434,0.9010608496924545,1.2188541579664647,1.1599784371381194,0.9168649918548842,1,600,6.0,0.2751283594497698,1.3684724116019722,3.0628001725671834,16.630134287412336,0.2155325394796074,78.19379521269543,0.0,0.0,0.0,0.0,0.0,0.9833333333333333,0,3.433491158175357,0.3681220063299405,0.0,0.0,0.0,0.0,5.341382476328758e-16,5.341382476328758e-16
D1 LQR+VMC,randomized,121,estimated,none,d39bd7d6e4156a84ac798c2ba364ce72ccb56762e1fca885463c25fb2660c3c9,b5debe969d1df6635d50c0383ced2b7758db1a66006d8efd3190a9a9c1c36602,e74abfcf5d2888ed35bda0e0bbd69a0013e29c645b0978ad7c12047430415168,9.999999999999268,10.000000000000009,10.000000000000009,0.0,0.0,0.0,0,1,0.0,1673411449,1.0392194779402963,0.934056113211154,1.1857691697504076,0.9661443790880642,1,600,6.0,0.4723466015149917,3.659280673347411,14.188101130297749,12.586366529797067,0.30893399050527476,603.8125071964984,0.004583333333333333,0.0,0.0,0.0,0.0,0.5216666666666666,0,2.9644602874171326,0.0,0.0027190834079169773,0.0027190834079169773,0.4079593669682006,0.4079593669682006,0.025081337143232286,0.025081337143232286
D1 MPC+VMC,randomized,121,estimated,none,d39bd7d6e4156a84ac798c2ba364ce72ccb56762e1fca885463c25fb2660c3c9,b5debe969d1df6635d50c0383ced2b7758db1a66006d8efd3190a9a9c1c36602,e74abfcf5d2888ed35bda0e0bbd69a0013e29c645b0978ad7c12047430415168,9.999999999999268,10.000000000000009,10.000000000000009,0.0,0.0,0.0,0,1,0.0,1673411449,1.0392194779402963,0.934056113211154,1.1857691697504076,0.9661443790880642,1,600,6.0,0.21448650927301197,2.3748903109702315,6.855761407233526,8.617063010266783,0.30678917593766936,599.0817349286285,0.00125,0.0,0.0,0.0,0.0,0.46,0,3.628843083083354,0.4116259486181661,0.0018284954006601247,0.0018284954006601247,0.2907620681191317,0.2907620681191317,0.02521916030378301,0.02521916030378301
D1 LQR+VMC,randomized,122,estimated,none,4939655211662136312f0d60be5991e6de7a0e3a8d5888564c413cae0aa11159,a43e284a8bda7a9c6b9537304ee476b45e291d3a0f641aee8d330f83a4caf286,0ac108ad83c5b4564a9c2bd7a8ac18297598c870a57f1bf13cd279d9fa2ab6bd,9.999999999999268,10.000000000000009,10.000000000000009,0.0,0.0,0.0,0,1,0.0,68735084,1.0815775669389267,0.8790308005009635,0.8954298945162347,0.8918624637657828,1,600,6.0,0.233372475972515,2.6453525293962334,7.32580891522051,11.518946963338884,0.3104652282940339,620.0268002840786,0.00375,0.0,0.0,0.0,0.0,0.4766666666666667,0,3.4672015002392014,0.0,0.002957234290958945,0.002957234290958945,0.3345539731582547,0.3345539731582547,0.02386097605778076,0.02386097605778076
D1 MPC+VMC,randomized,122,estimated,none,4939655211662136312f0d60be5991e6de7a0e3a8d5888564c413cae0aa11159,a43e284a8bda7a9c6b9537304ee476b45e291d3a0f641aee8d330f83a4caf286,0ac108ad83c5b4564a9c2bd7a8ac18297598c870a57f1bf13cd279d9fa2ab6bd,9.999999999999268,10.000000000000009,10.000000000000009,0.0,0.0,0.0,0,1,0.0,68735084,1.0815775669389267,0.8790308005009635,0.8954298945162347,0.8918624637657828,1,600,6.0,0.20830751949682008,2.843204909535019,8.52360228965584,12.850612534824847,0.29768873519892713,542.1964122751519,0.004166666666666667,0.0,0.0,0.0,0.0,0.59,0,3.536587408632789,0.43121934359078284,0.0032575946597554325,0.0032575946597554325,0.27586131315662954,0.27586131315662954,0.022916863651390666,0.022916863651390666
D1 LQR+VMC,randomized,123,estimated,none,e1de0b30c29aac00209b92881bf98b35135e9f14ccd3bf431b1151e046ff0159,ad1ef676cd7e09b56d4738ddf875ae6abd6c6381fbff77aa832cc7df0175445b,18a5bce62fcd1b36732f66780d452f4821fcbf64e65a49fc799f24a8371bb98a,9.999999999999268,10.000000000000009,10.000000000000009,0.0,0.0,0.0,0,1,0.0,1101595663,1.0501174099145916,0.8242194584610002,0.7932339173021974,0.8868743621397339,1,600,6.0,0.31000441177705346,3.3050975968898033,12.877050894617156,13.974294951688325,0.3079137211604147,605.0550006717127,0.005520833333333333,0.0,0.0,0.0,0.0,0.4483333333333333,0,3.1301035042233845,0.0,0.003623290373782696,0.003623290373782696,0.39225838610874003,0.39225838610874003,0.024054811163501732,0.024054811163501732
D1 MPC+VMC,randomized,123,estimated,none,e1de0b30c29aac00209b92881bf98b35135e9f14ccd3bf431b1151e046ff0159,ad1ef676cd7e09b56d4738ddf875ae6abd6c6381fbff77aa832cc7df0175445b,18a5bce62fcd1b36732f66780d452f4821fcbf64e65a49fc799f24a8371bb98a,9.999999999999268,10.000000000000009,10.000000000000009,0.0,0.0,0.0,0,1,0.0,1101595663,1.0501174099145916,0.8242194584610002,0.7932339173021974,0.8868743621397339,1,600,6.0,0.32609534458553574,3.1937073891914327,11.766799318625791,13.15684866562841,0.3180282790964565,674.3600992514762,0.006875,0.0,0.0,0.0,0.0,0.38333333333333336,0,3.121011256286488,0.42752290319185693,0.0032964572138560436,0.0032964572138560436,0.3543698911602865,0.3543698911602865,0.024930349800946654,0.024930349800946654
D1 LQR+VMC,randomized,124,estimated,none,c4121cc0c0a69aabfd8ae1f418eae18e4284d8a31398041202c4fb76e5d1aa3f,56dcc03527552d4dd3b093e8f05fd103a605ca22ee3f8a654938347405d3380a,a85b709e1fdc1b0823b30c2fa7c166a006f2820a8e539668905a13a8f28a6e38,9.999999999999268,10.000000000000009,10.000000000000009,0.0,0.0,0.0,0,1,0.0,710665679,1.072755685088562,1.1536367108867953,1.2799384113898542,0.9996119545819131,1,600,6.0,0.33720375702128624,2.2936398388214325,5.961518186996692,9.860455821399869,0.3066371055341348,615.0013896611734,0.0008333333333333334,0.0,0.0,0.0,0.0,0.485,0,3.1013545614064317,0.0,0.002561483116828326,0.002561483116828326,0.30471002889883597,0.30471002889883597,0.023605539567428214,0.023605539567428214
D1 MPC+VMC,randomized,124,estimated,none,c4121cc0c0a69aabfd8ae1f418eae18e4284d8a31398041202c4fb76e5d1aa3f,56dcc03527552d4dd3b093e8f05fd103a605ca22ee3f8a654938347405d3380a,a85b709e1fdc1b0823b30c2fa7c166a006f2820a8e539668905a13a8f28a6e38,9.999999999999268,10.000000000000009,10.000000000000009,0.0,0.0,0.0,0,1,0.0,710665679,1.072755685088562,1.1536367108867953,1.2799384113898542,0.9996119545819131,1,600,6.0,0.3798309446828988,2.3598323483206043,7.103629258118344,10.993002619210666,0.30892660641463443,625.3494315436569,0.00020833333333333335,0.0,0.0,0.0,0.0,0.4866666666666667,0,3.0200918517213737,0.3871713968692347,0.00220440597985291,0.00220440597985291,0.3028817703092165,0.3028817703092165,0.023950867877853197,0.023950867877853197
D1 LQR+VMC,randomized,125,estimated,none,a7eb2addfedb958e6c479c2e257faf7f1782da4417b9bdc24c31232d38fc4988,bb4ef951ef18a309bcca5309ea323c4c8c1ecdbb3c39d1610cb072140f7e44e6,914d75774ba30c6a56db54679375ccfaadd459c7c0aa1f292f25b6e19d80084a,9.999999999999268,10.000000000000009,10.000000000000009,0.0,0.0,0.0,0,1,0.0,1310839343,1.0873848863921922,1.0221424887299229,0.9036051544398931,0.8859215154175284,1,600,6.0,0.2612210994257719,2.1791972360141996,6.8525288656691625,12.043442039745164,0.3100225839703275,616.6448287091284,0.0015625,0.0,0.0,0.0,0.0,0.3566666666666667,0,3.3937892157746075,0.0,0.0020686609110984406,0.0020686609110984406,0.2979174860002648,0.2979174860002648,0.02319147656079223,0.02319147656079223
D1 MPC+VMC,randomized,125,estimated,none,a7eb2addfedb958e6c479c2e257faf7f1782da4417b9bdc24c31232d38fc4988,bb4ef951ef18a309bcca5309ea323c4c8c1ecdbb3c39d1610cb072140f7e44e6,914d75774ba30c6a56db54679375ccfaadd459c7c0aa1f292f25b6e19d80084a,9.999999999999268,10.000000000000009,10.000000000000009,0.0,0.0,0.0,0,1,0.0,1310839343,1.0873848863921922,1.0221424887299229,0.9036051544398931,0.8859215154175284,1,600,6.0,0.2435271089242248,2.293912397375284,7.07548359273126,12.914697645432064,0.3134063684926434,634.7363441550303,0.0016666666666666668,0.0,0.0,0.0,0.0,0.3883333333333333,0,3.450998688258262,0.7554995994723867,0.0020768060553127002,0.0020768060553127002,0.28655481730990795,0.28655481730990795,0.024197936660596848,0.024197936660596848
D1 LQR+VMC,randomized,126,estimated,none,42d8e017dfbb20e42039438547d6cc422dd918886ce3a0e4b0e83520f12bf248,7e34e269b9e4c594bb8f35e9d4a3172a2706dc0dbf9e4a7f6646ccc74f04a7d2,4368ac9633458cadbb1cf90e6687b644fae3ec826c6cfd36abd6148a71e0569c,9.999999999999268,10.000000000000009,10.000000000000009,0.0,0.0,0.0,0,1,0.0,1674426195,0.9013587367131051,1.2237911483370425,0.6929830915399516,1.0458088405818775,1,600,6.0,0.4029068156411063,2.265912246645435,6.853071560400035,14.931712288716632,0.2954013649890027,531.4354171326514,0.0003125,0.0,0.0,0.0,0.0,0.33,0,3.2146850157449007,0.0,0.0029330861518458797,0.0029330861518458797,0.30657430160773796,0.30657430160773796,0.02234317010843706,0.02234317010843706
D1 MPC+VMC,randomized,126,estimated,none,42d8e017dfbb20e42039438547d6cc422dd918886ce3a0e4b0e83520f12bf248,7e34e269b9e4c594bb8f35e9d4a3172a2706dc0dbf9e4a7f6646ccc74f04a7d2,4368ac9633458cadbb1cf90e6687b644fae3ec826c6cfd36abd6148a71e0569c,9.999999999999268,10.000000000000009,10.000000000000009,0.0,0.0,0.0,0,1,0.0,1674426195,0.9013587367131051,1.2237911483370425,0.6929830915399516,1.0458088405818775,1,600,6.0,0.37439073800480877,2.20200717145964,8.316688531850117,14.621921583405337,0.29725878139477063,539.2253613340895,0.0008333333333333334,0.0,0.0,0.0,0.0,0.35333333333333333,0,3.313680461185168,0.3997799030912574,0.0027982564671413662,0.0027982564671413662,0.29859233373200395,0.29859233373200395,0.022341998685261533,0.022341998685261533
D1 LQR+VMC,randomized,127,estimated,none,1a849d84f1be26e1e6f2c3be0da641635190738d1d167c6cec18c5fa01ac4b20,a62c253f96362a1932f78e665abbdd76f1d8b14ac646a1581a89059be1307721,5442a6cf68dc2c9e2969d106d711d003a04b7fb1b08d819a1b64e45f42bb758b,9.999999999999268,10.000000000000009,10.000000000000009,0.0,0.0,0.0,0,1,0.0,1970055044,0.9137426449013422,0.8943347555404323,0.8445661120289889,1.032011400718582,1,600,6.0,0.5128118189665641,3.197342375237282,12.835180840345707,13.648144310656443,0.30716965265636603,604.1767435221815,0.0030208333333333333,0.0,0.0,0.0,0.0,0.375,0,2.7760160461319505,0.0,0.0024735626753800456,0.0024735626753800456,0.3660166799325404,0.3660166799325404,0.026283396632491293,0.026283396632491293
D1 MPC+VMC,randomized,127,estimated,none,1a849d84f1be26e1e6f2c3be0da641635190738d1d167c6cec18c5fa01ac4b20,a62c253f96362a1932f78e665abbdd76f1d8b14ac646a1581a89059be1307721,5442a6cf68dc2c9e2969d106d711d003a04b7fb1b08d819a1b64e45f42bb758b,9.999999999999268,10.000000000000009,10.000000000000009,0.0,0.0,0.0,0,1,0.0,1970055044,0.9137426449013422,0.8943347555404323,0.8445661120289889,1.032011400718582,1,600,6.0,0.4680243129367604,2.814169107627762,10.786457392114452,12.263895076321555,0.3084990366473061,603.9361763810047,0.0015625,0.0,0.0,0.0,0.0,0.35,0,2.949514990256907,0.4204337987175676,0.0028215834880602904,0.0028215834880602904,0.3554356103742063,0.3554356103742063,0.02540227287695052,0.02540227287695052
D1 LQR+VMC,randomized,128,estimated,none,e2883873ba146e24e621af690cd24a6fb2cb64fe0d1883997e4b469ea99f21f7,83afc90a16a7011b633737ed84c6fb0050114b95c3a0e43580bfe50e30db52d3,f264bc56105f346b743ed9cc737b447d90e0ad7b0e40a4e50b989527a8dace15,9.999999999999268,10.000000000000009,10.000000000000009,0.0,0.0,0.0,0,1,0.0,1868001214,1.045019446205385,1.012452313136684,0.9318185060008339,0.9307867869801847,1,600,6.0,0.5227478495909302,3.314900249267902,13.094540032979328,14.84416307954346,0.3190644931014064,668.7568293013757,0.004791666666666666,0.0,0.0,0.0,0.0,0.37166666666666665,0,2.755618474681531,0.0,0.0025582034822232724,0.0025582034822232724,0.3860918569211549,0.3860918569211549,0.024353786503563325,0.024353786503563325
D1 MPC+VMC,randomized,128,estimated,none,e2883873ba146e24e621af690cd24a6fb2cb64fe0d1883997e4b469ea99f21f7,83afc90a16a7011b633737ed84c6fb0050114b95c3a0e43580bfe50e30db52d3,f264bc56105f346b743ed9cc737b447d90e0ad7b0e40a4e50b989527a8dace15,9.999999999999268,10.000000000000009,10.000000000000009,0.0,0.0,0.0,0,1,0.0,1868001214,1.045019446205385,1.012452313136684,0.9318185060008339,0.9307867869801847,1,600,6.0,0.5364933520063446,3.2194385540726973,8.438615584881754,14.351830127447068,0.3215996656456026,673.8647937334747,0.003958333333333334,0.0,0.0,0.0,0.0,0.35833333333333334,0,2.6952200275889093,0.5296964627632406,0.0028152791666604562,0.0028152791666604562,0.33750579508716677,0.33750579508716677,0.025489044564182252,0.025489044564182252
D1 LQR+VMC,randomized,129,estimated,none,17e0941321db741d72fa01bdd838576f58ebcf57b4b46c5edffc1e263ebf3fd8,6496453d5a69277a86195d7bfdbbe46fbe2670ee348b85071fecbe32c5511a2c,d434493f82dd146ecf9d5efde69e8b1b6c67918401d4b091968f789d59678a88,9.999999999999268,10.000000000000009,10.000000000000009,0.0,0.0,0.0,0,1,0.0,416791227,0.9845496018142563,0.9052567452854112,1.2337830868118964,1.0285116701786272,1,600,6.0,0.5729148013942125,4.102262733065317,11.781337371004833,13.987886833431812,0.31131785222638814,647.4576876285876,0.005,0.0,0.0,0.0,0.0,0.4716666666666667,0,2.694516109280547,0.0,0.003983600619306557,0.003983600619306557,0.445544973453366,0.445544973453366,0.026925367173036015,0.026925367173036015
D1 MPC+VMC,randomized,129,estimated,none,17e0941321db741d72fa01bdd838576f58ebcf57b4b46c5edffc1e263ebf3fd8,6496453d5a69277a86195d7bfdbbe46fbe2670ee348b85071fecbe32c5511a2c,d434493f82dd146ecf9d5efde69e8b1b6c67918401d4b091968f789d59678a88,9.999999999999268,10.000000000000009,10.000000000000009,0.0,0.0,0.0,0,1,0.0,416791227,0.9845496018142563,0.9052567452854112,1.2337830868118964,1.0285116701786272,1,600,6.0,0.6397934830947914,5.076386367148134,18.346991981085388,16.21970783765654,0.30787604001553726,633.2101570338632,0.004166666666666667,0.0,0.0,0.0,0.0,0.44666666666666666,0,2.7360713035527406,0.38034644676372403,0.004691869464750021,0.004691869464750021,0.5240265723462381,0.5240265723462381,0.028310577141934024,0.028310577141934024
D1 LQR+VMC,randomized,130,estimated,none,982481780d3b1840d7766756d15388d94fd964f0a4d4a6ca198ddd2c21004bfd,f26470b0ae52d06a3a61c0b168230e39b8d37486347b1db9b1a210d0dcdc7dd7,316f9e50677b0e2563516cf65a5d247cd9025f2f98bfa1770e678d0d98c3ca02,9.999999999999268,10.000000000000009,10.000000000000009,0.0,0.0,0.0,0,1,0.0,893793182,0.9997216871705642,0.8351152271187723,0.8488619829931543,0.9314115641439593,1,600,6.0,0.44151003836199043,2.8908136174942185,7.057499178629563,13.302816531588142,0.31432182217833887,659.3381315350924,0.0032291666666666666,0.0,0.0,0.0,0.0,0.325,0,2.71309557615699,0.0,0.0020873402501037537,0.0020873402501037537,0.3462670555589224,0.3462670555589224,0.024941236837417637,0.024941236837417637
D1 MPC+VMC,randomized,130,estimated,none,982481780d3b1840d7766756d15388d94fd964f0a4d4a6ca198ddd2c21004bfd,f26470b0ae52d06a3a61c0b168230e39b8d37486347b1db9b1a210d0dcdc7dd7,316f9e50677b0e2563516cf65a5d247cd9025f2f98bfa1770e678d0d98c3ca02,9.999999999999268,10.000000000000009,10.000000000000009,0.0,0.0,0.0,0,1,0.0,893793182,0.9997216871705642,0.8351152271187723,0.8488619829931543,0.9314115641439593,1,600,6.0,0.40773063593028513,2.4372249494684466,8.505594517315675,13.076060076080763,0.30572554917102523,611.6939873625122,0.0,0.0,0.0,0.0,0.0,0.275,0,3.0586760001208253,0.38365225991583424,0.0032679312402508244,0.0032679312402508244,0.3238538729214205,0.3238538729214205,0.023617745893215084,0.023617745893215084
D1 LQR+VMC,randomized,131,estimated,none,76a27ea5906881f1d5b69ae47404917d0e486cb7c9e885c53efb0caa35b76639,ff5ad5fec0545ac41879319246e8552be77ad07bff5dc7f83e087c1ca46f6150,139f4bd89952f52e6be1011033bc41e4cca6e55c0c59dc6fa73052dcedb7def1,9.999999999999268,10.000000000000009,10.000000000000009,0.0,0.0,0.0,0,1,0.0,1688742133,1.0422219766542375,1.070517012206352,0.9960171566159062,0.8798084705107636,1,600,6.0,0.36751702560899135,3.679476502092463,14.485437193931993,11.523494120700027,0.3196434857025531,651.6359047736918,0.006145833333333333,0.0,0.0,0.0,0.0,0.43333333333333335,0,3.212060103695293,0.0,0.0037937073674219053,0.0037937073674219053,0.36494347326676785,0.36494347326676785,0.025037621724261477,0.025037621724261477
D1 MPC+VMC,randomized,131,estimated,none,76a27ea5906881f1d5b69ae47404917d0e486cb7c9e885c53efb0caa35b76639,ff5ad5fec0545ac41879319246e8552be77ad07bff5dc7f83e087c1ca46f6150,139f4bd89952f52e6be1011033bc41e4cca6e55c0c59dc6fa73052dcedb7def1,9.999999999999268,10.000000000000009,10.000000000000009,0.0,0.0,0.0,0,1,0.0,1688742133,1.0422219766542375,1.070517012206352,0.9960171566159062,0.8798084705107636,1,600,6.0,0.29626039320098835,3.4156572586134617,9.23719162251552,12.292368863532088,0.32202952939092044,665.7199480106326,0.005104166666666667,0.0,0.0,0.0,0.0,0.45166666666666666,0,3.2867670055129965,0.4230921098496764,0.003516638954433351,0.003516638954433351,0.2957986851452946,0.2957986851452946,0.026389017958075023,0.026389017958075023
D1 LQR+VMC,randomized,132,estimated,none,1b7a7fa154a79a1a794ef8404ffae0140f1e2719b839857e5b38d3674739729e,a95af400eafe9bb70db4211a1b6cad8f95b86f8f7ee2152f9bdd03101eec6a00,97773864824d9f513bf336faa02df65b28157aaf7a08fac256caf5ccb04ae4b1,9.999999999999268,10.000000000000009,10.000000000000009,0.0,0.0,0.0,0,1,0.0,2119130811,0.9313722913777985,1.1620996281206688,1.1343696282482012,1.0264743128609943,1,600,6.0,0.40969708604587535,2.5454506799947074,6.4423814003125255,12.385361146553448,0.3077308318550133,605.4492146276413,0.0014583333333333334,0.0,0.0,0.0,0.0,0.3883333333333333,0,2.996101420049605,0.0,0.0019039297930287806,0.0019039297930287806,0.2944148126124979,0.2944148126124979,0.026385584920742697,0.026385584920742697
D1 MPC+VMC,randomized,132,estimated,none,1b7a7fa154a79a1a794ef8404ffae0140f1e2719b839857e5b38d3674739729e,a95af400eafe9bb70db4211a1b6cad8f95b86f8f7ee2152f9bdd03101eec6a00,97773864824d9f513bf336faa02df65b28157aaf7a08fac256caf5ccb04ae4b1,9.999999999999268,10.000000000000009,10.000000000000009,0.0,0.0,0.0,0,1,0.0,2119130811,0.9313722913777985,1.1620996281206688,1.1343696282482012,1.0264743128609943,1,600,6.0,0.28703972239767317,1.8789701116894795,5.964872559002394,12.071003886211718,0.30673363180210567,611.9593223489845,0.00010416666666666667,0.0,0.0,0.0,0.0,0.31666666666666665,0,3.3751775155420596,0.4069637456268538,0.0018928507634440222,0.0018928507634440222,0.28518817153625486,0.28518817153625486,0.0255337890344733,0.0255337890344733
D1 LQR+VMC,randomized,133,estimated,none,0b94059643ae46500cab0b554894e068285669652369926e590e904fef68fe14,88ee8ee7ed9c598c83e9212cf32484a798c61f0b2b386a02b301df25b9ea2174,afe678e0be7bc00032e3029306cea0d57f6eae2a10144e13e8944aeeed0db396,9.999999999999268,10.000000000000009,10.000000000000009,0.0,0.0,0.0,0,1,0.0,1614274294,1.1145332790015046,1.030492392512524,0.8845519031870943,0.9652460868393753,1,600,6.0,0.5418608241133906,3.2783525086158622,10.308981849465816,17.501180054329062,0.3139699214071773,632.5002675113402,0.0032291666666666666,0.0,0.0,0.0,0.0,0.425,0,2.88293501213754,0.0,0.003343966050431153,0.003343966050431153,0.3634539145479929,0.3634539145479929,0.023351090039560825,0.023351090039560825
D1 MPC+VMC,randomized,133,estimated,none,0b94059643ae46500cab0b554894e068285669652369926e590e904fef68fe14,88ee8ee7ed9c598c83e9212cf32484a798c61f0b2b386a02b301df25b9ea2174,afe678e0be7bc00032e3029306cea0d57f6eae2a10144e13e8944aeeed0db396,9.999999999999268,10.000000000000009,10.000000000000009,0.0,0.0,0.0,0,1,0.0,1614274294,1.1145332790015046,1.030492392512524,0.8845519031870943,0.9652460868393753,1,600,6.0,0.49913222628865006,2.9437686461139863,8.435942300733359,15.108865890808454,0.31729378931635027,639.74968437779,0.0030208333333333333,0.0,0.0,0.0,0.0,0.4483333333333333,0,2.974439281173084,0.4220279610308353,0.003134090767285538,0.003134090767285538,0.3018958015665219,0.3018958015665219,0.024282839723057583,0.024282839723057583
D1 LQR+VMC,randomized,134,estimated,none,a39177103c65712762f5f04919c9f5274a194352e7123d9be3b9948a777d5f18,e5aa3494343ca1e2e74a96e6584c51d67767c742dba2d2414bc3e277645502c2,04b94d00ab801877e626a964194f0c3537e3fd83cc8094321bb7d2c5acf85f64,9.999999999999268,10.000000000000009,10.000000000000009,0.0,0.0,0.0,0,1,0.0,1294581413,1.1130639464762684,1.0269182989567793,1.0037205315584476,1.0060237377134706,1,600,6.0,0.3333919526872126,2.642288511941576,6.46318024717327,12.219246155735178,0.3130027121938332,628.8772949338314,0.0009375,0.0,0.0,0.0,0.0,0.4216666666666667,0,3.234692021623283,0.0,0.0019101937755495089,0.0019101937755495089,0.31310284896009455,0.31310284896009455,0.024442896925529107,0.024442896925529107
D1 MPC+VMC,randomized,134,estimated,none,a39177103c65712762f5f04919c9f5274a194352e7123d9be3b9948a777d5f18,e5aa3494343ca1e2e74a96e6584c51d67767c742dba2d2414bc3e277645502c2,04b94d00ab801877e626a964194f0c3537e3fd83cc8094321bb7d2c5acf85f64,9.999999999999268,10.000000000000009,10.000000000000009,0.0,0.0,0.0,0,1,0.0,1294581413,1.1130639464762684,1.0269182989567793,1.0037205315584476,1.0060237377134706,1,600,6.0,0.29044969817363286,2.5377410185785854,5.818148112325404,12.055128339543936,0.3144509585380429,630.8286266528472,0.0,0.0,0.0,0.0,0.0,0.3883333333333333,0,3.372537598318686,0.6997001488343806,0.001973579787177594,0.001973579787177594,0.29396184183109836,0.29396184183109836,0.02466596713646891,0.02466596713646891
D1 LQR+VMC,randomized,135,estimated,none,7fec012b780b26dceeff8fcdf03c1f75327ac70e5016705f4638573a235e243d,fab0fc12d16737fe6eb716cd2a5f6c6fc87baa068da5b69d3acc7c61a7d47e9b,0d87a13e27a69a8987063aa300e1b59dff2a4ffee4805f18d736ae42b38539ba,9.999999999999268,10.000000000000009,10.000000000000009,0.0,0.0,0.0,0,1,0.0,1194058859,1.0206111294275515,0.9263370497375614,1.235489406189609,1.0474239035632644,1,600,6.0,0.4007813087275311,4.207789401940381,17.043892333481526,12.225880896426906,0.3219219984207579,696.5126271569576,0.005,0.0,0.0,0.0,0.0,0.4666666666666667,0,2.9277681343103357,0.0,0.0037781552527386625,0.0037781552527386625,0.42115588343823146,0.42115588343823146,0.02726189370864543,0.02726189370864543
D1 MPC+VMC,randomized,135,estimated,none,7fec012b780b26dceeff8fcdf03c1f75327ac70e5016705f4638573a235e243d,fab0fc12d16737fe6eb716cd2a5f6c6fc87baa068da5b69d3acc7c61a7d47e9b,0d87a13e27a69a8987063aa300e1b59dff2a4ffee4805f18d736ae42b38539ba,9.999999999999268,10.000000000000009,10.000000000000009,0.0,0.0,0.0,0,1,0.0,1194058859,1.0206111294275515,0.9263370497375614,1.235489406189609,1.0474239035632644,1,600,6.0,0.2932508619154935,2.9684128543818047,7.171135608614617,10.543786315470719,0.31770567942198963,670.6853773339951,0.0013541666666666667,0.0,0.0,0.0,0.0,0.43,0,3.2569852881805064,0.418872051523067,0.0029910764061987314,0.0029910764061987314,0.3065814058510659,0.3065814058510659,0.027885936552537613,0.027885936552537613
D1 LQR+VMC,randomized,136,estimated,none,0db306068b7c011feae0531150b3f30808f457f349038797bc861f83e4799273,aa3c03f2dc321410810d0d3c01d85cd887d66914cbe53aeb68451c11b9feb39d,2aea97535df493f98c03800605956032f985957982d2b6786b8f561d57a85950,9.999999999999268,10.000000000000009,10.000000000000009,0.0,0.0,0.0,0,1,0.0,1120340089,0.9280372446023853,0.8316009993033402,0.7257125674497298,0.9243368589466237,1,600,6.0,0.4185551302467591,2.48427139265866,7.79746749698187,13.7683368949807,0.30169973758426694,608.4639740634226,0.0015625,0.0,0.0,0.0,0.0,0.2916666666666667,0,3.0013412783186153,0.0,0.0025086520054335894,0.0025086520054335894,0.3168718616310004,0.3168718616310004,0.02507351706430905,0.02507351706430905
D1 MPC+VMC,randomized,136,estimated,none,0db306068b7c011feae0531150b3f30808f457f349038797bc861f83e4799273,aa3c03f2dc321410810d0d3c01d85cd887d66914cbe53aeb68451c11b9feb39d,2aea97535df493f98c03800605956032f985957982d2b6786b8f561d57a85950,9.999999999999268,10.000000000000009,10.000000000000009,0.0,0.0,0.0,0,1,0.0,1120340089,0.9280372446023853,0.8316009993033402,0.7257125674497298,0.9243368589466237,1,600,6.0,0.4395022684198663,2.723822811319323,10.375777722110369,10.986129662205338,0.31273823523716676,655.144277970619,0.0032291666666666666,0.0,0.0,0.0,0.0,0.28833333333333333,0,2.9958135423216405,0.41833919385680923,0.002521956939051116,0.002521956939051116,0.3539146190313162,0.3539146190313162,0.02469011128217096,0.02469011128217096
D1 LQR+VMC,randomized,137,estimated,none,45705da51ac419e33accfd4c090bed0e347053be488a8588d591784693ba85ae,06841b06f017018e694a03c665f528c6a3027297860f2640785ac8eab21d8721,d83880bc0cb1152d00cf19bb79c68646cc4a38016c00016e2cad3bf2e9ed63be,9.999999999999268,10.000000000000009,10.000000000000009,0.0,0.0,0.0,0,1,0.0,1784943886,1.0888000513445704,0.9237705849939278,0.9275175429514981,0.9750643930020666,1,600,6.0,0.5431043943177736,3.1758727062598786,10.389067874873847,13.134848437703988,0.311812195257726,629.5142563816889,0.0021875,0.0,0.0,0.0,0.0,0.4083333333333333,0,3.0301212861784173,0.0,0.00214920338176954,0.00214920338176954,0.3343130232006669,0.3343130232006669,0.022524718522332395,0.022524718522332395
D1 MPC+VMC,randomized,137,estimated,none,45705da51ac419e33accfd4c090bed0e347053be488a8588d591784693ba85ae,06841b06f017018e694a03c665f528c6a3027297860f2640785ac8eab21d8721,d83880bc0cb1152d00cf19bb79c68646cc4a38016c00016e2cad3bf2e9ed63be,9.999999999999268,10.000000000000009,10.000000000000009,0.0,0.0,0.0,0,1,0.0,1784943886,1.0888000513445704,0.9237705849939278,0.9275175429514981,0.9750643930020666,1,600,6.0,0.4390545989845039,2.950767128898317,8.562861080185431,13.828525177537003,0.3195852084374484,669.5517046257908,0.0032291666666666666,0.0,0.0,0.0,0.0,0.395,0,3.0571211266717957,0.5302701079926915,0.002090254374786331,0.002090254374786331,0.3276535496853259,0.3276535496853259,0.02481231221387355,0.02481231221387355
D1 LQR+VMC,randomized,138,estimated,none,7ceb90b93b6b62fe85280e07425ca36c9062afc1a65547d29ecbecddf4b8f940,69fc3f8b5a24da730923cc3f9b8ed89d42e9bf1e571ebe5dfd998b4c85716a46,c2328e8d35ca9c78119b64eabc6de33acfc896e10b586c8fb14259d17d551b4d,9.999999999999268,10.000000000000009,10.000000000000009,0.0,0.0,0.0,0,1,0.0,770206952,1.0260864405663987,1.1534392747267768,1.014310206220799,1.037683491019551,1,600,6.0,0.42928182218633876,2.3851346494622674,6.4979906956794355,10.886211586703226,0.3051510840848836,576.8893636347301,0.000625,0.0,0.0,0.0,0.0,0.44333333333333336,0,3.07580453317089,0.0,0.0023135369054673766,0.0023135369054673766,0.28002403226780703,0.28002403226780703,0.023835775012341888,0.023835775012341888
D1 MPC+VMC,randomized,138,estimated,none,7ceb90b93b6b62fe85280e07425ca36c9062afc1a65547d29ecbecddf4b8f940,69fc3f8b5a24da730923cc3f9b8ed89d42e9bf1e571ebe5dfd998b4c85716a46,c2328e8d35ca9c78119b64eabc6de33acfc896e10b586c8fb14259d17d551b4d,9.999999999999268,10.000000000000009,10.000000000000009,0.0,0.0,0.0,0,1,0.0,770206952,1.0260864405663987,1.1534392747267768,1.014310206220799,1.037683491019551,1,600,6.0,0.419568456887127,2.721573184722824,8.439887612371797,12.237490966908398,0.30495336044482707,571.9444588324781,0.0013541666666666667,0.0,0.0,0.0,0.0,0.4716666666666667,0,3.2410603538600755,0.3924578893929719,0.002956113520273085,0.002956113520273085,0.31332946173434056,0.31332946173434056,0.02369185839921047,0.02369185839921047
D1 LQR+VMC,randomized,139,estimated,none,3cc5f8177aa69d734d8d895c1ad39c1db6fa809e20957d7f562260e42c6e8c58,cee5681ffa8f68cc5bc77403c32637cc51c3383a36191b1f9e5b3a09255b2f07,4c8ab5c8cd96305a26acb2a100f14b68867573749283126eb4b1b395604a4aa9,9.999999999999268,10.000000000000009,10.000000000000009,0.0,0.0,0.0,0,1,0.0,171634240,0.9916877504478899,1.0601320918636594,0.7421981782903972,0.8648196297883745,1,600,6.0,0.4518940572670167,2.643489265675814,8.111906012904281,10.783908508014541,0.30665830683239864,597.0431955979561,0.004479166666666667,0.0,0.0,0.0,0.0,0.3383333333333333,0,2.945812127387906,0.0,0.0018919374157778147,0.0018919374157778147,0.32286422712530294,0.32286422712530294,0.024893667722727032,0.024893667722727032
D1 MPC+VMC,randomized,139,estimated,none,3cc5f8177aa69d734d8d895c1ad39c1db6fa809e20957d7f562260e42c6e8c58,cee5681ffa8f68cc5bc77403c32637cc51c3383a36191b1f9e5b3a09255b2f07,4c8ab5c8cd96305a26acb2a100f14b68867573749283126eb4b1b395604a4aa9,9.999999999999268,10.000000000000009,10.000000000000009,0.0,0.0,0.0,0,1,0.0,171634240,0.9916877504478899,1.0601320918636594,0.7421981782903972,0.8648196297883745,1,600,6.0,0.2964969872941934,1.9908468994698514,5.8076321552951775,9.620163829770036,0.3025515462400287,589.3856295419424,0.00020833333333333335,0.0,0.0,0.0,0.0,0.305,0,3.418610374418666,0.39650534963584494,0.0027365337093467725,0.0027365337093467725,0.2702134150876617,0.2702134150876617,0.024116751566109196,0.024116751566109196
D1 LQR+VMC,randomized,140,estimated,none,1f9ba259b01012022eeaefd520c99ecbbcbb63fb470b826163d5a4a613839a87,e97a194402d605c4f51a77c2b32c740b3d5ffbeb57c2eb9a787edc464822d293,113f43b25342c8709a89648bb9ba166cb38f80cdf57f50fc83319db0c384f934,9.999999999999268,10.000000000000009,10.000000000000009,0.0,0.0,0.0,0,1,0.0,216240565,1.0468764109858262,1.0796083124508884,1.1096043279598042,0.8946372269760438,1,600,6.0,0.35528500629752097,2.191468996733546,7.03218286786441,12.052337748300051,0.2960298380584362,522.3071084387034,0.0015625,0.0,0.0,0.0,0.0,0.5716666666666667,0,3.1274731736487458,0.0,0.0016433605637157496,0.0016433605637157496,0.2928884865728945,0.2928884865728945,0.021397695259342053,0.021397695259342053
D1 MPC+VMC,randomized,140,estimated,none,1f9ba259b01012022eeaefd520c99ecbbcbb63fb470b826163d5a4a613839a87,e97a194402d605c4f51a77c2b32c740b3d5ffbeb57c2eb9a787edc464822d293,113f43b25342c8709a89648bb9ba166cb38f80cdf57f50fc83319db0c384f934,9.999999999999268,10.000000000000009,10.000000000000009,0.0,0.0,0.0,0,1,0.0,216240565,1.0468764109858262,1.0796083124508884,1.1096043279598042,0.8946372269760438,1,600,6.0,0.3527342980735664,1.9468913575758884,6.080233700256414,10.877139777566242,0.29426540355232084,511.7579172730634,0.00020833333333333335,0.0,0.0,0.0,0.0,0.5433333333333333,0,3.204676412146116,0.3958366040023975,0.0015194150083692967,0.0015194150083692967,0.27434009833766065,0.27434009833766065,0.021472602239748492,0.021472602239748492
D1 LQR+VMC,randomized,141,estimated,none,c77b80ac6393660aaccfc980392fc2cf8ccfe61c87168a4ac1e4fcc852f393ad,695a926545c5c8724a3fe1f51f39a1eaac9d01192e9c20d09835be872f96ed8d,b1913b46d1d8fb972661e5aa67908990784702930ea7404de65006b7bfa14e0d,9.999999999999268,10.000000000000009,10.000000000000009,0.0,0.0,0.0,0,1,0.0,1579618222,1.0619852316253795,1.2488134642576083,0.6512005159852253,0.8862314635231168,1,600,6.0,0.26962538391189234,2.0671252128553426,7.425959228783613,11.83722787745906,0.2881254488533697,475.75214735443734,0.0020833333333333333,0.0,0.0,0.0,0.0,0.5166666666666667,0,3.4146181739270984,0.0,0.0028832325677523207,0.0028832325677523207,0.26879464122006463,0.26879464122006463,0.019971442036877358,0.019971442036877358
D1 MPC+VMC,randomized,141,estimated,none,c77b80ac6393660aaccfc980392fc2cf8ccfe61c87168a4ac1e4fcc852f393ad,695a926545c5c8724a3fe1f51f39a1eaac9d01192e9c20d09835be872f96ed8d,b1913b46d1d8fb972661e5aa67908990784702930ea7404de65006b7bfa14e0d,9.999999999999268,10.000000000000009,10.000000000000009,0.0,0.0,0.0,0,1,0.0,1579618222,1.0619852316253795,1.2488134642576083,0.6512005159852253,0.8862314635231168,1,600,6.0,0.28577232840292777,2.027941441536552,5.228774269978111,9.793326827040504,0.28456593877727315,427.1935045666949,0.0008333333333333334,0.0,0.0,0.0,0.0,0.5766666666666667,0,3.46451871174862,0.5262249054794658,0.00249734153783861,0.00249734153783861,0.21735933934150176,0.21735933934150176,0.018675789490587142,0.018675789490587142
D1 LQR+VMC,randomized,142,estimated,none,cdcaa98f73ab12f905730d545f15236260f730322e62cfdaf2be1216f6c32b82,08111758dc0042e1b28b156e540ce96857b81190bec65f45933ec367c29d9ba5,99e2abc733b90cf74a558a5663e3386ab2e10be2104a67be600370f8b2864273,9.999999999999268,10.000000000000009,10.000000000000009,0.0,0.0,0.0,0,1,0.0,1188754629,0.9049038144441932,0.8483710141125314,1.0710901939059994,1.0421396301432335,1,600,6.0,0.4771754156004003,3.5405508845289373,13.064376192791645,12.686653463615794,0.31434243428962366,681.0349342024213,0.00375,0.0,0.0,0.0,0.0,0.35,0,2.84354149138027,0.0,0.0028355126361250442,0.0028355126361250442,0.4031507190168479,0.4031507190168479,0.029319621053333935,0.029319621053333935
D1 MPC+VMC,randomized,142,estimated,none,cdcaa98f73ab12f905730d545f15236260f730322e62cfdaf2be1216f6c32b82,08111758dc0042e1b28b156e540ce96857b81190bec65f45933ec367c29d9ba5,99e2abc733b90cf74a558a5663e3386ab2e10be2104a67be600370f8b2864273,9.999999999999268,10.000000000000009,10.000000000000009,0.0,0.0,0.0,0,1,0.0,1188754629,0.9049038144441932,0.8483710141125314,1.0710901939059994,1.0421396301432335,1,600,6.0,0.3550351975819917,2.4665011305268503,5.9762189157557755,10.600535748920139,0.3181718634403337,712.14060103071,0.0026041666666666665,0.0,0.0,0.0,0.0,0.3,0,3.1487862928140844,2.5447887499467456,0.0023662015090888436,0.0023662015090888436,0.31333649607091746,0.31333649607091746,0.029875290058110963,0.029875290058110963
D1 LQR+VMC,randomized,143,estimated,none,4d7f5b92acd571dbd0cba44fad157d1ac44e8da1ecf15fc73a2bcceb5f655674,463c73fc00dae98d96320541191103fe95d178b75fd927f06e78e901cd12d6de,9650d822e85370a0af94d506aea494986276a28ef84dcdfcce520ec47a141481,9.999999999999268,10.000000000000009,10.000000000000009,0.0,0.0,0.0,0,1,0.0,751189641,0.9909304351460378,1.2395564452287589,0.9786749919453452,0.9808594515412972,1,600,6.0,0.22978070650556995,1.7795959280628724,5.295360163422827,12.337846875458206,0.29528001139214166,542.6037445928899,0.0,0.0,0.0,0.0,0.0,0.44666666666666666,0,3.4976950154941324,0.0,0.0018919895117784768,0.0018919895117784768,0.2829705779789677,0.2829705779789677,0.02215364524123621,0.02215364524123621
D1 MPC+VMC,randomized,143,estimated,none,4d7f5b92acd571dbd0cba44fad157d1ac44e8da1ecf15fc73a2bcceb5f655674,463c73fc00dae98d96320541191103fe95d178b75fd927f06e78e901cd12d6de,9650d822e85370a0af94d506aea494986276a28ef84dcdfcce520ec47a141481,9.999999999999268,10.000000000000009,10.000000000000009,0.0,0.0,0.0,0,1,0.0,751189641,0.9909304351460378,1.2395564452287589,0.9786749919453452,0.9808594515412972,1,600,6.0,0.25570141081369957,1.6960142522450745,5.030316122413459,11.748932277590002,0.29112971713957075,502.89467536591604,0.0,0.0,0.0,0.0,0.0,0.5383333333333333,0,3.503422636081425,0.490873050148366,0.0018485486117022591,0.0018485486117022591,0.26274980644475476,0.26274980644475476,0.02138478761187809,0.02138478761187809
D1 LQR+VMC,randomized,144,estimated,none,7369af1060b4d412b7b8127416cec7df08f605ae4e02d6a96b1ed155a3975910,ec7d02beb4eb163036262ce05b52c63b0441bebd5b941895e4c924d68220570e,cc899ac8362c1059db9c9e04d0482abeb9ccab897e9fe165917f2fab516d2fc3,9.999999999999268,10.000000000000009,10.000000000000009,0.0,0.0,0.0,0,1,0.0,395779038,1.0744076047998323,0.8268593149472696,0.8447888207561627,0.8684242825157816,1,600,6.0,0.5274995412419441,3.067811185578686,9.341162083263129,14.761222806970915,0.31025728162170985,604.4159208517286,0.004895833333333334,0.0,0.0,0.0,0.0,0.41333333333333333,0,2.8818717987761437,0.0,0.00367480714066511,0.00367480714066511,0.3502048765726057,0.3502048765726057,0.02441157840222398,0.02441157840222398
D1 MPC+VMC,randomized,144,estimated,none,7369af1060b4d412b7b8127416cec7df08f605ae4e02d6a96b1ed155a3975910,ec7d02beb4eb163036262ce05b52c63b0441bebd5b941895e4c924d68220570e,cc899ac8362c1059db9c9e04d0482abeb9ccab897e9fe165917f2fab516d2fc3,9.999999999999268,10.000000000000009,10.000000000000009,0.0,0.0,0.0,0,1,0.0,395779038,1.0744076047998323,0.8268593149472696,0.8447888207561627,0.8684242825157816,1,600,6.0,0.5143853535842342,3.7935000456031713,15.452605075681436,15.957231931438283,0.31035248784228436,626.2027826726649,0.006145833333333333,0.0,0.0,0.0,0.0,0.4266666666666667,0,2.6607466228440932,0.4072895499120932,0.0034571855691603107,0.0034571855691603107,0.4331828295789163,0.4331828295789163,0.022370487615212955,0.022370487615212955
D1 LQR+VMC,randomized,145,estimated,none,33b8d14cbb549a1e62cc62fa0bfa9454ed2ef954525c99c254fb9aec893c9504,a928a4961e411582748ba78f0f3a471bfb7149c89891e66183931c146be67d66,7f5454c85cbc9e2b6b78dd26c07b71633a8ec1501bccf890711c07a94fc5d1e4,9.999999999999268,10.000000000000009,10.000000000000009,0.0,0.0,0.0,0,1,0.0,604696884,1.032138722449388,0.9208704170368199,1.2157391964787247,0.8918780256418402,1,600,6.0,0.32284039243296525,2.5023175562248445,6.122881265748037,12.653914063414284,0.31580780770810546,678.992661275599,0.0026041666666666665,0.0,0.0,0.0,0.0,0.4166666666666667,0,3.1503703730830486,0.0,0.002350732752656369,0.002350732752656369,0.35508242632980147,0.35508242632980147,0.025743722784880768,0.025743722784880768
D1 MPC+VMC,randomized,145,estimated,none,33b8d14cbb549a1e62cc62fa0bfa9454ed2ef954525c99c254fb9aec893c9504,a928a4961e411582748ba78f0f3a471bfb7149c89891e66183931c146be67d66,7f5454c85cbc9e2b6b78dd26c07b71633a8ec1501bccf890711c07a94fc5d1e4,9.999999999999268,10.000000000000009,10.000000000000009,0.0,0.0,0.0,0,1,0.0,604696884,1.032138722449388,0.9208704170368199,1.2157391964787247,0.8918780256418402,1,600,6.0,0.3014725582126366,2.072583922089494,5.297785079511363,10.788524960023397,0.3144296108124485,680.9742590692125,0.0030208333333333333,0.0,0.0,0.0,0.0,0.385,0,3.367614363143956,0.41605550723033957,0.0027343403672741382,0.0027343403672741382,0.32186864032442125,0.32186864032442125,0.02698261379247055,0.02698261379247055
D1 LQR+VMC,randomized,146,estimated,none,44a1655f8f0d87809c31899f83af456807cf7fa8e3b88efa32f6cef989bb2aed,f8a78618c5037e6fdabe4891163c0101f27eea2d7a5c9f32e2e5fa7865e773fa,99f3b50612c1f3489fd95c558e3208865c7632be7812c117d17a4d5cb116ce34,9.999999999999268,10.000000000000009,10.000000000000009,0.0,0.0,0.0,0,1,0.0,2014839443,1.0761108894023355,0.9705705341216071,0.9262106578526572,0.917880647232726,1,600,6.0,0.2468556199795092,2.0337321853190424,6.6812064127012825,11.739906491274759,0.28460498969576437,467.373729653652,0.0005208333333333333,0.0,0.0,0.0,0.0,0.5533333333333333,0,3.4462075569458253,0.0,0.001686450319099344,0.001686450319099344,0.28765199229656585,0.28765199229656585,0.019828376493529296,0.019828376493529296
D1 MPC+VMC,randomized,146,estimated,none,44a1655f8f0d87809c31899f83af456807cf7fa8e3b88efa32f6cef989bb2aed,f8a78618c5037e6fdabe4891163c0101f27eea2d7a5c9f32e2e5fa7865e773fa,99f3b50612c1f3489fd95c558e3208865c7632be7812c117d17a4d5cb116ce34,9.999999999999268,10.000000000000009,10.000000000000009,0.0,0.0,0.0,0,1,0.0,2014839443,1.0761108894023355,0.9705705341216071,0.9262106578526572,0.917880647232726,1,600,6.0,0.23796881248179358,1.9872780220695325,6.595641611071584,9.825663977655925,0.28076471787335117,435.8453202109539,0.00020833333333333335,0.0,0.0,0.0,0.0,0.6066666666666667,0,3.5594485045307382,0.4083524938323535,0.0019692982989002153,0.0019692982989002153,0.23265545565558868,0.23265545565558868,0.019820955408932434,0.019820955408932434
D1 LQR+VMC,randomized,147,estimated,none,5941e39c5ac4ec4782677679423e4ccd675685f3eb7077e88b8e0327fc221eaa,b3e8d1cd4c6f8250ee9ad07e957ef1df79003e8fadcc56cc33749ba2f4ff969e,ff8315c11c7cd882c4f47ba404a878652d60ef771cbc12af1456c5ea4d3b24e1,9.999999999999268,10.000000000000009,10.000000000000009,0.0,0.0,0.0,0,1,0.0,1246345494,1.11768706988836,1.1519535828852017,1.0614676383973065,0.9600221712091143,1,600,6.0,0.5373048672807795,3.035190798110754,7.506100631420309,10.946448253142822,0.31691148060018703,645.6189551541219,0.0027083333333333334,0.0,0.0,0.0,0.0,0.4083333333333333,0,2.68794367142482,0.0,0.0020176257426177896,0.0020176257426177896,0.30333331368580074,0.30333331368580074,0.02401462111834167,0.02401462111834167
D1 MPC+VMC,randomized,147,estimated,none,5941e39c5ac4ec4782677679423e4ccd675685f3eb7077e88b8e0327fc221eaa,b3e8d1cd4c6f8250ee9ad07e957ef1df79003e8fadcc56cc33749ba2f4ff969e,ff8315c11c7cd882c4f47ba404a878652d60ef771cbc12af1456c5ea4d3b24e1,9.999999999999268,10.000000000000009,10.000000000000009,0.0,0.0,0.0,0,1,0.0,1246345494,1.11768706988836,1.1519535828852017,1.0614676383973065,0.9600221712091143,1,600,6.0,0.47034807619821684,2.6720903737212813,6.967548277513679,11.934007217682971,0.31478579671848655,622.2099777337647,0.0009375,0.0,0.0,0.0,0.0,0.4033333333333333,0,2.89905678304454,0.4384636020404286,0.0023060445893112597,0.0023060445893112597,0.3027489107409791,0.3027489107409791,0.023886615665247135,0.023886615665247135
D1 LQR+VMC,randomized,148,estimated,none,ea89d0809b2eceb50e2cbea1cc7db043f5732a8f874515de723da526e5e1fcf9,36ad57737e4ba00dce497eae4b2a44ad34aa7b4dfecd8a7e8a0dce18adefab21,b1c5c2412289dd505069e46d16c880f2e7d6b22c67d0919d7613f71ab4f51ed9,9.999999999999268,10.000000000000009,10.000000000000009,0.0,0.0,0.0,0,1,0.0,1312116117,1.0402388344614464,1.0474852137614152,1.130122177440941,0.9840954979980934,1,600,6.0,0.4589058859998657,2.6565355096853045,7.271731475279342,10.984753083102552,0.30994884872500256,613.1941733660248,0.001875,0.0,0.0,0.0,0.0,0.44166666666666665,0,2.8337902298044013,0.0,0.0019165825772297044,0.0019165825772297044,0.32888354648272433,0.32888354648272433,0.025208835447259857,0.025208835447259857
D1 MPC+VMC,randomized,148,estimated,none,ea89d0809b2eceb50e2cbea1cc7db043f5732a8f874515de723da526e5e1fcf9,36ad57737e4ba00dce497eae4b2a44ad34aa7b4dfecd8a7e8a0dce18adefab21,b1c5c2412289dd505069e46d16c880f2e7d6b22c67d0919d7613f71ab4f51ed9,9.999999999999268,10.000000000000009,10.000000000000009,0.0,0.0,0.0,0,1,0.0,1312116117,1.0402388344614464,1.0474852137614152,1.130122177440941,0.9840954979980934,1,600,6.0,0.4680341914208221,2.6496321662473945,6.611396569459456,9.889625236919667,0.3106740713509282,620.7625033199123,0.0,0.0,0.0,0.0,0.0,0.43333333333333335,0,2.956226008799325,0.41665640601422627,0.0022190869426722167,0.0022190869426722167,0.305085862683223,0.305085862683223,0.024812484314142413,0.024812484314142413
D1 LQR+VMC,randomized,149,estimated,none,38d96f4a56f8b328c38c0ff6682438106aa0d34c82c9c7ca419eb4b655ba9cc6,5890120f9c3a945fee0fc3d3c7df412320de7e8ad9405442262a6f7e9c68575f,2f9f4ee3a9b2369f14a2b1993c820b192a187fccec6ff91aab413f5ccd23f7a6,9.999999999999268,10.000000000000009,10.000000000000009,0.0,0.0,0.0,0,1,0.0,1830179457,0.9180456539681073,0.9174989713286356,0.7940223325506199,0.9976903932111862,1,600,6.0,0.38459873244743553,2.4545941814351355,9.380914159521067,16.231927206011182,0.3080528292206392,626.7500725134255,0.0013541666666666667,0.0,0.0,0.0,0.0,0.2833333333333333,0,3.112753331223609,0.0,0.0014059069145199235,0.0014059069145199235,0.33808389870705813,0.33808389870705813,0.025020785556035596,0.025020785556035596
D1 MPC+VMC,randomized,149,estimated,none,38d96f4a56f8b328c38c0ff6682438106aa0d34c82c9c7ca419eb4b655ba9cc6,5890120f9c3a945fee0fc3d3c7df412320de7e8ad9405442262a6f7e9c68575f,2f9f4ee3a9b2369f14a2b1993c820b192a187fccec6ff91aab413f5ccd23f7a6,9.999999999999268,10.000000000000009,10.000000000000009,0.0,0.0,0.0,0,1,0.0,1830179457,0.9180456539681073,0.9174989713286356,0.7940223325506199,0.9976903932111862,1,600,6.0,0.3619049147950608,2.279190544002595,6.330584269531906,15.202205862647526,0.3054367859463543,598.9712352504902,0.0015625,0.0,0.0,0.0,0.0,0.2733333333333333,0,3.114340849307187,0.39291744324145833,0.001630212711341264,0.001630212711341264,0.287213519992944,0.287213519992944,0.02591624867599976,0.02591624867599976
D1 LQR+VMC,randomized,150,estimated,none,87d5ecdaec5529cc62b73f06fcdd36daa899aae44eaf54290669429a9b81c4cc,7e56980219563b71e271c8c26d045d414b38c2796bf4350f693550f6eee0f00e,97d34e35dd5c082c4b6beef6edc0732acff9b137e08da2334a36b2f9970f4f6b,9.999999999999268,10.000000000000009,10.000000000000009,0.0,0.0,0.0,0,1,0.0,1275761434,0.9010608496924545,1.2188541579664647,1.1599784371381194,0.9168649918548842,1,600,6.0,0.3110342022649299,1.6616427671735967,5.4342823403854705,16.564094581197466,0.26742426732298596,378.2916812914402,0.0,0.0,0.0,0.0,0.0,0.695,0,3.0636209807960832,0.0,0.001740503602301502,0.001740503602301502,0.22402663418045432,0.22402663418045432,0.01859000749112357,0.01859000749112357
D1 MPC+VMC,randomized,150,estimated,none,87d5ecdaec5529cc62b73f06fcdd36daa899aae44eaf54290669429a9b81c4cc,7e56980219563b71e271c8c26d045d414b38c2796bf4350f693550f6eee0f00e,97d34e35dd5c082c4b6beef6edc0732acff9b137e08da2334a36b2f9970f4f6b,9.999999999999268,10.000000000000009,10.000000000000009,0.0,0.0,0.0,0,1,0.0,1275761434,0.9010608496924545,1.2188541579664647,1.1599784371381194,0.9168649918548842,1,600,6.0,0.3131481518083331,1.4320900074783351,3.8346816449453973,17.186345762471507,0.2552619828532085,308.5147147026593,0.0,0.0,0.0,0.0,0.0,0.755,0,3.194226976707173,0.38583249770454126,0.002042540601693024,0.002042540601693024,0.1947873148814208,0.1947873148814208,0.016212245928737313,0.016212245928737313
D1 LQR+VMC,randomized,121,estimated,none,d39bd7d6e4156a84ac798c2ba364ce72ccb56762e1fca885463c25fb2660c3c9,b5debe969d1df6635d50c0383ced2b7758db1a66006d8efd3190a9a9c1c36602,e74abfcf5d2888ed35bda0e0bbd69a0013e29c645b0978ad7c12047430415168,19.927536231884073,20.000000000000018,20.000000000000018,0.0,0.0,0.0,0,2,0.0,1673411449,1.0392194779402963,0.934056113211154,1.1857691697504076,0.9661443790880642,0,138,1.3800000000000001,0.19943372083393854,15.044884710336538,49.93040051646973,36.54444600539489,0.38678107756286734,2311.7733850123664,0.03804347826086957,0.0,0.0,0.0,0.0,0.3188405797101449,0,2.7358225376985468,0.0,0.0043443085041354615,0.0043443085041354615,2.842776480926887,2.842776480926887,0.09027614407989781,0.09027614407989781
D1 MPC+VMC,randomized,121,estimated,none,d39bd7d6e4156a84ac798c2ba364ce72ccb56762e1fca885463c25fb2660c3c9,b5debe969d1df6635d50c0383ced2b7758db1a66006d8efd3190a9a9c1c36602,e74abfcf5d2888ed35bda0e0bbd69a0013e29c645b0978ad7c12047430415168,19.962962962962404,20.000000000000018,20.000000000000018,0.0,0.0,0.0,0,2,0.0,1673411449,1.0392194779402963,0.934056113211154,1.1857691697504076,0.9661443790880642,0,270,2.7,0.22763712408442394,8.09193548494302,37.49447424537115,38.57090298836789,0.4149286916676189,3270.2057409140543,0.03935185185185185,0.0,0.0,0.0,0.0,0.16666666666666666,0,2.7543570337489354,0.7306186067580707,0.004791098076674516,0.004791098076674516,2.357788989424868,2.357788989424868,0.11818050993518633,0.11818050993518633
D1 LQR+VMC,randomized,122,estimated,none,4939655211662136312f0d60be5991e6de7a0e3a8d5888564c413cae0aa11159,a43e284a8bda7a9c6b9537304ee476b45e291d3a0f641aee8d330f83a4caf286,0ac108ad83c5b4564a9c2bd7a8ac18297598c870a57f1bf13cd279d9fa2ab6bd,19.98333333333187,20.000000000000018,20.000000000000018,0.0,0.0,0.0,0,2,0.0,68735084,1.0815775669389267,0.8790308005009635,0.8954298945162347,0.8918624637657828,1,600,6.0,0.29175552986280306,9.544904282829524,24.02175681164661,46.3984024815337,0.40735133917660565,2925.3559027445503,0.044375,0.0,0.0,0.0,0.0,0.07833333333333334,0,2.2574266416389523,0.0,0.007948481464627694,0.007948481464627694,2.1599182631329334,2.1599182631329334,0.11498542790145154,0.11498542790145154
D1 MPC+VMC,randomized,122,estimated,none,4939655211662136312f0d60be5991e6de7a0e3a8d5888564c413cae0aa11159,a43e284a8bda7a9c6b9537304ee476b45e291d3a0f641aee8d330f83a4caf286,0ac108ad83c5b4564a9c2bd7a8ac18297598c870a57f1bf13cd279d9fa2ab6bd,19.961977186311273,20.000000000000018,20.000000000000018,0.0,0.0,0.0,0,2,0.0,68735084,1.0815775669389267,0.8790308005009635,0.8954298945162347,0.8918624637657828,0,263,2.63,0.2896462416135101,14.050309347346888,48.981181138553985,47.6900836655086,0.40632171148663254,2693.6043724580627,0.04776615969581749,0.0,0.0,0.0,0.0,0.12927756653992395,0,2.138681054433484,0.4261479029082693,0.006518726377821832,0.006518726377821832,2.7902082739729455,2.7902082739729455,0.10037183840581664,0.10037183840581664
D1 LQR+VMC,randomized,123,estimated,none,e1de0b30c29aac00209b92881bf98b35135e9f14ccd3bf431b1151e046ff0159,ad1ef676cd7e09b56d4738ddf875ae6abd6c6381fbff77aa832cc7df0175445b,18a5bce62fcd1b36732f66780d452f4821fcbf64e65a49fc799f24a8371bb98a,19.971428571427637,20.000000000000018,20.000000000000018,0.0,0.0,0.0,0,2,0.0,1101595663,1.0501174099145916,0.8242194584610002,0.7932339173021974,0.8868743621397339,0,350,3.5,0.35537620666826203,11.750221615668464,31.950132593296775,43.019167080535404,0.4345291511998553,3155.8407766397236,0.06571428571428571,0.0,0.0,0.0,0.0,0.09428571428571429,1,2.0074155614590117,0.0,0.006610974475566708,0.006610974475566708,3.0169423056884916,3.0169423056884916,0.10932362463199723,0.10932362463199723
D1 MPC+VMC,randomized,123,estimated,none,e1de0b30c29aac00209b92881bf98b35135e9f14ccd3bf431b1151e046ff0159,ad1ef676cd7e09b56d4738ddf875ae6abd6c6381fbff77aa832cc7df0175445b,18a5bce62fcd1b36732f66780d452f4821fcbf64e65a49fc799f24a8371bb98a,19.948979591836753,20.000000000000018,20.000000000000018,0.0,0.0,0.0,0,2,0.0,1101595663,1.0501174099145916,0.8242194584610002,0.7932339173021974,0.8868743621397339,0,196,1.96,0.4375484132919109,12.88859880594953,37.18596049459599,37.65045293416924,0.42010285412972675,3138.6182304640392,0.055165816326530615,0.0,0.0,0.0,0.0,0.1836734693877551,0,1.7707022554693321,0.3814267511188518,0.005330456538737492,0.005330456538737492,2.2663545575553754,2.2663545575553754,0.11090146113583199,0.11090146113583199
D1 LQR+VMC,randomized,124,estimated,none,c4121cc0c0a69aabfd8ae1f418eae18e4284d8a31398041202c4fb76e5d1aa3f,56dcc03527552d4dd3b093e8f05fd103a605ca22ee3f8a654938347405d3380a,a85b709e1fdc1b0823b30c2fa7c166a006f2820a8e539668905a13a8f28a6e38,19.98236331569523,20.000000000000018,20.000000000000018,0.0,0.0,0.0,0,2,0.0,710665679,1.072755685088562,1.1536367108867953,1.2799384113898542,0.9996119545819131,0,567,5.67,0.41087258108392327,9.887179957747389,31.91019873362374,37.27178201189057,0.4180121119884583,3053.6743987966183,0.036155202821869487,0.0,0.0,0.0,0.0,0.042328042328042326,3,1.9780754222656534,0.0,0.008312132468852004,0.008312132468852004,2.1026989298614627,2.1026989298614627,0.11355440283746784,0.11355440283746784
D1 MPC+VMC,randomized,124,estimated,none,c4121cc0c0a69aabfd8ae1f418eae18e4284d8a31398041202c4fb76e5d1aa3f,56dcc03527552d4dd3b093e8f05fd103a605ca22ee3f8a654938347405d3380a,a85b709e1fdc1b0823b30c2fa7c166a006f2820a8e539668905a13a8f28a6e38,19.962546816478863,20.000000000000018,20.000000000000018,0.0,0.0,0.0,0,2,0.0,710665679,1.072755685088562,1.1536367108867953,1.2799384113898542,0.9996119545819131,0,267,2.67,0.3121899686721747,10.260662509738939,26.927795852745653,44.58015276364206,0.4103332996524064,2742.1752162415264,0.035580524344569285,0.0,0.0,0.0,0.0,0.11235955056179775,1,2.130887558856425,0.42074699595104903,0.007244098723849829,0.007244098723849829,1.9320850794794857,1.9320850794794857,0.11487470696330461,0.11487470696330461
D1 LQR+VMC,randomized,125,estimated,none,a7eb2addfedb958e6c479c2e257faf7f1782da4417b9bdc24c31232d38fc4988,bb4ef951ef18a309bcca5309ea323c4c8c1ecdbb3c39d1610cb072140f7e44e6,914d75774ba30c6a56db54679375ccfaadd459c7c0aa1f292f25b6e19d80084a,19.96644295301942,20.000000000000018,20.000000000000018,0.0,0.0,0.0,0,2,0.0,1310839343,1.0873848863921922,1.0221424887299229,0.9036051544398931,0.8859215154175284,0,298,2.98,0.32080117517502177,11.718054256778638,49.43040519380621,22.626093352119057,0.41377773201478296,2935.7720068036533,0.05641778523489933,0.0,0.0,0.0,0.0,0.09395973154362416,0,2.4822298918134944,0.0,0.005783247851885681,0.005783247851885681,2.224708366080444,2.224708366080444,0.08627890404299085,0.08627890404299085
D1 MPC+VMC,randomized,125,estimated,none,a7eb2addfedb958e6c479c2e257faf7f1782da4417b9bdc24c31232d38fc4988,bb4ef951ef18a309bcca5309ea323c4c8c1ecdbb3c39d1610cb072140f7e44e6,914d75774ba30c6a56db54679375ccfaadd459c7c0aa1f292f25b6e19d80084a,19.966555183945772,20.000000000000018,20.000000000000018,0.0,0.0,0.0,0,2,0.0,1310839343,1.0873848863921922,1.0221424887299229,0.9036051544398931,0.8859215154175284,0,299,2.99,0.2917400819587319,8.346314050625972,19.97822026240464,30.980291201207415,0.4274282179417581,2899.68785356283,0.05413879598662207,0.0,0.0,0.0,0.0,0.10702341137123746,0,2.377266870226875,0.4308669987949542,0.007080000949640909,0.007080000949640909,2.259990698157335,2.259990698157335,0.10256718961675192,0.10256718961675192
D1 LQR+VMC,randomized,126,estimated,none,42d8e017dfbb20e42039438547d6cc422dd918886ce3a0e4b0e83520f12bf248,7e34e269b9e4c594bb8f35e9d4a3172a2706dc0dbf9e4a7f6646ccc74f04a7d2,4368ac9633458cadbb1cf90e6687b644fae3ec826c6cfd36abd6148a71e0569c,19.975490196077317,20.000000000000018,20.000000000000018,0.0,0.0,0.0,0,2,0.0,1674426195,0.9013587367131051,1.2237911483370425,0.6929830915399516,1.0458088405818775,0,408,4.08,0.4170380457731409,10.336470739237402,26.086625711612832,43.21854981130499,0.4668883781511548,4675.389512586834,0.06479779411764706,0.0,0.0,0.0,0.0,0.056372549019607844,0,1.7443391082906272,0.0,0.007260050887802491,0.007260050887802491,2.7302690122319873,2.7302690122319873,0.14979694836382018,0.14979694836382018
D1 MPC+VMC,randomized,126,estimated,none,42d8e017dfbb20e42039438547d6cc422dd918886ce3a0e4b0e83520f12bf248,7e34e269b9e4c594bb8f35e9d4a3172a2706dc0dbf9e4a7f6646ccc74f04a7d2,4368ac9633458cadbb1cf90e6687b644fae3ec826c6cfd36abd6148a71e0569c,19.97297297297197,20.000000000000018,20.000000000000018,0.0,0.0,0.0,0,2,0.0,1674426195,0.9013587367131051,1.2237911483370425,0.6929830915399516,1.0458088405818775,0,370,3.7,0.49915970983522095,14.70461960936735,43.36168831028953,50.014049595757136,0.45999305583122546,4368.033804125644,0.055236486486486484,0.0,0.0,0.0,0.0,0.043243243243243246,7,1.5965860066368573,0.4251112026395276,0.007841223295597761,0.007841223295597761,3.0961088977603435,3.0961088977603435,0.15934551402156166,0.15934551402156166
D1 LQR+VMC,randomized,127,estimated,none,1a849d84f1be26e1e6f2c3be0da641635190738d1d167c6cec18c5fa01ac4b20,a62c253f96362a1932f78e665abbdd76f1d8b14ac646a1581a89059be1307721,5442a6cf68dc2c9e2969d106d711d003a04b7fb1b08d819a1b64e45f42bb758b,19.97578692493834,20.000000000000018,20.000000000000018,0.0,0.0,0.0,0,2,0.0,1970055044,0.9137426449013422,0.8943347555404323,0.8445661120289889,1.032011400718582,0,413,4.13,0.5780380937447177,14.48124334233508,34.642528249218174,48.06370720575377,0.44332387409895574,3970.943104567261,0.0511501210653753,0.0,0.0,0.0,0.0,0.07990314769975787,1,1.33128406478613,0.0,0.006706188941896086,0.006706188941896086,2.6185916237503837,2.6185916237503837,0.12323963751129301,0.12323963751129301
D1 MPC+VMC,randomized,127,estimated,none,1a849d84f1be26e1e6f2c3be0da641635190738d1d167c6cec18c5fa01ac4b20,a62c253f96362a1932f78e665abbdd76f1d8b14ac646a1581a89059be1307721,5442a6cf68dc2c9e2969d106d711d003a04b7fb1b08d819a1b64e45f42bb758b,19.976019184651143,20.000000000000018,20.000000000000018,0.0,0.0,0.0,0,2,0.0,1970055044,0.9137426449013422,0.8943347555404323,0.8445661120289889,1.032011400718582,0,417,4.17,0.6209937225246955,12.631654027071693,48.88868289619586,34.393392002071806,0.4544603437563293,4167.216284089825,0.052008393285371705,0.0,0.0,0.0,0.0,0.07673860911270983,2,1.6319693759637885,0.37616759364027524,0.007251778413972172,0.007251778413972172,2.950414710646267,2.950414710646267,0.13816807938179562,0.13816807938179562
D1 LQR+VMC,randomized,128,estimated,none,e2883873ba146e24e621af690cd24a6fb2cb64fe0d1883997e4b469ea99f21f7,83afc90a16a7011b633737ed84c6fb0050114b95c3a0e43580bfe50e30db52d3,f264bc56105f346b743ed9cc737b447d90e0ad7b0e40a4e50b989527a8dace15,19.9815837937371,20.000000000000018,20.000000000000018,0.0,0.0,0.0,0,2,0.0,1868001214,1.045019446205385,1.012452313136684,0.9318185060008339,0.9307867869801847,0,543,5.43,0.4415172085366218,9.614138315843784,26.906910442193304,34.91319577809756,0.42778265015533173,3402.728364948035,0.04661602209944751,0.0,0.0,0.0,0.0,0.0865561694290976,0,1.8341756530288804,0.0,0.004976344120298765,0.004976344120298765,2.20539435440338,2.20539435440338,0.10912440946086885,0.10912440946086885
D1 MPC+VMC,randomized,128,estimated,none,e2883873ba146e24e621af690cd24a6fb2cb64fe0d1883997e4b469ea99f21f7,83afc90a16a7011b633737ed84c6fb0050114b95c3a0e43580bfe50e30db52d3,f264bc56105f346b743ed9cc737b447d90e0ad7b0e40a4e50b989527a8dace15,19.966101694914556,20.000000000000018,20.000000000000018,0.0,0.0,0.0,0,2,0.0,1868001214,1.045019446205385,1.012452313136684,0.9318185060008339,0.9307867869801847,0,295,2.95,0.542923480182736,5.674226918326226,17.356030597450307,36.38285844319732,0.4225870183243716,3425.923774462618,0.053813559322033896,0.0,0.0,0.0,0.0,0.15593220338983052,0,1.7411180553902892,0.6635707031819038,0.006581578367381742,0.006581578367381742,1.5470677455608635,1.5470677455608635,0.1169144672860647,0.1169144672860647
D1 LQR+VMC,randomized,129,estimated,none,17e0941321db741d72fa01bdd838576f58ebcf57b4b46c5edffc1e263ebf3fd8,6496453d5a69277a86195d7bfdbbe46fbe2670ee348b85071fecbe32c5511a2c,d434493f82dd146ecf9d5efde69e8b1b6c67918401d4b091968f789d59678a88,19.982935153582172,20.000000000000018,20.000000000000018,0.0,0.0,0.0,0,2,0.0,416791227,0.9845496018142563,0.9052567452854112,1.2337830868118964,1.0285116701786272,0,586,5.86,0.706342384068072,10.074293203217747,26.140001930638345,44.70889379166728,0.4508739913692877,3912.01710388534,0.050341296928327645,0.0,0.0,0.0,0.0,0.030716723549488054,0,1.6091388567367295,0.0,0.009181312107241591,0.009181312107241591,2.5119138110784087,2.5119138110784087,0.13095681238232235,0.13095681238232235
D1 MPC+VMC,randomized,129,estimated,none,17e0941321db741d72fa01bdd838576f58ebcf57b4b46c5edffc1e263ebf3fd8,6496453d5a69277a86195d7bfdbbe46fbe2670ee348b85071fecbe32c5511a2c,d434493f82dd146ecf9d5efde69e8b1b6c67918401d4b091968f789d59678a88,19.967845659163213,20.000000000000018,20.000000000000018,0.0,0.0,0.0,0,2,0.0,416791227,0.9845496018142563,0.9052567452854112,1.2337830868118964,1.0285116701786272,0,311,3.11,0.471738894234367,12.587332069742976,30.104910063354318,38.10805967415446,0.43279069412842075,3772.147575973045,0.038786173633440515,0.0,0.0,0.0,0.0,0.05466237942122187,0,1.4992949092121155,0.435267502325587,0.0063383266311157725,0.0063383266311157725,3.1281542143291285,3.1281542143291285,0.12605016978125536,0.12605016978125536
D1 LQR+VMC,randomized,130,estimated,none,982481780d3b1840d7766756d15388d94fd964f0a4d4a6ca198ddd2c21004bfd,f26470b0ae52d06a3a61c0b168230e39b8d37486347b1db9b1a210d0dcdc7dd7,316f9e50677b0e2563516cf65a5d247cd9025f2f98bfa1770e678d0d98c3ca02,19.98333333333187,20.000000000000018,20.000000000000018,0.0,0.0,0.0,0,2,0.0,893793182,0.9997216871705642,0.8351152271187723,0.8488619829931543,0.9314115641439593,1,600,6.0,0.6113146339422934,11.719216265686285,41.49916199759039,44.57271940520389,0.4381517383526556,3388.0010315090854,0.05458333333333333,0.0,0.0,0.0,0.0,0.03166666666666667,0,1.423574648294028,0.0,0.006144331337863632,0.006144331337863632,2.7737056498464865,2.7737056498464865,0.1271164481845231,0.1271164481845231
D1 MPC+VMC,randomized,130,estimated,none,982481780d3b1840d7766756d15388d94fd964f0a4d4a6ca198ddd2c21004bfd,f26470b0ae52d06a3a61c0b168230e39b8d37486347b1db9b1a210d0dcdc7dd7,316f9e50677b0e2563516cf65a5d247cd9025f2f98bfa1770e678d0d98c3ca02,19.98113207547033,20.000000000000018,20.000000000000018,0.0,0.0,0.0,0,2,0.0,893793182,0.9997216871705642,0.8351152271187723,0.8488619829931543,0.9314115641439593,0,530,5.3,0.5081050575890953,11.184081870113893,25.342447711820622,42.01568549078945,0.4293338234612636,3291.249307380715,0.05200471698113208,0.0,0.0,0.0,0.0,0.0509433962264151,0,1.4964806607199828,0.40526085649617016,0.006412219438746357,0.006412219438746357,2.66982057957322,2.66982057957322,0.13235615538588774,0.13235615538588774
D1 LQR+VMC,randomized,131,estimated,none,76a27ea5906881f1d5b69ae47404917d0e486cb7c9e885c53efb0caa35b76639,ff5ad5fec0545ac41879319246e8552be77ad07bff5dc7f83e087c1ca46f6150,139f4bd89952f52e6be1011033bc41e4cca6e55c0c59dc6fa73052dcedb7def1,19.97668997668881,20.000000000000018,20.000000000000018,0.0,0.0,0.0,0,2,0.0,1688742133,1.0422219766542375,1.070517012206352,0.9960171566159062,0.8798084705107636,0,429,4.29,0.33505932221302365,10.941363299251467,49.869740675153004,39.27238462516343,0.41633637872870893,2794.0925595744893,0.053904428904428904,0.0,0.0,0.0,0.0,0.08624708624708624,0,2.114171356164145,0.0,0.0070067558659505265,0.0070067558659505265,2.586512675695821,2.586512675695821,0.09721732558370894,0.09721732558370894
D1 MPC+VMC,randomized,131,estimated,none,76a27ea5906881f1d5b69ae47404917d0e486cb7c9e885c53efb0caa35b76639,ff5ad5fec0545ac41879319246e8552be77ad07bff5dc7f83e087c1ca46f6150,139f4bd89952f52e6be1011033bc41e4cca6e55c0c59dc6fa73052dcedb7def1,19.98333333333187,20.000000000000018,20.000000000000018,0.0,0.0,0.0,0,2,0.0,1688742133,1.0422219766542375,1.070517012206352,0.9960171566159062,0.8798084705107636,1,600,6.0,0.32833894776218187,10.480205454945834,27.528828395403753,29.587602278979997,0.42067416111591144,2869.2774707964486,0.0515625,0.0,0.0,0.0,0.0,0.06,0,2.3596211630186135,0.5310732027282935,0.007035834614497952,0.007035834614497952,2.290576712890551,2.290576712890551,0.10491588568871334,0.10491588568871334
D1 LQR+VMC,randomized,132,estimated,none,1b7a7fa154a79a1a794ef8404ffae0140f1e2719b839857e5b38d3674739729e,a95af400eafe9bb70db4211a1b6cad8f95b86f8f7ee2152f9bdd03101eec6a00,97773864824d9f513bf336faa02df65b28157aaf7a08fac256caf5ccb04ae4b1,19.957983193276974,20.000000000000018,20.000000000000018,0.0,0.0,0.0,0,2,0.0,2119130811,0.9313722913777985,1.1620996281206688,1.1343696282482012,1.0264743128609943,0,238,2.38,0.29916075688766414,11.298819961683519,48.82236263955795,42.35899526521589,0.4470189771149178,4038.3452390782354,0.05330882352941176,0.0,0.0,0.0,0.0,0.09243697478991597,0,2.354961473103731,0.0,0.00529288904998272,0.00529288904998272,2.8000869203327166,2.8000869203327166,0.1192394297971984,0.1192394297971984
D1 MPC+VMC,randomized,132,estimated,none,1b7a7fa154a79a1a794ef8404ffae0140f1e2719b839857e5b38d3674739729e,a95af400eafe9bb70db4211a1b6cad8f95b86f8f7ee2152f9bdd03101eec6a00,97773864824d9f513bf336faa02df65b28157aaf7a08fac256caf5ccb04ae4b1,19.98333333333187,20.000000000000018,20.000000000000018,0.0,0.0,0.0,0,2,0.0,2119130811,0.9313722913777985,1.1620996281206688,1.1343696282482012,1.0264743128609943,1,600,6.0,0.43338224278644455,9.36622874524734,25.255704547313005,33.30992610429238,0.45485195644011933,4055.116877621725,0.0478125,0.0,0.0,0.0,0.0,0.035,0,1.9263322691259186,0.425336752232397,0.004678118515829824,0.004678118515829824,2.4451418963684874,2.4451418963684874,0.1346846955826584,0.1346846955826584
D1 LQR+VMC,randomized,133,estimated,none,0b94059643ae46500cab0b554894e068285669652369926e590e904fef68fe14,88ee8ee7ed9c598c83e9212cf32484a798c61f0b2b386a02b301df25b9ea2174,afe678e0be7bc00032e3029306cea0d57f6eae2a10144e13e8944aeeed0db396,19.975961538460407,20.000000000000018,20.000000000000018,0.0,0.0,0.0,0,2,0.0,1614274294,1.1145332790015046,1.030492392512524,0.8845519031870943,0.9652460868393753,0,416,4.16,0.6609470781695241,10.114457448932107,29.84010672071098,27.681220279072907,0.4187535376758295,3133.3768802965837,0.040865384615384616,0.0,0.0,0.0,0.0,0.12740384615384615,0,1.938490427048206,0.0,0.006423474068686112,0.006423474068686112,2.403809874358671,2.403809874358671,0.09714245889741764,0.09714245889741764
D1 MPC+VMC,randomized,133,estimated,none,0b94059643ae46500cab0b554894e068285669652369926e590e904fef68fe14,88ee8ee7ed9c598c83e9212cf32484a798c61f0b2b386a02b301df25b9ea2174,afe678e0be7bc00032e3029306cea0d57f6eae2a10144e13e8944aeeed0db396,19.98333333333187,20.000000000000018,20.000000000000018,0.0,0.0,0.0,0,2,0.0,1614274294,1.1145332790015046,1.030492392512524,0.8845519031870943,0.9652460868393753,1,600,6.0,0.5039275270119226,13.335734713415519,42.00647946905771,34.47035643965378,0.4283320980518215,3289.9597995124245,0.041875,0.0,0.0,0.0,0.0,0.08666666666666667,0,2.044709245815275,0.4128518456127494,0.0072514147990371935,0.0072514147990371935,2.632300026199649,2.632300026199649,0.110861252464915,0.110861252464915
D1 LQR+VMC,randomized,134,estimated,none,a39177103c65712762f5f04919c9f5274a194352e7123d9be3b9948a777d5f18,e5aa3494343ca1e2e74a96e6584c51d67767c742dba2d2414bc3e277645502c2,04b94d00ab801877e626a964194f0c3537e3fd83cc8094321bb7d2c5acf85f64,19.977728285076736,20.000000000000018,20.000000000000018,0.0,0.0,0.0,0,2,0.0,1294581413,1.1130639464762684,1.0269182989567793,1.0037205315584476,1.0060237377134706,0,449,4.49,0.24051730846049507,9.739235322357166,26.89181690110011,31.973753110983903,0.4406951978034032,3807.970047460953,0.04287305122494432,0.0,0.0,0.0,0.0,0.08685968819599109,0,2.5018392854250573,0.0,0.0055450710491438135,0.0055450710491438135,2.0578908434272165,2.0578908434272165,0.11217053494439862,0.11217053494439862
D1 MPC+VMC,randomized,134,estimated,none,a39177103c65712762f5f04919c9f5274a194352e7123d9be3b9948a777d5f18,e5aa3494343ca1e2e74a96e6584c51d67767c742dba2d2414bc3e277645502c2,04b94d00ab801877e626a964194f0c3537e3fd83cc8094321bb7d2c5acf85f64,19.98333333333187,20.000000000000018,20.000000000000018,0.0,0.0,0.0,0,2,0.0,1294581413,1.1130639464762684,1.0269182989567793,1.0037205315584476,1.0060237377134706,1,600,6.0,0.41020447866744403,11.629345441502998,27.74202961681733,39.59930646034765,0.4264413180227683,3139.879054707407,0.039375,0.0,0.0,0.0,0.0,0.07333333333333333,2,2.114866568353929,0.42133360839216033,0.00598169405569014,0.00598169405569014,2.691233140445994,2.691233140445994,0.1105476659580269,0.1105476659580269
D1 LQR+VMC,randomized,135,estimated,none,7fec012b780b26dceeff8fcdf03c1f75327ac70e5016705f4638573a235e243d,fab0fc12d16737fe6eb716cd2a5f6c6fc87baa068da5b69d3acc7c61a7d47e9b,0d87a13e27a69a8987063aa300e1b59dff2a4ffee4805f18d736ae42b38539ba,19.98333333333187,20.000000000000018,20.000000000000018,0.0,0.0,0.0,0,2,0.0,1194058859,1.0206111294275515,0.9263370497375614,1.235489406189609,1.0474239035632644,1,600,6.0,0.38776047042663025,10.310384355394689,29.98573962660489,36.175326339384284,0.4205549689295327,3098.855795464343,0.03395833333333333,0.0,0.0,0.0,0.0,0.06,0,1.9817767988973576,0.0,0.007419844039834029,0.007419844039834029,2.4221354611783688,2.4221354611783688,0.11290669309631897,0.11290669309631897
D1 MPC+VMC,randomized,135,estimated,none,7fec012b780b26dceeff8fcdf03c1f75327ac70e5016705f4638573a235e243d,fab0fc12d16737fe6eb716cd2a5f6c6fc87baa068da5b69d3acc7c61a7d47e9b,0d87a13e27a69a8987063aa300e1b59dff2a4ffee4805f18d736ae42b38539ba,19.98087954110763,20.000000000000018,20.000000000000018,0.0,0.0,0.0,0,2,0.0,1194058859,1.0206111294275515,0.9263370497375614,1.235489406189609,1.0474239035632644,0,523,5.23,0.5137548581448727,12.482680524443586,30.216164711265936,40.418186382499556,0.4333007702541982,3511.7292281639884,0.043021032504780114,0.0,0.0,0.0,0.0,0.06309751434034416,2,1.6397040066562285,0.4238084075041115,0.009064154507055276,0.009064154507055276,2.3704014486157488,2.3704014486157488,0.1180848050609921,0.1180848050609921
D1 LQR+VMC,randomized,136,estimated,none,0db306068b7c011feae0531150b3f30808f457f349038797bc861f83e4799273,aa3c03f2dc321410810d0d3c01d85cd887d66914cbe53aeb68451c11b9feb39d,2aea97535df493f98c03800605956032f985957982d2b6786b8f561d57a85950,19.94845360824744,20.000000000000018,20.000000000000018,0.0,0.0,0.0,0,2,0.0,1120340089,0.9280372446023853,0.8316009993033402,0.7257125674497298,0.9243368589466237,0,194,1.94,0.48598884867209613,14.290211155512631,30.19251869284943,46.976037866486635,0.4418271928040202,3852.326175326423,0.06217783505154639,0.0,0.0,0.0,0.0,0.08762886597938144,0,1.341620191061131,0.0,0.006600942274293559,0.006600942274293559,3.3540850929202835,3.3540850929202835,0.12946008808543466,0.12946008808543466
D1 MPC+VMC,randomized,136,estimated,none,0db306068b7c011feae0531150b3f30808f457f349038797bc861f83e4799273,aa3c03f2dc321410810d0d3c01d85cd887d66914cbe53aeb68451c11b9feb39d,2aea97535df493f98c03800605956032f985957982d2b6786b8f561d57a85950,19.98333333333187,20.000000000000018,20.000000000000018,0.0,0.0,0.0,0,2,0.0,1120340089,0.9280372446023853,0.8316009993033402,0.7257125674497298,0.9243368589466237,1,600,6.0,0.39472505477973663,8.505448192966345,23.68913134430101,42.2513884922883,0.44260529461605924,3892.546936701128,0.05979166666666667,0.0,0.0,0.0,0.0,0.03166666666666667,0,1.9335197175954235,0.4150737564486917,0.007351628573329746,0.007351628573329746,2.5450534083252183,2.5450534083252183,0.1546363429236738,0.1546363429236738
D1 LQR+VMC,randomized,137,estimated,none,45705da51ac419e33accfd4c090bed0e347053be488a8588d591784693ba85ae,06841b06f017018e694a03c665f528c6a3027297860f2640785ac8eab21d8721,d83880bc0cb1152d00cf19bb79c68646cc4a38016c00016e2cad3bf2e9ed63be,19.9814814814801,20.000000000000018,20.000000000000018,0.0,0.0,0.0,0,2,0.0,1784943886,1.0888000513445704,0.9237705849939278,0.9275175429514981,0.9750643930020666,0,540,5.4,1.0273315353378407,13.363069034296108,36.72144932327978,39.85148318166711,0.434159213683953,3373.5754979326866,0.04560185185185185,0.0,0.0,0.0,0.0,0.05555555555555555,1,1.3839372320463705,0.0,0.00943884242688545,0.00943884242688545,2.5061607017669556,2.5061607017669556,0.1116828947991167,0.1116828947991167
D1 MPC+VMC,randomized,137,estimated,none,45705da51ac419e33accfd4c090bed0e347053be488a8588d591784693ba85ae,06841b06f017018e694a03c665f528c6a3027297860f2640785ac8eab21d8721,d83880bc0cb1152d00cf19bb79c68646cc4a38016c00016e2cad3bf2e9ed63be,19.98333333333187,20.000000000000018,20.000000000000018,0.0,0.0,0.0,0,2,0.0,1784943886,1.0888000513445704,0.9237705849939278,0.9275175429514981,0.9750643930020666,1,600,6.0,0.6306801239416989,15.02725009273206,47.35098814232644,35.64128361253053,0.4258736794570166,3002.0583855455566,0.04375,0.0,0.0,0.0,0.0,0.065,0,1.849370489335713,0.39017516319290735,0.005388411095574074,0.005388411095574074,2.589099239330381,2.589099239330381,0.10684806746520872,0.10684806746520872
D1 LQR+VMC,randomized,138,estimated,none,7ceb90b93b6b62fe85280e07425ca36c9062afc1a65547d29ecbecddf4b8f940,69fc3f8b5a24da730923cc3f9b8ed89d42e9bf1e571ebe5dfd998b4c85716a46,c2328e8d35ca9c78119b64eabc6de33acfc896e10b586c8fb14259d17d551b4d,19.94117647058825,20.000000000000018,20.000000000000018,0.0,0.0,0.0,0,2,0.0,770206952,1.0260864405663987,1.1534392747267768,1.014310206220799,1.037683491019551,0,170,1.7,0.37487812602562054,11.797480948142075,30.318881953663837,44.25338617963269,0.4231066584677811,3265.1320297295706,0.04044117647058824,0.0,0.0,0.0,0.0,0.14705882352941177,0,2.1435160913320095,0.0,0.004876691833970763,0.004876691833970763,2.818147080538658,2.818147080538658,0.1025482600214474,0.1025482600214474
D1 MPC+VMC,randomized,138,estimated,none,7ceb90b93b6b62fe85280e07425ca36c9062afc1a65547d29ecbecddf4b8f940,69fc3f8b5a24da730923cc3f9b8ed89d42e9bf1e571ebe5dfd998b4c85716a46,c2328e8d35ca9c78119b64eabc6de33acfc896e10b586c8fb14259d17d551b4d,19.973890339424543,20.000000000000018,20.000000000000018,0.0,0.0,0.0,0,2,0.0,770206952,1.0260864405663987,1.1534392747267768,1.014310206220799,1.037683491019551,0,383,3.83,0.48940977591133855,8.559980171255006,30.109634224264912,36.50978982404567,0.4315354663684042,3608.825640071831,0.040959530026109664,0.0,0.0,0.0,0.0,0.0835509138381201,0,1.8508927816526504,0.42476190283196047,0.004781833300514798,0.004781833300514798,2.5286789822184566,2.5286789822184566,0.12095936233804605,0.12095936233804605
D1 LQR+VMC,randomized,139,estimated,none,3cc5f8177aa69d734d8d895c1ad39c1db6fa809e20957d7f562260e42c6e8c58,cee5681ffa8f68cc5bc77403c32637cc51c3383a36191b1f9e5b3a09255b2f07,4c8ab5c8cd96305a26acb2a100f14b68867573749283126eb4b1b395604a4aa9,19.980842911876042,20.000000000000018,20.000000000000018,0.0,0.0,0.0,0,2,0.0,171634240,0.9916877504478899,1.0601320918636594,0.7421981782903972,0.8648196297883745,0,522,5.22,0.4079046469122679,11.604951776579476,33.98648262999543,47.13561150688525,0.44143161754909044,3433.373378585029,0.06992337164750957,0.0,0.0,0.0,0.0,0.05363984674329502,7,1.7763074335897477,0.0,0.00720101266504312,0.00720101266504312,2.8590164909818427,2.8590164909818427,0.12919648866394903,0.12919648866394903
D1 MPC+VMC,randomized,139,estimated,none,3cc5f8177aa69d734d8d895c1ad39c1db6fa809e20957d7f562260e42c6e8c58,cee5681ffa8f68cc5bc77403c32637cc51c3383a36191b1f9e5b3a09255b2f07,4c8ab5c8cd96305a26acb2a100f14b68867573749283126eb4b1b395604a4aa9,19.98333333333187,20.000000000000018,20.000000000000018,0.0,0.0,0.0,0,2,0.0,171634240,0.9916877504478899,1.0601320918636594,0.7421981782903972,0.8648196297883745,1,600,6.0,0.565949172998564,13.236976378200474,44.96673004826617,43.51151118786406,0.4330360141712652,3386.4696526077096,0.06291666666666666,0.0,0.0,0.0,0.0,0.04,0,1.8005109083796196,0.3963997995015234,0.005228493312113253,0.005228493312113253,2.259156105882209,2.259156105882209,0.10505160735482338,0.10505160735482338
D1 LQR+VMC,randomized,140,estimated,none,1f9ba259b01012022eeaefd520c99ecbbcbb63fb470b826163d5a4a613839a87,e97a194402d605c4f51a77c2b32c740b3d5ffbeb57c2eb9a787edc464822d293,113f43b25342c8709a89648bb9ba166cb38f80cdf57f50fc83319db0c384f934,19.98333333333187,20.000000000000018,20.000000000000018,0.0,0.0,0.0,0,2,0.0,216240565,1.0468764109858262,1.0796083124508884,1.1096043279598042,0.8946372269760438,1,600,6.0,0.30088120160073567,8.857926004246456,20.67304921146995,33.26777358491495,0.43542065343002984,3229.5072295379673,0.06385416666666667,0.0,0.0,0.0,0.0,0.06333333333333334,0,2.3075091170917266,0.0,0.005510083631627394,0.005510083631627394,2.1658487972004474,2.1658487972004474,0.1004985527232807,0.1004985527232807
D1 MPC+VMC,randomized,140,estimated,none,1f9ba259b01012022eeaefd520c99ecbbcbb63fb470b826163d5a4a613839a87,e97a194402d605c4f51a77c2b32c740b3d5ffbeb57c2eb9a787edc464822d293,113f43b25342c8709a89648bb9ba166cb38f80cdf57f50fc83319db0c384f934,19.961685823754287,20.000000000000018,20.000000000000018,0.0,0.0,0.0,0,2,0.0,216240565,1.0468764109858262,1.0796083124508884,1.1096043279598042,0.8946372269760438,0,261,2.61,0.2294114760930959,9.747808561995859,37.38708737006362,36.37387567262404,0.43479211585915106,3369.762996863254,0.07016283524904214,0.0,0.0,0.0,0.0,0.13026819923371646,0,2.497457185804128,0.42462100100237876,0.00499770553632747,0.00499770553632747,1.8124951188546645,1.8124951188546645,0.0991392831080562,0.0991392831080562
D1 LQR+VMC,randomized,141,estimated,none,c77b80ac6393660aaccfc980392fc2cf8ccfe61c87168a4ac1e4fcc852f393ad,695a926545c5c8724a3fe1f51f39a1eaac9d01192e9c20d09835be872f96ed8d,b1913b46d1d8fb972661e5aa67908990784702930ea7404de65006b7bfa14e0d,19.98333333333187,20.000000000000018,20.000000000000018,0.0,0.0,0.0,0,2,0.0,1579618222,1.0619852316253795,1.2488134642576083,0.6512005159852253,0.8862314635231168,1,600,6.0,0.2792685628231701,9.675195538606534,26.395876537405442,38.17889520423592,0.424593967652404,3284.572062120185,0.058333333333333334,0.0,0.0,0.0,0.0,0.10166666666666667,0,2.3647040772435046,0.0,0.006341825502336224,0.006341825502336224,2.1314348981183655,2.1314348981183655,0.10054902060792069,0.10054902060792069
D1 MPC+VMC,randomized,141,estimated,none,c77b80ac6393660aaccfc980392fc2cf8ccfe61c87168a4ac1e4fcc852f393ad,695a926545c5c8724a3fe1f51f39a1eaac9d01192e9c20d09835be872f96ed8d,b1913b46d1d8fb972661e5aa67908990784702930ea7404de65006b7bfa14e0d,19.97222222222125,20.000000000000018,20.000000000000018,0.0,0.0,0.0,0,2,0.0,1579618222,1.0619852316253795,1.2488134642576083,0.6512005159852253,0.8862314635231168,0,360,3.6,0.32959345292784725,9.98606561579745,25.982245908055134,34.88945782132464,0.4016912379184614,2584.9880956907687,0.044097222222222225,0.0,0.0,0.0,0.0,0.15833333333333333,0,2.217510640402954,0.7523511900217272,0.007389497239030322,0.007389497239030322,2.4226954000844216,2.4226954000844216,0.08832285558040433,0.08832285558040433
D1 LQR+VMC,randomized,142,estimated,none,cdcaa98f73ab12f905730d545f15236260f730322e62cfdaf2be1216f6c32b82,08111758dc0042e1b28b156e540ce96857b81190bec65f45933ec367c29d9ba5,99e2abc733b90cf74a558a5663e3386ab2e10be2104a67be600370f8b2864273,19.945054945054963,20.000000000000018,20.000000000000018,0.0,0.0,0.0,0,2,0.0,1188754629,0.9049038144441932,0.8483710141125314,1.0710901939059994,1.0421396301432335,0,182,1.82,0.4306780924670144,14.160998045836642,33.77149759942068,54.77907211933104,0.38343961241491575,2287.2449911284775,0.016140109890109892,0.0,0.0,0.0,0.0,0.15934065934065933,0,1.3865880175134142,0.0,0.004243399054642018,0.004243399054642018,2.453742679002957,2.453742679002957,0.0982532144630129,0.0982532144630129
D1 MPC+VMC,randomized,142,estimated,none,cdcaa98f73ab12f905730d545f15236260f730322e62cfdaf2be1216f6c32b82,08111758dc0042e1b28b156e540ce96857b81190bec65f45933ec367c29d9ba5,99e2abc733b90cf74a558a5663e3386ab2e10be2104a67be600370f8b2864273,19.971014492752705,20.000000000000018,20.000000000000018,0.0,0.0,0.0,0,2,0.0,1188754629,0.9049038144441932,0.8483710141125314,1.0710901939059994,1.0421396301432335,0,345,3.45,0.40132838272101035,15.655897609540466,41.793901465617495,50.26490765068167,0.4318821109863671,3507.5416810971537,0.0411231884057971,0.0,0.0,0.0,0.0,0.08405797101449275,4,1.6754982015587088,0.4190064064459875,0.00905151934710254,0.00905151934710254,3.3915325220636396,3.3915325220636396,0.1525058470365135,0.1525058470365135
D1 LQR+VMC,randomized,143,estimated,none,4d7f5b92acd571dbd0cba44fad157d1ac44e8da1ecf15fc73a2bcceb5f655674,463c73fc00dae98d96320541191103fe95d178b75fd927f06e78e901cd12d6de,9650d822e85370a0af94d506aea494986276a28ef84dcdfcce520ec47a141481,19.98333333333187,20.000000000000018,20.000000000000018,0.0,0.0,0.0,0,2,0.0,751189641,0.9909304351460378,1.2395564452287589,0.9786749919453452,0.9808594515412972,1,600,6.0,0.2224828264373138,10.397233021472816,27.77528153077272,50.17465055727897,0.4466298199226649,3656.22519395794,0.04666666666666667,0.0,0.0,0.0,0.0,0.075,0,2.3615040423868017,0.0,0.007726730666168629,0.007726730666168629,2.464204936187017,2.464204936187017,0.13128996318971065,0.13128996318971065
D1 MPC+VMC,randomized,143,estimated,none,4d7f5b92acd571dbd0cba44fad157d1ac44e8da1ecf15fc73a2bcceb5f655674,463c73fc00dae98d96320541191103fe95d178b75fd927f06e78e901cd12d6de,9650d822e85370a0af94d506aea494986276a28ef84dcdfcce520ec47a141481,19.963099630995746,20.000000000000018,20.000000000000018,0.0,0.0,0.0,0,2,0.0,751189641,0.9909304351460378,1.2395564452287589,0.9786749919453452,0.9808594515412972,0,271,2.71,0.19595222719877906,10.10700293547312,36.33743773393775,44.32906777171884,0.4201087437494904,3236.777128744568,0.03920664206642067,0.0,0.0,0.0,0.0,0.13284132841328414,0,2.5207605978293515,0.410842003475409,0.00538514193655408,0.00538514193655408,2.0699422318315452,2.0699422318315452,0.11278173056241071,0.11278173056241071
D1 LQR+VMC,randomized,144,estimated,none,7369af1060b4d412b7b8127416cec7df08f605ae4e02d6a96b1ed155a3975910,ec7d02beb4eb163036262ce05b52c63b0441bebd5b941895e4c924d68220570e,cc899ac8362c1059db9c9e04d0482abeb9ccab897e9fe165917f2fab516d2fc3,19.9699699699691,20.000000000000018,20.000000000000018,0.0,0.0,0.0,0,2,0.0,395779038,1.0744076047998323,0.8268593149472696,0.8447888207561627,0.8684242825157816,0,333,3.33,0.6073364072003637,12.08021592743956,51.12515023879623,21.36635866415236,0.38812775826030554,2132.1982279975336,0.03903903903903904,0.0,0.0,0.0,0.0,0.2552552552552553,0,1.981610221689179,0.0,0.01156702421257517,0.01156702421257517,2.232396943175332,2.232396943175332,0.08158932390891789,0.08158932390891789
D1 MPC+VMC,randomized,144,estimated,none,7369af1060b4d412b7b8127416cec7df08f605ae4e02d6a96b1ed155a3975910,ec7d02beb4eb163036262ce05b52c63b0441bebd5b941895e4c924d68220570e,cc899ac8362c1059db9c9e04d0482abeb9ccab897e9fe165917f2fab516d2fc3,19.961977186311273,20.000000000000018,20.000000000000018,0.0,0.0,0.0,0,2,0.0,395779038,1.0744076047998323,0.8268593149472696,0.8447888207561627,0.8684242825157816,0,263,2.63,0.4044098035747811,11.190287151148544,49.39057722481159,17.873492531056257,0.39027043873454687,2021.7236206872094,0.042538022813688216,0.0,0.0,0.0,0.0,0.3612167300380228,0,2.364971708695984,0.43112609710078686,0.009342068304083977,0.009342068304083977,1.7904562670716557,1.7904562670716557,0.08143932967576453,0.08143932967576453
D1 LQR+VMC,randomized,145,estimated,none,33b8d14cbb549a1e62cc62fa0bfa9454ed2ef954525c99c254fb9aec893c9504,a928a4961e411582748ba78f0f3a471bfb7149c89891e66183931c146be67d66,7f5454c85cbc9e2b6b78dd26c07b71633a8ec1501bccf890711c07a94fc5d1e4,19.98333333333187,20.000000000000018,20.000000000000018,0.0,0.0,0.0,0,2,0.0,604696884,1.032138722449388,0.9208704170368199,1.2157391964787247,0.8918780256418402,1,600,6.0,0.5336455177263675,9.559250997491057,28.318195948264556,32.53999826951833,0.42707110798866676,3089.3997761922897,0.05375,0.0,0.0,0.0,0.0,0.09333333333333334,0,1.796112719271351,0.0,0.005427744431700169,0.005427744431700169,2.327907880749193,2.327907880749193,0.10141760609785869,0.10141760609785869
D1 MPC+VMC,randomized,145,estimated,none,33b8d14cbb549a1e62cc62fa0bfa9454ed2ef954525c99c254fb9aec893c9504,a928a4961e411582748ba78f0f3a471bfb7149c89891e66183931c146be67d66,7f5454c85cbc9e2b6b78dd26c07b71633a8ec1501bccf890711c07a94fc5d1e4,19.967213114753353,20.000000000000018,20.000000000000018,0.0,0.0,0.0,0,2,0.0,604696884,1.032138722449388,0.9208704170368199,1.2157391964787247,0.8918780256418402,0,305,3.0500000000000003,0.6017773804228954,9.715339236789834,23.880500541306034,33.435634960213335,0.3899048754239467,2594.732836360563,0.0389344262295082,0.0,0.0,0.0,0.0,0.21639344262295082,0,1.7337814343042002,0.5195014062337577,0.003716793268194029,0.003716793268194029,2.37184504565461,2.37184504565461,0.10070063624917865,0.10070063624917865
D1 LQR+VMC,randomized,146,estimated,none,44a1655f8f0d87809c31899f83af456807cf7fa8e3b88efa32f6cef989bb2aed,f8a78618c5037e6fdabe4891163c0101f27eea2d7a5c9f32e2e5fa7865e773fa,99f3b50612c1f3489fd95c558e3208865c7632be7812c117d17a4d5cb116ce34,19.975669099755567,20.000000000000018,20.000000000000018,0.0,0.0,0.0,0,2,0.0,2014839443,1.0761108894023355,0.9705705341216071,0.9262106578526572,0.917880647232726,0,411,4.11,0.45092044582023355,10.185330997255358,23.152681818613395,30.838422068228272,0.4052717189025549,2907.5901118035786,0.04105839416058394,0.0,0.0,0.0,0.0,0.0827250608272506,0,1.7494630108170295,0.0,0.005252272933306391,0.005252272933306391,2.370114260085805,2.370114260085805,0.10030952491323372,0.10030952491323372
D1 MPC+VMC,randomized,146,estimated,none,44a1655f8f0d87809c31899f83af456807cf7fa8e3b88efa32f6cef989bb2aed,f8a78618c5037e6fdabe4891163c0101f27eea2d7a5c9f32e2e5fa7865e773fa,99f3b50612c1f3489fd95c558e3208865c7632be7812c117d17a4d5cb116ce34,19.973890339424543,20.000000000000018,20.000000000000018,0.0,0.0,0.0,0,2,0.0,2014839443,1.0761108894023355,0.9705705341216071,0.9262106578526572,0.917880647232726,0,383,3.83,0.42499379562101375,14.723908924880188,50.075215611729874,40.87175904413381,0.41992022990509326,2744.171797076637,0.04862924281984334,0.0,0.0,0.0,0.0,0.08093994778067885,0,1.8783041033734744,0.5658319016220047,0.0056464137548221565,0.0056464137548221565,2.786220642456948,2.786220642456948,0.09611514481175595,0.09611514481175595
D1 LQR+VMC,randomized,147,estimated,none,5941e39c5ac4ec4782677679423e4ccd675685f3eb7077e88b8e0327fc221eaa,b3e8d1cd4c6f8250ee9ad07e957ef1df79003e8fadcc56cc33749ba2f4ff969e,ff8315c11c7cd882c4f47ba404a878652d60ef771cbc12af1456c5ea4d3b24e1,19.96124031007704,20.000000000000018,20.000000000000018,0.0,0.0,0.0,0,2,0.0,1246345494,1.11768706988836,1.1519535828852017,1.0614676383973065,0.9600221712091143,0,258,2.58,0.5227012282476264,9.464549554194733,31.807819477290106,23.359402727040266,0.4189651469122503,2961.7368887800903,0.0377906976744186,0.0,0.0,0.0,0.0,0.11627906976744186,0,1.746200371999072,0.0,0.0037995397456116113,0.0037995397456116113,2.087905329300598,2.087905329300598,0.09983252009844937,0.09983252009844937
D1 MPC+VMC,randomized,147,estimated,none,5941e39c5ac4ec4782677679423e4ccd675685f3eb7077e88b8e0327fc221eaa,b3e8d1cd4c6f8250ee9ad07e957ef1df79003e8fadcc56cc33749ba2f4ff969e,ff8315c11c7cd882c4f47ba404a878652d60ef771cbc12af1456c5ea4d3b24e1,19.97435897435791,20.000000000000018,20.000000000000018,0.0,0.0,0.0,0,2,0.0,1246345494,1.11768706988836,1.1519535828852017,1.0614676383973065,0.9600221712091143,0,390,3.9,0.5700552881473586,13.178611145003863,30.733745793174688,32.53723341211457,0.4114709434727076,2750.2686839793987,0.03493589743589744,0.0,0.0,0.0,0.0,0.09487179487179487,0,1.394241069784003,0.39239695106516587,0.005309318943170765,0.005309318943170765,2.546604835597874,2.546604835597874,0.0955317019875643,0.0955317019875643
D1 LQR+VMC,randomized,148,estimated,none,ea89d0809b2eceb50e2cbea1cc7db043f5732a8f874515de723da526e5e1fcf9,36ad57737e4ba00dce497eae4b2a44ad34aa7b4dfecd8a7e8a0dce18adefab21,b1c5c2412289dd505069e46d16c880f2e7d6b22c67d0919d7613f71ab4f51ed9,19.93902439024392,20.000000000000018,20.000000000000018,0.0,0.0,0.0,0,2,0.0,1312116117,1.0402388344614464,1.0474852137614152,1.130122177440941,0.9840954979980934,0,164,1.6400000000000001,0.5627755278503883,14.332706889160878,32.475049294386494,79.94263526196899,0.41326253536918595,2846.910026352071,0.036966463414634144,0.0,0.0,0.0,0.0,0.1524390243902439,0,1.5627273044990586,0.0,0.008982378778088317,0.008982378778088317,2.399396679084585,2.399396679084585,0.10919291652083332,0.10919291652083332
D1 MPC+VMC,randomized,148,estimated,none,ea89d0809b2eceb50e2cbea1cc7db043f5732a8f874515de723da526e5e1fcf9,36ad57737e4ba00dce497eae4b2a44ad34aa7b4dfecd8a7e8a0dce18adefab21,b1c5c2412289dd505069e46d16c880f2e7d6b22c67d0919d7613f71ab4f51ed9,19.948186528497427,20.000000000000018,20.000000000000018,0.0,0.0,0.0,0,2,0.0,1312116117,1.0402388344614464,1.0474852137614152,1.130122177440941,0.9840954979980934,0,193,1.93,0.4708352985322255,20.163791358978614,49.98249509893824,75.47084073143006,0.3973533933776407,2598.146046831031,0.03270725388601036,0.0,0.0,0.0,0.0,0.15025906735751296,0,1.6083612207308917,0.7177664054324845,0.00931180295205114,0.00931180295205114,2.432463469331762,2.432463469331762,0.10925867862036862,0.10925867862036862
D1 LQR+VMC,randomized,149,estimated,none,38d96f4a56f8b328c38c0ff6682438106aa0d34c82c9c7ca419eb4b655ba9cc6,5890120f9c3a945fee0fc3d3c7df412320de7e8ad9405442262a6f7e9c68575f,2f9f4ee3a9b2369f14a2b1993c820b192a187fccec6ff91aab413f5ccd23f7a6,19.98007968127358,20.000000000000018,20.000000000000018,0.0,0.0,0.0,0,2,0.0,1830179457,0.9180456539681073,0.9174989713286356,0.7940223325506199,0.9976903932111862,0,502,5.0200000000000005,0.40066232206546387,12.242220343105997,38.669126780598575,60.67936049086986,0.4520279251363518,4253.170270310331,0.05415836653386454,0.0,0.0,0.0,0.0,0.05179282868525897,1,1.8966228451134686,0.0,0.008680874491000166,0.008680874491000166,2.8745439622179125,2.8745439622179125,0.17175689443790101,0.17175689443790101
D1 MPC+VMC,randomized,149,estimated,none,38d96f4a56f8b328c38c0ff6682438106aa0d34c82c9c7ca419eb4b655ba9cc6,5890120f9c3a945fee0fc3d3c7df412320de7e8ad9405442262a6f7e9c68575f,2f9f4ee3a9b2369f14a2b1993c820b192a187fccec6ff91aab413f5ccd23f7a6,19.907407407407423,20.000000000000018,20.000000000000018,0.0,0.0,0.0,0,2,0.0,1830179457,0.9180456539681073,0.9174989713286356,0.7940223325506199,0.9976903932111862,0,108,1.08,0.26604520321843644,13.818860883100829,50.9138875195823,32.047149902940106,0.42459694640195833,3379.457209353851,0.05324074074074074,0.0,0.0,0.0,0.0,0.1574074074074074,0,2.5638864663824963,0.520400299137691,0.005327798991244483,0.005327798991244483,3.1119147543675876,3.1119147543675876,0.09948434920472671,0.09948434920472671
D1 LQR+VMC,randomized,150,estimated,none,87d5ecdaec5529cc62b73f06fcdd36daa899aae44eaf54290669429a9b81c4cc,7e56980219563b71e271c8c26d045d414b38c2796bf4350f693550f6eee0f00e,97d34e35dd5c082c4b6beef6edc0732acff9b137e08da2334a36b2f9970f4f6b,19.98137802606939,20.000000000000018,20.000000000000018,0.0,0.0,0.0,0,2,0.0,1275761434,0.9010608496924545,1.2188541579664647,1.1599784371381194,0.9168649918548842,0,537,5.37,0.3788567942510038,7.5407689594333425,25.88303513359987,39.090760170063085,0.38396429560549417,2413.0272328042183,0.036080074487895714,0.0,0.0,0.0,0.0,0.3016759776536313,0,2.1935911213596304,0.0,0.005632921639594684,0.005632921639594684,2.0802763928395263,2.0802763928395263,0.11989312396780119,0.11989312396780119
D1 MPC+VMC,randomized,150,estimated,none,87d5ecdaec5529cc62b73f06fcdd36daa899aae44eaf54290669429a9b81c4cc,7e56980219563b71e271c8c26d045d414b38c2796bf4350f693550f6eee0f00e,97d34e35dd5c082c4b6beef6edc0732acff9b137e08da2334a36b2f9970f4f6b,19.98333333333187,20.000000000000018,20.000000000000018,0.0,0.0,0.0,0,2,0.0,1275761434,0.9010608496924545,1.2188541579664647,1.1599784371381194,0.9168649918548842,1,600,6.0,0.4391268034516126,11.529319441994534,37.772856242931276,39.947227914550695,0.4097995940577059,2963.1443899934543,0.04645833333333333,0.0,0.0,0.0,0.0,0.2783333333333333,0,1.9366568872646046,0.4675135016441345,0.006332409586649796,0.006332409586649796,2.5204322771777523,2.5204322771777523,0.11628340919781706,0.11628340919781706
D1 LQR+VMC,randomized,121,estimated,none,d39bd7d6e4156a84ac798c2ba364ce72ccb56762e1fca885463c25fb2660c3c9,b5debe969d1df6635d50c0383ced2b7758db1a66006d8efd3190a9a9c1c36602,e74abfcf5d2888ed35bda0e0bbd69a0013e29c645b0978ad7c12047430415168,29.760000000000012,30.00000000000003,30.00000000000003,0.0,0.0,0.0,0,3,0.0,1673411449,1.0392194779402963,0.934056113211154,1.1857691697504076,0.9661443790880642,0,125,1.25,0.2761839627117245,16.068624544835277,42.31272377532281,47.563028583610624,0.47412394434664945,4289.507614803667,0.0895,0.0,0.0,0.0,0.0,0.192,2,2.365362997771763,0.0,0.008693972942378022,0.008693972942378022,5.2991345566127315,5.2991345566127315,0.17665726248075111,0.17665726248075111
D1 MPC+VMC,randomized,121,estimated,none,d39bd7d6e4156a84ac798c2ba364ce72ccb56762e1fca885463c25fb2660c3c9,b5debe969d1df6635d50c0383ced2b7758db1a66006d8efd3190a9a9c1c36602,e74abfcf5d2888ed35bda0e0bbd69a0013e29c645b0978ad7c12047430415168,29.63855421686749,30.00000000000003,30.00000000000003,0.0,0.0,0.0,0,3,0.0,1673411449,1.0392194779402963,0.934056113211154,1.1857691697504076,0.9661443790880642,0,83,0.8300000000000001,0.28848496045871563,9.430549260117562,23.02911066373487,61.411494507314856,0.446187863742796,3807.3130596406154,0.07605421686746988,0.0,0.0,0.0,0.0,0.25301204819277107,7,2.3756565810113646,0.3962555929319933,0.010894696383973543,0.010894696383973543,4.0234287121699595,4.0234287121699595,0.16050891102502812,0.16050891102502812
D1 LQR+VMC,randomized,122,estimated,none,4939655211662136312f0d60be5991e6de7a0e3a8d5888564c413cae0aa11159,a43e284a8bda7a9c6b9537304ee476b45e291d3a0f641aee8d330f83a4caf286,0ac108ad83c5b4564a9c2bd7a8ac18297598c870a57f1bf13cd279d9fa2ab6bd,29.508196721311496,30.00000000000003,30.00000000000003,0.0,0.0,0.0,0,3,0.0,68735084,1.0815775669389267,0.8790308005009635,0.8954298945162347,0.8918624637657828,0,61,0.61,0.2717963763928985,9.636151087343757,19.435232908443147,26.852746768272134,0.3761305417500895,2409.755116582317,0.03483606557377049,0.0,0.0,0.0,0.0,0.3114754098360656,0,2.493681808868435,0.0,0.007245099813087175,0.007245099813087175,1.9950935277265895,1.9950935277265895,0.1118948408320138,0.1118948408320138
D1 MPC+VMC,randomized,122,estimated,none,4939655211662136312f0d60be5991e6de7a0e3a8d5888564c413cae0aa11159,a43e284a8bda7a9c6b9537304ee476b45e291d3a0f641aee8d330f83a4caf286,0ac108ad83c5b4564a9c2bd7a8ac18297598c870a57f1bf13cd279d9fa2ab6bd,29.868421052631206,30.00000000000003,30.00000000000003,0.0,0.0,0.0,0,3,0.0,68735084,1.0815775669389267,0.8790308005009635,0.8954298945162347,0.8918624637657828,0,228,2.2800000000000002,0.3811438955797726,13.526349685428116,36.89433411323174,58.014772711452174,0.5145815646923076,5947.004509602155,0.12225877192982457,0.0,0.0,0.0,0.0,0.09210526315789473,8,1.71539010064624,1.0995697935868511,0.0166837295116528,0.0166837295116528,4.487949755414639,4.487949755414639,0.279098414847669,0.279098414847669
D1 LQR+VMC,randomized,123,estimated,none,e1de0b30c29aac00209b92881bf98b35135e9f14ccd3bf431b1151e046ff0159,ad1ef676cd7e09b56d4738ddf875ae6abd6c6381fbff77aa832cc7df0175445b,18a5bce62fcd1b36732f66780d452f4821fcbf64e65a49fc799f24a8371bb98a,29.73913043478262,30.00000000000003,30.00000000000003,0.0,0.0,0.0,0,3,0.0,1101595663,1.0501174099145916,0.8242194584610002,0.7932339173021974,0.8868743621397339,0,115,1.1500000000000001,0.384756508916148,13.066158571268367,26.882787535023002,35.2944043351945,0.46154502770551764,4224.600369244378,0.0891304347826087,0.0,0.0,0.0,0.0,0.14782608695652175,6,1.8626029544254623,0.0,0.011225590608186476,0.011225590608186476,3.2698209958158473,3.2698209958158473,0.16748304152377344,0.16748304152377344
D1 MPC+VMC,randomized,123,estimated,none,e1de0b30c29aac00209b92881bf98b35135e9f14ccd3bf431b1151e046ff0159,ad1ef676cd7e09b56d4738ddf875ae6abd6c6381fbff77aa832cc7df0175445b,18a5bce62fcd1b36732f66780d452f4821fcbf64e65a49fc799f24a8371bb98a,29.680851063829806,30.00000000000003,30.00000000000003,0.0,0.0,0.0,0,3,0.0,1101595663,1.0501174099145916,0.8242194584610002,0.7932339173021974,0.8868743621397339,0,94,0.9400000000000001,0.5375845815770632,16.179376707193583,51.1258506013638,44.425785138571406,0.4475293107801592,3502.0418045237257,0.07845744680851063,0.0,0.0,0.0,0.0,0.24468085106382978,0,1.5165225402948463,0.5444629117846489,0.007556184103071002,0.007556184103071002,3.3615762662181425,3.3615762662181425,0.20606471710830995,0.20606471710830995
D1 LQR+VMC,randomized,124,estimated,none,c4121cc0c0a69aabfd8ae1f418eae18e4284d8a31398041202c4fb76e5d1aa3f,56dcc03527552d4dd3b093e8f05fd103a605ca22ee3f8a654938347405d3380a,a85b709e1fdc1b0823b30c2fa7c166a006f2820a8e539668905a13a8f28a6e38,29.81818181818184,30.00000000000003,30.00000000000003,0.0,0.0,0.0,0,3,0.0,710665679,1.072755685088562,1.1536367108867953,1.2799384113898542,0.9996119545819131,0,165,1.6500000000000001,0.559458535371827,18.52288289371159,37.93419083404974,66.83116291915536,0.5050453508023457,5315.735094728927,0.09356060606060607,0.0,0.0,0.0,0.0,0.12121212121212122,5,1.5617608422743843,0.0,0.013081058881484794,0.013081058881484794,6.244671458860343,6.244671458860343,0.2356359126887296,0.2356359126887296
D1 MPC+VMC,randomized,124,estimated,none,c4121cc0c0a69aabfd8ae1f418eae18e4284d8a31398041202c4fb76e5d1aa3f,56dcc03527552d4dd3b093e8f05fd103a605ca22ee3f8a654938347405d3380a,a85b709e1fdc1b0823b30c2fa7c166a006f2820a8e539668905a13a8f28a6e38,29.761904761904773,30.00000000000003,30.00000000000003,0.0,0.0,0.0,0,3,0.0,710665679,1.072755685088562,1.1536367108867953,1.2799384113898542,0.9996119545819131,0,126,1.26,0.3934123555964779,13.124675158138812,28.474804341577183,23.489033914111477,0.4922668429727978,4660.887661798897,0.07142857142857142,0.0,0.0,0.0,0.0,0.10317460317460317,0,2.0822875154562643,0.4575649945763871,0.009039513428534275,0.009039513428534275,4.306560538935183,4.306560538935183,0.210705745679785,0.210705745679785
D1 LQR+VMC,randomized,125,estimated,none,a7eb2addfedb958e6c479c2e257faf7f1782da4417b9bdc24c31232d38fc4988,bb4ef951ef18a309bcca5309ea323c4c8c1ecdbb3c39d1610cb072140f7e44e6,914d75774ba30c6a56db54679375ccfaadd459c7c0aa1f292f25b6e19d80084a,29.687500000000018,30.00000000000003,30.00000000000003,0.0,0.0,0.0,0,3,0.0,1310839343,1.0873848863921922,1.0221424887299229,0.9036051544398931,0.8859215154175284,0,96,0.96,0.3373070984475352,17.187515181204304,48.7823676685378,73.49200425928323,0.4503863246275259,2565.6960395039673,0.0859375,0.0,0.0,0.0,0.0,0.17708333333333334,4,1.9138579875169306,0.0,0.012344347559567334,0.012344347559567334,3.1354362846501695,3.1354362846501695,0.17533695227734847,0.17533695227734847
D1 MPC+VMC,randomized,125,estimated,none,a7eb2addfedb958e6c479c2e257faf7f1782da4417b9bdc24c31232d38fc4988,bb4ef951ef18a309bcca5309ea323c4c8c1ecdbb3c39d1610cb072140f7e44e6,914d75774ba30c6a56db54679375ccfaadd459c7c0aa1f292f25b6e19d80084a,29.854368932038774,30.00000000000003,30.00000000000003,0.0,0.0,0.0,0,3,0.0,1310839343,1.0873848863921922,1.0221424887299229,0.9036051544398931,0.8859215154175284,0,206,2.06,0.47874510768408185,18.227270475097683,48.84094636181282,57.69358560147005,0.5066239907849899,4907.369675061985,0.11984223300970874,0.0,0.0,0.0,0.0,0.08737864077669903,4,1.630185427401866,0.4542047463473864,0.012903749169314834,0.012903749169314834,5.759319850127368,5.759319850127368,0.23146203350189706,0.23146203350189706
D1 LQR+VMC,randomized,126,estimated,none,42d8e017dfbb20e42039438547d6cc422dd918886ce3a0e4b0e83520f12bf248,7e34e269b9e4c594bb8f35e9d4a3172a2706dc0dbf9e4a7f6646ccc74f04a7d2,4368ac9633458cadbb1cf90e6687b644fae3ec826c6cfd36abd6148a71e0569c,29.387755102040845,30.00000000000003,30.00000000000003,0.0,0.0,0.0,0,3,0.0,1674426195,0.9013587367131051,1.2237911483370425,0.6929830915399516,1.0458088405818775,0,49,0.49,0.42829831867196844,5.007143470044096,10.432543845319042,8.660858502703089,0.3977987567016048,2868.909119856439,0.039540816326530615,0.0,0.0,0.0,0.0,0.22448979591836735,0,2.091848281112634,0.0,0.00515176190021997,0.00515176190021997,2.8498811100800445,2.8498811100800445,0.17502794989176515,0.17502794989176515
D1 MPC+VMC,randomized,126,estimated,none,42d8e017dfbb20e42039438547d6cc422dd918886ce3a0e4b0e83520f12bf248,7e34e269b9e4c594bb8f35e9d4a3172a2706dc0dbf9e4a7f6646ccc74f04a7d2,4368ac9633458cadbb1cf90e6687b644fae3ec826c6cfd36abd6148a71e0569c,29.37500000000003,30.00000000000003,30.00000000000003,0.0,0.0,0.0,0,3,0.0,1674426195,0.9013587367131051,1.2237911483370425,0.6929830915399516,1.0458088405818775,0,48,0.48,0.4195662154344327,6.650244715300904,15.378865316704948,20.823283264582862,0.4044622433495553,2907.0518682257184,0.037760416666666664,0.0,0.0,0.0,0.0,0.25,0,2.1840980836470467,0.49138994727400126,0.0080202011380554,0.0080202011380554,3.4061369968202286,3.4061369968202286,0.20025091673518264,0.20025091673518264
D1 LQR+VMC,randomized,127,estimated,none,1a849d84f1be26e1e6f2c3be0da641635190738d1d167c6cec18c5fa01ac4b20,a62c253f96362a1932f78e665abbdd76f1d8b14ac646a1581a89059be1307721,5442a6cf68dc2c9e2969d106d711d003a04b7fb1b08d819a1b64e45f42bb758b,29.552238805970173,30.00000000000003,30.00000000000003,0.0,0.0,0.0,0,3,0.0,1970055044,0.9137426449013422,0.8943347555404323,0.8445661120289889,1.032011400718582,0,67,0.67,0.6057600672372442,5.88898352417885,18.435426003135017,31.0958409254719,0.4248673027937451,3050.077338300698,0.055970149253731345,0.0,0.0,0.0,0.0,0.23880597014925373,0,1.7807832682209257,0.0,0.010517100605420873,0.010517100605420873,3.6048940070702944,3.6048940070702944,0.22732012962658993,0.22732012962658993
D1 MPC+VMC,randomized,127,estimated,none,1a849d84f1be26e1e6f2c3be0da641635190738d1d167c6cec18c5fa01ac4b20,a62c253f96362a1932f78e665abbdd76f1d8b14ac646a1581a89059be1307721,5442a6cf68dc2c9e2969d106d711d003a04b7fb1b08d819a1b64e45f42bb758b,29.693877551020428,30.00000000000003,30.00000000000003,0.0,0.0,0.0,0,3,0.0,1970055044,0.9137426449013422,0.8943347555404323,0.8445661120289889,1.032011400718582,0,98,0.98,0.5834632132716361,11.289075979956255,23.60509840547316,63.79416678981328,0.4885248687494647,5111.5593293011025,0.09502551020408163,0.0,0.0,0.0,0.0,0.17346938775510204,3,1.3509932703792584,0.42668234527809534,0.009468682221930654,0.009468682221930654,3.3476482835709964,3.3476482835709964,0.20799312015996443,0.20799312015996443
D1 LQR+VMC,randomized,128,estimated,none,e2883873ba146e24e621af690cd24a6fb2cb64fe0d1883997e4b469ea99f21f7,83afc90a16a7011b633737ed84c6fb0050114b95c3a0e43580bfe50e30db52d3,f264bc56105f346b743ed9cc737b447d90e0ad7b0e40a4e50b989527a8dace15,29.700000000000017,30.00000000000003,30.00000000000003,0.0,0.0,0.0,0,3,0.0,1868001214,1.045019446205385,1.012452313136684,0.9318185060008339,0.9307867869801847,0,100,1.0,0.479855408197055,13.726660810733271,41.285133287114995,36.50614240560252,0.43274873813759757,3236.2548341335455,0.0675,0.0,0.0,0.0,0.0,0.31,3,1.6450358588013119,0.0,0.008276761763246468,0.008276761763246468,4.885019593732281,4.885019593732281,0.1757052593092709,0.1757052593092709
D1 MPC+VMC,randomized,128,estimated,none,e2883873ba146e24e621af690cd24a6fb2cb64fe0d1883997e4b469ea99f21f7,83afc90a16a7011b633737ed84c6fb0050114b95c3a0e43580bfe50e30db52d3,f264bc56105f346b743ed9cc737b447d90e0ad7b0e40a4e50b989527a8dace15,29.797297297297323,30.00000000000003,30.00000000000003,0.0,0.0,0.0,0,3,0.0,1868001214,1.045019446205385,1.012452313136684,0.9318185060008339,0.9307867869801847,0,148,1.48,0.8152878144569575,9.463460250873462,24.254723315750635,26.70418890277672,0.47160377653751906,4559.041955264889,0.08614864864864864,0.0,0.0,0.0,0.0,0.23648648648648649,0,1.5796536898774853,0.44289325596764684,0.010466199919647381,0.010466199919647381,3.3728777281298132,3.3728777281298132,0.22677968457798292,0.22677968457798292
D1 LQR+VMC,randomized,129,estimated,none,17e0941321db741d72fa01bdd838576f58ebcf57b4b46c5edffc1e263ebf3fd8,6496453d5a69277a86195d7bfdbbe46fbe2670ee348b85071fecbe32c5511a2c,d434493f82dd146ecf9d5efde69e8b1b6c67918401d4b091968f789d59678a88,29.79452054794523,30.00000000000003,30.00000000000003,0.0,0.0,0.0,0,3,0.0,416791227,0.9845496018142563,0.9052567452854112,1.2337830868118964,1.0285116701786272,0,146,1.46,0.44015037482275254,12.98967757989376,30.538983212941197,66.89050533064156,0.4930815144889399,4724.958640498363,0.08561643835616438,0.0,0.0,0.0,0.0,0.0821917808219178,5,1.5741560934708307,0.0,0.016224728586438586,0.016224728586438586,4.296955089815343,4.296955089815343,0.27479522316077654,0.27479522316077654
D1 MPC+VMC,randomized,129,estimated,none,17e0941321db741d72fa01bdd838576f58ebcf57b4b46c5edffc1e263ebf3fd8,6496453d5a69277a86195d7bfdbbe46fbe2670ee348b85071fecbe32c5511a2c,d434493f82dd146ecf9d5efde69e8b1b6c67918401d4b091968f789d59678a88,29.72727272727274,30.00000000000003,30.00000000000003,0.0,0.0,0.0,0,3,0.0,416791227,0.9845496018142563,0.9052567452854112,1.2337830868118964,1.0285116701786272,0,110,1.1,0.4557850422713911,14.608981783049376,32.13590591697872,40.05208232648797,0.49314678098844644,5131.144022304731,0.09204545454545454,0.0,0.0,0.0,0.0,0.10909090909090909,0,1.5633725768129534,0.4782041985890828,0.01127373317485781,0.01127373317485781,4.224398929484135,4.224398929484135,0.23002769338244908,0.23002769338244908
D1 LQR+VMC,randomized,130,estimated,none,982481780d3b1840d7766756d15388d94fd964f0a4d4a6ca198ddd2c21004bfd,f26470b0ae52d06a3a61c0b168230e39b8d37486347b1db9b1a210d0dcdc7dd7,316f9e50677b0e2563516cf65a5d247cd9025f2f98bfa1770e678d0d98c3ca02,29.62962962962965,30.00000000000003,30.00000000000003,0.0,0.0,0.0,0,3,0.0,893793182,0.9997216871705642,0.8351152271187723,0.8488619829931543,0.9314115641439593,0,81,0.81,0.7346994304565356,12.627843794100828,24.3781593181246,19.805145057687316,0.44670692519696265,4278.452640826717,0.08024691358024691,0.0,0.0,0.0,0.0,0.13580246913580246,1,1.2732688667588472,0.0,0.007566786346646919,0.007566786346646919,4.717111798246389,4.717111798246389,0.22826104499196082,0.22826104499196082
D1 MPC+VMC,randomized,130,estimated,none,982481780d3b1840d7766756d15388d94fd964f0a4d4a6ca198ddd2c21004bfd,f26470b0ae52d06a3a61c0b168230e39b8d37486347b1db9b1a210d0dcdc7dd7,316f9e50677b0e2563516cf65a5d247cd9025f2f98bfa1770e678d0d98c3ca02,29.758064516129043,30.00000000000003,30.00000000000003,0.0,0.0,0.0,0,3,0.0,893793182,0.9997216871705642,0.8351152271187723,0.8488619829931543,0.9314115641439593,0,124,1.24,0.5208775827685022,22.413046016860037,49.26725918149412,19.224045052184984,0.47232893137218307,3706.7260903600695,0.0907258064516129,0.0,0.0,0.0,0.0,0.08870967741935484,0,1.6079746509480162,0.45640884636668483,0.009869105877530308,0.009869105877530308,6.138464837696841,6.138464837696841,0.19603511971111418,0.19603511971111418
D1 LQR+VMC,randomized,131,estimated,none,76a27ea5906881f1d5b69ae47404917d0e486cb7c9e885c53efb0caa35b76639,ff5ad5fec0545ac41879319246e8552be77ad07bff5dc7f83e087c1ca46f6150,139f4bd89952f52e6be1011033bc41e4cca6e55c0c59dc6fa73052dcedb7def1,29.655172413793125,30.00000000000003,30.00000000000003,0.0,0.0,0.0,0,3,0.0,1688742133,1.0422219766542375,1.070517012206352,0.9960171566159062,0.8798084705107636,0,87,0.87,0.5833054640144735,6.5112160915229005,14.797042382693357,36.2791675076824,0.4560694405991281,3486.2071602056626,0.09195402298850575,0.0,0.0,0.0,0.0,0.19540229885057472,0,1.5540401022178163,0.0,0.0072893677083736355,0.0072893677083736355,3.351525782711273,3.351525782711273,0.17651740028656515,0.17651740028656515
D1 MPC+VMC,randomized,131,estimated,none,76a27ea5906881f1d5b69ae47404917d0e486cb7c9e885c53efb0caa35b76639,ff5ad5fec0545ac41879319246e8552be77ad07bff5dc7f83e087c1ca46f6150,139f4bd89952f52e6be1011033bc41e4cca6e55c0c59dc6fa73052dcedb7def1,29.84126984126986,30.00000000000003,30.00000000000003,0.0,0.0,0.0,0,3,0.0,1688742133,1.0422219766542375,1.070517012206352,0.9960171566159062,0.8798084705107636,0,189,1.8900000000000001,0.45824236276294295,12.87426903376692,34.34918116193319,59.88892189042593,0.48024130768421636,4313.002964680949,0.10119047619047619,0.0,0.0,0.0,0.0,0.09523809523809523,2,1.6494956977606787,0.4409679997479543,0.01228948685393486,0.01228948685393486,3.9721187123313277,3.9721187123313277,0.27401571358541926,0.27401571358541926
D1 LQR+VMC,randomized,132,estimated,none,1b7a7fa154a79a1a794ef8404ffae0140f1e2719b839857e5b38d3674739729e,a95af400eafe9bb70db4211a1b6cad8f95b86f8f7ee2152f9bdd03101eec6a00,97773864824d9f513bf336faa02df65b28157aaf7a08fac256caf5ccb04ae4b1,29.583333333333357,30.00000000000003,30.00000000000003,0.0,0.0,0.0,0,3,0.0,2119130811,0.9313722913777985,1.1620996281206688,1.1343696282482012,1.0264743128609943,0,72,0.72,0.26064976305557724,12.626355930427454,31.245750334956508,46.39779629082234,0.44021599647108384,3434.2192477570866,0.04861111111111111,0.0,0.0,0.0,0.0,0.18055555555555555,0,2.551010142434512,0.0,0.008056977941724138,0.008056977941724138,3.317951627604588,3.317951627604588,0.20522619508843462,0.20522619508843462
D1 MPC+VMC,randomized,132,estimated,none,1b7a7fa154a79a1a794ef8404ffae0140f1e2719b839857e5b38d3674739729e,a95af400eafe9bb70db4211a1b6cad8f95b86f8f7ee2152f9bdd03101eec6a00,97773864824d9f513bf336faa02df65b28157aaf7a08fac256caf5ccb04ae4b1,29.63855421686749,30.00000000000003,30.00000000000003,0.0,0.0,0.0,0,3,0.0,2119130811,0.9313722913777985,1.1620996281206688,1.1343696282482012,1.0264743128609943,0,83,0.8300000000000001,0.1821544079776124,15.001001433139425,37.94702764079527,77.36426932303874,0.44484831162230426,3930.2110775234682,0.06325301204819277,0.0,0.0,0.0,0.0,0.18072289156626506,0,2.66407731091346,0.42847790173254907,0.015009791706598942,0.015009791706598942,4.823262883358956,4.823262883358956,0.33126005891775245,0.33126005891775245
D1 LQR+VMC,randomized,133,estimated,none,0b94059643ae46500cab0b554894e068285669652369926e590e904fef68fe14,88ee8ee7ed9c598c83e9212cf32484a798c61f0b2b386a02b301df25b9ea2174,afe678e0be7bc00032e3029306cea0d57f6eae2a10144e13e8944aeeed0db396,29.8790322580639,30.00000000000003,30.00000000000003,0.0,0.0,0.0,0,3,0.0,1614274294,1.1145332790015046,1.030492392512524,0.8845519031870943,0.9652460868393753,0,248,2.48,0.5424218320976456,14.971524098880478,30.812498639312633,51.36014601629328,0.5149308018047818,5658.960579941605,0.10534274193548387,0.0,0.0,0.0,0.0,0.0846774193548387,2,1.2932185162420895,0.0,0.011574850149152351,0.011574850149152351,5.129487846474298,5.129487846474298,0.24217589626458513,0.24217589626458513
D1 MPC+VMC,randomized,133,estimated,none,0b94059643ae46500cab0b554894e068285669652369926e590e904fef68fe14,88ee8ee7ed9c598c83e9212cf32484a798c61f0b2b386a02b301df25b9ea2174,afe678e0be7bc00032e3029306cea0d57f6eae2a10144e13e8944aeeed0db396,29.523809523809543,30.00000000000003,30.00000000000003,0.0,0.0,0.0,0,3,0.0,1614274294,1.1145332790015046,1.030492392512524,0.8845519031870943,0.9652460868393753,0,63,0.63,0.3356030622298505,8.72649638208324,18.165071306818636,31.785051590364425,0.3942133542025924,2929.07125808539,0.03968253968253968,0.0,0.0,0.0,0.0,0.3492063492063492,0,2.0597803918533995,0.4327533897594549,0.00867535400389688,0.00867535400389688,2.4003490863850576,2.4003490863850576,0.1221865324969067,0.1221865324969067
D1 LQR+VMC,randomized,134,estimated,none,a39177103c65712762f5f04919c9f5274a194352e7123d9be3b9948a777d5f18,e5aa3494343ca1e2e74a96e6584c51d67767c742dba2d2414bc3e277645502c2,04b94d00ab801877e626a964194f0c3537e3fd83cc8094321bb7d2c5acf85f64,29.552238805970173,30.00000000000003,30.00000000000003,0.0,0.0,0.0,0,3,0.0,1294581413,1.1130639464762684,1.0269182989567793,1.0037205315584476,1.0060237377134706,0,67,0.67,0.2643205643463652,6.25997934121504,18.316841117373105,14.798925730338567,0.37893030490165447,2166.2501059176275,0.029850746268656716,0.0,0.0,0.0,0.0,0.40298507462686567,0,2.7219443605375537,0.0,0.006110259729770337,0.006110259729770337,1.7413552018865146,1.7413552018865146,0.10226652721018599,0.10226652721018599
D1 MPC+VMC,randomized,134,estimated,none,a39177103c65712762f5f04919c9f5274a194352e7123d9be3b9948a777d5f18,e5aa3494343ca1e2e74a96e6584c51d67767c742dba2d2414bc3e277645502c2,04b94d00ab801877e626a964194f0c3537e3fd83cc8094321bb7d2c5acf85f64,29.531250000000025,30.00000000000003,30.00000000000003,0.0,0.0,0.0,0,3,0.0,1294581413,1.1130639464762684,1.0269182989567793,1.0037205315584476,1.0060237377134706,0,64,0.64,0.23561789387646745,7.78982458090668,16.142850335271913,29.047192601817414,0.3746180636626582,2693.5073439884072,0.029296875,0.0,0.0,0.0,0.0,0.453125,0,2.530982266243076,0.46258169968496077,0.007091020076377436,0.007091020076377436,1.7387392005226125,1.7387392005226125,0.07653115913797887,0.07653115913797887
D1 LQR+VMC,randomized,135,estimated,none,7fec012b780b26dceeff8fcdf03c1f75327ac70e5016705f4638573a235e243d,fab0fc12d16737fe6eb716cd2a5f6c6fc87baa068da5b69d3acc7c61a7d47e9b,0d87a13e27a69a8987063aa300e1b59dff2a4ffee4805f18d736ae42b38539ba,29.680851063829806,30.00000000000003,30.00000000000003,0.0,0.0,0.0,0,3,0.0,1194058859,1.0206111294275515,0.9263370497375614,1.235489406189609,1.0474239035632644,0,94,0.9400000000000001,0.35871147958948574,17.130640933071476,42.253040110308845,39.63111373325779,0.43931941061121305,2942.531172451555,0.05518617021276596,0.0,0.0,0.0,0.0,0.18085106382978725,2,1.8867474934340511,0.0,0.0101414000103561,0.0101414000103561,5.775715759499149,5.775715759499149,0.18535777278965573,0.18535777278965573
D1 MPC+VMC,randomized,135,estimated,none,7fec012b780b26dceeff8fcdf03c1f75327ac70e5016705f4638573a235e243d,fab0fc12d16737fe6eb716cd2a5f6c6fc87baa068da5b69d3acc7c61a7d47e9b,0d87a13e27a69a8987063aa300e1b59dff2a4ffee4805f18d736ae42b38539ba,29.473684210526336,30.00000000000003,30.00000000000003,0.0,0.0,0.0,0,3,0.0,1194058859,1.0206111294275515,0.9263370497375614,1.235489406189609,1.0474239035632644,0,57,0.5700000000000001,0.42549122992931737,5.73023899936607,14.296586511830888,21.736146454944762,0.41101156573964853,2369.4290772724808,0.03837719298245614,0.0,0.0,0.0,0.0,0.3157894736842105,0,1.9246358998703432,0.43017959978897113,0.010267522583795582,0.010267522583795582,2.107902833070211,2.107902833070211,0.17486613589640923,0.17486613589640923
D1 LQR+VMC,randomized,136,estimated,none,0db306068b7c011feae0531150b3f30808f457f349038797bc861f83e4799273,aa3c03f2dc321410810d0d3c01d85cd887d66914cbe53aeb68451c11b9feb39d,2aea97535df493f98c03800605956032f985957982d2b6786b8f561d57a85950,29.767441860465137,30.00000000000003,30.00000000000003,0.0,0.0,0.0,0,3,0.0,1120340089,0.9280372446023853,0.8316009993033402,0.7257125674497298,0.9243368589466237,0,129,1.29,0.5739387718676943,10.555613417096446,19.272047803081477,44.52627096125624,0.5134080371691215,5198.213014547118,0.11967054263565892,0.0,0.0,0.0,0.0,0.09302325581395349,0,1.2886958093050138,0.0,0.01264197919161566,0.01264197919161566,3.7237038407176213,3.7237038407176213,0.23829316108534282,0.23829316108534282
D1 MPC+VMC,randomized,136,estimated,none,0db306068b7c011feae0531150b3f30808f457f349038797bc861f83e4799273,aa3c03f2dc321410810d0d3c01d85cd887d66914cbe53aeb68451c11b9feb39d,2aea97535df493f98c03800605956032f985957982d2b6786b8f561d57a85950,29.7826086956522,30.00000000000003,30.00000000000003,0.0,0.0,0.0,0,3,0.0,1120340089,0.9280372446023853,0.8316009993033402,0.7257125674497298,0.9243368589466237,0,138,1.3800000000000001,0.431689489398962,10.600610992490745,18.323004647420085,37.847046272131,0.5078932994998636,4198.217550261776,0.11548913043478261,0.0,0.0,0.0,0.0,0.07971014492753623,0,1.7558317105020236,0.4424266000569333,0.012720110313691881,0.012720110313691881,3.4472124090174536,3.4472124090174536,0.2439285736184776,0.2439285736184776
D1 LQR+VMC,randomized,137,estimated,none,45705da51ac419e33accfd4c090bed0e347053be488a8588d591784693ba85ae,06841b06f017018e694a03c665f528c6a3027297860f2640785ac8eab21d8721,d83880bc0cb1152d00cf19bb79c68646cc4a38016c00016e2cad3bf2e9ed63be,29.839572192513387,30.00000000000003,30.00000000000003,0.0,0.0,0.0,0,3,0.0,1784943886,1.0888000513445704,0.9237705849939278,0.9275175429514981,0.9750643930020666,0,187,1.87,0.4487532195454454,17.76436545022354,45.0964760034547,66.64251422323925,0.4930151461039716,4642.295913493471,0.08957219251336898,0.0,0.0,0.0,0.0,0.08021390374331551,12,1.942312852277636,0.0,0.012919498307365603,0.012919498307365603,4.446041094329248,4.446041094329248,0.18819251884329907,0.18819251884329907
D1 MPC+VMC,randomized,137,estimated,none,45705da51ac419e33accfd4c090bed0e347053be488a8588d591784693ba85ae,06841b06f017018e694a03c665f528c6a3027297860f2640785ac8eab21d8721,d83880bc0cb1152d00cf19bb79c68646cc4a38016c00016e2cad3bf2e9ed63be,29.758064516129043,30.00000000000003,30.00000000000003,0.0,0.0,0.0,0,3,0.0,1784943886,1.0888000513445704,0.9237705849939278,0.9275175429514981,0.9750643930020666,0,124,1.24,0.2656069645808383,8.565650727648238,20.548961216928454,58.60542127082013,0.47585555434548604,4985.864943308108,0.07661290322580645,0.0,0.0,0.0,0.0,0.14516129032258066,0,2.350240385645739,0.5017084513383452,0.013969458803322933,0.013969458803322933,3.2538616274720673,3.2538616274720673,0.2683383360264202,0.2683383360264202
D1 LQR+VMC,randomized,138,estimated,none,7ceb90b93b6b62fe85280e07425ca36c9062afc1a65547d29ecbecddf4b8f940,69fc3f8b5a24da730923cc3f9b8ed89d42e9bf1e571ebe5dfd998b4c85716a46,c2328e8d35ca9c78119b64eabc6de33acfc896e10b586c8fb14259d17d551b4d,29.680851063829806,30.00000000000003,30.00000000000003,0.0,0.0,0.0,0,3,0.0,770206952,1.0260864405663987,1.1534392747267768,1.014310206220799,1.037683491019551,0,94,0.9400000000000001,0.298016116014956,11.060957161816463,26.555180659873823,27.412829503341932,0.44512011662314105,2945.5290810139263,0.0538563829787234,0.0,0.0,0.0,0.0,0.20212765957446807,0,2.295555359766502,0.0,0.008301916887147757,0.008301916887147757,4.209466445773009,4.209466445773009,0.17458263488546075,0.17458263488546075
D1 MPC+VMC,randomized,138,estimated,none,7ceb90b93b6b62fe85280e07425ca36c9062afc1a65547d29ecbecddf4b8f940,69fc3f8b5a24da730923cc3f9b8ed89d42e9bf1e571ebe5dfd998b4c85716a46,c2328e8d35ca9c78119b64eabc6de33acfc896e10b586c8fb14259d17d551b4d,29.600000000000023,30.00000000000003,30.00000000000003,0.0,0.0,0.0,0,3,0.0,770206952,1.0260864405663987,1.1534392747267768,1.014310206220799,1.037683491019551,0,75,0.75,0.18941451016273303,15.254450924594092,36.083780651505876,24.041133322950614,0.43554911406806407,2967.8383433063327,0.0575,0.0,0.0,0.0,0.0,0.24,0,2.6707449345911325,0.45471279736375436,0.007485791671824017,0.007485791671824017,4.22763034130836,4.22763034130836,0.17673543091809182,0.17673543091809182
D1 LQR+VMC,randomized,139,estimated,none,3cc5f8177aa69d734d8d895c1ad39c1db6fa809e20957d7f562260e42c6e8c58,cee5681ffa8f68cc5bc77403c32637cc51c3383a36191b1f9e5b3a09255b2f07,4c8ab5c8cd96305a26acb2a100f14b68867573749283126eb4b1b395604a4aa9,29.60526315789476,30.00000000000003,30.00000000000003,0.0,0.0,0.0,0,3,0.0,171634240,0.9916877504478899,1.0601320918636594,0.7421981782903972,0.8648196297883745,0,76,0.76,0.355974138810419,17.41982906523649,50.384022472272136,15.091467425036805,0.44662840607600607,3687.9516208896734,0.09210526315789473,0.0,0.0,0.0,0.0,0.23684210526315788,0,2.1197349186812993,0.0,0.006583926035817521,0.006583926035817521,3.639688888962282,3.639688888962282,0.21321456509961553,0.21321456509961553
D1 MPC+VMC,randomized,139,estimated,none,3cc5f8177aa69d734d8d895c1ad39c1db6fa809e20957d7f562260e42c6e8c58,cee5681ffa8f68cc5bc77403c32637cc51c3383a36191b1f9e5b3a09255b2f07,4c8ab5c8cd96305a26acb2a100f14b68867573749283126eb4b1b395604a4aa9,29.868995633187385,30.00000000000003,30.00000000000003,0.0,0.0,0.0,0,3,0.0,171634240,0.9916877504478899,1.0601320918636594,0.7421981782903972,0.8648196297883745,0,229,2.29,0.3702009797712905,12.568127468048928,29.41084084128755,32.82660516014726,0.5154378614492459,5734.770811402081,0.12882096069868995,0.0,0.0,0.0,0.0,0.0611353711790393,0,1.8233079193866357,0.48760700155980885,0.012156828519509484,0.012156828519509484,3.949663761014236,3.949663761014236,0.24304353536213025,0.24304353536213025
D1 LQR+VMC,randomized,140,estimated,none,1f9ba259b01012022eeaefd520c99ecbbcbb63fb470b826163d5a4a613839a87,e97a194402d605c4f51a77c2b32c740b3d5ffbeb57c2eb9a787edc464822d293,113f43b25342c8709a89648bb9ba166cb38f80cdf57f50fc83319db0c384f934,29.500000000000018,30.00000000000003,30.00000000000003,0.0,0.0,0.0,0,3,0.0,216240565,1.0468764109858262,1.0796083124508884,1.1096043279598042,0.8946372269760438,0,60,0.6,0.14850394720089027,2.398200645953715,9.137898931586093,16.182882543146448,0.39812620617553335,2487.9318243908538,0.06354166666666666,0.0,0.0,0.0,0.0,0.25,0,3.075981062196333,0.0,0.005311154874768248,0.005311154874768248,1.7179299115741404,1.7179299115741404,0.11837391614801095,0.11837391614801095
D1 MPC+VMC,randomized,140,estimated,none,1f9ba259b01012022eeaefd520c99ecbbcbb63fb470b826163d5a4a613839a87,e97a194402d605c4f51a77c2b32c740b3d5ffbeb57c2eb9a787edc464822d293,113f43b25342c8709a89648bb9ba166cb38f80cdf57f50fc83319db0c384f934,29.880478087648758,30.00000000000003,30.00000000000003,0.0,0.0,0.0,0,3,0.0,216240565,1.0468764109858262,1.0796083124508884,1.1096043279598042,0.8946372269760438,0,251,2.5100000000000002,0.4508254591726938,12.786816572879033,33.94517452990237,38.41477339666996,0.4858420772374466,4027.806523416839,0.08989043824701196,0.0,0.0,0.0,0.0,0.10358565737051793,3,1.8966792885445898,0.498929999594111,0.010010527547020689,0.010010527547020689,4.235564884145275,4.235564884145275,0.20283015828468987,0.20283015828468987
D1 LQR+VMC,randomized,141,estimated,none,c77b80ac6393660aaccfc980392fc2cf8ccfe61c87168a4ac1e4fcc852f393ad,695a926545c5c8724a3fe1f51f39a1eaac9d01192e9c20d09835be872f96ed8d,b1913b46d1d8fb972661e5aa67908990784702930ea7404de65006b7bfa14e0d,29.67391304347828,30.00000000000003,30.00000000000003,0.0,0.0,0.0,0,3,0.0,1579618222,1.0619852316253795,1.2488134642576083,0.6512005159852253,0.8862314635231168,0,92,0.92,0.34264736144262475,10.929410951671251,30.84044591465955,19.98975348008219,0.4000105144677314,2696.442488727276,0.06453804347826086,0.0,0.0,0.0,0.0,0.34782608695652173,1,2.6082241626306044,0.0,0.006829146398453231,0.006829146398453231,4.912865775523498,4.912865775523498,0.1464276105302958,0.1464276105302958
D1 MPC+VMC,randomized,141,estimated,none,c77b80ac6393660aaccfc980392fc2cf8ccfe61c87168a4ac1e4fcc852f393ad,695a926545c5c8724a3fe1f51f39a1eaac9d01192e9c20d09835be872f96ed8d,b1913b46d1d8fb972661e5aa67908990784702930ea7404de65006b7bfa14e0d,29.655172413793125,30.00000000000003,30.00000000000003,0.0,0.0,0.0,0,3,0.0,1579618222,1.0619852316253795,1.2488134642576083,0.6512005159852253,0.8862314635231168,0,87,0.87,0.31552383255976163,3.601287404050664,6.85739511108102,36.97753601458952,0.4035239903660471,3613.1808564157377,0.06824712643678162,0.0,0.0,0.0,0.0,0.367816091954023,0,2.4001516710177415,0.8896949992049487,0.006231106103966481,0.006231106103966481,1.8871949677950306,1.8871949677950306,0.15636472819172648,0.15636472819172648
D1 LQR+VMC,randomized,142,estimated,none,cdcaa98f73ab12f905730d545f15236260f730322e62cfdaf2be1216f6c32b82,08111758dc0042e1b28b156e540ce96857b81190bec65f45933ec367c29d9ba5,99e2abc733b90cf74a558a5663e3386ab2e10be2104a67be600370f8b2864273,29.642857142857164,30.00000000000003,30.00000000000003,0.0,0.0,0.0,0,3,0.0,1188754629,0.9049038144441932,0.8483710141125314,1.0710901939059994,1.0421396301432335,0,84,0.84,0.5349286898888953,6.561300077579553,23.26441314689668,47.464765009744255,0.42400814856010854,2739.868998057375,0.05282738095238095,0.0,0.0,0.0,0.0,0.2857142857142857,0,1.6300391172708013,0.0,0.007433501219228674,0.007433501219228674,2.816914512258571,2.816914512258571,0.15878021500691275,0.15878021500691275
D1 MPC+VMC,randomized,142,estimated,none,cdcaa98f73ab12f905730d545f15236260f730322e62cfdaf2be1216f6c32b82,08111758dc0042e1b28b156e540ce96857b81190bec65f45933ec367c29d9ba5,99e2abc733b90cf74a558a5663e3386ab2e10be2104a67be600370f8b2864273,29.63855421686749,30.00000000000003,30.00000000000003,0.0,0.0,0.0,0,3,0.0,1188754629,0.9049038144441932,0.8483710141125314,1.0710901939059994,1.0421396301432335,0,83,0.8300000000000001,0.5322691374443395,11.588416594111884,52.56943168149364,36.307623032919444,0.43680541030907905,3160.4773413545404,0.061746987951807226,0.0,0.0,0.0,0.0,0.30120481927710846,0,1.7397187377820533,0.8100141043541953,0.00730979107769047,0.00730979107769047,4.521066179939759,4.521066179939759,0.21885526402314048,0.21885526402314048
D1 LQR+VMC,randomized,143,estimated,none,4d7f5b92acd571dbd0cba44fad157d1ac44e8da1ecf15fc73a2bcceb5f655674,463c73fc00dae98d96320541191103fe95d178b75fd927f06e78e901cd12d6de,9650d822e85370a0af94d506aea494986276a28ef84dcdfcce520ec47a141481,29.866666666666326,30.00000000000003,30.00000000000003,0.0,0.0,0.0,0,3,0.0,751189641,0.9909304351460378,1.2395564452287589,0.9786749919453452,0.9808594515412972,0,225,2.25,0.433822537158447,16.893870462220324,35.09203726959837,42.25168985155923,0.49712993538615485,4841.910341689571,0.07694444444444444,0.0,0.0,0.0,0.0,0.07111111111111111,4,1.6214246459294464,0.0,0.010581821090054481,0.010581821090054481,6.119674295931656,6.119674295931656,0.23348225770447492,0.23348225770447492
D1 MPC+VMC,randomized,143,estimated,none,4d7f5b92acd571dbd0cba44fad157d1ac44e8da1ecf15fc73a2bcceb5f655674,463c73fc00dae98d96320541191103fe95d178b75fd927f06e78e901cd12d6de,9650d822e85370a0af94d506aea494986276a28ef84dcdfcce520ec47a141481,29.75206611570249,30.00000000000003,30.00000000000003,0.0,0.0,0.0,0,3,0.0,751189641,0.9909304351460378,1.2395564452287589,0.9786749919453452,0.9808594515412972,0,121,1.21,0.4188282757676929,20.78094270307431,46.79007555480883,64.30947925702125,0.4637218244196117,4261.201387427664,0.08109504132231404,0.0,0.0,0.0,0.0,0.17355371900826447,5,1.7376933855979808,0.4866189992753789,0.012370133553191007,0.012370133553191007,5.520707508009037,5.520707508009037,0.24227930361504624,0.24227930361504624
D1 LQR+VMC,randomized,144,estimated,none,7369af1060b4d412b7b8127416cec7df08f605ae4e02d6a96b1ed155a3975910,ec7d02beb4eb163036262ce05b52c63b0441bebd5b941895e4c924d68220570e,cc899ac8362c1059db9c9e04d0482abeb9ccab897e9fe165917f2fab516d2fc3,29.83425414364643,30.00000000000003,30.00000000000003,0.0,0.0,0.0,0,3,0.0,395779038,1.0744076047998323,0.8268593149472696,0.8447888207561627,0.8684242825157816,0,181,1.81,0.8698447461450224,15.727368176488245,46.93813641823342,54.43009484925032,0.4793732403968338,5166.508162904376,0.1136049723756906,0.0,0.0,0.0,0.0,0.14917127071823205,1,1.2264246002498254,0.0,0.013318019987947474,0.013318019987947474,4.807355494473521,4.807355494473521,0.24577999846566226,0.24577999846566226
D1 MPC+VMC,randomized,144,estimated,none,7369af1060b4d412b7b8127416cec7df08f605ae4e02d6a96b1ed155a3975910,ec7d02beb4eb163036262ce05b52c63b0441bebd5b941895e4c924d68220570e,cc899ac8362c1059db9c9e04d0482abeb9ccab897e9fe165917f2fab516d2fc3,29.760000000000012,30.00000000000003,30.00000000000003,0.0,0.0,0.0,0,3,0.0,395779038,1.0744076047998323,0.8268593149472696,0.8447888207561627,0.8684242825157816,0,125,1.25,0.6811467409754265,16.96680167904364,49.01429858410802,54.67726303149081,0.432899140593676,3621.5187520676527,0.0865,0.0,0.0,0.0,0.0,0.2,3,1.3956446991328622,0.4789412079844624,0.011573850055950255,0.011573850055950255,4.586572000442468,4.586572000442468,0.21455785822615472,0.21455785822615472
D1 LQR+VMC,randomized,145,estimated,none,33b8d14cbb549a1e62cc62fa0bfa9454ed2ef954525c99c254fb9aec893c9504,a928a4961e411582748ba78f0f3a471bfb7149c89891e66183931c146be67d66,7f5454c85cbc9e2b6b78dd26c07b71633a8ec1501bccf890711c07a94fc5d1e4,29.724770642201847,30.00000000000003,30.00000000000003,0.0,0.0,0.0,0,3,0.0,604696884,1.032138722449388,0.9208704170368199,1.2157391964787247,0.8918780256418402,0,109,1.09,0.32303739066934967,12.51677285850644,28.89210224288606,36.727559022391276,0.43714150956096315,3760.0246216963583,0.08027522935779817,0.0,0.0,0.0,0.0,0.3669724770642202,2,2.222021312376517,0.0,0.00823473182314038,0.00823473182314038,3.5809550342156555,3.5809550342156555,0.15834009842862073,0.15834009842862073
D1 MPC+VMC,randomized,145,estimated,none,33b8d14cbb549a1e62cc62fa0bfa9454ed2ef954525c99c254fb9aec893c9504,a928a4961e411582748ba78f0f3a471bfb7149c89891e66183931c146be67d66,7f5454c85cbc9e2b6b78dd26c07b71633a8ec1501bccf890711c07a94fc5d1e4,29.840425531914914,30.00000000000003,30.00000000000003,0.0,0.0,0.0,0,3,0.0,604696884,1.032138722449388,0.9208704170368199,1.2157391964787247,0.8918780256418402,0,188,1.8800000000000001,0.4976149273405193,10.855784166161296,29.69848370368744,19.727787342282348,0.4468140612091794,3829.673124091912,0.08211436170212766,0.0,0.0,0.0,0.0,0.19680851063829788,3,1.9132464979269217,0.466781100112712,0.006667207571414186,0.006667207571414186,4.497236648289888,4.497236648289888,0.1814438730840655,0.1814438730840655
D1 LQR+VMC,randomized,146,estimated,none,44a1655f8f0d87809c31899f83af456807cf7fa8e3b88efa32f6cef989bb2aed,f8a78618c5037e6fdabe4891163c0101f27eea2d7a5c9f32e2e5fa7865e773fa,99f3b50612c1f3489fd95c558e3208865c7632be7812c117d17a4d5cb116ce34,29.473684210526336,30.00000000000003,30.00000000000003,0.0,0.0,0.0,0,3,0.0,2014839443,1.0761108894023355,0.9705705341216071,0.9262106578526572,0.917880647232726,0,57,0.5700000000000001,0.5788568855035496,3.767124612722973,8.363757637668762,25.026494360593567,0.39083053834542913,2558.3878061679234,0.0537280701754386,0.0,0.0,0.0,0.0,0.2807017543859649,0,1.5712794715981446,0.0,0.007898388861304303,0.007898388861304303,2.9417721321166295,2.9417721321166295,0.1604713250449101,0.1604713250449101
D1 MPC+VMC,randomized,146,estimated,none,44a1655f8f0d87809c31899f83af456807cf7fa8e3b88efa32f6cef989bb2aed,f8a78618c5037e6fdabe4891163c0101f27eea2d7a5c9f32e2e5fa7865e773fa,99f3b50612c1f3489fd95c558e3208865c7632be7812c117d17a4d5cb116ce34,29.473684210526336,30.00000000000003,30.00000000000003,0.0,0.0,0.0,0,3,0.0,2014839443,1.0761108894023355,0.9705705341216071,0.9262106578526572,0.917880647232726,0,57,0.5700000000000001,0.6300320885063994,3.4372753235680946,9.03423114526572,24.296255644140476,0.3865927669979819,2374.1907173309182,0.04824561403508772,0.0,0.0,0.0,0.0,0.3333333333333333,0,1.4941396708933432,0.46453900285996497,0.00826309918585971,0.00826309918585971,2.2024134424699184,2.2024134424699184,0.13779650919972888,0.13779650919972888
D1 LQR+VMC,randomized,147,estimated,none,5941e39c5ac4ec4782677679423e4ccd675685f3eb7077e88b8e0327fc221eaa,b3e8d1cd4c6f8250ee9ad07e957ef1df79003e8fadcc56cc33749ba2f4ff969e,ff8315c11c7cd882c4f47ba404a878652d60ef771cbc12af1456c5ea4d3b24e1,29.491525423728834,30.00000000000003,30.00000000000003,0.0,0.0,0.0,0,3,0.0,1246345494,1.11768706988836,1.1519535828852017,1.0614676383973065,0.9600221712091143,0,59,0.59,0.6071819022767002,4.00499151438978,7.560782327965473,25.377625601931324,0.43040128422920815,3615.470368549792,0.06885593220338983,0.0,0.0,0.0,0.0,0.1864406779661017,0,1.3819367073829547,0.0,0.0089970341350705,0.0089970341350705,1.6721698970648762,1.6721698970648762,0.13714315519794265,0.13714315519794265
D1 MPC+VMC,randomized,147,estimated,none,5941e39c5ac4ec4782677679423e4ccd675685f3eb7077e88b8e0327fc221eaa,b3e8d1cd4c6f8250ee9ad07e957ef1df79003e8fadcc56cc33749ba2f4ff969e,ff8315c11c7cd882c4f47ba404a878652d60ef771cbc12af1456c5ea4d3b24e1,29.423076923076948,30.00000000000003,30.00000000000003,0.0,0.0,0.0,0,3,0.0,1246345494,1.11768706988836,1.1519535828852017,1.0614676383973065,0.9600221712091143,0,52,0.52,0.6455391615629106,2.1352426583759856,4.629396714469537,12.749531593309186,0.38864272696377083,2527.7828129662985,0.04447115384615385,0.0,0.0,0.0,0.0,0.21153846153846154,0,1.5245651121144392,0.4300895969208794,0.005226165093439865,0.005226165093439865,1.1545381926682332,1.1545381926682332,0.12694247245885668,0.12694247245885668
D1 LQR+VMC,randomized,148,estimated,none,ea89d0809b2eceb50e2cbea1cc7db043f5732a8f874515de723da526e5e1fcf9,36ad57737e4ba00dce497eae4b2a44ad34aa7b4dfecd8a7e8a0dce18adefab21,b1c5c2412289dd505069e46d16c880f2e7d6b22c67d0919d7613f71ab4f51ed9,29.57746478873242,30.00000000000003,30.00000000000003,0.0,0.0,0.0,0,3,0.0,1312116117,1.0402388344614464,1.0474852137614152,1.130122177440941,0.9840954979980934,0,71,0.71,0.40684863661633325,15.462633726695328,49.49689118751761,21.829471782559402,0.4298639849393691,2771.6519973752584,0.05017605633802817,0.0,0.0,0.0,0.0,0.2112676056338028,0,1.9083198094385387,0.0,0.008480322000810057,0.008480322000810057,4.751778433268778,4.751778433268778,0.17956688611090843,0.17956688611090843
D1 MPC+VMC,randomized,148,estimated,none,ea89d0809b2eceb50e2cbea1cc7db043f5732a8f874515de723da526e5e1fcf9,36ad57737e4ba00dce497eae4b2a44ad34aa7b4dfecd8a7e8a0dce18adefab21,b1c5c2412289dd505069e46d16c880f2e7d6b22c67d0919d7613f71ab4f51ed9,29.620253164556985,30.00000000000003,30.00000000000003,0.0,0.0,0.0,0,3,0.0,1312116117,1.0402388344614464,1.0474852137614152,1.130122177440941,0.9840954979980934,0,79,0.79,0.45878330555050806,16.593869763190167,37.965814802569135,20.829096306128857,0.4306274166663025,2872.270109378065,0.048259493670886076,0.0,0.0,0.0,0.0,0.189873417721519,0,1.7153263062005202,0.4816328015294856,0.009570264628927402,0.009570264628927402,4.014414536809575,4.014414536809575,0.18841983423388975,0.18841983423388975
D1 LQR+VMC,randomized,149,estimated,none,38d96f4a56f8b328c38c0ff6682438106aa0d34c82c9c7ca419eb4b655ba9cc6,5890120f9c3a945fee0fc3d3c7df412320de7e8ad9405442262a6f7e9c68575f,2f9f4ee3a9b2369f14a2b1993c820b192a187fccec6ff91aab413f5ccd23f7a6,29.44444444444447,30.00000000000003,30.00000000000003,0.0,0.0,0.0,0,3,0.0,1830179457,0.9180456539681073,0.9174989713286356,0.7940223325506199,0.9976903932111862,0,54,0.54,0.180070390491251,9.736402684459545,35.09342600952772,14.859146051995967,0.40614142503326467,2861.085404244593,0.046296296296296294,0.0,0.0,0.0,0.0,0.25925925925925924,0,2.9748062524487278,0.0,0.005936078347522656,0.005936078347522656,4.0349226757557854,4.0349226757557854,0.18160923797246015,0.18160923797246015
D1 MPC+VMC,randomized,149,estimated,none,38d96f4a56f8b328c38c0ff6682438106aa0d34c82c9c7ca419eb4b655ba9cc6,5890120f9c3a945fee0fc3d3c7df412320de7e8ad9405442262a6f7e9c68575f,2f9f4ee3a9b2369f14a2b1993c820b192a187fccec6ff91aab413f5ccd23f7a6,29.400000000000027,30.00000000000003,30.00000000000003,0.0,0.0,0.0,0,3,0.0,1830179457,0.9180456539681073,0.9174989713286356,0.7940223325506199,0.9976903932111862,0,50,0.5,0.234075496878474,6.1418165454633895,20.964239101457697,18.4847645854381,0.3892929499973985,2923.392608794827,0.0425,0.0,0.0,0.0,0.0,0.34,0,2.8578407588560117,0.4650828952435404,0.006575520590340056,0.006575520590340056,3.1301590945744224,3.1301590945744224,0.1757394807081851,0.1757394807081851
D1 LQR+VMC,randomized,150,estimated,none,87d5ecdaec5529cc62b73f06fcdd36daa899aae44eaf54290669429a9b81c4cc,7e56980219563b71e271c8c26d045d414b38c2796bf4350f693550f6eee0f00e,97d34e35dd5c082c4b6beef6edc0732acff9b137e08da2334a36b2f9970f4f6b,29.795918367346964,30.00000000000003,30.00000000000003,0.0,0.0,0.0,0,3,0.0,1275761434,0.9010608496924545,1.2188541579664647,1.1599784371381194,0.9168649918548842,0,147,1.47,0.3437213870381873,7.793562333500229,21.944833035127125,41.652411900554206,0.46994033089780324,5021.031759211347,0.09183673469387756,0.0,0.0,0.0,0.0,0.1836734693877551,0,1.8697787008983076,0.0,0.010622071352853703,0.010622071352853703,2.9398917335044015,2.9398917335044015,0.23415092085867575,0.23415092085867575
D1 MPC+VMC,randomized,150,estimated,none,87d5ecdaec5529cc62b73f06fcdd36daa899aae44eaf54290669429a9b81c4cc,7e56980219563b71e271c8c26d045d414b38c2796bf4350f693550f6eee0f00e,97d34e35dd5c082c4b6beef6edc0732acff9b137e08da2334a36b2f9970f4f6b,29.813664596273316,30.00000000000003,30.00000000000003,0.0,0.0,0.0,0,3,0.0,1275761434,0.9010608496924545,1.2188541579664647,1.1599784371381194,0.9168649918548842,0,161,1.61,0.5210747339325079,11.946829009480988,28.86079526587689,51.06302618493415,0.4653857245213193,3654.6150339265014,0.08152173913043478,0.0,0.0,0.0,0.0,0.18012422360248448,0,1.547677919296627,0.5126640025991946,0.01437474876227343,0.01437474876227343,4.643060760383607,4.643060760383607,0.2448413383503362,0.2448413383503362
D1 LQR+VMC,randomized,121,estimated,none,d39bd7d6e4156a84ac798c2ba364ce72ccb56762e1fca885463c25fb2660c3c9,b5debe969d1df6635d50c0383ced2b7758db1a66006d8efd3190a9a9c1c36602,e74abfcf5d2888ed35bda0e0bbd69a0013e29c645b0978ad7c12047430415168,48.333333333333364,50.00000000000004,50.00000000000004,0.0,0.0,0.0,0,5,0.0,1673411449,1.0392194779402963,0.934056113211154,1.1857691697504076,0.9661443790880642,0,60,0.6,0.3209509453444639,16.785078444338193,51.21217201317635,16.597059827839736,0.4324712101332952,3484.3124458682096,0.0625,0.0,0.0,0.0,0.0,0.25,0,2.4712891951706895,0.0,0.013179855176281225,0.013179855176281225,7.123658231390002,7.123658231390002,0.28274221151853307,0.28274221151853307
D1 MPC+VMC,randomized,121,estimated,none,d39bd7d6e4156a84ac798c2ba364ce72ccb56762e1fca885463c25fb2660c3c9,b5debe969d1df6635d50c0383ced2b7758db1a66006d8efd3190a9a9c1c36602,e74abfcf5d2888ed35bda0e0bbd69a0013e29c645b0978ad7c12047430415168,48.11320754716984,50.00000000000004,50.00000000000004,0.0,0.0,0.0,0,5,0.0,1673411449,1.0392194779402963,0.934056113211154,1.1857691697504076,0.9661443790880642,0,53,0.53,0.2714619006123918,15.415893025040706,32.7239356769961,21.519257240870424,0.38065186949600877,2724.8345592200226,0.03773584905660377,0.0,0.0,0.0,0.0,0.4339622641509434,4,2.684035369174343,0.511367604485713,0.011340227110510361,0.011340227110510361,4.8684806713617945,4.8684806713617945,0.23772619433851166,0.23772619433851166
D1 LQR+VMC,randomized,122,estimated,none,4939655211662136312f0d60be5991e6de7a0e3a8d5888564c413cae0aa11159,a43e284a8bda7a9c6b9537304ee476b45e291d3a0f641aee8d330f83a4caf286,0ac108ad83c5b4564a9c2bd7a8ac18297598c870a57f1bf13cd279d9fa2ab6bd,49.13793103448279,50.00000000000004,50.00000000000004,0.0,0.0,0.0,0,5,0.0,68735084,1.0815775669389267,0.8790308005009635,0.8954298945162347,0.8918624637657828,0,116,1.16,0.5237834470849588,23.012447320758742,52.308184439511095,52.26617423760568,0.5098432215210594,5400.035495559388,0.13092672413793102,0.0,0.0,0.0,0.0,0.12931034482758622,8,1.3755267468106944,0.0,0.029649086902786757,0.029649086902786757,11.620876723256035,11.620876723256035,0.5356084271157387,0.5356084271157387
D1 MPC+VMC,randomized,122,estimated,none,4939655211662136312f0d60be5991e6de7a0e3a8d5888564c413cae0aa11159,a43e284a8bda7a9c6b9537304ee476b45e291d3a0f641aee8d330f83a4caf286,0ac108ad83c5b4564a9c2bd7a8ac18297598c870a57f1bf13cd279d9fa2ab6bd,48.333333333333364,50.00000000000004,50.00000000000004,0.0,0.0,0.0,0,5,0.0,68735084,1.0815775669389267,0.8790308005009635,0.8954298945162347,0.8918624637657828,0,60,0.6,0.3854106615986201,19.518484210235506,49.85756791407117,26.75978415650045,0.4308231512555786,3489.6678194142523,0.06875,0.0,0.0,0.0,0.0,0.2833333333333333,0,1.8689842152000244,0.4385572021419648,0.017785268055831333,0.017785268055831333,10.698405391691686,10.698405391691686,0.346163342754505,0.346163342754505
D1 LQR+VMC,randomized,123,estimated,none,e1de0b30c29aac00209b92881bf98b35135e9f14ccd3bf431b1151e046ff0159,ad1ef676cd7e09b56d4738ddf875ae6abd6c6381fbff77aa832cc7df0175445b,18a5bce62fcd1b36732f66780d452f4821fcbf64e65a49fc799f24a8371bb98a,48.245614035087755,50.00000000000004,50.00000000000004,0.0,0.0,0.0,0,5,0.0,1101595663,1.0501174099145916,0.8242194584610002,0.7932339173021974,0.8868743621397339,0,57,0.5700000000000001,0.6193809970542297,16.33056421763246,51.385540817375244,57.23814243027985,0.40222766309765046,3184.2984873407004,0.05263157894736842,0.0,0.0,0.0,0.0,0.3333333333333333,0,1.5549370473011757,0.0,0.02232797519851776,0.02232797519851776,10.177194383911363,10.177194383911363,0.36032731740745044,0.36032731740745044
D1 MPC+VMC,randomized,123,estimated,none,e1de0b30c29aac00209b92881bf98b35135e9f14ccd3bf431b1151e046ff0159,ad1ef676cd7e09b56d4738ddf875ae6abd6c6381fbff77aa832cc7df0175445b,18a5bce62fcd1b36732f66780d452f4821fcbf64e65a49fc799f24a8371bb98a,48.27586206896555,50.00000000000004,50.00000000000004,0.0,0.0,0.0,0,5,0.0,1101595663,1.0501174099145916,0.8242194584610002,0.7932339173021974,0.8868743621397339,0,58,0.58,0.6019776211490421,16.289774735516755,51.11291043371064,49.94759103170966,0.40312905462591386,2947.5102843119134,0.05818965517241379,0.0,0.0,0.0,0.0,0.3448275862068966,0,1.5505134340543596,0.4625937515811529,0.020210737417814185,0.020210737417814185,9.208974909393396,9.208974909393396,0.37200377685705127,0.37200377685705127
D1 LQR+VMC,randomized,124,estimated,none,c4121cc0c0a69aabfd8ae1f418eae18e4284d8a31398041202c4fb76e5d1aa3f,56dcc03527552d4dd3b093e8f05fd103a605ca22ee3f8a654938347405d3380a,a85b709e1fdc1b0823b30c2fa7c166a006f2820a8e539668905a13a8f28a6e38,48.360655737704946,50.00000000000004,50.00000000000004,0.0,0.0,0.0,0,5,0.0,710665679,1.072755685088562,1.1536367108867953,1.2799384113898542,0.9996119545819131,0,61,0.61,0.6228709572704567,18.699362749304125,48.70427521570596,55.1751306326304,0.44757462837505446,3773.828059630686,0.07274590163934426,0.0,0.0,0.0,0.0,0.2786885245901639,4,1.079871651256422,0.0,0.013668635528862742,0.013668635528862742,6.216913239222665,6.216913239222665,0.2510715140185721,0.2510715140185721
D1 MPC+VMC,randomized,124,estimated,none,c4121cc0c0a69aabfd8ae1f418eae18e4284d8a31398041202c4fb76e5d1aa3f,56dcc03527552d4dd3b093e8f05fd103a605ca22ee3f8a654938347405d3380a,a85b709e1fdc1b0823b30c2fa7c166a006f2820a8e539668905a13a8f28a6e38,47.619047619047656,50.00000000000004,50.00000000000004,0.0,0.0,0.0,0,5,0.0,710665679,1.072755685088562,1.1536367108867953,1.2799384113898542,0.9996119545819131,0,42,0.42,0.4482704474675235,20.258482608042673,45.143965097341514,13.61445723595663,0.38678354620029254,2981.692346557223,0.028273809523809524,0.0,0.0,0.0,0.0,0.3333333333333333,0,1.9046846986418065,0.44259044952923426,0.013725908088932506,0.013725908088932506,8.99639993743891,8.99639993743891,0.33547531945832676,0.33547531945832676
D1 LQR+VMC,randomized,125,estimated,none,a7eb2addfedb958e6c479c2e257faf7f1782da4417b9bdc24c31232d38fc4988,bb4ef951ef18a309bcca5309ea323c4c8c1ecdbb3c39d1610cb072140f7e44e6,914d75774ba30c6a56db54679375ccfaadd459c7c0aa1f292f25b6e19d80084a,49.27536231884062,50.00000000000004,50.00000000000004,0.0,0.0,0.0,0,5,0.0,1310839343,1.0873848863921922,1.0221424887299229,0.9036051544398931,0.8859215154175284,0,138,1.3800000000000001,0.6085982767966994,17.658983784189104,50.01179392381994,62.37621103486864,0.5242038383257795,6126.9430856253375,0.1358695652173913,0.0,0.0,0.0,0.0,0.11594202898550725,3,1.316804690147591,0.0,0.020990683102365966,0.020990683102365966,9.704939964314791,9.704939964314791,0.3566828855846481,0.3566828855846481
D1 MPC+VMC,randomized,125,estimated,none,a7eb2addfedb958e6c479c2e257faf7f1782da4417b9bdc24c31232d38fc4988,bb4ef951ef18a309bcca5309ea323c4c8c1ecdbb3c39d1610cb072140f7e44e6,914d75774ba30c6a56db54679375ccfaadd459c7c0aa1f292f25b6e19d80084a,49.082568807339484,50.00000000000004,50.00000000000004,0.0,0.0,0.0,0,5,0.0,1310839343,1.0873848863921922,1.0221424887299229,0.9036051544398931,0.8859215154175284,0,109,1.09,0.3450617086831621,13.947124327184905,30.588871628738012,54.42731131253427,0.49419732303094027,5544.1366871078335,0.1106651376146789,0.0,0.0,0.0,0.0,0.14678899082568808,0,1.6229932840645094,0.469082806375809,0.028062605406745357,0.028062605406745357,7.509039285941059,7.509039285941059,0.3783424618469864,0.3783424618469864
D1 LQR+VMC,randomized,126,estimated,none,42d8e017dfbb20e42039438547d6cc422dd918886ce3a0e4b0e83520f12bf248,7e34e269b9e4c594bb8f35e9d4a3172a2706dc0dbf9e4a7f6646ccc74f04a7d2,4368ac9633458cadbb1cf90e6687b644fae3ec826c6cfd36abd6148a71e0569c,48.91304347826091,50.00000000000004,50.00000000000004,0.0,0.0,0.0,0,5,0.0,1674426195,0.9013587367131051,1.2237911483370425,0.6929830915399516,1.0458088405818775,0,92,0.92,0.3682658818322259,17.565786318721504,45.54529838497376,38.66510795462179,0.48226641109723284,6086.965706787909,0.09103260869565218,0.0,0.0,0.0,0.0,0.13043478260869565,6,1.713269846956909,0.0,0.01866531423142978,0.01866531423142978,8.417375922127446,8.417375922127446,0.32510091284620657,0.32510091284620657
D1 MPC+VMC,randomized,126,estimated,none,42d8e017dfbb20e42039438547d6cc422dd918886ce3a0e4b0e83520f12bf248,7e34e269b9e4c594bb8f35e9d4a3172a2706dc0dbf9e4a7f6646ccc74f04a7d2,4368ac9633458cadbb1cf90e6687b644fae3ec826c6cfd36abd6148a71e0569c,48.76543209876548,50.00000000000004,50.00000000000004,0.0,0.0,0.0,0,5,0.0,1674426195,0.9013587367131051,1.2237911483370425,0.6929830915399516,1.0458088405818775,0,81,0.81,0.483977126162782,22.927951514419554,46.335132552035816,75.09550358635563,0.47528041342644933,5222.990604615968,0.07947530864197531,0.0,0.0,0.0,0.0,0.13580246913580246,0,1.4835177178225234,0.7201529951998964,0.025320997009219443,0.025320997009219443,7.788990832663856,7.788990832663856,0.49484823805941897,0.49484823805941897
D1 LQR+VMC,randomized,127,estimated,none,1a849d84f1be26e1e6f2c3be0da641635190738d1d167c6cec18c5fa01ac4b20,a62c253f96362a1932f78e665abbdd76f1d8b14ac646a1581a89059be1307721,5442a6cf68dc2c9e2969d106d711d003a04b7fb1b08d819a1b64e45f42bb758b,49.074074074074105,50.00000000000004,50.00000000000004,0.0,0.0,0.0,0,5,0.0,1970055044,0.9137426449013422,0.8943347555404323,0.8445661120289889,1.032011400718582,0,108,1.08,0.6182736841071352,13.567420565816514,27.42976066832768,77.75361676289745,0.48176516985782913,4948.002522788361,0.08854166666666667,0.0,0.0,0.0,0.0,0.09259259259259259,8,1.0680347177484018,0.0,0.03191104538082083,0.03191104538082083,5.609502703868691,5.609502703868691,0.5062069685099617,0.5062069685099617
D1 MPC+VMC,randomized,127,estimated,none,1a849d84f1be26e1e6f2c3be0da641635190738d1d167c6cec18c5fa01ac4b20,a62c253f96362a1932f78e665abbdd76f1d8b14ac646a1581a89059be1307721,5442a6cf68dc2c9e2969d106d711d003a04b7fb1b08d819a1b64e45f42bb758b,48.64864864864869,50.00000000000004,50.00000000000004,0.0,0.0,0.0,0,5,0.0,1970055044,0.9137426449013422,0.8943347555404323,0.8445661120289889,1.032011400718582,0,74,0.74,0.5689218295315414,7.318478529058115,16.079566490285583,65.22360085268872,0.4498432994042582,4817.418046560559,0.07347972972972973,0.0,0.0,0.0,0.0,0.16216216216216217,0,1.1790658603236088,0.5026295897550881,0.02424993390832586,0.02424993390832586,4.23910146667335,4.23910146667335,0.42893475365750977,0.42893475365750977
D1 LQR+VMC,randomized,128,estimated,none,e2883873ba146e24e621af690cd24a6fb2cb64fe0d1883997e4b469ea99f21f7,83afc90a16a7011b633737ed84c6fb0050114b95c3a0e43580bfe50e30db52d3,f264bc56105f346b743ed9cc737b447d90e0ad7b0e40a4e50b989527a8dace15,48.76543209876548,50.00000000000004,50.00000000000004,0.0,0.0,0.0,0,5,0.0,1868001214,1.045019446205385,1.012452313136684,0.9318185060008339,0.9307867869801847,0,81,0.81,0.493107966272974,21.32859472369653,47.92454631220701,46.45622249764252,0.4589180423479401,4224.499436489381,0.08410493827160494,0.0,0.0,0.0,0.0,0.18518518518518517,0,1.507294695434018,0.0,0.021411845462054924,0.021411845462054924,9.734352576847956,9.734352576847956,0.37815918458191516,0.37815918458191516
D1 MPC+VMC,randomized,128,estimated,none,e2883873ba146e24e621af690cd24a6fb2cb64fe0d1883997e4b469ea99f21f7,83afc90a16a7011b633737ed84c6fb0050114b95c3a0e43580bfe50e30db52d3,f264bc56105f346b743ed9cc737b447d90e0ad7b0e40a4e50b989527a8dace15,48.936170212765994,50.00000000000004,50.00000000000004,0.0,0.0,0.0,0,5,0.0,1868001214,1.045019446205385,1.012452313136684,0.9318185060008339,0.9307867869801847,0,94,0.9400000000000001,0.4494700391080085,27.980912799743347,48.29342012202206,58.65745694436665,0.46644999413614546,4358.615797901778,0.08776595744680851,0.0,0.0,0.0,0.0,0.1702127659574468,0,1.445432743947541,0.4655430042475927,0.026018522096842123,0.026018522096842123,5.4558080982319614,5.4558080982319614,0.3459768979564436,0.3459768979564436
D1 LQR+VMC,randomized,129,estimated,none,17e0941321db741d72fa01bdd838576f58ebcf57b4b46c5edffc1e263ebf3fd8,6496453d5a69277a86195d7bfdbbe46fbe2670ee348b85071fecbe32c5511a2c,d434493f82dd146ecf9d5efde69e8b1b6c67918401d4b091968f789d59678a88,48.57142857142861,50.00000000000004,50.00000000000004,0.0,0.0,0.0,0,5,0.0,416791227,0.9845496018142563,0.9052567452854112,1.2337830868118964,1.0285116701786272,0,70,0.7000000000000001,0.5930981017787135,19.94417366399238,49.82154231833889,27.70644045152997,0.4730807531863374,4269.494595899219,0.06964285714285715,0.0,0.0,0.0,0.0,0.21428571428571427,0,1.185011829728995,0.0,0.014892985643241697,0.014892985643241697,8.99851682337186,8.99851682337186,0.3199119473953637,0.3199119473953637
D1 MPC+VMC,randomized,129,estimated,none,17e0941321db741d72fa01bdd838576f58ebcf57b4b46c5edffc1e263ebf3fd8,6496453d5a69277a86195d7bfdbbe46fbe2670ee348b85071fecbe32c5511a2c,d434493f82dd146ecf9d5efde69e8b1b6c67918401d4b091968f789d59678a88,48.57142857142861,50.00000000000004,50.00000000000004,0.0,0.0,0.0,0,5,0.0,416791227,0.9845496018142563,0.9052567452854112,1.2337830868118964,1.0285116701786272,0,70,0.7000000000000001,0.579975312656235,19.497642626916928,49.052963947791405,28.014232349482306,0.473143597906648,4401.352348825873,0.06875,0.0,0.0,0.0,0.0,0.21428571428571427,0,1.182521449276712,0.486841347446898,0.014952051222493002,0.014952051222493002,8.947887562443437,8.947887562443437,0.31224501914341346,0.31224501914341346
D1 LQR+VMC,randomized,130,estimated,none,982481780d3b1840d7766756d15388d94fd964f0a4d4a6ca198ddd2c21004bfd,f26470b0ae52d06a3a61c0b168230e39b8d37486347b1db9b1a210d0dcdc7dd7,316f9e50677b0e2563516cf65a5d247cd9025f2f98bfa1770e678d0d98c3ca02,48.039215686274545,50.00000000000004,50.00000000000004,0.0,0.0,0.0,0,5,0.0,893793182,0.9997216871705642,0.8351152271187723,0.8488619829931543,0.9314115641439593,0,51,0.51,0.7892624348628372,11.699684750776186,23.27303448745715,16.592814018219315,0.37426009816887723,2993.5330945591736,0.03553921568627451,0.0,0.0,0.0,0.0,0.27450980392156865,0,1.455246329674756,0.0,0.011107318290063744,0.011107318290063744,4.653827462762225,4.653827462762225,0.303349535874169,0.303349535874169
D1 MPC+VMC,randomized,130,estimated,none,982481780d3b1840d7766756d15388d94fd964f0a4d4a6ca198ddd2c21004bfd,f26470b0ae52d06a3a61c0b168230e39b8d37486347b1db9b1a210d0dcdc7dd7,316f9e50677b0e2563516cf65a5d247cd9025f2f98bfa1770e678d0d98c3ca02,48.000000000000036,50.00000000000004,50.00000000000004,0.0,0.0,0.0,0,5,0.0,893793182,0.9997216871705642,0.8351152271187723,0.8488619829931543,0.9314115641439593,0,50,0.5,0.7129937883752623,18.29476424826759,34.546229357394324,20.85449997959504,0.38509551853575896,3330.9315523686487,0.04,0.0,0.0,0.0,0.0,0.28,0,1.3660935177395002,0.5857617026777007,0.011355947694711129,0.011355947694711129,5.9630037174566795,5.9630037174566795,0.30124299106297625,0.30124299106297625
D1 LQR+VMC,randomized,131,estimated,none,76a27ea5906881f1d5b69ae47404917d0e486cb7c9e885c53efb0caa35b76639,ff5ad5fec0545ac41879319246e8552be77ad07bff5dc7f83e087c1ca46f6150,139f4bd89952f52e6be1011033bc41e4cca6e55c0c59dc6fa73052dcedb7def1,49.253731343283626,50.00000000000004,50.00000000000004,0.0,0.0,0.0,0,5,0.0,1688742133,1.0422219766542375,1.070517012206352,0.9960171566159062,0.8798084705107636,0,134,1.34,0.705386569903475,12.912374320491349,26.410649413669187,85.74496344844695,0.5319720370897745,5622.5192412049355,0.1501865671641791,0.0,0.0,0.0,0.0,0.11194029850746269,21,0.8470002417768249,0.0,0.023575340069326194,0.023575340069326194,5.973896925322027,5.973896925322027,0.4244890247196945,0.4244890247196945
D1 MPC+VMC,randomized,131,estimated,none,76a27ea5906881f1d5b69ae47404917d0e486cb7c9e885c53efb0caa35b76639,ff5ad5fec0545ac41879319246e8552be77ad07bff5dc7f83e087c1ca46f6150,139f4bd89952f52e6be1011033bc41e4cca6e55c0c59dc6fa73052dcedb7def1,49.39393939393944,50.00000000000004,50.00000000000004,0.0,0.0,0.0,0,5,0.0,1688742133,1.0422219766542375,1.070517012206352,0.9960171566159062,0.8798084705107636,0,165,1.6500000000000001,0.5272573212815286,12.928792614140933,32.64916952979514,49.257920122019854,0.5242379282043815,6002.03144323121,0.13787878787878788,0.0,0.0,0.0,0.0,0.09090909090909091,4,1.0851199607492845,0.46724860731046647,0.021332512983504717,0.021332512983504717,8.348468291120204,8.348468291120204,0.45142127299312557,0.45142127299312557
D1 LQR+VMC,randomized,132,estimated,none,1b7a7fa154a79a1a794ef8404ffae0140f1e2719b839857e5b38d3674739729e,a95af400eafe9bb70db4211a1b6cad8f95b86f8f7ee2152f9bdd03101eec6a00,97773864824d9f513bf336faa02df65b28157aaf7a08fac256caf5ccb04ae4b1,49.09090909090912,50.00000000000004,50.00000000000004,0.0,0.0,0.0,0,5,0.0,2119130811,0.9313722913777985,1.1620996281206688,1.1343696282482012,1.0264743128609943,0,110,1.1,0.447711106333924,15.269367065534611,32.70797805653582,71.89768555845517,0.5004697970444963,5399.608233032753,0.10511363636363637,0.0,0.0,0.0,0.0,0.11818181818181818,8,1.6140246850704756,0.0,0.02120815931896091,0.02120815931896091,8.073464531613965,8.073464531613965,0.3761680588620159,0.3761680588620159
D1 MPC+VMC,randomized,132,estimated,none,1b7a7fa154a79a1a794ef8404ffae0140f1e2719b839857e5b38d3674739729e,a95af400eafe9bb70db4211a1b6cad8f95b86f8f7ee2152f9bdd03101eec6a00,97773864824d9f513bf336faa02df65b28157aaf7a08fac256caf5ccb04ae4b1,48.90109890109894,50.00000000000004,50.00000000000004,0.0,0.0,0.0,0,5,0.0,2119130811,0.9313722913777985,1.1620996281206688,1.1343696282482012,1.0264743128609943,0,91,0.91,0.3406996831264957,19.566720561646278,48.9433891870227,64.21694850120754,0.49968433655834404,5261.015270511647,0.10370879120879122,0.0,0.0,0.0,0.0,0.14285714285714285,10,1.7658083608204667,0.4137854994041845,0.020087236735935727,0.020087236735935727,11.699959458345576,11.699959458345576,0.4168379574111435,0.4168379574111435
D1 LQR+VMC,randomized,133,estimated,none,0b94059643ae46500cab0b554894e068285669652369926e590e904fef68fe14,88ee8ee7ed9c598c83e9212cf32484a798c61f0b2b386a02b301df25b9ea2174,afe678e0be7bc00032e3029306cea0d57f6eae2a10144e13e8944aeeed0db396,48.333333333333364,50.00000000000004,50.00000000000004,0.0,0.0,0.0,0,5,0.0,1614274294,1.1145332790015046,1.030492392512524,0.8845519031870943,0.9652460868393753,0,60,0.6,0.44327846478340216,21.248755222005254,49.14409735291972,57.353063979057346,0.44105569265855255,3863.858871475388,0.06458333333333334,0.0,0.0,0.0,0.0,0.2833333333333333,0,1.4325278801428643,0.0,0.023378584883239285,0.023378584883239285,12.514313671906198,12.514313671906198,0.3087874074196247,0.3087874074196247
D1 MPC+VMC,randomized,133,estimated,none,0b94059643ae46500cab0b554894e068285669652369926e590e904fef68fe14,88ee8ee7ed9c598c83e9212cf32484a798c61f0b2b386a02b301df25b9ea2174,afe678e0be7bc00032e3029306cea0d57f6eae2a10144e13e8944aeeed0db396,48.360655737704946,50.00000000000004,50.00000000000004,0.0,0.0,0.0,0,5,0.0,1614274294,1.1145332790015046,1.030492392512524,0.8845519031870943,0.9652460868393753,0,61,0.61,0.4382847005351846,21.84955060308235,50.72966707770089,58.615789946076674,0.44610779583329563,3943.051475683449,0.06762295081967214,0.0,0.0,0.0,0.0,0.2786885245901639,0,1.4626518913364477,0.4276670078979805,0.02329578263793543,0.02329578263793543,12.437899140181703,12.437899140181703,0.3087318900493082,0.3087318900493082
D1 LQR+VMC,randomized,134,estimated,none,a39177103c65712762f5f04919c9f5274a194352e7123d9be3b9948a777d5f18,e5aa3494343ca1e2e74a96e6584c51d67767c742dba2d2414bc3e277645502c2,04b94d00ab801877e626a964194f0c3537e3fd83cc8094321bb7d2c5acf85f64,48.27586206896555,50.00000000000004,50.00000000000004,0.0,0.0,0.0,0,5,0.0,1294581413,1.1130639464762684,1.0269182989567793,1.0037205315584476,1.0060237377134706,0,58,0.58,0.4029348916157415,7.338539215974729,18.014195355863254,24.602761137207196,0.3750461518896849,2430.094138963146,0.03017241379310345,0.0,0.0,0.0,0.0,0.43103448275862066,0,2.0667636149831576,0.0,0.01487642018258035,0.01487642018258035,6.0030273984833995,6.0030273984833995,0.25464475312089463,0.25464475312089463
D1 MPC+VMC,randomized,134,estimated,none,a39177103c65712762f5f04919c9f5274a194352e7123d9be3b9948a777d5f18,e5aa3494343ca1e2e74a96e6584c51d67767c742dba2d2414bc3e277645502c2,04b94d00ab801877e626a964194f0c3537e3fd83cc8094321bb7d2c5acf85f64,48.30508474576274,50.00000000000004,50.00000000000004,0.0,0.0,0.0,0,5,0.0,1294581413,1.1130639464762684,1.0269182989567793,1.0037205315584476,1.0060237377134706,0,59,0.59,0.3131356262101357,17.108689205688414,50.610125670289065,46.816078266876744,0.37427924635529997,2028.081893502456,0.025423728813559324,0.0,0.0,0.0,0.0,0.4576271186440678,0,1.99854364925645,1.395991804020006,0.021481486144865974,0.021481486144865974,9.574212320403156,9.574212320403156,0.23441402584110002,0.23441402584110002
D1 LQR+VMC,randomized,135,estimated,none,7fec012b780b26dceeff8fcdf03c1f75327ac70e5016705f4638573a235e243d,fab0fc12d16737fe6eb716cd2a5f6c6fc87baa068da5b69d3acc7c61a7d47e9b,0d87a13e27a69a8987063aa300e1b59dff2a4ffee4805f18d736ae42b38539ba,49.05660377358494,50.00000000000004,50.00000000000004,0.0,0.0,0.0,0,5,0.0,1194058859,1.0206111294275515,0.9263370497375614,1.235489406189609,1.0474239035632644,0,106,1.06,0.7998412827391402,13.993094861371137,32.447446868094794,66.92241697706604,0.5084025002187771,5017.03294340656,0.10554245283018868,0.0,0.0,0.0,0.0,0.14150943396226415,6,0.820747098653347,0.0,0.021712359387910347,0.021712359387910347,6.697433278039656,6.697433278039656,0.3590964464065587,0.3590964464065587
D1 MPC+VMC,randomized,135,estimated,none,7fec012b780b26dceeff8fcdf03c1f75327ac70e5016705f4638573a235e243d,fab0fc12d16737fe6eb716cd2a5f6c6fc87baa068da5b69d3acc7c61a7d47e9b,0d87a13e27a69a8987063aa300e1b59dff2a4ffee4805f18d736ae42b38539ba,49.038461538461576,50.00000000000004,50.00000000000004,0.0,0.0,0.0,0,5,0.0,1194058859,1.0206111294275515,0.9263370497375614,1.235489406189609,1.0474239035632644,0,104,1.04,0.6416515206936121,10.574108752486916,18.959726882448805,41.738155870294065,0.48541956614479204,5036.597207215806,0.0889423076923077,0.0,0.0,0.0,0.0,0.14423076923076922,0,1.0564772859524414,1.0241426098218653,0.018069566154602194,0.018069566154602194,5.585627759267408,5.585627759267408,0.3762966193941232,0.3762966193941232
D1 LQR+VMC,randomized,136,estimated,none,0db306068b7c011feae0531150b3f30808f457f349038797bc861f83e4799273,aa3c03f2dc321410810d0d3c01d85cd887d66914cbe53aeb68451c11b9feb39d,2aea97535df493f98c03800605956032f985957982d2b6786b8f561d57a85950,49.074074074074105,50.00000000000004,50.00000000000004,0.0,0.0,0.0,0,5,0.0,1120340089,0.9280372446023853,0.8316009993033402,0.7257125674497298,0.9243368589466237,0,108,1.08,0.594461256530352,23.23747438046187,49.00510610940591,63.55067779882917,0.4997060361775531,6075.277195889764,0.10300925925925926,0.0,0.0,0.0,0.0,0.10185185185185185,0,1.0456805204173352,0.0,0.01932194685749337,0.01932194685749337,6.358751674822764,6.358751674822764,0.3766461496714672,0.3766461496714672
D1 MPC+VMC,randomized,136,estimated,none,0db306068b7c011feae0531150b3f30808f457f349038797bc861f83e4799273,aa3c03f2dc321410810d0d3c01d85cd887d66914cbe53aeb68451c11b9feb39d,2aea97535df493f98c03800605956032f985957982d2b6786b8f561d57a85950,48.85057471264372,50.00000000000004,50.00000000000004,0.0,0.0,0.0,0,5,0.0,1120340089,0.9280372446023853,0.8316009993033402,0.7257125674497298,0.9243368589466237,0,87,0.87,0.5869722376949119,13.417052326502072,23.069794566341685,63.141780805363325,0.4786714737544443,5175.353225845862,0.09482758620689655,0.0,0.0,0.0,0.0,0.12643678160919541,0,1.036618742429719,0.5214050950598903,0.020942306111879992,0.020942306111879992,5.0425525730300595,5.0425525730300595,0.38982482852856887,0.38982482852856887
D1 LQR+VMC,randomized,137,estimated,none,45705da51ac419e33accfd4c090bed0e347053be488a8588d591784693ba85ae,06841b06f017018e694a03c665f528c6a3027297860f2640785ac8eab21d8721,d83880bc0cb1152d00cf19bb79c68646cc4a38016c00016e2cad3bf2e9ed63be,49.04761904761908,50.00000000000004,50.00000000000004,0.0,0.0,0.0,0,5,0.0,1784943886,1.0888000513445704,0.9237705849939278,0.9275175429514981,0.9750643930020666,0,105,1.05,0.399746418328972,18.263118650160767,34.83546155469241,91.86818401385685,0.48480902636283096,5909.734144894341,0.08273809523809524,0.0,0.0,0.0,0.0,0.12380952380952381,0,1.68702764316413,0.0,0.026864221630870832,0.026864221630870832,7.670984988396545,7.670984988396545,0.3162371833344229,0.3162371833344229
D1 MPC+VMC,randomized,137,estimated,none,45705da51ac419e33accfd4c090bed0e347053be488a8588d591784693ba85ae,06841b06f017018e694a03c665f528c6a3027297860f2640785ac8eab21d8721,d83880bc0cb1152d00cf19bb79c68646cc4a38016c00016e2cad3bf2e9ed63be,49.074074074074105,50.00000000000004,50.00000000000004,0.0,0.0,0.0,0,5,0.0,1784943886,1.0888000513445704,0.9237705849939278,0.9275175429514981,0.9750643930020666,0,108,1.08,0.38873218633164885,15.919797074707285,33.25605430639067,71.78235368491524,0.5036262468281926,5634.32388962288,0.10185185185185185,0.0,0.0,0.0,0.0,0.1388888888888889,0,1.6810778436098472,0.6146340958366635,0.02379550684188733,0.02379550684188733,6.232475806517517,6.232475806517517,0.3313608602700153,0.3313608602700153
D1 LQR+VMC,randomized,138,estimated,none,7ceb90b93b6b62fe85280e07425ca36c9062afc1a65547d29ecbecddf4b8f940,69fc3f8b5a24da730923cc3f9b8ed89d42e9bf1e571ebe5dfd998b4c85716a46,c2328e8d35ca9c78119b64eabc6de33acfc896e10b586c8fb14259d17d551b4d,48.88888888888893,50.00000000000004,50.00000000000004,0.0,0.0,0.0,0,5,0.0,770206952,1.0260864405663987,1.1534392747267768,1.014310206220799,1.037683491019551,0,90,0.9,0.35708472259585694,21.2971312269034,49.57589790481106,23.861541558317274,0.4796828611896163,5006.078499691581,0.0875,0.0,0.0,0.0,0.0,0.17777777777777778,6,1.9044267402496045,0.0,0.015246779785785284,0.015246779785785284,13.82117515568025,13.82117515568025,0.43594945571462357,0.43594945571462357
D1 MPC+VMC,randomized,138,estimated,none,7ceb90b93b6b62fe85280e07425ca36c9062afc1a65547d29ecbecddf4b8f940,69fc3f8b5a24da730923cc3f9b8ed89d42e9bf1e571ebe5dfd998b4c85716a46,c2328e8d35ca9c78119b64eabc6de33acfc896e10b586c8fb14259d17d551b4d,49.05660377358494,50.00000000000004,50.00000000000004,0.0,0.0,0.0,0,5,0.0,770206952,1.0260864405663987,1.1534392747267768,1.014310206220799,1.037683491019551,0,106,1.06,0.29502785071773613,19.796344543504915,47.74700625226917,74.11651530145878,0.4920174597859183,5860.234540949117,0.10200471698113207,0.0,0.0,0.0,0.0,0.16037735849056603,4,1.9567512275399679,0.5801379957119934,0.019159391534472357,0.019159391534472357,6.306672445259291,6.306672445259291,0.35502532338648163,0.35502532338648163
D1 LQR+VMC,randomized,139,estimated,none,3cc5f8177aa69d734d8d895c1ad39c1db6fa809e20957d7f562260e42c6e8c58,cee5681ffa8f68cc5bc77403c32637cc51c3383a36191b1f9e5b3a09255b2f07,4c8ab5c8cd96305a26acb2a100f14b68867573749283126eb4b1b395604a4aa9,48.63013698630141,50.00000000000004,50.00000000000004,0.0,0.0,0.0,0,5,0.0,171634240,0.9916877504478899,1.0601320918636594,0.7421981782903972,0.8648196297883745,0,73,0.73,0.3152949232430107,15.896120547692407,49.936780211582835,26.658854490971898,0.45193880858053553,4010.951115958367,0.10616438356164383,0.0,0.0,0.0,0.0,0.1917808219178082,0,2.157812185148736,0.0,0.01165428120777471,0.01165428120777471,7.885721332056847,7.885721332056847,0.22780701490194097,0.22780701490194097
D1 MPC+VMC,randomized,139,estimated,none,3cc5f8177aa69d734d8d895c1ad39c1db6fa809e20957d7f562260e42c6e8c58,cee5681ffa8f68cc5bc77403c32637cc51c3383a36191b1f9e5b3a09255b2f07,4c8ab5c8cd96305a26acb2a100f14b68867573749283126eb4b1b395604a4aa9,49.038461538461576,50.00000000000004,50.00000000000004,0.0,0.0,0.0,0,5,0.0,171634240,0.9916877504478899,1.0601320918636594,0.7421981782903972,0.8648196297883745,0,104,1.04,0.43113768319699786,18.615566684354153,38.73579700768885,75.7080257863417,0.5132109259877828,5460.742633699143,0.1268028846153846,0.0,0.0,0.0,0.0,0.125,1,1.609384671937698,0.7359969524259211,0.023746580317935848,0.023746580317935848,8.103037817096698,8.103037817096698,0.4006192918483106,0.4006192918483106
D1 LQR+VMC,randomized,140,estimated,none,1f9ba259b01012022eeaefd520c99ecbbcbb63fb470b826163d5a4a613839a87,e97a194402d605c4f51a77c2b32c740b3d5ffbeb57c2eb9a787edc464822d293,113f43b25342c8709a89648bb9ba166cb38f80cdf57f50fc83319db0c384f934,48.57142857142861,50.00000000000004,50.00000000000004,0.0,0.0,0.0,0,5,0.0,216240565,1.0468764109858262,1.0796083124508884,1.1096043279598042,0.8946372269760438,0,70,0.7000000000000001,0.18383417982181552,3.292615541078049,10.396389793996399,32.81117318526977,0.44817868180676546,4180.562273305739,0.09196428571428572,0.0,0.0,0.0,0.0,0.2,0,2.5995978045902532,0.0,0.015351751181595319,0.015351751181595319,3.435033849800411,3.435033849800411,0.3561646833375977,0.3561646833375977
D1 MPC+VMC,randomized,140,estimated,none,1f9ba259b01012022eeaefd520c99ecbbcbb63fb470b826163d5a4a613839a87,e97a194402d605c4f51a77c2b32c740b3d5ffbeb57c2eb9a787edc464822d293,113f43b25342c8709a89648bb9ba166cb38f80cdf57f50fc83319db0c384f934,48.70129870129874,50.00000000000004,50.00000000000004,0.0,0.0,0.0,0,5,0.0,216240565,1.0468764109858262,1.0796083124508884,1.1096043279598042,0.8946372269760438,0,77,0.77,0.3976782948852004,17.54238397595215,48.759193751898444,33.48624749925395,0.4667486356415538,4244.863384427968,0.11282467532467533,0.0,0.0,0.0,0.0,0.19480519480519481,2,2.387285511742386,0.9295367955928668,0.01834565001683254,0.01834565001683254,6.476342135669078,6.476342135669078,0.30221530040293126,0.30221530040293126
D1 LQR+VMC,randomized,141,estimated,none,c77b80ac6393660aaccfc980392fc2cf8ccfe61c87168a4ac1e4fcc852f393ad,695a926545c5c8724a3fe1f51f39a1eaac9d01192e9c20d09835be872f96ed8d,b1913b46d1d8fb972661e5aa67908990784702930ea7404de65006b7bfa14e0d,48.52941176470592,50.00000000000004,50.00000000000004,0.0,0.0,0.0,0,5,0.0,1579618222,1.0619852316253795,1.2488134642576083,0.6512005159852253,0.8862314635231168,0,68,0.68,0.24103181406652682,5.601305389800536,17.407029628591037,15.086670489632217,0.353935767359699,2158.001119738127,0.04503676470588235,0.0,0.0,0.0,0.0,0.2647058823529412,0,2.863140080936025,0.0,0.0074706371041037434,0.0074706371041037434,5.957449532402566,5.957449532402566,0.15423287917426226,0.15423287917426226
D1 MPC+VMC,randomized,141,estimated,none,c77b80ac6393660aaccfc980392fc2cf8ccfe61c87168a4ac1e4fcc852f393ad,695a926545c5c8724a3fe1f51f39a1eaac9d01192e9c20d09835be872f96ed8d,b1913b46d1d8fb972661e5aa67908990784702930ea7404de65006b7bfa14e0d,49.0654205607477,50.00000000000004,50.00000000000004,0.0,0.0,0.0,0,5,0.0,1579618222,1.0619852316253795,1.2488134642576083,0.6512005159852253,0.8862314635231168,0,107,1.07,0.44115297205317594,8.781659490834345,19.76958750041788,34.296274694814464,0.46473602246075907,4762.344374510846,0.1022196261682243,0.0,0.0,0.0,0.0,0.17757009345794392,0,2.0191764962953265,0.7023906931863164,0.018460121620580715,0.018460121620580715,5.154960911628225,5.154960911628225,0.2983034460143434,0.2983034460143434
D1 LQR+VMC,randomized,142,estimated,none,cdcaa98f73ab12f905730d545f15236260f730322e62cfdaf2be1216f6c32b82,08111758dc0042e1b28b156e540ce96857b81190bec65f45933ec367c29d9ba5,99e2abc733b90cf74a558a5663e3386ab2e10be2104a67be600370f8b2864273,48.57142857142861,50.00000000000004,50.00000000000004,0.0,0.0,0.0,0,5,0.0,1188754629,0.9049038144441932,0.8483710141125314,1.0710901939059994,1.0421396301432335,0,70,0.7000000000000001,0.40409619966997273,5.831448420607369,13.662252748931222,33.715498464678426,0.4265977790902392,3572.6822076383323,0.06160714285714286,0.0,0.0,0.0,0.0,0.17142857142857143,0,1.7541190984338304,0.0,0.01534042152792195,0.01534042152792195,3.405840697957821,3.405840697957821,0.321667779715442,0.321667779715442
D1 MPC+VMC,randomized,142,estimated,none,cdcaa98f73ab12f905730d545f15236260f730322e62cfdaf2be1216f6c32b82,08111758dc0042e1b28b156e540ce96857b81190bec65f45933ec367c29d9ba5,99e2abc733b90cf74a558a5663e3386ab2e10be2104a67be600370f8b2864273,48.5507246376812,50.00000000000004,50.00000000000004,0.0,0.0,0.0,0,5,0.0,1188754629,0.9049038144441932,0.8483710141125314,1.0710901939059994,1.0421396301432335,0,69,0.6900000000000001,0.43574310555078877,3.947788313088905,7.959335230014962,35.41296469550297,0.4257093201217491,3743.3822270580094,0.05344202898550725,0.0,0.0,0.0,0.0,0.2028985507246377,0,1.7414864512634145,0.4814902058569714,0.014624267509575293,0.014624267509575293,3.1741528641485606,3.1741528641485606,0.3304696903798584,0.3304696903798584
D1 LQR+VMC,randomized,143,estimated,none,4d7f5b92acd571dbd0cba44fad157d1ac44e8da1ecf15fc73a2bcceb5f655674,463c73fc00dae98d96320541191103fe95d178b75fd927f06e78e901cd12d6de,9650d822e85370a0af94d506aea494986276a28ef84dcdfcce520ec47a141481,48.63013698630141,50.00000000000004,50.00000000000004,0.0,0.0,0.0,0,5,0.0,751189641,0.9909304351460378,1.2395564452287589,0.9786749919453452,0.9808594515412972,0,73,0.73,0.26875488553821286,16.777469406572134,33.16839137514265,17.21434351992609,0.46564827885146387,4535.033042264433,0.0839041095890411,0.0,0.0,0.0,0.0,0.2191780821917808,4,2.360002617054613,0.0,0.011458893432044155,0.011458893432044155,5.2172007908720754,5.2172007908720754,0.36941951249864996,0.36941951249864996
D1 MPC+VMC,randomized,143,estimated,none,4d7f5b92acd571dbd0cba44fad157d1ac44e8da1ecf15fc73a2bcceb5f655674,463c73fc00dae98d96320541191103fe95d178b75fd927f06e78e901cd12d6de,9650d822e85370a0af94d506aea494986276a28ef84dcdfcce520ec47a141481,48.4615384615385,50.00000000000004,50.00000000000004,0.0,0.0,0.0,0,5,0.0,751189641,0.9909304351460378,1.2395564452287589,0.9786749919453452,0.9808594515412972,0,65,0.65,0.24774702243609528,14.389436916186147,30.962168257086848,33.57732658023199,0.43453867823253517,4175.307713770315,0.0673076923076923,0.0,0.0,0.0,0.0,0.24615384615384617,0,2.313576618499448,0.4269620054401457,0.013332987847964136,0.013332987847964136,6.040024151061756,6.040024151061756,0.25366470868003504,0.25366470868003504
D1 LQR+VMC,randomized,144,estimated,none,7369af1060b4d412b7b8127416cec7df08f605ae4e02d6a96b1ed155a3975910,ec7d02beb4eb163036262ce05b52c63b0441bebd5b941895e4c924d68220570e,cc899ac8362c1059db9c9e04d0482abeb9ccab897e9fe165917f2fab516d2fc3,48.245614035087755,50.00000000000004,50.00000000000004,0.0,0.0,0.0,0,5,0.0,395779038,1.0744076047998323,0.8268593149472696,0.8447888207561627,0.8684242825157816,0,57,0.5700000000000001,0.6715482511879001,21.570403551471617,51.31104175576484,51.90983602634925,0.3997383134355588,2733.863563356565,0.06469298245614036,0.0,0.0,0.0,0.0,0.3684210526315789,0,1.3569425961679242,0.0,0.0257803097727681,0.0257803097727681,14.55143619660368,14.55143619660368,0.35501874824614427,0.35501874824614427
D1 MPC+VMC,randomized,144,estimated,none,7369af1060b4d412b7b8127416cec7df08f605ae4e02d6a96b1ed155a3975910,ec7d02beb4eb163036262ce05b52c63b0441bebd5b941895e4c924d68220570e,cc899ac8362c1059db9c9e04d0482abeb9ccab897e9fe165917f2fab516d2fc3,48.245614035087755,50.00000000000004,50.00000000000004,0.0,0.0,0.0,0,5,0.0,395779038,1.0744076047998323,0.8268593149472696,0.8447888207561627,0.8684242825157816,0,57,0.5700000000000001,0.6700433221383599,21.600411661872016,51.52027844521758,51.79773229768437,0.40006799506681046,2754.4669461744697,0.06578947368421052,0.0,0.0,0.0,0.0,0.3684210526315789,0,1.3556346447161227,0.3892368054948747,0.02574085735002425,0.02574085735002425,14.577513101379399,14.577513101379399,0.3551350024757875,0.3551350024757875
D1 LQR+VMC,randomized,145,estimated,none,33b8d14cbb549a1e62cc62fa0bfa9454ed2ef954525c99c254fb9aec893c9504,a928a4961e411582748ba78f0f3a471bfb7149c89891e66183931c146be67d66,7f5454c85cbc9e2b6b78dd26c07b71633a8ec1501bccf890711c07a94fc5d1e4,48.11320754716984,50.00000000000004,50.00000000000004,0.0,0.0,0.0,0,5,0.0,604696884,1.032138722449388,0.9208704170368199,1.2157391964787247,0.8918780256418402,0,53,0.53,0.3050420821621294,5.0187780764772265,18.23098623338796,11.960118984779864,0.2990727007486494,1406.764736730477,0.01179245283018868,0.0,0.0,0.0,0.0,0.5660377358490566,0,2.7860390576667995,0.0,0.00810629502944039,0.00810629502944039,3.3883131664903465,3.3883131664903465,0.13256850755860355,0.13256850755860355
D1 MPC+VMC,randomized,145,estimated,none,33b8d14cbb549a1e62cc62fa0bfa9454ed2ef954525c99c254fb9aec893c9504,a928a4961e411582748ba78f0f3a471bfb7149c89891e66183931c146be67d66,7f5454c85cbc9e2b6b78dd26c07b71633a8ec1501bccf890711c07a94fc5d1e4,48.14814814814818,50.00000000000004,50.00000000000004,0.0,0.0,0.0,0,5,0.0,604696884,1.032138722449388,0.9208704170368199,1.2157391964787247,0.8918780256418402,0,54,0.54,0.27599690801054716,1.0892578038759513,2.223782157562713,10.042777226611198,0.26651204138192297,963.5011393798776,0.003472222222222222,0.0,0.0,0.0,0.0,0.6851851851851852,0,2.8425184410989854,0.7157908075896553,0.00667529344175449,0.00667529344175449,0.8259214816448555,0.8259214816448555,0.09605627985544726,0.09605627985544726
D1 LQR+VMC,randomized,146,estimated,none,44a1655f8f0d87809c31899f83af456807cf7fa8e3b88efa32f6cef989bb2aed,f8a78618c5037e6fdabe4891163c0101f27eea2d7a5c9f32e2e5fa7865e773fa,99f3b50612c1f3489fd95c558e3208865c7632be7812c117d17a4d5cb116ce34,49.10714285714289,50.00000000000004,50.00000000000004,0.0,0.0,0.0,0,5,0.0,2014839443,1.0761108894023355,0.9705705341216071,0.9262106578526572,0.917880647232726,0,112,1.12,0.6155482554284102,18.545187080141407,40.98056353283851,75.03936273824036,0.4970905360103623,5866.888991818152,0.11216517857142858,0.0,0.0,0.0,0.0,0.125,4,1.2658478664841923,0.0,0.025803516085963738,0.025803516085963738,9.952240049304935,9.952240049304935,0.4435825624977663,0.4435825624977663
D1 MPC+VMC,randomized,146,estimated,none,44a1655f8f0d87809c31899f83af456807cf7fa8e3b88efa32f6cef989bb2aed,f8a78618c5037e6fdabe4891163c0101f27eea2d7a5c9f32e2e5fa7865e773fa,99f3b50612c1f3489fd95c558e3208865c7632be7812c117d17a4d5cb116ce34,48.48484848484853,50.00000000000004,50.00000000000004,0.0,0.0,0.0,0,5,0.0,2014839443,1.0761108894023355,0.9705705341216071,0.9262106578526572,0.917880647232726,0,66,0.66,0.5980027392406309,16.71212017503662,49.69028702642578,20.131184717409344,0.4231374559898462,3464.4162226917847,0.08049242424242424,0.0,0.0,0.0,0.0,0.22727272727272727,0,1.3262767028918534,0.7477699982700869,0.010986980704908708,0.010986980704908708,5.498066122661319,5.498066122661319,0.24795609470295074,0.24795609470295074
D1 LQR+VMC,randomized,147,estimated,none,5941e39c5ac4ec4782677679423e4ccd675685f3eb7077e88b8e0327fc221eaa,b3e8d1cd4c6f8250ee9ad07e957ef1df79003e8fadcc56cc33749ba2f4ff969e,ff8315c11c7cd882c4f47ba404a878652d60ef771cbc12af1456c5ea4d3b24e1,48.214285714285744,50.00000000000004,50.00000000000004,0.0,0.0,0.0,0,5,0.0,1246345494,1.11768706988836,1.1519535828852017,1.0614676383973065,0.9600221712091143,0,56,0.56,0.7735642422497153,3.5767404794148505,9.936632739941864,46.390594120535525,0.42341331802773297,3331.504536865836,0.07366071428571429,0.0,0.0,0.0,0.0,0.21428571428571427,0,1.139012967179397,0.0,0.01948956505053263,0.01948956505053263,2.5557264444943018,2.5557264444943018,0.37078133003764085,0.37078133003764085
D1 MPC+VMC,randomized,147,estimated,none,5941e39c5ac4ec4782677679423e4ccd675685f3eb7077e88b8e0327fc221eaa,b3e8d1cd4c6f8250ee9ad07e957ef1df79003e8fadcc56cc33749ba2f4ff969e,ff8315c11c7cd882c4f47ba404a878652d60ef771cbc12af1456c5ea4d3b24e1,48.360655737704946,50.00000000000004,50.00000000000004,0.0,0.0,0.0,0,5,0.0,1246345494,1.11768706988836,1.1519535828852017,1.0614676383973065,0.9600221712091143,0,61,0.61,0.7924918760345577,7.377867478804908,29.42994955575535,54.36834846839484,0.4522710417882969,3812.800292075777,0.08401639344262295,0.0,0.0,0.0,0.0,0.21311475409836064,0,1.0711145924345045,0.45648199738934636,0.01717460682018761,0.01717460682018761,5.001117395056138,5.001117395056138,0.27282636665949245,0.27282636665949245
D1 LQR+VMC,randomized,148,estimated,none,ea89d0809b2eceb50e2cbea1cc7db043f5732a8f874515de723da526e5e1fcf9,36ad57737e4ba00dce497eae4b2a44ad34aa7b4dfecd8a7e8a0dce18adefab21,b1c5c2412289dd505069e46d16c880f2e7d6b22c67d0919d7613f71ab4f51ed9,48.214285714285744,50.00000000000004,50.00000000000004,0.0,0.0,0.0,0,5,0.0,1312116117,1.0402388344614464,1.0474852137614152,1.130122177440941,0.9840954979980934,0,56,0.56,0.7075022950103379,15.539413166347705,48.71543813436924,58.738545032401476,0.4193094283853085,3828.4267548853795,0.05022321428571429,0.0,0.0,0.0,0.0,0.19642857142857142,0,1.2667330166274586,0.0,0.020806083288567697,0.020806083288567697,10.3926198525626,10.3926198525626,0.3802545544684612,0.3802545544684612
D1 MPC+VMC,randomized,148,estimated,none,ea89d0809b2eceb50e2cbea1cc7db043f5732a8f874515de723da526e5e1fcf9,36ad57737e4ba00dce497eae4b2a44ad34aa7b4dfecd8a7e8a0dce18adefab21,b1c5c2412289dd505069e46d16c880f2e7d6b22c67d0919d7613f71ab4f51ed9,48.8636363636364,50.00000000000004,50.00000000000004,0.0,0.0,0.0,0,5,0.0,1312116117,1.0402388344614464,1.0474852137614152,1.130122177440941,0.9840954979980934,0,88,0.88,0.6533336175663802,18.344367028146987,51.18046698050926,46.86201092991849,0.525445500065616,5800.462060113368,0.12428977272727272,0.0,0.0,0.0,0.0,0.125,7,1.016975938237142,0.403960303083295,0.018255531105263092,0.018255531105263092,10.762173478767467,10.762173478767467,0.4403628731324796,0.4403628731324796
D1 LQR+VMC,randomized,149,estimated,none,38d96f4a56f8b328c38c0ff6682438106aa0d34c82c9c7ca419eb4b655ba9cc6,5890120f9c3a945fee0fc3d3c7df412320de7e8ad9405442262a6f7e9c68575f,2f9f4ee3a9b2369f14a2b1993c820b192a187fccec6ff91aab413f5ccd23f7a6,47.77777777777782,50.00000000000004,50.00000000000004,0.0,0.0,0.0,0,5,0.0,1830179457,0.9180456539681073,0.9174989713286356,0.7940223325506199,0.9976903932111862,0,45,0.45,0.22052975104274028,9.672537705153276,29.020698573376155,23.602204289150194,0.38155483185595596,2810.3602229088187,0.03333333333333333,0.0,0.0,0.0,0.0,0.24444444444444444,0,2.6771822466923347,0.0,0.014349472099985718,0.014349472099985718,7.269119840531495,7.269119840531495,0.21261621202487335,0.21261621202487335
D1 MPC+VMC,randomized,149,estimated,none,38d96f4a56f8b328c38c0ff6682438106aa0d34c82c9c7ca419eb4b655ba9cc6,5890120f9c3a945fee0fc3d3c7df412320de7e8ad9405442262a6f7e9c68575f,2f9f4ee3a9b2369f14a2b1993c820b192a187fccec6ff91aab413f5ccd23f7a6,49.074074074074105,50.00000000000004,50.00000000000004,0.0,0.0,0.0,0,5,0.0,1830179457,0.9180456539681073,0.9174989713286356,0.7940223325506199,0.9976903932111862,0,108,1.08,0.5833147961390939,17.79206340863036,41.98593120819729,58.29915018967652,0.49430403969402703,6132.502910695047,0.09664351851851852,0.0,0.0,0.0,0.0,0.1388888888888889,0,1.548261121263278,0.4499221948208287,0.021528827333633288,0.021528827333633288,6.866888211447922,6.866888211447922,0.4718723131162741,0.4718723131162741
D1 LQR+VMC,randomized,150,estimated,none,87d5ecdaec5529cc62b73f06fcdd36daa899aae44eaf54290669429a9b81c4cc,7e56980219563b71e271c8c26d045d414b38c2796bf4350f693550f6eee0f00e,97d34e35dd5c082c4b6beef6edc0732acff9b137e08da2334a36b2f9970f4f6b,48.360655737704946,50.00000000000004,50.00000000000004,0.0,0.0,0.0,0,5,0.0,1275761434,0.9010608496924545,1.2188541579664647,1.1599784371381194,0.9168649918548842,0,61,0.61,0.43460656941471365,21.68414550683408,47.99099161308765,47.05150192880691,0.4082210887951039,3755.246130315757,0.05942622950819672,0.0,0.0,0.0,0.0,0.26229508196721313,1,1.694330562911372,0.0,0.015541330631401788,0.015541330631401788,7.894237865409361,7.894237865409361,0.39617444244517713,0.39617444244517713
D1 MPC+VMC,randomized,150,estimated,none,87d5ecdaec5529cc62b73f06fcdd36daa899aae44eaf54290669429a9b81c4cc,7e56980219563b71e271c8c26d045d414b38c2796bf4350f693550f6eee0f00e,97d34e35dd5c082c4b6beef6edc0732acff9b137e08da2334a36b2f9970f4f6b,48.360655737704946,50.00000000000004,50.00000000000004,0.0,0.0,0.0,0,5,0.0,1275761434,0.9010608496924545,1.2188541579664647,1.1599784371381194,0.9168649918548842,0,61,0.61,0.42530412739389006,19.146068569838143,42.01600690825467,46.70244813534289,0.40644943891594565,3747.6273565160063,0.05635245901639344,0.0,0.0,0.0,0.0,0.26229508196721313,0,1.7052440316536437,0.463458985905163,0.01601007572546809,0.01601007572546809,7.3103355453461925,7.3103355453461925,0.4036957439071777,0.4036957439071777
