# {"config": {"dt": 0.002, "kind": "wheel", "torque_limit_nm": 2.0}, "initial_command_history": "zero", "initial_state": "known_rest", "known_initial_rest": true, "name": "calibration_0", "sampling": "position_then_command_then_next_position", "schema": "encoder_position_only", "schema_version": 1, "split": "calibration"}
time_s,command_torque_nm,position_rad,next_position_rad
0.0,0.0,0.0002202524907011694,-0.0001079943030507007
0.002,0.0020136267223173797,-0.0001079943030507007,-0.0003789242539678511
0.004,0.004033233967048353,-0.0003789242539678511,-0.00016211341990232057
0.006,0.006058769554950871,-0.00016211341990232057,-4.397224915648062e-05
0.008,0.008090180381304015,-4.397224915648062e-05,-0.00045378193783552733
0.01,0.010127412410430385,-0.00045378193783552733,-0.0004016824425167559
0.012,0.012170410670259268,-0.0004016824425167559,0.00012503931667432708
0.014,0.014219119246931792,0.00012503931667432708,0.0002800151461399007
0.016,0.01627348127944934,0.0002800151461399007,0.00015543362248242497
0.018000000000000002,0.018333438954366465,0.00015543362248242497,0.00024380192649244302
0.02,0.02039893350052946,0.00024380192649244302,-0.00014825986956972707
0.022,0.022469905183862073,-0.00014825986956972707,0.00011206919077551194
0.024,0.024546293302199387,0.00011206919077551194,-0.0004018048801203925
0.026000000000000002,0.02662803618017134,-0.0004018048801203925,-0.0003665001675387968
0.028,0.02871507116413713,-0.0003665001675387968,-0.0001718250622992602
0.03,0.030807334617171823,-0.0001718250622992602,0.00045910558911176514
0.032,0.032904761914106455,0.00045910558911176514,3.981379099591373e-05
0.034,0.03500728743662303,3.981379099591373e-05,6.441986084252368e-05
0.036000000000000004,0.03711484456840573,6.441986084252368e-05,-6.878823216084905e-05
0.038,0.03922736569034968,-6.878823216084905e-05,0.00026080308412143854
0.04,0.04134478217582875,0.00026080308412143854,0.00018500541973102432
0.042,0.043467024386023484,0.00018500541973102432,0.00034575699551644946
0.044,0.045594021665310985,0.00034575699551644946,-3.9189860205271075e-06
0.046,0.04772570233671786,-3.9189860205271075e-06,0.0004012033623260322
0.048,0.049861993697437566,0.0004012033623260322,0.00017042313090587444
0.05,0.05200282201441402,0.00017042313090587444,0.00019944541435242772
0.052000000000000005,0.0541481125199923,0.00019944541435242772,0.00037364271023741655
0.054,0.05629778940763849,0.00037364271023741655,0.0006364387578804797
0.056,0.05845177582772975,0.0006364387578804797,0.00015413608694330203
0.058,0.060609993883416036,0.00015413608694330203,0.0006372036694842397
0.06,0.0627723646265554,0.0006372036694842397,0.0004536130271849826
0.062,0.06493880805372379,0.0004536130271849826,0.0006417661790149839
0.064,0.06710924310230125,0.0006417661790149839,0.0005906133322164072
0.066,0.06928358764663599,0.0005906133322164072,0.000504757253995588
0.068,0.07146175849428753,0.000504757253995588,0.0005173314096097467
0.07,0.07364367138235094,0.0005173314096097467,0.0005301780263642212
0.07200000000000001,0.07582924097386327,0.0005301780263642212,0.0005000466460280061
0.074,0.07801838085429413,0.0005000466460280061,0.0007248331983873999
0.076,0.0802110035281216,0.0007248331983873999,0.0009498546687548443
0.078,0.08240702041549527,0.0009498546687548443,0.0014695413796013332
0.08,0.084606341848988,0.0014695413796013332,0.000822769684360072
0.082,0.08680887707043788,0.000822769684360072,0.0012948566560733892
0.084,0.08901453422788198,0.0012948566560733892,0.0013272102237450315
0.08600000000000001,0.09122322037258385,0.0013272102237450315,0.001454237573971182
0.088,0.09343484145615567,0.001454237573971182,0.0013609915283583842
0.09,0.09564930232777757,0.0013609915283583842,0.001619749432883244
0.092,0.09786650673151494,0.001619749432883244,0.001217361790823744
0.094,0.10008635730373594,0.001217361790823744,0.0014987106379757559
0.096,0.1023087555706306,0.0014987106379757559,0.002135070973598567
0.098,0.10453360194583335,0.002135070973598567,0.001859277434679537
0.1,0.10676079572815025,0.001859277434679537,0.001952975669042732
0.10200000000000001,0.10899023509939328,0.001952975669042732,0.0022031931611195044
0.10400000000000001,0.11122181712232278,0.0022031931611195044,0.002075165646562015
0.106,0.11345543773869976,0.002075165646562015,0.002217859103513204
0.108,0.11569099176745042,0.002217859103513204,0.002002948668226815
0.11,0.11792837290294361,0.002002948668226815,0.002619729341395593
0.112,0.12016747371338399,0.002619729341395593,0.002677245533351192
0.114,0.12240818563932164,0.002677245533351192,0.0024967688294366816
0.116,0.12465039899228059,0.0024967688294366816,0.0027176510039008147
0.11800000000000001,0.1268940029535076,0.0027176510039008147,0.0024716242496772432
0.12,0.1291388855728432,0.0024716242496772432,0.002909125001096512
0.122,0.1313849337677163,0.002909125001096512,0.0029199451610012034
0.124,0.1336320333222646,0.0029199451610012034,0.003077108820378623
0.126,0.13588006888658272,0.003077108820378623,0.0033320372790066805
0.128,0.13812892397609874,0.0033320372790066805,0.0034901365583730635
0.13,0.14037848097108216,0.0034901365583730635,0.0035515770192871177
0.132,0.14262862111628472,0.0035515770192871177,0.003954278062318799
0.134,0.14487922452071508,0.003954278062318799,0.004214349338693125
0.136,0.14713017015755028,0.004214349338693125,0.004065366685705179
0.138,0.1493813358641852,0.004065366685705179,0.0042560185825124865
0.14,0.1516325983424216,0.0042560185825124865,0.004299184341037057
0.14200000000000002,0.15388383315879905,0.004299184341037057,0.00470303722067042
0.14400000000000002,0.1561349147450692,0.00470303722067042,0.0050157241924773145
0.146,0.15838571639881532,0.0050157241924773145,0.005148864485892832
0.148,0.16063611028421917,0.005148864485892832,0.005259357289453589
0.15,0.16288596743297612,0.005259357289453589,0.005339005956391412
0.152,0.16513515774536158,0.005339005956391412,0.00559243586686836
0.154,0.16738354999144966,0.00559243586686836,0.005885484644845829
0.156,0.16963101181248608,0.005885484644845829,0.006293727714080092
0.158,0.17187740972241752,0.006293727714080092,0.006314731809757905
0.16,0.1741226091095785,0.006314731809757905,0.006622434660515533
0.162,0.17636647423853846,0.006622434660515533,0.006998141320259004
0.164,0.17860886825211025,0.006998141320259004,0.007248079347485693
0.166,0.18084965317352186,0.007248079347485693,0.00700369655086495
0.168,0.1830886899087539,0.00700369655086495,0.007752725778836812
0.17,0.18532583824904356,0.007752725778836812,0.00786895493834183
0.17200000000000001,0.18756095687355798,0.00786895493834183,0.007952776172882205
0.17400000000000002,0.18979390335223792,0.007952776172882205,0.00862997817075159
0.176,0.1920245341488143,0.00862997817075159,0.009087766108535397
0.178,0.1942527046239988,0.009087766108535397,0.009163345476218415
0.18,0.19647826903885077,0.009163345476218415,0.00966594887308584
0.182,0.19870108055832236,0.00966594887308584,0.01039506570416589
0.184,0.20092099125498272,0.01039506570416589,0.010593512987661048
0.186,0.2031378521129247,0.010593512987661048,0.010842384673970515
0.188,0.2053515130318541,0.010842384673970515,0.011618235658670964
0.19,0.20756182283136507,0.011618235658670964,0.011548012783005723
0.192,0.20976862925540127,0.011548012783005723,0.012183011646604182
0.194,0.21197177897690717,0.012183011646604182,0.012732133750720421
0.196,0.2141711176026688,0.012732133750720421,0.013357012357473526
0.198,0.21636648967834748,0.013357012357473526,0.013805130726648383
0.2,0.21855773869370765,0.013805130726648383,0.01449837704546982
0.202,0.2207447070880401,0.01449837704546982,0.015187030204005055
0.20400000000000001,0.22292723625578348,0.015187030204005055,0.015823799618451068
0.20600000000000002,0.22510516655234483,0.015823799618451068,0.01643486153748345
0.20800000000000002,0.2272783373001216,0.01643486153748345,0.017074277806587164
0.21,0.22944658679472593,0.017074277806587164,0.017721327074508405
0.212,0.23160975231141445,0.017721327074508405,0.018583998109025647
0.214,0.23376767011172372,0.018583998109025647,0.019294503049033837
0.216,0.23592017545031396,0.019294503049033837,0.02009827246776679
0.218,0.23806710258202257,0.02009827246776679,0.020575160454940965
0.22,0.24020828476912928,0.020575160454940965,0.02168699168814071
0.222,0.24234355428883403,0.02168699168814071,0.022705828100822802
0.224,0.24447274244095007,0.022705828100822802,0.023465612675543354
0.226,0.24659567955581319,0.023465612675543354,0.024421758538707632
0.228,0.24871219500240938,0.024421758538707632,0.02534577816900584
0.23,0.25082211719672204,0.02534577816900584,0.0264172590760724
0.232,0.2529252736103004,0.0264172590760724,0.0272282213114327
0.234,0.2550214907790518,0.0272282213114327,0.02855994663147067
0.23600000000000002,0.25711059431225697,0.02855994663147067,0.029470696543188717
0.23800000000000002,0.25919240890181294,0.029470696543188717,0.03093452061415679
0.24,0.26126675833170315,0.03093452061415679,0.03168420162402627
0.242,0.26333346548769637,0.03168420162402627,0.03291902838597181
0.244,0.2653923523672774,0.03291902838597181,0.03421250139866531
0.246,0.26744324008980863,0.03421250139866531,0.03573922091355668
0.248,0.26948594890692745,0.03573922091355668,0.03684755034083637
0.25,0.2715202982131767,0.03684755034083637,0.037923669412374954
0.252,0.27354610655687367,0.037923669412374954,0.03937227320843907
0.254,0.2755631916512162,0.03937227320843907,0.04109720617718476
0.256,0.277571370385629,0.04109720617718476,0.0416667710904479
0.258,0.2795704588373507,0.0416667710904479,0.04362707556740032
0.26,0.2815602722832634,0.04362707556740032,0.04495781789937157
0.262,0.2835406252119658,0.04495781789937157,0.04655340171441053
0.264,0.28551133133609213,0.04655340171441053,0.04830133310996561
0.266,0.2874722036048761,0.04830133310996561,0.049637949924666615
0.268,0.28942305421696446,0.049637949924666615,0.05136067559615393
0.27,0.29136369463347783,0.05136067559615393,0.052894857427342706
0.272,0.2932939355913228,0.052894857427342706,0.054881746411843624
0.274,0.295213587116755,0.054881746411843624,0.05688468676142087
0.276,0.29712245853919517,0.05688468676142087,0.058301736677343396
0.278,0.299020358505299,0.058301736677343396,0.06006050192123329
0.28,0.3009070949932813,0.06006050192123329,0.06171762572269696
0.28200000000000003,0.30278247532749747,0.06171762572269696,0.06352808071665136
0.28400000000000003,0.3046463061932813,0.06352808071665136,0.06530645855180338
0.28600000000000003,0.30649839365204085,0.06530645855180338,0.06729091355267888
0.28800000000000003,0.30833854315661424,0.06729091355267888,0.0693348289267531
0.29,0.3101665595668856,0.0693348289267531,0.07119993134614307
0.292,0.311982247165662,0.07119993134614307,0.0732400734751818
0.294,0.3137854096748124,0.0732400734751818,0.07535555040379588
0.296,0.31557585027167034,0.07535555040379588,0.07719908061976101
0.298,0.3173533716057002,0.07719908061976101,0.07971294919315174
0.3,0.31911777581542844,0.07971294919315174,0.08179682914622183
0.302,0.3208688645456399,0.08179682914622183,0.08403271360950594
0.304,0.322606438964842,0.08403271360950594,0.08616844812511558
0.306,0.3243302997829938,0.08616844812511558,0.08848039012808508
0.308,0.32604024726950565,0.08848039012808508,0.09059269330581479
0.31,0.3277360812715049,0.09059269330581479,0.09283842688980021
0.312,0.32941760123237235,0.09283842688980021,0.0951912341085843
0.314,0.33108460621054775,0.0951912341085843,0.09786572112087522
0.316,0.33273689489860614,0.09786572112087522,0.09995909143331774
0.318,0.3343742656426043,0.09995909143331774,0.10209292900222258
0.32,0.3359965164616994,0.10209292900222258,0.10492369260455221
0.322,0.3376034450680388,0.10492369260455221,0.10757389861286185
0.324,0.3391948488869221,0.10757389861286185,0.10958532992757541
0.326,0.3407705250772357,0.10958532992757541,0.11244411267229282
0.328,0.34233027055216075,0.11244411267229282,0.11533790588710793
0.33,0.34387388200015323,0.11533790588710793,0.11803078592963637
0.332,0.345401155906198,0.11803078592963637,0.12042027526802615
0.334,0.34691188857333666,0.12042027526802615,0.12337921836063856
0.336,0.3484058761444678,0.12337921836063856,0.12618815138338907
0.338,0.34988291462442245,0.12618815138338907,0.1289641802449134
0.34,0.35134279990231265,0.1289641802449134,0.1316085838509175
0.342,0.3527853277741534,0.1316085838509175,0.13447389001001783
0.34400000000000003,0.3542102939657593,0.13447389001001783,0.137441000668901
0.34600000000000003,0.3556174941559139,0.137441000668901,0.14045916882494672
0.34800000000000003,0.3570067239998132,0.14045916882494672,0.14352955762594816
0.35000000000000003,0.35837777915278196,0.14352955762594816,0.1467026414460034
0.352,0.3597304552942633,0.1467026414460034,0.14958289555253396
0.354,0.36106454815208117,0.14958289555253396,0.15235169689310069
0.356,0.3623798535269749,0.15235169689310069,0.15554983560722402
0.358,0.3636761673174055,0.15554983560722402,0.15899168584689657
0.36,0.36495328554463435,0.15899168584689657,0.16249522333521857
0.362,0.3662110043780722,0.16249522333521857,0.16532561552659036
0.364,0.3674491201608983,0.16532561552659036,0.16803796674391216
0.366,0.36866742943595043,0.16803796674391216,0.171397805960818
0.368,0.3698657289718829,0.171397805960818,0.1746862728837196
0.37,0.3710438157895936,0.1746862728837196,0.17805772123384947
0.372,0.3722014871889185,0.17805772123384947,0.18151652666674284
0.374,0.37333854077559253,0.18151652666674284,0.18502297352120833
0.376,0.37445477448847697,0.18502297352120833,0.1881946423923393
0.378,0.37554998662705086,0.1881946423923393,0.1918117418779492
0.38,0.37662397587916685,0.1918117418779492,0.19511671964702132
0.382,0.3776765413490692,0.19511671964702132,0.19869178936240653
0.384,0.3787074825856739,0.19869178936240653,0.2018293200899719
0.386,0.37971659961110843,0.2018293200899719,0.20529568174811277
0.388,0.3807036929495112,0.20529568174811277,0.20905203701713898
0.39,0.3816685636560882,0.20905203701713898,0.21278828214762474
0.392,0.382611013346426,0.21278828214762474,0.21663928400124294
0.394,0.3835308442260594,0.21663928400124294,0.21996567137328368
0.396,0.3844278591202928,0.21996567137328368,0.2238934953429504
0.398,0.38530186150427265,0.2238934953429504,0.2276911580068203
0.4,0.3861526555333096,0.2276911580068203,0.231459111690966
0.402,0.3869800460734497,0.231459111690966,0.2356361239992567
0.404,0.3877838387322911,0.2356361239992567,0.23938520357351423
0.406,0.3885638398900455,0.23938520357351423,0.24285761124223984
0.40800000000000003,0.38931985673084213,0.24285761124223984,0.2467752482398071
0.41000000000000003,0.3900516972742721,0.2467752482398071,0.2505662076144735
0.41200000000000003,0.39075917040717095,0.2505662076144735,0.25491807761609975
0.41400000000000003,0.3914420859156379,0.25491807761609975,0.2585181343224445
0.41600000000000004,0.39210025451728797,0.2585181343224445,0.26287361703049206
0.418,0.39273348789373697,0.26287361703049206,0.2666650759882626
0.42,0.3933415987233146,0.2666650759882626,0.27085077535339014
0.422,0.393924400714005,0.27085077535339014,0.27527586575183
0.424,0.3944817086366107,0.27527586575183,0.27917282104541774
0.426,0.3950133383581391,0.27917282104541774,0.2836714100664057
0.428,0.3955191068754068,0.2836714100664057,0.2878617597035579
0.43,0.3959988323488606,0.2878617597035579,0.2920658261660848
0.432,0.3964523341366113,0.2920658261660848,0.29582555295380975
0.434,0.3968794328286783,0.29582555295380975,0.3002906009265887
0.436,0.3972799502814408,0.3002906009265887,0.30473552921389385
0.438,0.3976537096522934,0.30473552921389385,0.30880770483953
0.44,0.398000535434503,0.30880770483953,0.3129923109626969
0.442,0.39832025349226263,0.3129923109626969,0.3174391379468494
0.444,0.39861269109594066,0.3174391379468494,0.3221009229456359
0.446,0.39887767695751997,0.3221009229456359,0.32608549660317765
0.448,0.3991150412662253,0.32608549660317765,0.3308908781201297
0.45,0.3993246157243342,0.3308908781201297,0.3352316059943535
0.452,0.3995062335831679,0.3352316059943535,0.3398195455827021
0.454,0.3996597296792592,0.3398195455827021,0.3441618840636157
0.456,0.3997849404706927,0.3441618840636157,0.3489461755151074
0.458,0.3998817040736131,0.3489461755151074,0.3534186211973241
0.46,0.3999498602988998,0.3534186211973241,0.3583291032204683
0.462,0.39998925068899993,0.3583291032204683,0.36286924172831153
0.464,0.3999997185549198,0.36286924172831153,0.367079598683078
0.466,0.3999811090133673,0.367079598683078,0.37206199263325357
0.468,0.39993326902404225,0.37206199263325357,0.37692303335498273
0.47000000000000003,0.3998560474270707,0.37692303335498273,0.3814820250801626
0.47200000000000003,0.3997492949805773,0.3814820250801626,0.3862802423187882
0.47400000000000003,0.39961286439839244,0.3862802423187882,0.39094390537992496
0.47600000000000003,0.39944661038788865,0.39094390537992496,0.3958285058833677
0.47800000000000004,0.39925038968794196,0.3958285058833677,0.4007004273925622
0.48,0.3990240611070127,0.4007004273925622,0.40553995132873666
0.482,0.39876748556134184,0.40553995132873666,0.4100745613579604
0.484,0.39848052611325635,0.4100745613579604,0.4152169257629871
0.486,0.3981630480095799,0.4152169257629871,0.42006799338772466
0.488,0.39781491872014296,0.42006799338772466,0.4248280314965546
0.49,0.3974360079763863,0.4248280314965546,0.4301696865964101
0.492,0.3970261878100543,0.4301696865964101,0.4346204542574836
0.494,0.3965853325919705,0.4346204542574836,0.4399305603958518
0.496,0.39611331907089126,0.4399305603958518,0.44492817617337677
0.498,0.39561002641243137,0.44492817617337677,0.4501065092475937
0.5,0.3950753362380551,0.4501065092475937,0.45465415096793643
0.502,0.3945091326641287,0.45465415096793643,0.4600991026226308
0.504,0.3939113023410258,0.4600991026226308,0.46491877152451133
0.506,0.3932817344922823,0.46491877152451133,0.4700310043888716
0.508,0.3926203209537927,0.4700310043888716,0.4749743903341331
0.51,0.3919269562130419,0.4749743903341331,0.4805890734253569
0.512,0.39120153744836783,0.4805890734253569,0.4851885589427395
0.514,0.3904439645682456,0.4851885589427395,0.49075345244336493
0.516,0.38965414025058953,0.49075345244336493,0.496262300151137
0.518,0.3888319699820644,0.496262300151137,0.50116934527495
0.52,0.38797736209740036,0.50116934527495,0.5062560859630942
0.522,0.3870902278187043,0.5062560859630942,0.5116980535199602
0.524,0.3861704812947606,0.5116980535199602,0.5169116799787512
0.526,0.38521803964031487,0.5169116799787512,0.5217624582001381
0.528,0.38423282297533345,0.5217624582001381,0.5274273151876305
0.53,0.38321475446423064,0.5274273151876305,0.5321460800476425
0.532,0.3821637603550579,0.5321460800476425,0.5376941761591936
0.534,0.3810797700186466,0.5376941761591936,0.5430228827235787
0.536,0.37996271598769754,0.5430228827235787,0.5485702715655504
0.538,0.37881253399580883,0.5485702715655504,0.5539714402522931
0.54,0.3776291630164359,0.5539714402522931,0.5592005111316188
0.542,0.37641254530177437,0.5592005111316188,0.5644388504853669
0.544,0.37516262642155973,0.5644388504853669,0.5701173715586094
0.546,0.37387935530177435,0.5701173715586094,0.5751399366248678
0.548,0.3725626842632551,0.5751399366248678,0.5805622659668803
0.55,0.37121256906019223,0.5805622659668803,0.5861869445144248
0.552,0.36982896891851313,0.5861869445144248,0.5910625594576655
0.554,0.36841184657414117,0.5910625594576655,0.596809313745605
0.556,0.3669611683111223,0.596809313745605,0.6021421891633657
0.558,0.36547690399961036,0.6021421891633657,0.6076213413041939
0.56,0.36395902713370304,0.6076213413041939,0.6130598085482806
0.562,0.36240751486912015,0.6130598085482806,0.6186241559424406
0.5640000000000001,0.36082234806071484,0.6186241559424406,0.6241221632984938
0.5660000000000001,0.3592035112998094,0.6241221632984938,0.6296554168193637
0.5680000000000001,0.3575509929513478,0.6296554168193637,0.6351297272906242
0.5700000000000001,0.3558647851908536,0.6351297272906242,0.6405894023229828
0.5720000000000001,0.3541448840411874,0.6405894023229828,0.6455257836766644
0.5740000000000001,0.35239128940909253,0.6455257836766644,0.651178359919162
0.5760000000000001,0.35060400512152035,0.651178359919162,0.6568302120792234
0.578,0.3487830389617269,0.6568302120792234,0.6624610970883372
0.58,0.3469284027051296,0.6624610970883372,0.6677656318639942
0.582,0.34504011215491753,0.6677656318639942,0.6734792589701328
0.584,0.34311818717740367,0.6734792589701328,0.6788156853900362
0.586,0.34116265173710886,0.6788156853900362,0.6842416522201032
0.588,0.33917353393157174,0.6842416522201032,0.6898132913209772
0.59,0.33715086602586974,0.6898132913209772,0.6955200258038099
0.592,0.33509468448684687,0.6955200258038099,0.700605456015538
0.594,0.33300503001703335,0.700605456015538,0.7066154404599793
0.596,0.3308819475882516,0.7066154404599793,0.7118541790217935
0.598,0.3287254864748954,0.7118541790217935,0.7173305504529703
0.6,0.3265357002868736,0.7173305504529703,0.7229125315318925
0.602,0.3243126470022101,0.7229125315318925,0.7285033751540212
0.604,0.3220563889992849,0.7285033751540212,0.7341357991242464
0.606,0.31976699308871254,0.7341357991242464,0.7397169349002711
0.608,0.3174445305448422,0.7397169349002711,0.7448894814552167
0.61,0.3150890771368719,0.7448894814552167,0.7506390548563374
0.612,0.31270071315956627,0.7506390548563374,0.7561347102974992
0.614,0.3102795234635669,0.7561347102974992,0.7615946391679317
0.616,0.3078255974852844,0.7615946391679317,0.7670488455169006
0.618,0.3053390292763629,0.7670488455169006,0.7725616366029566
0.62,0.30281991753270515,0.7725616366029566,0.777883261894534
0.622,0.30026836562304826,0.777883261894534,0.7836746518688658
0.624,0.2976844816170791,0.7836746518688658,0.7889456003482724
0.626,0.29506837831307925,0.7889456003482724,0.7943037802945353
0.628,0.2924201732650872,0.7943037802945353,0.7997657137459262
0.63,0.28973998880956875,0.7997657137459262,0.805407191780908
0.632,0.2870279520915839,0.805407191780908,0.8107530160160139
0.634,0.28428419509043906,0.8107530160160139,0.8165327895074433
0.636,0.2815088546448134,0.8165327895074433,0.8215031196017674
0.638,0.27870207247735057,0.8215031196017674,0.827094064030144
0.64,0.27586399521870136,0.827094064030144,0.8323425452050511
0.642,0.27299477443100817,0.8323425452050511,0.837835679807297
0.644,0.2700945666308213,0.837835679807297,0.8431663189795688
0.646,0.26716353331143267,0.8431663189795688,0.8487589901294079
0.648,0.26420184096461957,0.8487589901294079,0.8541184017086222
0.65,0.26120966110178423,0.8541184017086222,0.8595463788122554
0.652,0.25818717027447974,0.8595463788122554,0.8650689489085029
0.654,0.2551345500943105,0.8650689489085029,0.8699529050746637
0.656,0.2520519872521962,0.8699529050746637,0.8755519338987543
0.658,0.2489396735369876,0.8755519338987543,0.8804775510819461
0.66,0.24579780585342415,0.8804775510819461,0.886168005125819
0.662,0.24262658623942013,0.886168005125819,0.8912999605084729
0.664,0.2394262218826696,0.8912999605084729,0.8965153669934799
0.666,0.23619692513655852,0.8965153669934799,0.9015428386622041
0.668,0.23293891353537274,0.9015428386622041,0.9070206803469667
0.67,0.2296524098087901,0.9070206803469667,0.9119254546927641
0.672,0.22633764189564626,0.9119254546927641,0.9176428010501042
0.674,0.22299484295696168,0.9176428010501042,0.9225712675098573
0.676,0.2196242513882196,0.9225712675098573,0.9277381541774672
0.678,0.21622611083088425,0.9277381541774672,0.9333430480930837
0.68,0.21280067018314594,0.9333430480930837,0.9381097477574815
0.682,0.20934818360988316,0.9381097477574815,0.94276970758621
0.684,0.20586891055183157,0.94276970758621,0.9479602595600695
0.686,0.20236311573394483,0.9479602595600695,0.9533329212651299
0.6880000000000001,0.19883106917294258,0.9533329212651299,0.9578206564820919
0.6900000000000001,0.19527304618402724,0.9578206564820919,0.9634653735576838
0.6920000000000001,0.1916893273867624,0.9634653735576838,0.9685176272698633
0.6940000000000001,0.18808019871010248,0.9685176272698633,0.9732602372271758
0.6960000000000001,0.18444595139656003,0.9732602372271758,0.9779134768202805
0.6980000000000001,0.18078688200550186,0.9779134768202805,0.9826913683263586
0.7000000000000001,0.17710329241556064,0.9826913683263586,0.9879687102658429
0.7020000000000001,0.17339548982615274,0.9879687102658429,0.9927163898352177
0.704,0.16966378675809363,0.9927163898352177,0.997576227647073
0.706,0.16590850105329308,0.997576227647073,1.0022515911453054
0.708,0.1621299558735274,1.0022515911453054,1.007167315625433
0.71,0.15832847969827366,1.007167315625433,1.0119596406714964
0.712,0.15450440632159418,1.0119596406714964,1.0170909399256554
0.714,0.15065807484806495,1.0170909399256554,1.0212153472458387
0.716,0.14678982968773308,1.0212153472458387,1.0263919175553209
0.718,0.14290002055009646,1.0263919175553209,1.0305869644944448
0.72,0.13898900243709197,1.0305869644944448,1.035064334459605
0.722,0.13505713563508392,1.035064334459605,1.039799549509812
0.724,0.13110478570584358,1.039799549509812,1.0442826914275924
0.726,0.12713232347650621,1.0442826914275924,1.0492944586097814
0.728,0.12314012502849772,1.0492944586097814,1.0534187075523431
0.73,0.11912857168542293,1.0534187075523431,1.058285368948109
0.732,0.11509804999990039,1.058285368948109,1.0627274678850482
0.734,0.11104895173934007,1.0627274678850482,1.0670374072376296
0.736,0.10698167387064889,1.0670374072376296,1.0714372853291827
0.738,0.10289661854385777,1.0714372853291827,1.075359741238188
0.74,0.09879419307466125,1.075359741238188,1.0800086967931746
0.742,0.09467480992585686,1.0800086967931746,1.0842536732155805
0.744,0.09053888668767796,1.0842536732155805,1.0883337908114075
0.746,0.08638684605701265,1.0883337908114075,1.0929157038405612
0.748,0.08221911581549213,1.0929157038405612,1.0966496868548934
0.75,0.07803612880645144,1.0966496868548934,1.1011335287914037
0.752,0.07383832291074154,1.1011335287914037,1.1047123576959326
0.754,0.06962614102139446,1.1047123576959326,1.1086426794547204
0.756,0.06540003101712663,1.1086426794547204,1.1133292897455958
0.758,0.06116044573467333,1.1133292897455958,1.1165631825979943
0.76,0.05690784293995082,1.1165631825979943,1.1213008461067524
0.762,0.05264268529802962,1.1213008461067524,1.1250478944355855
0.764,0.04836544034191958,1.1250478944355855,1.128751722573713
0.766,0.04407658044015487,1.128751722573713,1.1323802807754544
0.768,0.039776582763170004,1.1323802807754544,1.1367381004207209
0.77,0.035465929248464305,1.1367381004207209,1.1398132816421302
0.772,0.031145106564544386,1.1398132816421302,1.1435320081807785
0.774,0.026814606073637018,1.1435320081807785,1.1474367491486372
0.776,0.02247492379316901,1.1474367491486372,1.1509956808403654
0.778,0.01812656035600393,1.1509956808403654,1.154476480660097
0.78,0.01377002096943223,1.154476480660097,1.1579995991919563
0.782,0.009405815372906553,1.1579995991919563,1.1615120744115415
0.784,0.005034457794517431,1.1615120744115415,1.1649557043367298
0.786,0.0006564669062024225,1.1649557043367298,1.168890915980816
0.788,-0.0037276342223148216,1.168890915980816,1.1713471445178736
0.79,-0.008117318170863964,1.1713471445178736,1.174921107421549
0.792,-0.012512053217446188,1.174921107421549,1.1781240719324448
0.794,-0.016911303388143558,1.1781240719324448,1.1813098125294643
0.796,-0.021314528508314994,1.1813098125294643,1.1845037379632535
0.798,-0.025721184255092303,1.1845037379632535,1.1878516699157964
0.8,-0.030130722211173296,1.1878516699157964,1.1907000040527695
0.802,-0.034542589919919424,1.1907000040527695,1.1937613867954682
0.804,-0.03895623094176365,1.1937613867954682,1.196755297127206
0.806,-0.04337108491192476,1.196755297127206,1.1995586303239492
0.808,-0.04778658759944232,1.1995586303239492,1.202449338034487
0.81,-0.05220217096752272,1.202449338034487,1.2055373942654113
0.812,-0.05661726323520935,1.2055373942654113,1.2081826045898305
0.8140000000000001,-0.06103128894037575,1.2081826045898305,1.2108015967797463
0.8160000000000001,-0.06544366900404014,1.2108015967797463,1.213431440965617
0.8180000000000001,-0.06985382079600892,1.213431440965617,1.2161850887759247
0.8200000000000001,-0.07426115820184893,1.2161850887759247,1.2188679749193014
0.8220000000000001,-0.07866509169118738,1.2188679749193014,1.2214931233319815
0.8240000000000001,-0.0830650283873453,1.2214931233319815,1.2237069918907482
0.8260000000000001,-0.08746037213829744,1.2237069918907482,1.2259978894089245
0.8280000000000001,-0.09185052358897101,1.2259978894089245,1.2287802098778888
0.8300000000000001,-0.09623488025486987,1.2287802098778888,1.2308963867075868
0.8320000000000001,-0.10061283659703524,1.2308963867075868,1.2328431607129064
0.834,-0.10498378409833442,1.2328431607129064,1.2348396248297888
0.836,-0.10934711134108446,1.2348396248297888,1.237378172139369
0.838,-0.11370220408600047,1.237378172139369,1.2391346684092115
0.84,-0.1180484453524765,1.2391346684092115,1.2414357806400476
0.842,-0.12238521550019013,1.2414357806400476,1.2430618766659876
0.844,-0.12671189231203264,1.2430618766659876,1.245182466430636
0.846,-0.13102785107836198,1.245182466430636,1.2469666226237093
0.848,-0.13533246468257398,1.2469666226237093,1.2485315686312615
0.85,-0.13962510368799116,1.2485315686312615,1.2508126937361466
0.852,-0.14390513642606173,1.2508126937361466,1.2524467742427652
0.854,-0.14817192908587218,1.2524467742427652,1.2540767207925296
0.856,-0.15242484580496185,1.2540767207925296,1.2554346846607207
0.858,-0.15666324876143742,1.2554346846607207,1.2569840314609688
0.86,-0.1608864982673876,1.2569840314609688,1.2585541384838863
0.862,-0.16509395286358375,1.2585541384838863,1.2597196066815055
0.864,-0.169284969415467,1.2597196066815055,1.2611084931931356
0.866,-0.1734589032104179,1.2611084931931356,1.2623123560968146
0.868,-0.17761510805629308,1.2623123560968146,1.2638792423163498
0.87,-0.1817529363812338,1.2638792423163498,1.2653137323805135
0.872,-0.1858717393347304,1.2653137323805135,1.2659338783754457
0.874,-0.18997086688993978,1.2659338783754457,1.2674377725256545
0.876,-0.1940496679472453,1.2674377725256545,1.2680205143964847
0.878,-0.19810749043905562,1.2680205143964847,1.2689258718858951
0.88,-0.20214368143582773,1.2689258718858951,1.2698187998282673
0.882,-0.206157587253309,1.2698187998282673,1.2705050456254745
0.884,-0.21014855356098894,1.2705050456254745,1.2713082326041105
0.886,-0.21411592549174863,1.2713082326041105,1.2720940074571077
0.888,-0.2180590477526995,1.2720940074571077,1.2728822754774394
0.89,-0.22197726473720014,1.2728822754774394,1.2735217605005118
0.892,-0.2258699206380399,1.2735217605005118,1.2740733581023505
0.894,-0.2297363595617796,1.2740733581023505,1.2746667103286082
0.896,-0.23357592564423266,1.2746667103286082,1.2746439492543464
0.898,-0.23738796316708122,1.2746439492543464,1.2748769764775154
0.9,-0.24117181667561002,1.2748769764775154,1.275209068565139
0.902,-0.2449268310975434,1.275209068565139,1.2755243778671133
0.904,-0.2486523518629784,1.2755243778671133,1.275298863269117
0.906,-0.2523477250253922,1.275298863269117,1.27571428208565
0.908,-0.2560122973837156,1.27571428208565,1.2751782121937183
0.91,-0.25964541660545387,1.2751782121937183,1.2755260131191886
0.912,-0.26324643135084175,1.2755260131191886,1.274819296346842
0.914,-0.26681469139801517,1.274819296346842,1.2747729270424395
0.916,-0.27034954776918535,1.2747729270424395,1.2745722141482267
0.918,-0.27385035285779685,1.2745722141482267,1.2743459848797463
0.92,-0.27731646055665504,1.2743459848797463,1.2739666391328754
0.922,-0.28074722638700117,1.2739666391328754,1.2740432422704289
0.924,-0.28414200762852176,1.2740432422704289,1.2735844363794324
0.926,-0.28750016345027035,1.2735844363794324,1.2734174304031007
0.928,-0.29082105504248607,1.2734174304031007,1.2730461977728142
0.93,-0.29410404574928567,1.2730461977728142,1.2721006148282386
0.932,-0.2973485012022123,1.2721006148282386,1.271685236487379
0.934,-0.3005537894546211,1.271685236487379,1.2712437497093334
0.936,-0.3037192811168759,1.2712437497093334,1.2708750343280015
0.9380000000000001,-0.3068443494923458,1.2708750343280015,1.270208028215814
0.9400000000000001,-0.3099283707141669,1.270208028215814,1.26941615417218
0.9420000000000001,-0.3129707238827601,1.26941615417218,1.2689069161000777
0.9440000000000001,-0.31597079120407234,1.2689069161000777,1.2683379060811135
0.9460000000000001,-0.31892795812852515,1.2683379060811135,1.267045903697559
0.9480000000000001,-0.32184161349064194,1.267045903697559,1.267256315169789
0.9500000000000001,-0.3247111496493352,1.267256315169789,1.265520255872471
0.9520000000000001,-0.327535962628825,1.265520255872471,1.2652433829559502
0.9540000000000001,-0.3303154522601661,1.2652433829559502,1.2643707646046893
0.9560000000000001,-0.3330490223233565,1.2643707646046893,1.2631554706688204
0.9580000000000001,-0.33573608069000666,1.2631554706688204,1.261557690286937
0.96,-0.3383760394665367,1.261557690286937,1.260608332310436
0.962,-0.34096831513787834,1.260608332310436,1.259654625617245
0.964,-0.3435123287116554,1.259654625617245,1.2585074153173719
0.966,-0.3460075058628132,1.2585074153173719,1.257359597863801
0.968,-0.34845327707866997,1.257359597863801,1.2558927179817954
0.97,-0.35084907780436203,1.2558927179817954,1.254329344165346
0.972,-0.35319434858865295,1.254329344165346,1.2531402956674853
0.974,-0.35548853523007745,1.2531402956674853,1.2515807191480068
0.976,-0.35773108892339267,1.2515807191480068,1.2502328799452584
0.978,-0.3599214664063025,1.2502328799452584,1.2490148053991357
0.98,-0.3620591301064275,1.2490148053991357,1.2469712985024168
0.982,-0.3641435482884884,1.2469712985024168,1.2457082847464043
0.984,-0.3661741952016711,1.2457082847464043,1.2435719038662978
0.986,-0.3681505512271428,1.2435719038662978,1.242238255254286
0.988,-0.3700721030256835,1.242238255254286,1.2405893838644086
0.99,-0.3719383436854052,1.2405893838644086,1.2388625508859514
0.992,-0.3737487728695204,1.2388625508859514,1.2368845386937772
0.994,-0.37550289696413003,1.2368845386937772,1.234775257631307
0.996,-0.37720022922599417,1.234775257631307,1.2329477704055158
0.998,-0.37884028993025265,1.2329477704055158,1.2307346054832264
1.0,-0.3804226065180614,1.2307346054832264,1.2289127744885235
1.002,-0.38194671374410505,1.2289127744885235,1.2266920316204206
1.004,-0.38341215382395594,1.2266920316204206,1.2244788309037202
1.006,-0.3848184765812392,1.2244788309037202,1.222599514862741
1.008,-0.386165239594569,1.222599514862741,1.220407878436194
1.01,-0.38745200834421895,1.220407878436194,1.2178788985593152
1.012,-0.38867835635848924,1.2178788985593152,1.2155112771543826
1.014,-0.389843865359733,1.2155112771543826,1.2129561495174945
1.016,-0.39094812541000395,1.2129561495174945,1.210508719082072
1.018,-0.39199073505628695,1.210508719082072,1.208023429815818
1.02,-0.392971301475272,1.208023429815818,1.2057861107878134
1.022,-0.39388944061763426,1.2057861107878134,1.203140666048282
1.024,-0.39474477735177904,1.203140666048282,1.2002104649598404
1.026,-0.3955369456070126,1.2002104649598404,1.1979428771830976
1.028,-0.39626558851609905,1.1979428771830976,1.195257225980321
1.03,-0.39693035855716197,1.195257225980321,1.1919772558765118
1.032,-0.3975309176948909,1.1919772558765118,1.1896140612781325
1.034,-0.3980669375210113,1.1896140612781325,1.186733898388872
1.036,-0.39853809939397666,1.186733898388872,1.183351664568922
1.038,-0.39894409457784014,1.183351664568922,1.1806922667037179
1.04,-0.3992846243802658,1.1806922667037179,1.177985036189726
1.042,-0.39955940028963544,1.177985036189726,1.1747469765362322
1.044,-0.3997681441112084,1.1747469765362322,1.1719367750265428
1.046,-0.3999105881022936,1.1719367750265428,1.168561869165987
1.048,-0.3999864751063875,1.168561869165987,1.1659445355926865
1.05,-0.39999555868623843,1.1659445355926865,1.1627148246775312
1.052,-0.3999376032557896,1.1627148246775312,1.159001221271127
1.054,-0.3998123842109612,1.159001221271127,1.155887754617881
1.056,-0.399619688059224,1.155887754617881,1.1528694768850214
1.058,-0.39935931254792273,1.1528694768850214,1.14910362717717
1.06,-0.39903106679130285,1.14910362717717,1.1460816316714986
1.062,-0.39863477139619796,1.1460816316714986,1.1423706547435668
1.064,-0.3981702585863316,1.1423706547435668,1.1388689703580959
1.066,-0.3976373723251887,1.1388689703580959,1.1357883424907167
1.068,-0.3970359684374122,1.1357883424907167,1.1320327385686955
1.07,-0.39636591472867877,1.1320327385686955,1.1286684057245921
1.072,-0.3956270911040085,1.1286684057245921,1.1248129028941685
1.074,-0.39481938968446295,1.1248129028941685,1.1214497946597903
1.076,-0.3939427149221855,1.1214497946597903,1.1180059045001705
1.078,-0.3929969837137394,1.1180059045001705,1.114596658662451
1.08,-0.39198212551169487,1.114596658662451,1.1102044835913185
1.082,-0.3908980824344231,1.1102044835913185,1.106429187631508
1.084,-0.3897448093740473,1.106429187631508,1.1025740413626648
1.086,-0.3885222741025073,1.1025740413626648,1.099427461566725
1.088,-0.3872304573756902,1.099427461566725,1.0952426274487461
1.09,-0.3858693530355807,1.0952426274487461,1.09139446013987
1.092,-0.38443896811038614,1.09139446013987,1.087343087443067
1.094,-0.3829393229125891,1.087343087443067,1.0837624333004812
1.096,-0.38137045113487916,1.0837624333004812,1.0794974295700144
1.098,-0.3797323999439234,1.0794974295700144,1.075555854883182
1.1,-0.3780252300719219,1.075555854883182,1.0711758911827227
1.102,-0.37624901590590887,1.0711758911827227,1.0674058229275114
1.104,-0.3744038455747483,1.0674058229275114,1.0628848913038242
1.106,-0.3724898210337802,1.0628848913038242,1.0592316191462372
1.108,-0.37050705814707247,1.0592316191462372,1.0554811720477502
1.11,-0.36845568676722973,1.0554811720477502,1.051377777744329
1.112,-0.36633585081271525,1.051377777744329,1.046609696029888
1.114,-0.36414770834264165,1.046609696029888,1.042466370496989
1.116,-0.36189143162897913,1.042466370496989,1.0380299985655774
1.118,-0.3595672072261455,1.0380299985655774,1.0342603063146856
1.12,-0.35717523603792073,1.0342603063146856,1.029867319317489
1.122,-0.3547157333816545,1.029867319317489,1.0256416210089796
1.124,-0.35218892904970844,1.0256416210089796,1.021144838584033
1.1260000000000001,-0.3495950673680994,1.021144838584033,1.0168614145756556
1.1280000000000001,-0.34693440725229385,1.0168614145756556,1.012843455208009
1.1300000000000001,-0.3442072222601093,1.012843455208009,1.008227512964966
1.1320000000000001,-0.34141380064168175,1.008227512964966,1.0041084175596036
1.1340000000000001,-0.3385544453864537,1.0041084175596036,0.9996952477451077
1.1360000000000001,-0.33562947426713835,0.9996952477451077,0.9951544243811411
1.1380000000000001,-0.3326392198806215,0.9951544243811411,0.9909014133306744
1.1400000000000001,-0.32958402968575146,0.9909014133306744,0.9863661838121238
1.1420000000000001,-0.32646426603798373,0.9863661838121238,0.9821471584245551
1.1440000000000001,-0.32328030622082937,0.9821471584245551,0.9775435098539117
1.1460000000000001,-0.3200325424740724,0.9775435098539117,0.9737381257556337
1.1480000000000001,-0.31672138201871264,0.9737381257556337,0.9685596514109974
1.1500000000000001,-0.31334724707859113,0.9685596514109974,0.9637898352403296
1.1520000000000001,-0.3099105748986638,0.9637898352403296,0.9598168641877179
1.154,-0.3064118177598777,0.9598168641877179,0.9551362008513702
1.156,-0.30285144299061045,0.9551362008513702,0.9510290819551626
1.158,-0.2992299329746424,0.9510290819551626,0.9462118764920656
1.16,-0.29554778515561275,0.9462118764920656,0.9415112269232786
1.162,-0.2918055120379266,0.9415112269232786,0.9373320557872536
1.164,-0.2880036411840758,0.9373320557872536,0.9328993541366278
1.166,-0.2841427152083397,0.9328993541366278,0.9282972046387241
1.168,-0.28022329176681926,0.9282972046387241,0.9237184667209487
1.17,-0.2762459435437856,0.9237184667209487,0.9191132099639185
1.172,-0.2722112582342896,0.9191132099639185,0.9148710394221017
1.174,-0.2681198385230155,0.9148710394221017,0.9102911220176254
1.176,-0.26397230205933137,0.9102911220176254,0.9058748555488864
1.178,-0.2597692814285103,0.9058748555488864,0.9015311458101333
1.18,-0.25551142411909267,0.9015311458101333,0.896776994190182
1.182,-0.25119939248634715,0.896776994190182,0.8921138581828892
1.184,-0.24683386371181415,0.8921138581828892,0.8878112910265469
1.186,-0.24241552975888792,0.8878112910265469,0.8831915966083098
1.188,-0.23794509732441815,0.8831915966083098,0.8789161974100985
1.19,-0.23342328778629834,0.8789161974100985,0.8743891867930204
1.192,-0.22885083714701115,0.8743891867930204,0.8700200990321443
1.194,-0.22422849597310815,0.8700200990321443,0.8652224135450914
1.196,-0.21955702933059698,0.8652224135450914,0.8608866865589027
1.198,-0.21483721671620815,0.8608866865589027,0.856430010586537
1.2,-0.21006985198451847,0.856430010586537,0.8519162346985435
1.202,-0.20525574327091017,0.8519162346985435,0.847641467236596
1.204,-0.20039571291033953,0.847641467236596,0.8432130222188368
1.206,-0.1954905973518956,0.8432130222188368,0.8389229407005703
1.208,-0.19054124706912767,0.8389229407005703,0.834382777297899
1.21,-0.18554852646612224,0.834382777297899,0.8302326527723338
1.212,-0.1805133137793105,0.8302326527723338,0.825808483405382
1.214,-0.1754365009749896,0.825808483405382,0.8212836718372466
1.216,-0.1703189936425371,0.8212836718372466,0.8170845199927517
1.218,-0.16516171088331139,0.8170845199927517,0.8130410381245353
1.22,-0.1599655851952152,0.8130410381245353,0.8086765041159991
1.222,-0.15473156235291133,0.8086765041159991,0.8041919841233316
1.224,-0.1494606012836796,0.8041919841233316,0.8000626104441204
1.226,-0.14415367393890527,0.8000626104441204,0.7962832891655891
1.228,-0.1388117651611833,0.7962832891655891,0.7920892856743731
1.23,-0.13343587254703526,0.7920892856743731,0.7872168523027475
1.232,-0.128027006305225,0.7872168523027475,0.7833414875145377
1.234,-0.12258618911067719,0.7833414875145377,0.7799593004383241
1.236,-0.11711445595397832,0.7799593004383241,0.774987947442896
1.238,-0.11161285398646781,0.774987947442896,0.7713429924333877
1.24,-0.10608244236091507,0.7713429924333877,0.7677955969336988
1.242,-0.10052429206777214,0.7677955969336988,0.7631158221198432
1.244,-0.0949394857670114,0.7631158221198432,0.7591312667591297
1.246,-0.08932911761554524,0.7591312667591297,0.7554005178838633
1.248,-0.08369429309022858,0.7554005178838633,0.7513811529040797
1.25,-0.0780361288064515,0.7513811529040797,0.7483454851342145
1.252,-0.07235575233231917,0.7483454851342145,0.7440683335706869
1.254,-0.06665430199843746,0.7440683335706869,0.7401099568580249
1.256,-0.06093292670329939,0.7401099568580249,0.7363267403949985
1.258,-0.05519278571428913,0.7363267403949985,0.7327394710581061
1.26,-0.049435048464309655,0.7327394710581061,0.7291297825255227
1.262,-0.043660894344049156,0.7291297825255227,0.7251493654434875
1.264,-0.03787151248989799,0.7251493654434875,0.7217720064925737
1.266,-0.032068101567527145,0.7217720064925737,0.718103348969297
1.268,-0.026251869551150938,0.718103348969297,0.7147083661515342
1.27,-0.020424033498486524,0.7147083661515342,0.7113528723674535
1.272,-0.014585819321428967,0.7113528723674535,0.707858099991675
1.274,-0.008738461552467455,0.707858099991675,0.7045488686307115
1.276,-0.0028832031068576707,0.7045488686307115,0.7010727884073708
1.278,0.0029787049594226043,0.7010727884073708,0.6977843871778407
1.28,0.008846003695907989,0.6977843871778407,0.694749333683487
1.282,0.014717426508048588,0.694749333683487,0.6910096370300669
1.284,0.020591699411749355,0.6910096370300669,0.6877298961583819
1.286,0.02646754129201336,0.6877298961583819,0.6851319726915044
1.288,0.03234366416567445,0.6851319726915044,0.6819893119798185
1.29,0.038218773448158626,0.6819893119798185,0.6790939125830846
1.292,0.044091568224265985,0.6790939125830846,0.6757718699775948
1.294,0.049960741522924006,0.6757718699775948,0.6727712384888151
1.296,0.055824980595875574,0.6727712384888151,0.6702447567760268
1.298,0.06168296720026776,0.6702447567760268,0.667520551146914
1.3,0.06753337788509384,0.667520551146914,0.6644912896861376
1.302,0.07337488428145116,0.6644912896861376,0.6620066992469885
1.304,0.079206153396573,0.6620066992469885,0.6587684365382196
1.306,0.08502584791157862,0.6587684365382196,0.6562794823090844
1.308,0.09083262648290515,0.6562794823090844,0.6541032250623854
1.31,0.09662514404737103,0.6541032250623854,0.6514403751323345
1.312,0.10240205213080877,0.6514403751323345,0.6490630910849103
1.314,0.10816199916023256,0.6490630910849103,0.6467079530388264
1.316,0.11390363077947221,0.6467079530388264,0.6440286549949593
1.318,0.11962559016822778,0.6440286549949593,0.6421301338623956
1.32,0.12532651836448105,0.6421301338623956,0.639972564578987
1.322,0.13100505459020761,0.639972564578987,0.6375434155866566
1.324,0.13665983658033007,0.6375434155866566,0.6352226402466173
1.326,0.1422895009148468,0.6352226402466173,0.6335808736029501
1.328,0.14789268335407788,0.6335808736029501,0.6312550261514348
1.33,0.15346801917695918,0.6312550261514348,0.6291978222733847
1.332,0.15901414352230972,0.6291978222733847,0.6277211862171832
1.334,0.16452969173302495,0.6277211862171832,0.6258163899685332
1.336,0.1700132997031,0.6258163899685332,0.6240427651968141
1.338,0.17546360422742804,0.6240427651968141,0.6224958875274856
1.34,0.18087924335429179,0.6224958875274856,0.6208173038314114
1.342,0.18625885674047596,0.6208173038314114,0.6190419765777359
1.344,0.1916010860089263,0.6190419765777359,0.617579448154181
1.346,0.1969045751088626,0.617579448154181,0.6163476356149818
1.348,0.20216797067828574,0.6163476356149818,0.6149344590616276
1.35,0.20738992240878226,0.6149344590616276,0.6134025965167555
1.352,0.212569083412542,0.6134025965167555,0.6128022362682812
1.354,0.21770411059151717,0.6128022362682812,0.6112418593905545
1.356,0.2227936650086152,0.6112418593905545,0.6101288843792899
1.358,0.2278364122608607,0.6101288843792899,0.6091446778757291
1.36,0.23283102285441315,0.6091446778757291,0.6081714990238487
1.362,0.23777617258136396,0.6081714990238487,0.6078625174160106
1.364,0.2426705428982155,0.6078625174160106,0.6065057385154629
1.366,0.24751282130594454,0.6065057385154629,0.6057563354728653
1.368,0.2523017017315557,0.6057563354728653,0.6051585738002437
1.37,0.257035884911027,0.6051585738002437,0.6045328287037742
1.372,0.2617140787735479,0.6045328287037742,0.604279146157868
1.374,0.26633499882694794,0.604279146157868,0.6032623320304654
1.3760000000000001,0.2708973685442144,0.6032623320304654,0.6027312996253992
1.3780000000000001,0.2753999197509945,0.6027312996253992,0.6030400636616541
1.3800000000000001,0.27984139301397665,0.6030400636616541,0.60243364634784
1.3820000000000001,0.28422053803004405,0.60243364634784,0.6026378537641666
1.3840000000000001,0.288536114016091,0.6026378537641666,0.6020927150157643
1.3860000000000001,0.29278689009939446,0.6020927150157643,0.6026613265020717
1.3880000000000001,0.29697164570842954,0.6026613265020717,0.6026563722386744
1.3900000000000001,0.30108917096401155,0.6026563722386744,0.602756087967935
1.3920000000000001,0.30513826707065894,0.602756087967935,0.6031227828589163
1.3940000000000001,0.3091177467080542,0.6031227828589163,0.6029820830154379
1.3960000000000001,0.31302643442249023,0.6029820830154379,0.6033969762207425
1.3980000000000001,0.316863167018187,0.6033969762207425,0.6034243466487351
1.4000000000000001,0.32062679394835075,0.6034243466487351,0.604310800216562
1.4020000000000001,0.3243161777058649,0.604310800216562,0.6043098802350488
1.4040000000000001,0.327930194213485,0.6043098802350488,0.6043780209012662
1.4060000000000001,0.3314677332134197,0.6043780209012662,0.6049036416539791
1.408,0.33492769865616856,0.6049036416539791,0.6054717274837088
1.41,0.33830900908849865,0.6054717274837088,0.606102690285995
1.412,0.34161059804042526,0.606102690285995,0.6063734200783711
1.414,0.34483141441107845,0.6063734200783711,0.6070344325244138
1.416,0.34797042285332214,0.6070344325244138,0.6082581099651508
1.418,0.35102660415699716,0.6082581099651508,0.6086829650924767
1.42,0.35399895563066053,0.6086829650924767,0.6097638612819264
1.422,0.35688649148168694,0.6097638612819264,0.6102145661380706
1.424,0.3596882431946039,0.6102145661380706,0.6111019572358991
1.426,0.3624032599075224,0.6111019572358991,0.6120899659572628
1.428,0.36503060878653815,0.6120899659572628,0.6132695385504977
1.43,0.3675693753979595,0.6132695385504977,0.6139231123752779
1.432,0.37001866407823314,0.6139231123752779,0.6153485359398347
1.434,0.37237759830143063,0.6153485359398347,0.6164571562557314
1.436,0.3746453210441573,0.6164571562557314,0.6175097514690271
1.438,0.37682099514774753,0.6175097514690271,0.6188723673596468
1.44,0.3789038036776095,0.6188723673596468,0.6202565758925709
1.442,0.38089295027957965,0.6202565758925709,0.6216190391678499
1.444,0.3827876595331483,0.6216190391678499,0.6227755700115758
1.446,0.3845871773014191,0.6227755700115758,0.6249097592582435
1.448,0.38629077107765675,0.6249097592582435,0.6262881355164708
1.45,0.38789773032829195,0.6262881355164708,0.6280452281866308
1.452,0.38940736683223376,0.6280452281866308,0.629449813745829
1.454,0.39081901501635463,0.629449813745829,0.6310859765790369
1.456,0.3921320322870053,0.6310859765790369,0.6328752596200118
1.458,0.3933457993574162,0.6328752596200118,0.6347118925096273
1.46,0.39445972057084794,0.6347118925096273,0.6366173665302495
1.462,0.3954732242193459,0.6366173665302495,0.6388466192289112
1.464,0.39638576285795835,0.6388466192289112,0.6409245890136706
1.466,0.3971968136142767,0.6409245890136706,0.6423738103066445
1.468,0.3979058784931567,0.6423738103066445,0.6448628472319936
1.47,0.39851248467647715,0.6448628472319936,0.6467272991013214
1.472,0.3990161848177972,0.6467272991013214,0.6490264657540978
1.474,0.39941655733176834,0.6490264657540978,0.6513168703222777
1.476,0.39971320667816285,0.6513168703222777,0.6537218494793771
1.478,0.39990576364037533,0.6537218494793771,0.6558914804060209
1.48,0.399993885598259,0.6558914804060209,0.6580340038324282
1.482,0.39997725679515517,0.6580340038324282,0.6601146723703716
1.484,0.39985558859897785,0.6601146723703716,0.6628238400694862
1.486,0.3996286197572128,0.6628238400694862,0.6655359862210749
1.488,0.39929611664569437,0.6655359862210749,0.6683267013885955
1.49,0.39885787351102053,0.6683267013885955,0.6708840715891713
1.492,0.3983137127064697,0.6708840715891713,0.673518373006872
1.494,0.3976634849212835,0.673518373006872,0.6762174524866575
1.496,0.39690706940317855,0.6762174524866575,0.6790021279661994
1.498,0.3960443741739532,0.6790021279661994,0.6817466697291116
1.5,0.3950753362380552,0.6817466697291116,0.6844875363201651
1.502,0.39399992178397664,0.6844875363201651,0.6874925241348561
1.504,0.3928181263783459,0.6874925241348561,0.6904135852431053
1.506,0.391529975152584,0.6904135852431053,0.6937348614337798
1.508,0.3901355229819956,0.6937348614337798,0.6961451644570116
1.51,0.38863485465716907,0.6961451644570116,0.699410347240168
1.512,0.38702808504755226,0.699410347240168,0.7025496799710085
1.514,0.38531535925708577,0.7025496799710085,0.7056316767312919
1.516,0.38349685277176326,0.7056316767312919,0.7089001733144636
1.518,0.38157277159899716,0.7089001733144636,0.712243622245427
1.52,0.3795433523986713,0.712243622245427,0.7152314290128293
1.522,0.3774088626057533,0.7152314290128293,0.7184172543956111
1.524,0.3751696005443574,0.7184172543956111,0.7216511069332746
1.526,0.3728258955331347,0.7216511069332746,0.7252446653592571
1.528,0.3703781079818759,0.7252446653592571,0.7285931575513725
1.53,0.3678266294792178,0.7285931575513725,0.7321668894869321
1.532,0.36517188287133756,0.7321668894869321,0.7353220934816429
1.534,0.3624143223315292,0.7353220934816429,0.7389688054000619
1.536,0.35955443342055116,0.7389688054000619,0.7426122590905923
1.538,0.35659273313764456,0.7426122590905923,0.7459022270919499
1.54,0.35352976996211205,0.7459022270919499,0.7492239090229607
1.542,0.3503661238853666,0.7492239090229607,0.7530392189660579
1.544,0.3471024064333402,0.7530392189660579,0.7568955186706892
1.546,0.3437392606791636,0.7568955186706892,0.7600624471717438
1.548,0.34027736124602204,0.7600624471717438,0.7638355358320359
1.55,0.3367174143000936,0.7638355358320359,0.7675942964935881
1.552,0.3330601575334821,0.7675942964935881,0.7716430882565031
1.554,0.3293063601370564,0.7716430882565031,0.7755504989081135
1.556,0.32545682276312027,0.7755504989081135,0.778461025304666
1.558,0.3215123774778164,0.778461025304666,0.7824881890991192
1.56,0.3174738877032052,0.7824881890991192,0.7863319918145372
1.562,0.3133422481489259,0.7863319918145372,0.7903064803724581
1.564,0.30911838473337583,0.7903064803724581,0.7940537586206212
1.566,0.3048032544943422,0.7940537586206212,0.7979138370582916
1.568,0.3003978454890069,0.7979138370582916,0.8016635452531984
1.57,0.29590317668327715,0.8016635452531984,0.8060265005678918
1.572,0.2913202978303591,0.8060265005678918,0.8093130837465661
1.574,0.2866502893385489,0.8093130837465661,0.8133028611402917
1.576,0.2818942621281531,0.8133028611402917,0.8169249169856043
1.578,0.2770533574775133,0.8169249169856043,0.8207549781451486
1.58,0.27212874685807076,0.8207549781451486,0.825222742000976
1.582,0.2671216317584408,0.825222742000976,0.8286576439873169
1.584,0.26203324349744606,0.8286576439873169,0.8329579867687207
1.586,0.25686484302607504,0.8329579867687207,0.8363875527760821
1.588,0.2516177207183328,0.8363875527760821,0.8407245072652246
1.59,0.24629319615095904,0.8407245072652246,0.844671824542112
1.592,0.24089261787197294,0.844671824542112,0.8484272321510796
1.594,0.23541736315803968,0.8484272321510796,0.8523496081211682
1.596,0.22986883776063044,0.8523496081211682,0.8560866151927145
1.598,0.22424847564096184,0.8560866151927145,0.8599469358665627
1.6,0.21855773869370704,0.8599469358665627,0.8643295996766993
1.602,0.21279811645946559,0.8643295996766993,0.8677987022547103
1.604,0.20697112582599742,0.8677987022547103,0.8719434246510053
1.606,0.20107831071822058,0.8719434246510053,0.875586706503942
1.608,0.19512124177696483,0.875586706503942,0.8795189796032805
1.61,0.1891015160265146,0.8795189796032805,0.8833091223576275
1.612,0.18302075653093094,0.8833091223576275,0.8875078633218603
1.614,0.17688061203918273,0.8875078633218603,0.8911792189789064
1.616,0.17068275661911084,0.8911792189789064,0.8952292912231722
1.618,0.16442888928024635,0.8952292912231722,0.8990267098681903
1.62,0.1581207335855106,0.8990267098681903,0.9026542537664327
1.622,0.15176003725184098,0.9026542537664327,0.9067411550542277
1.624,0.14534857173977264,0.9067411550542277,0.9103018035019371
1.6260000000000001,0.13888813183203305,0.9103018035019371,0.9136478437715642
1.6280000000000001,0.1323805352011788,0.9136478437715642,0.9174773007120213
1.6300000000000001,0.1258276219663463,0.9174773007120213,0.9214992347085261
1.6320000000000001,0.11923125423916048,0.9214992347085261,0.9251896928331602
1.6340000000000001,0.11259331565887057,0.9251896928331602,0.9290109585715363
1.6360000000000001,0.10591571091677959,0.9290109585715363,0.9322058502669054
1.6380000000000001,0.09920036527003247,0.9322058502669054,0.9362465413104956
1.6400000000000001,0.09244922404484836,0.9362465413104956,0.9394601790569416
1.6420000000000001,0.08566425212926784,0.9394601790569416,0.9430689914524518
1.6440000000000001,0.07884743345550721,0.9430689914524518,0.9467214715588874
1.6460000000000001,0.07200077047200902,0.9467214715588874,0.9500214693909451
1.6480000000000001,0.06512628360528126,0.9500214693909451,0.9540039843436832
1.6500000000000001,0.05822601071162359,0.9540039843436832,0.957193514594121
1.6520000000000001,0.051302006518853055,0.957193514594121,0.9605820263825325
1.6540000000000001,0.04435634205812416,0.9605820263825325,0.9638641243653713
1.6560000000000001,0.037391104085975686,0.9638641243653713,0.9673371315993924
1.6580000000000001,0.030408394496703923,0.9673371315993924,0.9701496040610051
1.6600000000000001,0.023410329725204928,0.9701496040610051,0.9741873766201788
1.6620000000000001,0.016399040140391008,0.9741873766201788,0.9770872086548594
1.6640000000000001,0.009376669429345086,0.9770872086548594,0.9800760740940171
1.666,0.0023453739723141645,0.9800760740940171,0.9832860835520775
1.668,-0.004692677791274687,0.9832860835520775,0.986466761476526
1.67,-0.01173530600566425,0.986466761476526,0.9891952949109902
1.672,-0.018780320050309066,0.9891952949109902,0.9927969008394881
1.674,-0.02582551919995329,0.9927969008394881,0.9955441473152825
1.676,-0.03286869329309434,0.9955441473152825,0.9986213309553273
1.678,-0.03990762340865519,0.9986213309553273,1.0009770319953182
1.68,-0.04694008255069074,1.0009770319953182,1.0043890495662144
1.682,-0.05396383634096137,1.0043890495662144,1.0066830949497279
1.684,-0.06097664371918458,1.0066830949497279,1.0098860539141519
1.686,-0.06797625765078677,1.0098860539141519,1.0122549388723223
1.688,-0.07496042584194962,1.0122549388723223,1.0152457209997545
1.69,-0.08192689146177365,1.0152457209997545,1.0174836077203642
1.692,-0.08887339387133959,1.0174836077203642,1.0199869185440245
1.694,-0.09579766935948504,1.0199869185440245,1.0226933147454982
1.696,-0.10269745188506163,1.0226933147454982,1.0247252140798986
1.698,-0.10957047382547994,1.0247252140798986,1.0275137532594112
1.7,-0.11641446673130905,1.0275137532594112,1.0294816462970495
1.702,-0.12322716208671401,1.0294816462970495,1.0318976439665306
1.704,-0.1300062920755077,1.0318976439665306,1.0343208045258752
1.706,-0.13674959035256637,1.0343208045258752,1.0361739943109716
1.708,-0.1434547928204039,1.0361739943109716,1.0381095088691619
1.71,-0.1501196384106222,1.0381095088691619,1.0401561332941591
1.712,-0.15674186987003724,1.0401561332941591,1.0424268521848792
1.714,-0.1633192345511929,1.0424268521848792,1.0442215321109614
1.716,-0.1698494852070329,1.0442215321109614,1.0463094424098014
1.718,-0.1763303807894668,1.0463094424098014,1.0480948233789193
1.72,-0.18275968725155112,1.0480948233789193,1.049759484463102
1.722,-0.18913517835305818,1.049759484463102,1.0512016561810813
1.724,-0.1954546364691186,1.0512016561810813,1.0528487115688043
1.726,-0.2017158534016914,1.0528487115688043,1.0540388678122528
1.728,-0.20791663119358003,1.0540388678122528,1.0559209041611537
1.73,-0.21405478294470057,1.0559209041611537,1.056890435596379
1.732,-0.2201281336303306,1.056890435596379,1.0586001752310084
1.734,-0.22613452092104153,1.0586001752310084,1.059271759435495
1.736,-0.2320717960040315,1.059271759435495,1.0605699699585605
1.738,-0.2379378244055444,1.0605699699585605,1.0619006432142089
1.74,-0.24373048681409643,1.0619006432142089,1.0628047671924479
1.742,-0.24944767990419706,1.0628047671924479,1.0638030951509325
1.744,-0.25508731716025873,1.0638030951509325,1.0645478078525932
1.746,-0.2606473297003891,1.0645478078525932,1.065636105290966
1.748,-0.2661256670997511,1.065636105290966,1.0664606062588056
1.75,-0.27152029821317675,1.0664606062588056,1.0668614688402571
1.752,-0.2768292119967235,1.0668614688402571,1.0677911375076468
1.754,-0.28205041832784006,1.0677911375076468,1.0681854950079674
1.756,-0.2871819488238304,1.0681854950079674,1.068499618708905
1.758,-0.29222185765827785,1.068499618708905,1.0688300374760717
1.76,-0.2971682223751222,1.0688300374760717,1.0688046397406996
1.762,-0.30201914470003294,1.0688046397406996,1.06936812669366
1.764,-0.3067727513487659,1.06936812669366,1.0689403718592085
1.766,-0.31142719483215986,1.0689403718592085,1.0690877980123548
1.768,-0.31598065425744437,1.0690877980123548,1.0692061392658359
1.77,-0.320431336125503,1.0692061392658359,1.0692136565757144
1.772,-0.3247774751237772,1.0692136565757144,1.0690400207680424
1.774,-0.32901733491444535,1.0690400207680424,1.0690087997554134
1.776,-0.33314920891754973,1.0690087997554134,1.068436255329453
1.778,-0.3371714210887175,1.068436255329453,1.068478629959095
1.78,-0.34108232669113603,1.068478629959095,1.0678417946072087
1.782,-0.34488031306143013,1.0678417946072087,1.0674981983948333
1.784,-0.34856380036909995,1.0674981983948333,1.0669752227976697
1.786,-0.35213124236916316,1.0669752227976697,1.0666118508155542
1.788,-0.3555811271476581,1.0666118508155542,1.0662565449004666
1.79,-0.35891197785965534,1.0662565449004666,1.0658477221372715
1.792,-0.36212235345942895,1.0658477221372715,1.0650417641143746
1.794,-0.36521084942243315,1.0650417641143746,1.0640564652483377
1.796,-0.36817609845874005,1.0640564652483377,1.0636131906379491
1.798,-0.3710167712175812,1.0636131906379491,1.06287600222462
1.8,-0.373731576982645,1.06287600222462,1.061953641803581
1.802,-0.3763192643577831,1.061953641803581,1.0610368614935881
1.804,-0.37877862194277034,1.0610368614935881,1.0599615166876515
1.806,-0.38110847899877554,1.0599615166876515,1.0590387716614296
1.808,-0.383307706103186,1.0590387716614296,1.0578061235801197
1.81,-0.38537521579344974,1.0578061235801197,1.0567033340934848
1.812,-0.3873099631995812,1.0567033340934848,1.055541969314262
1.814,-0.3891109466649863,1.055541969314262,1.0540185936342783
1.816,-0.39077720835526786,1.0540185936342783,1.0531766408031766
1.818,-0.3923078348546652,1.0531766408031766,1.0515234872841055
1.82,-0.39370195774978933,1.0515234872841055,1.05042307370763
1.822,-0.3949587542003158,1.05042307370763,1.0483851415350756
1.824,-0.3960774474962998,1.0483851415350756,1.04707814474526
1.826,-0.3970573076017775,1.04707814474526,1.0459907348639335
1.828,-0.39789765168432417,1.0459907348639335,1.043776674682176
1.83,-0.3985978446302406,1.043776674682176,1.0423781850389688
1.832,-0.39915729954503987,1.0423781850389688,1.0401933992822532
1.834,-0.39957547823891315,1.0401933992822532,1.0384660448024952
1.836,-0.39985189169685414,1.0384660448024952,1.036975936982884
1.838,-0.39998610053312506,1.036975936982884,1.0349614833967233
1.84,-0.3999777154297513,1.0349614833967233,1.03316905610977
1.842,-0.39982639755873584,1.03316905610977,1.0306144733657507
1.844,-0.399531858987686,1.0306144733657507,1.028685511859599
1.846,-0.39909386306855255,1.028685511859599,1.0266773196861068
1.848,-0.3985122248091827,1.0266773196861068,1.0243407112823537
1.85,-0.39778681122739323,1.0243407112823537,1.0222258260204935
1.852,-0.3969175416872763,1.0222258260204935,1.0195663380181175
1.854,-0.3959043882174525,1.0195663380181175,1.0175866877854458
1.856,-0.3947473758109931,1.0175866877854458,1.0150423897587009
1.858,-0.39344658270673516,1.0150423897587009,1.0127142866996215
1.86,-0.3920021406517243,1.0127142866996215,1.0102203015145237
1.862,-0.3904142351445171,1.0102203015145237,1.0075498471421012
1.864,-0.3886831056590887,1.0075498471421012,1.005019110217658
1.866,-0.38680904584909,1.005019110217658,1.0020060940721165
1.868,-0.3847924037322114,1.0020060940721165,0.9994544893547647
1.87,-0.38263358185441154,0.9994544893547647,0.9972542234980919
1.872,-0.3803330374337724,0.9972542234980919,0.9945393393273426
1.874,-0.3778912824837635,0.9945393393273426,0.9916204735811952
1.8760000000000001,-0.37530888391568085,0.9916204735811952,0.9890140261871614
1.8780000000000001,-0.37258646362006026,0.9890140261871614,0.9861485947403206
1.8800000000000001,-0.36972469852684275,0.9861485947403206,0.9830347329184123
1.8820000000000001,-0.3667243206441062,0.9830347329184123,0.9802416143313856
1.8840000000000001,-0.3635861170751588,0.9802416143313856,0.9771962742433659
1.8860000000000001,-0.360310930013817,0.9771962742433659,0.9742510906965796
1.8880000000000001,-0.3568996567176812,0.9742510906965796,0.9712438056697668
1.8900000000000001,-0.3533532494592493,0.9712438056697668,0.9681555172414261
1.8920000000000001,-0.3496727154546949,0.9681555172414261,0.9649726460936721
1.8940000000000001,-0.34585911677016634,0.9649726460936721,0.9617226726678432
1.8960000000000001,-0.3419135702054492,0.9617226726678432,0.9587383708427494
1.8980000000000001,-0.3378372471548642,0.9587383708427494,0.9551976490114441
1.9000000000000001,-0.333631373445268,0.9551976490114441,0.9522889110280272
1.9020000000000001,-0.32929722915103277,0.9522889110280272,0.9491285930065437
1.9040000000000001,-0.3248361483858955,0.9491285930065437,0.9454864064966957
1.9060000000000001,-0.3202495190715791,0.9454864064966957,0.9420198343265047
1.9080000000000001,-0.3155387826830811,0.9420198343265047,0.9392337381102364
1.9100000000000001,-0.31070543397055544,0.9392337381102364,0.9357646057984234
1.9120000000000001,-0.3057510206577039,0.9357646057984234,0.932112444121083
1.9140000000000001,-0.3006771431166204,0.932112444121083,0.9287122560261221
1.9160000000000001,-0.2954854540190257,0.9287122560261221,0.9254311236823909
1.9180000000000001,-0.2901776579638446,0.9254311236823909,0.921902821648414
1.92,-0.28475551108110114,0.921902821648414,0.9183490037282452
1.922,-0.279220820612088,0.9183490037282452,0.915075420954466
1.924,-0.27357544446581095,0.915075420954466,0.9117689812415802
1.926,-0.26782129075169203,0.9117689812415802,0.9082736234184531
1.928,-0.2619603172885368,0.9082736234184531,0.9048934472462067
1.93,-0.25599453108979014,0.9048934472462067,0.9011219676989792
1.932,-0.24992598782508693,0.9011219676989792,0.8976236245438813
1.934,-0.24375679125815808,0.8976236245438813,0.8945799742707763
1.936,-0.23748909266111978,0.8945799742707763,0.8907426233985254
1.938,-0.23112509020521332,0.8907426233985254,0.8869154677431508
1.94,-0.22466702832805974,0.8869154677431508,0.8839989303776922
1.942,-0.2181171970775124,0.8839989303776922,0.8801398198429281
1.944,-0.21147793143219956,0.8801398198429281,0.8769369092121193
1.946,-0.20475161059885263,0.8769369092121193,0.8730048187649161
1.948,-0.1979406572865431,0.8730048187649161,0.8696419941861749
1.95,-0.19104753695794321,0.8696419941861749,0.8662109159843246
1.952,-0.1840747570577538,0.8662109159843246,0.8631480676141123
1.954,-0.17702486621844513,0.8631480676141123,0.8591488695818207
1.956,-0.1699004534434691,0.8591488695818207,0.8558616089440625
1.958,-0.16270414726810878,0.8558616089440625,0.8523565685209046
1.96,-0.15543861489816374,0.8523565685209046,0.8489149324481616
1.962,-0.14810656132663974,0.8489149324481616,0.8456481777263183
1.964,-0.1407107284286787,0.8456481777263183,0.8416129748843766
1.966,-0.13325389403491236,0.8416129748843766,0.8380358158963085
1.968,-0.12573887098350478,0.8380358158963085,0.835017396683861
1.97,-0.11816850615109574,0.835017396683861,0.8318485067273531
1.972,-0.11054567946290646,0.8318485067273531,0.8281884240856984
1.974,-0.10287330288228563,0.8281884240856984,0.8249160080483425
1.976,-0.09515431937994412,0.8249160080483425,0.8215991494152671
1.978,-0.08739170188319788,0.8215991494152671,0.8181036906298025
1.98,-0.07958845220549092,0.8181036906298025,0.8148880380325761
1.982,-0.07174759995652433,0.8148880380325761,0.8117494972845575
1.984,-0.0638722014333159,0.8117494972845575,0.8079533152663864
1.986,-0.05596533849251653,0.8079533152663864,0.8052214686298423
1.988,-0.04803011740433109,0.8052214686298423,0.8026596504794348
1.99,-0.04006966768841259,0.8026596504794348,0.7990731027534129
1.992,-0.0320871409320782,0.7990731027534129,0.7962311937988804
1.994,-0.024085709591249296,0.7962311937988804,0.7926890645125833
1.996,-0.016068565774497095,0.7926890645125833,0.7899754390675395
1.998,-0.008038920010594686,0.7899754390675395,0.7866501828855207
2.0,-1.9594348786357652e-16,0.7866501828855207,0.7842853065188176
2.0020000000000002,0.008044950649314906,0.7842853065188176,0.7810751199444346
2.004,0.016092673701239513,0.7810751199444346,0.7777212943959277
2.0060000000000002,0.024139897585672476,0.7777212943959277,0.7754347988029952
2.008,0.0321833387069626,0.7754347988029952,0.7725220043450242
2.0100000000000002,0.04021970276619549,0.7725220043450242,0.7699013373348991
2.012,0.048245686096819486,0.7699013373348991,0.7671531169834876
2.0140000000000002,0.05625797701315008,0.7671531169834876,0.7648511833242124
2.016,0.0642532571712184,0.7648511833242124,0.7618908873843779
2.0180000000000002,0.07222820294148093,0.7618908873843779,0.7592496852410783
2.02,0.0801794867928482,0.7592496852410783,0.756867226567505
2.0220000000000002,0.08810377868751518,0.756867226567505,0.7543422518343457
2.024,0.09599774748602183,0.7543422518343457,0.7523128603673078
2.0260000000000002,0.10385806236205448,0.7523128603673078,0.749922463714617
2.028,0.11168139422633434,0.749922463714617,0.7474107404982059
2.0300000000000002,0.11946441715912193,0.7474107404982059,0.7451472159704383
2.032,0.12720380985066967,0.7451472159704383,0.7430553205159021
2.0340000000000003,0.13489625704910368,0.7430553205159021,0.7411192004930193
2.036,0.14253845101508297,0.7411192004930193,0.7388961108957132
2.0380000000000003,0.15012709298266494,0.7388961108957132,0.7365996696086219
2.04,0.15765889462574592,0.7365996696086219,0.7351810090546311
2.0420000000000003,0.16513057952946372,0.7351810090546311,0.7333107022846485
2.044,0.17253888466590447,0.7333107022846485,0.731318528085357
2.0460000000000003,0.179880561873527,0.731318528085357,0.7295158981782095
2.048,0.18715237933958595,0.7295158981782095,0.7280151654405592
2.05,0.1943511230849845,0.7280151654405592,0.7262079750609387
2.052,0.2014735984508064,0.7262079750609387,0.7248022669603389
2.054,0.20851663158593695,0.7248022669603389,0.7233872538991755
2.056,0.21547707093505053,0.7233872538991755,0.7222059711594886
2.058,0.2223517887262955,0.7222059711594886,0.7206203802360257
2.06,0.22913768245800914,0.7206203802360257,0.7193190604483286
2.062,0.23583167638373484,0.7193190604483286,0.7178834787983155
2.064,0.24243072299487972,0.7178834787983155,0.7169700094025399
2.066,0.24893180450027863,0.7169700094025399,0.7159977903492433
2.068,0.2553319343019836,0.7159977903492433,0.7146276481401465
2.07,0.26162815846654264,0.7146276481401465,0.7139187301433997
2.072,0.26781755719106953,0.7139187301433997,0.7130905467359026
2.074,0.2738972462633674,0.7130905467359026,0.7123356930400261
2.076,0.279864378515403,0.7123356930400261,0.7116869277994408
2.078,0.28571614526937233,0.7116869277994408,0.7111094731167305
2.08,0.29144977777566833,0.7111094731167305,0.7106315214401635
2.082,0.2970625486419662,0.7106315214401635,0.7097558284226879
2.084,0.3025517732527483,0.7097558284226879,0.7095991566886871
2.086,0.30791481117847264,0.7095991566886871,0.7095679462722788
2.088,0.31314906757369854,0.7095679462722788,0.7091076596097671
2.09,0.3182519945633786,0.7091076596097671,0.7094394453164234
2.092,0.32322109261662574,0.7094394453164234,0.7087254797033862
2.094,0.3280539119071606,0.7087254797033862,0.7092185032442473
2.096,0.33274805365975113,0.7092185032442473,0.7093060579141166
2.098,0.3373011714818466,0.7093060579141166,0.7095261887106268
2.1,0.3417109726797184,0.7095261887106268,0.7097939840459411
2.102,0.34597521955831323,0.7097939840459411,0.7098422446702543
2.104,0.35009173070413085,0.7098422446702543,0.7102610654521466
2.106,0.35405838225034225,0.7102610654521466,0.7106109694265126
2.108,0.35787310912344944,0.7106109694265126,0.7110648260707608
2.11,0.36153390627072324,0.7110648260707608,0.7112716448872447
2.112,0.36503882986771513,0.7112716448872447,0.7115112403007721
2.114,0.3683859985050892,0.7115112403007721,0.7123222637057794
2.116,0.37157359435407866,0.7123222637057794,0.7132415298555587
2.118,0.37459986430982023,0.7132415298555587,0.7140510458404549
2.12,0.3774631211118688,0.7140510458404549,0.7143337966800697
2.122,0.3801617444411758,0.7143337966800697,0.7151509901723099
2.124,0.38269418199282834,0.7151509901723099,0.7157707758647129
2.126,0.38505895052384576,0.7157707758647129,0.7167526799316686
2.128,0.3872546368753445,0.7167526799316686,0.7178005060831262
2.13,0.3892798989683801,0.7178005060831262,0.7188636307729436
2.132,0.3911334667727941,0.7188636307729436,0.7197564114945114
2.134,0.392814143248381,0.7197564114945114,0.7207140136457502
2.136,0.3943208052577259,0.7207140136457502,0.7224878924206161
2.138,0.3956524044500393,0.7224878924206161,0.723358318190652
2.14,0.3968079681153583,0.723358318190652,0.7246949692680158
2.142,0.3977866000084606,0.7246949692680158,0.7263469171580181
2.144,0.3985874811418704,0.7263469171580181,0.7273200090887878
2.146,0.3992098705473337,0.7273200090887878,0.7288775727934022
2.148,0.3996531060051547,0.7288775727934022,0.7307863949129138
2.15,0.3999166047407925,0.7307863949129138,0.7317825096974148
2.152,0.3999998640881332,0.7317825096974148,0.7334203762772556
2.154,0.3999024621188598,0.7334203762772556,0.7354232179698467
2.156,0.3996240582373559,0.7354232179698467,0.7371830657600846
2.158,0.3991643937405922,0.7371830657600846,0.7385856399995447
2.16,0.39852329234245554,0.7385856399995447,0.7406736592248662
2.162,0.3977006606619966,0.7406736592248662,0.7427863820682552
2.164,0.3966964886750821,0.7427863820682552,0.7446919416944227
2.166,0.3955108501289544,0.7446919416944227,0.74695699816668
2.168,0.3941439029192141,0.74695699816668,0.748778147888517
2.17,0.3925958894287571,0.748778147888517,0.7508941593178134
2.172,0.3908671368282115,0.7508941593178134,0.7532161180953735
2.174,0.388958057337436,0.7532161180953735,0.755575860384764
2.176,0.3868691484476582,0.755575860384764,0.7575093483968293
2.178,0.3846009931038461,0.7575093483968293,0.7601140029293628
2.18,0.38215425984692325,0.7601140029293628,0.7625216566276333
2.182,0.3795297029154539,0.7625216566276333,0.7649267227060029
2.184,0.3767281623064459,0.7649267227060029,0.7674614099848946
2.186,0.3737505637949348,0.7674614099848946,0.7697618224532944
2.188,0.37059791891202076,0.7697618224532944,0.7719936151301645
2.19,0.36727132488107667,0.7719936151301645,0.7751645739364232
2.192,0.36377196451182026,0.7751645739364232,0.7774449410963961
2.194,0.3601011060520153,0.7774449410963961,0.7801490638699965
2.196,0.3562601029965322,0.7801490638699965,0.7833793928667849
2.198,0.3522503938535695,0.7833793928667849,0.7854849570163397
2.2,0.34807350186781005,0.7854849570163397,0.7885951417203355
2.202,0.3437310347003492,0.7885951417203355,0.7913334243362866
2.204,0.3392246840652159,0.7913334243362866,0.7938339742616451
2.206,0.33455622532236556,0.7938339742616451,0.7972678714034404
2.208,0.3297275170269954,0.7972678714034404,0.7996482846043498
2.21,0.32474050043512415,0.7996482846043498,0.8031491981221819
2.212,0.3195971989653152,0.8031491981221819,0.8057323018320909
2.214,0.3142997176165341,0.8057323018320909,0.8091555342151007
2.216,0.30885024234206404,0.8091555342151007,0.8117328324683141
2.218,0.30325103937951264,0.8117328324683141,0.8146292360468492
2.22,0.2975044545368867,0.8146292360468492,0.8181308465609883
2.222,0.29161291243480136,0.8181308465609883,0.821217856296393
2.224,0.28557891570485583,0.821217856296393,0.8242401841142566
2.226,0.279405044144295,0.8242401841142566,0.8274373103262617
2.228,0.2730939538270118,0.8274373103262617,0.8301927254649896
2.23,0.2666483761710818,0.8301927254649896,0.8339596463454506
2.232,0.26007111696293495,0.8339596463454506,0.8369499139803286
2.234,0.25336505533837156,0.8369499139803286,0.8402065646088823
2.236,0.24653314272060542,0.8402065646088823,0.843019781088566
2.238,0.23957840171558864,0.843019781088566,0.8465653736149222
2.24,0.2325039249648378,0.8465653736149222,0.8498197685810625
2.242,0.22531287395606864,0.8498197685810625,0.8530042888512577
2.244,0.21800847779190283,0.8530042888512577,0.8561113630732315
2.246,0.21059403191702997,0.8561113630732315,0.8594746267670489
2.248,0.2030728968040962,0.8594746267670489,0.8624001179969145
2.25,0.19544849659878197,0.8624001179969145,0.8656064548098887
2.2520000000000002,0.18772431772439213,0.8656064548098887,0.8692443999958611
2.254,0.1799039074464485,0.8692443999958611,0.8719497391379397
2.2560000000000002,0.17199087239766933,0.8719497391379397,0.8752631486896751
2.258,0.16398887706388776,0.8752631486896751,0.8784163949580417
2.2600000000000002,0.15590164223132286,0.8784163949580417,0.8813513743674175
2.262,0.1477329433958154,0.8813513743674175,0.884987317958604
2.2640000000000002,0.13948660913449934,0.884987317958604,0.8882226239472379
2.266,0.1311665194405495,0.8882226239472379,0.8911103330209538
2.2680000000000002,0.12277660402154777,0.8911103330209538,0.894328985589151
2.27,0.11432084056215036,0.894328985589151,0.8974206055013298
2.2720000000000002,0.10580325295162868,0.8974206055013298,0.900438531168664
2.274,0.09722790947705878,0.900438531168664,0.9038424382604906
2.2760000000000002,0.08859892098273803,0.9038424382604906,0.9069693424317434
2.278,0.07992043899665764,0.9069693424317434,0.9099596824115468
2.2800000000000002,0.07119665382470089,0.9099596824115468,0.91276843734965
2.282,0.06243179261337411,0.91276843734965,0.9157967950915272
2.2840000000000003,0.0536301173818488,0.9157967950915272,0.9184849443304952
2.286,0.0447959230241404,0.9184849443304952,0.9216626659160027
2.2880000000000003,0.035933535282238256,0.9216626659160027,0.9249335495959874
2.29,0.027047308691096485,0.9249335495959874,0.9276837389116062
2.2920000000000003,0.018141624496298137,0.9276837389116062,0.930399483370279
2.294,0.009220888545380303,0.930399483370279,0.9332696522124411
2.2960000000000003,0.00028952915367281396,0.9332696522124411,0.9362633227143106
2.298,-0.008648005054327541,0.9362633227143106,0.9387995252609361
2.3000000000000003,-0.017587247327147462,0.9387995252609361,0.9413730585728779
2.302,-0.026523714991035688,0.9413730585728779,0.9443974625056797
2.3040000000000003,-0.03545291167621092,0.9443974625056797,0.9466422123070328
2.306,-0.0443703295635673,0.9466422123070328,0.9494277369059125
2.308,-0.05327145165084764,0.9494277369059125,0.9517669706751245
2.31,-0.0621517540371629,0.9517669706751245,0.9544355236458519
2.312,-0.07100670822477291,0.9544355236458519,0.9566481060692801
2.314,-0.07983178343705602,0.9566481060692801,0.959391095697916
2.316,-0.08862244895147076,0.959391095697916,0.9617293971653872
2.318,-0.09737417644643921,0.9617293971653872,0.9637944750784674
2.32,-0.10608244236091542,0.9637944750784674,0.9663000270960757
2.322,-0.11474273026551102,0.9663000270960757,0.9681409453974461
2.324,-0.12335053324396,0.9681409453974461,0.9702468581571021
2.326,-0.131901356283705,0.9702468581571021,0.9725769170745637
2.328,-0.14039071867437194,0.9725769170745637,0.974459723857144
2.33,-0.14881415641293202,0.974459723857144,0.9765082760388062
2.332,-0.15716722461421928,0.9765082760388062,0.9780532602916926
2.334,-0.16544549992561816,0.9780532602916926,0.9801702024084812
2.336,-0.17364458294455407,0.9801702024084812,0.982060058886468
2.338,-0.18176010063756776,0.982060058886468,0.9834831122538562
2.34,-0.18978770875959475,0.9834831122538562,0.985122188690384
2.342,-0.19772309427220894,0.985122188690384,0.9866685222263266
2.344,-0.20556197775940102,0.9866685222263266,0.9888592454970053
2.346,-0.2133001158396688,0.9888592454970053,0.9899068200368569
2.348,-0.22093330357296725,0.9899068200368569,0.9912445335605518
2.35,-0.2284573768612376,0.9912445335605518,0.9922580226275194
2.352,-0.23586821484108833,0.9922580226275194,0.9933432885674677
2.354,-0.24316174226733317,0.9933432885674677,0.9949319154243202
2.356,-0.25033393188591785,0.9949319154243202,0.9964491407500865
2.358,-0.25738080679493874,0.9964491407500865,0.9971262710051927
2.36,-0.26429844279229575,0.9971262710051927,0.9981263251160486
2.362,-0.27108297070865184,0.9981263251160486,0.9988735035210374
2.364,-0.27773057872423296,0.9988735035210374,0.9994595834425901
2.366,-0.2842375146681552,0.9994595834425901,1.0003727859799965
2.368,-0.29060008829878864,1.0003727859799965,1.0009881478539036
2.37,-0.2968146735638435,1.0009881478539036,1.001633360550657
2.372,-0.3028777108387132,1.001633360550657,1.0019292856639705
2.374,-0.3087857091417247,1.0019292856639705,1.0028432545642416
2.376,-0.3145352483248478,1.0028432545642416,1.0027598872567354
2.378,-0.3201229812385304,1.0027598872567354,1.0033243122199442
2.38,-0.32554563586920215,1.0033243122199442,1.0031855609989544
2.382,-0.33080001744811677,1.0031855609989544,1.003315218791579
2.384,-0.3358830105301056,1.003315218791579,1.0030228026831547
2.386,-0.34079158104089935,1.0030228026831547,1.0027246464530624
2.388,-0.3455227782916174,1.0027246464530624,1.0026480225809506
2.39,-0.3500737369590934,1.0026480225809506,1.00284253939321
2.392,-0.35444167903065604,1.00284253939321,1.0022843236883634
2.394,-0.3586239157120329,1.0022843236883634,1.0022192451154401
2.396,-0.36261784929704416,1.0022192451154401,1.001946641681729
2.398,-0.36642097499775605,1.001946641681729,1.0013597532836047
2.4,-0.3700308827337828,1.0013597532836047,1.0010234680421601
2.402,-0.37344525887944946,1.0010234680421601,1.0006558302795832
2.404,-0.37666188796750566,1.0006558302795832,0.9998114462489063
2.406,-0.3796786543481515,0.9998114462489063,0.9991824310316112
2.408,-0.3824935438020934,0.9991824310316112,0.9984839085681332
2.41,-0.3851046451064066,0.9984839085681332,0.9980911494634355
2.412,-0.38751015155197277,0.9980911494634355,0.9971575621391644
2.414,-0.38970836241130563,0.9971575621391644,0.9963336589175329
2.416,-0.3916976843555535,0.9963336589175329,0.9953282732961451
2.418,-0.3934766328195455,0.9953282732961451,0.9944501860695322
2.42,-0.3950438333137105,0.9944501860695322,0.993330678962652
2.422,-0.3963980226817702,0.993330678962652,0.9925497470767829
2.424,-0.39753805030308487,0.9925497470767829,0.9912137521582346
2.426,-0.3984628792385956,0.9912137521582346,0.9896188480822606
2.428,-0.3991715873192985,0.9896188480822606,0.9891330723505403
2.43,-0.3996633681762313,0.9891330723505403,0.9873005646893528
2.432,-0.3999375322109675,0.9873005646893528,0.9861029300145074
2.434,-0.39999350750564905,0.9861029300145074,0.9845190525983584
2.436,-0.39983084067160773,0.9845190525983584,0.983116069782137
2.438,-0.3994491976356605,0.983116069782137,0.9814079440927987
2.44,-0.39884836436319,0.9814079440927987,0.9798302484712847
2.442,-0.39802824751715205,0.9798302484712847,0.9782708573308192
2.444,-0.39698887505218405,0.9782708573308192,0.9762853937136743
2.446,-0.39573039674301735,0.9762853937136743,0.9747272003283232
2.448,-0.3942530846464369,0.9747272003283232,0.972895199669294
2.45,-0.39255733349604516,0.972895199669294,0.9708550391604034
2.452,-0.39064366102915526,0.9708550391604034,0.9688628572595179
2.454,-0.3885127082451314,0.9688628572595179,0.9668688412749172
2.456,-0.3861652395945688,0.9668688412749172,0.9647924816048769
2.458,-0.38360214309871066,0.9647924816048769,0.9627155248755703
2.46,-0.3808244303985626,0.9627155248755703,0.9604164587708602
2.462,-0.3778332367331762,0.9604164587708602,0.9580550097529591
2.464,-0.3746298208466421,0.9580550097529591,0.9559064072149238
2.466,-0.3712155648233348,0.9559064072149238,0.9539615923023188
2.468,-0.3675919738510345,0.9539615923023188,0.9514993344164969
2.47,-0.3637606759115415,0.9514993344164969,0.9487924401742553
2.472,-0.3597234213984968,0.9487924401742553,0.9469239476459317
2.474,-0.3554820826620974,0.9469239476459317,0.9444231111348261
2.476,-0.3510386534805132,0.9444231111348261,0.9419696247227554
2.478,-0.3463952484577676,0.9419696247227554,0.9395039338009354
2.48,-0.34155410234797556,0.9395039338009354,0.9366717285871778
2.482,-0.3365175693058069,0.9366717285871778,0.9341195954872965
2.484,-0.33128812206311675,0.9341195954872965,0.9319245097074496
2.486,-0.32586835103173445,0.9319245097074496,0.9287540871162195
2.488,-0.3202609633324362,0.9287540871162195,0.9262484842685301
2.49,-0.3144687817501525,0.9262484842685301,0.9233958349240449
2.492,-0.30849474361556867,0.9233958349240449,0.9209704156915434
2.494,-0.3023418996132341,0.9209704156915434,0.9177723466548702
2.496,-0.29601341251642993,0.9177723466548702,0.915219881857378
2.498,-0.28951255584902164,0.915219881857378,0.912362853290868
2.5,-0.2828427124746195,0.912362853290868,0.9093832818898561
2.5020000000000002,-0.27600737311336915,0.9093832818898561,0.9064039668302005
2.504,-0.26901013478681407,0.9064039668302005,0.9035360587863884
2.5060000000000002,-0.26185469919120674,0.9035360587863884,0.9005717043163854
2.508,-0.254544870999833,0.9005717043163854,0.8974507956521348
2.5100000000000002,-0.2470845560948138,0.8974507956521348,0.8945901027266313
2.512,-0.23947775972904647,0.8945901027266313,0.8918577007084815
2.5140000000000002,-0.2317285846188354,0.8918577007084815,0.8888183384320241
2.516,-0.2238412289679766,0.8888183384320241,0.8853818252856382
2.5180000000000002,-0.21581998442394565,0.8853818252856382,0.8829050583514209
2.52,-0.20766923396704562,0.8829050583514209,0.8797781889008289
2.5220000000000002,-0.19939344973324763,0.8797781889008289,0.8771011455748994
2.524,-0.19099719077169236,0.8771011455748994,0.8738418852609153
2.5260000000000002,-0.18248510073768354,0.8738418852609153,0.8708648570406466
2.528,-0.17386190552221034,0.8708648570406466,0.8679514348808044
2.5300000000000002,-0.16513241081894978,0.8679514348808044,0.8649028229175786
2.532,-0.1563014996298706,0.8649028229175786,0.8617575835622635
2.5340000000000003,-0.14737412971047878,0.8617575835622635,0.8589935448581488
2.536,-0.13835533095592384,0.8589935448581488,0.8555217874727855
2.5380000000000003,-0.12925020272911045,0.8555217874727855,0.8530454164535557
2.54,-0.12006391113209634,0.8530454164535557,0.8503174758252436
2.5420000000000003,-0.11080168622203342,0.8503174758252436,0.8472141597307685
2.544,-0.10146881917303052,0.8472141597307685,0.8440437379388589
2.5460000000000003,-0.09207065938526003,0.8440437379388589,0.8411248152741448
2.548,-0.08261261154279015,0.8411248152741448,0.8383245439408705
2.5500000000000003,-0.07310013262154835,0.8383245439408705,0.8355496243834837
2.552,-0.06353872884899814,0.8355496243834837,0.8325189098522059
2.5540000000000003,-0.0539339526169941,0.8325189098522059,0.8301215808798913
2.556,-0.044291399349489,0.8301215808798913,0.8272743990646658
2.5580000000000003,-0.034616704326658,0.8272743990646658,0.8244593324570894
2.56,-0.024915539467182942,0.8244593324570894,0.8218520347648389
2.562,-0.015193610070335898,0.8218520347648389,0.8188460416562342
2.564,-0.005456651519689066,0.8188460416562342,0.8164950248309667
2.566,0.004289574049834659,0.8164950248309667,0.8138479527528988
2.568,0.014039281119663256,0.8138479527528988,0.8110569081807701
2.57,0.02378666418822755,0.8110569081807701,0.8084027392770523
2.572,0.033525901202649665,0.8084027392770523,0.8059770545922593
2.574,0.043251157019492455,0.8059770545922593,0.803399796832854
2.576,0.05295658689267149,0.803399796832854,0.8014815163660831
2.578,0.0626363399864624,0.8014815163660831,0.7987780575689943
2.58,0.07228456291162631,0.7987780575689943,0.7963843034435445
2.582,0.08189540328253708,0.7963843034435445,0.7938209063996583
2.584,0.09146301329327822,0.7938209063996583,0.7923998685485079
2.586,0.10098155331051982,0.7923998685485079,0.7901082452470501
2.588,0.1104451954811099,0.7901082452470501,0.7878866863816232
2.59,0.11984812735210278,0.7878866863816232,0.7856243790549199
2.592,0.12918455550114122,0.7856243790549199,0.7835067636531203
2.594,0.13844870917485294,0.7835067636531203,0.781531712744594
2.596,0.1476348439331312,0.781531712744594,0.7795129840145335
2.598,0.1567372452969195,0.7795129840145335,0.7777497696078549
2.6,0.16575023239731407,0.7777497696078549,0.7758531517220192
2.602,0.174668161623593,0.7758531517220192,0.7745310579572171
2.604,0.1834854302679343,0.7745310579572171,0.7725810098513952
2.606,0.19219648016439483,0.7725810098513952,0.770805103324078
2.608,0.2007958013198842,0.770805103324078,0.7695951010460834
2.61,0.2092779355346929,0.7695951010460834,0.7679989940574545
2.612,0.21763748001025227,0.7679989940574545,0.7666154279558407
2.614,0.2258690909417037,0.7666154279558407,0.765591085828755
2.616,0.23396748709290974,0.765591085828755,0.7641221971844717
2.618,0.2419274533514651,0.7641221971844717,0.7632829423972
2.62,0.24974384426135354,0.7632829423972,0.7618912328983197
2.622,0.25741158753077287,0.7618912328983197,0.7605076590222019
2.624,0.2649256875127718,0.7605076590222019,0.7596449853740376
2.626,0.2722812286562442,0.7596449853740376,0.7589567860344878
2.628,0.2794733789248885,0.7589567860344878,0.7578629044543269
2.63,0.2864973931816863,0.7578629044543269,0.7570799959758944
2.632,0.2933486165365519,0.7570799959758944,0.7566270298023872
2.634,0.3000224876546708,0.7566270298023872,0.7558228140626325
2.636,0.3065145420232003,0.7558228140626325,0.7553751264194847
2.638,0.31282041517390013,0.7553751264194847,0.7549436776801192
2.64,0.3189358458593503,0.7549436776801192,0.754727031666989
2.642,0.3248566791803483,0.754727031666989,0.7546743767305398
2.644,0.33057886966219435,0.7546743767305398,0.7545182540272125
2.646,0.3360984842774686,0.7545182540272125,0.7542992437068052
2.648,0.34141170541303995,0.7542992437068052,0.7542512980800372
2.65,0.34651483377895514,0.7542512980800372,0.7542666888121028
2.652,0.35140429125698597,0.7542666888121028,0.7542387129238785
2.654,0.3560766236865312,0.7542387129238785,0.7541581227454521
2.656,0.36052850358567806,0.7541581227454521,0.7546791077809247
2.658,0.3647567328051994,0.7546791077809247,0.7554181527309871
2.66,0.368758245113329,0.7554181527309871,0.7557855852795641
2.662,0.37253010870914033,0.7557855852795641,0.7563081910114868
2.664,0.3760695286624524,0.7563081910114868,0.7565133939045469
2.666,0.3793738492781402,0.7565133939045469,0.7569103403801118
2.668,0.3824405563828361,0.7569103403801118,0.757437599444642
2.67,0.38526727953198575,0.757437599444642,0.7583108506446022
2.672,0.38785179413530474,0.7583108506446022,0.7586018234665171
2.674,0.39019202349868315,0.7586018234665171,0.7595708504377512
2.676,0.39228604078067053,0.7595708504377512,0.7599224201947996
2.678,0.3941320708616637,0.7599224201947996,0.7611502900787152
2.68,0.3957284921240191,0.7611502900787152,0.7618747788689867
2.682,0.39707383814131214,0.7618747788689867,0.762988651140303
2.684,0.39816679927504794,0.762988651140303,0.764130692433931
2.686,0.39900622417715065,0.764130692433931,0.7652649989255089
2.688,0.3995911211966322,0.7652649989255089,0.7661931830459447
2.69,0.39992065968887464,0.7661931830459447,0.7670739945471341
2.692,0.3999941712260314,0.7670739945471341,0.7687568273551807
2.694,0.3998111507070937,0.7687568273551807,0.7702023975422919
2.696,0.399371257366236,0.7702023975422919,0.7717215346238667
2.698,0.3986743156781074,0.7717215346238667,0.7728433116207261
2.7,0.3977203161587995,0.7728433116207261,0.7742331470692004
2.702,0.3965094160612779,0.7742331470692004,0.7760614412871212
2.704,0.3950419399641327,0.7760614412871212,0.7778866344900268
2.706,0.39331838025256444,0.7778866344900268,0.7793848958969359
2.708,0.3913393974905874,0.7793848958969359,0.7809540548203893
2.71,0.3891058206834992,0.7809540548203893,0.7827357726061243
2.712,0.38661864742973456,0.7827357726061243,0.7846259051132922
2.714,0.38387904396129247,0.7846259051132922,0.7865741138864424
2.716,0.38088834507198055,0.7865741138864424,0.78865069605696
2.718,0.37764805393283,0.78865069605696,0.7909447672196218
2.72,0.37415984179404593,0.7909447672196218,0.7927556838302642
2.722,0.37042554757301194,0.7927556838302642,0.7948843391678112
2.724,0.3664471773278437,0.7948843391678112,0.7970769566666158
2.726,0.36222690361617477,0.7970769566666158,0.7991923206287217
2.728,0.3577670647388195,0.7991923206287217,0.8016974455368472
2.73,0.353070163868139,0.8016974455368472,0.8039383419824047
2.732,0.3481388680609231,0.8039383419824047,0.8058471111676373
2.734,0.3429760071557719,0.8058471111676373,0.8082524124168255
2.736,0.3375845725549256,0.8082524124168255,0.8108132102271932
2.738,0.3319677158907205,0.8108132102271932,0.8133623170958342
2.74,0.32612874757676596,0.8133623170958342,0.8156269401544154
2.742,0.32007113524415853,0.8156269401544154,0.8180719237528441
2.744,0.31379850206303556,0.8180719237528441,0.8203221226775599
2.746,0.3073146249499217,0.8203221226775599,0.8234068642209383
2.748,0.3006234326613318,0.8234068642209383,0.8261210810282789
2.75,0.2937290037742743,0.8261210810282789,0.8285429587333923
2.7520000000000002,0.28663556455425565,0.8285429587333923,0.8309363738135283
2.754,0.27934748671161674,0.8309363738135283,0.8338266388784009
2.7560000000000002,0.27186928504697744,0.8338266388784009,0.8364498710260116
2.758,0.26420561498674794,0.8364498710260116,0.8394140493184227
2.7600000000000002,0.25636127000969966,0.8394140493184227,0.8420062795329167
2.762,0.24834117896570174,0.8420062795329167,0.8445833903741773
2.7640000000000002,0.24015040328776346,0.8445833903741773,0.8473147413546178
2.766,0.23179413409869795,0.8473147413546178,0.8501812465726971
2.7680000000000002,0.22327768921368227,0.8501812465726971,0.8531207994557491
2.77,0.21460651004020984,0.8531207994557491,0.8556650893114304
2.7720000000000002,0.20578615837687764,0.8556650893114304,0.8588494033087586
2.774,0.19682231311266296,0.8588494033087586,0.8612150191353717
2.7760000000000002,0.1877207668282982,0.8612150191353717,0.8644679858686066
2.778,0.17848742230157794,0.8644679858686066,0.8669417338707691
2.7800000000000002,0.1691282889183466,0.8669417338707691,0.8699404172365539
2.782,0.15964947899116944,0.8699404172365539,0.8725594805582425
2.7840000000000003,0.15005720398761635,0.8725594805582425,0.8753204594347139
2.786,0.14035777067029187,0.8753204594347139,0.8781010926783196
2.7880000000000003,0.13055757715070945,0.8781010926783196,0.8814770384429362
2.79,0.12066310885930479,0.8814770384429362,0.8838857442190505
2.7920000000000003,0.11068093443382934,0.8838857442190505,0.8865272252166937
2.794,0.10061770152857628,0.8865272252166937,0.8890765710065888
2.7960000000000003,0.09048013254684233,0.8890765710065888,0.8920904519357391
2.798,0.08027502029919538,0.8920904519357391,0.8947746332186569
2.8000000000000003,0.07000922359010923,0.8947746332186569,0.897800379126666
2.802,0.05968966273571426,0.897800379126666,0.9005207876900133
2.8040000000000003,0.049323315015291566,0.9005207876900133,0.9028068301000649
2.806,0.03891721005945892,0.9028068301000649,0.9056965580140832
2.8080000000000003,0.02847842517779515,0.9056965580140832,0.9076935789009659
2.81,0.018014080628949446,0.9076935789009659,0.9105606380795391
2.8120000000000003,0.007531334836171535,0.9105606380795391,0.9129441081277951
2.814,-0.002962620448627858,0.9129441081277951,0.9153071123859565
2.816,-0.013460565029199692,0.9153071123859565,0.9182356266356015
2.818,-0.023955255194429613,0.9182356266356015,0.9201675208370934
2.82,-0.03443942868975208,0.9201675208370934,0.9229623852897049
2.822,-0.0449058097272379,0.9229623852897049,0.9247506302971448
2.824,-0.05534711403090621,0.9247506302971448,0.9276815664334696
2.826,-0.06575605391402262,0.9276815664334696,0.9301231978048387
2.828,-0.07612534338476301,0.9301231978048387,0.9320596090083689
2.83,-0.08644770327690743,0.9320596090083689,0.934279519034443
2.832,-0.09671586640190812,0.934279519034443,0.9363366513535637
2.834,-0.1069225827188472,0.9363366513535637,0.938614627809199
2.836,-0.11706062451859843,0.938614627809199,0.9406405945907783
2.838,-0.12712279161860496,0.9406405945907783,0.9423146762868811
2.84,-0.1371019165645045,0.9423146762868811,0.9447245766165332
2.842,-0.14699086983499773,0.9447245766165332,0.9461821128495491
2.844,-0.15678256504607987,0.9461821128495491,0.9479063549065331
2.846,-0.16646996415098655,0.9479063549065331,0.949828626480986
2.848,-0.17604608263194943,0.949828626480986,0.9514861946557732
2.85,-0.1855039946800246,0.9514861946557732,0.9532730736460808
2.852,-0.19483683835908994,0.9532730736460808,0.9544438231187895
2.854,-0.20403782075021373,0.9544438231187895,0.9561719047005505
2.856,-0.21310022307244988,0.9561719047005505,0.9577955827930494
2.858,-0.22201740577629062,0.9577955827930494,0.9586523824388531
2.86,-0.23078281360574932,0.9586523824388531,0.9604843256624709
2.862,-0.2393899806253256,0.9604843256624709,0.9612495385221581
2.864,-0.24783253520783247,0.9612495385221581,0.9617847627368049
2.866,-0.25610420497928077,0.9617847627368049,0.9637172349196741
2.868,-0.26419882171687664,0.9637172349196741,0.9646282876183958
2.87,-0.2721103261962938,0.9646282876183958,0.9653800811150635
2.872,-0.2798327729842784,0.9653800811150635,0.966334986413118
2.874,-0.28736033517282045,0.966334986413118,0.9671987609857091
2.876,-0.2946873090509456,0.9671987609857091,0.9679557338817801
2.878,-0.3018081187103929,0.9679557338817801,0.968076872416503
2.88,-0.3087173205812966,0.968076872416503,0.9691647324444432
2.882,-0.31540960789414174,0.9691647324444432,0.9693078838591187
2.884,-0.32187981506422625,0.9693078838591187,0.9698612535768953
2.886,-0.32812292199490545,0.9698612535768953,0.9700652648269513
2.888,-0.33413405829593273,0.9700652648269513,0.9702232061369316
2.89,-0.3399085074132626,0.9702232061369316,0.9701553057213523
2.892,-0.34544171066667567,0.9701553057213523,0.9703114699826705
2.894,-0.350729271191697,0.9703114699826705,0.9698714523552571
2.896,-0.3557669577822588,0.9698714523552571,0.9699914469589704
2.898,-0.36055070863066335,0.9699914469589704,0.9696691071939068
2.9,-0.3650766349614009,0.9696691071939068,0.9699991173066372
2.902,-0.36934102455549184,0.9699991173066372,0.9693248336700133
2.904,-0.3733403451620303,0.9693248336700133,0.9693069972776229
2.906,-0.3770712477936958,0.9693069972776229,0.9690453858335097
2.908,-0.3805305699030588,0.9690453858335097,0.9678447300365138
2.91,-0.38371533843657507,0.9678447300365138,0.9676528454760889
2.912,-0.38662277276321394,0.9676528454760889,0.9667739725263721
2.914,-0.38925028747479173,0.9667739725263721,0.9664425960470584
2.916,-0.3915954950550836,0.9664425960470584,0.9659826635784338
2.918,-0.3936562084149408,0.9659826635784338,0.9651137673600142
2.92,-0.39543044329065963,0.9651137673600142,0.9643903068044836
2.922,-0.3969164205029916,0.9643903068044836,0.9633077638477728
2.924,-0.3981125680742094,0.9633077638477728,0.962404884701996
2.926,-0.39901752320079786,0.962404884701996,0.9615346980431219
2.928,-0.39963013407937886,0.9615346980431219,0.9604309442277059
2.93,-0.3999494615836086,0.9604309442277059,0.9595643777427912
2.932,-0.39997478078986826,0.9595643777427912,0.9583983051635073
2.934,-0.39970558234967485,0.9583983051635073,0.9570556081331895
2.936,-0.3991415737068411,0.9570556081331895,0.956116501645709
2.938,-0.3982826801575197,0.956116501645709,0.9543621254222056
2.94,-0.3971290457513734,0.9543621254222056,0.9527135926862325
2.942,-0.3956810340322235,0.9527135926862325,0.9513042984710843
2.944,-0.39393922861664477,0.9513042984710843,0.9502187590448503
2.946,-0.3919044336090805,0.9502187590448503,0.9481394520567448
2.948,-0.38957767385217995,0.9481394520567448,0.9464830302444737
2.95,-0.38696019501116724,0.9464830302444737,0.9448907093334924
2.952,-0.3840534634911812,0.9448907093334924,0.9431010321340051
2.954,-0.3808591661866365,0.9431010321340051,0.941526913780997
2.956,-0.3773792100617963,0.941526913780997,0.9395501209375203
2.958,-0.37361572156185247,0.9395501209375203,0.9380418242424389
2.96,-0.3695710458539563,0.9380418242424389,0.9355955416613256
2.962,-0.365247745897749,0.9355955416613256,0.9341345686123301
2.964,-0.3606486013451048,0.9341345686123301,0.9314297656574004
2.966,-0.35577660726888494,0.9314297656574004,0.9295618442196079
2.968,-0.35063497272067773,0.9295618442196079,0.9277519250433865
2.97,-0.3452271191176002,0.9277519250433865,0.9254857568232121
2.972,-0.3395566784584054,0.9254857568232121,0.9233270120632553
2.974,-0.3336274913692204,0.9233270120632553,0.9211234920792567
2.976,-0.32744360497944996,0.9211234920792567,0.9183195246769363
2.978,-0.3210092706284504,0.9183195246769363,0.9164592555509846
2.98,-0.31432894140375145,0.9164592555509846,0.9138445268974686
2.982,-0.30740726951174535,0.9138445268974686,0.9116824576451636
2.984,-0.30024910348188044,0.9116824576451636,0.9088941270354274
2.986,-0.2928594852055175,0.9088941270354274,0.906611344714864
2.988,-0.285243646810857,0.906611344714864,0.9039858484684214
2.99,-0.27740700737528073,0.9039858484684214,0.9013998786791552
2.992,-0.26935516947682986,0.9013998786791552,0.8991552937277756
2.994,-0.2610939155864599,0.8991552937277756,0.8968074400887718
2.996,-0.2526292043030355,0.8968074400887718,0.8937746318874012
2.998,-0.24396716643300348,0.8937746318874012,0.8916137631355874
