time_s,measured_position_rad,measured_velocity_rad_s,nominal_position_rad,nominal_velocity_rad_s,fitted_position_rad,fitted_velocity_rad_s
0.0,6.947235373208621e-05,-0.004675712311912167,6.947235373208621e-05,-0.004675712311912167,6.947235373208621e-05,-0.004675712311912167
0.002,-6.77715665930241e-05,-0.001366177638633724,0.00015381856993084946,0.04217310809938162,6.121486048558663e-05,-0.004128746623249787
0.004,0.00013258532441610336,9.539166791142663e-05,0.00032647971770410244,0.08633057388662649,5.392388969415532e-05,-0.0036454853957156564
0.006,-0.00039028823905635254,0.03051506137071027,0.0005865314107407845,0.13002584651834104,4.748669775053827e-05,-0.003218595971808528
0.008,-9.3527186075495e-05,0.05164883873960867,0.000934714322042141,0.17409145565067824,4.180357240485953e-05,-0.0028415626728393695
0.01,-3.6941214807189205e-05,0.07377037770185557,0.001372087831877526,0.21868675491769246,9.481135897679605e-05,0.02650389328596826
0.012,0.000543790542792001,0.09283804731510194,0.001899742907761366,0.26382753794192,0.0002015641168550791,0.053376378939141524
0.014,0.0008214421316008228,0.10916495820817977,0.0025187479667883907,0.3095025295135123,0.0003597034683051919,0.07906967572505641
0.016,0.0012458354126020448,0.1314238547358359,0.0032301378608651015,0.3556949470383555,0.0005687242089608325,0.10451037032782032
0.018000000000000002,0.0009835937894489483,0.15414847875100887,0.004034910490803545,0.40238631496922167,0.000828958984714351,0.13011738787675925
0.02,0.00131139203230195,0.1744923371042705,0.004934024763198033,0.449557136197244,0.0011410645360885221,0.1560527756870855
0.022,0.0018748011438892143,0.19754277141469515,0.00592839881004348,0.49718702342272353,0.001505807608498149,0.1823715362048135
0.024,0.00248666309644361,0.22129973042958817,0.007018908291319107,0.5452547406378134,0.001923981028945423,0.20908671022363695
0.026000000000000002,0.003285397471607689,0.2432159677746315,0.008206384752616773,0.5937382306488332,0.0023963714623554283,0.23619521670500268
0.028,0.0036464755399435757,0.2728607235678821,0.009491614034884131,0.6426146411336787,0.002923746867223463,0.26368770243401723
0.03,0.003952023896222414,0.3005851621904422,0.010875334737333897,0.6918603512248832,0.0035068512732017217,0.29155220298912954
0.032,0.004553738220691511,0.32217315296423205,0.012358236735148057,0.7414509989070799,0.00414640223412763,0.3197754804629543
0.034,0.005735565731710396,0.3527885977104425,0.013940959753642273,0.7913615092471082,0.0048430892526344005,0.34834350925338536
0.036000000000000004,0.005969480412680416,0.3854850125694901,0.015624092000506698,0.8415661234322126,0.00559757256457783,0.377241655971715
0.038,0.006862511364801984,0.41420226735174653,0.017408168857675658,0.8920384285844799,0.00641048206822679,0.40645475182447977
0.04,0.008279451225771695,0.4444404846356628,0.019293671634311286,0.9427513883178147,0.007282416324458381,0.4359671281157954
0.042,0.008551113048542591,0.47358392414446787,0.021281026382316787,0.9936773740027509,0.00821394160357773,0.4657626395596745
0.044,0.00987365973244694,0.505528557258898,0.023370602775723906,1.044788196703559,0.009205590971316801,0.49582468386953493
0.046,0.011234898526391942,0.5395172225668947,0.025562713055226557,1.0960551397513252,0.010257863412257264,0.5261362204702312
0.048,0.012037128737583846,0.571586211097536,0.02785761103905844,1.1474489919159416,0.011371222990784465,0.5566797892636005
0.05,0.013188437271068715,0.6016763681996838,0.03025549120133695,1.1989400811392537,0.012546098050259242,0.5874375297373884
0.052000000000000005,0.014755149208927124,0.6380656445943593,0.03275648781891886,1.2504983087909538,0.013782880451251108,0.6183912004959338
0.054,0.016028313589740648,0.67098851895752,0.03536067418773529,1.3020931844082135,0.015081924849695245,0.6495221992220684
0.056,0.017759634653630188,0.704029244098911,0.03806806190949424,1.3536938608794735,0.01644354801580991,0.6808115830573329
0.058,0.018821471953643847,0.7364242442362575,0.04087860024955884,1.4052691700323023,0.0178680281945704,0.7122400893802433
0.06,0.020857294211185384,0.7719702318748418,0.04379217556672837,1.4567876585847626,0.019355604508489894,0.7437881569597469
0.062,0.0219351950795254,0.8031966092395312,0.04680861081556696,1.5082176244192966,0.020906476403409723,0.775435947459914
0.064,0.023823998110517594,0.8351313029980572,0.04992766512184251,1.5595271531377735,0.022520803137952343,0.8071633672713093
0.066,0.025256809188996407,0.8689229859163135,0.05314903343155452,1.6106841548560042,0.024198703317240444,0.8389500896440508
0.068,0.027076469962180133,0.901214746103824,0.056472346233946036,1.661656401195758,0.025940254471434835,0.870775577097196
0.07,0.029329891645959817,0.9355502496622006,0.05989716935881018,1.7124115624320728,0.027745492679592382,0.9026191040787734
0.07200000000000001,0.03098092614061845,0.9740566062387632,0.06342300384831714,1.76291724475348,0.029614412239293352,0.9344597798504846
0.074,0.03301006826801355,1.0070024864829386,0.06704928590350237,1.8131410275926159,0.03154696538243504,0.9662765715708418
0.076,0.03499409677339069,1.0357770229183139,0.07077538690547161,1.8630505009846186,0.0335430620375356,0.9980483275502787
0.078,0.03697851545404279,1.073029960143925,0.07460061351129293,1.9126133029106642,0.03560256963883874,1.0297538006515703
0.08,0.03934371322847477,1.1002590191447843,0.07852420782446096,1.9617971565840138,0.037725312982456204,1.061371671808731
0.082,0.04146495466962209,1.1368046259009355,0.08254534763973295,2.0105699076360004,0.03991107412973105,1.0928805736374227
0.084,0.04389545230869411,1.1681472271440652,0.08666314676205195,2.058899561159499,0.04215959235795065,1.1242591141097986
0.08600000000000001,0.046533609569365156,1.202943003147415,0.0908766553991871,2.1067543185675803,0.04447056415848391,1.1554859002666302
0.088,0.0490529204686578,1.2336031577041928,0.09518486062763762,2.154102614225256,0.046843643282362964,1.1865395619395274
0.09,0.05159085863152276,1.26669596144987,0.09958668693126259,2.2009131518124865,0.049278440833275046,1.2173987754560405
0.092,0.054608207277624686,1.2990876364454147,0.10408099681201642,2.2471549403769164,0.05177452540787597,1.2480422873004609
0.094,0.056574363662981894,1.3300616944516346,0.10866659147208675,2.292797330035166,0.054331423283282325,1.2784489377031774
0.096,0.059476210429800155,1.3607254783360312,0.11334221156665056,2.3378100472819012,0.056948618651545393,1.308597684131536
0.098,0.06199729617118112,1.3890301644069345,0.11810653802638327,2.3821632298663533,0.0596255539008559,1.3384676246552556
0.1,0.06492644944335352,1.4185057146274103,0.12295819294877618,2.425827461196454,0.062361629943175095,1.3680380211595986
0.10200000000000001,0.06770935001288475,1.4503049826790224,0.12789574055723876,2.4687738042312897,0.06515620658793445,1.3972883223796717
0.10400000000000001,0.07100705452906682,1.4782799238787157,0.1329176882268851,2.5109738348231665,0.06800860296139331,1.4261981867294322
0.106,0.07379566292474107,1.510836466282199,0.1380224875758275,2.5523996744711988,0.07091809797119174,1.4547475048992144
0.108,0.07688761815053188,1.5419636778282775,0.14320853562072555,2.5930240224490224,0.07388393081558345,1.4829164221958533
0.11,0.07990433300801401,1.567663189359213,0.1484741759952654,2.632820187269931,0.07690530153678302,1.510685360599781
0.112,0.08363024198732509,1.5929898638730702,0.15381770023017244,2.67176211745351,0.0799813716178106,1.5380350405137933
0.114,0.08643991074054569,1.62477870011198,0.1592373490932897,2.7098244315586317,0.08311126462216768,1.5649465021785378
0.116,0.08977689677886506,1.6478402399410765,0.16473131398818674,2.7469824474485156,0.086294066875628,1.5914011267301607
0.11800000000000001,0.09321679060764052,1.6737859321938957,0.17029773840969564,2.783212210754451,0.08952882818937992,1.6173806568759548
0.12,0.09638172387110493,1.7051748229464443,0.17593471945470698,2.8184905225056744,0.09281456262370852,1.6428672171642968
0.122,0.10005234261793493,1.7280648591241738,0.18164030938649472,2.8527949658938763,0.09615024929135976,1.6678433338256202
0.124,0.10359129555561136,1.75289020971156,0.1874125172507783,2.8861039321417796,0.0995348331996831,1.6922919541616688
0.126,0.10699287627258179,1.7786253454340375,0.19324931054167085,2.91839664544628,0.10296722613060469,1.7161964654607922
0.128,0.11079217982547576,1.7991728633625816,0.19914861691560623,2.949653186967686,0.10644630755743988,1.7395407134175904
0.13,0.11433789631355327,1.8207800862562313,0.20510832595128162,2.979854517837695,0.10997092559751144,1.7623090200357803
0.132,0.11796507502058536,1.8455004297044713,0.21112629095360136,3.0089825011598728,0.11353989799949896,1.7844862009937557
0.134,0.12218631593172233,1.867668409992857,0.21720033079955645,3.037019922977548,0.11715201316440481,1.8060575824529286
0.136,0.1255953845542138,1.8870671452167016,0.22332823182392691,3.06395051218523,0.12080603119898396,1.827009017289575
0.138,0.12921804044367163,1.9067899314574401,0.22950774974264865,3.089758959360864,0.12450068500044711,1.8473269007315791
0.14,0.13349318935276067,1.9232839625451343,0.2357366116116436,3.1144309344974777,0.1282346813712114,1.8669981853821453
0.14200000000000002,0.13688901885535457,1.949539297862611,0.24201251781887168,3.137953103614037,0.13200670216243793,1.8860103956132592
0.14400000000000002,0.14096079491620125,1.9660617548349641,0.2483331441073249,3.1603131442266132,0.13581540544506274,1.904351641312398
0.146,0.14490879659481398,1.9808561126530897,0.25469614362664944,3.1814997596622776,0.13965942670699621,1.9220106309667357
0.148,0.14909711083642943,1.9989954889969619,0.26109914901104836,3.201502692199457,0.14353738007513592,1.9389766840698524
0.15,0.15283881520977605,2.0118108223314732,0.26753977448108807,3.220312735019848,0.14744785956080939,1.9552397428367299
0.152,0.15678739829095412,2.028446509625999,0.27401561796700474,3.237921742958332,0.1513894403272366,1.9707903832136182
0.154,0.16132187723438124,2.04407613012127,0.2805242632510822,3.2543226420387303,0.15536067997757694,1.985619825170162
0.156,0.16551792307163654,2.0579117577634487,0.28706328212665144,3.2695094377846248,0.15936011986210094,1.9997199422620033
0.158,0.1693603523126812,2.074347725541145,0.2936302365712432,3.2834772222958715,0.1633862864030068,2.013083270452918
0.16,0.17342285767392437,2.0868722945232134,0.3002226809314089,3.2962221800828666,0.16743769243537956,2.0257030161863883
0.162,0.17795618456648102,2.0948956271296066,0.306838164116713,3.3077415926520346,0.17151283856277433,2.0375730636973852
0.164,0.182099528109259,2.103889599949259,0.3134742318003879,3.31803384183745,0.17561021452588632,2.048687981555998
0.166,0.18646049952230034,2.1163753995086303,0.3201284286241378,3.327098411874949,0.1797283005827572,2.0590430284354415
0.168,0.19063475536877578,2.1244533464460518,0.32679830040457086,3.334935890216517,0.18386556889895292,2.0686341580978542
0.17,0.1948788974930725,2.131521693426658,0.33348139633873924,3.3415479670842023,0.18802048494613732,2.0774580235922055
0.17200000000000001,0.19916097222184054,2.1368778853493997,0.3401752712062677,3.346937433764239,0.1921915089074564,2.085511980659535
0.17400000000000002,0.2034984652515774,2.1475916899321024,0.34687748756555475,3.3511081796435165,0.19637709708813972,2.092794090341654
0.176,0.20781171994373734,2.153265955410904,0.3535856179415387,3.35406518799198,0.20057570332972044,2.099303120790365
0.178,0.2118708454361713,2.157641828640963,0.36029724700253063,3.355814530495974,0.20478578042627074,2.1050385482751577
0.18,0.21623692029728442,2.1614440813638858,0.3670099737236286,3.356363360548993,0.2090057815410473,2.1100005573882807
0.182,0.22046754108627425,2.1687413379924294,0.37372141353424404,3.3557199053077156,0.21323416162194128,2.1141900404469967
0.184,0.22496248485227,2.1666808916382894,0.3804292004472893,3.3538934565226244,0.21746937881412878,2.117608596093755
0.186,0.2292993424293536,2.16963621472988,0.38713098916759714,3.350894360153919,0.22170989586832068,2.120258527095943
0.188,0.23344095004518867,2.1703515723726254,0.3938244571771668,3.3467340047848233,0.22595418154301627,2.1221428373477935
0.19,0.23771707136233983,2.1720061269752353,0.40050730679485835,3.3414248088457756,0.23020071199917214,2.123265228077937
0.192,0.24249427905754445,2.1708361484145473,0.40717726720818703,3.3349802066643446,0.23444797218570618,2.1236300932670167
0.194,0.24711406065326602,2.172527962271185,0.41383209647490116,3.3274146333570718,0.23869445721426752,2.123242514280675
0.196,0.25098170836433314,2.167254540772341,0.4204695834920627,3.3187435085807717,0.2429386737217158,2.1221082537241305
0.198,0.2550353612659462,2.1680922122804134,0.42708754993038694,3.308983219162122,0.24717914121876672,2.120233748525463
0.2,0.2594415877012345,2.163653306533737,0.4336838521316383,3.298151100625672,0.2514143934232779,2.1176261022556018
0.202,0.26383136329530577,2.160254106421209,0.4402563829669216,3.2862654176416632,0.2556429795766657,2.1142930766938925
0.20400000000000001,0.2679718911079337,2.152627221307338,0.44680307365375416,3.273345343416285,0.25986346574196373,2.110243082648997
0.20600000000000002,0.2723773355039263,2.1483886897063544,0.4533218955298506,3.2594109380482217,0.26407443608205516,2.105485170045713
0.20800000000000002,0.276907448465215,2.14309530412836,0.45981086178160363,3.244483125876513,0.2682744941166335,2.1000290172891667
0.21,0.2813221390424309,2.133265383347521,0.46626802912529547,3.2285836718459273,0.27246226395647083,2.093884919918651
0.212,0.2854965573817809,2.1270007751983924,0.4726914994391298,3.2117351569171593,0.27663639151359926,2.0870637785642
0.214,0.2895855115566852,2.118911931978252,0.47907942134423037,3.1939609525502712,0.2807955456860388,2.079577086219791
0.216,0.2937343835152229,2.1117022591694066,0.4854299917328121,3.1752851942908564,0.2849384195157345,2.0714369148478555
0.218,0.2981035600719453,2.1035593006746933,0.49174145724179097,3.1557327544894296,0.2890637313183956,2.0626559013305434
0.22,0.3024816819943176,2.0901010584847257,0.49801211567016207,3.1353292141855555,0.29317022578396346,2.0532472327839377
0.222,0.30633844703042223,2.083257808075961,0.5042403173385404,3.1141008341891703,0.29725667504646774,2.04322463125215
0.224,0.31002486679390084,2.0691598559381346,0.5104244663893254,3.0920745253924844,0.30132187972206564,2.03260233779894
0.226,0.3143480689591995,2.0597744731467156,0.5165630220260188,3.0692778183467313,0.30536466991409605,2.021395096015191
0.228,0.3184450518602303,2.04422183969,0.5226544996902965,3.045738832138872,0.30938390618401856,2.009618134961247
0.23,0.32285396680419787,2.033755019995083,0.5286974721755049,3.021486242604169,0.3133784804871461,1.9972871515637725
0.232,0.3269997344534816,2.0159555091614663,0.5346905706753275,2.9965492499113027,0.31734731707212094,1.984418292487404
0.234,0.33097293405241884,2.0090154104898046,0.5406324857664424,2.9709575455574253,0.32128937334312513,1.9710281355020944
0.23600000000000002,0.3349184902782512,1.993176909745757,0.5465219683240649,2.9447412788112253,0.3252036406838603,1.9571336703675999
0.23800000000000002,0.3387472892869595,1.9787427254565844,0.5523578303693503,2.917931022642699,0.3290891452423746,1.9427522792571388
0.24,0.34268012566151806,1.9599394033254267,0.5581389458477082,2.890557739178928,0.3329449486758601,1.927901716742765
0.242,0.34654149706674264,1.9445484036136191,0.5638642513371596,2.862652744725691,0.3367701488545911,1.9126000893655093
0.244,0.3502899012663815,1.929461564979084,0.56953274668595,2.834247674395244,0.34056388052421877,1.896865834813817
0.246,0.3543330290217219,1.912664705097824,0.5751434955787121,2.8053744463810517,0.34432531592568727,1.8807177007342604
0.248,0.35794489680587865,1.8960327431835928,0.5806956260305535,2.7760652259206533,0.3480536653720851,1.8641747231989254
0.25,0.3612558859803154,1.881475548489318,0.5861883308085298,2.7463523889882064,0.3517481777817936,1.8472562048542667
0.252,0.3652470127512771,1.860141818383878,0.591620867780047,2.716268485758559,0.3554081411673468,1.8299816927765915
0.254,0.36925940878909935,1.8436262504217744,0.5969925601878169,2.685846203884962,0.3590328830794661,1.8123709560596681
0.256,0.3728898494851368,1.8266568294869185,0.6023027968510823,2.655118331632741,0.36262177100578663,1.7944439631602618
0.258,0.37659459020442115,1.8076315432334216,0.6075510322929052,2.624117720911421,0.366174212723842,1.7762208590276802
0.26,0.3795489883033725,1.7874896350859246,0.6127367867934009,2.592877250247895,0.3696896566079293,1.7577219420436558
0.262,0.38343114702308523,1.769378302426448,0.6178596463688876,2.561429787743313,0.37316759188952753,1.7389676407991106
0.264,0.38728397149181965,1.7494646328956356,0.6229192626770003,2.5298081540563637,0.3766075488709966,1.7199784907345352
0.266,0.39070726113769044,1.7268799763718639,0.6279153528479114,2.498045085455603,0.3800090990923384,1.7007751106708713
0.268,0.39381788786905775,1.711849210477665,0.6328476992418782,2.466173196983398,0.38337185545085417,1.6813781792579081
0.27,0.39714690288390336,1.6942488574325136,0.6377161491334261,2.4342249457739182,0.38669547227358875,1.6618084113673013
0.272,0.4010587326579037,1.6754093027866863,0.642520614322561,2.4022325945674345,0.3899796453425035,1.6420865344573827
0.274,0.404449191680499,1.6522311565842274,0.6472610706734869,2.3702281754629517,0.39322411187237744,1.6222332649369609
0.276,0.40736183262815556,1.6325899091462106,0.6519375575813888,2.338243453950927,0.39642865044148806,1.6022692845553126
0.278,0.41042472357728416,1.6138048962754665,0.6565501773679239,2.306309893267499,0.39959308087517914,1.5822152168455368
0.28,0.41374911998083475,1.5910981058299922,0.6610990946061465,2.2744586191112854,0.4027172640824759,1.5620916036483734
0.28200000000000003,0.4170485358049528,1.5720607278852645,0.6655845353756732,2.24272038476338,0.4058011018459629,1.5419188817435043
0.28400000000000003,0.4199201133260537,1.5517571043187512,0.6700067864489746,2.2111255366507168,0.4088445365651934,1.5217173596152198
0.28600000000000003,0.42285400410060997,1.5301899117425906,0.6743661944097595,2.1797039803924587,0.41184755095395176,1.5015071943791871
0.28800000000000003,0.4261148863198942,1.5108134007549034,0.6786631647044965,2.1484851473685067,0.4148101676917455,1.481308368896862
0.29,0.429017809578749,1.492619130383993,0.6828981606281938,2.117497961848622,0.41773244902995327,1.4611406691038755
0.292,0.4317534049625624,1.4749358073670957,0.6870717022456337,2.0867708087200065,0.4206144963531102,1.4410236615784746
0.294,0.4349609439149162,1.4546034211505137,0.6911843652493348,2.056331501850501,0.4234564496958618,1.4209766713758198
0.296,0.43799104477063366,1.4368088904800174,0.6952367797555824,2.0262072531238133,0.4262584872161691,1.4010187601536384
0.298,0.44110637059331487,1.4148861685307594,0.6992296290399472,1.9964246421824319,0.42902082462539787,1.3811687046143903
0.3,0.44340770832432497,1.3947207498261796,0.7031636482137733,1.9670095869130417,0.4317437145759754,1.3614449752887423
0.302,0.44620211777014956,1.3758982719449797,0.7070396228431901,1.9379873147084234,0.4344274460073449,1.3418657156847504
0.304,0.4485695158040521,1.3597641593220282,0.7108583875122679,1.9093823345389054,0.4370723434509984,1.3224487218267296
0.306,0.4519559072077179,1.3416744606780515,0.7146208243319989,1.8812184098655103,0.439678766295413,1.303211422207337
0.308,0.45424178742793836,1.3212397240184106,0.7183278613968509,1.8535185324259682,0.44224710801176487,1.2841708581759228
0.31,0.4564960811555783,1.306839300049548,0.7219804711906984,1.8263048969237583,0.44477779534133627,1.2653436647856964
0.312,0.4593531475173323,1.286792377396076,0.7255796689439971,1.7995988766492996,0.4472712874455797,1.2467460521217262
0.314,0.46171424008498435,1.2655943855081448,0.7291265109441197,1.7734210000613393,0.4497280750198422,1.2283937871312383
0.316,0.46411400557539256,1.2505543819116507,0.7326220928008307,1.7477909283554753,0.45214867937179637,1.2103021759771002
0.318,0.4670812489367094,1.231381501811589,0.7360675476689219,1.7227274340456165,0.45453365146566593,1.1924860469347698
0.32,0.46932605963871094,1.215388957544351,0.739464044430088,1.6982483805830102,0.4568835709333707,1.1749597338523652
0.322,0.4720287800051025,1.1962179148939507,0.7428127858361605,1.674370703036275,0.4591990450537564,1.157737060192864
0.324,0.4741180387610338,1.1837102960376924,0.7461150066158698,1.651110389854651,0.46148070770110994,1.1408313236767624
0.326,0.47642317422347563,1.167683135702176,0.7493719715473407,1.6284824657354309,0.4637292182641956,1.1242552815428404
0.328,0.4789316853797853,1.1496283930997417,0.7525849734985712,1.6065009756152642,0.4659452605370835,1.108021136443961
0.33,0.48092399342197967,1.1371946294534583,0.7557553314381786,1.585178969803728,0.46812954158307174,1.0921405229941026
0.332,0.4833267420548243,1.121024948160945,0.7588843884187311,1.5645284902762429,0.4702827905730359,1.0766244949820705
0.334,0.48580773859169296,1.1085363585116426,0.7619735095350152,1.5445605581420767,0.47240575759956904,1.061483513266567
0.336,0.48762454943371886,1.0913578290835675,0.7650240798596188,1.5252851623018215,0.47449921246830207,1.0467274343665138
0.338,0.4896834999023634,1.0793499238957345,0.7680375023582335,1.5067112493073627,0.4765639434678215,1.0323654997597176
0.34,0.4920312822116033,1.0706560972505215,0.7710151957871054,1.4888467144359656,0.4786007561196258,1.0184063259021552
0.342,0.494561416874436,1.0569239353387851,0.7739585925750828,1.4716983939887156,0.48061047190958445,1.0048578949793232
0.34400000000000003,0.4960273576009816,1.0407541317128015,0.7768691366927271,1.455272058822125,0.48259392700238496,0.9917275464002531
0.34600000000000003,0.4981933617205557,1.0320241024383803,0.7797482815109676,1.4395724091203093,0.4845519709404728,0.9790219690439373
0.34800000000000003,0.5005951123246908,1.0218600520404983,0.782597487651795,1.4246030704136972,0.4864854653290069,0.966747194267045
0.35000000000000003,0.5021240853146455,1.0124871977885268,0.7854182208334927,1.4103665908488077,0.4883952825083687,0.9549085896809272
0.352,0.504370152560174,0.9951239471786603,0.7882119497129171,1.3968644397121828,0.4902823042157788,0.9435108537050266
0.354,0.5065006166314447,0.9928424448700847,0.7909801437273373,1.3840970072101182,0.4921474202375846,0.9325580109029123
0.356,0.5083796510204583,0.9819438738489576,0.7937242709383461,1.37206360550439,0.4939915270537971,0.922053408106255
0.358,0.5102673703646166,0.9686111140313741,0.7964457958803516,1.3607624710027255,0.49581552647645943,0.9119997113311544
0.36,0.5121904246203789,0.9632344644110571,0.7991461774161542,1.3501907679013208,0.49762032428344005,0.9023989034903143
0.362,0.5140380532065458,0.9543966492814489,0.8018268666021048,1.3403445929752633,0.49940682884924736,0.8932522829036456
0.364,0.5156558031388833,0.9432912531769426,0.8044893045653273,1.3312189816112838,0.5011759497744652,0.8845604626089558
0.366,0.5179192295773709,0.9418206262088652,0.807134920395479,1.3228079150758245,0.5029285965154121,0.876323370473464
0.368,0.5196883420063484,0.9308492649565983,0.809765129053499,1.31510432900999,0.504665677015624,0.8685402501059533
0.37,0.5214738780030529,0.9248548385829654,0.812381329299782,1.3081001231415332,0.506388096340761,0.8612096625684561
0.372,0.5235086417087293,0.9195347547098823,0.8149849016441872,1.3017861722026267,0.5080967553185318,0.8543294888854409
0.374,0.5252465002211134,0.9152065388793156,0.8175772063202688,1.2961523380407762,0.5097925491852269,0.8478969333475521
0.376,0.5270783732323727,0.9124473399162754,0.8201595812860865,1.2911874829088632,0.5114763662404389,0.8419085276060407
0.378,0.5286369616215807,0.9015734515301614,0.8227333402539243,1.2868794839189415,0.5131490865115451,0.8363601355531097
0.38,0.53062271663094,0.9025075440842066,0.8252997707512104,1.283215248643072,0.5148115804295101,0.831246958982494
0.382,0.5325509079796737,0.9004621312147827,0.8278601322148967,1.2801807318431568,0.5164647075175576,0.8265635440236953
0.384,0.5342246007594291,0.8926973033852601,0.8304156541215176,1.277760953310438,0.5181093150942424,0.8223037883424006
0.386,0.5363170180486874,0.8886274328582741,0.8329675341551057,1.2759400167940358,0.5197462369924398,0.8184609490987311
0.388,0.5377497862549631,0.8886299806757172,0.835516936415099,1.274701129996662,0.521376292295748,0.8150276516540931
0.39,0.5394528506203301,0.8856721872998544,0.8380649896663278,1.2740266256143986,0.5230002840937811,0.8119958990165417
0.392,0.5414454532321289,0.8874737688607022,0.8406127856331203,1.2738979833962385,0.5246189982578086,0.8093570820137166
0.394,0.5432006193976504,0.8812438590665411,0.843161377339516,1.2742958531979065,0.5262332022381717,0.8071019901815699
0.396,0.5448266259941582,0.8827441564334452,0.8457117774975227,1.2752000790033322,0.5278436438848843,0.8052208233562826
0.398,0.5463953485473461,0.8832575653219551,0.8482649569452948,1.276589723886031,0.5294510502927962,0.8037032039559545
0.4,0.5482368864419979,0.8849375982299983,0.8508218431370579,1.2784430958815687,0.5310561266726719,0.802538189937858
0.402,0.5498497481902667,0.8773306397081935,0.8533833186865404,1.2807377747412294,0.5326595552495044,0.8017142884162692
0.404,0.5518528042845949,0.8824955514393357,0.8559502199656124,1.2834506395359984,0.5342619941893546,0.8012194699251255
0.406,0.5538751303440743,0.8815475326475358,0.8585233357597704,1.2865578970789835,0.5358640765559727,0.8010411833090174
0.40800000000000003,0.555537019021925,0.8797982154340085,0.8611034059820373,1.2900351111334605,0.5374664092984233,0.8011663712253
0.41000000000000003,0.5574748735479568,0.8851342581983364,0.8636911204467829,1.2938572323728192,0.539069572270902,0.8015814862394
0.41200000000000003,0.5589823582538594,0.888652870149615,0.8662871177048985,1.2979986290578216,0.5406741172858914,0.8022725074947171
0.41400000000000003,0.5604358829903482,0.8861562324855328,0.86889198394169,1.302433118395756,0.5422805672017671,0.8032249579378508
0.41600000000000004,0.5627942042888505,0.8850975516080428,0.8715062519387805,1.3071339985452848,0.5438894150459256,0.8044239220792458
0.418,0.5642657871491158,0.8892139691497077,0.8741304001012405,1.312074081230037,0.5455011231744631,0.8058540642687342
0.42,0.56608919282475,0.8943814591521865,0.8767648515510872,1.3172257249233,0.5471161224693928,0.8074996474648531
0.422,0.5673939879692812,0.8980449222766913,0.8794099732882181,1.3225608685654962,0.5487348115743453,0.8093445524762551
0.424,0.5696968112883967,0.8960110317884287,0.8820660754197692,1.3280510657755302,0.5503575561696513,0.811372297652977
0.426,0.5715188489228709,0.9031645230635867,0.8847334104588023,1.3336675195165069,0.551984688287661,0.8135660590048195
0.428,0.5734015435378879,0.9027911853178106,0.8874121726931539,1.339381117175807,0.5536165056691082,0.8159086907235945
0.43,0.5750960872957467,0.9048391229966674,0.8901024976251919,1.3451624660190251,0.5552532711612793,0.8183827460855327
0.432,0.57693257400711,0.9110842892692192,0.8928044614831456,1.350981928976843,0.5568952121586987,0.8209704987097053
0.434,0.5787928768238411,0.9122837066101201,0.8955180808045927,1.3568096607235267,0.5585425200869946,0.8236539641479024
0.436,0.5804037154761459,0.9150079474276823,0.8982433120926036,1.3626156440054005,0.5601953499305566,0.8264149217810298
0.438,0.582467295005714,0.9179848091349073,0.9009800515449583,1.368369726177359,0.5618538198045501,0.8292349369967313
0.44,0.5839932643384427,0.9228409821572524,0.9037281348567688,1.3740416559052417,0.5635180105717953,0.8320953836226186
0.442,0.5862809007266224,0.9264762553455343,0.9064873370967522,1.3796011199916982,0.5651879655049736,0.8349774665891968
0.444,0.5881413089472008,0.9245323484828565,0.9092573726573183,1.3850177802830324,0.5668636899945663,0.8378622447963094
0.446,0.5895531212276361,0.931842644225093,0.9120378952785472,1.3902613106144168,0.5685451513028796,0.8407306541566888
0.448,0.5918199190741786,0.9340723906878035,0.9148284981460488,1.3953014337508256,0.5702322783644597,0.8435635307899955
0.45,0.5934394394038275,0.9348088455141083,0.9176287140626109,1.4001079582810358,0.5719249616331408,0.8463416343405564
0.452,0.5957030832658602,0.9378171301678306,0.9204380156934552,1.4046508154221016,0.5736230529759245,0.8490456713918666
0.454,0.5973034821326957,0.9375347259693505,0.9232558158848387,1.4089000956918056,0.5753263656138261,0.851656318950809
0.456,0.59911731573088,0.9440882105851849,0.9260814680556523,1.4128260854067471,0.577034674109775,0.8541542479744654
0.458,0.6010494911704898,0.9456341506435689,0.9289142666615802,1.41639930296392,0.5787477144035997,0.8565201469123411
0.46,0.6032035104536341,0.9462399694032135,0.931753447731308,1.419590534863886,0.5804651838940733,0.8587347452368083
0.462,0.604718822841401,0.9473332821405634,0.9345981894741758,1.4223708714339451,0.5821867415679425,0.8607788369345851
0.464,0.6067369016742516,0.9531107560461214,0.9374476129585959,1.424711742210047,0.5839120081758067,0.8626333039321141
0.466,0.6089956783865984,0.9527755718011566,0.940300782860469,1.4265849509365802,0.5856405664546622,0.8642791394277743
0.468,0.6107278306172346,0.9546126038001436,0.9431567082807563,1.4279627101436152,0.5873719613968702,0.8656974711039733
0.47000000000000003,0.6127493619590885,0.9540891418156056,0.9460143436312796,1.4288176752616633,0.5891057005652548,0.8668695841922989
0.47200000000000003,0.6142658053056574,0.9552414299212183,0.9488725895877487,1.4291229782345423,0.5908412544539849,0.8677769443650812
0.47400000000000003,0.6163906040321792,0.9603343962241048,0.9517302941089317,1.4288522605915188,0.5925780568948388,0.868401220426914
0.47600000000000003,0.6183568722134674,0.9530835181733646,0.9545862535208127,1.4279797059405182,0.5943155055083986,0.8687243067799134
0.47800000000000004,0.6199814097847653,0.957645498554716,0.9574392136645025,1.4264800718448578,0.5960529621996721,0.8687283456367532
0.48,0.6215759092326711,0.9531610182892533,0.9602878711065959,1.42432872104667,0.5977897536975837,0.8683957489558045
0.482,0.6237737483160851,0.9530461093396072,0.9631308744105977,1.4215016520009274,0.5995251721377297,0.8677092200730276
0.484,0.6257309022347525,0.9487355712402614,0.9659668254679673,1.4179755286847833,0.6012584756877409,0.866651775005611
0.486,0.6277531028664759,0.9469005558199161,0.9687942808872628,1.4137277096477665,0.6029888892145464,0.8652067634027318
0.488,0.6299120112118963,0.9462034409541811,0.9716117534398013,1.408736276269246,0.6047156049927849,0.8633578891192168
0.49,0.6317273058274864,0.9388827291011449,0.9744177135601824,1.4029800601904925,0.6064377834535615,0.8610892303883141
0.492,0.633727325648067,0.9376270084482143,0.9772105908999615,1.3964386698896134,0.608154553972702,0.8583852595702514
0.494,0.6356923432734548,0.9340307721024357,0.9799887759326987,1.389092516368621,0.6098650156976095,0.8552308624537398
0.496,0.6369084513977568,0.9297418810958492,0.9827506216085445,1.3809228379229181,0.6115682384117858,0.8516113570880993
0.498,0.6388208231738447,0.9241318393151197,0.9854944450564737,1.3719117239645409,0.6132632634360342,0.8475125121242201
0.5,0.6409262031894218,0.9156644028044562,0.9882185293322168,1.362042137871582,0.6149491045653205,0.8429205646431391
0.502,0.642672125941462,0.9173883445935305,0.9909211252098915,1.351297938837345,0.6166247490402237,0.8378222374516019
0.504,0.6442263511187273,0.9052876784478121,0.9936004530152793,1.339663902693925,0.6182891585518728,0.8322047558245896
0.506,0.6458429423112176,0.899218210873157,0.9962547044986515,1.3271257416860947,0.6199412702792237,0.8260558636754316
0.508,0.6477506710871682,0.8905579468752501,0.9988820447449966,1.3136701231725798,0.6215799979574933,0.8193638391347774
0.51,0.6503132704990218,0.8838960200584371,1.0014806141194628,1.2992846872330435,0.623204232976534,0.8121175095203866
0.512,0.6518416011789973,0.873702874726296,1.0040485302457836,1.2839580631603578,0.6248128455078948,0.8043062656803929
0.514,0.6534296512092463,0.8615968010147457,1.0065838900154216,1.2676798848190225,0.6264046856592816,0.7959200756934189
0.516,0.6550093900786526,0.856851721670194,1.0090847716251254,1.2504408048518958,0.6279785846551009,0.7869494979096621
0.518,0.6565776683289637,0.8430013335142351,1.011549236640563,1.2322325077187288,0.6295333560417365,0.7773856933178244
0.52,0.6586691092252949,0.8294649558277664,1.0139753320836655,1.213047721551335,0.6310677969161836,0.76722043722354
0.522,0.6601683479796426,0.8228278019976554,1.0163610925412887,1.192880228811593,0.6325806891766351,0.7564461302257428
0.524,0.6612933217895035,0.8088504074279371,1.0187045422927685,1.1717248757398557,0.6340708007935916,0.7450558084782245
0.526,0.6631568383948723,0.7963803576317154,1.021003697453934,1.149577580582728,0.6355368871000405,0.7330431532244587
0.528,0.6646708075483239,0.7826999192854724,1.0232565681351151,1.1264353405905858,0.6369776920992297,0.7204024995945988
0.53,0.6663503711789944,0.7648627093327793,1.0254611606106683,1.1022962377766208,0.6383919497885385,0.7071288446544097
0.532,0.6677538703793984,0.7493842954291581,1.0276154794975294,1.0771594434306182,0.639778385497932,0.6932178546967515
0.534,0.669184352756617,0.7325335594369675,1.0297175299402936,1.0510252213821156,0.6411357172414662,0.6786658717671068
0.536,0.6707099124126509,0.7170683415475845,1.0317653198003116,1.02389493000902,0.6424626570802973,0.6634699194155241
0.538,0.672162949964035,0.6967280184358247,1.03375686184629,0.9957710229892126,0.6437579124956337,0.6476277076682391
0.54,0.673143489579284,0.6848613604098854,1.0356901759438781,0.966657048794111,0.64502018777006,0.6311376372131353
0.542,0.6745300286586994,0.665573909806397,1.0375632912417274,0.9365576489246106,0.6462481853756482,0.6139988027941117
0.544,0.6761164721143584,0.6454913842254164,1.03937424835151,0.9054785548912709,0.6474406073672688,0.596210995810335
0.546,0.6772615765409642,0.6246154933017086,1.0411211015193942,0.8734265839420602,0.6485961567795034,0.5777747061172797
0.548,0.6783788752234058,0.6040661219627201,1.042801920786479,0.8404096335424104,0.6497135390255582,0.5586911230273878
0.55,0.6798763954476817,0.585653048035357,1.0444147941357065,0.8064366746137736,0.6507914632965764,0.5389621355091417
0.552,0.6810135070030704,0.5630948046347406,1.0459578296227832,0.7715177435382959,0.6518286439597452,0.5185903315843539
0.554,0.6819026062131472,0.5339329439623691,1.0474291574886605,0.7356639329386491,0.6528238019535945,0.4975789969246297
0.556,0.6828973400700566,0.5155558336907085,1.0488269322511474,0.6988873812434652,0.6537756661788935,0.4759321126494857
0.558,0.6838755404454789,0.4898653206115902,1.0501493347732478,0.6612012610502231,0.6546829748835558,0.45365435233110973
0.56,0.6852929333519668,0.4671827819827502,1.0513945743058455,0.6226197662988205,0.6555444770399877,0.4307510782159819
0.562,0.6854171341744904,0.44025861675083683,1.0525608905023864,0.5831580982704607,0.6563589337133605,0.4072283366864047
0.5640000000000001,0.6863424079161797,0.415119638954717,1.0536465554032424,0.5428324504279626,0.6571251194193996,0.38309285301954216
0.5660000000000001,0.687461468306447,0.3849012925466891,1.0546498753874736,0.5016599921156124,0.6578418234705983,0.3583520255993837
0.5680000000000001,0.6878645101938402,0.3610193828647469,1.055569193089757,0.4596588511416989,0.6585078513106438,0.33301392002277685
0.5700000000000001,0.6886024230895615,0.3261838946471043,1.0564028892803352,0.4168480952890986,0.6591220258394349,0.3070872643955609
0.5720000000000001,0.6892457761828574,0.29737678029206704,1.0571493847061797,0.3732477129222357,0.6596831887388891,0.2805814497270758
0.5740000000000001,0.6897654407065217,0.2672661866291063,1.0578071418933557,0.3288785935879888,0.6601902018338364,0.25350654747366397
0.5760000000000001,0.6903833602570643,0.23261906526067613,1.0583746669213328,0.28376251398855123,0.6606419485981422,0.22587338215289288
0.578,0.6908387076207,0.1995942692589753,1.0588505112473874,0.2379221630273592,0.6610373361595137,0.19769378068573054
0.58,0.6909374444202179,0.16319958112743882,1.0592332740943775,0.19138142349509343,0.6613752989512357,0.16898139586104158
0.582,0.6909119378586593,0.12882492970271048,1.0595216087973973,0.1441673515099476,0.6616548077957087,0.13975442223653936
0.584,0.6916446548230041,0.09314831001034043,1.0597142559768753,0.09632358973902114,0.6618748970228729,0.1100446135821005
0.586,0.6914041260017262,0.0528963900322444,1.0598102563286278,0.04800017587629435,0.6620347512697377,0.07992712343238156
0.588,0.6914294306487907,0.015513746056037303,1.059810183724507,-3.63020603600106e-05,0.6621339803195185,0.0496145248904181
0.59,0.6912525516381927,-0.01712011634739481,1.0597190474031746,-0.04556816066621847,0.6621733717226391,0.019695701560322756
0.592,0.6915603866204124,-0.041930689557996836,1.0595416320253732,-0.08870768890069294,0.662156065074265,-0.00865332418702039
0.594,0.691335769093269,-0.059777023058699905,1.059278562845919,-0.13153458972719984,0.662086911317483,-0.034576878391028604
0.596,0.6911143101135337,-0.08061773049218376,1.0589290356078676,-0.17476361902568685,0.6619694724371629,-0.05871944016006
0.598,0.6912580000977407,-0.09578773987199155,1.0584919951725593,-0.21852021765414362,0.6618051621110344,-0.08215516306426675
0.6,0.6909588815170207,-0.11611345878997646,1.0579663910383474,-0.2628020671058862,0.6615940822798735,-0.10553991558044051
0.602,0.6904156006374519,-0.13089322426173153,1.0573512264840617,-0.30758227714294034,0.6613357334086357,-0.1291744356188889
0.604,0.6902839871346241,-0.15228329402569182,1.0566455682153788,-0.3528291343413726,0.6610293778348776,-0.15317778687906564
0.606,0.6896321809344305,-0.17121491496886065,1.0558485487605425,-0.3985097274181282,0.6606742026255408,-0.1775876046683807
0.608,0.689408147394167,-0.1938891661983548,1.05495936752575,-0.4445906173962511,0.6602693888410817,-0.20240689222953778
0.61,0.6892996646369574,-0.22015087495370486,1.053977291561536,-0.49103798210701094,0.6598141402456059,-0.22762429773788628
0.612,0.688571565826423,-0.23677157496693763,1.052901656222137,-0.5378176696994659,0.6593076951251536,-0.2532225602261212
0.614,0.6881345669590982,-0.26398959534772115,1.051731865748122,-0.5848952370074084,0.6587493312538314,-0.27918193566112987
0.616,0.6873189763324455,-0.28862489875018055,1.0504673937767453,-0.6322359856883737,0.6581383681297641,-0.3054815620336377
0.618,0.6871110992673676,-0.3144477986237572,1.049107783780226,-0.6798049982596351,0.6574741681295927,-0.33210000008573703
0.62,0.686241125946203,-0.3425700249895547,1.0476526494315364,-0.7275671743448795,0.6567561372259664,-0.3590154518131791
0.622,0.6856363544590859,-0.36968051236339156,1.0461016748972425,-0.7754872671469355,0.6559837255145532,-0.38620585570657584
0.624,0.6844491229044191,-0.3954114140174777,1.0444546150570155,-0.823529920113515,0.6551564276428722,-0.4136489358405252
0.626,0.6837351705276861,-0.4208954209168489,1.0427112956495055,-0.8716597037550531,0.6542737831747109,-0.44132223408068283
0.628,0.6825506321279527,-0.4543117365469836,1.0408716133443607,-0.9198411525723658,0.6533353769021131,-0.46920313629886956
0.63,0.6817967684202777,-0.48473395247276313,1.0389355357402577,-0.9680388020515363,0.6523408391089826,-0.4972688965652401
0.632,0.6807039847914237,-0.5127614912347765,1.036903101288891,-1.0162172256833388,0.6512898457875247,-0.5254966607289324
0.634,0.6798639718624773,-0.5434104477507523,1.034774419144962,-1.0643410719644792,0.6501821188077848,-0.5538634898699404
0.636,0.6790421987026869,-0.5756931983002324,1.032549668942286,-1.1123751013379557,0.6490174260402384,-0.5823463837732049
0.638,0.6773495725160038,-0.6027249545081442,1.030229100496226,-1.160284223029918,0.64779558143132,-0.6109223044591806
0.64,0.6761943229781225,-0.6352773327012976,1.027813033432745,-1.208033531740521,0.6465164450317907,-0.639568199764602
0.642,0.6751845433951885,-0.6676529501720578,1.0253018567444523,-1.2555883441464477,0.6451799229778842,-0.6682610269532757
0.644,0.673610500734151,-0.6951681751281302,1.0226960282741062,-1.3029142351729865,0.6437859674252202,-0.6969777763320092
0.646,0.6717561388674276,-0.7290475265041363,1.0199960741261185,-1.349977073993826,0.6423345764355297,-0.7256954948452189
0.648,0.6703608644790486,-0.757785834116808,1.0172025880066844,-1.3967430597170383,0.6408257938162871,-0.7543913096212682
0.65,0.6692500457349638,-0.7892106020148046,1.0143162304932523,-1.443178756716095,0.6392597089134002,-0.7830424514434744
0.652,0.6675764800189266,-0.8148573679302641,1.011337728234122,-1.4892511295651603,0.6376364563571627,-0.811626278118754
0.654,0.6653626484815828,-0.8466623448561131,1.0082678730790453,-1.5349275775383757,0.6359562157617288,-0.8401202977169805
0.656,0.6638161100598734,-0.8769041055602294,1.0051075211417786,-1.5801759686333472,0.6342192113784202,-0.8685021916542714
0.658,0.6618603394788485,-0.9057708422887243,1.0018575917956194,-1.6249646730795986,0.632425711703233,-0.8967498375936006
0.66,0.6598268345401236,-0.9375624222084523,0.9985190666030327,-1.6692625962933527,0.6305760290389604,-0.9248413321363442
0.662,0.6584471149274601,-0.9662362230655998,0.9950929881805514,-1.7130392112406378,0.6286705190124031,-0.9527550132786102
0.664,0.655956535827296,-0.9954551406695095,0.9915804590002085,-1.756264590171404,0.6267095800471901,-0.9804694826064722
0.666,0.6541121907589781,-1.026123565402121,0.9879826401288324,-1.7989094356880568,0.6246936527927811,-1.007963627204532
0.668,0.6518051545765998,-1.0561636823810472,0.9843007499066072,-1.84094511111259,0.622623219510276,-1.035216641252567
0.67,0.649853772149655,-1.0828406274693243,0.9805360625663726,-1.8823436701173013,0.6204988034157053,-1.0622080472853748
0.672,0.6475632024865954,-1.106976753885262,0.9766899067952027,-1.9230778855849318,0.6183209679815227,-1.0889177170913231
0.674,0.6453413998210685,-1.1381345440197215,0.9727636642398728,-1.9631212776649551,0.6160903161970717,-1.1153258922255245
0.676,0.6431163675688839,-1.163003939746947,0.9687587679578855,-2.002448140993673,0.6138074897888437,-1.1414132041140022
0.678,0.6403871170496787,-1.1922554348379009,0.964676700815792,-2.0410335710467318,0.6114731684013923,-1.1671606937256873
0.68,0.6381242169242537,-1.2166449516386737,0.9605189938366047,-2.078853489593688,0.6090880687398131,-1.192549830789583
0.682,0.6357170570249387,-1.2432764252900723,0.9562872244981542,-2.1158846692252706,0.6066529436747432,-1.2175625325349573
0.684,0.633354505903318,-1.263770644063781,0.951983014984304,-2.1521047569250715,0.6041685813108773,-1.242181181932979
0.686,0.6308625343253479,-1.2941606394026646,0.9476080303909871,-2.187492296658488,0.6016358040200397,-1.2663886454187816
0.6880000000000001,0.6280358183113445,-1.3219723232316125,0.9431639768890813,-2.222026750952882,0.5990554674398926,-1.2901682900735407
0.6900000000000001,0.6253473578241823,-1.3378308493458861,0.9386525998461931,-2.2556885214440716,0.596428459439399,-1.3135040002467786
0.6920000000000001,0.6226022291384371,-1.3663010133014342,0.9340756819094621,-2.28845896836548,0.5937556990521996,-1.3363801935997441
0.6940000000000001,0.6195937556932984,-1.385484012556271,0.9294350410515472,-2.3203204289574697,0.5910381353790968,-1.3587818365513944
0.6960000000000001,0.6172851815912161,-1.4104102994940317,0.9247325285819958,-2.351256234775641,0.5882767464608784,-1.380694459109186
0.6980000000000001,0.6143019744096989,-1.434264471487054,0.9199700271262395,-2.381250727878147,0.5854725381227431,-1.4021041690675977
0.7000000000000001,0.6113739635002324,-1.4530311827940066,0.9151494485744929,-2.4102892758733603,0.5826265427916271,-1.4229976655580292
0.7020000000000001,0.6083070690272078,-1.4746209943784376,0.9102727320028717,-2.4383582858105455,0.5797398182877581,-1.4433622519344773
0.704,0.6052628373923169,-1.4962729062906415,0.9053418415690767,-2.465445216897529,0.5768134465917978,-1.4631858479801445
0.706,0.6019940304256763,-1.512822387458556,0.9003587643850153,-2.4915385920306994,0.573848532588956,-1.4824570014209297
0.708,0.599256719787065,-1.5314511332700254,0.8953255083687672,-2.5166280081240453,0.5708462027914909,-1.5011648987325388
0.71,0.5959799936669646,-1.5501137746280236,0.8902441000783166,-2.540704145225328,0.5678076040410334,-1.5192993752287751
0.712,0.5926542887332428,-1.5699878837612675,0.8851165825294989,-2.563758774408869,0.5647339021921945,-1.5368509244193935
0.714,0.5893202860085777,-1.586413918407689,0.8799450130006271,-2.585784764435857,0.5616262807789411,-1.5538107066267426
0.716,0.5862740116085231,-1.60004560874674,0.8747314608262782,-2.6067760871744894,0.5584859396652385,-1.5701705568512787
0.718,0.5832645196494498,-1.6201415079625805,0.8694780051827308,-2.6267278217736942,0.5553140936814848,-1.5859229918768938
0.72,0.5796856485063162,-1.6372405432874502,0.8641867328675595,-2.6456361575856215,0.552111971248269,-1.6010612166078817
0.722,0.5765957571202371,-1.647819608829624,0.8588597360758925,-2.663498395833517,0.5488808129890086,-1.6155791296302477
0.724,0.5735505732270472,-1.661706978363727,0.8534991101758463,-2.6803129500230627,0.5456218703330267,-1.629471327990961
0.726,0.5699757901846302,-1.676275508150864,0.848106951485653,-2.6960793450966856,0.5423364041106473,-1.6427331111896526
0.728,0.5667925424362594,-1.6874779655464425,0.8426853550549893,-2.7107982153318133,0.539025683141891,-1.6553604843781657
0.73,0.56318600501709,-1.7033100636782539,0.8372364124530184,-2.724471300985482,0.5356909828203624,-1.66735016076428
0.732,0.5599164139568571,-1.7132910145960902,0.8317622095656401,-2.7371014436891525,0.5323335836939287,-1.6786995632168449
0.734,0.5569921613413721,-1.7239713668656662,0.826264824404442,-2.748692580599031,0.5289547700437878,-1.6894068250704821
0.736,0.5534332300329721,-1.7337926576354243,0.8207463249298248,-2.759249737308628,0.5255558284635299,-1.699470790128934
0.738,0.5495421677179276,-1.737915145056434,0.8152087668907614,-2.768779019531701,0.5221380464397958,-1.7088910118670606
0.74,0.5457418554288812,-1.7511442077545214,0.8096541916836311,-2.7772876035651644,0.518702710936131,-1.7176677518324088
0.742,0.5422801755911804,-1.7601492972262085,0.8040846242325452,-2.7847837255429284,0.5152511069816346,-1.725801977248204
0.744,0.5388120326839132,-1.7639889953571242,0.7985020708935592,-2.79127666949305,0.5117845162659935,-1.733295357820525
0.746,0.5353831130015287,-1.7724654608265726,0.7929085173851353,-2.796776754211934,0.5083042157424869,-1.7401502617533502
0.748,0.5319567717269058,-1.7762634257880547,0.7873059267471939,-2.801295318970694,0.5048114762405347,-1.7463697509760674
0.75,0.5281465045072478,-1.7843657916150188,0.7816962373310536,-2.8048447080701333,0.5013075610893568,-1.7519575755889505
0.752,0.5246678247597181,-1.789178177781599,0.7760813608225294,-2.807438254262123,0.4977937247542908,-1.7569181675330037
0.754,0.520910317166184,-1.7964794736198166,0.7704631803004165,-2.8090902610564585,0.49427121148730785,-1.7612566334914719
0.756,0.5170649437604515,-1.795645589382126,0.7648435483325493,-2.8098159839335746,0.4907412539932455,-1.7649787470311964
0.758,0.5139355450474085,-1.8019085819997231,0.7592242851115798,-2.8096316104847374,0.48720507211325975,-1.7680909399928708
0.76,0.5101985624451918,-1.800221515206473,0.7536071766325746,-2.8085542395025858,0.48366387152697954,-1.7706002931401192
0.762,0.5067715161754546,-1.8020623010429586,0.7479939729144824,-2.806601859046091,0.48011884247482317,-1.7725145260781716
0.764,0.5031406147226163,-1.8010246696512142,0.7423863862674721,-2.803793323505191,0.47657115850191567,-1.7738419864537494
0.766,0.4995017027719317,-1.8030732949051476,0.7367860896080891,-2.800148329691505,0.47302197522501843,-1.7745916384486062
0.768,0.4957865210201191,-1.8048868685353212,0.7311947148241238,-2.795687391982656,0.46947242912385845,-1.7747730505799795
0.77,0.4925146394370399,-1.8051821382429836,0.7256138511910262,-2.7904318165488187,0.46592363635821443,-1.774396382822006
0.772,0.4885791123092596,-1.8036820904341868,0.7200450438416438,-2.7844036746911645,0.46237669161208855,-1.7734723730629391
0.774,0.48515074355555937,-1.800512947955922,0.714489792290998,-2.777625775322908,0.458832666966261,-1.772012322913768
0.776,0.4814518398479579,-1.8000267051357395,0.7089495490177486,-2.770121636624629,0.4552926108004918,-1.7700280828845856
0.778,0.4778336159302135,-1.7966355896360235,0.7034257181039356,-2.761915456906512,0.4517575467266003,-1.767532036945781
0.78,0.4743239496393369,-1.789650560004289,0.6979196539345135,-2.7530320847110477,0.4482284725536166,-1.7645370864918422
0.782,0.47078054900869976,-1.7893356362770028,0.6924326599581323,-2.7434969881906217,0.4447063592861641,-1.7610566337262363
0.784,0.4674190406268903,-1.7851054796671957,0.6869659875105418,-2.733336223795243,0.44119215015719104,-1.7571045644865109
0.786,0.46377594075177714,-1.7817015222080572,0.6815208347019289,-2.72257640430647,0.43768675969613224,-1.7526952305293926
0.788,0.4603428112777302,-1.77726801533642,0.6760983453694203,-2.7112446662543315,0.43419107283353964,-1.7478434312962932
0.79,0.4561646918285476,-1.7718905460032164,0.6706996080959108,-2.699368636754763,0.4307059440431792,-1.7425643951802208
0.792,0.45304317521038173,-1.763821812651873,0.6653256552962993,-2.6869763998057374,0.42723219652254785,-1.736873760315675
0.794,0.4492997639890966,-1.7593537443478333,0.6599774623721375,-2.6740964620808954,0.42377062141272054,-1.7307875549136498
0.796,0.4459472802384713,-1.750786435668004,0.6546559469356173,-2.6607577182600544,0.42032197705839175,-1.7243221771643946
0.798,0.4423407469717363,-1.7485214331638108,0.6493619681037444,-2.646989415936523,0.4168869883089296,-1.717494374731078
0.8,0.43921461228893705,-1.7390471744960267,0.6440963258634611,-2.632821120141613,0.41346634586121367,-1.710321223857974
0.802,0.43557031359907405,-1.7330599826540893,0.6388597605084068,-2.6182826775271972,0.4100607056449792,-1.7028201081172287
0.804,0.432241993799034,-1.7185702861305852,0.6336529521479116,-2.603404180247556,0.40667068825134184,-1.6950086968186884
0.806,0.4284666342529529,-1.7150699895263648,0.6284765202887475,-2.588215929582085,0.4032968784051265,-1.6869049231076498
0.808,0.42506077458041996,-1.7102818440312573,0.623331023490066,-2.5727483993407576,0.399939824481575,-1.6785269617757592
0.81,0.42192420725612306,-1.6983067700656227,0.618216959091877,-2.5570321990944636,0.3966000380679538,-1.6698932068106127
0.812,0.4183283636800952,-1.693307210504531,0.6131347630173318,-2.5410980372725653,0.39327799357053395,-1.661022248709914
0.8140000000000001,0.41512196688184855,-1.6805754272991877,0.6080848096489915,-2.5249766841701513,0.3899741278673613,-1.6519328515863136
0.8160000000000001,0.4112915970441329,-1.672423587252205,0.6030674117791763,-2.50869893490758,0.3866888400071827,-1.6426439300892968
0.8180000000000001,0.4084967656021623,-1.6686343204929734,0.5980828206344064,-2.492295572384957,0.38342249095484127,-1.6331745261706967
0.8200000000000001,0.4053095507743745,-1.657904645418897,0.593131225973858,-2.4757973302741956,0.3801754033834001,-1.6235437857205899
0.8220000000000001,0.401707646739699,-1.644815055440977,0.5882127562616755,-2.459234856091264,0.37694786151319915,-1.6137709351004792
0.8240000000000001,0.39867058065333955,-1.6383153365801926,0.5833274789128932,-2.44263867439114,0.3737401109979976,-1.6038752576007873
0.8260000000000001,0.39493857844167113,-1.6234566172044467,0.5784754006126375,-2.426039150127837,0.370552358858298,-1.5938760698497731
0.8280000000000001,0.3916706279000409,-1.618454269916354,0.5736564677081941,-2.4094664522216886,0.36738477346189596,-1.5837926982010362
0.8300000000000001,0.3889192380502156,-1.607086877793486,0.5688705666734425,-2.3929505173758314,0.36423748455164234,-1.5736444551267987
0.8320000000000001,0.3853018537563404,-1.5943456474281763,0.5641175246450754,-2.376521014183543,0.36111058332035406,-1.5634506156441528
0.834,0.38245239477259924,-1.5920588117746057,0.5593971100299399,-2.3602073075677565,0.3580041225327512,-1.553230393801413
0.836,0.3793060812948024,-1.5769717604609081,0.5547090331827524,-2.3440384235936857,0.3549181166942479,-1.5430029192516557
0.838,0.3761074115499296,-1.567765222280565,0.5500529471533623,-2.328043014695074,0.35185254226636703,-1.532787213940418
0.84,0.37308900858788197,-1.5614008813367783,0.5454284485026542,-2.312249325354092,0.3488073379284982,-1.5226021689343987
0.842,0.370093050723059,-1.5489454912115264,0.5408350781861053,-2.2966851582743955,0.34578240488566253,-1.5124665214178465
0.844,0.36699665712399837,-1.5412682301796514,0.5362723225039328,-2.2813778410862855,0.3427776072218963,-1.5023988318831196
0.846,0.36383821454589776,-1.534314135860614,0.5317396141166881,-2.2663541936222944,0.33979277229881294,-1.4924174615416825
0.848,0.3603654948419623,-1.5255508187066065,0.5272363331250864,-2.251640495800871,0.33682769119884987,-1.4825405499815494
0.85,0.357723083238935,-1.5115834379006146,0.5227618082127762,-2.237262456155131,0.3338821192126561,-1.4727859930969
0.852,0.35451384579987,-1.505666969631184,0.5183153178506904,-2.2232451810429024,0.33095577637002555,-1.4631714213152813
0.854,0.35181113960038213,-1.4952284088260568,0.5138960915615434,-2.2096131445735074,0.3280483480137306,-1.453714178147461
0.856,0.3486439551545049,-1.4893270262374436,0.5095033112429715,-2.1963901592858943,0.32515948541556133,-1.4444312990846353
0.858,0.3461264429702885,-1.4812716940693695,0.5051361125477478,-2.1835993476118727,0.3222888064338268,-1.435339490867284
0.86,0.34289895917662755,-1.4705473251083365,0.5007935863194333,-2.1712631141572962,0.3194358962115277,-1.4264551111495436
0.862,0.34016255827183556,-1.462718208900383,0.4964747800817671,-2.1594031188331,0.31660030791436267,-1.417794148582512
0.864,0.33674382097732736,-1.4558164437925492,0.49217869958003285,-2.1480402508671137,0.3137815635076838,-1.4093722033394158
0.866,0.3342628191474641,-1.4489922602130867,0.4879043103725797,-2.1371946037265652,0.3109791545714737,-1.40120446810506
0.868,0.33110809413038983,-1.4415037062664666,0.4836505394706194,-2.1268854509801325,0.30819254315237077,-1.3933057095514494
0.87,0.3280504600763975,-1.4351744601774454,0.4794162770243648,-2.117131223127328,0.305421162651729,-1.3856902503209065
0.872,0.3258851952702777,-1.4255362212054246,0.47520037805352106,-2.1079494854218748,0.30266441874865413,-1.3783719515374289
0.874,0.3225523459689501,-1.424530103401341,0.4710016642200919,-2.099356916714603,0.2999216903569213,-1.3713641958664187
0.876,0.320140760573811,-1.4153915820216159,0.4668189256414115,-2.091369289340204,0.29719233061463673,-1.364679871142288
0.878,0.31696226752606155,-1.409670537033935,0.4626509227412695,-2.0840014500709905,0.29447566790547114,-1.358331354582785
0.88,0.31398104795768156,-1.4124928044645328,0.4584963881369504,-2.0772673021595804,0.2917710069102547,-1.3523304976082147
0.882,0.31170322983249366,-1.4039831198710906,0.45435402855996804,-2.071179788491158,0.28907762968768863,-1.3466886112830283
0.884,0.30842292913201363,-1.398075854979013,0.45022252680823865,-2.065750875864701,0.28639479678289553,-1.3414164523965402
0.886,0.3061605046254767,-1.3962796505367288,0.44610054372739616,-2.0609915404212527,0.28372174836249797,-1.3365242101987924
0.888,0.3030371935797855,-1.3899375083374346,0.44198672021892416,-2.0569117542360003,0.2810577053748843,-1.3320214938068364
0.89,0.300286517023907,-1.3873595030849195,0.437879679272745,-2.0535204730895837,0.27840187073429246,-1.327917320295924
0.892,0.2974626646705211,-1.3857235135064288,0.43377802802187965,-2.050825625432691,0.2757534305273138,-1.3242201034893164
0.894,0.29443998824394013,-1.3876505844222466,0.4296803598167664,-2.048834102556633,0.2731115552403946,-1.3209376434596105
0.896,0.2920202535784881,-1.382367838419286,0.425585256316804,-2.0475517499811957,0.2704754010068873,-1.3180771167536642
0.898,0.289125582891399,-1.3833340304117923,0.42149128959666465,-2.0469833600696656,0.2678441108721825,-1.3156450673523705
0.9,0.28636630874702623,-1.3777696663690562,0.4173970242649056,-2.047132665879512,0.2652168160754312,-1.3136473983756791
0.902,0.2837968903130726,-1.381509120229963,0.413301019592394,-2.0480023362557853,0.26259263734634636,-1.3120893645424117
0.904,0.28072146199496517,-1.3799501554757023,0.4092018316480483,-2.049593972172865,0.2599706862155593,-1.3109755653935422
0.906,0.2781458710835453,-1.3842611903158386,0.40509801543939084,-2.0519081043287395,0.2573500663369858,-1.310309939286739
0.908,0.2754938280921078,-1.3836556217433347,0.4009881270554017,-2.0549441919945743,0.2547298748206477,-1.3100957581690718
0.91,0.2727536802474825,-1.3851541153109186,0.39687072580916,-2.0587006231208664,0.2521092035743799,-1.3103356231338947
0.912,0.26986734125265316,-1.3781211246807168,0.39274437637775994,-2.0631747157000397,0.24948714065284586,-1.3110314607670122
0.914,0.26750088577690906,-1.3843521944275567,0.3886076509369922,-2.068362720383892,0.2468627716122732,-1.3121845202863232
0.916,0.2645202019538512,-1.3936447578353026,0.38445913128828646,-2.074259824352853,0.24423518086931675,-1.3137953714782276
0.918,0.2615310121021572,-1.3982793757996803,0.3802974109754213,-2.0808601564325744,0.24160345306245043,-1.315863903433161
0.92,0.2588399535340323,-1.3974582441985397,0.37612109738851746,-2.0881567934519354,0.23896667441428704,-1.3183893240817004
0.922,0.2562499225559613,-1.4030453463003685,0.3719288138528472,-2.0961417678351193,0.2363239340932235,-1.3213701605317654
0.924,0.2528941118104864,-1.4061137891939337,0.3677192017000092,-2.10480607641899,0.23367432557281048,-1.3248042602065133
0.926,0.25037722923689204,-1.412093946413603,0.363490922319038,-2.114139690485592,0.23101694798724726,-1.3286887927816067
0.928,0.24747559859204923,-1.4175667379284067,0.3592426591850416,-2.1241315669981917,0.22835090748140804,-1.3330202529196085
0.93,0.24470499167036353,-1.426476591059594,0.3549731198629858,-2.1347696610278977,0.22567531855381134,-1.3377944637983445
0.932,0.24159489391246658,-1.431976930992368,0.35068103798427275,-2.1460409393565207,0.22298930539095302,-1.343006581429156
0.934,0.238698208431624,-1.4352228922284507,0.3463651751937928,-2.157931395239983,0.2202920031914329,-1.348651099760056
0.936,0.23575776405806284,-1.4446436597871262,0.3420243230651623,-2.170426064315245,0.21758255947831712,-1.3547218565578987
0.9380000000000001,0.23260987548994166,-1.452341174401388,0.33765730498189744,-2.183509041632409,0.21486013539819157,-1.3612120400627763
0.9400000000000001,0.23040661619398836,-1.460613187103002,0.33326297798231275,-2.19716349979235,0.21212390700537764,-1.368114196406962
0.9420000000000001,0.2270313772709082,-1.4690324738202996,0.32884023456597483,-2.2113717081689632,0.20937306652979795,-1.3754202377898443
0.9440000000000001,0.2242195854104441,-1.4772749894493606,0.3243880044595871,-2.2261150531938596,0.20660682362699911,-1.38312145139942
0.9460000000000001,0.22087501410435045,-1.4875264183203614,0.3199052563402269,-2.2413740596801213,0.203824406608859,-1.3912085090700612
0.9480000000000001,0.21837099043431593,-1.4974528288494444,0.3153909995139058,-2.257128413160528,0.20102506365352818,-1.3996714776654127
0.9500000000000001,0.21543824242307294,-1.5032094191314191,0.3108442855474768,-2.2733569832145015,0.19820806399317928,-1.4084998301744527
0.9520000000000001,0.21225473205361164,-1.5184940613043023,0.30626420985196307,-2.2900378477568712,0.19537269907816343,-1.417682457507918
0.9540000000000001,0.20940812525583735,-1.5239360620861264,0.30164991321544216,-2.307148318260457,0.19251828371620044,-1.427207680981494
0.9560000000000001,0.20597243262421172,-1.5396778695350608,0.29700058328367535,-2.324664965883392,0.1896441571852577,-1.4370632654713749
0.9580000000000001,0.20275630247591941,-1.5485149042824107,0.2923154559867332,-2.342563648471066,0.18674968431880365,-1.4472364332270293
0.96,0.19991291084192647,-1.5628489382504305,0.2875938169099301,-2.3608195384015493,0.18383425656215316,-1.4577138783252441
0.962,0.19649466518205794,-1.5767720261154583,0.28283500260744526,-2.379407151242412,0.1808972929986556,-1.4684817817487823
0.964,0.193928220719418,-1.582109885756032,0.2780384018570735,-2.398300375185885,0.17793824134451106,-1.479525827072273
0.966,0.19040919265000267,-1.5939524280974273,0.2732034568546166,-2.417472501228441,0.17495657891103655,-1.4908312167372506
0.968,0.1872869100920391,-1.6102847903175759,0.26832966434649663,-2.4368962540599983,0.1719518135332414,-1.5023826888975769
0.97,0.18390048255482744,-1.620125294302496,0.26341657669924234,-2.4565438236271384,0.16892348446360975,-1.5141645348158317
0.972,0.18059229571969607,-1.6375079849371066,0.25846380290457444,-2.4763868973339505,0.1658711632300285,-1.5261606167906145
0.974,0.17735533713439883,-1.647181801017744,0.2534710095188877,-2.4963966928433807,0.16279445445684032,-1.53835438659409
0.976,0.17370512395052806,-1.6584975470322134,0.24843792153600514,-2.5165439914412744,0.15969299664804326,-1.5507289043985242
0.978,0.17079241487105773,-1.6743227883941083,0.24336432319215584,-2.5367991719246428,0.1565664629317033,-1.563266858169993
0.98,0.16688616009893975,-1.688207500961904,0.23825005870220564,-2.557132244975093,0.15341456176468948,-1.5759505835069048
0.982,0.16392149329338404,-1.7030545822977983,0.23309503292625006,-2.577512887977786,0.15023703759688856,-1.5887620839004692
0.984,0.16061842098629686,-1.7145276490360442,0.22789921196575846,-2.597910480245792,0.14703367149410104,-1.601683051393754
0.986,0.15721503023508301,-1.726542219471301,0.22266262368854,-2.618294138609222,0.14380428171887003,-1.614694887615515
0.988,0.1538315351874742,-1.7418151359898322,0.2173853581818838,-2.638632753328113,0.14054872426854093,-1.6277787251645506
0.99,0.15002118910049297,-1.754694814052437,0.21206756813330846,-2.658895024287662,0.13726689336990106,-1.6409154493199314
0.992,0.14643017084742796,-1.7673409876884605,0.20670946913844032,-2.679049497434075,0.1339587219297969,-1.6540857200520704
0.994,0.14288913159304364,-1.7815838831035453,0.20131133993562228,-2.6990646014090265,0.1306241819411784,-1.6672699943092653
0.996,0.13904385525041923,-1.7976870469878026,0.1958735225669413,-2.71890868434049,0.12726328484407037,-1.6804485485540137
0.998,0.13587748315679943,-1.8097373418374525,0.19039642246544627,-2.738550050747516,0.12387608184102412,-1.6936015015231252
1.0,0.1319540614582514,-1.824112146985034,0.18488050846841345,-2.757956998516416,0.12046266416665335,-1.7067088371853842
1.002,0.1283370288757204,-1.8359117169881447,0.17932631275660205,-2.777097855905703,0.11702316331091275,-1.7197504278703017
1.004,0.12491314193705899,-1.850796793966016,0.17373443071952777,-2.7959410185371363,0.11355775119583018,-1.732706057541283
1.006,0.12082185991300975,-1.8607731612101766,0.16810552074686738,-2.8144549863301966,0.11006664030545742,-1.7455554451863842
1.008,0.11720749843149512,-1.8726722626898262,0.16244030394619255,-2.83260840033742,0.10655008376885805,-1.7582782682996851
1.01,0.11389164482972386,-1.8856203170337342,0.15673956378731635,-2.8503700794380986,0.10300837539600564,-1.7708541864262048
1.012,0.10997405022323219,-1.8964511566493742,0.15100414567362028,-2.8677090568480392,0.09944184966651923,-1.7832628647432105
1.014,0.10580239440474029,-1.9121761563392659,0.14523495644081372,-2.8845946164032745,0.09585088167121776,-1.7954839976507302
1.016,0.1020582838457445,-1.9221448383582922,0.13943296378366196,-2.900996328575877,0.09223588700652963,-1.8074973323440664
1.018,0.09813430797201521,-1.9339125740716823,0.1335991956113013,-2.9168840861803393,0.08859732162184737,-1.8192826923411258
1.02,0.09409857129050157,-1.9452284538879445,0.12773473933184262,-2.932228139729338,0.0849356816199725,-1.8308200009374367
1.022,0.09048112804353564,-1.958318436165629,0.12184074106704643,-2.946999132398095,0.0812515030108489,-1.8420893045618025
1.024,0.0866324954849127,-1.9676414281883523,0.1159184047979324,-2.9611681345570084,0.07754536141883758,-1.8530707960056572
1.026,0.08221244208067982,-1.9763015147373542,0.10996899144226698,-2.9747066778327147,0.07381787174383891,-1.8637448374993313
1.028,0.07825579956949902,-1.9889406502820641,0.1039938178649504,-2.9875867886582874,0.07006968777662169,-1.8740919836086123
1.03,0.07424065329565174,-1.9991714111814896,0.09799425582240268,-2.999781021273864,0.06630150176877131,-1.8840930039251906
1.032,0.07029826357502883,-2.007904076525441,0.09197173084212343,-3.0112624901396257,0.06251404395772167,-1.8937289055248174
1.034,0.06638281962197023,-2.0133409403449725,0.08592772103867598,-3.022004901723727,0.05870808204738714,-1.9029809551672676
1.036,0.062142448902952355,-2.0266390216288275,0.07986375586741899,-3.0319825856284943,0.05488442064496214,-1.911830701212498
1.038,0.058240148628668886,-2.028692908223536,0.07378141481738106,-3.041170525018969,0.05104390065450671,-1.9202599952277157
1.04,0.054500835418595794,-2.0425519483985592,0.06768232604474371,-3.0495443863186757,0.04718739862798585,-1.9282510132604287
1.042,0.04968797545085178,-2.044820542322758,0.061568164948467036,-3.0570805481383387,0.043315826074479986,-1.93578627675293
1.044,0.04624573945994074,-2.049655635863369,0.05544065268965874,-3.0637561294041467,0.03943012872833182,-1.9428486730740844
1.046,0.04238712560163161,-2.0561078398764563,0.04930155465635255,-3.0695490166530917,0.03553128577704238,-1.9494214756447221
1.048,0.038010859740973416,-2.0657914649883873,0.043152678875424816,-3.074437890463867,0.03162030904977555,-1.955488363633412
1.05,0.03350362797994819,-2.065275881994425,0.03699587437343923,-3.0784022509927933,0.02769824216737579,-1.9610334411998804
1.052,0.029488151764689222,-2.0726184948216044,0.030833029488268673,-3.0814224425852785,0.023766159654848063,-1.9660412562638645
1.054,0.025181208897154608,-2.0754849640119306,0.0246660701333999,-3.083479677434386,0.01982516601729261,-1.970496818777727
1.056,0.021381273299254457,-2.078902916689718,0.018496958016881573,-3.084556058259163,0.01587639478032913,-1.9743856184817399
1.058,0.01691028621051663,-2.0840215373232804,0.012327688816928514,-3.0846345999765297,0.011921007496086069,-1.9776936421215299
1.06,0.012468202604358589,-2.0851210753709903,0.006160290316245175,-3.08369925034167,0.007960192715870463,-1.9804073901078028
1.062,0.0087144815305199,-2.0862562376443794,-3.1795028209435916e-06,-3.081734909533059,0.003995164930672261,-1.982513892599101
1.064,0.004886554516669848,-2.0827931033803253,-0.006160634400139905,-3.0787274486594804,2.7163480694226798e-05,-1.9840007249890173
1.066,0.0005483318442365632,-2.084840912926803,-0.012309961854475127,-3.074663727167611,-0.003942548564865702,-1.984856022779964
1.068,-0.0039006616691641925,-2.0818438901912546,-0.018449025072735197,-3.0695316091300353,-0.007912685556518327,-1.9850684958263132
1.07,-0.007992272854827967,-2.0807740077456467,-0.024575665029524834,-3.063319978394819,-0.011881940440379199,-1.9846274419304355
1.072,-0.012138264214881385,-2.08121619395021,-0.03068770253468303,-3.056018752579099,-0.015848985959931047,-1.9835227597759242
1.074,-0.01611129808413488,-2.0771008864729854,-0.03678294032646396,-3.047618895890464,-0.019812475882297124,-1.9817449611830382
1.076,-0.020402279626227395,-2.0730379707241466,-0.04285916518798646,-3.038112430761249,-0.0237710462476415,-1.9792851826721887
1.078,-0.02470335990621579,-2.069700730822008,-0.048914150084550946,-3.0274924482822434,-0.02772331664028567,-1.9761351963220837
1.08,-0.02895870564394709,-2.06632728915415,-0.0549456563193983,-3.0157531174236794,-0.031667891480105584,-1.972287419909958
1.082,-0.03285676669500915,-2.057345712747594,-0.06095143570546384,-3.0028896930327686,-0.03560336133274986,-1.9677349263221406
1.084,-0.03694504302274373,-2.056028131666802,-0.06692923275066077,-2.9888985225984657,-0.03952830423719797,-1.9624714522240525
1.086,-0.04110261263708253,-2.0450840791025917,-0.07287678685421187,-2.9737770517755466,-0.043441287049157125,-1.9564914059795766
1.088,-0.04518939910442198,-2.039223744573018,-0.07879183451153492,-2.957523828661526,-0.047340866798778344,-1.9497898748106082
1.09,-0.04905691155322949,-2.031485440242102,-0.08467211152517765,-2.940138506821364,-0.051225592061155276,-1.9423626311884647
1.092,-0.05325133815511405,-2.0171931134749395,-0.09051535521929037,-2.92162184705636,-0.05509400433805472,-1.9342061384497204
1.094,-0.05737258450917518,-2.0080512828648267,-0.0963193066551205,-2.901975717915072,-0.05894463944931456,-1.9253175556299205
1.096,-0.061037584236066915,-1.9966217095561933,-0.1020817128450116,-2.881203094945546,-0.06277602893233362,-1.91569474150953
1.098,-0.06564150531735574,-1.987045076563545,-0.10780032896239078,-2.8593080586895923,-0.06658670144806839,-1.9053362578673811
1.1,-0.06925731217311713,-1.9737010973839009,-0.11347292054523336,-2.8362957914212887,-0.07037518419194397,-1.8942413719377882
1.102,-0.0729745875232284,-1.9580056688427676,-0.11909726569050003,-2.8121725726333335,-0.0741400043080808,-1.8824100580684218
1.104,-0.07699250489198622,-1.9438212909157953,-0.12467115723705266,-2.786945773276318,-0.0778796903052347,-1.8698429985769496
1.106,-0.08118959950823003,-1.9326415344018715,-0.1301924049345675,-2.760623848757417,-0.08159277347284545,-1.8565415838053723
1.108,-0.08482891364038236,-1.9116892619418142,-0.13565883759598035,-2.7332163307064254,-0.08527778929558927,-1.8425079113719078
1.11,-0.08840810985236582,-1.896465647057234,-0.14106830523101732,-2.7047338175184823,-0.08893327886483167,-1.8277447846211987
1.112,-0.0921007522134707,-1.883834590391417,-0.1464186811583858,-2.6751879636842433,-0.09255779028538075,-1.8122557102745405
1.114,-0.09602457557733288,-1.8649357893159337,-0.15170786409422507,-2.6445914679196383,-0.09614988007594624,-1.7960448952827475
1.116,-0.09923982411907854,-1.8475176982607888,-0.15693378021444257,-2.6129580601087508,-0.09970811456171663,-1.7791172428851914
1.118,-0.10305332319727752,-1.8254075979472624,-0.16209438518859198,-2.5803024870747064,-0.10323107125747555,-1.7614783478794591
1.12,-0.1064813399419687,-1.80593196741317,-0.16718766618298161,-2.5466404971948156,-0.10671734023968953,-1.7431344911069873
1.122,-0.1103976116388198,-1.77985978559809,-0.1722116438307367,-2.511988823877539,-0.11016552550601139,-1.7240926331609268
1.124,-0.11449822100543532,-1.76635691768992,-0.17716437416657702,-2.4763651679201573,-0.11357424632065817,-1.7043604073233947
1.1260000000000001,-0.11748941634241075,-1.7423674732116377,-0.18204395052411163,-2.439788178767309,-0.11694213854413846,-1.6839461117401453
1.1280000000000001,-0.12097658663956093,-1.7213129321116658,-0.1868485053934953,-2.4022774346918347,-0.12026785594582162,-1.662858700841581
1.1300000000000001,-0.12437605290330622,-1.7002683618359942,-0.19157621223733648,-2.3638534219205924,-0.12355007149786139,-1.641107776019881
1.1320000000000001,-0.12769224243569313,-1.6726639258931189,-0.19622528726279476,-2.3245375127291323,-0.12678747864900716,-1.6187035755728876
1.1340000000000001,-0.1308384148364315,-1.6503860773823886,-0.20079399114785534,-2.2843519425303005,-0.12997879257685963,-1.5956569639262304
1.1360000000000001,-0.1340656947424866,-1.6236412525110921,-0.20528063071982133,-2.243319785983,-0.13312275141715163,-1.5719794201459985
1.1380000000000001,-0.13759317081102537,-1.5984578443135888,-0.20968356058411827,-2.2014649321484656,-0.1362181174686618,-1.5476830257550886
1.1400000000000001,-0.14048042571166905,-1.5708441129350033,-0.21400118470156326,-2.1588120587225004,-0.13926367837239612,-1.5227804518671582
1.1420000000000001,-0.14371234921325657,-1.5449868009425698,-0.21823195791230965,-2.115386605373189,-0.1422582482637019,-1.4972849456528918
1.1440000000000001,-0.1467614597014806,-1.5201009022576215,-0.22237438740473892,-2.0712147462146286,-0.14520066889601002,-1.471210316154067
1.1460000000000001,-0.14965988627818994,-1.4962226903295457,-0.22642703412763535,-2.0263233614482177,-0.14808981073493332,-1.4445709194616456
1.1480000000000001,-0.1525559089996458,-1.4631580057286515,-0.23038851414404332,-1.9807400082039868,-0.15092457402148304,-1.4173816432748545
1.1500000000000001,-0.15560332878167618,-1.4338503511127774,-0.23425749992527412,-1.934492890615395,-0.1537038898032009,-1.3896578908589305
1.1520000000000001,-0.15828699525411136,-1.4013822391111166,-0.23803272158359787,-1.8876108291618798,-0.15642672093204069,-1.3614155644198926
1.154,-0.16101334183570754,-1.3717538991072553,-0.24171296804222647,-1.8401232293142995,-0.15909206302787143,-1.3326710479153792
1.156,-0.16394251207104069,-1.3449578973471619,-0.24529708814126489,-1.792060049519207,-0.1616989454065139,-1.3034411893212334
1.158,-0.16612008516969234,-1.3126466061987847,-0.2487839916783822,-1.7434517685586521,-0.16424643197126218,-1.2737432823741484
1.16,-0.1691780377371875,-1.2812843155440172,-0.25217265038302805,-1.6943293523229321,-0.16673362206688475,-1.2435950478112834
1.162,-0.17152897188979432,-1.255159519400473,-0.2554620988230968,-1.6447242200343788,-0.16915965129514143,-1.2130146141283422
1.164,-0.1738573881656429,-1.2167531948847068,-0.2586514352430186,-1.5946682099609069,-0.17152369229089776,-1.1820204978781608
1.166,-0.17649973876649436,-1.1880603490050174,-0.26173982233233584,-1.5441935446586341,-0.1738249554579625,-1.1506315835323724
1.168,-0.1783171843435538,-1.1581243257116107,-0.2647264879239027,-1.4933327957834215,-0.17606268966382096,-1.1188671029292316
1.17,-0.1804983666164268,-1.1177633354340286,-0.267610725620926,-1.4421188485116812,-0.17823618289248325,-1.0867466143311448
1.172,-0.18292352596268552,-1.0887779980426295,-0.2703918953521485,-1.390584865611249,-0.18034476285471507,-1.0542899811159057
1.174,-0.18516595460105148,-1.0533187170650353,-0.27306942385455557,-1.338764251203516,-0.1823877975549672,-1.0215173501260617
1.176,-0.18697168264342798,-1.0165528877655927,-0.2756428050830723,-1.2866906142583745,-0.18436469581436965,-0.9884491297012205
1.178,-0.18915231798274906,-0.9846687333549562,-0.2781116005468,-1.2343977318638335,-0.1862749077492066,-0.9551059674184766
1.18,-0.19098642630104853,-0.9533056759878651,-0.28047543957142484,-1.1819195123124264,-0.18811792520433954,-0.9215087275664734
1.182,-0.1932779734274899,-0.9154071793106052,-0.2827340194875183,-1.1292899580467348,-0.18989328214109738,-0.8876784683789167
1.184,-0.19443684387172822,-0.8775273453541168,-0.28488710574453135,-1.07654312850652,-0.19160055497920467,-0.8536364190536402
1.186,-0.19670153818324937,-0.8481532973182285,-0.2869345319503715,-1.023713102920063,-0.19323936289237179,-0.8194039565835614
1.188,-0.19792504571459188,-0.8114823633888255,-0.2888761998365363,-0.9708339430823815,-0.19480936805722396,-0.7850025824260893
1.19,-0.19944692818922263,-0.77789820320112,-0.29071207914886227,-0.9179396561629992,-0.19631027585529942,-0.7504538990377269
1.192,-0.20051062209924628,-0.7398875399879709,-0.2924422074640341,-0.8650641575859186,-0.19774183502790096,-0.7157795863007654
1.194,-0.2026133280177986,-0.704640864931863,-0.2940666899320828,-0.8122412340243546,-0.19910383778363916,-0.6810013778690972
1.196,-0.20377935903644698,-0.6716797021350537,-0.2955856989451881,-0.7595045065526614,-0.20039611985855968,-0.6461410374602604
1.198,-0.20492302810704457,-0.6368791258290132,-0.29699947373318347,-0.7068873939976988,-0.2016185605288015,-0.6112203351209066
1.2,-0.20596530911399724,-0.6006385190078279,-0.2983083198862468,-0.6544230765316575,-0.20277108257578738,-0.5762610234929423
1.202,-0.20731994404773507,-0.5684800376740053,-0.299512608805343,-0.6021444595480999,-0.20385365220400287,-0.5412848141077391
1.204,-0.20821867187480947,-0.5294266100645194,-0.3006127770810685,-0.5500841378627572,-0.20486627891147557,-0.5063133537363481
1.206,-0.2090255818235065,-0.49155678114538087,-0.3016093258016308,-0.4982743602811558,-0.2058090153131274,-0.4713682008259149
1.208,-0.21019373196341715,-0.45596298668172597,-0.30250281979079446,-0.44674699458182043,-0.20668195691725091,-0.43647080206175903
1.21,-0.21105912308795116,-0.4226881271588475,-0.30329388677683133,-0.39553349301842217,-0.20748524185551495,-0.40164246913202206
1.212,-0.21163383960297383,-0.3865017924147991,-0.3039832164945617,-0.3446648588651872,-0.2082190505673583,-0.3669043559216673
1.214,-0.21244315567585279,-0.3482346804921975,-0.3045715597299716,-0.2941716177049343,-0.2088836054412748,-0.3322774369582545
1.216,-0.21321553101327578,-0.313188113523709,-0.30505972737135373,-0.2440838206910777,-0.20947917042183983,-0.2977824902825155
1.218,-0.21371611122614537,-0.27913866583752106,-0.30544858992793833,-0.19443127829231183,-0.21000605061608657,-0.2634400971233631
1.22,-0.21400959230224348,-0.23758283509309555,-0.3057390808180183,-0.14524544504000678,-0.21046459202911963,-0.2292707065165246
1.222,-0.21454627145553262,-0.19974323190694743,-0.3059322265544397,-0.09657286821068789,-0.2108551819303163,-0.19529495059833094
1.224,-0.2145844795114719,-0.15927981493817267,-0.3060293574978427,-0.048565471701510654,-0.21117825176993138,-0.16153491980754217
1.226,-0.2151345025779455,-0.1218163115761028,-0.3060333010815293,-0.00197179184329984,-0.21143428990514415,-0.1280190676063842
1.228,-0.21523735454142814,-0.08087465053990103,-0.3059510652353658,0.04111792308176633,-0.2116238909586374,-0.09480052674663014
1.23,-0.21546230397366592,-0.042392593150412175,-0.30578968008282553,0.08069257627012766,-0.2117479352507745,-0.0620221460685562
1.232,-0.21550635544910823,-0.004231815957764366,-0.30555226149432874,0.11870929424838818,-0.2118081648813431,-0.030114815284298206
1.234,-0.21562095527491867,0.022425450598860086,-0.3052403862392084,0.15593762756017462,-0.21180843180772616,-0.00013346319153238057
1.236,-0.21543095477624394,0.044840119923730284,-0.30485529359477964,0.1925463222143902,-0.2117550192017769,0.026706302974634555
1.238,-0.2152204801042676,0.05704723525884429,-0.3043981835504194,0.2285550221801009,-0.2116537059823888,0.0506566096940418
1.24,-0.2147333082317486,0.07610076191146929,-0.3038702823720959,0.26395058916175546,-0.21150798996958906,0.07285800639987283
1.242,-0.21478283723860303,0.09319904104067371,-0.3032728558487121,0.2987132616919081,-0.21131979415342167,0.09409790808369338
1.244,-0.21455270836173285,0.10779474155044337,-0.3026072108701953,0.33282248925839264,-0.21109029042489932,0.11475186426117344
1.246,-0.2143942828557052,0.11952981696591243,-0.3018746943426276,0.36625826378387155,-0.210820333465434,0.13497847973266536
1.248,-0.2142660036784631,0.13335551137997237,-0.3010766914614433,0.399001440592144,-0.21051065676857247,0.154838348430765
1.25,-0.21375881501979785,0.14796253674119983,-0.30021462380642805,0.43103382750761976,-0.2101619577226869,0.1743495229427871
1.252,-0.212942031918328,0.16154777379941168,-0.2992899473685473,0.46233821894038424,-0.20977493395937816,0.19351188165436842
1.254,-0.21306127973496938,0.17451877113672729,-0.29830415053661413,0.4928984159665808,-0.20935029856348808,0.21231769794503677
1.256,-0.21259910071639293,0.19160812967108423,-0.29725875205238117,0.5226992421164675,-0.2088887860958965,0.2307562337957894
1.258,-0.2127084895032182,0.20283471882695978,-0.2961552989379523,0.5517265572144416,-0.208391154590035,0.24881575293076358
1.26,-0.2119217996859173,0.21745659736188597,-0.2949953643982682,0.5799672698420405,-0.20785818576140297,0.26648441431600894
1.262,-0.21124054859131777,0.22976675206744226,-0.29378054570115036,0.6074093485589123,-0.2072906844096917,0.2837506758556397
1.264,-0.21102686848493912,0.2423210954102681,-0.2925124620373349,0.6340418319077347,-0.20668947744652458,0.3006034815835649
1.266,-0.210431920607027,0.25676647184449364,-0.2911927523629311,0.6598548372019014,-0.20605541274264066,0.31703235194195567
1.268,-0.21009023636244728,0.27080157527572596,-0.2898230732267538,0.6848395680886252,-0.2053893578826842,0.33302742997823603
1.27,-0.20928345285913275,0.28522488432718845,-0.2884050965849949,0.7089883208794616,-0.2046921988686057,0.348579507039248
1.272,-0.2088340967713079,0.29448044702210807,-0.2869405076057127,0.7322944896411072,-0.20396483879140948,0.36368003859812253
1.274,-0.2084280017551255,0.3073874851613405,-0.2854310024656315,0.7547525700405885,-0.20320819648128224,0.3783211550636166
1.276,-0.20778690536817562,0.3214316670367477,-0.2838782861417508,0.7763581619403511,-0.2024232051416671,0.39249566980757994
1.278,-0.2071247048978114,0.33243820750530784,-0.28228407020027046,0.7971079707401838,-0.20161081097076286,0.40619708545211036
1.28,-0.20622155038885287,0.34507019627162183,-0.28065007058534175,0.8169998074643537,-0.20077197177295,0.4194195989064236
1.282,-0.20550491438172067,0.35728788136099576,-0.2789780054101542,0.8360325875937784,-0.1999076555621781,0.43215810538594507
1.284,-0.2046280923611104,0.36946301943386817,-0.2772695927528652,0.8542063286445033,-0.19901883915912874,0.4444082015246747
1.286,-0.20371657244694877,0.38010641670931833,-0.27552654845987484,0.8715221464952041,-0.1981065067838605,0.4561661876341254
1.288,-0.20336254130631543,0.39188371015697804,-0.2737505839589391,0.8879822504678728,-0.19717164864559134,0.4674290691345749
1.29,-0.20201113820785216,0.40017957592881903,-0.2719434040846045,0.9035899371672883,-0.19621525953124877,0.478194557171285
1.292,-0.20175885006303793,0.40813385984382955,-0.27010670491843186,0.9183495830863013,-0.1952383373944042,0.48846106842228915
1.294,-0.20119512451881513,0.41853974266459887,-0.2682421716464611,0.9322666359853894,-0.19424188194620068,0.49822772410174976
1.296,-0.1997878483985872,0.4288313325715678,-0.2663514764363484,0.94534760505635,-0.19322689324987666,0.5074943481620102
1.298,-0.1990484191931584,0.440050782464587,-0.26443627633658556,0.9576000498814037,-0.19219437032048176,0.5162614646974538
1.3,-0.19787150103870624,0.4470359242742321,-0.26249821120018485,0.9690325682003696,-0.19114530973137434,0.5245302945537115
1.302,-0.19738478217818678,0.45496042699224815,-0.26053890163518495,0.9796547824999466,-0.19008070422908152,0.5323027511464135
1.304,-0.19634717277535318,0.46320753798095654,-0.25855994698430396,0.9894773254404974,-0.1890015413580926,0.539581435494453
1.306,-0.19538676091281418,0.4700233137886782,-0.2565629233360298,0.9985118241370708,-0.1879088020971455,0.5463696304735562
1.308,-0.19432312057003434,0.474638912867866,-0.2545493815694044,1.0067708833127187,-0.18680345950855187,0.5526712942968107
1.31,-0.19372581100115333,0.48230731051182635,-0.2525208454347174,1.014268067343467,-0.18568647740209254,0.5584910532296714
1.312,-0.19234703677406173,0.4870911880603011,-0.25047880967228625,1.0210178812155768,-0.18455880901499688,0.5638341935478329
1.314,-0.19152852240358434,0.49406012387366627,-0.24842473817145228,1.0270357504169874,-0.18342139570950244,0.5687066527472217
1.316,-0.1904372841544651,0.49712931323697546,-0.24636006217188014,1.0323379997860618,-0.18227516568947,0.5731150100162189
1.318,-0.18951602376690954,0.5049825385985334,-0.24428617850919623,1.036941831341959,-0.18112103273750785,0.5770664759810755
1.32,-0.18897092478013175,0.5084045081246177,-0.24220444790695198,1.0408653011221305,-0.17995989497403522,0.580568881736313
1.322,-0.18724247724198323,0.5090451422829688,-0.2401161933168448,1.0441272950535854,-0.17879263363968975,0.5836306671727323
1.324,-0.18643633058621908,0.5143893089536732,-0.23802269830907344,1.0467475038856815,-0.17762011190245683,0.5862608686164573
1.326,-0.18558067343979492,0.5152765063178755,-0.23592520551464688,1.0487463972132856,-0.17644317369087034,0.5884691057932395
1.328,-0.18464596840143213,0.5156320832865706,-0.2338249151214065,1.050145196620189,-0.1752626425546043,0.590265568133021
1.33,-0.18331097707174646,0.5209542328057216,-0.2317229834254591,1.0509658479736885,-0.17407932055374326,0.5916610004305204
1.332,-0.1823143315334354,0.5174501665789679,-0.22962052143965467,1.0512309929022134,-0.17289398717798657,0.5926666878783458
1.334,-0.18111556474918292,0.5214339377305429,-0.22751859356067702,1.0509639394888264,-0.17170739829700685,0.593294440489861
1.336,-0.18001631092197504,0.5235765160924066,-0.22541821629624836,1.0501886322143323,-0.17052028514314738,0.5935565769297388
1.338,-0.1789879242991892,0.5274533723161883,-0.22332035705387918,1.0489296211845884,-0.16933335332760574,0.5934659077708142
1.34,-0.1779050357695362,0.5266481761747603,-0.2212259329925243,1.047212030677443,-0.1681472818912127,0.5930357181965148
1.342,-0.17731672071882357,0.525147771715693,-0.2191358099384333,1.0450615270455093,-0.16696272239087512,0.5922797501687844
1.344,-0.17574222423736408,0.5249243365275742,-0.21705080136640983,1.0425042860117264,-0.16578029802271105,0.5912121840820318
1.346,-0.17484444464702795,0.5245643103760832,-0.2149716674476191,1.0395669593953625,-0.1646006027828626,0.5898476199242286
1.348,-0.17391656243049347,0.5217308564801902,-0.2128991141650056,1.036276641306767,-0.1634242006669289,0.5882010579668526
1.35,-0.17282910412675997,0.5237918388885053,-0.210833792497306,1.032660833849799,-0.16225162490891706,0.5862878790059105
1.352,-0.17207210981616677,0.5214744240532643,-0.20877629767256314,1.0287474123714206,-0.16108337726056346,0.5841238241767969
1.354,-0.17064007200829273,0.5200053610295712,-0.2067271684919662,1.0245645902984748,-0.159919927311831,0.5817249743662359
1.356,-0.1696704745897948,0.517696463732608,-0.20468688672476193,1.0201408836021335,-0.15876171185334095,0.5791077292450164
1.358,-0.16879533123949697,0.5124942351434684,-0.20265587657490003,1.0155050749309453,-0.15760913428144963,0.5762887859456699
1.36,-0.16807694523475236,0.5151991913867305,-0.20063450421999246,1.0106861774537823,-0.15646256404663034,0.5732851174096504
1.362,-0.16682841063755746,0.51254080691737,-0.1986230774230838,1.0057133984543294,-0.15532233614577243,0.5701139504289559
1.364,-0.1655621235752316,0.5066059864556464,-0.19662184521764572,1.0006161027190439,-0.15418875065895746,0.5667927434074852
1.366,-0.16452098841357587,0.5042936249626546,-0.1946309976661242,0.9954237757607532,-0.15306207233122196,0.5633391638677454
1.368,-0.16384755257475878,0.5018099142352315,-0.1926506656922837,0.9901659869202486,-0.1519425301997643,0.5597710657288216
1.37,-0.16251810400473854,0.5001720589792686,-0.19068092098750694,0.9848723523883742,-0.15083031726700075,0.5561064663817834
1.372,-0.16179140916194648,0.49845366538819014,-0.18872177599112452,0.9795724981912052,-0.14972559021982287,0.5523635235889369
1.374,-0.16073727572018875,0.4905329398214164,-0.1867731839447626,0.9742960231809512,-0.1486284691953558,0.5485605122335346
1.3760000000000001,-0.1592796965407269,0.4911633249046982,-0.18483503902061219,0.969072462075217,-0.14753903759346235,0.5447158009467294
1.3780000000000001,-0.15884669578546456,0.48546991323751965,-0.1829071765234378,0.9639312485871961,-0.14645734193618495,0.5408478286386991
1.3800000000000001,-0.15792550987624618,0.4870621138694473,-0.18098937316605926,0.9589016786892723,-0.145383391774263,0.5369750809609811
1.3820000000000001,-0.1568897800976704,0.48404319325243267,-0.17908134741795456,0.9540128740523492,-0.1443171596408087,0.5331160667271364
1.3840000000000001,-0.1556302555831824,0.4802059224207101,-0.1771827599265485,0.9492937457030284,-0.1432585810521709,0.5292892943189079
1.3860000000000001,-0.15498948744383698,0.47814044234655384,-0.1752932140106675,0.9447729579405059,-0.1422075545559608,0.5255132481050613
1.3880000000000001,-0.15397949870311145,0.4739158472620433,-0.17341225622555798,0.9404788925547602,-0.14116394182616063,0.5218063649000764
1.3900000000000001,-0.1528206765412164,0.4676850252978022,-0.17153937699878347,0.9364396133872581,-0.14012756780518099,0.5181870104898165
1.3920000000000001,-0.1522082033013227,0.47043986327420395,-0.16967401133623344,0.9326828312750112,-0.13909822089267854,0.5146734562512244
1.3940000000000001,-0.1512759276105402,0.46516707774267013,-0.1678155395973967,0.9292358694183777,-0.13807565318089257,0.5112838558929866
1.3960000000000001,-0.14992249456077503,0.4648958745818133,-0.16596328833897167,0.9261256292125142,-0.13705958073620464,0.5080362223439701
1.3980000000000001,-0.14908528279026184,0.4610455764866894,-0.16411653122580797,0.9233785565818522,-0.13604968392657252,0.5049484048160636
1.4000000000000001,-0.14854623428491953,0.45775640108915727,-0.16227449000809518,0.9210206088563936,-0.1350456077944368,0.5020380660678593
1.4020000000000001,-0.14721665794807295,0.4591148116370668,-0.16043633556363918,0.9190772222279988,-0.13404696247464606,0.4993226598953757
1.4040000000000001,-0.14639803136020957,0.4536630884996797,-0.15860118900399084,0.9175732798241724,-0.13305332365689454,0.4968194088757675
1.4060000000000001,-0.14593249492828134,0.4571736421731264,-0.15676812284311856,0.9165330804361419,-0.1320642330921152,0.49454528238967127
1.408,-0.1445874512390879,0.4544693298881587,-0.15493616222724402,0.9159803079372741,-0.13107919914222016,0.49251697494752217
1.41,-0.1434791006086038,0.4516575301647101,-0.15310428622438987,0.9159380014270768,-0.13009769737253052,0.49075088484482243
1.412,-0.14261814319601204,0.45194921857069603,-0.15127142917211947,0.9164285261352016,-0.12911917118618857,0.48926309317096817
1.414,-0.1418954593870173,0.4510998274996255,-0.14943648208188148,0.9174735451189884,-0.12814303249979692,0.48806934319583184
1.416,-0.14144190746847343,0.44975870057817374,-0.14759829409830713,0.919093991787179,-0.1271686624594812,0.48718502015786547
1.418,-0.1403298106365089,0.4529949270723557,-0.14575567401174416,0.9213100432814781,-0.12619541219652713,0.48662513147702613
1.42,-0.1390899401154116,0.45193275884765993,-0.14390739182225087,0.9241410947466513,-0.12522260362169646,0.48640428741533714
1.422,-0.13835323197134775,0.4542802489029258,-0.1420521803532132,0.9276057345188284,-0.12424953025728169,0.486536682207383
1.424,-0.1375856476017166,0.45984389080746485,-0.14018873691269196,0.9317217202606254,-0.1232754581059167,0.4870360756824949
1.426,-0.1362315372205306,0.4584328293360453,-0.13831572500055075,0.9365059560706048,-0.12229962655511706,0.4879157753998174
1.428,-0.13535552894124506,0.4629039110864474,-0.1364317760593638,0.941974470593479,-0.12132124931648335,0.4891886193168564
1.43,-0.13438650441900576,0.4655324507528172,-0.1345354912670512,0.9481423961563035,-0.12033951539846036,0.4908669590114953
1.432,-0.13362810815034706,0.47159581679038914,-0.13262544336914173,0.9550239489547309,-0.1193535901115067,0.4929626434768269
1.434,-0.13261694444967834,0.4700535070016095,-0.13070017854851734,0.9626324103121867,-0.11836261610449171,0.49548700350749264
1.436,-0.13190088188101495,0.47596082857507493,-0.12875821833045015,0.9709801090335919,-0.11736571443110064,0.4984508366955386
1.438,-0.13091827578063156,0.48601128457545684,-0.12679806152070214,0.9800784048739994,-0.11636198564499445,0.5018643930530967
1.44,-0.12978307458440297,0.4861500520461517,-0.12481818617441968,0.9899376731412287,-0.11535051092243749,0.5057373612784813
1.442,-0.12887997369656778,0.4939435493945882,-0.12281705159351913,1.0005672904502756,-0.11433035321107439,0.5100788556815481
1.444,-0.12783052680499796,0.5008671173559667,-0.12079310035022724,1.0119756216459508,-0.11330055840350757,0.5148974037834071
1.446,-0.12648847989521328,0.5096851975087395,-0.11874476033440952,1.024170007908856,-0.11226015653429795,0.5202009346048064
1.448,-0.12567099442177013,0.5149932076553253,-0.11667044682229263,1.0371567560584427,-0.11120816299898453,0.5259967676567076
1.45,-0.12437334424586206,0.5245252372609479,-0.11456856456416159,1.0509411290655228,-0.11014357979369299,0.5322916026457695
1.452,-0.12360635985000042,0.5276017307413126,-0.11243750988859118,1.0655273377852081,-0.10906539677387973,0.5390915099066325
1.454,-0.12279815054947056,0.5403205826380334,-0.11027567282075149,1.0809185339198495,-0.10797259293073562,0.5464019215720575
1.456,-0.12150899473400142,0.5530958931265317,-0.10808143921231123,1.0971168042201325,-0.10686413768375337,0.5542276234911263
1.458,-0.12016676375421892,0.5591438807116685,-0.1058531928804491,1.1141231659310593,-0.10573899218794368,0.5625727479048469
1.46,-0.11905348458253678,0.5761714229069302,-0.10358931775347287,1.1319375634881164,-0.1045961106541684,0.5714407668876355
1.462,-0.11817618701427432,0.5866761870461948,-0.1012882000205379,1.150558866467485,-0.10343444168104388,0.5808344865622651
1.464,-0.11689079334911154,0.5984209679119266,-0.09894823028295248,1.169984868792711,-0.10225292959685392,0.5907560420949807
1.466,-0.11561563958454152,0.6054467525916445,-0.09656780570455488,1.190212289198802,-0.10105051580990075,0.6012068934765811
1.468,-0.11420629224916354,0.618982570052871,-0.09414533215864833,1.2112367729532747,-0.09982614016571202,0.6121878220943654
1.47,-0.11339094450072353,0.6314653981059005,-0.09167922636898387,1.2330528948322241,-0.09857874230951416,0.6236989280989302
1.472,-0.1120484043969429,0.6508874174183344,-0.08916791804228777,1.255654163348049,-0.09730726305237639,0.6357396285688884
1.474,-0.1106004606782598,0.6667589410158555,-0.08660985198983974,1.2790330262240168,-0.09601064573942505,0.6483086564756637
1.476,-0.1091497121331768,0.6816503726737345,-0.08400349023562088,1.3031808771094266,-0.09468783761852587,0.6614040604495934
1.478,-0.10759778589350848,0.696312137342259,-0.0813473141085655,1.328088063527692,-0.09333779120783056,0.6750232053476493
1.48,-0.10587272989700143,0.7126632875140658,-0.078639826316469,1.3537438960482495,-0.09195946566058623,0.6891627736221633
1.482,-0.10516329216301648,0.7259716254092441,-0.07587955299912541,1.380136658671794,-0.09055182812560818,0.7038187674890256
1.484,-0.10356641687185998,0.7480958699736315,-0.07306504575829154,1.4072536204169348,-0.08911385510182238,0.7189865118928978
1.486,-0.10187904470135452,0.7625207604342629,-0.07019488366210155,1.4350810480949934,-0.08764453378529023,0.7346606582660696
1.488,-0.100126893621325,0.7844591202617075,-0.06726767522158497,1.4636042202582906,-0.08614286340713688,0.7508351890766739
1.49,-0.09874320767185032,0.7987258222448969,-0.06428206033697313,1.49280744230592,-0.08460785656081475,0.7675034231610632
1.492,-0.09690909298903784,0.8252864281616235,-0.061236712211513784,1.5226740627296744,-0.08303854051714625,0.7846580218342518
1.494,-0.09546676969379342,0.8404245871007179,-0.05813033923055083,1.553186490481475,-0.0814339585256034,0.8022909957714282
1.496,-0.0935325062765192,0.8613752635157435,-0.054961686803666095,1.5843262134423677,-0.07979317110029809,0.820393712652658
1.498,-0.0918116871907543,0.8824996747539897,-0.05172953916772234,1.6160738179718763,-0.07811525728917405,0.8389569055620171
1.5,-0.0900146246306703,0.9018888545985908,-0.04843272114869182,1.648409009515261,-0.076399315924911,0.8579706821315247
1.502,-0.08804175136737095,0.9216443670644694,-0.04507009988020179,1.681310634245016,-0.07464446685607222,0.8774245344193932
1.504,-0.08617104530678144,0.9446156523142657,-0.04164058647677831,1.7147567017117398,-0.0728498521570497,0.8973073495112592
1.506,-0.08421184623349824,0.972455321020719,-0.03814313765982159,1.7487244084783633,-0.07101463731538522,0.9176074208322365
1.508,-0.08245524760836363,0.9879729041047114,-0.034576757334400444,1.7831901627105713,-0.06913801239507161,0.9383124601568024
1.51,-0.08012993796901195,1.0135064349999783,-0.03094049811501011,1.8181296096951685,-0.06721919317446613,0.9594096103027375
1.512,-0.07821249370081869,1.0360646326690848,-0.027233462798495988,1.8535176582570605,-0.06525742225747705,0.98088545849454
1.514,-0.07633897814664208,1.0602339178592886,-0.023454805782407006,1.8893285080444906,-0.0632519701567151,1.002726050380972
1.516,-0.07412178997438883,1.0841698056503983,-0.01960373442710466,1.9255356776511745,-0.06120213634733382,1.024916904690641
1.518,-0.0720811982143574,1.1090791192496905,-0.015679510360018648,1.962112033543005,-0.05910725029031626,1.04744302850878
1.52,-0.06951668698855423,1.1343969284858328,-0.01168145072050649,1.999029819756079,-0.05696667242400089,1.070288933157682
1.522,-0.06728677606887933,1.1592229306143553,-0.007608929343842675,2.036260688331908,-0.054779795122675806,1.0934386506625442
1.524,-0.06473154484158651,1.1876893890543474,-0.0034613778829330364,2.073775730454819,-0.0525460436211082,1.116875750783802
1.526,-0.06241559969503301,1.210831799411095,0.0007617131335784788,2.1115455082557575,-0.05026487690391543,1.1405833585963872
1.528,-0.059726787569524036,1.2328088278419962,0.005060793308070309,2.149540087245915,-0.04793578855872402,1.1645441725957053
1.53,-0.057406123956478525,1.2611776992738768,0.009436251446756114,2.1877290693429026,-0.045558307592104955,1.1887404833095307
1.532,-0.054679345301945834,1.2828575846921029,0.013888414699659096,2.2260816264514904,-0.043131999207316106,1.2131541923944253
1.534,-0.05214143689174707,1.3110838957637316,0.0184175477687797,2.2645665345603017,-0.04065646554292663,1.2377668321947366
1.536,-0.04949507852704231,1.3403797017398529,0.023023852185410205,2.303152208315253,-0.03813134637144325,1.2625595857416927
1.538,-0.04688490369934972,1.3632652608521034,0.027707465657470183,2.341806736029988,-0.03555631975710403,1.2875133071696083
1.54,-0.04401997809403684,1.390820722727607,0.03246846148765627,2.3804979150930405,-0.03293110267205256,1.3126085425257323
1.542,-0.041400816553246046,1.416405350014071,0.037306848063118285,2.4191932877310083,-0.03025545157015293,1.3378255509498156
1.544,-0.03806176413218284,1.4443720460113605,0.042222568417291516,2.457860177086615,-0.027529162917754826,1.363144326199053
1.546,-0.03541335273461524,1.4720338352080249,0.04721549986443184,2.4964657235701604,-0.024752073680767525,1.3885446184936512
1.548,-0.03238137379657289,1.4974009080748136,0.05228545370731696,2.5349769214425586,-0.021924061767451708,1.414005956657909
1.55,-0.028988017717020184,1.5258638834936926,0.05743217501849273,2.573360655587885,-0.019045046426389,1.4395076705313543
1.552,-0.02577851562522269,1.5527037149933949,0.062655342495359,2.6115837384331404,-0.01611498859914066,1.4650289136241688
1.554,-0.02284830393443424,1.5793365336627685,0.06795456838930454,2.6496129469727694,-0.013133891227158955,1.4905486859908528
1.556,-0.019996781102681736,1.6048627749452091,0.07332939850901522,2.687415059855344,-0.010101799512567294,1.5160458572958302
1.558,-0.01697906231016342,1.6316989133628221,0.07877931229799474,2.724956894489759,-0.007018801132478356,1.5414991900444688
1.56,-0.013573340457831368,1.6545981073752993,0.08430372298625126,2.7622053441282546,-0.003885026406572746,1.566887362952805
1.562,-0.009694035513005418,1.6830605022308895,0.08990197781601848,2.799127414883613,-0.0007006484177145469,1.5921889944290997
1.564,-0.006673130849468127,1.7079481657725986,0.09557335834129438,2.835690262637947,0.002534116914565893,1.61738266614022
1.566,-0.002832948235715161,1.7360145587966354,0.10131708080089563,2.8718612298006234,0.005819010807837394,1.6424469466357503
1.568,0.00043427905513947586,1.760135944797518,0.10713229656464171,2.907607881873041,0.009153731637842714,1.66736041500266
1.57,0.004037557315243195,1.7862629781138575,0.1130180926521981,2.9428980437781944,0.012537935006889371,1.6921016845233283
1.572,0.007851465770094258,1.806943150219813,0.11897349232402459,2.9776998359132385,0.015971233859508802,1.7166494263097152
1.574,0.011162689364699068,1.837881539957239,0.12499745574379173,3.0119817098835693,0.019453198645281798,1.7409823928864983
1.576,0.01516807892047728,1.8589687733778069,0.13108888071154637,3.0457124838773204,0.022983357528673906,1.7650794416960531
1.578,0.019094301163011036,1.886661343851674,0.13724660346682552,3.0788613776395746,0.02656119664567039,1.7889195584982418
1.58,0.022415359444671306,1.905728691471437,0.14346939956083762,3.1113980470060527,0.030186160406946584,1.8124818806380976
1.582,0.026237080275478556,1.9358656724001768,0.14975598479675073,3.1432926179565537,0.03385765184725587,1.835745720154643
1.584,0.030358837740129294,1.9549259091987088,0.15610501623704864,3.174515720148961,0.037575033020664395,1.8586905867042611
1.586,0.03411808679956846,1.9775234567585958,0.1625150932768391,3.205038519895238,0.041337625441208906,1.8812962102722557
1.588,0.038443449109497554,1.9998726562031859,0.16898475878192204,3.2348327525414717,0.04514471056850185,1.903542563646472
1.59,0.04215499962719992,2.0225646990053066,0.17551250029035145,3.263870754214704,0.04899553033775612,1.9254098846271333
1.592,0.04643110029248479,2.0455099725383636,0.18209675127615152,3.292125492900028,0.05288928773365079,1.946878697947339
1.594,0.05015210588369613,2.064223578386826,0.1887358924737759,3.31957059881219,0.05682514740740882,1.967929836879016
1.596,0.05461050083619981,2.0859485233792996,0.1954282532618294,3.3461803940267476,0.06080223633640775,1.9885444644994636
1.598,0.05912039502652356,2.1062511777660675,0.20217211310450275,3.371929921336688,0.06481964452559581,2.0087040945940324
1.6,0.06367168727838568,2.1245681703289554,0.20896570304910536,3.396794972301308,0.06887642574993759,2.0283906121708872
1.602,0.06774205509838974,2.143875689802425,0.2158072072780155,3.420752114455066,0.07297159833706611,2.047586293564259
1.604,0.07193664176852005,2.163496630652404,0.2226947647133057,3.4437787176451105,0.07710414598927222,2.0662738261030547
1.606,0.07586621633042152,2.181602158512721,0.22962647067224004,3.4658529794671598,0.08127301864391662,2.0844363273221993
1.608,0.08041878961502713,2.197464033280703,0.23660037857178098,3.4869539497704745,0.08547713337130583,2.1020573636946094
1.61,0.08481507961642706,2.2149000619875223,0.24361450168018842,3.5070615542037116,0.08971537530903032,2.1191209688622443
1.612,0.08939988061078816,2.2307152682480322,0.25066681491373755,3.526156616774564,0.09398659863172085,2.135611661345264
1.614,0.09386778164966746,2.244752603454604,0.257755256676532,3.544220881397224,0.09828962755513868,2.1515144617089144
1.616,0.0984168645955924,2.2604178971296442,0.2648777307413377,3.5612370324028593,0.10262325737347547,2.166814909168394
1.618,0.10291808685591496,2.2739977951456614,0.2720321081693167,3.5771887139895067,0.10698625552870066,2.181499077612591
1.62,0.1077716777226347,2.28978972774417,0.2792162292664947,3.5920605485889823,0.11137736271075717,2.195553591028258
1.622,0.11219239690546574,2.301862704037385,0.28642790557475406,3.60583815412967,0.11579529398737091,2.208965638306874
1.624,0.11704357435334067,2.314143718238768,0.2936649218951047,3.618508160175315,0.12023873996220523,2.2217229874171562
1.6260000000000001,0.12143884674318017,2.323306603417816,0.30092503834094714,3.6300582229212406,0.12470636796005906,2.233813998926916
1.6280000000000001,0.12631660387377552,2.3369519358793176,0.3082059924190086,3.6404770390307153,0.12919682323777645,2.2452276388586925
1.6300000000000001,0.13110101423067275,2.346676271794913,0.31550550113559966,3.6497543582955463,0.13370873021950522,2.2559534908643766
1.6320000000000001,0.13542628838249482,2.356431441289944,0.3228212631258123,3.657880995106311,0.13824069375491482,2.2659817677048073
1.6340000000000001,0.14034614999470446,2.361597718370784,0.3301509608032503,3.664848838719017,0.1427913003989571,2.2753033220211347
1.6360000000000001,0.1453615696087357,2.371415544720252,0.337492262527863,3.67065086230636,0.1473591197117282,2.283909656385547
1.6380000000000001,0.1500439293222973,2.3786758568267032,0.34484282478942935,3.675281130783152,0.1519427055769678,2.291792932619797
1.6400000000000001,0.15478726575781457,2.383345435967093,0.3522002944042231,3.6787348073969004,0.15654059753770938,2.298945980370794
1.6420000000000001,0.159584138653412,2.3893550231235556,0.359562310722375,3.681008159075932,0.1611513221475762,2.3053623049334013
1.6440000000000001,0.16395941726548752,2.3975790068883995,0.3669265078434328,3.6820985605288947,0.16577339433619903,2.3110360943114165
1.6460000000000001,0.1689878920259617,2.3980571447988877,0.3742905168376146,3.6820044970909027,0.17040531878721626,2.3159622255086174
1.6480000000000001,0.17398788406132454,2.3987977349756053,0.38165196797024065,3.6807255663130247,0.1750455913273015,2.32013627004262
1.6500000000000001,0.17863046658801648,2.4077127272114733,0.3890084929268272,3.678262478293274,0.1796927003246519,2.323554498675201
1.6520000000000001,0.18378374498084485,2.40636859636819,0.3963577270363246,3.674617054748695,0.18434512809535916,2.326213885353631
1.6540000000000001,0.1882126589985222,2.4074488753016148,0.4036973114899838,3.6697922268295904,0.18900135231607612,2.32811211035848
1.6560000000000001,0.19267266847722359,2.40715971047567,0.41102489555334054,3.6637920316783887,0.19365984744138465,2.3292475626542593
1.6580000000000001,0.19792419400369587,2.4078291712683053,0.4183381387688147,3.6566216077370814,0.19831908612426502,2.329619341440189
1.6600000000000001,0.20297590010072022,2.406623788861773,0.4256347131464319,3.6482871888086117,0.2029775406380636,2.3292272568992964
1.6620000000000001,0.20757008245914504,2.4035334192769775,0.43291230534019,3.6387960968790183,0.20763368429835355,2.3280718301449728
1.6640000000000001,0.21199125276585093,2.401111167118555,0.44016861880760716,3.6281567337085745,0.21228599288308364,2.3261542923650405
1.666,0.21699082936062578,2.39409895359414,0.4474013759500103,3.616378571201567,0.21693294604941224,2.323476583164302
1.668,0.22153281865307586,2.3931705961338587,0.45460832023114184,3.6034721405657724,0.22157302874562718,2.320041348107469
1.67,0.22681410499635826,2.385336994324362,0.46178721827169,3.5894490202740754,0.22620473261655774,2.3158519354652825
1.672,0.23145125431096333,2.379885823157027,0.46893586191737413,3.574321822842054,0.23082655740089286,2.3109123921675607
1.674,0.2361734072599712,2.3713418979657774,0.4760520702782476,3.558104180436716,0.2354370123188285,2.305227458967812
1.676,0.2405130016355068,2.367868388529109,0.4831336917369134,3.540810729332918,0.24003461744847843,2.298802564824969
1.678,0.24542809167994084,2.3582784183870045,0.490178605923384,3.5224570932353196,0.2446179050894958,2.291643820508686
1.68,0.250220460740867,2.3534535832148045,0.49718472565435406,3.503059865485033,0.2491854211123669,2.2837580114355536
1.682,0.2550230686992221,2.3395916098968454,0.5041499988346969,3.48263659017141,0.2537357262918558,2.275152589744446
1.684,0.2595865763375337,2.3295154044797504,0.5110724103190383,3.461205742170667,0.25826739762309603,2.2658356656201124
1.686,0.2641797532015081,2.318968875992968,0.5179499837313069,3.4387867061342803,0.26277902961884597,2.255815997874976
1.688,0.26891666003848386,2.3052417963880942,0.5247807832402095,3.415399754451299,0.2672692355864459,2.245102983799959
1.69,0.2734744612436578,2.294373325010756,0.5315629152886293,3.3910660242098922,0.2717366488830379,2.2337066482959957
1.692,0.27821835726229444,2.2793661024326193,0.5382945302749985,3.3658074931846063,0.2761799241476353,2.2216376322987217
1.694,0.2823318005322877,2.267556880815041,0.5449738241847524,3.339646954876924,0.2805977385086546,2.2089071805096356
1.696,0.2870827327885967,2.255104863526599,0.551599040170028,3.3126079926378065,0.2849887927655503,2.195527128447836
1.698,0.29106897173302615,2.2411776850240397,0.5581684700758319,3.2847149529019575,0.2893518125432247,2.1815098888372066
1.7,0.2958816923143827,2.2207523061650507,0.564680455910961,3.2559929175645617,0.2936855494179141,2.166868437344697
1.702,0.3007123941626015,2.2040229539639693,0.5711333912620256,3.2264676755322466,0.29798878201328627,2.1516162976860853
1.704,0.30498379761947375,2.1897341968978763,0.5775257226489875,3.1961656934809595,0.3022603170655189,2.135767526116338
1.706,0.3092529251126844,2.169094760549808,0.5838559508206962,3.16511408585436,0.3064989904561637,2.1193366953223927
1.708,0.313880391459068,2.156793416914987,0.5901226319889706,3.133340584137211,0.3107036682116374,2.102338877736871
1.71,0.3179139704425959,2.1334711808549245,0.5963243789998488,3.1008735054390733,0.3148732474682212,2.0847896282918987
1.712,0.3218354170486823,2.1195217424165826,0.6024598624406976,3.0677417204244115,0.3190066574014869,2.066704966632857
1.714,0.3257944060431957,2.0970018166923987,0.6085278116819496,3.033974620625964,0.32310286011911193,2.0481013588124943
1.716,0.3305258840072106,2.0824256501680867,0.6145270158523074,2.9996020851789362,0.3271608515160848,2.028995698486449
1.718,0.3346906000412287,2.0573380890586694,0.6204563247463359,2.9646544470142495,0.33117966209134836,2.009405287631781
1.72,0.3387907981946876,2.037335227674144,0.6263146496634353,2.929162458549695,0.3351583577249697,1.9893478168106853
1.722,0.3424206573824447,2.014206520458151,0.6321009641772721,2.8931572569184136,0.3390960404149738,1.968841345002051
1.724,0.346613293493262,1.9937112454032038,0.6378143048348215,2.8566703287746673,0.34299184897302193,1.9479042790240597
1.726,0.3506067206788412,1.975263315231607,0.6434537717842561,2.819733474717337,0.34684495967816487,1.9265553525714612
1.728,0.3541632662701182,1.9512926125449392,0.6490185293310001,2.7823787733720304,0.3506545868879481,1.9048136048916195
1.73,0.35805800230154167,1.927198685902624,0.6545078064213463,2.744638545173079,0.35441998360619575,1.882698359123835
1.732,0.3622452865782563,1.9054830793278756,0.6599208970531204,2.7065453158870287,0.3581404420068494,1.860229200326833
1.734,0.3659439347236993,1.8823788395681238,0.6652571606129595,2.668131779919551,0.36181529391328876,1.8374259532196693
1.736,0.3694076998373645,1.860172260476162,0.6705160221398553,2.629430763447927,0.365443911232612,1.8143086596616311
1.738,0.37330218931821596,1.8339463582497533,0.6756969725146982,2.5904751874214673,0.369025706344406,1.7908975558970126
1.74,0.3768436745539561,1.8079697948440536,0.6807995685756429,2.5512980304723847,0.3725601324435878,1.7672130495909106
1.742,0.3804463909456313,1.7852651045971528,0.6858234331592024,2.511932291779723,0.37604668383695267,1.7432756966824317
1.744,0.38395199250116135,1.758767743919916,0.6907682550670604,2.472410953929017,0.3794848961931165,1.7191061780819037
1.746,0.3874855065120431,1.731642335859859,0.6956337889586811,2.432766945810351,0.38287434674559423,1.6947252762388707
1.748,0.39085893553988454,1.7147526277309428,0.7004198551698759,2.393033105597435,0.3862146544488098,1.6701538516077923
1.75,0.3939053030509635,1.6858844498025332,0.7051263394575764,2.35324214385024,0.3895054800868868,1.6454128190384885
1.752,0.3973882674543084,1.6634699140651072,0.7097531926711436,2.3134266067835627,0.3927465263351237,1.6205231241184557
1.754,0.40095109250441485,1.6377037654831381,0.7143004303506311,2.2736188397437305,0.39593753777411217,1.5955057194942357
1.756,0.4038848163818098,1.6109131866398312,0.7187681322525018,2.2338509509353854,0.39907830085651025,1.570381541199039
1.758,0.40711791140634934,1.5860084199211617,0.7231564418033819,2.1941547754400235,0.4021686438265379,1.5451714850138185
1.76,0.4102044459591084,1.5587057385138168,0.7274655654825171,2.1545618395676045,0.4052084365923158,1.519896382888953
1.762,0.41324816884338755,1.5359480329590485,0.7316957721336814,2.115103325582185,0.40819759055122307,1.49457697945362
1.764,0.41581647977967523,1.5121562747131363,0.7358473922073656,2.0758100368420807,0.41113605836850275,1.4692339086398472
1.766,0.4190757607829249,1.4836437853826911,0.7399208169341548,2.0367123633945856,0.41402383370939894,1.4438876704480899
1.768,0.4221148203880789,1.4617862821363996,0.7439164974302843,1.9978402480647672,0.41686095092516096,1.4185586078810226
1.77,0.42495770850019987,1.4333171080301015,0.7478349437364389,1.959223153077264,0.41964748469330504,1.3932668840720366
1.772,0.4280605047257221,1.4119379841286381,0.7516767237909378,1.920890027249414,0.42238354961257446,1.3680324596347118
1.774,0.43114574350352397,1.3811091923545393,0.7554424623385245,1.8828692737933792,0.425069299753093,1.3428750702592749
1.776,0.4335860403109185,1.3575173698552088,0.759132839776053,1.8451887187642242,0.4277049281622565,1.317814204581769
1.778,0.43590092930035157,1.3316418078164345,0.7627485909364333,1.8078755801901685,0.4302906663269592,1.2928690823513493
1.78,0.43883264664723615,1.3064575697030956,0.7662905038122743,1.7709564379204443,0.43282678359280075,1.2680586329207735
1.782,0.4415904168062793,1.284365785077573,0.769759418220725,1.73445720422536,0.4353135865409703,1.243401474084777
1.784,0.44384471130550684,1.260196473476319,0.7731562244110897,1.6984030951823086,0.4377514183235516,1.2189158912906346
1.786,0.4462842658845957,1.2362929397955553,0.7764818616168507,1.662818602880551,0.44014065795804114,1.1946198172447666
1.788,0.44857683402039483,1.2148549164216862,0.7797373165538041,1.6277274684766603,0.44248171958191873,1.1705308119388012
1.79,0.4507396449098619,1.193246435374282,0.7829236218660671,1.5931526561315346,0.4447750516681548,1.1466660431180156
1.792,0.45374651464429067,1.1668361637569749,0.7860418545217849,1.5591163278588687,0.44702113620258394,1.123042267214571
1.794,0.4557739785235866,1.1440556038943328,0.7890931341604127,1.5256398193139242,0.4492204878241188,1.0996758107674187
1.796,0.45781385657685014,1.120904555915704,0.7920786213935135,1.4927436165503576,0.45137365292881915,1.0765825523501955
1.798,0.4601301995204756,1.100140420059868,0.794999516061057,1.4604473337717432,0.4534812087388748,1.0537779050278395
1.8,0.46257952523654267,1.0777714106443093,0.7978570554452636,1.4287696921032904,0.4555437623375989,1.0312767993620489
1.802,0.4646113911467148,1.0566191851422475,0.8006525124440798,1.397728499408073,0.45756194967156905,1.0090936669850725
1.804,0.46647338041689457,1.0360056020088122,0.8033871937064215,1.367340631170887,0.4595364345210904,0.9872424247606681
1.806,0.4684374918452268,1.0117793210833448,0.8060624377313648,1.3376220124716247,0.46146790744019117,0.965736459550385
1.808,0.4703430548658247,0.9940573451331082,0.8086796129335023,1.3085876010687922,0.46335708466739645,0.9445886136026312
1.81,0.4725084089641509,0.9726954685822464,0.8112401156767274,1.2802513716125286,0.465204707008559,0.9238111705812693
1.812,0.4740463445287418,0.9530730629220427,0.8137453682787378,1.2526263010051721,0.46701153869305845,0.903415842249744
1.814,0.47594237297893865,0.9336036483141216,0.81619681698859,1.2257243549261045,0.4687783662047104,0.8834137558259947
1.816,0.4779970256289533,0.9152372231063477,0.8185959299396626,1.199556475536262,0.4705059970887557,0.8638154420226266
1.818,0.4795825105998239,0.894468912618419,0.8209441950804153,1.1741325703763383,0.4721952587363277,0.8446308237860324
1.82,0.48137082650671503,0.8779607773154703,0.823243118085358,1.1494615024713382,0.4738469971478224,0.8258692057473423
1.822,0.4832861994832922,0.8621225224883039,0.8254942202486635,1.12555108165274,0.47546207567661697,0.8075392643972683
1.824,0.4850058149466525,0.8418517104679278,0.8276990363628798,1.1024080571081323,0.4770413737546091,0.7896490389960681
1.826,0.48665202216575115,0.822679801099753,0.8298591125852133,1.0800381111667694,0.4785857856010671,0.7722059232290114
1.828,0.4883276961946009,0.8117906887007815,0.8319760042938694,1.0584458543280724,0.4800962189163009,0.7552166576168703
1.83,0.4897448076813182,0.7961615524873928,0.8340512739369468,1.0376348215386635,0.48157359356168106,0.738687322690086
1.832,0.49125207844882557,0.7806230132326994,0.8360864888763909,1.017607469722091,0.4830188402275498,0.7226233329343835
1.834,0.49301104058375617,0.7637447783263154,0.8380832192295188,0.9983651765639521,0.48443289909057924,0.7070294315147208
1.836,0.49420824952928505,0.7498467081953857,0.8400430357106261,0.9799082405536829,0.48581671846214636,0.6919096857835549
1.838,0.49599436353318116,0.7375167041808113,0.8419675074751918,0.9622358822828267,0.4871712534293034,0.6772674835785141
1.84,0.49731701745510665,0.7230229944788092,0.8438581999691881,0.9453462469981565,0.4884974644899307,0.6631055303136447
1.842,0.4987150039239177,0.7084634578276107,0.8457166727860013,0.9292364084065705,0.4897963161836657,0.6494258468674969
1.844,0.5000074237839868,0.6969661163142918,0.8475444775334557,0.913902373727248,0.49106877572020646,0.6362297682703885
1.846,0.5013441317900112,0.6862066480961612,0.849343155713426,0.8993390899851079,0.492315811606591,0.6235179431922694
1.848,0.5025553083697375,0.6733910735460718,0.8511142366165024,0.8855404515381883,0.49353839227505436,0.6112903342316862
1.85,0.5045472688470746,0.6633530125369828,0.8528592352341627,0.8724993088301405,0.4947374847130652,0.599546219005422
1.852,0.5054633816129895,0.6545177238439019,0.854579650190878,0.8602074783576225,0.49591405309714015,0.588284192037466
1.854,0.506698340401424,0.6416623309655902,0.8562769616985599,0.8486557538409742,0.4970690574320302,0.5775021674450461
1.856,0.5081759008216215,0.6353356392807223,0.8579526295357303,0.8378339185851758,0.4982034521968673,0.5671973824185395
1.858,0.5090056288735421,0.6260913221580311,0.8596080910537637,0.8277307590167126,0.4993181849998496,0.5573664014911601
1.86,0.5107236631725424,0.6166030221602237,0.861244759212525,0.8183340793806234,0.5004141952430364,0.5480051215934157
1.862,0.5116418838023711,0.6113280240354753,0.8628640206476863,0.8096307175806663,0.5014924127988093,0.539108777886417
1.864,0.5127488188551629,0.5995680689430098,0.8644672337719748,0.8016065621442212,0.5025537566995437,0.5306719503672299
1.866,0.5139389735813416,0.5914862693755422,0.8660557269125593,0.7942465702922565,0.5035991338420208,0.5226885712385693
1.868,0.5151349578321681,0.5873639501796187,0.8676307964867461,0.7875347870934083,0.5046294377080893,0.5151519330342498
1.87,0.5164716599601804,0.5802307094199436,0.8691937052181061,0.7814543656799756,0.5056455471030712,0.5080546974909442
1.872,0.5176472741672217,0.5762362420878141,0.8707456803951109,0.7759875885024127,0.5066483249133831,0.5013889051559335
1.874,0.5190231131489356,0.5669183003969347,0.8722879121743063,0.7711158895976993,0.5076386168848225,0.49514598571969015
1.8760000000000001,0.5197869210404997,0.5628231694992393,0.873821551929998,0.7668198778458064,0.508617250422945,0.4893167690612984
1.8780000000000001,0.5211481487118641,0.5568940367536999,0.8753477106523727,0.7630793611873333,0.5095850334169328,0.4838914969938964
1.8800000000000001,0.5218537909843618,0.5543868765614803,0.8768674573959213,0.7598733717742873,0.5105427530883259,0.4788598356965188
1.8820000000000001,0.5237196311726142,0.551568762127794,0.8783818177799712,0.7571801920248993,0.5114911748659617,0.4742108888179283
1.8840000000000001,0.5244515287133443,0.5435665136529785,0.8798917725430758,0.7549773815523323,0.5124310412884362,0.46993321123725196
1.8860000000000001,0.5254558690799459,0.5449777702239209,0.8813982561529481,0.7532418049361265,0.5133630709353671,0.46601482346548195
1.8880000000000001,0.5266442406513259,0.5361582812703176,0.8829021554735567,0.7519496603042588,0.5142879573887095,0.46244322667116244
1.8900000000000001,0.5273365690778644,0.5349744756758886,0.8844043084909422,0.7510765086927608,0.5152063682253352,0.4592054183128659
1.8920000000000001,0.5284162721334075,0.5314548626639927,0.8859055030992401,0.7505973041489385,0.5161189440420559,0.45628790836036265
1.8940000000000001,0.529910706331412,0.52895133529069,0.8874064759483269,0.7504864245433879,0.5170262975142274,0.45367673608570924
1.8960000000000001,0.5304720640414158,0.5302103913136861,0.8889079113544373,0.7507177030551753,0.517929012489037,0.45135748740482196
1.8980000000000001,0.5319554098326102,0.5270081635903477,0.8904104402750248,0.7512644602937858,0.5188276431145359,0.44931531274947045
1.9000000000000001,0.5328506914959676,0.5285177455344899,0.8919146393490662,0.7520995370206996,0.5197227130054339,0.4475349454490095
1.9020000000000001,0.533938561076796,0.5248016050442855,0.8934210300039318,0.7531953274327718,0.5206147144466351,0.4460007206005828
1.9040000000000001,0.535183492207142,0.5247873571434546,0.8949300776298696,0.7545238129689413,0.5215041076354471,0.4446965944059653
1.9060000000000001,0.535982638844406,0.5209430041255025,0.8964421908230721,0.7560565966011918,0.5223913199633524,0.44360616395267605
1.9080000000000001,0.537301852550339,0.5209965100295983,0.8979577206982123,0.7577649375701302,0.5232767453381854,0.44271268741647746
1.9100000000000001,0.5380772131447688,0.5173761069439368,0.8994769602712624,0.7596197865250348,0.5241607435475092,0.4419991046618944
1.9120000000000001,0.53913898253971,0.5208100847715196,0.901000143913318,0.7615918210277597,0.5250436396639431,0.44144805821692557
1.9140000000000001,0.5399110217080517,0.5222196728431459,0.9025274468760769,0.7636514813794617,0.5259257234931385,0.44104191459769054
1.9160000000000001,0.5412877497305626,0.5184671814174494,0.9040589848895344,0.7657690067287465,0.5268072490650552,0.4407627859583526
1.9180000000000001,0.5422634734662793,0.5224167222902706,0.9055948138323734,0.7679144714195018,0.5276884341691377,0.44059255204128267
1.92,0.5433640758595364,0.5215166718420203,0.9071349294754463,0.7700578215364138,0.5285694599339419,0.44051288240208464
1.922,0.5440974125578333,0.5196523458193809,0.9086792672986581,0.7721689116059305,0.5294504704517095,0.4405052588837863
1.924,0.5451073070310355,0.5182452769593969,0.9102277023814787,0.7742175414102601,0.5303315724483378,0.4405509983142125
1.926,0.5462751404194783,0.5195049793184249,0.9117800493672223,0.776173492871858,0.5312128349991384,0.440631275400302
1.928,0.5472645088490692,0.5176804186703815,0.913336062501154,0.7780065669657787,0.5320942892907242,0.4407271457928991
1.93,0.5484469274099749,0.5207643982088078,0.9148954357423884,0.7796866206172322,0.532975928429315,0.4408195692953593
1.932,0.549522158707077,0.5150883732619,0.9164578029494718,0.7811836035417034,0.5338577072956933,0.44088943318913754
1.934,0.5507837911084974,0.5169312802628386,0.9180227381394419,0.782467594985059,0.5347395424469921,0.44091757564939643
1.936,0.5515172524741656,0.5151779476880947,0.9195897558200843,0.7835088403211784,0.5356213120654392,0.4408848092235654
1.938,0.5525090928245312,0.5176454189911512,0.9211583113950139,0.7842777874648117,0.5365028559541306,0.4407719443457093
1.94,0.5533569346354916,0.5113780172202136,0.9227278016411291,0.7847451230575782,0.5373839755798496,0.4405598128595248
1.942,0.5546149760947665,0.5155467485185482,0.9242975652578996,0.7848818083852811,0.5382644341628952,0.44022929152276935
1.944,0.5556869364129291,0.5106610918510261,0.9258668834878697,0.7846591149850207,0.5391439568138271,0.43976132546595326
1.946,0.5569277167113208,0.5120690850307908,0.9274349808076716,0.7840486599009471,0.5400222307169834,0.4391369515781732
1.948,0.5577219859393759,0.5080421482422761,0.9290010256887674,0.7830224405478963,0.5408989053605695,0.4383373217930528
1.95,0.5588354295975269,0.5074661393923923,0.9305641314270526,0.7815528691426065,0.5417735928130653,0.43734372624787005
1.952,0.5599841833835713,0.5064215708099742,0.9321233570403781,0.7796128066627048,0.5426458680456434,0.4361376162890969
1.954,0.5610554639287458,0.5006729820889233,0.9336777082329665,0.7771755962942026,0.543515269300239,0.4347006272977566
1.956,0.5617222029094063,0.5047169222465933,0.9352261384256241,0.774215096328822,0.5443812985028554,0.4330146013082104
1.958,0.5628768961487194,0.4962939105245088,0.9367675498505703,0.7707057124731125,0.5452434217216439,0.43106160939422916
1.96,0.5639381406445185,0.4960961731911608,0.9383007947096343,0.7666224295319904,0.5461010696692368,0.42882397379647336
1.962,0.564466922002485,0.4907890401705718,0.9398246763944944,0.7619408424300566,0.5469536382487684,0.4262842897658116
1.964,0.5659056667731575,0.48976182479644065,0.941337950767564,0.7566371865348054,0.5478004891429629,0.4234254470972415
1.966,0.5668250139045815,0.48038641133426824,0.9428393275020572,0.7506883672466482,0.548640950445622,0.4202306513295469
1.968,0.5678059695447107,0.4764214936449291,0.9443274714797003,0.7440719888215106,0.5494743173347945,0.4166834445862297
1.97,0.5685343384594291,0.47519807459563296,0.9458010042444857,0.7367663823926511,0.5502998527868619,0.4127677260336963
1.972,0.5694984864777403,0.4700863878175651,0.9472585055108041,0.7287506331592686,0.5511167883307282,0.40846777193316697
1.974,0.57069306450566,0.4616853463355734,0.948698514724225,0.7200046067104248,0.5519243248412549,0.40376825526331245
1.976,0.5712157309209247,0.45507230192929293,0.9501195326731325,0.7105089744538031,0.5527216333710373,0.398654264891231
1.978,0.5724001488629593,0.4464394458380395,0.9515200231493722,0.7002452381198561,0.5535078560195774,0.39311132427007267
1.98,0.5730521739437354,0.43806976321412733,0.9528984146559981,0.6891957533129563,0.5542821068388624,0.38712540964244985
1.982,0.5743398478378091,0.4308598610095267,0.9542531021601627,0.6773437520822647,0.555043472774322,0.38068296772980403
1.984,0.5744880903634488,0.42071860082981233,0.955582448889135,0.6646733644861558,0.5557910146401005,0.3737709328892564
1.986,0.5759461226860858,0.41165106355148723,0.9568847881673854,0.6511696391252009,0.5565237681275432,0.36637674372136236
1.988,0.5764868614463379,0.4041452360713995,0.9581584252926252,0.6368185626198944,0.5572407448457732,0.35848835911499627
1.99,0.5771947462137335,0.38964571240304546,0.9594016394486462,0.621607078010527,0.5579409333932132,0.35009427371997903
1.992,0.5778919837272994,0.38351220240027717,0.9606126856527619,0.605523102057846,0.5586233004589036,0.34118353284525893
1.994,0.5786450127878323,0.3704618828783621,0.9617897967356107,0.588555541424419,0.5592867919524891,0.33174574679271535
1.996,0.5794997743433581,0.35484849558092457,0.9629311853510465,0.5706943077179021,0.5599303341618055,0.3217711046582102
1.998,0.5798092447885768,0.3433794755818272,0.964035046013804,0.5519303313787474,0.5605528349371462,0.31125038767040525
2.0,0.5807802828309744,0.32805185680605836,0.9650995571625964,0.5322555743962494,0.5611531849015655,0.30017498220964683
2.0020000000000002,0.581514108443117,0.316667320393264,0.966122883246273,0.5116630418382816,0.5617302586871343,0.28853689278442274
2.004,0.5822386072641386,0.29847169878654833,0.9671031768306365,0.49014679218171553,0.5622829161981392,0.27632875550245783
2.0060000000000002,0.5824255620779445,0.27815329767715413,0.9680385807235018,0.46770194643265456,0.5628100039043014,0.2635438530810738
2.008,0.5830847817728512,0.26424036274756757,0.9689272301155601,0.44432469602916624,0.5633103561712055,0.250176133452101
2.0100000000000002,0.5838320454929357,0.2429478349897568,0.9697672547346141,0.4200123095269613,0.5637827966433367,0.2362202360656361
2.012,0.5840079371749167,0.2250240913275424,0.9705567810107923,0.39476313808911373,0.5642261397117896,0.22167153422639707
2.0140000000000002,0.5845650142856622,0.2004981461141817,0.9712939342505174,0.3685766198624908,0.5646391921331576,0.20652621068400773
2.016,0.5849646178129623,0.1842182775572633,0.9719768408175553,0.3414532835189702,0.5650207549385685,0.19078140270546887
2.0180000000000002,0.5850161078804946,0.15662481388300026,0.9726036303213288,0.31339475188675103,0.5653696259269594,0.17443549419543852
2.02,0.585345543768348,0.1331967416614531,0.9731724378189639,0.2844037488175609,0.5656846033743652,0.15748872370289715
2.0220000000000002,0.5857752234057481,0.1128766169335712,0.973681406059581,0.25448412030854917,0.5659644923363728,0.139944481003801
2.024,0.5856377730603506,0.08572408385411717,0.9741286878790255,0.2236409097222929,0.5662081165799604,0.12181212179377605
2.0260000000000002,0.5859118127468096,0.05897084078479166,0.9745124491507645,0.19188063586948667,0.5664143428576743,0.10311313885696854
2.028,0.5859873977460702,0.03406079526955778,0.9748308738448955,0.15921234706549464,0.566582132112722,0.0838946275238507
2.0300000000000002,0.5863012057028852,0.008244764485577677,0.9750821772900143,0.12565172255941987,0.5667106472902026,0.06425758874029844
2.032,0.5857875059504772,-0.011830903940084153,0.9752646520498659,0.09123737992577388,0.566799466969036,0.044409839416735764
2.0340000000000003,0.5856581970897126,-0.022690412448454357,0.9753768426953254,0.05609532272979313,0.5668489374005395,0.02473521575176171
2.036,0.5860311200805788,-0.03592586369383992,0.9754181704808721,0.020663892773343503,0.5668605114526273,0.0057870260438739225
2.0380000000000003,0.585777939154166,-0.04735339174807406,0.9753903550895039,-0.013907695684091698,0.5668365779415148,-0.011966755556268287
2.04,0.5858471905821617,-0.054917281360120355,0.9752971340114616,-0.046610539021153544,0.5667795739380402,-0.028502001737241447
2.0420000000000003,0.585131309654204,-0.06400270332164533,0.9751405252246749,-0.07830439339334325,0.5666911688120394,-0.04420256300043879
2.044,0.5853065830595865,-0.07922351194603354,0.9749202414933192,-0.11014186567780244,0.5665720843074223,-0.05954225230854167
2.0460000000000003,0.5856248445039333,-0.0891431896990894,0.9746349708186562,-0.1426353373315242,0.5664222850273339,-0.07489964004420308
2.048,0.5851250404503742,-0.09653905451513196,0.9742830836607052,-0.1759435789755201,0.5662412240545364,-0.09053048639880294
2.05,0.5848634248034922,-0.11137649604095727,0.9738628832982579,-0.21010018122364954,0.5660280371672394,-0.10659344364851642
2.052,0.5844907726560431,-0.12458790659581263,0.9733726840445718,-0.24509962684303094,0.5657816761381208,-0.12318051455926979
2.054,0.5840727843578876,-0.1321784268889316,0.9728108350295368,-0.2809245075174748,0.5655009945825399,-0.14034077779045664
2.056,0.5840695180132518,-0.1472142289308949,0.9721757279950385,-0.31755351724918185,0.5651848010384432,-0.15809677204834133
2.058,0.5834193519411858,-0.16453121065058768,0.971465800596116,-0.3549636994612271,0.5648318907702277,-0.1764551341077346
2.06,0.5831250640473157,-0.1781205756975841,0.9706795384642531,-0.3931310659314238,0.5644410643829347,-0.19541319364648116
2.062,0.5830723740879556,-0.19766623749360276,0.9698154769156939,-0.4320307742795918,0.5640111385864892,-0.2149628982227512
2.064,0.5826553994042861,-0.21384113684149092,0.9688722025339302,-0.4716371908818542,0.5635409524590579,-0.2350930637156474
2.066,0.5821780820886212,-0.23082790956878066,0.9678483546826296,-0.5119239256503039,0.5630293712156172,-0.25579062172029626
2.068,0.5812294222209107,-0.2506950154128433,0.966742626961316,-0.5528638606568579,0.5624752886336344,-0.2770412909914176
2.07,0.5808494533444719,-0.26894611513230776,0.9655537686053773,-0.5944291779693225,0.5618776287717258,-0.29882993095429655
2.072,0.5805667423685079,-0.287718396372099,0.9642805858294853,-0.6365913879460058,0.5612353473194504,-0.3211407261376884
2.074,0.5796697177020997,-0.31001132726293446,0.9629219431129881,-0.6793213582486188,0.5605474327517054,-0.34395728387250174
2.076,0.5791861622030731,-0.33999542366864594,0.9614767644257788,-0.7225893436046591,0.559812907373561,-0.3672626890721722
2.078,0.5785758816861359,-0.36438434519473906,0.9599440343931812,-0.7663650162987792,0.5590308282964075,-0.39103953857678175
2.08,0.5773356202880182,-0.3857009391468603,0.9583227993984595,-0.8106174973608128,0.5582002883639966,-0.4152699662054696
2.082,0.5767144757746726,-0.4113339718627984,0.9566121686216295,-0.8553153884150386,0.5573204170362748,-0.43993566386093713
2.084,0.576157424331535,-0.44360637054389185,0.9548113150133214,-0.9004268041540243,0.5563903812339446,-0.46501790116510583
2.086,0.5749016284473625,-0.46804171551026885,0.9529194762025222,-0.9459194053995968,0.5554093861444719,-0.4904975447363644
2.088,0.5736404319284344,-0.4927118502442513,0.9509359553370966,-0.9917604327127861,0.5543766759893018,-0.516355077585034
2.09,0.5728309641370314,-0.5246016100380356,0.9488601218560687,-1.0379167405139609,0.5532915347516646,-0.5425706188186047
2.092,0.5720765031652764,-0.5545619466939393,0.9466914121927211,-1.0843548316737883,0.5521532868642176,-0.569123943723472
2.094,0.5707045831519222,-0.580676337215551,0.9444293304076509,-1.131040892535113,0.5509612978557445,-0.5959945042365395
2.096,0.5694436394805988,-0.6126798576126212,0.9420734487510002,-1.177940828325354,0.5497149749561492,-0.6231614497976602
2.098,0.5683419471203079,-0.639809694456176,0.939623408153163,-1.2250202989185752,0.5484137676590201,-0.6506036485645637
2.1,0.5666792471388863,-0.6757025670157799,0.937078918643351,-1.2722447549059785,0.5470571682410841,-0.6782997089679935
2.102,0.5657550742215972,-0.6996834236866413,0.9344397596954845,-1.3195794739332298,0.545644712237918,-0.7062280015830238
2.104,0.5637149664878259,-0.7284087210563636,0.9317057805009591,-1.3669895972627035,0.5441759788753348,-0.7343666812916461
2.106,0.5625728321845906,-0.7628387816735869,0.9288769001679221,-1.4144401665184971,0.5426505914559123,-0.7626937097111945
2.108,0.5605946487686977,-0.7930552178571305,0.9259531078467784,-1.4618961605718397,0.5410682177001868,-0.7911868778627992
2.11,0.5592684392434667,-0.8232474156471858,0.9229344627817296,-1.5093225325243733,0.5394285700420792,-0.8198238290537604
2.112,0.5576008676363859,-0.853953905197695,0.9198210942882363,-1.5566842467466668,0.5377314058781842,-0.8485820819474797
2.114,0.555639878957099,-0.8842642476631056,0.9166132016563778,-1.603946315929268,0.5359765277705955,-0.87743905379437
2.116,0.5541310274334861,-0.9173755262587322,0.9133110539801707,-1.6510738381035788,0.5341637836030015,-0.906372083796976
2.118,0.5516295194309533,-0.9438591681135974,0.9099149899129909,-1.698032033589885,0.5322930666898368,-0.9353584565823894
2.12,0.5503208671688099,-0.9779182306893496,0.906425417349331,-1.7447862818299493,0.530364315838327,-0.9643754257549155
2.122,0.5476467133698821,-1.010660306283403,0.9028428130332076,-1.7913021580617186,0.5283775153633232,-0.9934002375018591
2.124,0.5456354486731517,-1.0366911521069477,0.8991677220936198,-1.8375454697938733,0.5263326950548728,-1.0224101542252366
2.126,0.5439248813622697,-1.0703540810305159,0.8954007575075434,-1.8834822930381883,0.5242299300985284,-1.0513824781721939
2.128,0.5415993120021906,-1.1049843038856555,0.8915425994910275,-1.9290790082579419,0.5220693409484546,-1.0802945750369095
2.13,0.538990609991252,-1.1328650583265383,0.8875939948190457,-1.9743023359909555,0.519851093153441,-1.1091238975068
2.132,0.537145048797209,-1.163383898652712,0.8835557560748333,-2.0191193721062057,0.5175753971359892,-1.1378480087259062
2.134,0.5350674706929492,-1.1884939724012045,0.8794287608295265,-2.0634976226533874,0.5152425079246923,-1.1664446056484374
2.136,0.5321552637539518,-1.2194856668344216,0.8752139507529959,-2.1074050382652705,0.5128527248401811,-1.1948915422555773
2.138,0.5298786400376694,-1.2510570827687055,0.8709123306568495,-2.150810048073208,0.5104063911349634,-1.2231668526088137
2.14,0.5271731346756061,-1.2788689511309699,0.866524967470656,-2.1936815930967204,0.507903893587537,-1.2512487737132447
2.142,0.5243866136944663,-1.3088023022011253,0.8620529891525186,-2.2359891590686867,0.5053456620512079,-1.2791157681645293
2.144,0.5216891487792915,-1.3395173059780754,0.857497583535202,-2.277702808658319,0.5027321689581011,-1.3067465465534065
2.146,0.5190335060626157,-1.3671575033687835,0.8528599971090924,-2.318793213054798,0.5000639287788972,-1.3341200896019825
2.148,0.5163608059663383,-1.393741694699404,0.8481415337433421,-2.3592316828751843,0.49734149743888456,-1.3612156700062956
2.15,0.5133993401813906,-1.4232562670504765,0.8433435533466201,-2.3989901983609916,0.49456547169096454,-1.3880128739600093
2.152,0.5101902345483285,-1.4462836635275331,0.8384674704689629,-2.438041438828643,0.49173648844629564,-1.4144916223344501
2.154,0.5075422822432886,-1.4754124908095265,0.8335147528462831,-2.4763588113398733,0.48885522406331444,-1.4406321914906037
2.156,0.504368410391302,-1.5003589682554253,0.828486919889165,-2.5139164785590564,0.4859223935959162,-1.4664152336991076
2.158,0.5015136866605662,-1.5310180153999782,0.8233855411176343,-2.5506893857653625,0.4829387500016268,-1.4918217971447287
2.16,0.49876443162406964,-1.55828576316724,0.818212234543657,-2.5866532869886307,0.4799050833106422,-1.5168333454922973
2.162,0.49545490517144286,-1.5820281297252596,0.8129686650031793,-2.621784770238849,0.47682221975665906,-1.5414317769915689
2.164,0.49217723131231794,-1.6055223732140174,0.807656542439579,-2.6560612818001776,0.473691020870461,-1.5655994430990208
2.166,0.4887255418503452,-1.6302612389220985,0.8022776201404559,-2.689461149561535,0.4705123825372707,-1.5893191665951463
2.168,0.4852469237428854,-1.6535452787008078,0.7968336929297422,-2.721963605356867,0.4672872340189179,-1.612574259176389
2.17,0.48219865103359016,-1.67786878424289,0.7913265953171634,-2.7535488062893716,0.46401653694191497,-1.6353485385014666
2.172,0.478921741695286,-1.7004041597831754,0.7857581996071332,-2.7841978550151087,0.46070128425257006,-1.6576263446724624
2.174,0.4749636417300595,-1.7197699778196216,0.7801304139692079,-2.8138928189626395,0.4573424991403066,-1.6793925561317122
2.176,0.47197597092993737,-1.7437369071883146,0.7744451804722748,-2.8426167484665497,0.45394123393039426,-1.7006326049561895
2.178,0.4682624111855108,-1.7605907544610826,0.7687044730846869,-2.8703536937939735,0.4504985689473307,-1.7213324915317825
2.18,0.46482505521243045,-1.785973455816115,0.7629102956425979,-2.8970887210445055,0.44701561135014956,-1.7414787985905762
2.182,0.4611665146604641,-1.8045923388541036,0.7570646797887876,-2.922807926905183,0.4434934939409596,-1.7610587045949815
2.184,0.4570032204088073,-1.8245107254000632,0.7511696828843004,-2.947498452243548,0.439933373948053,-1.7800599964533057
2.186,0.4539960237828528,-1.8417407160344594,0.7452273858952542,-2.971148494523126,0.43633643178494874,-1.7984710815521339
2.188,0.449828196033895,-1.8635256166366756,0.7392398912572001,-2.9937473190270256,0.4327038697867654,-1.816280999091672
2.19,0.44642175307944276,-1.8761249707319114,0.7332093207194467,-3.0152852688767244,0.4290369109253434,-1.8334794307110058
2.192,0.44222292985936473,-1.8949421985916741,0.7271378131717776,-3.0357537738345055,0.4253367975045613,-1.8500567103910526
2.194,0.4385113427686987,-1.9099147195046773,0.7210275224560189,-3.055145357879399,0.4216047898373137,-1.8660038336238063
2.196,0.43466613920187575,-1.9238245441908586,0.7148806151649231,-3.0734536455479056,0.417842164905639,-1.881312465837331
2.198,0.4302131929646769,-1.9418227780193698,0.7086992684308587,-3.0906733670321924,0.41405021500550543,-1.8959749500668035
2.2,0.4274291351328523,-1.9535790007560068,0.702485667706799,-3.1068003620298894,0.4102302463777799,-1.909984313862786
2.202,0.4229039526136822,-1.96478008225827,0.6962420045421169,-3.121831582341044,0.4063835778269223,-1.9233342754287792
2.204,0.41920474395536356,-1.9790056805453795,0.6899704743556985,-3.135765093209248,0.40251153932896033,-1.9360192489809949
2.206,0.4152282194449986,-1.98869863954022,0.6836732742088877,-3.1486000734053765,0.39861547063031194,-1.9480343493241887
2.208,0.4113522480162438,-2.0044434801622484,0.67735260058078,-3.16033681405385,0.39469671983903537,-1.959375395638289
2.21,0.4068992331743187,-2.0137984070819375,0.6710106471483744,-3.170976716202756,0.3907566420100924,-1.9700389144714692
2.212,0.4028782226817529,-2.024324708228305,0.6646496025740932,-3.1805222871406293,0.38679659772621994,-1.980022141936225
2.214,0.3986423490252408,-2.0276796351630026,0.658271648303165,-3.188977135464127,0.3828179516760081,-1.9893230251059364
2.216,0.3951820074673389,-2.04130586123358,0.6518789563733605,-3.1963459649022687,0.3788220712307874,-1.9979402226103136
2.218,0.3906297438007397,-2.047191763135593,0.6454736872395518,-3.202634566904351,0.37481032502192935,-2.0058731044290434
2.22,0.38660011781866427,-2.0540643541208525,0.6390579876155517,-3.2078498120000676,0.37078408152016157,-2.01312175088389
2.222,0.38261816139653776,-2.062954599407789,0.6326339883356681,-3.2119996399417667,0.36674470761850075,-2.019686950830407
2.224,0.37846169528718576,-2.0696790003745535,0.6262038022383877,-3.2150930486402087,0.362693567220398,-2.0255701990513564
2.226,0.37408168910905676,-2.0697025815285106,0.6197695220745746,-3.2171400819065394,0.35863201983468834,-2.030773692854839
2.228,0.37009339858147033,-2.0722350789459902,0.6133332184425454,-3.2181518160146,0.3545614191789262,-2.0353003278810613
2.23,0.3663361806857144,-2.078999984460595,0.6068969377523473,-3.2181403450990302,0.35048311179268105,-2.0391536931225684
2.232,0.361659679225825,-2.083964178699255,0.6004627002215354,-3.2171187654059783,0.3463984356623537,-2.042338065163689
2.234,0.3577785541304477,-2.0843412570905056,0.5940324979047062,-3.215101158414541,0.342308718859062,-2.0448584016458247
2.236,0.353745428605246,-2.08374722830247,0.5876082927590095,-3.2121025728483583,0.3382152781911298,-2.0467203339661144
2.238,0.349525249575801,-2.088966614471357,0.5811920147478133,-3.2081390055980745,0.334119417872694,-2.0479301592178896
2.24,0.34564925731303636,-2.087118391248016,0.5747855599846601,-3.2032273815766144,0.3300224282099296,-2.048494831382197
2.242,0.34091246661790103,-2.0866945803692203,0.5683907889195992,-3.197385532530466,0.32592558430636853,-2.048421951780542
2.244,0.33667397600164667,-2.087245435694029,0.5620095245699365,-3.1906321748313604,0.3218301447887688,-2.047719758799846
2.246,0.3327252545401405,-2.0841258651116643,0.5556435507973887,-3.182986886273903,0.31773735055496594,-2.0463971169014514
2.248,0.32831366567349196,-2.0820123636423404,0.549294610633577,-3.1744700819058678,0.31364842354511224,-2.0444635049268376
2.25,0.32405775365437267,-2.0797209689428224,0.542964404655739,-3.1651029889189726,0.30956456553768524,-2.041929003713507
2.2520000000000002,0.32055541756989847,-2.0730514860135427,0.536654589414481,-3.154907620629032,0.3054869569716146,-2.0388042830353115
2.254,0.3158483704920905,-2.0741532502408098,0.5303667759153301,-3.143906749575441,0.3014167557958501,-2.0351005878822535
2.2560000000000002,0.3117198439352771,-2.0658180676322555,0.5241025281557882,-3.132123879770949,0.29735509634765894,-2.030829724095562
2.258,0.3077695274420328,-2.0633963508814466,0.5178633617195209,-3.119583218133661,0.2933030882609098,-2.026004043374584
2.2600000000000002,0.30397069518974595,-2.054467476745872,0.5116507424292526,-3.106309645134155,0.2892618154055643,-2.020636427672758
2.262,0.2998853753383268,-2.051206784417442,0.5054660850598696,-3.0923286846914886,0.285232334859563,-2.014740273000635
2.2640000000000002,0.2954986285397461,-2.0416493971603638,0.49931075211316406,-3.077666473352752,0.28121567591425384,-2.0083294726545953
2.266,0.29141824880019385,-2.033085862755364,0.4931860526555808,-3.062349728791634,0.2772128391144727,-2.001418399890573
2.2680000000000002,0.2870739146714587,-2.0325859685579926,0.48709324122025627,-3.0464057176622625,0.27322479533434724,-1.9940218900627376
2.27,0.28354311417768063,-2.0165021489495043,0.48103351677456563,-3.0298622228453116,0.2692524848898519,-1.986155222247696
2.2720000000000002,0.2792748446682804,-2.0110848073256467,0.4750080217543175,-3.012747510124077,0.26529681668910116,-1.977834100375371
2.274,0.27521047511459856,-1.9989397270169316,0.46901784116565975,-2.99509029432887,0.2613586674213246,-1.9690746338882827
2.2760000000000002,0.2714886456473131,-1.9948318140776546,0.46306400175568235,-2.9769197049886964,0.2574388807854216,-1.9598933179514966
2.278,0.2674546913621331,-1.9834019190602437,0.45714747125262284,-2.9582652515297485,0.2535382667589495,-1.9503070132360223
2.2800000000000002,0.2633593230237725,-1.9751931346528706,0.45126915767650133,-2.939156788060766,0.24965760090835165,-1.9403329252989403
2.282,0.2592268396270277,-1.9626509773345082,0.44542990872092975,-2.9196244777857903,0.24579762374118366,-1.9299885835839905
2.2840000000000003,0.2555089659006171,-1.951087367062577,0.4396305112067592,-2.89969875708527,0.24195904010105007,-1.9192918200667994
2.286,0.2517222850514655,-1.9422504072933071,0.4338716906081455,-2.879410299306854,0.2381425186059114,-1.9082607475693294
2.2880000000000003,0.2482398714646313,-1.9295481753355974,0.4281541106515304,-2.8587899783075437,0.23434869113037438,-1.8969137377685128
2.29,0.24391390707647323,-1.9185600664784102,0.4224783729879521,-2.8378688317891565,0.2305781523325256,-1.8852693989243858
2.2920000000000003,0.24010593021151452,-1.9059219914120444,0.4168450169390135,-2.816678024469302,0.22683145922581888,-1.8733465533533626
2.294,0.23638963910487706,-1.894235895751432,0.411254519316753,-2.795248811130247,0.2231091307964737,-1.8611642146725775
2.2960000000000003,0.2324315756056038,-1.8814349684299279,0.4057072943175766,-2.773612499588192,0.21941164766679072,-1.8487415648414898
2.298,0.22923753854589257,-1.8714984322381987,0.4002036934903255,-2.7518004136255803,0.21573945180473636,-1.8360979310271797
2.3000000000000003,0.22494878924103692,-1.8574620159188016,0.3947440057784673,-2.729843855929082,0.21209294628009642,-1.8232527623199628
2.302,0.22140293686874143,-1.844535460954143,0.38932845763631546,-2.7077740710759146,0.20847249506744417,-1.8102256063261253
2.3040000000000003,0.21760120521746937,-1.8343102542316696,0.3839572132190933,-2.685622208611082,0.20487842289611471,-1.7970360856647225
2.306,0.2139798071195284,-1.8206722563591013,0.3786303746465773,-2.663419286258026,0.20131101514732375,-1.7837038743954912
2.308,0.2106658185528047,-1.809341893391969,0.37334798233996724,-2.641196153305015,0.19777051779851373,-1.7702486744050094
2.31,0.20706856951729583,-1.7929430900153067,0.3681100154315484,-2.618983454209408,0.19425713741495718,-1.7566901917782798
2.312,0.2032485535853806,-1.7825433871381262,0.3629163922466251,-2.596811592461665,0.1907710411885913,-1.7430481131829334
2.314,0.1997798703983225,-1.7664363639949108,0.3577669708571237,-2.5747106947506833,0.18731235702400484,-1.729342082293232
2.316,0.19656095965813547,-1.7515074899787921,0.35266154970618036,-2.552710575471694,0.18388117367144283,-1.715591676281004
2.318,0.19288737001550785,-1.7363471441940583,0.34759986830294526,-2.5308407016175494,0.1804775409066417,-1.7018163824005692
2.32,0.18962185401172202,-1.7243953522415345,0.3425816079867577,-2.509130158093797,0.1771014697572525,-1.6880355746946005
2.322,0.185791666230172,-1.7083428399853182,0.3376063927597628,-2.487607613497446,0.17375293277555703,-1.674268490847728
2.324,0.18262700702503307,-1.7009752980631936,0.3326737901869652,-2.466301286398793,0.17043186435712798,-1.6605342092145259
2.326,0.1791097987732968,-1.6877905951118182,0.32778331236263497,-2.4452389121651046,0.16713816110503135,-1.6468516260483133
2.328,0.17563203865337487,-1.6740738652024898,0.32293441694190633,-2.4244477103643094,0.16387168223911738,-1.6332394329569788
2.33,0.1727356346303869,-1.6592157624836903,0.3181265082363339,-2.4039543527862146,0.16063225004989384,-1.619716094611765
2.332,0.1692953038230009,-1.6458993486037305,0.3133589383720979,-2.383784932118018,0.1574196503964245,-1.6062998267346664
2.334,0.1660068132020696,-1.6324592953978205,0.30863100850947756,-2.3639649313101536,0.15423363324764497,-1.5930085743897704
2.336,0.16313378494499756,-1.6236680179869836,0.30394197012214214,-2.344519193667709,0.15107391326643793,-1.5798599906035178
2.338,0.15937568670044044,-1.6094364629241897,0.29929102633473853,-2.325471893701809,0.14794017043576096,-1.5668714153384828
2.34,0.15623498926376822,-1.5969221043507837,0.29467733331718954,-2.306846508774494,0.14483205072607122,-1.554059854844866
2.342,0.153395472897156,-1.5879510170008078,0.29010000173405015,-2.2886657915697044,0.14174916680324431,-1.5414419614134551
2.344,0.15027742853132137,-1.5772954463229898,0.28555809824720607,-2.2709517434220268,0.1386910987761376,-1.5290340135533464
2.346,0.14700786642233069,-1.5618325935963009,0.2810506470701383,-2.2537255885338707,0.13565739498290313,-1.5168518966172346
2.348,0.14352388588179987,-1.5522726894407914,0.27657663157191686,-2.2370077491107283,0.13264757281511003,-1.5049110838965545
2.35,0.1406763364681269,-1.5418142060187723,0.2721349959290307,-2.2208178214431005,0.12966111957869358,-1.4932266182082257
2.352,0.13786135712195924,-1.5283727512322467,0.2677246468231055,-2.2051745529625912,0.12669749339070524,-1.481813093994179
2.354,0.13495132856773573,-1.5209770330971408,0.2633444551825084,-2.190095820298542,0.12375612411079674,-1.4706846399542524
2.356,0.1318418279538722,-1.508331532730335,0.2589932579657875,-2.175598608360435,0.12083641430633188,-1.4598549022324339
2.358,0.12856887323753682,-1.4995618806298288,0.25466985998484726,-2.1616989904701027,0.1179377402499803,-1.4493370281757878
2.36,0.12572128682305184,-1.4935747058186069,0.2503730357657141,-2.148412109566577,0.11505945294861082,-1.4391436506847404
2.362,0.12287675355397569,-1.4812435577831338,0.24610153144470379,-2.135752160505175,0.11220087920226537,-1.4292868731727224
2.364,0.1196050646487843,-1.4757585728553422,0.24185406669776147,-2.1237323734711566,0.10936132269196044,-1.4197782551524623
2.366,0.11673946525731323,-1.467321390303565,0.23762933670070746,-2.112364998527008,0.10654006509502945,-1.4106287984655004
2.368,0.11365121008580246,-1.4581272138245807,0.23342601411808528,-2.101661291311093,0.10373636722668793,-1.401848934170757
2.37,0.11124796997812926,-1.4493628800891631,0.22924275111827708,-2.0916314999040972,0.10094947020647348,-1.3934485101072236
2.372,0.10782283518971106,-1.447024933034703,0.2250781814125204,-2.0822848528783355,0.09817859664818333,-1.3854367791450743
2.374,0.1052970084963939,-1.4411619436685186,0.22093092231543313,-2.073629548543636,0.09542295187190594,-1.3778223881386966
2.376,0.10226553214506941,-1.4302446337416264,0.21679957682462886,-2.0656727454021353,0.09268172513671727,-1.3706133675943362
2.378,0.09941386156494977,-1.426179389048952,0.212682735716983,-2.0584205538229248,0.08995409089258882,-1.3638171220642246
2.38,0.09670585988646245,-1.4201320299876754,0.20857897965909084,-2.0518780289460823,0.08723921005003238,-1.3574404212782234
2.382,0.09380225930735009,-1.414107255104597,0.2044868813294424,-2.046049164824212,0.08453623126598604,-1.351489392023166
2.384,0.09099448837580047,-1.4093379936941803,0.20040500754982604,-2.0409368898081857,0.0818442922444276,-1.3459695107792213
2.386,0.08810887212020295,-1.4059097586628844,0.19633192142346137,-2.036543063182341,0.07916252105018415,-1.3408855971217246
2.388,0.08553134771912572,-1.4032226530051866,0.19226618447735544,-2.032868473052969,0.07649003743439205,-1.336241807896049
2.39,0.08275294882298498,-1.4003061384422304,0.18820635880637052,-2.029912835492456,0.07382595417004767,-1.3320416321721884
2.392,0.07974379068504266,-1.3999279511514862,0.18415100921649047,-2.0276747949400233,0.071169378396078,-1.3282878869848365
2.394,0.07711774856484781,-1.391548476774845,0.1800987053647734,-2.0261519258585365,0.06851941296835033,-1.32498271386383
2.396,0.07434449437109279,-1.3945962433396397,0.17604802389348254,-2.025340735645434,0.06587515781603248,-1.322127576158924
2.398,0.07145758070283492,-1.3949742998206958,0.17199755055589383,-2.025236668794354,0.06323571130170859,-1.3197232571619457
2.4,0.06843160222597042,-1.3929533514558954,0.16794588233128857,-2.0258341123026256,0.06060017158365168,-1.3177698590284552
2.402,0.06631558763785224,-1.393260910940704,0.16389162952665193,-2.027126402318322,0.057967637978651426,-1.3162668025001238
2.404,0.06310969146768598,-1.3880391511370305,0.15983341786261354,-2.0291058320191873,0.055337212323795196,-1.315212827428115
2.406,0.060156135410625214,-1.3923571668906671,0.15576989054118498,-2.031763660714281,0.05270800033560154,-1.3146059940968304
2.408,0.05752328379478107,-1.396423431413037,0.15169971029286933,-2.035090124157822,0.050079112964908606,-1.3144436853464652
2.41,0.05452565744523826,-1.3939514032200615,0.14762156140074276,-2.0390744460632857,0.04744966774592483,-1.3147226094918876
2.412,0.05175814359630905,-1.3978634671211936,0.1435341516991339,-2.043704850804434,0.04481879013785592,-1.3154388040344545
2.414,0.04930590935734073,-1.4013532257266959,0.13943621454455668,-2.0489685772885995,0.04218561485753103,-1.3165876401624452
2.416,0.046288937823152854,-1.3989944366046763,0.1353265107565843,-2.0548518939861844,0.03954928720146123,-1.3181638280348997
2.418,0.04360434959241604,-1.4066666590896395,0.1312038305263863,-2.061340115099002,0.03690896435577576,-1.3201614228427383
2.42,0.04083875016891593,-1.4108827490546767,0.1270669952906887,-2.068417617848786,0.034263816692495466,-1.3225738316401463
2.422,0.03776009430463542,-1.4126634827698534,0.12291485956895692,-2.0760678608658933,0.03161302905061882,-1.3253938209383205
2.424,0.03523630642199322,-1.4189312548196213,0.11874631276164299,-2.084273403656965,0.028955802000513235,-1.3286135250527935
2.426,0.03198510345088298,-1.4200040596749641,0.11456028090738488,-2.093015927129056,0.02629135309012386,-1.332224455194687
2.428,0.02926558299336594,-1.4278984947761295,0.11035572839709178,-2.102276255146549,0.02361891807153309,-1.336217509295384
2.43,0.0262433208170509,-1.4312323198031347,0.10613165964289989,-2.1120343770959464,0.020937752106426552,-1.3405829825532705
2.432,0.023762373880100555,-1.439036741281763,0.10188712070003487,-2.1222694714325043,0.018247130949045835,-1.3453105786903576
2.434,0.021027103525413624,-1.4461581315303007,0.09762120083967184,-2.13295993018152,0.015546352105234262,-1.3503894219057864
2.436,0.01753840169534257,-1.4483981282091432,0.09333303407093985,-2.144083384365993,0.012834735966209453,-1.3558080695124042
2.438,0.014969260307367345,-1.4589752797403468,0.08902180061027722,-2.1556167303313134,0.010111626915725803,-1.3615545252418246
2.44,0.011519713745074746,-1.4643272273894263,0.08468672829640404,-2.167536156936589,0.007376394409320591,-1.3676162532026057
2.442,0.008990255559886319,-1.473902381744218,0.08032709394924158,-2.179817173581236,0.004628434024369731,-1.37398019247543
2.444,0.005821158461839482,-1.4742943300611202,0.0759422246711726,-2.1924346390344858,0.0018671684797128521,-1.3806327723284393
2.446,0.0030607037786589855,-1.4907543444826636,0.07153149908910353,-2.205362791034542,-0.0009079513763574618,-1.387559928035157
2.448,0.00018190217410546242,-1.4944184770116007,0.06709434853585708,-2.218575276623225,-0.0036974456109109435,-1.3947471172767407
2.45,-0.0030889934208507305,-1.50632404463411,0.06263025816949486,-2.2320451831811092,-0.006501804285130211,-1.4021793371096336
2.452,-0.0061568340323095334,-1.511470492947157,0.058138768029240194,-2.2457450701273305,-0.009321486568088268,-1.4098411414790284
2.454,-0.009184469409148736,-1.519656928088681,0.0536194740267452,-2.2596470012474983,-0.012156919886604134,-1.417716659257933
2.456,-0.012205587687215936,-1.5262119228984536,0.0490720288715204,-2.273722577612398,-0.015008499112186172,-1.4257896127910186
2.458,-0.015403253372850517,-1.537555105820288,0.044496142929421376,-2.2879429710495125,-0.017876585786029867,-1.4340433369218475
2.46,-0.01823759285308705,-1.5468067338049367,0.039891585013163915,-2.302278958128731,-0.02076150738299292,-1.4424607984815274
2.462,-0.020936813271889725,-1.5571856558578716,0.03525818310391784,-2.3167009546230393,-0.023663556615425515,-1.451024616216297
2.464,-0.024478777120747263,-1.56371423389181,0.03059582500310898,-2.3311790504044305,-0.026582990777687616,-1.4597170811310507
2.466,-0.02752576070106991,-1.5789774275748796,0.025904458913639447,-2.345683044734766,-0.029520031132138268,-1.4685201772253256
2.468,-0.03131920974314034,-1.5854867528982166,0.021184093949817705,-2.3601824819108717,-0.03247486233733391,-1.477415602597823
2.47,-0.033737272899187175,-1.591429283786245,0.016434800575372218,-2.3746466872227434,-0.03544763191912413,-1.4863847908951096
2.472,-0.0371564167269637,-1.603427065469624,0.01165671096900548,-2.389044803183368,-0.038438449785283636,-1.495408933079753
2.474,-0.04043908387791327,-1.6111302880251572,0.006850019317028768,-2.403345825988356,-0.04144738778426917,-1.5044689994927674
2.476,-0.04384125096390445,-1.621460857426261,0.0020149820327021225,-2.417518642163323,-0.044474479308639,-1.5135457621849127
2.478,-0.04688965798101082,-1.6313252916878274,-0.002848082098011324,-2.431532065356723,-0.04751971894362117,-1.5226198174910834
2.48,-0.05035368960997496,-1.640448555062303,-0.007738791844482708,-2.445354873235692,-0.05058306216126463,-1.5316716088217313
2.482,-0.05360976203677382,-1.6504708014210603,-0.012656703533367335,-2.458955844442314,-0.05366442506055468,-1.5406814496450254
2.484,-0.05634146772795708,-1.6557417089481683,-0.01760131112450268,-2.4723037955676723,-0.056763684153821145,-1.5496295466332306
2.486,-0.06020390720253357,-1.667316502832593,-0.022572046360704718,-2.4853676181010194,-0.05988067619971433,-1.5584960229465927
2.488,-0.06323189589099858,-1.6779409717161051,-0.027568278991327556,-2.498116315311419,-0.06301519808297006,-1.5672609416278607
2.49,-0.06686700652614282,-1.684463133006065,-0.03258931706936617,-2.5105190390193086,-0.06616700674113096,-1.5759043290804515
2.492,-0.07033857689300362,-1.6926158753539695,-0.037634407321797236,-2.522545126215532,-0.06933581913833728,-1.5844061986031606
2.494,-0.07383012230970455,-1.7004162828216185,-0.04270273559276842,-2.5341641354855944,-0.0725213122862458,-1.5927465739542594
2.496,-0.0769614502885576,-1.7108385489403635,-0.047793427359162595,-2.545345883197087,-0.07572312331208136,-1.6009055129177852
2.498,-0.08077591397497458,-1.7179277500963441,-0.05290554831797964,-2.556060479408523,-0.07894084957377101,-1.6088631308448234
2.5,-0.08401187883397937,-1.7246272680112191,-0.0580381050448959,-2.5662783634581285,-0.08217404882205624,-1.616599624142615
2.5020000000000002,-0.08721090961531912,-1.729803175523801,-0.06319004572327892,-2.5759703391915147,-0.08542223940942499,-1.6240952936843769
2.504,-0.0907001652321652,-1.740946666667488,-0.06836026094285405,-2.5851076097875616,-0.08868490054565062,-1.6313305681128132
2.5060000000000002,-0.09467834711216228,-1.7407086899288275,-0.07354758456713867,-2.593661812142307,-0.09196147259967147,-1.6382860270104227
2.508,-0.09804879183041541,-1.7469163476455445,-0.07875079466868096,-2.6016050507711466,-0.09525135744749116,-1.6449424239098516
2.5100000000000002,-0.10173177598593286,-1.7587648722644345,-0.08396861453106134,-2.608909931190197,-0.09855391886572663,-1.6512807091177333
2.512,-0.10485135450364205,-1.766936782321161,-0.08919971371653791,-2.6155495927382835,-0.10186848297037795,-1.6572820523256617
2.5140000000000002,-0.10832650286074044,-1.7682538959517726,-0.0944427091981412,-2.6214977408016407,-0.10519433870034235,-1.662927864982198
2.516,-0.11233301922866162,-1.770938718388892,-0.09969616655494944,-2.6267286784041186,-0.1085307383451425,-1.6681998224000751
2.5180000000000002,-0.11562643244067479,-1.7766218050851736,-0.10495860122920224,-2.6312173371264027,-0.11187689811628866,-1.6730798855730804
2.52,-0.11911268711314965,-1.7808103025583575,-0.11022847984383931,-2.6349393073185325,-0.11523199876164349,-1.6775503226774156
2.5220000000000002,-0.12266446242950488,-1.7843128555039436,-0.11550422157898095,-2.6378708675708187,-0.1185951862221089,-1.6815937302327104
2.524,-0.12662376148240514,-1.7886654614779252,-0.12078419960579916,-2.639989013409105,-0.1219655723299054,-1.685193053898246
2.5260000000000002,-0.1296447951233699,-1.786364320432297,-0.1260667425761616,-2.641271485181219,-0.12534223554766613,-1.6883316088803708
2.528,-0.1336493642883682,-1.7924784667544051,-0.13135013616636637,-2.6416967951023835,-0.12872422174752118,-1.690993099927531
2.5300000000000002,-0.13735827089948782,-1.7944368424691435,-0.136632624673223,-2.641244253428324,-0.13211054502930084,-1.6931616408898227
2.532,-0.14057592209616798,-1.7941427402849228,-0.14191241266067464,-2.639893993725817,-0.13550018857694174,-1.694821773820458
2.5340000000000003,-0.14410978767247357,-1.793281095422176,-0.14718766665509755,-2.637626997211459,-0.1388921055521359,-1.6959584875970815
2.536,-0.14762987070821731,-1.7928310598402437,-0.15245651688735856,-2.634425116130505,-0.14228522002421873,-1.6965572360414083
2.5380000000000003,-0.15117692078403328,-1.7949899849349176,-0.15771705907965602,-2.630271096148733,-0.1456784279352512,-1.6966039555162467
2.54,-0.15518667281046689,-1.7909502318872252,-0.16296735627511888,-2.625148597731427,-0.14907059809921033,-1.6960850819795574
2.5420000000000003,-0.15849289493241195,-1.7914757768992913,-0.16820544070808835,-2.6190422164847296,-0.152460573234162,-1.694987567475833
2.544,-0.1621408514973808,-1.785226953752988,-0.17342931571296,-2.6119375024358167,-0.15584717102625345,-1.6932988960457254
2.5460000000000003,-0.16586922470446078,-1.7859388711096411,-0.17863695766941912,-2.6038209782295625,-0.1592291852243245,-1.691007099035518
2.548,-0.16890440183171848,-1.7785779332381484,-0.18382631798186033,-2.5946801562206074,-0.16260538676390196,-1.68810076978873
2.5500000000000003,-0.17305149817858834,-1.7769879608686239,-0.18899532509074238,-2.584503554441022,-0.16597452491930767,-1.6845690777028517
2.552,-0.17621029972843044,-1.7706096482804712,-0.19414188651359246,-2.573280711425039,-0.16933532848257754,-1.6804017816349357
2.5540000000000003,-0.17985811006852756,-1.7626120303443291,-0.19926389091333976,-2.5610021998736516,-0.1726865069678586,-1.6755892426405243
2.556,-0.183447762203605,-1.754511344547135,-0.20435921019162617,-2.547659639143208,-0.1760267518399209,-1.6701224360311537
2.5580000000000003,-0.18675890338722265,-1.7458675988090435,-0.20942570160471313,-2.533245706543479,-0.17935473776539382,-1.663992962736463
2.56,-0.19052959574434492,-1.740992802607196,-0.21446120989957723,-2.517754147432053,-0.1826691238853093,-1.6571930599577342
2.562,-0.19359953312989064,-1.7306749504344052,-0.21946356946776382,-2.501179784093296,-0.1859685551075103,-1.6497156111005078
2.564,-0.1977014362668966,-1.720668036678214,-0.22443060651454683,-2.4835185233915062,-0.1892516634174598,-1.6415541549747386
2.566,-0.20058301053114863,-1.7134799208124034,-0.22936014124092544,-2.464767363189307,-0.19251706920596343,-1.6327028942518123
2.568,-0.20431180733125953,-1.705525827177664,-0.23424999003597294,-2.444924397523748,-0.19576338261230058,-1.6231567031685854
2.57,-0.2075099193013285,-1.6879953946584596,-0.23909796767704095,-2.423988820534005,-0.19898920488123956,-1.6129111344694866
2.572,-0.21051963624495096,-1.6793263008803312,-0.24390188953531294,-2.4019609291360053,-0.20219312973239673,-1.601962425578586
2.574,-0.2142212912279333,-1.6652080298170033,-0.24865957378419445,-2.378842124440753,-0.20537374474038558,-1.590307503994433
2.576,-0.2174576209867883,-1.651623500903608,-0.2533688436080236,-2.3546349119145735,-0.20852963272418829,-1.5779439919013494
2.578,-0.22120052946880026,-1.6350096317969094,-0.2580275294085855,-2.3293429002809347,-0.21165937314417183,-1.5648702099917713
2.58,-0.22401967207829784,-1.6207384558949256,-0.2626334710069154,-2.3029707991649633,-0.2147615435051621,-1.5510851804951384
2.582,-0.22704139709401047,-1.6040709697409623,-0.26718451983788183,-2.275524415483208,-0.21783472076398158,-1.536588629409742
2.584,-0.2303581158502309,-1.5868589460295488,-0.27167854113504714,-2.2470106485826573,-0.2208774827398513,-1.5213809879348608
2.586,-0.23362170927912596,-1.5714086862090522,-0.276113416103316,-2.2174374841344475,-0.22388840952605418,-1.5054633931014325
2.588,-0.23634761219995282,-1.5551969417938574,-0.2804870440768943,-2.1868139867891387,-0.22686608490125504,-1.4888376876004334
2.59,-0.23978749849700604,-1.53421121381503,-0.284797344660098,-2.155150291601853,-0.22980909773887315,-1.471506418809056
2.592,-0.24255511775977773,-1.5153230632752228,-0.28904225984857196,-2.1224575942369914,-0.23271604341290456,-1.453472837015704
2.594,-0.24570098885130032,-1.493142297812794,-0.29321975612849926,-2.088748139963646,-0.23558552519859605,-1.4347408928457408
2.596,-0.24820144379566114,-1.4742663605244901,-0.2973278265514077,-2.0540352114542135,-0.23841615566637775,-1.4153152338908501
2.598,-0.25139094566276676,-1.451935353628681,-0.3013644927822079,-2.0183331154001,-0.2412065580674693,-1.3952012005457786
2.6,-0.2542822884603955,-1.4302724220632546,-0.3053278071181274,-1.981657167959761,-0.2439553677095836,-1.3744048210571504
2.602,-0.2570188434156413,-1.4078647813203358,-0.3092158544762387,-1.9440236790556675,-0.24666123332116346,-1.3529328057899417
2.604,-0.26013886064126013,-1.382020247195437,-0.313026754347315,-1.9054499355381118,-0.24932281840259968,-1.3307925407181085
2.606,-0.26294586849929946,-1.3561123391669025,-0.3167586627137851,-1.8659541832350708,-0.2519388025628932,-1.3079920801467488
2.608,-0.26513618658643967,-1.3343119315303404,-0.32040977392960235,-1.8255556079086286,-0.25450788284024134,-1.2845401386740731
2.61,-0.26792136952191364,-1.308000966628341,-0.3239783225598818,-1.7842743151397111,-0.25702877500504595,-1.260446082402318
2.612,-0.27060722355771766,-1.2844769212700673,-0.32746258517821003,-1.74213130916413,-0.2595002148438612,-1.2357199194076163
2.614,-0.27303282859650346,-1.2527737442530125,-0.33086088211957826,-1.699148470684125,-0.26192095942282057,-1.2103722894796771
2.616,-0.2753420333778286,-1.231423526118126,-0.33417157918693985,-1.6553485336807878,-0.26428978832910655,-1.184414453142981
2.618,-0.2776637621756819,-1.2002023940909627,-0.3373930893094476,-1.6107550612538863,-0.26660550488905055,-1.1578582799720074
2.62,-0.28031507103109193,-1.172237049801987,-0.3405238741504811,-1.565392420516738,-0.2688669373614782,-1.1307162362138412
2.622,-0.28240349236633355,-1.1431009632492688,-0.3435624456636308,-1.5192857565748605,-0.27107294010494276,-1.103001371732285
2.624,-0.2850526408609965,-1.1119576671631037,-0.34650736759486717,-1.4724609656181866,-0.2732223947175196,-1.0747273062883977
2.626,-0.2872917470954785,-1.0836154992298066,-0.34935725692918246,-1.4249446671576462,-0.27531421114786586,-1.0459082151731316
2.628,-0.28918609708103993,-1.0557707327033852,-0.3521107852800583,-1.376764175437909,-0.2773473287762829,-1.0165588142084996
2.63,-0.29129211329492616,-1.0193338773119087,-0.3547666802201763,-1.3279474700590188,-0.2793207174645517,-0.9866943441344144
2.632,-0.2931705049201023,-0.9922251186100082,-0.35732372655185746,-1.2785231658405738,-0.28123337857334985,-0.956330554399061
2.634,-0.29508648231314594,-0.9574399392477932,-0.35978076751578336,-1.2285204819629643,-0.28308434594609255,-0.9254836863713436
2.636,-0.2967067844914573,-0.924500395002337,-0.3621367059366254,-1.1779692104210249,-0.28487268685808176,-0.8941704559946159
2.638,-0.2985141746585199,-0.8931072590278203,-0.36439050530427786,-1.1268996838262357,-0.28659750292988484,-0.8624080359015416
2.64,-0.2999478377533684,-0.8638600117181473,-0.3665411907894666,-1.075342742594371,-0.28825793100390595,-0.8302140370105601
2.642,-0.3021462718698128,-0.8262021441146432,-0.368587850192579,-1.0233297015561829,-0.289853143983156,-0.7976064896250188
2.644,-0.30339922538188085,-0.7954915872954754,-0.3705296348246378,-0.9708923160293929,-0.2913823516312692,-0.7646038240566144
2.646,-0.3052452714067829,-0.757965737412979,-0.37236576031941954,-0.918062747390861,-0.29284480133285984,-0.7312248507953252
2.648,-0.3062856395268767,-0.7258772628578599,-0.37409550737579633,-0.8648735281883975,-0.29423977881335694,-0.6974887402485455
2.65,-0.30771674876702865,-0.6817698757044942,-0.37571822242946074,-0.8113575268321941,-0.2955666088175022,-0.663415002072623
2.652,-0.30908490444689646,-0.6540155308526714,-0.37723331825327344,-0.7575479119063523,-0.2968246557457431,-0.6290234641204787
2.654,-0.31035840756940447,-0.6198247249640201,-0.37864027448555626,-0.7034781161414059,-0.298013324247802,-0.5943342510294415
2.656,-0.3116452436953047,-0.5812686748471639,-0.3799386380857345,-0.6491818000891425,-0.29913205977274987,-0.5593677624739192
2.658,-0.3126055728193411,-0.5465663990940292,-0.3811280237168173,-0.5946928155413784,-0.30018034907496627,-0.5241446511081903
2.66,-0.31368670747950245,-0.5048881189677014,-0.38220811405428695,-0.5400451687348106,-0.30115772067541857,-0.4886858002261587
2.662,-0.3146792784452488,-0.47279512713179345,-0.38317866002105855,-0.48527298338580704,-0.3020637452777591,-0.4530123011702514
2.664,-0.3154731590318005,-0.4316240421235401,-0.38403948094828383,-0.4304104636126368,-0.30289803613884553,-0.4171454305432095
2.666,-0.31617188233540083,-0.39733699459150973,-0.3847904646621313,-0.3754918569237314,-0.30366024939358033,-0.38110662736741086
2.668,-0.3170709212063237,-0.3601378406526319,-0.3854315674992119,-0.3205514185403042,-0.3043500843350298,-0.34491747072473145
2.67,-0.31793478687975263,-0.3193251258267052,-0.38596281427548246,-0.2656233881352622,-0.30496728365518827,-0.3085996600792454
2.672,-0.31827248366484845,-0.2826280507346475,-0.3863842984320846,-0.2107420783010739,-0.3055116336705606,-0.2721750076861686
2.674,-0.31871883588396044,-0.2364442071689982,-0.38669618436126363,-0.15594296458950296,-0.3059829646378215,-0.23566548363044712
2.676,-0.3190697557270602,-0.19679067546580273,-0.38689872975091005,-0.10127269482320614,-0.3063811516155748,-0.19909348887665623
2.678,-0.31936122224287966,-0.15398221411588456,-0.3869924821568778,-0.04687620298389257,-0.3067061178463457,-0.16248311538548355
2.68,-0.3195963718994493,-0.1118585497493837,-0.3869797237406672,0.00637920810530667,-0.30695784918142516,-0.1258656675397241
2.682,-0.31989661331253194,-0.06709384780984942,-0.3868679989662797,0.05586238719374728,-0.30713645587000876,-0.08930334429180173
2.684,-0.3199289195199873,-0.02690361812610086,-0.38666331978756857,0.10233958935556228,-0.3072424281922339,-0.05298616111258631
2.686,-0.3200248908212763,0.014583488038935983,-0.38636738285942834,0.14796846407010153,-0.3072775483739914,-0.017560090878754576
2.688,-0.31936391103843664,0.04321063434218791,-0.38598082972459313,0.19327656741759486,-0.3072466840157234,0.015432179134003618
2.69,-0.3194791027891439,0.06369148069330055,-0.3855041749671834,0.23832737870485565,-0.3071566944926177,0.04499476155288036
2.692,-0.3195807602472641,0.08683966301931426,-0.38493796728527624,0.28310384095358637,-0.30701207641672623,0.07230903794572394
2.694,-0.31906396197558945,0.10791957288802263,-0.3842828150040391,0.32757614061857526,-0.30681479096320513,0.09864272676056199
2.696,-0.3187231993241766,0.12595403121224735,-0.383539389358817,0.3717128226110525,-0.3065656381693445,0.12457639693030756
2.698,-0.3185851824188738,0.14210640018981002,-0.3827084241078007,0.41548262550814424,-0.30626499994096695,0.15031911418877553
2.7,-0.31848867366519606,0.16683771911029582,-0.38179071449050256,0.4588548086490641,-0.3059131334158232,0.17593326257186462
2.702,-0.31807965162799595,0.18530576178706248,-0.3807871160259834,0.5017992322595684,-0.3055102784033785,0.20142750622233352
2.704,-0.3175318444509415,0.20691438367501147,-0.37969854323342467,0.5442863962793802,-0.30505669566251203,0.22679137043324846
2.706,-0.3170776531505696,0.22834542589139806,-0.37852596829001617,0.5862874717042478,-0.3045526801780049,0.25200774225356815
2.708,-0.31660159410349703,0.25340205477674616,-0.37727041962994606,0.6277743300350503,-0.30399856546189014,0.2770573580573861
2.71,-0.3158092694845991,0.2758474855931834,-0.3759329804864528,0.6687195717466402,-0.30339472462211575,0.3019204198871973
2.712,-0.3155107152558124,0.29537263319823903,-0.37451478737864313,0.7090965539048221,-0.3027415702493304,0.32657718639266414
2.714,-0.31459448256493544,0.31897163231785397,-0.37301702854478824,0.7488794169274341,-0.3020395538547015,0.35100819731445043
2.716,-0.31430524434142576,0.3473991247170807,-0.37144094232386127,0.7880431104635005,-0.30128916512160203,0.37519436654973404
2.718,-0.31359866912777823,0.36543239222548707,-0.3697878154871384,0.8265634183614314,-0.3004909310661277,0.3991170277371919
2.72,-0.3127864085941003,0.3899095826729236,-0.36805898152174327,0.864416982697582,-0.2996454151413103,0.42275796240868246
2.722,-0.31206106335675665,0.4103344151152913,-0.3662558188680684,0.9015813268374414,-0.29875321629832174,0.4460994214942911
2.724,-0.3111071626242438,0.43431533056731403,-0.36437974911306276,0.9380348775028124,-0.2978149680101972,0.4691241440622662
2.726,-0.310036089701388,0.4568240335356954,-0.36243223514142375,0.9737569858194907,-0.296831337260817,0.4918153746901027
2.728,-0.309250168199516,0.4807670442506468,-0.3604147792467815,1.008727947321124,-0.29580302350088805,0.5141568799644877
2.73,-0.30828735039274757,0.5073197464441196,-0.3583289212050092,1.0429290208861397,-0.2947307575723252,0.5361329642814173
2.732,-0.3069875725369598,0.5244218138777377,-0.3561762363118375,1.0763424465858604,-0.29361530060232766,0.5577284849987578
2.734,-0.30587466460633506,0.5501290583733718,-0.3539583333869911,1.1089514624231813,-0.29245744286842745,0.5789288669500923
2.736,-0.30457298520987125,0.5661343830948656,-0.3516768527471062,1.1407403199424675,-0.2912580026358014,0.5997201163130241
2.738,-0.30334696509537273,0.5868493271155774,-0.34933346414972094,1.1716942986926275,-0.29001782496816203,0.6200888338197037
2.74,-0.3023734448730373,0.612351926958901,-0.34692986471066767,1.2017997195266483,-0.28873778051357046,0.6400222272957846
2.742,-0.3007310760468147,0.6253605704476053,-0.34446777679722324,1.2310439567222136,-0.28741876426654267,0.6595081235139008
2.744,-0.30008316496191145,0.6531613160088862,-0.34194894589940444,1.2594154489093896,-0.2860616943078463,0.6785349793482076
2.746,-0.29847731690609103,0.6711577092890235,-0.33937513848181894,1.2869037087927417,-0.2846675105234119,0.6970918922172016
2.748,-0.2969719523668991,0.693898885473724,-0.33674813981850565,1.3134993316566324,-0.28323717330380627,0.7151686098028035
2.75,-0.29589399903262004,0.707788910445886,-0.33406975181321796,1.339194002643852,-0.28177166222573724,0.7327555390345021
2.7520000000000002,-0.2941325139824612,0.7255919949828225,-0.33134179080761966,1.3639805027991607,-0.2802719747170809,0.7498437543281958
2.754,-0.29288415188306866,0.7408881678548846,-0.3285660853798782,1.3878527138707253,-0.2787391247069404,0.7664250050702259
2.7560000000000002,-0.29126690567882574,0.7579180224764402,-0.32574447413615043,1.410805621863888,-0.2771741412622645,0.7824917223379633
2.758,-0.2897406698768685,0.7771019025772633,-0.3228788034974642,1.4328353193431256,-0.2755780672125661,0.7980370248491904
2.7600000000000002,-0.2881325127719769,0.7912996828218549,-0.3199709254845052,1.4539390064795124,-0.2739519577642993,0.8130547241334117
2.762,-0.28642705721694056,0.8106470321902938,-0.3170226955028203,1.474114990842443,-0.27229687910646105,0.8275393289191181
2.7640000000000002,-0.2848874414369073,0.822344632497437,-0.3140359701309487,1.4933626859358164,-0.2706139070089972,0.8414860487319399
2.766,-0.28311500606717216,0.8331941413640591,-0.311012604913988,1.5116826084803374,-0.2689041254155981,0.854890796699529
2.7680000000000002,-0.28137489453817033,0.8470154846489144,-0.307954452165098,1.5290763744450284,-0.26716862503247824,0.8677501915599284
2.77,-0.2797317129839035,0.8614855993438351,-0.304863358777433,1.5455466938324949,-0.26540850191473603,0.8800615588711025
2.7720000000000002,-0.27824500270677044,0.8757365519150758,-0.30174116404898516,1.5610973642239212,-0.26362485605189556,0.8918229314202256
2.774,-0.2760674663156326,0.8870479601069857,-0.29858969752280273,1.5757332630912,-0.2618187899542311,0.9030330488322462
2.7760000000000002,-0.27432661655481577,0.8997262699721021,-0.2954107768450327,1.5894603388850288,-0.25999140724147474,0.9136913563781699
2.778,-0.2727462362924748,0.9068517011873926,-0.29220620564321426,1.6022856009092066,-0.2581438112355059,0.9237980029844224
2.7800000000000002,-0.27100953058517885,0.9166671739977091,-0.2889777714272287,1.6142171079927756,-0.2562771035586147,0.9333538384455821
2.782,-0.2691953247191842,0.926791913955959,-0.2857272435152826,1.6252639559730282,-0.25439238273892734,0.942360409843681
2.7840000000000003,-0.26705665181943844,0.9350904499376907,-0.28245637098727505,1.6354362640037756,-0.25249074282457096,0.9508199571781955
2.786,-0.26539219227050187,0.9410336926189617,-0.27916688066786577,1.644745159704629,-0.25057327200814744,0.9587354082117523
2.7880000000000003,-0.2633665836095705,0.9559228052267887,-0.275860475141529,1.653202763168378,-0.24864105126307248,0.9661103725374837
2.79,-0.2612325829974683,0.9584023609500217,-0.27253883080183927,1.660822169844868,-0.24669515299332276,0.9729491348748586
2.7920000000000003,-0.25917516302188986,0.9651904324589641,-0.2692035959371971,1.6676174323210746,-0.24473663969811935,0.9792566476017095
2.794,-0.25702672719764336,0.972770344699922,-0.26585638885516044,1.6736035410183452,-0.24276656265305724,0.9850385225310533
2.7960000000000003,-0.2554001607451572,0.9775624748324726,-0.26249879604750237,1.6787964038290235,-0.2407859606091729,0.9903010219421745
2.798,-0.2535210532434433,0.9827373675759815,-0.2591323703980706,1.683212824715899,-0.2387958585114203,0.9950510488762997
2.8000000000000003,-0.2513996564131747,0.9869865937594314,-0.25575862943547234,1.6868704812991189,-0.2367972662380042,0.9992961367080397
2.802,-0.2497391109577102,0.9900776994464988,-0.25237905363255964,1.6897879014563622,-0.23479117736199498,1.00304443800461
2.8040000000000003,-0.24743162432484755,0.9963035388877646,-0.2489950847546332,1.6919844389632193,-0.23277856793662366,1.0063047126856601
2.806,-0.24562610807946306,0.9999755243824304,-0.24560812425822953,1.6934802482018243,-0.23076039530562895,1.0090863154973513
2.8080000000000003,-0.2437510600089135,1.001351936236325,-0.24221953174229582,1.6942962579668601,-0.22873759693999873,1.0113991828151099
2.81,-0.24141873647243514,1.0036662545556212,-0.23883062345349762,1.6944541443990977,-0.2267110893024182,1.0132538187902573
2.8120000000000003,-0.2396101652239454,1.0070922459061304,-0.23544267084734236,1.693976303077639,-0.22468176674070525,1.0146612808564759
2.814,-0.23768808685677723,1.006166810156582,-0.23205689920673636,1.6928858203029977,-0.22265050041147963,1.0156331646128054
2.816,-0.23538344201710154,1.010188802367554,-0.22867448631952816,1.6912064436040932,-0.22061813723527846,1.0161815881005853
2.818,-0.23329733010988676,1.007973921056814,-0.22529656121652195,1.6889625515031146,-0.21858549888429354,1.016319175492455
2.82,-0.2312428607957595,1.0069717211924638,-0.22192420297137577,1.6861791225730833,-0.21655338080386913,1.0160590402122018
2.822,-0.22933261133900523,1.0078451905288375,-0.21855843956372828,1.6828817038237451,-0.21452255126885933,1.0154147675049057
2.824,-0.22743445979433966,1.0060892874202474,-0.21520024680682387,1.679096378452202,-0.2124937504759044,1.014400396477457
2.826,-0.22540184559533852,1.006267525845345,-0.211850547340833,1.6748497329954295,-0.21046768967264412,1.0130304016301401
2.828,-0.22337514285056043,1.0107680970145942,-0.20851020969298797,1.670168823922509,-0.208445050324843,1.0113196739005592
2.83,-0.22094146493221478,1.0040016138679737,-0.20518004740557785,1.665081143705054,-0.20642648332235952,1.0092835012417454
2.832,-0.21927996446638234,1.0030469471225865,-0.20186081823276802,1.6596145864049097,-0.2044126082248459,1.0069375487568204
2.834,-0.21738391712529762,1.0012260663318489,-0.1985532234071305,1.6537974128187662,-0.20240401254801968,1.004297838413105
2.836,-0.21525331630372505,0.9974046826715751,-0.19525790697669085,1.647658215219828,-0.2004012510913016,1.0013807283590423
2.838,-0.2136843438502,0.9923726794750191,-0.19197545521321654,1.6412258817371554,-0.19840484530756608,0.9982028918677686
2.84,-0.21143885174191843,0.9932521488729722,-0.18870639609238912,1.634529560413709,-0.1964152827157029,0.994781295931587
2.842,-0.20961956475394583,0.9853767031422244,-0.18545119884642014,1.627598622984496,-0.1944330163566389,0.9911331795320125
2.844,-0.20769680534164642,0.985131935636759,-0.18221027358958705,1.6204626284165464,-0.19245846429341806,0.9872760316104191
2.846,-0.20515692863009732,0.9843335906685835,-0.17898397101708163,1.6131512862527149,-0.1904920091558887,0.9832275687646748
2.848,-0.20376055758440847,0.9790665615725713,-0.17577258217747857,1.6056944198015366,-0.18853399773049379,0.9790057126974606
2.85,-0.20171185306627468,0.9757218038224447,-0.17257633831904748,1.5981219292155413,-0.18658474059560928,0.9746285674422577
2.852,-0.19925845888732818,0.9691448268370577,-0.16939541081004636,1.590463754500557,-0.1846445118028228,0.9701143963932432
2.854,-0.1981749884064129,0.9682627336731641,-0.16622991113304914,1.582749838498619,-0.18271354860449165,0.9654815991655619
2.856,-0.19568829568959442,0.9625903318153155,-0.16307989095327488,1.5750100898871258,-0.18079205122786637,0.9607486883126355
2.858,-0.19400575092254757,0.9591023266709577,-0.15994534226080115,1.5672743462368723,-0.1788801826960117,0.9559342659273381
2.86,-0.19196631237828218,0.9543515793530599,-0.15682619758645813,1.5595723371715149,-0.1769780686957037,0.9510570001539972
2.862,-0.19009026094632395,0.9504077787958445,-0.15372233029111632,1.551933647670915,-0.17508579749242714,0.946135601638288
2.864,-0.18824300683624579,0.9526400069968071,-0.15063355492799504,1.5443876815606372,-0.17320341989254284,0.9411887999421553
2.866,-0.1862268659949542,0.9458154236495567,-0.14755962767753572,1.5369636252296686,-0.17133094925264097,0.9362353199509401
2.868,-0.18425343801383867,0.9412843084658448,-0.1445002468542994,1.5296904116181567,-0.16946836153604117,0.9312938582998991
2.87,-0.18280925725809125,0.9350677541095467,-0.14145505348526607,1.5225966845166634,-0.1676155954163466,0.92638305984728
2.872,-0.18036620685522292,0.9345886760364521,-0.13842363195882995,1.515710763218064,-0.16577255242790448,0.9215214942210646
2.874,-0.1785560739346718,0.927064841626332,-0.1354055107437043,1.509060607562822,-0.16393909716297167,0.9167276324664061
2.876,-0.17711325726344082,0.9233600794336871,-0.13240016317686848,1.5026737834179138,-0.1621150575153303,0.9120198238206726
2.878,-0.17531462736294745,0.9196949771456341,-0.1294070083196101,1.4965774286291817,-0.1603002249700446,0.9074162726428598
2.88,-0.17306062019527732,0.9169131447122525,-0.1264254118806374,1.4907982194863452,-0.15849435493899666,0.9029350155239615
2.882,-0.17141834865125785,0.9110032456615612,-0.12345468720515879,1.4853623377393144,-0.1566971671417873,0.8985938986046761
2.884,-0.1696702972597627,0.9075932105447067,-0.12049409632875116,1.4802954382038143,-0.1549083460315341,0.89441055512659
2.886,-0.16792649755694194,0.9060005518643376,-0.11754285109476387,1.4756226169936473,-0.15312754126504868,0.8904023832427095
2.888,-0.16617472494737395,0.9031118061153821,-0.11460011433393145,1.4713683804162063,-0.15135436821682285,0.8865865241129162
2.89,-0.1642098304299616,0.9053339410690482,-0.1116650011047973,1.46755661456708,-0.14958840853620367,0.8829798403095891
2.892,-0.1623176563271218,0.9008413340541286,-0.1087365799934797,1.464210555658795,-0.1478292107470871,0.8795988945582863
2.894,-0.1604191780506084,0.8995201303498545,-0.10581387447124392,1.4613527611178885,-0.14607629088941113,0.8764599288379857
2.896,-0.1586240308253905,0.894991801076264,-0.10289586430827667,1.4590050814836246,-0.14432913320168117,0.8735788438649777
2.898,-0.1573737784053845,0.8947126483448615,-0.09998148704199518,1.457188633140743,-0.14258719084371305,0.8709711789840556
2.9,-0.1553000577232356,0.8964366859835319,-0.09706963949815985,1.4559237719176683,-0.1408498866587327,0.8686520924901854
2.902,-0.15284207665212785,0.8950008272834121,-0.09415917936299861,1.4552300675806142,-0.13911661397392602,0.8666363424033369
2.904,-0.1514301309301553,0.8944149430059978,-0.09124892680449265,1.4551262792529849,-0.13738673743848875,0.8649382677186401
2.906,-0.1501040508998977,0.8970485351831541,-0.08833766614091583,1.4556303317884072,-0.1356595938981818,0.8635717701534815
2.908,-0.1480075626570196,0.8936430588377711,-0.08542414755466655,1.4567592931246365,-0.13393449330535664,0.8625502964125834
2.91,-0.1462980929828293,0.8946782715322068,-0.08250708884937767,1.4585293526444423,-0.1322107196633736,0.8618868209915141
2.912,-0.14476269710206938,0.8969712108938004,-0.07958517724824082,1.460955800568427,-0.1304875320042967,0.8615938295384562
2.914,-0.14267736000336126,0.8996795754884773,-0.07665707123143374,1.4640530084035388,-0.12876416539870986,0.8616833027934161
2.916,-0.14069968745807512,0.9012124115688535,-0.07372140241049409,1.4678344104698255,-0.12703983199646307,0.8621667011233975
2.918,-0.13908745705377723,0.9044483594463475,-0.07077677743744061,1.4723124865267383,-0.12531372209712033,0.8630549496713703
2.92,-0.13761869529981913,0.9054838550309355,-0.06782177994640257,1.4774987455190214,-0.123585005248848,0.8643584241361635
2.922,-0.13566457607604462,0.9104324177399329,-0.06485497252548068,1.4834037104609419,-0.12185283137444863,0.8660869371996829
2.924,-0.13338981313625997,0.9116217993279137,-0.061874898716528084,1.4900369044762993,-0.12011633192321441,0.868249725617109
2.926,-0.13167975670136428,0.9180894606339066,-0.058880085040507436,1.4974068380103245,-0.11837462104724447,0.8708554379849683
2.928,-0.13012096411037907,0.9232890649678249,-0.055869043046050976,1.5055209972282297,-0.11662679680084209,0.8739121232011898
2.93,-0.128448746056178,0.9242706120397136,-0.05284027137882337,1.5143858336138034,-0.11487194236158117,0.877427219630461
2.932,-0.12611407486067033,0.9320427603106987,-0.049792257869263244,1.5240067547800638,-0.1131091272716064,0.8814075449873897
2.934,-0.12446222261570147,0.937668753191014,-0.04672348163625807,1.534388116502587,-0.1113374086977081,0.8858592869491453
2.936,-0.12261034095579805,0.945378317179051,-0.04363241520428863,1.5455332159847217,-0.10955583270869126,0.8907879945084191
2.938,-0.12075031806159732,0.9526947452035215,-0.04051752663156367,1.5574442863624791,-0.10776343556853789,0.896198570076687
2.94,-0.1188497806219238,0.9600651238744818,-0.03737728164665274,1.5701224924554644,-0.10595924504384409,0.9020952623468973
2.942,-0.11681487514618565,0.9686530948348387,-0.034210145791115185,1.5835679277687773,-0.10414228172399644,0.9084816599238272
2.944,-0.11490466499950157,0.9738913593713958,-0.03101458656561644,1.597779612749372,-0.10231156035253748,0.9153606857294739
2.946,-0.11263001005747443,0.9808193492020081,-0.027789075577018603,1.6127554942989188,-0.10046609116815758,0.9227345921899484
2.948,-0.1105523292997823,0.9913565512680982,-0.024532090683931064,1.628492446543769,-0.09860488125373869,0.9306049572094434
2.95,-0.10865814797342661,1.0036027399142189,-0.02124211813820873,1.6449862728611664,-0.09672693589186682,0.9389726809359391
2.952,-0.10696575391957398,1.0167314796673124,-0.017917654719889892,1.6622317091594188,-0.09483125992522201,0.9478379833224003
2.954,-0.10506508834013105,1.0258812529398547,-0.014557209863073335,1.6802224284082785,-0.09291685912024941,0.9572004024862997
2.956,-0.10270317316877489,1.0381832876693244,-0.011159307770244615,1.6989510464143596,-0.09098274153251064,0.9670587938693866
2.958,-0.1005819165703161,1.0477142910908968,-0.007722489512574666,1.7184091288349748,-0.08902791887211324,0.9774113301986961
2.96,-0.09848405795080471,1.0600964818773522,-0.004245315113729959,1.7385871994223534,-0.08705140786761549,0.9882555022488716
2.962,-0.09670600201023567,1.0755095234455825,-0.000726365614752394,1.7594747494887824,-0.08505223162680559,0.9995881204049523
2.964,-0.09452031841832122,1.0908257340705234,0.002835754882411227,1.7810602485818106,-0.08302942099275788,1.0114053170238528
2.966,-0.09191798348378251,1.1011617713574122,0.006442417195125739,1.8033311563572558,-0.08098201589357419,1.0237025495918468
2.968,-0.08935509947846969,1.1182637135795095,0.010094965066398506,1.8262739356363837,-0.0789090666842253,1.0364746046744426
2.97,-0.0873437789660061,1.1291791134176639,0.013794713199663015,1.8498740666322553,-0.07680963547891703,1.0497156026541354
2.972,-0.08533055020042307,1.147478770044399,0.01754294532432082,1.8741160623289022,-0.07468279747241582,1.0634190032506063
2.974,-0.08309470146626034,1.1625700653251345,0.02134091229431212,1.8989834849956495,-0.07252764224878175,1.0775776118170395
2.976,-0.0806294486093109,1.1790831564634334,0.025189830221947342,1.9244589638176117,-0.07034327507597107,1.0921835864053362
2.978,-0.07786938590795642,1.1929640039490093,0.029090878649191527,1.9505242136220928,-0.06812881818478685,1.1072284455921169
2.98,-0.07534998911066056,1.2115405145192686,0.03304519875855025,1.9771600546793606,-0.06588341203067379,1.1227030770565296
2.982,-0.07315789572268247,1.2289624805415698,0.037053891625660314,2.004346433555032,-0.06360621653687376,1.1385977469000117
2.984,-0.0704682706295987,1.2464376936037458,0.041118016515640496,2.0320624449900904,-0.061296412317479156,1.1549021096973031
2.986,-0.0682513751789524,1.263816370592172,0.04523858922520725,2.060286354783377,-0.05895320187894483,1.1716052192671644
2.988,-0.06557681879750596,1.2826948863829528,0.04941658047250772,2.088995623650234,-0.05657581079864398,1.1886955401504231
2.99,-0.06274983875904117,1.3004884965257237,0.05365291433656746,2.1181669320298666,-0.054163488879079666,1.206160959782158
2.992,-0.06023096396073286,1.3204838389437312,0.05794846674819324,2.1477762058128906,-0.051715511276391596,1.2239888013440354
2.994,-0.057804241361580126,1.3368444010523075,0.06230406403411217,2.177798642959465,-0.04923117960182756,1.2421658372820183
2.996,-0.05494729908995537,1.3597999324561583,0.06672048151606697,2.208208740977399,-0.04670982299487973,1.2606783034739149
2.998,-0.0525118941453943,1.3814182072706833,0.07119844216652421,2.238980325228622,-0.044150799166818785,1.2795119140304734
3.0,-0.0493636156786025,1.4045565419264054,0.0757386153225871,2.27008657803145,-0.04155349541339276,1.2986518767130115
