# {"config": {"dt": 0.002, "kind": "wheel", "torque_limit_nm": 2.0}, "initial_command_history": "zero", "name": "calibration_0", "sampling": "state_then_command_then_next_state", "schema_version": 1, "split": "calibration"}
time_s,command_torque_nm,position_rad,velocity_rad_s,next_position_rad,next_velocity_rad_s
0.0,0.0,2.4603067149651487e-07,0.0005974910750169397,-5.482757107244352e-05,-0.0017811836775145484
0.002,0.0020136267223173797,-5.482757107244352e-05,-0.0017811836775145484,-9.093415703434452e-05,-0.0019832931099929246
0.004,0.004033233967048353,-9.093415703434452e-05,-0.0019832931099929246,1.2028720519487697e-05,0.002680430491109067
0.006,0.006058769554950871,1.2028720519487697e-05,0.002680430491109067,-9.801965144996835e-05,-0.001030123669491089
0.008,0.008090180381304015,-9.801965144996835e-05,-0.001030123669491089,9.954303535667853e-05,0.001290260545990767
0.01,0.010127412410430385,9.954303535667853e-05,0.001290260545990767,2.476952846482902e-05,-0.0008049094166111936
0.012,0.012170410670259268,2.476952846482902e-05,-0.0008049094166111936,1.0753298616998876e-06,0.0030101142334692157
0.014,0.014219119246931792,1.0753298616998876e-06,0.0030101142334692157,-0.0002574270707932705,0.0013298406326152242
0.016,0.01627348127944934,-0.0002574270707932705,0.0013298406326152242,-0.0003629951190024007,0.0003377196674411516
0.018000000000000002,0.018333438954366465,-0.0003629951190024007,0.0003377196674411516,-0.00034385135709195843,0.0031529284921606015
0.02,0.02039893350052946,-0.00034385135709195843,0.0031529284921606015,-0.00022028233757985456,0.0048981828388924235
0.022,0.022469905183862073,-0.00022028233757985456,0.0048981828388924235,7.477399767787067e-05,0.004734548932809864
0.024,0.024546293302199387,7.477399767787067e-05,0.004734548932809864,-0.00044817397897360493,0.0047997056270427715
0.026000000000000002,0.02662803618017134,-0.00044817397897360493,0.0047997056270427715,5.8795118154750004e-05,0.0068852899942399475
0.028,0.02871507116413713,5.8795118154750004e-05,0.0068852899942399475,-0.00022262973145375129,0.006495550654113669
0.03,0.030807334617171823,-0.00022262973145375129,0.006495550654113669,-9.580072782561694e-05,0.0066351585903405555
0.032,0.032904761914106455,-9.580072782561694e-05,0.0066351585903405555,0.0003302089857820303,0.007448017308887996
0.034,0.03500728743662303,0.0003302089857820303,0.007448017308887996,0.0001312874685042241,0.011650053929023189
0.036000000000000004,0.03711484456840573,0.0001312874685042241,0.011650053929023189,4.2485973163092046e-05,0.010483721210043796
0.038,0.03922736569034968,4.2485973163092046e-05,0.010483721210043796,0.0002043800331401316,0.011668135937751642
0.04,0.04134478217582875,0.0002043800331401316,0.011668135937751642,-3.796055648774859e-05,0.012533982613531327
0.042,0.043467024386023484,-3.796055648774859e-05,0.012533982613531327,0.0005052767278121475,0.01013642797776794
0.044,0.045594021665310985,0.0005052767278121475,0.01013642797776794,0.00043356440443629164,0.014326619735459204
0.046,0.04772570233671786,0.00043356440443629164,0.014326619735459204,0.00016330109066640245,0.018954484420622204
0.048,0.049861993697437566,0.00016330109066640245,0.018954484420622204,0.0004757038356275326,0.0134297840571613
0.05,0.05200282201441402,0.0004757038356275326,0.0134297840571613,0.0003715801780025429,0.01786589868617037
0.052000000000000005,0.0541481125199923,0.0003715801780025429,0.01786589868617037,0.00035413379786994087,0.018972465880310662
0.054,0.05629778940763849,0.00035413379786994087,0.018972465880310662,0.0004156093621163469,0.01984579672473829
0.056,0.05845177582772975,0.0004156093621163469,0.01984579672473829,0.0007554715241615916,0.018075765340054294
0.058,0.060609993883416036,0.0007554715241615916,0.018075765340054294,0.0005491040284162774,0.019428035100920362
0.06,0.0627723646265554,0.0005491040284162774,0.019428035100920362,0.0005765193125870881,0.0189202729460829
0.062,0.06493880805372379,0.0005765193125870881,0.0189202729460829,0.0004797009997100233,0.021855452388709014
0.064,0.06710924310230125,0.0004797009997100233,0.021855452388709014,0.0008217440101119992,0.025505402355588097
0.066,0.06928358764663599,0.0008217440101119992,0.025505402355588097,0.0004256792956909765,0.0226075245159808
0.068,0.07146175849428753,0.0004256792956909765,0.0226075245159808,0.0008701540371015277,0.021209409631158957
0.07,0.07364367138235094,0.0008701540371015277,0.021209409631158957,0.0007005557405468133,0.02601360662388144
0.07200000000000001,0.07582924097386327,0.0007005557405468133,0.02601360662388144,0.0010990718272620484,0.02861836693484041
0.074,0.07801838085429413,0.0010990718272620484,0.02861836693484041,0.0008388049459010011,0.02755224728217821
0.076,0.0802110035281216,0.0008388049459010011,0.02755224728217821,0.0009129261028342092,0.0324058352970891
0.078,0.08240702041549527,0.0009129261028342092,0.0324058352970891,0.0009382578641222826,0.02984147407280143
0.08,0.084606341848988,0.0009382578641222826,0.02984147407280143,0.0011575022464161957,0.03131924927097047
0.082,0.08680887707043788,0.0011575022464161957,0.03131924927097047,0.0011129194611576181,0.030467802609507863
0.084,0.08901453422788198,0.0011129194611576181,0.030467802609507863,0.0012177833217422939,0.03296849185367155
0.08600000000000001,0.09122322037258385,0.0012177833217422939,0.03296849185367155,0.0015233959971556058,0.03634759028918127
0.088,0.09343484145615567,0.0015233959971556058,0.03634759028918127,0.0013578512870721763,0.037591545924835344
0.09,0.09564930232777757,0.0013578512870721763,0.037591545924835344,0.0013697009859112937,0.03960169600673437
0.092,0.09786650673151494,0.0013697009859112937,0.03960169600673437,0.001514137353315983,0.039937949306553186
0.094,0.10008635730373594,0.001514137353315983,0.039937949306553186,0.0013371944686327497,0.04077128622132636
0.096,0.1023087555706306,0.0013371944686327497,0.04077128622132636,0.0013405717372165238,0.03734906360631259
0.098,0.10453360194583335,0.0013405717372165238,0.03734906360631259,0.0017029147260520358,0.040998915237048336
0.1,0.10676079572815025,0.0017029147260520358,0.040998915237048336,0.0018850555214879627,0.04870694362856964
0.10200000000000001,0.10899023509939328,0.0018850555214879627,0.04870694362856964,0.0017772567832510186,0.044430341421070614
0.10400000000000001,0.11122181712232278,0.0017772567832510186,0.044430341421070614,0.002079049959597628,0.04816990200845103
0.106,0.11345543773869976,0.002079049959597628,0.04816990200845103,0.0021001625131161147,0.048325417295783026
0.108,0.11569099176745042,0.0021001625131161147,0.048325417295783026,0.002376619426329893,0.05138136977832639
0.11,0.11792837290294361,0.002376619426329893,0.05138136977832639,0.002133391768303754,0.051841687069122344
0.112,0.12016747371338399,0.002133391768303754,0.051841687069122344,0.0024546170047005174,0.05160738088076719
0.114,0.12240818563932164,0.0024546170047005174,0.05160738088076719,0.002610516055579209,0.05377838728370361
0.116,0.12465039899228059,0.002610516055579209,0.05377838728370361,0.002867637614292365,0.057723510457520145
0.11800000000000001,0.1268940029535076,0.002867637614292365,0.057723510457520145,0.0028095893981891734,0.05806985745749105
0.12,0.1291388855728432,0.0028095893981891734,0.05806985745749105,0.002890487539851958,0.05724520921025272
0.122,0.1313849337677163,0.002890487539851958,0.05724520921025272,0.002814546846072751,0.06403509737331044
0.124,0.1336320333222646,0.002814546846072751,0.06403509737331044,0.0027460417992213634,0.06715665074717704
0.126,0.13588006888658272,0.0027460417992213634,0.06715665074717704,0.0029579528506365133,0.0692219460680799
0.128,0.13812892397609874,0.0029579528506365133,0.0692219460680799,0.003278173942353783,0.0716085837778612
0.13,0.14037848097108216,0.003278173942353783,0.0716085837778612,0.0036184561406189426,0.06942260520558466
0.132,0.14262862111628472,0.0036184561406189426,0.06942260520558466,0.00399220025620499,0.07793571790670326
0.134,0.14487922452071508,0.00399220025620499,0.07793571790670326,0.0038846612691035847,0.07717803946081873
0.136,0.14713017015755028,0.0038846612691035847,0.07717803946081873,0.004026897920640216,0.07857422711980136
0.138,0.1493813358641852,0.004026897920640216,0.07857422711980136,0.004445501048943926,0.0823704077156393
0.14,0.1516325983424216,0.004445501048943926,0.0823704077156393,0.004388603819392842,0.08494250966291145
0.14200000000000002,0.15388383315879905,0.004388603819392842,0.08494250966291145,0.0044531309558913995,0.08719638664882778
0.14400000000000002,0.1561349147450692,0.0044531309558913995,0.08719638664882778,0.00501602596304318,0.09282508708601933
0.146,0.15838571639881532,0.00501602596304318,0.09282508708601933,0.005151161439239557,0.09670915679057292
0.148,0.16063611028421917,0.005151161439239557,0.09670915679057292,0.005019914262892527,0.0997555559496511
0.15,0.16288596743297612,0.005019914262892527,0.0997555559496511,0.0052553928661429085,0.10433797210356076
0.152,0.16513515774536158,0.0052553928661429085,0.10433797210356076,0.005509248829458878,0.10783171714350659
0.154,0.16738354999144966,0.005509248829458878,0.10783171714350659,0.005534081669689192,0.11113351270581046
0.156,0.16963101181248608,0.005534081669689192,0.11113351270581046,0.0063751656810937625,0.11593631597614763
0.158,0.17187740972241752,0.0063751656810937625,0.11593631597614763,0.006077607575726038,0.12271073362368
0.16,0.1741226091095785,0.006077607575726038,0.12271073362368,0.006823938435855807,0.12412078274191954
0.162,0.17636647423853846,0.006823938435855807,0.12412078274191954,0.0067653129589433595,0.1310025612166867
0.164,0.17860886825211025,0.0067653129589433595,0.1310025612166867,0.006730331596975935,0.13922893504241765
0.166,0.18084965317352186,0.006730331596975935,0.13922893504241765,0.007364877511259132,0.1436582852529275
0.168,0.1830886899087539,0.007364877511259132,0.1436582852529275,0.007518193497402311,0.15045431678665785
0.17,0.18532583824904356,0.007518193497402311,0.15045431678665785,0.007872508351477995,0.1555702083250218
0.17200000000000001,0.18756095687355798,0.007872508351477995,0.1555702083250218,0.008083631335079508,0.16002563054975952
0.17400000000000002,0.18979390335223792,0.008083631335079508,0.16002563054975952,0.008911106991033377,0.16834435381970317
0.176,0.1920245341488143,0.008911106991033377,0.16834435381970317,0.009055469151645745,0.17649864933107126
0.178,0.1942527046239988,0.009055469151645745,0.17649864933107126,0.00927708107123045,0.18307259376347665
0.18,0.19647826903885077,0.00927708107123045,0.18307259376347665,0.009875192021178427,0.19132896034414293
0.182,0.19870108055832236,0.009875192021178427,0.19132896034414293,0.010119097940346211,0.2001500266599693
0.184,0.20092099125498272,0.010119097940346211,0.2001500266599693,0.010801915252378209,0.20997448112293568
0.186,0.2031378521129247,0.010801915252378209,0.20997448112293568,0.0110780576043937,0.21633483847343973
0.188,0.2053515130318541,0.0110780576043937,0.21633483847343973,0.011178455982092123,0.22855514748612768
0.19,0.20756182283136507,0.011178455982092123,0.22855514748612768,0.012120538916976412,0.23591846522116328
0.192,0.20976862925540127,0.012120538916976412,0.23591846522116328,0.012527819280188961,0.24765939697578104
0.194,0.21197177897690717,0.012527819280188961,0.24765939697578104,0.013098375469398347,0.2581908004450397
0.196,0.2141711176026688,0.013098375469398347,0.2581908004450397,0.013374925630576335,0.2699852368869347
0.198,0.21636648967834748,0.013374925630576335,0.2699852368869347,0.013772566107397438,0.2796412253269966
0.2,0.21855773869370765,0.013772566107397438,0.2796412253269966,0.01469913820313847,0.2909807723659187
0.202,0.2207447070880401,0.01469913820313847,0.2909807723659187,0.01557795151927177,0.30386792620680947
0.20400000000000001,0.22292723625578348,0.01557795151927177,0.30386792620680947,0.015598932747536482,0.30953179240042605
0.20600000000000002,0.22510516655234483,0.015598932747536482,0.30953179240042605,0.016641859990699958,0.3232270001256742
0.20800000000000002,0.2272783373001216,0.016641859990699958,0.3232270001256742,0.017151869566601242,0.33961368767478256
0.21,0.22944658679472593,0.017151869566601242,0.33961368767478256,0.01752745252071393,0.3467107124015333
0.212,0.23160975231141445,0.01752745252071393,0.3467107124015333,0.018636541270216158,0.36432350937805863
0.214,0.23376767011172372,0.018636541270216158,0.36432350937805863,0.01929118770977289,0.3779104984778231
0.216,0.23592017545031396,0.01929118770977289,0.3779104984778231,0.0199516702842764,0.38868555203574434
0.218,0.23806710258202257,0.0199516702842764,0.38868555203574434,0.020902156175819194,0.40391345274060436
0.22,0.24020828476912928,0.020902156175819194,0.40391345274060436,0.021447291796344917,0.421261819558725
0.222,0.24234355428883403,0.021447291796344917,0.421261819558725,0.02263346202492254,0.4356899019631847
0.224,0.24447274244095007,0.02263346202492254,0.4356899019631847,0.02334732144241089,0.4484032224608782
0.226,0.24659567955581319,0.02334732144241089,0.4484032224608782,0.024274894374265735,0.4629879907727295
0.228,0.24871219500240938,0.024274894374265735,0.4629879907727295,0.02547375705791276,0.4784202980938859
0.23,0.25082211719672204,0.02547375705791276,0.4784202980938859,0.026496645419747965,0.4960578556613519
0.232,0.2529252736103004,0.026496645419747965,0.4960578556613519,0.027852309005288185,0.5081367448723934
0.234,0.2550214907790518,0.027852309005288185,0.5081367448723934,0.028678064821413603,0.5264247930434374
0.23600000000000002,0.25711059431225697,0.028678064821413603,0.5264247930434374,0.029582496808905397,0.5395094768986882
0.23800000000000002,0.25919240890181294,0.029582496808905397,0.5395094768986882,0.03060991632509487,0.5598125608809906
0.24,0.26126675833170315,0.03060991632509487,0.5598125608809906,0.03183414590228803,0.5745053532666689
0.242,0.26333346548769637,0.03183414590228803,0.5745053532666689,0.032973398420338335,0.5927592293774477
0.244,0.2653923523672774,0.032973398420338335,0.5927592293774477,0.03424052203015786,0.6022365622090948
0.246,0.26744324008980863,0.03424052203015786,0.6022365622090948,0.03535219572169272,0.618959250896371
0.248,0.26948594890692745,0.03535219572169272,0.618959250896371,0.036118764683852715,0.6381608368826553
0.25,0.2715202982131767,0.036118764683852715,0.6381608368826553,0.038346971447858764,0.6556977952553611
0.252,0.27354610655687367,0.038346971447858764,0.6556977952553611,0.03918982750681772,0.670157185493843
0.254,0.2755631916512162,0.03918982750681772,0.670157185493843,0.04102750156999489,0.6888363910698856
0.256,0.277571370385629,0.04102750156999489,0.6888363910698856,0.042221072401685086,0.7049398911362131
0.258,0.2795704588373507,0.042221072401685086,0.7049398911362131,0.04366237612144758,0.7232225691758062
0.26,0.2815602722832634,0.04366237612144758,0.7232225691758062,0.045241634677009625,0.7386439836009976
0.262,0.2835406252119658,0.045241634677009625,0.7386439836009976,0.04643224007740641,0.7558684832228206
0.264,0.28551133133609213,0.04643224007740641,0.7558684832228206,0.048046984666146916,0.7736978577623028
0.266,0.2874722036048761,0.048046984666146916,0.7736978577623028,0.049506027689984626,0.7879266443394659
0.268,0.28942305421696446,0.049506027689984626,0.7879266443394659,0.05136860472105731,0.8022699708917685
0.27,0.29136369463347783,0.05136860472105731,0.8022699708917685,0.053357791335960324,0.8245811279712523
0.272,0.2932939355913228,0.053357791335960324,0.8245811279712523,0.054597526680166285,0.8399666549806624
0.274,0.295213587116755,0.054597526680166285,0.8399666549806624,0.056476391133089075,0.8499791244067748
0.276,0.29712245853919517,0.056476391133089075,0.8499791244067748,0.058194751093541004,0.8718850974055609
0.278,0.299020358505299,0.058194751093541004,0.8718850974055609,0.05993896754096881,0.8866725401545523
0.28,0.3009070949932813,0.05993896754096881,0.8866725401545523,0.06167977518487656,0.905303744396603
0.28200000000000003,0.30278247532749747,0.06167977518487656,0.905303744396603,0.06381627993294553,0.9231771018119951
0.28400000000000003,0.3046463061932813,0.06381627993294553,0.9231771018119951,0.06545628773110497,0.9424267638170405
0.28600000000000003,0.30649839365204085,0.06545628773110497,0.9424267638170405,0.0672588303281152,0.9554617278514655
0.28800000000000003,0.30833854315661424,0.0672588303281152,0.9554617278514655,0.06895277322118873,0.9762603663868723
0.29,0.3101665595668856,0.06895277322118873,0.9762603663868723,0.07148901498781825,0.9918458414504291
0.292,0.311982247165662,0.07148901498781825,0.9918458414504291,0.07344374658165094,1.007129486266425
0.294,0.3137854096748124,0.07344374658165094,1.007129486266425,0.07540068851476453,1.02330790410272
0.296,0.31557585027167034,0.07540068851476453,1.02330790410272,0.07739830856546022,1.0408275690618054
0.298,0.3173533716057002,0.07739830856546022,1.0408275690618054,0.0798566524598457,1.058740329267684
0.3,0.31911777581542844,0.0798566524598457,1.058740329267684,0.08169167557322882,1.073381736322937
0.302,0.3208688645456399,0.08169167557322882,1.073381736322937,0.0837592724761416,1.094657697644017
0.304,0.322606438964842,0.0837592724761416,1.094657697644017,0.08620433538634824,1.1084979770560641
0.306,0.3243302997829938,0.08620433538634824,1.1084979770560641,0.08828430336059723,1.1230527949390807
0.308,0.32604024726950565,0.08828430336059723,1.1230527949390807,0.09062451737082326,1.1439222927136705
0.31,0.3277360812715049,0.09062451737082326,1.1439222927136705,0.09287752964710197,1.158619221910108
0.312,0.32941760123237235,0.09287752964710197,1.158619221910108,0.09526376161483059,1.1761848830604589
0.314,0.33108460621054775,0.09526376161483059,1.1761848830604589,0.09737506537803231,1.1923787376275974
0.316,0.33273689489860614,0.09737506537803231,1.1923787376275974,0.09994223608544635,1.211492987712985
0.318,0.3343742656426043,0.09994223608544635,1.211492987712985,0.10241216971255575,1.2277412228903792
0.32,0.3359965164616994,0.10241216971255575,1.2277412228903792,0.10535805303691897,1.2428108567298868
0.322,0.3376034450680388,0.10535805303691897,1.2428108567298868,0.10745340059884395,1.2606580159657654
0.324,0.3391948488869221,0.10745340059884395,1.2606580159657654,0.11012750405328935,1.2751097720765783
0.326,0.3407705250772357,0.11012750405328935,1.2751097720765783,0.11280789808713504,1.297933204697555
0.328,0.34233027055216075,0.11280789808713504,1.297933204697555,0.11528547023068111,1.3102834604788183
0.33,0.34387388200015323,0.11528547023068111,1.3102834604788183,0.11778301958142554,1.3280948551059186
0.332,0.345401155906198,0.11778301958142554,1.3280948551059186,0.12043101697285892,1.3419892537818465
0.334,0.34691188857333666,0.12043101697285892,1.3419892537818465,0.12365819980754536,1.359116161569284
0.336,0.3484058761444678,0.12365819980754536,1.359116161569284,0.12637379200790666,1.3806757864394568
0.338,0.34988291462442245,0.12637379200790666,1.3806757864394568,0.12899798909649673,1.395408438286202
0.34,0.35134279990231265,0.12899798909649673,1.395408438286202,0.1321584726918475,1.4105558922502412
0.342,0.3527853277741534,0.1321584726918475,1.4105558922502412,0.1345045586881584,1.4248622100887187
0.34400000000000003,0.3542102939657593,0.1345045586881584,1.4248622100887187,0.13751981754546727,1.4471164293474905
0.34600000000000003,0.3556174941559139,0.13751981754546727,1.4471164293474905,0.14062482773780788,1.458832083582009
0.34800000000000003,0.3570067239998132,0.14062482773780788,1.458832083582009,0.143216316691776,1.4762332110487317
0.35000000000000003,0.35837777915278196,0.143216316691776,1.4762332110487317,0.14643331039335816,1.493321881304075
0.352,0.3597304552942633,0.14643331039335816,1.493321881304075,0.1494381227939634,1.5107810927639276
0.354,0.36106454815208117,0.1494381227939634,1.5107810927639276,0.152388688035911,1.5265250263027428
0.356,0.3623798535269749,0.152388688035911,1.5265250263027428,0.15557572977072573,1.5428163316108559
0.358,0.3636761673174055,0.15557572977072573,1.5428163316108559,0.15875376104044608,1.5630645376290278
0.36,0.36495328554463435,0.15875376104044608,1.5630645376290278,0.1619226901169435,1.5757310173638501
0.362,0.3662110043780722,0.1619226901169435,1.5757310173638501,0.164650817083018,1.5926484880225489
0.364,0.3674491201608983,0.164650817083018,1.5926484880225489,0.16781486669838896,1.6052627183537058
0.366,0.36866742943595043,0.16781486669838896,1.6052627183537058,0.17162361522625005,1.6256549676272296
0.368,0.3698657289718829,0.17162361522625005,1.6256549676272296,0.17470341190723573,1.636936143362304
0.37,0.3710438157895936,0.17470341190723573,1.636936143362304,0.1779719704938307,1.655062768515253
0.372,0.3722014871889185,0.1779719704938307,1.655062768515253,0.1815184747191827,1.6769486474387472
0.374,0.37333854077559253,0.1815184747191827,1.6769486474387472,0.18481127953787455,1.6868348129074033
0.376,0.37445477448847697,0.18481127953787455,1.6868348129074033,0.18794238200083238,1.7041872447431712
0.378,0.37554998662705086,0.18794238200083238,1.7041872447431712,0.19158143290523327,1.7178465802024305
0.38,0.37662397587916685,0.19158143290523327,1.7178465802024305,0.19511194744018795,1.7336405975141445
0.382,0.3776765413490692,0.19511194744018795,1.7336405975141445,0.19881445040990364,1.7538015824657045
0.384,0.3787074825856739,0.19881445040990364,1.7538015824657045,0.20234367843789966,1.7664015137000757
0.386,0.37971659961110843,0.20234367843789966,1.7664015137000757,0.20579555399153532,1.7826967080052323
0.388,0.3807036929495112,0.20579555399153532,1.7826967080052323,0.20921190426065506,1.7978301057176445
0.39,0.3816685636560882,0.20921190426065506,1.7978301057176445,0.21265770497791187,1.8111029523997877
0.392,0.382611013346426,0.21265770497791187,1.8111029523997877,0.21673532320456312,1.8290236361267609
0.394,0.3835308442260594,0.21673532320456312,1.8290236361267609,0.22030925139007962,1.8467565075100087
0.396,0.3844278591202928,0.22030925139007962,1.8467565075100087,0.2236393999692249,1.858461764039376
0.398,0.38530186150427265,0.2236393999692249,1.858461764039376,0.22777156407916477,1.8760195106951423
0.4,0.3861526555333096,0.22777156407916477,1.8760195106951423,0.23144181697296823,1.892425734753745
0.402,0.3869800460734497,0.23144181697296823,1.892425734753745,0.23537016002174369,1.9029978211869945
0.404,0.3877838387322911,0.23537016002174369,1.9029978211869945,0.23898273896189928,1.9220162836808137
0.406,0.3885638398900455,0.23898273896189928,1.9220162836808137,0.24313227407782864,1.931509912242006
0.40800000000000003,0.38931985673084213,0.24313227407782864,1.931509912242006,0.2472093123521828,1.9513271064986215
0.41000000000000003,0.3900516972742721,0.2472093123521828,1.9513271064986215,0.25113818404826044,1.9641053778932467
0.41200000000000003,0.39075917040717095,0.25113818404826044,1.9641053778932467,0.2547694374042357,1.977278684721013
0.41400000000000003,0.3914420859156379,0.2547694374042357,1.977278684721013,0.2593241763432023,1.9937549818860776
0.41600000000000004,0.39210025451728797,0.2593241763432023,1.9937549818860776,0.26315148513156716,2.007299447084635
0.418,0.39273348789373697,0.26315148513156716,2.007299447084635,0.26691273553111955,2.0196516947779575
0.42,0.3933415987233146,0.26691273553111955,2.0196516947779575,0.27087800459804673,2.0392728773903714
0.422,0.393924400714005,0.27087800459804673,2.0392728773903714,0.27480727987980424,2.0536697626494123
0.424,0.3944817086366107,0.27480727987980424,2.0536697626494123,0.27925638138628367,2.0635646882474497
0.426,0.3950133383581391,0.27925638138628367,2.0635646882474497,0.2832479855368008,2.0787674526325572
0.428,0.3955191068754068,0.2832479855368008,2.0787674526325572,0.2875256464366236,2.0925503686311955
0.43,0.3959988323488606,0.2875256464366236,2.0925503686311955,0.29158501707172435,2.1068529984315685
0.432,0.3964523341366113,0.29158501707172435,2.1068529984315685,0.2957875017053979,2.118623447471933
0.434,0.3968794328286783,0.2957875017053979,2.118623447471933,0.3002529283579252,2.1366077491046127
0.436,0.3972799502814408,0.3002529283579252,2.1366077491046127,0.3042534473869411,2.148386053071862
0.438,0.3976537096522934,0.3042534473869411,2.148386053071862,0.3087529544310065,2.1598576801268035
0.44,0.398000535434503,0.3087529544310065,2.1598576801268035,0.31340391152999525,2.174102825364606
0.442,0.39832025349226263,0.31340391152999525,2.174102825364606,0.3179096022938364,2.1867993001572574
0.444,0.39861269109594066,0.3179096022938364,2.1867993001572574,0.3220901819038782,2.2010152079517087
0.446,0.39887767695751997,0.3220901819038782,2.2010152079517087,0.32629101696394275,2.215645260392656
0.448,0.3991150412662253,0.32629101696394275,2.215645260392656,0.3308655403075159,2.2285641693428593
0.45,0.3993246157243342,0.3308655403075159,2.2285641693428593,0.3353673418165815,2.2379600154364034
0.452,0.3995062335831679,0.3353673418165815,2.2379600154364034,0.33986196620980874,2.2528938805498337
0.454,0.3996597296792592,0.33986196620980874,2.2528938805498337,0.3446047348011853,2.263518537966624
0.456,0.3997849404706927,0.3446047348011853,2.263518537966624,0.34896068289340887,2.2743095693661672
0.458,0.3998817040736131,0.34896068289340887,2.2743095693661672,0.35367895764619983,2.287892119085145
0.46,0.3999498602988998,0.35367895764619983,2.287892119085145,0.3577918565574618,2.302116280105117
0.462,0.39998925068899993,0.3577918565574618,2.302116280105117,0.36300284660792825,2.31124168336216
0.464,0.3999997185549198,0.36300284660792825,2.31124168336216,0.3672165445809472,2.3247344911325127
0.466,0.3999811090133673,0.3672165445809472,2.3247344911325127,0.3718843013118493,2.338783327323069
0.468,0.39993326902404225,0.3718843013118493,2.338783327323069,0.3766481256271243,2.348256208034824
0.47000000000000003,0.3998560474270707,0.3766481256271243,2.348256208034824,0.38164874761361706,2.359732679611751
0.47200000000000003,0.3997492949805773,0.38164874761361706,2.359732679611751,0.3863639550686658,2.370713487270759
0.47400000000000003,0.39961286439839244,0.3863639550686658,2.370713487270759,0.39080284186181025,2.380264359193457
0.47600000000000003,0.39944661038788865,0.39080284186181025,2.380264359193457,0.3962076682933088,2.3944385675723088
0.47800000000000004,0.39925038968794196,0.3962076682933088,2.3944385675723088,0.40069638664937424,2.406024020911067
0.48,0.3990240611070127,0.40069638664937424,2.406024020911067,0.4055135018111478,2.4170541149396656
0.482,0.39876748556134184,0.4055135018111478,2.4170541149396656,0.41071851953942556,2.425605482737407
0.484,0.39848052611325635,0.41071851953942556,2.425605482737407,0.4149019242880707,2.4362463695156964
0.486,0.3981630480095799,0.4149019242880707,2.4362463695156964,0.4198439028894559,2.45020791516358
0.488,0.39781491872014296,0.4198439028894559,2.45020791516358,0.42519294600566304,2.4570902050836394
0.49,0.3974360079763863,0.42519294600566304,2.4570902050836394,0.42968911365123547,2.4684556280800085
0.492,0.3970261878100543,0.42968911365123547,2.4684556280800085,0.43520376467735916,2.4735304087923233
0.494,0.3965853325919705,0.43520376467735916,2.4735304087923233,0.4400089136951297,2.4868727093164047
0.496,0.39611331907089126,0.4400089136951297,2.4868727093164047,0.445109117064288,2.496571798944902
0.498,0.39561002641243137,0.445109117064288,2.496571798944902,0.44986051695381934,2.5052656839400824
0.5,0.3950753362380551,0.44986051695381934,2.5052656839400824,0.4547574973963654,2.520446101927339
0.502,0.3945091326641287,0.4547574973963654,2.520446101927339,0.46017089393131044,2.5261112775294365
0.504,0.3939113023410258,0.46017089393131044,2.5261112775294365,0.4649047382009173,2.532209626139836
0.506,0.3932817344922823,0.4649047382009173,2.532209626139836,0.47008988280471015,2.544858929560898
0.508,0.3926203209537927,0.47008988280471015,2.544858929560898,0.47525917035328924,2.5534959550269685
0.51,0.3919269562130419,0.47525917035328924,2.5534959550269685,0.4801761874844618,2.562151544754779
0.512,0.39120153744836783,0.4801761874844618,2.562151544754779,0.48553425642688164,2.573301970516348
0.514,0.3904439645682456,0.48553425642688164,2.573301970516348,0.49107332230580786,2.578718278020511
0.516,0.38965414025058953,0.49107332230580786,2.578718278020511,0.49572090799087554,2.586966818827144
0.518,0.3888319699820644,0.49572090799087554,2.586966818827144,0.5009427107172002,2.593548027938694
0.52,0.38797736209740036,0.5009427107172002,2.593548027938694,0.5062581030784041,2.6007124594064615
0.522,0.3870902278187043,0.5062581030784041,2.6007124594064615,0.5116118420246167,2.610185951700241
0.524,0.3861704812947606,0.5116118420246167,2.610185951700241,0.5167762533914996,2.617449647798954
0.526,0.38521803964031487,0.5167762533914996,2.617449647798954,0.5218309264397092,2.623166880396598
0.528,0.38423282297533345,0.5218309264397092,2.623166880396598,0.5271931903309146,2.6310365806350675
0.53,0.38321475446423064,0.5271931903309146,2.6310365806350675,0.5325654816876233,2.63901908119453
0.532,0.3821637603550579,0.5325654816876233,2.63901908119453,0.5375377257688762,2.645877091338534
0.534,0.3810797700186466,0.5375377257688762,2.645877091338534,0.5428461697176518,2.651044386058526
0.536,0.37996271598769754,0.5428461697176518,2.651044386058526,0.5483731309959546,2.6544794118033104
0.538,0.37881253399580883,0.5483731309959546,2.6544794118033104,0.5537799016966422,2.6651012113354073
0.54,0.3776291630164359,0.5537799016966422,2.6651012113354073,0.5590715628760295,2.669935119277222
0.542,0.37641254530177437,0.5590715628760295,2.669935119277222,0.5643816110802351,2.6746289698339134
0.544,0.37516262642155973,0.5643816110802351,2.6746289698339134,0.5697667771418031,2.681087478139066
0.546,0.37387935530177435,0.5697667771418031,2.681087478139066,0.5752142828836061,2.6852060224807657
0.548,0.3725626842632551,0.5752142828836061,2.6852060224807657,0.580628754625503,2.6931318571030447
0.55,0.37121256906019223,0.580628754625503,2.6931318571030447,0.5859490934325691,2.6970062680058287
0.552,0.36982896891851313,0.5859490934325691,2.6970062680058287,0.5914933353414635,2.699401478568772
0.554,0.36841184657414117,0.5914933353414635,2.699401478568772,0.5968897221410884,2.7078681301772667
0.556,0.3669611683111223,0.5968897221410884,2.7078681301772667,0.6022779815944602,2.7126040564318243
0.558,0.36547690399961036,0.6022779815944602,2.7126040564318243,0.607522768364462,2.715576534797014
0.56,0.36395902713370304,0.607522768364462,2.715576534797014,0.6132212184770975,2.721016061024989
0.562,0.36240751486912015,0.6132212184770975,2.721016061024989,0.6185831775279947,2.7209854415357273
0.5640000000000001,0.36082234806071484,0.6185831775279947,2.7209854415357273,0.624104756464202,2.73001097514356
0.5660000000000001,0.3592035112998094,0.624104756464202,2.73001097514356,0.6296613679955104,2.7315950839357352
0.5680000000000001,0.3575509929513478,0.6296613679955104,2.7315950839357352,0.6346166553168578,2.7362637599669033
0.5700000000000001,0.3558647851908536,0.6346166553168578,2.7362637599669033,0.6403735896653711,2.732359738272014
0.5720000000000001,0.3541448840411874,0.6403735896653711,2.732359738272014,0.6459590108319816,2.7372800357564095
0.5740000000000001,0.35239128940909253,0.6459590108319816,2.7372800357564095,0.6511100736724046,2.7416263007569692
0.5760000000000001,0.35060400512152035,0.6511100736724046,2.7416263007569692,0.6571145181271575,2.7445773608602866
0.578,0.3487830389617269,0.6571145181271575,2.7445773608602866,0.6624092615059458,2.751027584336246
0.58,0.3469284027051296,0.6624092615059458,2.751027584336246,0.6681729347269096,2.749326086158338
0.582,0.34504011215491753,0.6681729347269096,2.749326086158338,0.6733084671368146,2.7487995421559543
0.584,0.34311818717740367,0.6733084671368146,2.7487995421559543,0.6787236715909278,2.7537466489639293
0.586,0.34116265173710886,0.6787236715909278,2.7537466489639293,0.6844502204917059,2.754476043252294
0.588,0.33917353393157174,0.6844502204917059,2.754476043252294,0.6900808327293098,2.753854293200447
0.59,0.33715086602586974,0.6900808327293098,2.753854293200447,0.6953833074478681,2.75778766303094
0.592,0.33509468448684687,0.6953833074478681,2.75778766303094,0.7010254176996502,2.759174774801377
0.594,0.33300503001703335,0.7010254176996502,2.759174774801377,0.7065030346728778,2.756902231448892
0.596,0.3308819475882516,0.7065030346728778,2.756902231448892,0.7120116461271069,2.755783351371996
0.598,0.3287254864748954,0.7120116461271069,2.755783351371996,0.7171269844486378,2.7589956635078443
0.6,0.3265357002868736,0.7171269844486378,2.7589956635078443,0.7229591628658936,2.7582741280084657
0.602,0.3243126470022101,0.7229591628658936,2.7582741280084657,0.7281451669850556,2.756526234633656
0.604,0.3220563889992849,0.7281451669850556,2.756526234633656,0.7338779939417271,2.7549023290953274
0.606,0.31976699308871254,0.7338779939417271,2.7549023290953274,0.739058520702487,2.755109422688771
0.608,0.3174445305448422,0.739058520702487,2.755109422688771,0.7451983859979845,2.755462713729601
0.61,0.3150890771368719,0.7451983859979845,2.755462713729601,0.7504055246659324,2.753364671813781
0.612,0.31270071315956627,0.7504055246659324,2.753364671813781,0.7561807926614864,2.746338493061322
0.614,0.3102795234635669,0.7561807926614864,2.746338493061322,0.7615047143251801,2.7511808948456835
0.616,0.3078255974852844,0.7615047143251801,2.7511808948456835,0.7671622453614997,2.751500461369736
0.618,0.3053390292763629,0.7671622453614997,2.751500461369736,0.7727445726660787,2.74649707257275
0.62,0.30281991753270515,0.7727445726660787,2.74649707257275,0.7780647836326176,2.744986341263521
0.622,0.30026836562304826,0.7780647836326176,2.744986341263521,0.7833779623317733,2.7406392735537493
0.624,0.2976844816170791,0.7833779623317733,2.7406392735537493,0.7891426609347766,2.7417075921493903
0.626,0.29506837831307925,0.7891426609347766,2.7417075921493903,0.7943988212417102,2.7345339829691637
0.628,0.2924201732650872,0.7943988212417102,2.7345339829691637,0.799932836932647,2.7339195029044774
0.63,0.28973998880956875,0.799932836932647,2.7339195029044774,0.8053422759408132,2.7305375718936715
0.632,0.2870279520915839,0.8053422759408132,2.7305375718936715,0.8106024617555534,2.723355226162591
0.634,0.28428419509043906,0.8106024617555534,2.723355226162591,0.8161953955496603,2.721190702427298
0.636,0.2815088546448134,0.8161953955496603,2.721190702427298,0.8218746192815899,2.712250423882184
0.638,0.27870207247735057,0.8218746192815899,2.712250423882184,0.826903906615882,2.7113551723825102
0.64,0.27586399521870136,0.826903906615882,2.7113551723825102,0.8323668983743713,2.702808625700849
0.642,0.27299477443100817,0.8323668983743713,2.702808625700849,0.8381079025022004,2.701772642291907
0.644,0.2700945666308213,0.8381079025022004,2.701772642291907,0.8433897910083725,2.694523609169496
0.646,0.26716353331143267,0.8433897910083725,2.694523609169496,0.8488767877395134,2.689442350046931
0.648,0.26420184096461957,0.8488767877395134,2.689442350046931,0.8542585419583315,2.68230409654159
0.65,0.26120966110178423,0.8542585419583315,2.68230409654159,0.8592246066347204,2.678498737166344
0.652,0.25818717027447974,0.8592246066347204,2.678498737166344,0.8645985826652326,2.673158587198165
0.654,0.2551345500943105,0.8645985826652326,2.673158587198165,0.870121630117198,2.6634357945543496
0.656,0.2520519872521962,0.870121630117198,2.6634357945543496,0.8754012078441922,2.6578085224390513
0.658,0.2489396735369876,0.8754012078441922,2.6578085224390513,0.8808727917763045,2.650230137266619
0.66,0.24579780585342415,0.8808727917763045,2.650230137266619,0.8858902581785407,2.646656267393842
0.662,0.24262658623942013,0.8858902581785407,2.646656267393842,0.8916992641037234,2.6407243314482107
0.664,0.2394262218826696,0.8916992641037234,2.6407243314482107,0.8965221348587515,2.6294101246864625
0.666,0.23619692513655852,0.8965221348587515,2.6294101246864625,0.9020581254546884,2.62072286329371
0.668,0.23293891353537274,0.9020581254546884,2.62072286329371,0.9067816117519691,2.612957679777238
0.67,0.2296524098087901,0.9067816117519691,2.612957679777238,0.9122756423151345,2.602570390580134
0.672,0.22633764189564626,0.9122756423151345,2.602570390580134,0.917047064191393,2.592612271303326
0.674,0.22299484295696168,0.917047064191393,2.592612271303326,0.9226823858571779,2.5849780372926263
0.676,0.2196242513882196,0.9226823858571779,2.5849780372926263,0.927675541855286,2.5776807540771
0.678,0.21622611083088425,0.927675541855286,2.5776807540771,0.9329631755763201,2.567098257773048
0.68,0.21280067018314594,0.9329631755763201,2.567098257773048,0.9380551543234488,2.5562517708414956
0.682,0.20934818360988316,0.9380551543234488,2.5562517708414956,0.9429791623171457,2.5459981382887364
0.684,0.20586891055183157,0.9429791623171457,2.5459981382887364,0.9483534849131544,2.5377590073442535
0.686,0.20236311573394483,0.9483534849131544,2.5377590073442535,0.9530339307897937,2.526625665122745
0.6880000000000001,0.19883106917294258,0.9530339307897937,2.526625665122745,0.9581706438046158,2.517999646302949
0.6900000000000001,0.19527304618402724,0.9581706438046158,2.517999646302949,0.962907097722651,2.50354331708061
0.6920000000000001,0.1916893273867624,0.962907097722651,2.50354331708061,0.9681393790369939,2.499452376174163
0.6940000000000001,0.18808019871010248,0.9681393790369939,2.499452376174163,0.9733719537309172,2.4826858291945095
0.6960000000000001,0.18444595139656003,0.9733719537309172,2.4826858291945095,0.9782655792302346,2.475295553010052
0.6980000000000001,0.18078688200550186,0.9782655792302346,2.475295553010052,0.9829948379004948,2.458470859360462
0.7000000000000001,0.17710329241556064,0.9829948379004948,2.458470859360462,0.9881779311055278,2.4479662065130694
0.7020000000000001,0.17339548982615274,0.9881779311055278,2.4479662065130694,0.9929388156795098,2.4334868809823464
0.704,0.16966378675809363,0.9929388156795098,2.4334868809823464,0.9980329502022146,2.425199445253567
0.706,0.16590850105329308,0.9980329502022146,2.425199445253567,1.0025789168660497,2.410177445940802
0.708,0.1621299558735274,1.0025789168660497,2.410177445940802,1.0068514538564588,2.396864780903166
0.71,0.15832847969827366,1.0068514538564588,2.396864780903166,1.0119823283280085,2.382989818684728
0.712,0.15450440632159418,1.0119823283280085,2.382989818684728,1.0168944561150155,2.3677245100601785
0.714,0.15065807484806495,1.0168944561150155,2.3677245100601785,1.0211287577545225,2.355180690087001
0.716,0.14678982968773308,1.0211287577545225,2.355180690087001,1.025999049186968,2.3395755132625635
0.718,0.14290002055009646,1.025999049186968,2.3395755132625635,1.0306779846662308,2.3250972102863505
0.72,0.13898900243709197,1.0306779846662308,2.3250972102863505,1.0349591399007396,2.3135126228259906
0.722,0.13505713563508392,1.0349591399007396,2.3135126228259906,1.0400639762294304,2.298354256911925
0.724,0.13110478570584358,1.0400639762294304,2.298354256911925,1.0449711534311317,2.2809842143475083
0.726,0.12713232347650621,1.0449711534311317,2.2809842143475083,1.0487457017140591,2.2637141763280284
0.728,0.12314012502849772,1.0487457017140591,2.2637141763280284,1.0533644496072796,2.2488170198295494
0.73,0.11912857168542293,1.0533644496072796,2.2488170198295494,1.0580895522253697,2.229891688614626
0.732,0.11509804999990039,1.0580895522253697,2.229891688614626,1.0625775746142971,2.214707729629601
0.734,0.11104895173934007,1.0625775746142971,2.214707729629601,1.0669711896731826,2.2010995702064338
0.736,0.10698167387064889,1.0669711896731826,2.2010995702064338,1.0712183245112659,2.1845209831290306
0.738,0.10289661854385777,1.0712183245112659,2.1845209831290306,1.0755086445642577,2.1665497612629814
0.74,0.09879419307466125,1.0755086445642577,2.1665497612629814,1.0795813332931319,2.1505829473211273
0.742,0.09467480992585686,1.0795813332931319,2.1505829473211273,1.084553531996009,2.137231331415052
0.744,0.09053888668767796,1.084553531996009,2.137231331415052,1.0886801086429856,2.1170715380979477
0.746,0.08638684605701265,1.0886801086429856,2.1170715380979477,1.0924760727583662,2.100697331329225
0.748,0.08221911581549213,1.0924760727583662,2.100697331329225,1.0967595970867947,2.0795891562308007
0.75,0.07803612880645144,1.0967595970867947,2.0795891562308007,1.100835389338009,2.061590007144973
0.752,0.07383832291074154,1.100835389338009,2.061590007144973,1.1048922924014986,2.042682744381019
0.754,0.06962614102139446,1.1048922924014986,2.042682744381019,1.1088105366978973,2.023313241503809
0.756,0.06540003101712663,1.1088105366978973,2.023313241503809,1.1134936435825997,2.004898696427505
0.758,0.06116044573467333,1.1134936435825997,2.004898696427505,1.1169613667979301,1.9868480596956335
0.76,0.05690784293995082,1.1169613667979301,1.9868480596956335,1.1210833191549638,1.9640704021510558
0.762,0.05264268529802962,1.1210833191549638,1.9640704021510558,1.1247934288282457,1.948419448773417
0.764,0.04836544034191958,1.1247934288282457,1.948419448773417,1.1287421068001424,1.9268832528478401
0.766,0.04407658044015487,1.1287421068001424,1.9268832528478401,1.1328118797690523,1.9051129349819167
0.768,0.039776582763170004,1.1328118797690523,1.9051129349819167,1.1362897684897943,1.885031420390573
0.77,0.035465929248464305,1.1362897684897943,1.885031420390573,1.1403021805280407,1.861546064927811
0.772,0.031145106564544386,1.1403021805280407,1.861546064927811,1.1435592996027857,1.8435462158963802
0.774,0.026814606073637018,1.1435592996027857,1.8435462158963802,1.1474731100894118,1.824749662399729
0.776,0.02247492379316901,1.1474731100894118,1.824749662399729,1.1512239388332473,1.7991008425263115
0.778,0.01812656035600393,1.1512239388332473,1.7991008425263115,1.1546564776510992,1.780154774318265
0.78,0.01377002096943223,1.1546564776510992,1.780154774318265,1.1578912892803854,1.7600949763387044
0.782,0.009405815372906553,1.1578912892803854,1.7600949763387044,1.1613145342326407,1.732920084084694
0.784,0.005034457794517431,1.1613145342326407,1.732920084084694,1.1648543525945951,1.711921529892718
0.786,0.0006564669062024225,1.1648543525945951,1.711921529892718,1.1681837068921572,1.6932899915233601
0.788,-0.0037276342223148216,1.1681837068921572,1.6932899915233601,1.1717158198825481,1.673138737424847
0.79,-0.008117318170863964,1.1717158198825481,1.673138737424847,1.174907834733223,1.6441062114120562
0.792,-0.012512053217446188,1.174907834733223,1.6441062114120562,1.1780448910320986,1.6223335919579158
0.794,-0.016911303388143558,1.1780448910320986,1.6223335919579158,1.1811544755778156,1.601835837430802
0.796,-0.021314528508314994,1.1811544755778156,1.601835837430802,1.1844240998348547,1.5735981008369133
0.798,-0.025721184255092303,1.1844240998348547,1.5735981008369133,1.1878004056063038,1.553714518478592
0.8,-0.030130722211173296,1.1878004056063038,1.553714518478592,1.190792629494102,1.5303319394652455
0.802,-0.034542589919919424,1.190792629494102,1.5303319394652455,1.1938598011365675,1.5061801131471912
0.804,-0.03895623094176365,1.1938598011365675,1.5061801131471912,1.1969444906891906,1.4827399669585488
0.806,-0.04337108491192476,1.1969444906891906,1.4827399669585488,1.1996906241222245,1.4582999363612905
0.808,-0.04778658759944232,1.1996906241222245,1.4582999363612905,1.2021866363392768,1.4325473736181924
0.81,-0.05220217096752272,1.2021866363392768,1.4325473736181924,1.205242263254379,1.4084964256915937
0.812,-0.05661726323520935,1.205242263254379,1.4084964256915937,1.2077885803275197,1.386364533598813
0.8140000000000001,-0.06103128894037575,1.2077885803275197,1.386364533598813,1.2107970441685902,1.3555010026087935
0.8160000000000001,-0.06544366900404014,1.2107970441685902,1.3555010026087935,1.213099519937831,1.3320028728063429
0.8180000000000001,-0.06985382079600892,1.213099519937831,1.3320028728063429,1.216037410016702,1.3055873001983536
0.8200000000000001,-0.07426115820184893,1.216037410016702,1.3055873001983536,1.2186363701384864,1.2800187852726164
0.8220000000000001,-0.07866509169118738,1.2186363701384864,1.2800187852726164,1.221239077882889,1.2539503461862955
0.8240000000000001,-0.0830650283873453,1.221239077882889,1.2539503461862955,1.2235796882383532,1.231278703759923
0.8260000000000001,-0.08746037213829744,1.2235796882383532,1.231278703759923,1.2265078585047018,1.2010529359875055
0.8280000000000001,-0.09185052358897101,1.2265078585047018,1.2010529359875055,1.22825390988648,1.1749636847932192
0.8300000000000001,-0.09623488025486987,1.22825390988648,1.1749636847932192,1.230803774702602,1.1477526002639842
0.8320000000000001,-0.10061283659703524,1.230803774702602,1.1477526002639842,1.23279661154655,1.1232277561437787
0.834,-0.10498378409833442,1.23279661154655,1.1232277561437787,1.2348904678073649,1.0944456297115126
0.836,-0.10934711134108446,1.2348904678073649,1.0944456297115126,1.2371296214202612,1.0650703608317602
0.838,-0.11370220408600047,1.2371296214202612,1.0650703608317602,1.2390196950669161,1.0411962880470673
0.84,-0.1180484453524765,1.2390196950669161,1.0411962880470673,1.2413676691756803,1.014244649068659
0.842,-0.12238521550019013,1.2413676691756803,1.014244649068659,1.2429573398134315,0.98612767941015
0.844,-0.12671189231203264,1.2429573398134315,0.98612767941015,1.2453905054775145,0.9604539295310227
0.846,-0.13102785107836198,1.2453905054775145,0.9604539295310227,1.247078027601698,0.9297048725449514
0.848,-0.13533246468257398,1.247078027601698,0.9297048725449514,1.249026960627005,0.9023122314430857
0.85,-0.13962510368799116,1.249026960627005,0.9023122314430857,1.2504175000507272,0.8737118167333592
0.852,-0.14390513642606173,1.2504175000507272,0.8737118167333592,1.2526350595664135,0.8474607484947548
0.854,-0.14817192908587218,1.2526350595664135,0.8474607484947548,1.2542144099384536,0.8176263372660755
0.856,-0.15242484580496185,1.2542144099384536,0.8176263372660755,1.2557502146248636,0.7888091065040064
0.858,-0.15666324876143742,1.2557502146248636,0.7888091065040064,1.2570537059667917,0.7662760423057688
0.86,-0.1608864982673876,1.2570537059667917,0.7662760423057688,1.2587035405240232,0.7314573377319307
0.862,-0.16509395286358375,1.2587035405240232,0.7314573377319307,1.2599401092609934,0.7041335824594885
0.864,-0.169284969415467,1.2599401092609934,0.7041335824594885,1.261547897199196,0.6733880400637732
0.866,-0.1734589032104179,1.261547897199196,0.6733880400637732,1.2622477654266249,0.6445524975002187
0.868,-0.17761510805629308,1.2622477654266249,0.6445524975002187,1.263830529137492,0.6159304771941347
0.87,-0.1817529363812338,1.263830529137492,0.6159304771941347,1.265263100746838,0.5867887109277061
0.872,-0.1858717393347304,1.265263100746838,0.5867887109277061,1.2662752041107717,0.5542267710335856
0.874,-0.18997086688993978,1.2662752041107717,0.5542267710335856,1.267339224639846,0.530704252521689
0.876,-0.1940496679472453,1.267339224639846,0.530704252521689,1.268312978052684,0.4968830376764233
0.878,-0.19810749043905562,1.268312978052684,0.4968830376764233,1.2691211637166038,0.4695592266220438
0.88,-0.20214368143582773,1.2691211637166038,0.4695592266220438,1.2697755154802715,0.4350706442978263
0.882,-0.206157587253309,1.2697755154802715,0.4350706442978263,1.2708614799933657,0.4057313511297893
0.884,-0.21014855356098894,1.2708614799933657,0.4057313511297893,1.2714275126224086,0.3733845071754969
0.886,-0.21411592549174863,1.2714275126224086,0.3733845071754969,1.2721409870528277,0.3410375150394483
0.888,-0.2180590477526995,1.2721409870528277,0.3410375150394483,1.272786634830289,0.30595770727717436
0.89,-0.22197726473720014,1.272786634830289,0.30595770727717436,1.2733588662859787,0.27677223535401296
0.892,-0.2258699206380399,1.2733588662859787,0.27677223535401296,1.2736517801428746,0.24056521560223962
0.894,-0.2297363595617796,1.2736517801428746,0.24056521560223962,1.274390667078535,0.20412390201673947
0.896,-0.23357592564423266,1.274390667078535,0.20412390201673947,1.2746354982575614,0.16850950257020159
0.898,-0.23738796316708122,1.2746354982575614,0.16850950257020159,1.27509421761421,0.1387861047553695
0.9,-0.24117181667561002,1.27509421761421,0.1387861047553695,1.2754656946450318,0.09653767571431479
0.902,-0.2449268310975434,1.2754656946450318,0.09653767571431479,1.2753282762646,0.05973842079163536
0.904,-0.2486523518629784,1.2753282762646,0.05973842079163536,1.2752469857752293,0.026259592703570308
0.906,-0.2523477250253922,1.2752469857752293,0.026259592703570308,1.2749461569943843,-0.00617525400217268
0.908,-0.2560122973837156,1.2749461569943843,-0.00617525400217268,1.2751359680272887,-0.02929776040942871
0.91,-0.25964541660545387,1.2751359680272887,-0.02929776040942871,1.2750813265870704,-0.052287000503742256
0.912,-0.26324643135084175,1.2750813265870704,-0.052287000503742256,1.2749643861022382,-0.06598900901124416
0.914,-0.26681469139801517,1.2749643861022382,-0.06598900901124416,1.2747500881745706,-0.08203521701663853
0.916,-0.27034954776918535,1.2747500881745706,-0.08203521701663853,1.2744420902900673,-0.10252282507205226
0.918,-0.27385035285779685,1.2744420902900673,-0.10252282507205226,1.274499335067878,-0.11214916756986058
0.92,-0.27731646055665504,1.274499335067878,-0.11214916756986058,1.274090781013455,-0.12895568617127875
0.922,-0.28074722638700117,1.274090781013455,-0.12895568617127875,1.273978377427908,-0.14592774469839265
0.924,-0.28414200762852176,1.273978377427908,-0.14592774469839265,1.2733070341651656,-0.1617657476388949
0.926,-0.28750016345027035,1.2733070341651656,-0.1617657476388949,1.2733296221637784,-0.1810433518931436
0.928,-0.29082105504248607,1.2733296221637784,-0.1810433518931436,1.27293879010358,-0.19696781621384266
0.93,-0.29410404574928567,1.27293879010358,-0.19696781621384266,1.2720529318341232,-0.21115166182228481
0.932,-0.2973485012022123,1.2720529318341232,-0.21115166182228481,1.271789242761146,-0.23483034571022218
0.934,-0.3005537894546211,1.271789242761146,-0.23483034571022218,1.2712341367803388,-0.2495065891157966
0.936,-0.3037192811168759,1.2712341367803388,-0.2495065891157966,1.2710021273346386,-0.2719396453817397
0.9380000000000001,-0.3068443494923458,1.2710021273346386,-0.2719396453817397,1.2702622376050843,-0.2899413521599751
0.9400000000000001,-0.3099283707141669,1.2702622376050843,-0.2899413521599751,1.2694276429792366,-0.31149251549214024
0.9420000000000001,-0.3129707238827601,1.2694276429792366,-0.31149251549214024,1.2688830747540099,-0.3346310193304377
0.9440000000000001,-0.31597079120407234,1.2688830747540099,-0.3346310193304377,1.268080208073435,-0.3552722692613568
0.9460000000000001,-0.31892795812852515,1.268080208073435,-0.3552722692613568,1.2674291948579686,-0.3788377298737603
0.9480000000000001,-0.32184161349064194,1.2674291948579686,-0.3788377298737603,1.2665371991262362,-0.39819133185365635
0.9500000000000001,-0.3247111496493352,1.2665371991262362,-0.39819133185365635,1.2658181631696526,-0.4217250139163828
0.9520000000000001,-0.327535962628825,1.2658181631696526,-0.4217250139163828,1.2651219774840177,-0.44571466797425935
0.9540000000000001,-0.3303154522601661,1.2651219774840177,-0.44571466797425935,1.2643946624183056,-0.47221454906409177
0.9560000000000001,-0.3330490223233565,1.2643946624183056,-0.47221454906409177,1.2631132345067484,-0.49510257169462774
0.9580000000000001,-0.33573608069000666,1.2631132345067484,-0.49510257169462774,1.2622855920385865,-0.5151577208670672
0.96,-0.3383760394665367,1.2622855920385865,-0.5151577208670672,1.2604379856260255,-0.5447414942276211
0.962,-0.34096831513787834,1.2604379856260255,-0.5447414942276211,1.2598273530596236,-0.5655889580613014
0.964,-0.3435123287116554,1.2598273530596236,-0.5655889580613014,1.2586585543453273,-0.5917662183410709
0.966,-0.3460075058628132,1.2586585543453273,-0.5917662183410709,1.2573699731175578,-0.6148402318535618
0.968,-0.34845327707866997,1.2573699731175578,-0.6148402318535618,1.2559819488929111,-0.6386582989764553
0.97,-0.35084907780436203,1.2559819488929111,-0.6386582989764553,1.2542150106516021,-0.6640389356581906
0.972,-0.35319434858865295,1.2542150106516021,-0.6640389356581906,1.2530802753514954,-0.6879947581197287
0.974,-0.35548853523007745,1.2530802753514954,-0.6879947581197287,1.2518123149728817,-0.7162945825883892
0.976,-0.35773108892339267,1.2518123149728817,-0.7162945825883892,1.2504546114073927,-0.7409331079037066
0.978,-0.3599214664063025,1.2504546114073927,-0.7409331079037066,1.248669911097249,-0.7668177383538166
0.98,-0.3620591301064275,1.248669911097249,-0.7668177383538166,1.2472706690657236,-0.7872333829950475
0.982,-0.3641435482884884,1.2472706690657236,-0.7872333829950475,1.245855146109002,-0.8130183081772538
0.984,-0.3661741952016711,1.245855146109002,-0.8130183081772538,1.2441857118847024,-0.8371641124312403
0.986,-0.3681505512271428,1.2441857118847024,-0.8371641124312403,1.242234250220306,-0.8604693373597763
0.988,-0.3700721030256835,1.242234250220306,-0.8604693373597763,1.240692629748036,-0.8866612307544042
0.99,-0.3719383436854052,1.240692629748036,-0.8866612307544042,1.238611638491626,-0.9106018512063297
0.992,-0.3737487728695204,1.238611638491626,-0.9106018512063297,1.2368079115130466,-0.9363173806037393
0.994,-0.37550289696413003,1.2368079115130466,-0.9363173806037393,1.2350795944555086,-0.959483041339992
0.996,-0.37720022922599417,1.2350795944555086,-0.959483041339992,1.2330009379932834,-0.9844229159281939
0.998,-0.37884028993025265,1.2330009379932834,-0.9844229159281939,1.2309666487514062,-1.0059974845102473
1.0,-0.3804226065180614,1.2309666487514062,-1.0059974845102473,1.2287493452456066,-1.0266614380731387
1.002,-0.38194671374410505,1.2287493452456066,-1.0266614380731387,1.226798620458345,-1.0509806725888544
1.004,-0.38341215382395594,1.226798620458345,-1.0509806725888544,1.2247597011513407,-1.0795940993818243
1.006,-0.3848184765812392,1.2247597011513407,-1.0795940993818243,1.2222876295474645,-1.1010310238476666
1.008,-0.386165239594569,1.2222876295474645,-1.1010310238476666,1.2201254403566006,-1.1253316078981772
1.01,-0.38745200834421895,1.2201254403566006,-1.1253316078981772,1.2177582719945548,-1.1524633851130082
1.012,-0.38867835635848924,1.2177582719945548,-1.1524633851130082,1.2154261346143393,-1.1765821641310614
1.014,-0.389843865359733,1.2154261346143393,-1.1765821641310614,1.2131549370693422,-1.1967761092939828
1.016,-0.39094812541000395,1.2131549370693422,-1.1967761092939828,1.2105007384943889,-1.2188142655721428
1.018,-0.39199073505628695,1.2105007384943889,-1.2188142655721428,1.2082157644420375,-1.2441599457779524
1.02,-0.392971301475272,1.2082157644420375,-1.2441599457779524,1.2052833500318856,-1.2662119832341596
1.022,-0.39388944061763426,1.2052833500318856,-1.2662119832341596,1.2026512798523066,-1.288656155544627
1.024,-0.39474477735177904,1.2026512798523066,-1.288656155544627,1.2007593643523085,-1.311331977304284
1.026,-0.3955369456070126,1.2007593643523085,-1.311331977304284,1.1979083408399158,-1.334307240250528
1.028,-0.39626558851609905,1.1979083408399158,-1.334307240250528,1.1951303777585778,-1.354392506060675
1.03,-0.39693035855716197,1.1951303777585778,-1.354392506060675,1.1923070289485604,-1.3746435560092551
1.032,-0.3975309176948909,1.1923070289485604,-1.3746435560092551,1.1898749529152852,-1.397253895022973
1.034,-0.3980669375210113,1.1898749529152852,-1.397253895022973,1.1867099071523173,-1.421281499527016
1.036,-0.39853809939397666,1.1867099071523173,-1.421281499527016,1.1839200020241674,-1.44134277912967
1.038,-0.39894409457784014,1.1839200020241674,-1.44134277912967,1.1810453633178752,-1.4622735048045779
1.04,-0.3992846243802658,1.1810453633178752,-1.4622735048045779,1.1782604603917515,-1.4873021621583995
1.042,-0.39955940028963544,1.1782604603917515,-1.4873021621583995,1.1748443762599723,-1.5025335962154438
1.044,-0.3997681441112084,1.1748443762599723,-1.5025335962154438,1.1717834336574762,-1.5266463636930692
1.046,-0.3999105881022936,1.1717834336574762,-1.5266463636930692,1.1687091400554497,-1.548387817642991
1.048,-0.3999864751063875,1.1687091400554497,-1.548387817642991,1.1656541275967394,-1.561108743417706
1.05,-0.39999555868623843,1.1656541275967394,-1.561108743417706,1.1626870582578643,-1.588360460304278
1.052,-0.3999376032557896,1.1626870582578643,-1.588360460304278,1.159071220514719,-1.6068910691353546
1.054,-0.3998123842109612,1.159071220514719,-1.6068910691353546,1.1561951668860881,-1.6274455093398221
1.056,-0.399619688059224,1.1561951668860881,-1.6274455093398221,1.152565636201033,-1.6435310889924555
1.058,-0.39935931254792273,1.152565636201033,-1.6435310889924555,1.1495474706414035,-1.6653188080777457
1.06,-0.39903106679130285,1.1495474706414035,-1.6653188080777457,1.1457837679568876,-1.686709233419628
1.062,-0.39863477139619796,1.1457837679568876,-1.686709233419628,1.1424626991190439,-1.7068728054726574
1.064,-0.3981702585863316,1.1424626991190439,-1.7068728054726574,1.139310515750659,-1.7222327464741705
1.066,-0.3976373723251887,1.139310515750659,-1.7222327464741705,1.1357782343443814,-1.735551431597006
1.068,-0.3970359684374122,1.1357782343443814,-1.735551431597006,1.1324018677658263,-1.7596557632421899
1.07,-0.39636591472867877,1.1324018677658263,-1.7596557632421899,1.1287907893993572,-1.7728487971139775
1.072,-0.3956270911040085,1.1287907893993572,-1.7728487971139775,1.1248822347842744,-1.7946233509301295
1.074,-0.39481938968446295,1.1248822347842744,-1.7946233509301295,1.1213895559314386,-1.813208735192654
1.076,-0.3939427149221855,1.1213895559314386,-1.813208735192654,1.1180515861052687,-1.8318383253351032
1.078,-0.3929969837137394,1.1180515861052687,-1.8318383253351032,1.113848522405735,-1.8443167435905017
1.08,-0.39198212551169487,1.113848522405735,-1.8443167435905017,1.1103039630698133,-1.8599194520556317
1.082,-0.3908980824344231,1.1103039630698133,-1.8599194520556317,1.106650778877039,-1.8768728864169588
1.084,-0.3897448093740473,1.106650778877039,-1.8768728864169588,1.1030391557446757,-1.8966340935303678
1.086,-0.3885222741025073,1.1030391557446757,-1.8966340935303678,1.0989957923412697,-1.9094057872577135
1.088,-0.3872304573756902,1.0989957923412697,-1.9094057872577135,1.095175717098498,-1.9228638966160718
1.09,-0.3858693530355807,1.095175717098498,-1.9228638966160718,1.091090173239382,-1.9396195963870757
1.092,-0.38443896811038614,1.091090173239382,-1.9396195963870757,1.0875249174178732,-1.9523713581918276
1.094,-0.3829393229125891,1.0875249174178732,-1.9523713581918276,1.0832953568208037,-1.9634170006306786
1.096,-0.38137045113487916,1.0832953568208037,-1.9634170006306786,1.0799300105832732,-1.9845406522329259
1.098,-0.3797323999439234,1.0799300105832732,-1.9845406522329259,1.0755376891588344,-1.9904044545286697
1.1,-0.3780252300719219,1.0755376891588344,-1.9904044545286697,1.0716162836618175,-2.008470995111166
1.102,-0.37624901590590887,1.0716162836618175,-2.008470995111166,1.067373724620062,-2.023166363194986
1.104,-0.3744038455747483,1.067373724620062,-2.023166363194986,1.0633029704457604,-2.0360327590496383
1.106,-0.3724898210337802,1.0633029704457604,-2.0360327590496383,1.0593995522179132,-2.048247727346698
1.108,-0.37050705814707247,1.0593995522179132,-2.048247727346698,1.0550430588207815,-2.0620450328827755
1.11,-0.36845568676722973,1.0550430588207815,-2.0620450328827755,1.0509783799431796,-2.073283845910748
1.112,-0.36633585081271525,1.0509783799431796,-2.073283845910748,1.0467861227392268,-2.080928941436086
1.114,-0.36414770834264165,1.0467861227392268,-2.080928941436086,1.0427070814440789,-2.093178702488321
1.116,-0.36189143162897913,1.0427070814440789,-2.093178702488321,1.0384950767887555,-2.10490057754595
1.118,-0.3595672072261455,1.0384950767887555,-2.10490057754595,1.0341673898841626,-2.116117151685304
1.12,-0.35717523603792073,1.0341673898841626,-2.116117151685304,1.030093413576598,-2.1278011573512994
1.122,-0.3547157333816545,1.030093413576598,-2.1278011573512994,1.0259389165036068,-2.1353409381095148
1.124,-0.35218892904970844,1.0259389165036068,-2.1353409381095148,1.021231376717613,-2.1458058874745918
1.1260000000000001,-0.3495950673680994,1.021231376717613,-2.1458058874745918,1.0169379486251213,-2.1535646321867614
1.1280000000000001,-0.34693440725229385,1.0169379486251213,-2.1535646321867614,1.0126046213633024,-2.1602941041818817
1.1300000000000001,-0.3442072222601093,1.0126046213633024,-2.1602941041818817,1.008250053090376,-2.175449585511514
1.1320000000000001,-0.34141380064168175,1.008250053090376,-2.175449585511514,1.003902459964686,-2.1828776551804148
1.1340000000000001,-0.3385544453864537,1.003902459964686,-2.1828776551804148,0.9996677985256778,-2.1843253677627072
1.1360000000000001,-0.33562947426713835,0.9996677985256778,-2.1843253677627072,0.9954180224160064,-2.196326098929388
1.1380000000000001,-0.3326392198806215,0.9954180224160064,-2.196326098929388,0.9907350602997826,-2.1969222828573804
1.1400000000000001,-0.32958402968575146,0.9907350602997826,-2.1969222828573804,0.9865373599058826,-2.2069186285949827
1.1420000000000001,-0.32646426603798373,0.9865373599058826,-2.2069186285949827,0.9822588896865765,-2.2080847426481243
1.1440000000000001,-0.32328030622082937,0.9822588896865765,-2.2080847426481243,0.9778696577319628,-2.2183882184359676
1.1460000000000001,-0.3200325424740724,0.9778696577319628,-2.2183882184359676,0.9732333710583289,-2.2227206670752264
1.1480000000000001,-0.31672138201871264,0.9732333710583289,-2.2227206670752264,0.968582191496463,-2.2309685526289202
1.1500000000000001,-0.31334724707859113,0.968582191496463,-2.2309685526289202,0.9642485139452392,-2.235247956070672
1.1520000000000001,-0.3099105748986638,0.9642485139452392,-2.235247956070672,0.9597508120871521,-2.237267532711202
1.154,-0.3064118177598777,0.9597508120871521,-2.237267532711202,0.9557489768130425,-2.242869711135904
1.156,-0.30285144299061045,0.9557489768130425,-2.242869711135904,0.9507674618362989,-2.2448034687655456
1.158,-0.2992299329746424,0.9507674618362989,-2.2448034687655456,0.9463845228537621,-2.245285989139925
1.16,-0.29554778515561275,0.9463845228537621,-2.245285989139925,0.9416992054246289,-2.2515220151265343
1.162,-0.2918055120379266,0.9416992054246289,-2.2515220151265343,0.9369652149397525,-2.2538249400013166
1.164,-0.2880036411840758,0.9369652149397525,-2.2538249400013166,0.9328933307910585,-2.2535659253141547
1.166,-0.2841427152083397,0.9328933307910585,-2.2535659253141547,0.9280730926805331,-2.2556771072674335
1.168,-0.28022329176681926,0.9280730926805331,-2.2556771072674335,0.9237708863472671,-2.2547865030393504
1.17,-0.2762459435437856,0.9237708863472671,-2.2547865030393504,0.9191334280228921,-2.2567433122399723
1.172,-0.2722112582342896,0.9191334280228921,-2.2567433122399723,0.9143758685277872,-2.258578481106795
1.174,-0.2681198385230155,0.9143758685277872,-2.258578481106795,0.910551314218395,-2.2602684751933793
1.176,-0.26397230205933137,0.910551314218395,-2.2602684751933793,0.9056500296482587,-2.2546520675281854
1.178,-0.2597692814285103,0.9056500296482587,-2.2546520675281854,0.9011349819547826,-2.2554854925154606
1.18,-0.25551142411909267,0.9011349819547826,-2.2554854925154606,0.8966931819548322,-2.252237002072215
1.182,-0.25119939248634715,0.8966931819548322,-2.252237002072215,0.8921886482553623,-2.253918386722785
1.184,-0.24683386371181415,0.8921886482553623,-2.253918386722785,0.887680239512776,-2.2493859743714113
1.186,-0.24241552975888792,0.887680239512776,-2.2493859743714113,0.8831106442430984,-2.2443104606262922
1.188,-0.23794509732441815,0.8831106442430984,-2.2443104606262922,0.8788654811532756,-2.239634452772324
1.19,-0.23342328778629834,0.8788654811532756,-2.239634452772324,0.8741627214215951,-2.2358176795407965
1.192,-0.22885083714701115,0.8741627214215951,-2.2358176795407965,0.8700297961980119,-2.231203394902805
1.194,-0.22422849597310815,0.8700297961980119,-2.231203394902805,0.8656152837271066,-2.2291516410832495
1.196,-0.21955702933059698,0.8656152837271066,-2.2291516410832495,0.8608548719616558,-2.2221657957781296
1.198,-0.21483721671620815,0.8608548719616558,-2.2221657957781296,0.8561797074495378,-2.2179241579590494
1.2,-0.21006985198451847,0.8561797074495378,-2.2179241579590494,0.8519220181150716,-2.2131787776305507
1.202,-0.20525574327091017,0.8519220181150716,-2.2131787776305507,0.847267606821046,-2.207891190051537
1.204,-0.20039571291033953,0.847267606821046,-2.207891190051537,0.8432131119999586,-2.1975725560396238
1.206,-0.1954905973518956,0.8432131119999586,-2.1975725560396238,0.8390308978828585,-2.192319763386613
1.208,-0.19054124706912767,0.8390308978828585,-2.192319763386613,0.8344259569702532,-2.186200320012946
1.21,-0.18554852646612224,0.8344259569702532,-2.186200320012946,0.8301913079000022,-2.1769841765471054
1.212,-0.1805133137793105,0.8301913079000022,-2.1769841765471054,0.825895994747029,-2.164506007095599
1.214,-0.1754365009749896,0.825895994747029,-2.164506007095599,0.8214501423974822,-2.1620949340807054
1.216,-0.1703189936425371,0.8214501423974822,-2.1620949340807054,0.816984923646747,-2.1526781216735174
1.218,-0.16516171088331139,0.816984923646747,-2.1526781216735174,0.812637682699417,-2.137384007579416
1.22,-0.1599655851952152,0.812637682699417,-2.137384007579416,0.8086628388599786,-2.132839194869713
1.222,-0.15473156235291133,0.8086628388599786,-2.132839194869713,0.8045098828522215,-2.1166545133875503
1.224,-0.1494606012836796,0.8045098828522215,-2.1166545133875503,0.8000909326326192,-2.109476419132815
1.226,-0.14415367393890527,0.8000909326326192,-2.109476419132815,0.7959021378055637,-2.09607788500231
1.228,-0.1388117651611833,0.7959021378055637,-2.09607788500231,0.7919281192455424,-2.0823796326087263
1.23,-0.13343587254703526,0.7919281192455424,-2.0823796326087263,0.7878977883438392,-2.070045448720824
1.232,-0.128027006305225,0.7878977883438392,-2.070045448720824,0.783808347637693,-2.0583419000801615
1.234,-0.12258618911067719,0.783808347637693,-2.0583419000801615,0.7791368011812171,-2.046752353085823
1.236,-0.11711445595397832,0.7791368011812171,-2.046752353085823,0.7754399772094043,-2.0336609501319227
1.238,-0.11161285398646781,0.7754399772094043,-2.0336609501319227,0.7715216877122338,-2.0195992107574416
1.24,-0.10608244236091507,0.7715216877122338,-2.0195992107574416,0.7671453980098818,-2.0015554646905014
1.242,-0.10052429206777214,0.7671453980098818,-2.0015554646905014,0.7634845642496385,-1.9891535065302715
1.244,-0.0949394857670114,0.7634845642496385,-1.9891535065302715,0.7595880567888376,-1.9721991400872037
1.246,-0.08932911761554524,0.7595880567888376,-1.9721991400872037,0.7555536375077966,-1.963557635309575
1.248,-0.08369429309022858,0.7555536375077966,-1.963557635309575,0.7514652162810043,-1.9434612454912434
1.25,-0.0780361288064515,0.7514652162810043,-1.9434612454912434,0.7475514072132026,-1.925646034588453
1.252,-0.07235575233231917,0.7475514072132026,-1.925646034588453,0.7441684274766226,-1.9100999822568632
1.254,-0.06665430199843746,0.7441684274766226,-1.9100999822568632,0.7399193995570875,-1.8877544098934649
1.256,-0.06093292670329939,0.7399193995570875,-1.8877544098934649,0.7363079056544348,-1.8765523875330659
1.258,-0.05519278571428913,0.7363079056544348,-1.8765523875330659,0.7327338079372643,-1.8551089789936932
1.26,-0.049435048464309655,0.7327338079372643,-1.8551089789936932,0.7288703935230444,-1.8358535660309079
1.262,-0.043660894344049156,0.7288703935230444,-1.8358535660309079,0.7252769171038994,-1.8203571765426618
1.264,-0.03787151248989799,0.7252769171038994,-1.8203571765426618,0.7218117126163888,-1.797651736482225
1.266,-0.032068101567527145,0.7218117126163888,-1.797651736482225,0.718090257956937,-1.7788218426418796
1.268,-0.026251869551150938,0.718090257956937,-1.7788218426418796,0.7146795630277986,-1.753734582448702
1.27,-0.020424033498486524,0.7146795630277986,-1.753734582448702,0.711078755109181,-1.7361288119319551
1.272,-0.014585819321428967,0.711078755109181,-1.7361288119319551,0.7077739435513751,-1.7182806421826573
1.274,-0.008738461552467455,0.7077739435513751,-1.7182806421826573,0.7045351931461793,-1.6949883614623997
1.276,-0.0028832031068576707,0.7045351931461793,-1.6949883614623997,0.701293967397172,-1.6744906239750477
1.278,0.0029787049594226043,0.701293967397172,-1.6744906239750477,0.6976141948571049,-1.6542203591708327
1.28,0.008846003695907989,0.6976141948571049,-1.6542203591708327,0.6945746626724297,-1.6296092506604558
1.282,0.014717426508048588,0.6945746626724297,-1.6296092506604558,0.6915362836987072,-1.607192400931726
1.284,0.020591699411749355,0.6915362836987072,-1.607192400931726,0.6882988608036721,-1.581889637904168
1.286,0.02646754129201336,0.6882988608036721,-1.581889637904168,0.6849968745038207,-1.564427495156188
1.288,0.03234366416567445,0.6849968745038207,-1.564427495156188,0.6816527939323271,-1.5405081283800324
1.29,0.038218773448158626,0.6816527939323271,-1.5405081283800324,0.6791800566751772,-1.515150192516118
1.292,0.044091568224265985,0.6791800566751772,-1.515150192516118,0.676130249331282,-1.4877573265643163
1.294,0.049960741522924006,0.676130249331282,-1.4877573265643163,0.6732988214126052,-1.4620505278420626
1.296,0.055824980595875574,0.6732988214126052,-1.4620505278420626,0.6700576071528574,-1.4392432519694227
1.298,0.06168296720026776,0.6700576071528574,-1.4392432519694227,0.6672685300490248,-1.4129418281284876
1.3,0.06753337788509384,0.6672685300490248,-1.4129418281284876,0.6643705309362842,-1.3874736738585314
1.302,0.07337488428145116,0.6643705309362842,-1.3874736738585314,0.6620761522644575,-1.3645999858475668
1.304,0.079206153396573,0.6620761522644575,-1.3645999858475668,0.6591366686129734,-1.336472539106435
1.306,0.08502584791157862,0.6591366686129734,-1.336472539106435,0.6565067750250982,-1.3061219767149546
1.308,0.09083262648290515,0.6565067750250982,-1.3061219767149546,0.6538965866487644,-1.2790834880009394
1.31,0.09662514404737103,0.6538965866487644,-1.2790834880009394,0.6510838475404155,-1.2509326538564722
1.312,0.10240205213080877,0.6510838475404155,-1.2509326538564722,0.6488304736405052,-1.2241131496891657
1.314,0.10816199916023256,0.6488304736405052,-1.2241131496891657,0.646593052471683,-1.2024394426318585
1.316,0.11390363077947221,0.646593052471683,-1.2024394426318585,0.6440675847636537,-1.168441615534067
1.318,0.11962559016822778,0.6440675847636537,-1.168441615534067,0.6422491809291853,-1.1396314009663786
1.32,0.12532651836448105,0.6422491809291853,-1.1396314009663786,0.6397674381894413,-1.1140687178714253
1.322,0.13100505459020761,0.6397674381894413,-1.1140687178714253,0.6378381282149054,-1.0783859149528587
1.324,0.13665983658033007,0.6378381282149054,-1.0783859149528587,0.6354526511277953,-1.0529208923115396
1.326,0.1422895009148468,0.6354526511277953,-1.0529208923115396,0.6330777408956458,-1.020925998063427
1.328,0.14789268335407788,0.6330777408956458,-1.020925998063427,0.6319567281192381,-0.9912050662045465
1.33,0.15346801917695918,0.6319567281192381,-0.9912050662045465,0.6297443592803216,-0.9612426641169245
1.332,0.15901414352230972,0.6297443592803216,-0.9612426641169245,0.6274310937289151,-0.9290874899689707
1.334,0.16452969173302495,0.6274310937289151,-0.9290874899689707,0.6255792881959072,-0.9013681950251886
1.336,0.1700132997031,0.6255792881959072,-0.9013681950251886,0.6241421925301727,-0.8681246779929424
1.338,0.17546360422742804,0.6241421925301727,-0.8681246779929424,0.6224924248823814,-0.837823546936794
1.34,0.18087924335429179,0.6224924248823814,-0.837823546936794,0.6206427855194877,-0.8096510508887844
1.342,0.18625885674047596,0.6206427855194877,-0.8096510508887844,0.6192567378989803,-0.7767410734773854
1.344,0.1916010860089263,0.6192567378989803,-0.7767410734773854,0.6174961914380426,-0.7458784937786237
1.346,0.1969045751088626,0.6174961914380426,-0.7458784937786237,0.6162374163676418,-0.7148584083102928
1.348,0.20216797067828574,0.6162374163676418,-0.7148584083102928,0.61470846399516,-0.6820124372319774
1.35,0.20738992240878226,0.61470846399516,-0.6820124372319774,0.6137221848735384,-0.6452964090144033
1.352,0.212569083412542,0.6137221848735384,-0.6452964090144033,0.6128606425166643,-0.6162543879755886
1.354,0.21770411059151717,0.6128606425166643,-0.6162543879755886,0.6111629480762071,-0.5783482052407067
1.356,0.2227936650086152,0.6111629480762071,-0.5783482052407067,0.6101618360277371,-0.5474923355044458
1.358,0.2278364122608607,0.6101618360277371,-0.5474923355044458,0.6095205667100256,-0.5139058220076147
1.36,0.23283102285441315,0.6095205667100256,-0.5139058220076147,0.6079888746004753,-0.4819434774275259
1.362,0.23777617258136396,0.6079888746004753,-0.4819434774275259,0.6073971893515708,-0.4444210604101961
1.364,0.2426705428982155,0.6073971893515708,-0.4444210604101961,0.6062350457369073,-0.41230293058716183
1.366,0.24751282130594454,0.6062350457369073,-0.41230293058716183,0.6058660605693069,-0.3739795510653542
1.368,0.2523017017315557,0.6058660605693069,-0.3739795510653542,0.6049517802213727,-0.33810226942140137
1.37,0.257035884911027,0.6049517802213727,-0.33810226942140137,0.604589056463431,-0.3064357095578106
1.372,0.2617140787735479,0.604589056463431,-0.3064357095578106,0.6038810740892865,-0.26476910211604826
1.374,0.26633499882694794,0.6038810740892865,-0.26476910211604826,0.6033739892221116,-0.23171910215389735
1.3760000000000001,0.2708973685442144,0.6033739892221116,-0.23171910215389735,0.6030553510536686,-0.18682099597141213
1.3780000000000001,0.2753999197509945,0.6030553510536686,-0.18682099597141213,0.6031315742459211,-0.15261199992416058
1.3800000000000001,0.27984139301397665,0.6031315742459211,-0.15261199992416058,0.6031236913181962,-0.109487312499593
1.3820000000000001,0.28422053803004405,0.6031236913181962,-0.109487312499593,0.602661085813152,-0.06319930890471687
1.3840000000000001,0.288536114016091,0.602661085813152,-0.06319930890471687,0.6026166063112963,-0.024545156902041104
1.3860000000000001,0.29278689009939446,0.6026166063112963,-0.024545156902041104,0.6022098789873543,0.01233295188717199
1.3880000000000001,0.29697164570842954,0.6022098789873543,0.01233295188717199,0.6023758403643092,0.033316849999342854
1.3900000000000001,0.30108917096401155,0.6023758403643092,0.033316849999342854,0.6032054114142593,0.06178854796978671
1.3920000000000001,0.30513826707065894,0.6032054114142593,0.06178854796978671,0.6031638760008828,0.07849119821970264
1.3940000000000001,0.3091177467080542,0.6031638760008828,0.07849119821970264,0.6032929781524436,0.10278824460419438
1.3960000000000001,0.31302643442249023,0.6032929781524436,0.10278824460419438,0.6035481796806429,0.11885368132426637
1.3980000000000001,0.316863167018187,0.6035481796806429,0.11885368132426637,0.6032737610936248,0.13813723770163575
1.4000000000000001,0.32062679394835075,0.6032737610936248,0.13813723770163575,0.6033908214610718,0.15515686594705644
1.4020000000000001,0.3243161777058649,0.6033908214610718,0.15515686594705644,0.6042081524182186,0.17721189215011166
1.4040000000000001,0.327930194213485,0.6042081524182186,0.17721189215011166,0.60455776649044,0.2002276002684173
1.4060000000000001,0.3314677332134197,0.60455776649044,0.2002276002684173,0.6054214859749473,0.2249376049957895
1.408,0.33492769865616856,0.6054214859749473,0.2249376049957895,0.6055161595681651,0.2473145589454091
1.41,0.33830900908849865,0.6055161595681651,0.2473145589454091,0.605905404197218,0.2674325765310045
1.412,0.34161059804042526,0.605905404197218,0.2674325765310045,0.6068273027138712,0.2894721916907679
1.414,0.34483141441107845,0.6068273027138712,0.2894721916907679,0.6072222937672251,0.31377433879855676
1.416,0.34797042285332214,0.6072222937672251,0.31377433879855676,0.6079844810805939,0.3447133745827037
1.418,0.35102660415699716,0.6079844810805939,0.3447133745827037,0.608544573417589,0.3674548571823191
1.42,0.35399895563066053,0.608544573417589,0.3674548571823191,0.6093015752661181,0.3907243276315946
1.422,0.35688649148168694,0.6093015752661181,0.3907243276315946,0.6100727649927253,0.42235712933695424
1.424,0.3596882431946039,0.6100727649927253,0.42235712933695424,0.6116848460307408,0.447178107322386
1.426,0.3624032599075224,0.6116848460307408,0.447178107322386,0.6120156076791278,0.4746634514376671
1.428,0.36503060878653815,0.6120156076791278,0.4746634514376671,0.6130930269115712,0.5021154686373499
1.43,0.3675693753979595,0.6130930269115712,0.5021154686373499,0.6142739581442812,0.5284933082024429
1.432,0.37001866407823314,0.6142739581442812,0.5284933082024429,0.6154481507371474,0.554309067041594
1.434,0.37237759830143063,0.6154481507371474,0.554309067041594,0.6164119661838158,0.5796296204028939
1.436,0.3746453210441573,0.6164119661838158,0.5796296204028939,0.6176258843400962,0.6078645745941247
1.438,0.37682099514774753,0.6176258843400962,0.6078645745941247,0.6189620186617331,0.6364330746783335
1.44,0.3789038036776095,0.6189620186617331,0.6364330746783335,0.6203431284475655,0.6668698095929162
1.442,0.38089295027957965,0.6203431284475655,0.6668698095929162,0.6214259218201255,0.6919058272301011
1.444,0.3827876595331483,0.6214259218201255,0.6919058272301011,0.6229633581358485,0.7225300777887271
1.446,0.3845871773014191,0.6229633581358485,0.7225300777887271,0.6249902163738451,0.7501647993068702
1.448,0.38629077107765675,0.6249902163738451,0.7501647993068702,0.6261306454126273,0.7787226276789608
1.45,0.38789773032829195,0.6261306454126273,0.7787226276789608,0.6275037428471649,0.8060163142472462
1.452,0.38940736683223376,0.6275037428471649,0.8060163142472462,0.6293355727837575,0.8245650288520245
1.454,0.39081901501635463,0.6293355727837575,0.8245650288520245,0.6317111893448571,0.8602624321598145
1.456,0.3921320322870053,0.6317111893448571,0.8602624321598145,0.6327425520020173,0.8842881924957694
1.458,0.3933457993574162,0.6327425520020173,0.8842881924957694,0.6347273241060823,0.9108520661523902
1.46,0.39445972057084794,0.6347273241060823,0.9108520661523902,0.636347945979658,0.9358266473513722
1.462,0.3954732242193459,0.636347945979658,0.9358266473513722,0.6386653301015198,0.9640126812419259
1.464,0.39638576285795835,0.6386653301015198,0.9640126812419259,0.6407911291358485,0.989931294953249
1.466,0.3971968136142767,0.6407911291358485,0.989931294953249,0.6430527146816426,1.0143629921936266
1.468,0.3979058784931567,0.6430527146816426,1.0143629921936266,0.6447179901197422,1.037794012652324
1.47,0.39851248467647715,0.6447179901197422,1.037794012652324,0.6465500166398529,1.0699168640490355
1.472,0.3990161848177972,0.6465500166398529,1.0699168640490355,0.6487974535906743,1.0937467896300868
1.474,0.39941655733176834,0.6487974535906743,1.0937467896300868,0.6512094501212436,1.1158059763565684
1.476,0.39971320667816285,0.6512094501212436,1.1158059763565684,0.6534379150616099,1.1418518445974157
1.478,0.39990576364037533,0.6534379150616099,1.1418518445974157,0.6557453573378431,1.1691400139655361
1.48,0.399993885598259,0.6557453573378431,1.1691400139655361,0.6583575878795958,1.1909893771956044
1.482,0.39997725679515517,0.6583575878795958,1.1909893771956044,0.6604785111192903,1.2169710303419061
1.484,0.39985558859897785,0.6604785111192903,1.2169710303419061,0.6631207505671165,1.242467549629148
1.486,0.3996286197572128,0.6631207505671165,1.242467549629148,0.666200112321275,1.2658358277116664
1.488,0.39929611664569437,0.666200112321275,1.2658358277116664,0.6682373380741485,1.2872711726627353
1.49,0.39885787351102053,0.6682373380741485,1.2872711726627353,0.6706945429323041,1.3089854684490232
1.492,0.3983137127064697,0.6706945429323041,1.3089854684490232,0.6733325840279151,1.3329020164663616
1.494,0.3976634849212835,0.6733325840279151,1.3329020164663616,0.6761604164260716,1.3577764540173956
1.496,0.39690706940317855,0.6761604164260716,1.3577764540173956,0.6789232051384985,1.3781850137045022
1.498,0.3960443741739532,0.6789232051384985,1.3781850137045022,0.6815604655373171,1.4038468517232159
1.5,0.3950753362380552,0.6815604655373171,1.4038468517232159,0.6847499469827046,1.4257924255180268
1.502,0.39399992178397664,0.6847499469827046,1.4257924255180268,0.6876950133564449,1.4465225205290164
1.504,0.3928181263783459,0.6876950133564449,1.4465225205290164,0.6904150104631644,1.4659702067237557
1.506,0.391529975152584,0.6904150104631644,1.4659702067237557,0.6939761795303664,1.4827380751822958
1.508,0.3901355229819956,0.6939761795303664,1.4827380751822958,0.6966812993724238,1.5088795509101103
1.51,0.38863485465716907,0.6966812993724238,1.5088795509101103,0.6995811194182411,1.5269545855155602
1.512,0.38702808504755226,0.6995811194182411,1.5269545855155602,0.7028428196858901,1.543658854492215
1.514,0.38531535925708577,0.7028428196858901,1.543658854492215,0.70579877995634,1.5624263993105512
1.516,0.38349685277176326,0.70579877995634,1.5624263993105512,0.7087431002785071,1.5817629125388257
1.518,0.38157277159899716,0.7087431002785071,1.5817629125388257,0.7120550228482349,1.6017629592779739
1.52,0.3795433523986713,0.7120550228482349,1.6017629592779739,0.7154158985166008,1.6166058728322805
1.522,0.3774088626057533,0.7154158985166008,1.6166058728322805,0.7190029512724093,1.6395192103355538
1.524,0.3751696005443574,0.7190029512724093,1.6395192103355538,0.722055089064279,1.6536571003963667
1.526,0.3728258955331347,0.722055089064279,1.6536571003963667,0.725230545544969,1.67233751679899
1.528,0.3703781079818759,0.725230545544969,1.67233751679899,0.7287083364581535,1.6841786664030942
1.53,0.3678266294792178,0.7287083364581535,1.6841786664030942,0.7321831056313859,1.7095771540055642
1.532,0.36517188287133756,0.7321831056313859,1.7095771540055642,0.735090888927605,1.721187924795093
1.534,0.3624143223315292,0.735090888927605,1.721187924795093,0.739013764144131,1.7340295853008114
1.536,0.35955443342055116,0.739013764144131,1.7340295853008114,0.7427173152993255,1.746497008476386
1.538,0.35659273313764456,0.7427173152993255,1.746497008476386,0.745995611235515,1.7661439521230344
1.54,0.35352976996211205,0.745995611235515,1.7661439521230344,0.7494755728751553,1.7760416475151592
1.542,0.3503661238853666,0.7494755728751553,1.7760416475151592,0.7531199859158257,1.7892854329161276
1.544,0.3471024064333402,0.7531199859158257,1.7892854329161276,0.7570202858627483,1.8011671271243652
1.546,0.3437392606791636,0.7570202858627483,1.8011671271243652,0.7605126191748379,1.8128170344420036
1.548,0.34027736124602204,0.7605126191748379,1.8128170344420036,0.7641252921942938,1.8270567975496577
1.55,0.3367174143000936,0.7641252921942938,1.8270567975496577,0.7671340886119166,1.8386593599090013
1.552,0.3330601575334821,0.7671340886119166,1.8386593599090013,0.7711449304954856,1.8486695557545776
1.554,0.3293063601370564,0.7711449304954856,1.8486695557545776,0.7754006014254669,1.857704748824215
1.556,0.32545682276312027,0.7754006014254669,1.857704748824215,0.7786061474822471,1.872885016541501
1.558,0.3215123774778164,0.7786061474822471,1.872885016541501,0.7826066619499261,1.8825119610551606
1.56,0.3174738877032052,0.7826066619499261,1.8825119610551606,0.7864258543445638,1.886441022610869
1.562,0.3133422481489259,0.7864258543445638,1.886441022610869,0.7901390130782561,1.899185098304187
1.564,0.30911838473337583,0.7901390130782561,1.899185098304187,0.794155234274629,1.9045451615799522
1.566,0.3048032544943422,0.794155234274629,1.9045451615799522,0.797795583072139,1.9116791532886757
1.568,0.3003978454890069,0.797795583072139,1.9116791532886757,0.8015041299863386,1.922726300794371
1.57,0.29590317668327715,0.8015041299863386,1.922726300794371,0.8054746850473867,1.9227456781453478
1.572,0.2913202978303591,0.8054746850473867,1.9227456781453478,0.8092368384259921,1.932351400902461
1.574,0.2866502893385489,0.8092368384259921,1.932351400902461,0.8133390534707753,1.9358278262726565
1.576,0.2818942621281531,0.8133390534707753,1.9358278262726565,0.8169513388391313,1.9408734872711524
1.578,0.2770533574775133,0.8169513388391313,1.9408734872711524,0.8206346488094347,1.9423211580634652
1.58,0.27212874685807076,0.8206346488094347,1.9423211580634652,0.8250403220935091,1.947642390028302
1.582,0.2671216317584408,0.8250403220935091,1.947642390028302,0.8288565610903184,1.9542162494954525
1.584,0.26203324349744606,0.8288565610903184,1.9542162494954525,0.8328215362051917,1.9542870808826698
1.586,0.25686484302607504,0.8328215362051917,1.9542870808826698,0.8370380025631396,1.9575992393636483
1.588,0.2516177207183328,0.8370380025631396,1.9575992393636483,0.8404428206118417,1.9591586386512396
1.59,0.24629319615095904,0.8404428206118417,1.9591586386512396,0.8445166288411823,1.956763458941863
1.592,0.24089261787197294,0.8445166288411823,1.956763458941863,0.8483654319392996,1.958495429639801
1.594,0.23541736315803968,0.8483654319392996,1.958495429639801,0.8518632884844244,1.9582305244259102
1.596,0.22986883776063044,0.8518632884844244,1.9582305244259102,0.8561249332483231,1.9568714035279426
1.598,0.22424847564096184,0.8561249332483231,1.9568714035279426,0.8597577169778755,1.9556667099398666
1.6,0.21855773869370704,0.8597577169778755,1.9556667099398666,0.8639966830057066,1.954663134250275
1.602,0.21279811645946559,0.8639966830057066,1.954663134250275,0.8676752594648341,1.9532444338552273
1.604,0.20697112582599742,0.8676752594648341,1.9532444338552273,0.8715565294896482,1.9484061057773996
1.606,0.20107831071822058,0.8715565294896482,1.9484061057773996,0.8759652339068859,1.9437956861227943
1.608,0.19512124177696483,0.8759652339068859,1.9437956861227943,0.8794739062713456,1.943208928227107
1.61,0.1891015160265146,0.8794739062713456,1.943208928227107,0.8833723931612193,1.9356041138514075
1.612,0.18302075653093094,0.8833723931612193,1.9356041138514075,0.8873585195173352,1.9330127982882535
1.614,0.17688061203918273,0.8873585195173352,1.9330127982882535,0.8907099744788142,1.9232235980310146
1.616,0.17068275661911084,0.8907099744788142,1.9232235980310146,0.894792765889528,1.9161956313805006
1.618,0.16442888928024635,0.894792765889528,1.9161956313805006,0.8986468950403339,1.9096284822382208
1.62,0.1581207335855106,0.8986468950403339,1.9096284822382208,0.9026917100280423,1.90188328580871
1.622,0.15176003725184098,0.9026917100280423,1.90188328580871,0.9064459691932981,1.8963156011015632
1.624,0.14534857173977264,0.9064459691932981,1.8963156011015632,0.9100446573527489,1.8869755779405233
1.6260000000000001,0.13888813183203305,0.9100446573527489,1.8869755779405233,0.9142844788221435,1.8780136130129366
1.6280000000000001,0.1323805352011788,0.9142844788221435,1.8780136130129366,0.9175532405991768,1.8672977012250624
1.6300000000000001,0.1258276219663463,0.9175532405991768,1.8672977012250624,0.9212101293958384,1.8574949316587708
1.6320000000000001,0.11923125423916048,0.9212101293958384,1.8574949316587708,0.9252659767401689,1.844208666351818
1.6340000000000001,0.11259331565887057,0.9252659767401689,1.844208666351818,0.9287152259602214,1.8365384997811138
1.6360000000000001,0.10591571091677959,0.9287152259602214,1.8365384997811138,0.9323004783324637,1.8224645785183777
1.6380000000000001,0.09920036527003247,0.9323004783324637,1.8224645785183777,0.9358116208914935,1.8076622170466772
1.6400000000000001,0.09244922404484836,0.9358116208914935,1.8076622170466772,0.9395082187488437,1.8003848076724351
1.6420000000000001,0.08566425212926784,0.9395082187488437,1.8003848076724351,0.9430954447682313,1.781111787498883
1.6440000000000001,0.07884743345550721,0.9430954447682313,1.781111787498883,0.9466001296391484,1.7674255694645211
1.6460000000000001,0.07200077047200902,0.9466001296391484,1.7674255694645211,0.950349534226502,1.7531689098677932
1.6480000000000001,0.06512628360528126,0.950349534226502,1.7531689098677932,0.9541044589426577,1.7377014913365743
1.6500000000000001,0.05822601071162359,0.9541044589426577,1.7377014913365743,0.9574248000520663,1.7217650294707172
1.6520000000000001,0.051302006518853055,0.9574248000520663,1.7217650294707172,0.9606656477931159,1.7017189357362874
1.6540000000000001,0.04435634205812416,0.9606656477931159,1.7017189357362874,0.9638940411221548,1.6873228636968087
1.6560000000000001,0.037391104085975686,0.9638940411221548,1.6873228636968087,0.9672104194677885,1.6654731714382869
1.6580000000000001,0.030408394496703923,0.9672104194677885,1.6654731714382869,0.9707382643091963,1.650789973167557
1.6600000000000001,0.023410329725204928,0.9707382643091963,1.650789973167557,0.9737401663580293,1.6323102599063088
1.6620000000000001,0.016399040140391008,0.9737401663580293,1.6323102599063088,0.9770092685889967,1.6143660989880797
1.6640000000000001,0.009376669429345086,0.9770092685889967,1.6143660989880797,0.9799882026484503,1.5919002518820629
1.666,0.0023453739723141645,0.9799882026484503,1.5919002518820629,0.9834474482496653,1.5737474114836871
1.668,-0.004692677791274687,0.9834474482496653,1.5737474114836871,0.9864192669285874,1.5514903251305763
1.67,-0.01173530600566425,0.9864192669285874,1.5514903251305763,0.9893903384348149,1.531196032212136
1.672,-0.018780320050309066,0.9893903384348149,1.531196032212136,0.9928123396568576,1.507368791882399
1.674,-0.02582551919995329,0.9928123396568576,1.507368791882399,0.9958551760653542,1.4888476098332353
1.676,-0.03286869329309434,0.9958551760653542,1.4888476098332353,0.998388604151399,1.4659083711693064
1.678,-0.03990762340865519,0.998388604151399,1.4659083711693064,1.001068092232103,1.4375748584167771
1.68,-0.04694008255069074,1.001068092232103,1.4375748584167771,1.0039378216063972,1.4164330781454677
1.682,-0.05396383634096137,1.0039378216063972,1.4164330781454677,1.006916679352619,1.3919613595564324
1.684,-0.06097664371918458,1.006916679352619,1.3919613595564324,1.0097381681505972,1.3639908252222874
1.686,-0.06797625765078677,1.0097381681505972,1.3639908252222874,1.0125034877154093,1.340228509669583
1.688,-0.07496042584194962,1.0125034877154093,1.340228509669583,1.014907079351961,1.3165901185009319
1.69,-0.08192689146177365,1.014907079351961,1.3165901185009319,1.0173906346799995,1.2885716678336954
1.692,-0.08887339387133959,1.0173906346799995,1.2885716678336954,1.0199501949297214,1.2647433804239312
1.694,-0.09579766935948504,1.0199501949297214,1.2647433804239312,1.0227449741760006,1.2389117090676764
1.696,-0.10269745188506163,1.0227449741760006,1.2389117090676764,1.024848816733372,1.2087854461223
1.698,-0.10957047382547994,1.024848816733372,1.2087854461223,1.0272286550563223,1.1834299987372867
1.7,-0.11641446673130905,1.0272286550563223,1.1834299987372867,1.0293138432141402,1.1567524590169338
1.702,-0.12322716208671401,1.0293138432141402,1.1567524590169338,1.0318755906709376,1.1240451481482088
1.704,-0.1300062920755077,1.0318755906709376,1.1240451481482088,1.034233536725351,1.098612398197199
1.706,-0.13674959035256637,1.034233536725351,1.098612398197199,1.0363683393253904,1.0691938428366803
1.708,-0.1434547928204039,1.0363683393253904,1.0691938428366803,1.0384011816687473,1.039702892912946
1.71,-0.1501196384106222,1.0384011816687473,1.039702892912946,1.0406373837656806,1.0068219686915005
1.712,-0.15674186987003724,1.0406373837656806,1.0068219686915005,1.0426290497418336,0.9767578705483057
1.714,-0.1633192345511929,1.0426290497418336,0.9767578705483057,1.0442495357834594,0.9436313402343572
1.716,-0.1698494852070329,1.0442495357834594,0.9436313402343572,1.0460027349835401,0.9157220881409756
1.718,-0.1763303807894668,1.0460027349835401,0.9157220881409756,1.0475629910348652,0.8838139640760969
1.72,-0.18275968725155112,1.0475629910348652,0.8838139640760969,1.0495962957613383,0.8510811999684064
1.722,-0.18913517835305818,1.0495962957613383,0.8510811999684064,1.0507216927561864,0.8180028262541802
1.724,-0.1954546364691186,1.0507216927561864,0.8180028262541802,1.052863788103483,0.7840465434230424
1.726,-0.2017158534016914,1.052863788103483,0.7840465434230424,1.0542574434188938,0.7478668420265532
1.728,-0.20791663119358003,1.0542574434188938,0.7478668420265532,1.0558123955730228,0.7180425777259585
1.73,-0.21405478294470057,1.0558123955730228,0.7180425777259585,1.0572240098732146,0.68212518641628
1.732,-0.2201281336303306,1.0572240098732146,0.68212518641628,1.058492102759009,0.6514815202460158
1.734,-0.22613452092104153,1.058492102759009,0.6514815202460158,1.0597507702743592,0.6159486971664923
1.736,-0.2320717960040315,1.0597507702743592,0.6159486971664923,1.0606322347835182,0.5878232395104444
1.738,-0.2379378244055444,1.0606322347835182,0.5878232395104444,1.0616870480265517,0.5471440796712945
1.74,-0.24373048681409643,1.0616870480265517,0.5471440796712945,1.062824581801926,0.511384758908295
1.742,-0.24944767990419706,1.062824581801926,0.511384758908295,1.0640738369544274,0.481373720527547
1.744,-0.25508731716025873,1.0640738369544274,0.481373720527547,1.0645788985534317,0.43853502043753995
1.746,-0.2606473297003891,1.0645788985534317,0.43853502043753995,1.065765221500055,0.4077699173778769
1.748,-0.2661256670997511,1.065765221500055,0.4077699173778769,1.0664322339539367,0.37085106089153713
1.75,-0.27152029821317675,1.0664322339539367,0.37085106089153713,1.0667560825987568,0.33050577539297116
1.752,-0.2768292119967235,1.0667560825987568,0.33050577539297116,1.0672374817936034,0.28952170561586626
1.754,-0.28205041832784006,1.0672374817936034,0.28952170561586626,1.0682164712760889,0.2516298235568344
1.756,-0.2871819488238304,1.0682164712760889,0.2516298235568344,1.068901352605611,0.21274199630587445
1.758,-0.29222185765827785,1.068901352605611,0.21274199630587445,1.0686596702401674,0.17275422861098624
1.76,-0.2971682223751222,1.0686596702401674,0.17275422861098624,1.0694053685976872,0.12965272339542822
1.762,-0.30201914470003294,1.0694053685976872,0.12965272339542822,1.0689723519930359,0.0860744561173583
1.764,-0.3067727513487659,1.0689723519930359,0.0860744561173583,1.06957456764755,0.04084702217313131
1.766,-0.31142719483215986,1.06957456764755,0.04084702217313131,1.0691468266410036,0.003086394397267357
1.768,-0.31598065425744437,1.0691468266410036,0.003086394397267357,1.0692668517832151,-0.03355348289090927
1.77,-0.320431336125503,1.0692668517832151,-0.03355348289090927,1.0690499069586745,-0.05801230304376065
1.772,-0.3247774751237772,1.0690499069586745,-0.05801230304376065,1.0690275995959873,-0.07853583896181611
1.774,-0.32901733491444535,1.0690275995959873,-0.07853583896181611,1.0689981742316796,-0.09871118988883044
1.776,-0.33314920891754973,1.0689981742316796,-0.09871118988883044,1.0682124418957264,-0.12065408320481781
1.778,-0.3371714210887175,1.0682124418957264,-0.12065408320481781,1.0684182391693993,-0.14223623599983448
1.78,-0.34108232669113603,1.0684182391693993,-0.14223623599983448,1.0681141546102428,-0.1664541675241379
1.782,-0.34488031306143013,1.0681141546102428,-0.1664541675241379,1.0673416084190601,-0.1863238068843671
1.784,-0.34856380036909995,1.0673416084190601,-0.1863238068843671,1.0668953140590156,-0.21600297066782612
1.786,-0.35213124236916316,1.0668953140590156,-0.21600297066782612,1.0668417138835131,-0.23732491921687004
1.788,-0.3555811271476581,1.0668417138835131,-0.23732491921687004,1.0660539138781409,-0.2635593468158861
1.79,-0.35891197785965534,1.0660539138781409,-0.2635593468158861,1.0652773647530873,-0.2886416016112519
1.792,-0.36212235345942895,1.0652773647530873,-0.2886416016112519,1.064845261076943,-0.3117996134471398
1.794,-0.36521084942243315,1.064845261076943,-0.3117996134471398,1.0637791280423328,-0.33784603455324835
1.796,-0.36817609845874005,1.0637791280423328,-0.33784603455324835,1.0632688869045126,-0.3688344977229814
1.798,-0.3710167712175812,1.0632688869045126,-0.3688344977229814,1.0628518056750165,-0.39467523769939317
1.8,-0.373731576982645,1.0628518056750165,-0.39467523769939317,1.0615634501163134,-0.4190596765454742
1.802,-0.3763192643577831,1.0615634501163134,-0.4190596765454742,1.060796022951822,-0.4508001684717201
1.804,-0.37877862194277034,1.060796022951822,-0.4508001684717201,1.0600479462296541,-0.47726690211509787
1.806,-0.38110847899877554,1.0600479462296541,-0.47726690211509787,1.0588987078889265,-0.5070470725896294
1.808,-0.383307706103186,1.0588987078889265,-0.5070470725896294,1.057765159080333,-0.5359080778925883
1.81,-0.38537521579344974,1.057765159080333,-0.5359080778925883,1.0566263387470876,-0.5680250740935469
1.812,-0.3873099631995812,1.0566263387470876,-0.5680250740935469,1.0559652095364649,-0.5958257802831729
1.814,-0.3891109466649863,1.0559652095364649,-0.5958257802831729,1.0543567913367127,-0.6211042438065077
1.816,-0.39077720835526786,1.0543567913367127,-0.6211042438065077,1.0530978072085417,-0.6562841088340069
1.818,-0.3923078348546652,1.0530978072085417,-0.6562841088340069,1.0518052193859662,-0.6859844055478735
1.82,-0.39370195774978933,1.0518052193859662,-0.6859844055478735,1.0504590144919508,-0.7100593455330321
1.822,-0.3949587542003158,1.0504590144919508,-0.7100593455330321,1.0486363964598233,-0.7424372480338048
1.824,-0.3960774474962998,1.0486363964598233,-0.7424372480338048,1.0472468232116858,-0.7697046578543558
1.826,-0.3970573076017775,1.0472468232116858,-0.7697046578543558,1.0454197661881217,-0.7969731481276096
1.828,-0.39789765168432417,1.0454197661881217,-0.7969731481276096,1.0435543378299896,-0.8271610900427989
1.83,-0.3985978446302406,1.0435543378299896,-0.8271610900427989,1.042173370845616,-0.8548234964305251
1.832,-0.39915729954503987,1.042173370845616,-0.8548234964305251,1.0405515225036617,-0.8844967028533071
1.834,-0.39957547823891315,1.0405515225036617,-0.8844967028533071,1.0387886337662193,-0.9099337945379069
1.836,-0.39985189169685414,1.0387886337662193,-0.9099337945379069,1.0366671618654306,-0.9395964831583059
1.838,-0.39998610053312506,1.0366671618654306,-0.9395964831583059,1.0346327905945545,-0.9631756699021484
1.84,-0.3999777154297513,1.0346327905945545,-0.9631756699021484,1.032695319090023,-0.9905333710891131
1.842,-0.39982639755873584,1.032695319090023,-0.9905333710891131,1.0310661912122259,-1.0150818600979288
1.844,-0.399531858987686,1.0310661912122259,-1.0150818600979288,1.0290791929199483,-1.0439331333861963
1.846,-0.39909386306855255,1.0290791929199483,-1.0439331333861963,1.0264116233388307,-1.0671891362798744
1.848,-0.3985122248091827,1.0264116233388307,-1.0671891362798744,1.0245009651350954,-1.0925564927998823
1.85,-0.39778681122739323,1.0245009651350954,-1.0925564927998823,1.0222011523686028,-1.117660313252323
1.852,-0.3969175416872763,1.0222011523686028,-1.117660313252323,1.0200782978962422,-1.1435275292733629
1.854,-0.3959043882174525,1.0200782978962422,-1.1435275292733629,1.0176706862758642,-1.1687239579381488
1.856,-0.3947473758109931,1.0176706862758642,-1.1687239579381488,1.0152291541777416,-1.1932655295041175
1.858,-0.39344658270673516,1.0152291541777416,-1.1932655295041175,1.012945499470847,-1.2185671916495777
1.86,-0.3920021406517243,1.012945499470847,-1.2185671916495777,1.0106126254687748,-1.2411985401803132
1.862,-0.3904142351445171,1.0106126254687748,-1.2411985401803132,1.0079344949454871,-1.2642154499189613
1.864,-0.3886831056590887,1.0079344949454871,-1.2642154499189613,1.0051147267874438,-1.2826147769982226
1.866,-0.38680904584909,1.0051147267874438,-1.2826147769982226,1.0024843743096992,-1.3114627934206287
1.868,-0.3847924037322114,1.0024843743096992,-1.3114627934206287,0.9997420031625736,-1.3313462920878323
1.87,-0.38263358185441154,0.9997420031625736,-1.3313462920878323,0.9976116991586729,-1.3516658912597739
1.872,-0.3803330374337724,0.9976116991586729,-1.3516658912597739,0.9946216016189985,-1.375004124459091
1.874,-0.3778912824837635,0.9946216016189985,-1.375004124459091,0.9917182477612964,-1.392123461150439
1.8760000000000001,-0.37530888391568085,0.9917182477612964,-1.392123461150439,0.9891811193783383,-1.4148585989460212
1.8780000000000001,-0.37258646362006026,0.9891811193783383,-1.4148585989460212,0.9860755115162025,-1.4323850139739407
1.8800000000000001,-0.36972469852684275,0.9860755115162025,-1.4323850139739407,0.982846412098956,-1.452068203771923
1.8820000000000001,-0.3667243206441062,0.982846412098956,-1.452068203771923,0.9800569119424875,-1.4752247891856505
1.8840000000000001,-0.3635861170751588,0.9800569119424875,-1.4752247891856505,0.9772521100931334,-1.4875348412293914
1.8860000000000001,-0.360310930013817,0.9772521100931334,-1.4875348412293914,0.9740323010635188,-1.508821246858735
1.8880000000000001,-0.3568996567176812,0.9740323010635188,-1.508821246858735,0.9713697609025388,-1.522619648028055
1.8900000000000001,-0.3533532494592493,0.9713697609025388,-1.522619648028055,0.9681978664130808,-1.5368086438234796
1.8920000000000001,-0.3496727154546949,0.9681978664130808,-1.5368086438234796,0.9647792075524677,-1.5539443134077988
1.8940000000000001,-0.34585911677016634,0.9647792075524677,-1.5539443134077988,0.9616932362643326,-1.5710865184158618
1.8960000000000001,-0.3419135702054492,0.9616932362643326,-1.5710865184158618,0.9585527436463466,-1.5858022865610848
1.8980000000000001,-0.3378372471548642,0.9585527436463466,-1.5858022865610848,0.9555925078696198,-1.5998278149281546
1.9000000000000001,-0.333631373445268,0.9555925078696198,-1.5998278149281546,0.9521114067742692,-1.6143343273695447
1.9020000000000001,-0.32929722915103277,0.9521114067742692,-1.6143343273695447,0.9489565970099527,-1.6286993080112224
1.9040000000000001,-0.3248361483858955,0.9489565970099527,-1.6286993080112224,0.9455088960713208,-1.639557772502631
1.9060000000000001,-0.3202495190715791,0.9455088960713208,-1.639557772502631,0.942193447756914,-1.6516421213434496
1.9080000000000001,-0.3155387826830811,0.942193447756914,-1.6516421213434496,0.9388589447279722,-1.6587507438418516
1.9100000000000001,-0.31070543397055544,0.9388589447279722,-1.6587507438418516,0.9358998980151589,-1.6726072124371367
1.9120000000000001,-0.3057510206577039,0.9358998980151589,-1.6726072124371367,0.9322560737662717,-1.6792626702393332
1.9140000000000001,-0.3006771431166204,0.9322560737662717,-1.6792626702393332,0.9289450604745765,-1.693337479484606
1.9160000000000001,-0.2954854540190257,0.9289450604745765,-1.693337479484606,0.9255369751694754,-1.7014481130121855
1.9180000000000001,-0.2901776579638446,0.9255369751694754,-1.7014481130121855,0.9223377590820868,-1.7103651060458518
1.92,-0.28475551108110114,0.9223377590820868,-1.7103651060458518,0.9190396407043938,-1.7197239431238398
1.922,-0.279220820612088,0.9190396407043938,-1.7197239431238398,0.9153086798035018,-1.7269566432854224
1.924,-0.27357544446581095,0.9153086798035018,-1.7269566432854224,0.9120706869447365,-1.7319626342310026
1.926,-0.26782129075169203,0.9120706869447365,-1.7319626342310026,0.908221627410434,-1.7351522704949491
1.928,-0.2619603172885368,0.908221627410434,-1.7351522704949491,0.9050002408784098,-1.7442700152693766
1.93,-0.25599453108979014,0.9050002408784098,-1.7442700152693766,0.9011870732374146,-1.7492236994762331
1.932,-0.24992598782508693,0.9011870732374146,-1.7492236994762331,0.8977834469316117,-1.7503623122734044
1.934,-0.24375679125815808,0.8977834469316117,-1.7503623122734044,0.8941797596830326,-1.7545886295538373
1.936,-0.23748909266111978,0.8941797596830326,-1.7545886295538373,0.890661143534238,-1.7571036209659854
1.938,-0.23112509020521332,0.890661143534238,-1.7571036209659854,0.8873294576876548,-1.7542978537845677
1.94,-0.22466702832805974,0.8873294576876548,-1.7542978537845677,0.8833207733888923,-1.758605489353877
1.942,-0.2181171970775124,0.8833207733888923,-1.758605489353877,0.8801058047146342,-1.757754833399511
1.944,-0.21147793143219956,0.8801058047146342,-1.757754833399511,0.8764822348542861,-1.7587182775104482
1.946,-0.20475161059885263,0.8764822348542861,-1.7587182775104482,0.872949811962336,-1.756035533774609
1.948,-0.1979406572865431,0.872949811962336,-1.756035533774609,0.8696660887675608,-1.7560712277624115
1.95,-0.19104753695794321,0.8696660887675608,-1.7560712277624115,0.8662135077070587,-1.7538748267655049
1.952,-0.1840747570577538,0.8662135077070587,-1.7538748267655049,0.862328049220649,-1.7491368911863039
1.954,-0.17702486621844513,0.862328049220649,-1.7491368911863039,0.8592032940417004,-1.7468948640208184
1.956,-0.1699004534434691,0.8592032940417004,-1.7468948640208184,0.8558583127071507,-1.739719152192868
1.958,-0.16270414726810878,0.8558583127071507,-1.739719152192868,0.8519687988592074,-1.7385983196401404
1.96,-0.15543861489816374,0.8519687988592074,-1.7385983196401404,0.849034259297068,-1.728388850325447
1.962,-0.14810656132663974,0.849034259297068,-1.728388850325447,0.8451276689376531,-1.7270887773765413
1.964,-0.1407107284286787,0.8451276689376531,-1.7270887773765413,0.841712756232448,-1.718535142901167
1.966,-0.13325389403491236,0.841712756232448,-1.718535142901167,0.8381041329268024,-1.7095994905022598
1.968,-0.12573887098350478,0.8381041329268024,-1.7095994905022598,0.8347627163214805,-1.703517774175565
1.97,-0.11816850615109574,0.8347627163214805,-1.703517774175565,0.8318182822007699,-1.6932119721070162
1.972,-0.11054567946290646,0.8318182822007699,-1.6932119721070162,0.8282569485268672,-1.6806508838019592
1.974,-0.10287330288228563,0.8282569485268672,-1.6806508838019592,0.825091309215153,-1.6719632215352245
1.976,-0.09515431937994412,0.825091309215153,-1.6719632215352245,0.8216175120408552,-1.6616387397840628
1.978,-0.08739170188319788,0.8216175120408552,-1.6616387397840628,0.8186621492469603,-1.6467077190923063
1.98,-0.07958845220549092,0.8186621492469603,-1.6467077190923063,0.814821323672701,-1.635342723553487
1.982,-0.07174759995652433,0.814821323672701,-1.635342723553487,0.8119406410493925,-1.6210616364497228
1.984,-0.0638722014333159,0.8119406410493925,-1.6210616364497228,0.8089477254826349,-1.605274988220494
1.986,-0.05596533849251653,0.8089477254826349,-1.605274988220494,0.8052873266128904,-1.5935301382865166
1.988,-0.04803011740433109,0.8052873266128904,-1.5935301382865166,0.8019828383723651,-1.5775217207818695
1.99,-0.04006966768841259,0.8019828383723651,-1.5775217207818695,0.7991452905178674,-1.5566232067758097
1.992,-0.0320871409320782,0.7991452905178674,-1.5566232067758097,0.7960438319398179,-1.5495711982524516
1.994,-0.024085709591249296,0.7960438319398179,-1.5495711982524516,0.7928337221230697,-1.5278640508596006
1.996,-0.016068565774497095,0.7928337221230697,-1.5278640508596006,0.7896966420033218,-1.5118815946531847
1.998,-0.008038920010594686,0.7896966420033218,-1.5118815946531847,0.7868915876964722,-1.4908814785923417
2.0,-1.9594348786357652e-16,0.7868915876964722,-1.4908814785923417,0.7839869506292387,-1.4741263782932037
2.0020000000000002,0.008044950649314906,0.7839869506292387,-1.4741263782932037,0.7812725527048192,-1.4535805616795847
2.004,0.016092673701239513,0.7812725527048192,-1.4535805616795847,0.7781510923473494,-1.4347904741281117
2.0060000000000002,0.024139897585672476,0.7781510923473494,-1.4347904741281117,0.7752718633902924,-1.4096402455216934
2.008,0.0321833387069626,0.7752718633902924,-1.4096402455216934,0.7723270442354635,-1.3893879831065183
2.0100000000000002,0.04021970276619549,0.7723270442354635,-1.3893879831065183,0.7700602333144113,-1.3676976959212206
2.012,0.048245686096819486,0.7700602333144113,-1.3676976959212206,0.7672765577057684,-1.3462779418571946
2.0140000000000002,0.05625797701315008,0.7672765577057684,-1.3462779418571946,0.7648495440529046,-1.318353464137654
2.016,0.0642532571712184,0.7648495440529046,-1.318353464137654,0.762041618927226,-1.299994838658994
2.0180000000000002,0.07222820294148093,0.762041618927226,-1.299994838658994,0.7592416475729711,-1.2698861289155994
2.02,0.0801794867928482,0.7592416475729711,-1.2698861289155994,0.7573002078161049,-1.246034990350697
2.0220000000000002,0.08810377868751518,0.7573002078161049,-1.246034990350697,0.7547653291996589,-1.2220746160055314
2.024,0.09599774748602183,0.7547653291996589,-1.2220746160055314,0.7520889064640865,-1.1945384629143834
2.0260000000000002,0.10385806236205448,0.7520889064640865,-1.1945384629143834,0.7498760390800747,-1.1707397022214228
2.028,0.11168139422633434,0.7498760390800747,-1.1707397022214228,0.7476989687377505,-1.137647086753668
2.0300000000000002,0.11946441715912193,0.7476989687377505,-1.137647086753668,0.7450563275151083,-1.1150910915258156
2.032,0.12720380985066967,0.7450563275151083,-1.1150910915258156,0.7431882737949509,-1.0852650102366503
2.0340000000000003,0.13489625704910368,0.7431882737949509,-1.0852650102366503,0.7405339359352496,-1.05341278309703
2.036,0.14253845101508297,0.7405339359352496,-1.05341278309703,0.7389879983834412,-1.0265644798497382
2.0380000000000003,0.15012709298266494,0.7389879983834412,-1.0265644798497382,0.737388147550248,-0.9954325956742044
2.04,0.15765889462574592,0.737388147550248,-0.9954325956742044,0.7348840964136119,-0.9651358293922917
2.0420000000000003,0.16513057952946372,0.7348840964136119,-0.9651358293922917,0.7329577583707594,-0.9360285142617063
2.044,0.17253888466590447,0.7329577583707594,-0.9360285142617063,0.7314366003682324,-0.9043306046315014
2.0460000000000003,0.179880561873527,0.7314366003682324,-0.9043306046315014,0.7295261320278825,-0.8681625928437836
2.048,0.18715237933958595,0.7295261320278825,-0.8681625928437836,0.7281095546012775,-0.8377453473779477
2.05,0.1943511230849845,0.7281095546012775,-0.8377453473779477,0.7264298186806502,-0.8058163490914246
2.052,0.2014735984508064,0.7264298186806502,-0.8058163490914246,0.7250677474263341,-0.7738515388009162
2.054,0.20851663158593695,0.7250677474263341,-0.7738515388009162,0.7236666449400417,-0.7423469690813409
2.056,0.21547707093505053,0.7236666449400417,-0.7423469690813409,0.7218311568589778,-0.7094460519925915
2.058,0.2223517887262955,0.7218311568589778,-0.7094460519925915,0.7204683026228016,-0.6715167000250106
2.06,0.22913768245800914,0.7204683026228016,-0.6715167000250106,0.7195512217681812,-0.6393690732784452
2.062,0.23583167638373484,0.7195512217681812,-0.6393690732784452,0.7180557233670389,-0.6038733798082134
2.064,0.24243072299487972,0.7180557233670389,-0.6038733798082134,0.7167711737201764,-0.5702631408999665
2.066,0.24893180450027863,0.7167711737201764,-0.5702631408999665,0.7158665958631008,-0.5356791691474062
2.068,0.2553319343019836,0.7158665958631008,-0.5356791691474062,0.7148843328190061,-0.49607781672864365
2.07,0.26162815846654264,0.7148843328190061,-0.49607781672864365,0.7138115604764278,-0.4615786334541088
2.072,0.26781755719106953,0.7138115604764278,-0.4615786334541088,0.712821313295761,-0.4187252352429382
2.074,0.2738972462633674,0.712821313295761,-0.4187252352429382,0.7120602280556677,-0.38166073706955245
2.076,0.279864378515403,0.7120602280556677,-0.38166073706955245,0.7117558814375207,-0.34711503341571043
2.078,0.28571614526937233,0.7117558814375207,-0.34711503341571043,0.7107900497506033,-0.3051066961060128
2.08,0.29144977777566833,0.7107900497506033,-0.3051066961060128,0.710833244500296,-0.268943478017691
2.082,0.2970625486419662,0.710833244500296,-0.268943478017691,0.7099757021832201,-0.22382827074605854
2.084,0.3025517732527483,0.7099757021832201,-0.22382827074605854,0.7097352421212422,-0.1796829656674253
2.086,0.30791481117847264,0.7097352421212422,-0.1796829656674253,0.7092734266768428,-0.1392303588330806
2.088,0.31314906757369854,0.7092734266768428,-0.1392303588330806,0.7089453805159449,-0.09175294494089224
2.09,0.3182519945633786,0.7089453805159449,-0.09175294494089224,0.70894730507328,-0.055512371156396886
2.092,0.32322109261662574,0.70894730507328,-0.055512371156396886,0.7090522040996394,-0.008287027165329712
2.094,0.3280539119071606,0.7090522040996394,-0.008287027165329712,0.7095153611082103,0.026767311612535524
2.096,0.33274805365975113,0.7095153611082103,0.026767311612535524,0.7092388864031611,0.05577105088962743
2.098,0.3373011714818466,0.7092388864031611,0.05577105088962743,0.7097152265183199,0.07815215562539965
2.1,0.3417109726797184,0.7097152265183199,0.07815215562539965,0.7098077908233938,0.1019976006652691
2.102,0.34597521955831323,0.7098077908233938,0.1019976006652691,0.7097878495676364,0.12375580384022063
2.104,0.35009173070413085,0.7097878495676364,0.12375580384022063,0.7101460559393352,0.14478021521609424
2.106,0.35405838225034225,0.7101460559393352,0.14478021521609424,0.7107234338643951,0.16741703446568046
2.108,0.35787310912344944,0.7107234338643951,0.16741703446568046,0.7111037753955872,0.19633078744386703
2.11,0.36153390627072324,0.7111037753955872,0.19633078744386703,0.7112896463016178,0.21782638238340626
2.112,0.36503882986771513,0.7112896463016178,0.21782638238340626,0.7117529881128372,0.24595403768387128
2.114,0.3683859985050892,0.7117529881128372,0.24595403768387128,0.7124896196198915,0.2719412389516249
2.116,0.37157359435407866,0.7124896196198915,0.2719412389516249,0.7131362476422712,0.29729135236810184
2.118,0.37459986430982023,0.7131362476422712,0.29729135236810184,0.7136368945437436,0.32294275287850044
2.12,0.3774631211118688,0.7136368945437436,0.32294275287850044,0.7144513569616041,0.35463253540043954
2.122,0.3801617444411758,0.7144513569616041,0.35463253540043954,0.7149816636247416,0.38539650000743075
2.124,0.38269418199282834,0.7149816636247416,0.38539650000743075,0.7160275637427649,0.40660723793098963
2.126,0.38505895052384576,0.7160275637427649,0.40660723793098963,0.7167807175941866,0.4388311677703207
2.128,0.3872546368753445,0.7167807175941866,0.4388311677703207,0.7179290583762967,0.4764708780807313
2.13,0.3892798989683801,0.7179290583762967,0.4764708780807313,0.718614848542417,0.5015635798835177
2.132,0.3911334667727941,0.718614848542417,0.5015635798835177,0.7197312142106765,0.532134466673527
2.134,0.392814143248381,0.7197312142106765,0.532134466673527,0.7210332961208881,0.564057084027128
2.136,0.3943208052577259,0.7210332961208881,0.564057084027128,0.7218899167122028,0.5946506002916941
2.138,0.3956524044500393,0.7218899167122028,0.5946506002916941,0.7231440149770044,0.6220125619541083
2.14,0.3968079681153583,0.7231440149770044,0.6220125619541083,0.7248646229468786,0.6527213328518839
2.142,0.3977866000084606,0.7248646229468786,0.6527213328518839,0.7258071573568071,0.6795785157871356
2.144,0.3985874811418704,0.7258071573568071,0.6795785157871356,0.7273233884591415,0.7103888087792202
2.146,0.3992098705473337,0.7273233884591415,0.7103888087792202,0.7291248367658408,0.7372121153696591
2.148,0.3996531060051547,0.7291248367658408,0.7372121153696591,0.7305265335712021,0.7700935219155689
2.15,0.3999166047407925,0.7305265335712021,0.7700935219155689,0.7321402596138874,0.7986369122570783
2.152,0.3999998640881332,0.7321402596138874,0.7986369122570783,0.7339848037315916,0.8272447356226453
2.154,0.3999024621188598,0.7339848037315916,0.8272447356226453,0.7355616326907731,0.8556774602765542
2.156,0.3996240582373559,0.7355616326907731,0.8556774602765542,0.7375139257451625,0.8787315588987334
2.158,0.3991643937405922,0.7375139257451625,0.8787315588987334,0.7392321153173654,0.90967315011387
2.16,0.39852329234245554,0.7392321153173654,0.90967315011387,0.7407946034324122,0.9355876477924617
2.162,0.3977006606619966,0.7407946034324122,0.9355876477924617,0.7424060272288122,0.9637459692619776
2.164,0.3966964886750821,0.7424060272288122,0.9637459692619776,0.744624566388103,0.9921177117553915
2.166,0.3955108501289544,0.744624566388103,0.9921177117553915,0.7465023131890882,1.020233543193637
2.168,0.3941439029192141,0.7465023131890882,1.020233543193637,0.7489375878958413,1.0427219163782704
2.17,0.3925958894287571,0.7489375878958413,1.0427219163782704,0.7508786302091724,1.0670824617947008
2.172,0.3908671368282115,0.7508786302091724,1.0670824617947008,0.7529818439813033,1.092584546159104
2.174,0.388958057337436,0.7529818439813033,1.092584546159104,0.7554455766521797,1.1178978505877617
2.176,0.3868691484476582,0.7554455766521797,1.1178978505877617,0.757446230358447,1.1418490255215534
2.178,0.3846009931038461,0.757446230358447,1.1418490255215534,0.7598825786669324,1.166363422766003
2.18,0.38215425984692325,0.7598825786669324,1.166363422766003,0.7628126012057456,1.1904778357407069
2.182,0.3795297029154539,0.7628126012057456,1.1904778357407069,0.7648008859911587,1.2086698077622744
2.184,0.3767281623064459,0.7648008859911587,1.2086698077622744,0.7670487765666844,1.2307322780975285
2.186,0.3737505637949348,0.7670487765666844,1.2307322780975285,0.7699884614862721,1.2542430438858412
2.188,0.37059791891202076,0.7699884614862721,1.2542430438858412,0.7724096060845657,1.2756650912093705
2.19,0.36727132488107667,0.7724096060845657,1.2756650912093705,0.7750103272324845,1.300304299946284
2.192,0.36377196451182026,0.7750103272324845,1.300304299946284,0.7774901713681596,1.3168544045581716
2.194,0.3601011060520153,0.7774901713681596,1.3168544045581716,0.7801398980386594,1.338752282978214
2.196,0.3562601029965322,0.7801398980386594,1.338752282978214,0.7828078025054332,1.3536235947562898
2.198,0.3522503938535695,0.7828078025054332,1.3536235947562898,0.7854837813986024,1.371367077121944
2.2,0.34807350186781005,0.7854837813986024,1.371367077121944,0.7886392432905389,1.3970134655842128
2.202,0.3437310347003492,0.7886392432905389,1.3970134655842128,0.7911638933675086,1.410855195639321
2.204,0.3392246840652159,0.7911638933675086,1.410855195639321,0.7942639979167672,1.4231998936888242
2.206,0.33455622532236556,0.7942639979167672,1.4231998936888242,0.7970408771101548,1.4407544225123827
2.208,0.3297275170269954,0.7970408771101548,1.4407544225123827,0.7998708584080627,1.4602520968610222
2.21,0.32474050043512415,0.7998708584080627,1.4602520968610222,0.8025695865649963,1.4716680191664877
2.212,0.3195971989653152,0.8025695865649963,1.4716680191664877,0.8059866273234054,1.4835966417791113
2.214,0.3142997176165341,0.8059866273234054,1.4835966417791113,0.8089460858086366,1.4996866140787595
2.216,0.30885024234206404,0.8089460858086366,1.4996866140787595,0.8119675794369685,1.5112582378046047
2.218,0.30325103937951264,0.8119675794369685,1.5112582378046047,0.8151200623825258,1.5181596810145472
2.22,0.2975044545368867,0.8151200623825258,1.5181596810145472,0.8183438030512841,1.5378803230994271
2.222,0.29161291243480136,0.8183438030512841,1.5378803230994271,0.8213317171884387,1.5457427050183108
2.224,0.28557891570485583,0.8213317171884387,1.5457427050183108,0.8239606910426087,1.5531542734513062
2.226,0.279405044144295,0.8239606910426087,1.5531542734513062,0.8272046190190946,1.5611692832546227
2.228,0.2730939538270118,0.8272046190190946,1.5611692832546227,0.8307015672357642,1.568958234999604
2.23,0.2666483761710818,0.8307015672357642,1.568958234999604,0.8336382428068544,1.5742344442685137
2.232,0.26007111696293495,0.8336382428068544,1.5742344442685137,0.836802164892122,1.5849741470746008
2.234,0.25336505533837156,0.836802164892122,1.5849741470746008,0.8398744685463666,1.5893478741467184
2.236,0.24653314272060542,0.8398744685463666,1.5893478741467184,0.8435847644753559,1.5936071665105742
2.238,0.23957840171558864,0.8435847644753559,1.5936071665105742,0.8461983683792944,1.5988879239070357
2.24,0.2325039249648378,0.8461983683792944,1.5988879239070357,0.8498566969772791,1.6084237773284749
2.242,0.22531287395606864,0.8498566969772791,1.6084237773284749,0.8528977012285189,1.605731806674942
2.244,0.21800847779190283,0.8528977012285189,1.605731806674942,0.8559643978125545,1.6114687379413895
2.246,0.21059403191702997,0.8559643978125545,1.6114687379413895,0.859089200704553,1.6136408910309021
2.248,0.2030728968040962,0.859089200704553,1.6136408910309021,0.8627774314541522,1.6114911845170317
2.25,0.19544849659878197,0.8627774314541522,1.6114911845170317,0.8658457087700137,1.6126829713170836
2.2520000000000002,0.18772431772439213,0.8658457087700137,1.6126829713170836,0.8692477859369677,1.608127665294686
2.254,0.1799039074464485,0.8692477859369677,1.608127665294686,0.8723901645667992,1.607739405476845
2.2560000000000002,0.17199087239766933,0.8723901645667992,1.607739405476845,0.8752122905825946,1.6061649161705889
2.258,0.16398887706388776,0.8752122905825946,1.6061649161705889,0.8785282505282472,1.6006633171706213
2.2600000000000002,0.15590164223132286,0.8785282505282472,1.6006633171706213,0.8814487034094328,1.5966408649518569
2.262,0.1477329433958154,0.8814487034094328,1.5966408649518569,0.8852458793775162,1.5975443576687895
2.2640000000000002,0.13948660913449934,0.8852458793775162,1.5975443576687895,0.8882612723888047,1.590292434537919
2.266,0.1311665194405495,0.8882612723888047,1.590292434537919,0.891190741178362,1.5812750325899256
2.2680000000000002,0.12277660402154777,0.891190741178362,1.5812750325899256,0.8944989528395639,1.5719834816441245
2.27,0.11432084056215036,0.8944989528395639,1.5719834816441245,0.8973765545461098,1.5662660978003653
2.2720000000000002,0.10580325295162868,0.8973765545461098,1.5662660978003653,0.9006248981313555,1.5550806550685237
2.274,0.09722790947705878,0.9006248981313555,1.5550806550685237,0.9038613771904608,1.5470293653335994
2.2760000000000002,0.08859892098273803,0.9038613771904608,1.5470293653335994,0.9070625783499049,1.537108035359759
2.278,0.07992043899665764,0.9070625783499049,1.537108035359759,0.909850041827628,1.52615312622883
2.2800000000000002,0.07119665382470089,0.909850041827628,1.52615312622883,0.9129035005548429,1.5125609710000423
2.282,0.06243179261337411,0.9129035005548429,1.5125609710000423,0.9158597453111174,1.5026184793962007
2.2840000000000003,0.0536301173818488,0.9158597453111174,1.5026184793962007,0.9190445784915516,1.4901417655810707
2.286,0.0447959230241404,0.9190445784915516,1.4901417655810707,0.921523176890244,1.4724640839962062
2.2880000000000003,0.035933535282238256,0.921523176890244,1.4724640839962062,0.9246951948176817,1.4585106489204094
2.29,0.027047308691096485,0.9246951948176817,1.4585106489204094,0.9275723280773909,1.441298455124322
2.2920000000000003,0.018141624496298137,0.9275723280773909,1.441298455124322,0.9306708121349083,1.4260849856537825
2.294,0.009220888545380303,0.9306708121349083,1.4260849856537825,0.9330977140707379,1.4110538751507475
2.2960000000000003,0.00028952915367281396,0.9330977140707379,1.4110538751507475,0.9363109356093333,1.3891512427251866
2.298,-0.008648005054327541,0.9363109356093333,1.3891512427251866,0.9390207978576978,1.370007961191244
2.3000000000000003,-0.017587247327147462,0.9390207978576978,1.370007961191244,0.9417835398753147,1.3514935468238836
2.302,-0.026523714991035688,0.9417835398753147,1.3514935468238836,0.9440611502859417,1.3309130771104767
2.3040000000000003,-0.03545291167621092,0.9440611502859417,1.3309130771104767,0.9466899052173582,1.3110605425396649
2.306,-0.0443703295635673,0.9466899052173582,1.3110605425396649,0.9494560688805374,1.2890598770979735
2.308,-0.05327145165084764,0.9494560688805374,1.2890598770979735,0.9518429323868015,1.2592816574516308
2.31,-0.0621517540371629,0.9518429323868015,1.2592816574516308,0.9544598862042407,1.2397393338652574
2.312,-0.07100670822477291,0.9544598862042407,1.2397393338652574,0.9569297197128421,1.2220430681555507
2.314,-0.07983178343705602,0.9569297197128421,1.2220430681555507,0.9593263841539148,1.1945836186448437
2.316,-0.08862244895147076,0.9593263841539148,1.1945836186448437,0.9615762011869607,1.17001871551333
2.318,-0.09737417644643921,0.9615762011869607,1.17001871551333,0.9637914461751241,1.1433913173066925
2.32,-0.10608244236091542,0.9637914461751241,1.1433913173066925,0.9659529060817095,1.1205717116483374
2.322,-0.11474273026551102,0.9659529060817095,1.1205717116483374,0.9683169854147416,1.0931179401661228
2.324,-0.12335053324396,0.9683169854147416,1.0931179401661228,0.9703972865829401,1.0637446965350363
2.326,-0.131901356283705,0.9703972865829401,1.0637446965350363,0.9724840043743845,1.0363177282260623
2.328,-0.14039071867437194,0.9724840043743845,1.0363177282260623,0.9746965932277851,1.0070720060125102
2.33,-0.14881415641293202,0.9746965932277851,1.0070720060125102,0.9763509317099116,0.9756545152215682
2.332,-0.15716722461421928,0.9763509317099116,0.9756545152215682,0.9787120696202162,0.9467102094808693
2.334,-0.16544549992561816,0.9787120696202162,0.9467102094808693,0.9801555615226455,0.91970323484623
2.336,-0.17364458294455407,0.9801555615226455,0.91970323484623,0.982202827213524,0.8868041908286538
2.338,-0.18176010063756776,0.982202827213524,0.8868041908286538,0.9836137229613188,0.8588800380836183
2.34,-0.18978770875959475,0.9836137229613188,0.8588800380836183,0.9854163933485953,0.8231921322931063
2.342,-0.19772309427220894,0.9854163933485953,0.8231921322931063,0.9868826244530221,0.7866949292548081
2.344,-0.20556197775940102,0.9868826244530221,0.7866949292548081,0.9881628190907877,0.7572768686021281
2.346,-0.2133001158396688,0.9881628190907877,0.7572768686021281,0.9899539946120709,0.7224486144791302
2.348,-0.22093330357296725,0.9899539946120709,0.7224486144791302,0.991019155103584,0.686048252322399
2.35,-0.2284573768612376,0.991019155103584,0.686048252322399,0.9924968824212494,0.6515680901223987
2.352,-0.23586821484108833,0.9924968824212494,0.6515680901223987,0.993981395235147,0.6218851364850928
2.354,-0.24316174226733317,0.993981395235147,0.6218851364850928,0.995535877614887,0.5859859420590069
2.356,-0.25033393188591785,0.995535877614887,0.5859859420590069,0.9959483416401935,0.5466770594771524
2.358,-0.25738080679493874,0.9959483416401935,0.5466770594771524,0.9964008339835715,0.5109442418181704
2.36,-0.26429844279229575,0.9964008339835715,0.5109442418181704,0.9980064599354432,0.4772731692846203
2.362,-0.27108297070865184,0.9980064599354432,0.4772731692846203,0.9990401383586373,0.43915850803179357
2.364,-0.27773057872423296,0.9990401383586373,0.43915850803179357,0.999760541546471,0.4013206689748763
2.366,-0.2842375146681552,0.999760541546471,0.4013206689748763,1.000729938853564,0.35917165994395805
2.368,-0.29060008829878864,1.000729938853564,0.35917165994395805,1.0009925290887576,0.319008093086585
2.37,-0.2968146735638435,1.0009925290887576,0.319008093086585,1.0019703916061509,0.2839289274799753
2.372,-0.3028777108387132,1.0019703916061509,0.2839289274799753,1.0022767934809156,0.23744144918536017
2.374,-0.3087857091417247,1.0022767934809156,0.23744144918536017,1.0025553340512174,0.19673494242990042
2.376,-0.3145352483248478,1.0025553340512174,0.19673494242990042,1.0028436969675025,0.15301699737416813
2.378,-0.3201229812385304,1.0028436969675025,0.15301699737416813,1.0031484687645242,0.1076836411540294
2.38,-0.32554563586920215,1.0031484687645242,0.1076836411540294,1.0033409980219132,0.06328565027954837
2.382,-0.33080001744811677,1.0033409980219132,0.06328565027954837,1.0031473785016538,0.017731200967702893
2.384,-0.3358830105301056,1.0031473785016538,0.017731200967702893,1.0030763719490903,-0.0191243843167793
2.386,-0.34079158104089935,1.0030763719490903,-0.0191243843167793,1.0030099633917096,-0.049526790491919014
2.388,-0.3455227782916174,1.0030099633917096,-0.049526790491919014,1.0028355997459857,-0.07805801626216217
2.39,-0.3500737369590934,1.0028355997459857,-0.07805801626216217,1.002897815500401,-0.10085927520307116
2.392,-0.35444167903065604,1.002897815500401,-0.10085927520307116,1.0026078873248747,-0.12142943851505089
2.394,-0.3586239157120329,1.0026078873248747,-0.12142943851505089,1.0018485383483593,-0.14804441044580133
2.396,-0.36261784929704416,1.0018485383483593,-0.14804441044580133,1.0017356970793119,-0.17225535068381856
2.398,-0.36642097499775605,1.0017356970793119,-0.17225535068381856,1.0012106118825514,-0.19426539745750948
2.4,-0.3700308827337828,1.0012106118825514,-0.19426539745750948,1.0009559378184247,-0.2208221843324401
2.402,-0.37344525887944946,1.0009559378184247,-0.2208221843324401,1.000421400473426,-0.24755771010421565
2.404,-0.37666188796750566,1.000421400473426,-0.24755771010421565,0.9998063602898843,-0.2755088807542551
2.406,-0.3796786543481515,0.9998063602898843,-0.2755088807542551,0.9994661186453381,-0.30333034598254544
2.408,-0.3824935438020934,0.9994661186453381,-0.30333034598254544,0.9985943119549923,-0.3341810752366613
2.41,-0.3851046451064066,0.9985943119549923,-0.3341810752366613,0.9979969667385854,-0.3604570369526613
2.412,-0.38751015155197277,0.9979969667385854,-0.3604570369526613,0.9971302578465263,-0.392293845507095
2.414,-0.38970836241130563,0.9971302578465263,-0.392293845507095,0.9964489618050499,-0.41577880820019875
2.416,-0.3916976843555535,0.9964489618050499,-0.41577880820019875,0.9953779222215572,-0.4503418115697867
2.418,-0.3934766328195455,0.9953779222215572,-0.4503418115697867,0.994550926336737,-0.4866163683460447
2.42,-0.3950438333137105,0.994550926336737,-0.4866163683460447,0.993476097231394,-0.5134745263312412
2.422,-0.3963980226817702,0.993476097231394,-0.5134745263312412,0.9926429179110546,-0.5431801956587229
2.424,-0.39753805030308487,0.9926429179110546,-0.5431801956587229,0.9910639779497697,-0.5736846003221349
2.426,-0.3984628792385956,0.9910639779497697,-0.5736846003221349,0.9900453395962654,-0.604848674309808
2.428,-0.3991715873192985,0.9900453395962654,-0.604848674309808,0.9887333630871356,-0.6367741904846204
2.43,-0.3996633681762313,0.9887333630871356,-0.6367741904846204,0.9873704129806878,-0.662664640715108
2.432,-0.3999375322109675,0.9873704129806878,-0.662664640715108,0.9864210125975597,-0.6927297340863996
2.434,-0.39999350750564905,0.9864210125975597,-0.6927297340863996,0.984633935606065,-0.7214471224537673
2.436,-0.39983084067160773,0.984633935606065,-0.7214471224537673,0.9832769628690327,-0.749876163119772
2.438,-0.3994491976356605,0.9832769628690327,-0.749876163119772,0.9817251016793858,-0.7825210413750833
2.44,-0.39884836436319,0.9817251016793858,-0.7825210413750833,0.9799381879562871,-0.8106777149178886
2.442,-0.39802824751715205,0.9799381879562871,-0.8106777149178886,0.9782680573643366,-0.8390338128842152
2.444,-0.39698887505218405,0.9782680573643366,-0.8390338128842152,0.976316223672767,-0.8716673174310325
2.446,-0.39573039674301735,0.976316223672767,-0.8716673174310325,0.9745481876186196,-0.8991451146439533
2.448,-0.3942530846464369,0.9745481876186196,-0.8991451146439533,0.9728514866431826,-0.9223051868674912
2.45,-0.39255733349604516,0.9728514866431826,-0.9223051868674912,0.9706045700454263,-0.9477286014492963
2.452,-0.39064366102915526,0.9706045700454263,-0.9477286014492963,0.96916216316252,-0.975254996702813
2.454,-0.3885127082451314,0.96916216316252,-0.975254996702813,0.9673196818197688,-0.9975781620011462
2.456,-0.3861652395945688,0.9673196818197688,-0.9975781620011462,0.9646915266316737,-1.0246381539446872
2.458,-0.38360214309871066,0.9646915266316737,-1.0246381539446872,0.9629176961002137,-1.0507628136788811
2.46,-0.3808244303985626,0.9629176961002137,-1.0507628136788811,0.9608644800506196,-1.0774063242822443
2.462,-0.3778332367331762,0.9608644800506196,-1.0774063242822443,0.958359515478739,-1.1014536350773494
2.464,-0.3746298208466421,0.958359515478739,-1.1014536350773494,0.956080849936455,-1.1232768005966243
2.466,-0.3712155648233348,0.956080849936455,-1.1232768005966243,0.953649885238853,-1.1478816240687517
2.468,-0.3675919738510345,0.953649885238853,-1.1478816240687517,0.9517199247267412,-1.1680574272148636
2.47,-0.3637606759115415,0.9517199247267412,-1.1680574272148636,0.9493021297667881,-1.193218651126674
2.472,-0.3597234213984968,0.9493021297667881,-1.193218651126674,0.9466480706749342,-1.2114595855266403
2.474,-0.3554820826620974,0.9466480706749342,-1.2114595855266403,0.9443500955773673,-1.2317989252185035
2.476,-0.3510386534805132,0.9443500955773673,-1.2317989252185035,0.9420297148335072,-1.2503749053373865
2.478,-0.3463952484577676,0.9420297148335072,-1.2503749053373865,0.9393080138226653,-1.2692033824841222
2.48,-0.34155410234797556,0.9393080138226653,-1.2692033824841222,0.936871150541127,-1.2884720110771875
2.482,-0.3365175693058069,0.936871150541127,-1.2884720110771875,0.9343437526967697,-1.3042196382572269
2.484,-0.33128812206311675,0.9343437526967697,-1.3042196382572269,0.9315059807898483,-1.3219667959131027
2.486,-0.32586835103173445,0.9315059807898483,-1.3219667959131027,0.9289027390889496,-1.3362167705068762
2.488,-0.3202609633324362,0.9289027390889496,-1.3362167705068762,0.9262803453007782,-1.3529675320203491
2.49,-0.3144687817501525,0.9262803453007782,-1.3529675320203491,0.9235296767116788,-1.3682166986334485
2.492,-0.30849474361556867,0.9235296767116788,-1.3682166986334485,0.9208399539880403,-1.3824917192712625
2.494,-0.3023418996132341,0.9208399539880403,-1.3824917192712625,0.9173831012669966,-1.392987647984195
2.496,-0.29601341251642993,0.9173831012669966,-1.392987647984195,0.9150034644348994,-1.4104596092136938
2.498,-0.28951255584902164,0.9150034644348994,-1.4104596092136938,0.9121026687209269,-1.4215580446134262
2.5,-0.2828427124746195,0.9121026687209269,-1.4215580446134262,0.9097010105672312,-1.42967701600593
2.5020000000000002,-0.27600737311336915,0.9097010105672312,-1.42967701600593,0.9060857182046022,-1.4396617964273863
2.504,-0.26901013478681407,0.9060857182046022,-1.4396617964273863,0.9034196590461884,-1.4461931345174002
2.5060000000000002,-0.26185469919120674,0.9034196590461884,-1.4461931345174002,0.9003719043550436,-1.4629757400524346
2.508,-0.254544870999833,0.9003719043550436,-1.4629757400524346,0.8976633953059467,-1.4668071572290262
2.5100000000000002,-0.2470845560948138,0.8976633953059467,-1.4668071572290262,0.8946210893666527,-1.4771899565066333
2.512,-0.23947775972904647,0.8946210893666527,-1.4771899565066333,0.8918320407814458,-1.4755171109173737
2.5140000000000002,-0.2317285846188354,0.8918320407814458,-1.4755171109173737,0.8883969219934376,-1.4816311034190432
2.516,-0.2238412289679766,0.8883969219934376,-1.4816311034190432,0.885688527043988,-1.4835326865958298
2.5180000000000002,-0.21581998442394565,0.885688527043988,-1.4835326865958298,0.8829062125869375,-1.4920053950482408
2.52,-0.20766923396704562,0.8829062125869375,-1.4920053950482408,0.8800517562664386,-1.4931134878319234
2.5220000000000002,-0.19939344973324763,0.8800517562664386,-1.4931134878319234,0.8767205213509914,-1.494413249649927
2.524,-0.19099719077169236,0.8767205213509914,-1.494413249649927,0.8737436131670935,-1.5002070784470316
2.5260000000000002,-0.18248510073768354,0.8737436131670935,-1.5002070784470316,0.8712589681920372,-1.497250460088874
2.528,-0.17386190552221034,0.8712589681920372,-1.497250460088874,0.8677396584216953,-1.494916821652511
2.5300000000000002,-0.16513241081894978,0.8677396584216953,-1.494916821652511,0.8645620217594815,-1.4964637026847192
2.532,-0.1563014996298706,0.8645620217594815,-1.4964637026847192,0.8617919464272431,-1.4920756255107461
2.5340000000000003,-0.14737412971047878,0.8617919464272431,-1.4920756255107461,0.8589313901235703,-1.4851866336656403
2.536,-0.13835533095592384,0.8589313901235703,-1.4851866336656403,0.855856322179079,-1.4819567507380285
2.5380000000000003,-0.12925020272911045,0.855856322179079,-1.4819567507380285,0.853116301359193,-1.479735758110036
2.54,-0.12006391113209634,0.853116301359193,-1.479735758110036,0.8500990681266832,-1.4731930232144836
2.5420000000000003,-0.11080168622203342,0.8500990681266832,-1.4731930232144836,0.8473378301639637,-1.4632531037671201
2.544,-0.10146881917303052,0.8473378301639637,-1.4632531037671201,0.8442160800012501,-1.458815017645623
2.5460000000000003,-0.09207065938526003,0.8442160800012501,-1.458815017645623,0.8413415242748367,-1.4487605078263284
2.548,-0.08261261154279015,0.8413415242748367,-1.4487605078263284,0.8385846426379856,-1.4376767344469046
2.5500000000000003,-0.07310013262154835,0.8385846426379856,-1.4376767344469046,0.8354274345300006,-1.4249222978635416
2.552,-0.06353872884899814,0.8354274345300006,-1.4249222978635416,0.8329037393089133,-1.4164221677616597
2.5540000000000003,-0.0539339526169941,0.8329037393089133,-1.4164221677616597,0.8301861804623198,-1.4034254891435471
2.556,-0.044291399349489,0.8301861804623198,-1.4034254891435471,0.8271128302841364,-1.3893095422877446
2.5580000000000003,-0.034616704326658,0.8271128302841364,-1.3893095422877446,0.8242732821123502,-1.3763091519468051
2.56,-0.024915539467182942,0.8242732821123502,-1.3763091519468051,0.8216708322488004,-1.357379813076384
2.562,-0.015193610070335898,0.8216708322488004,-1.357379813076384,0.8193136446712141,-1.345124431258881
2.564,-0.005456651519689066,0.8193136446712141,-1.345124431258881,0.8166799395496265,-1.3280179341504696
2.566,0.004289574049834659,0.8166799395496265,-1.3280179341504696,0.8138131252030939,-1.3086543113270563
2.568,0.014039281119663256,0.8138131252030939,-1.3086543113270563,0.8112112494106076,-1.2872542466736137
2.57,0.02378666418822755,0.8112112494106076,-1.2872542466736137,0.8086556512805552,-1.2753240923209443
2.572,0.033525901202649665,0.8086556512805552,-1.2753240923209443,0.8063621501873899,-1.2537871395974045
2.574,0.043251157019492455,0.8063621501873899,-1.2537871395974045,0.8035758062109053,-1.2381794034230953
2.576,0.05295658689267149,0.8035758062109053,-1.2381794034230953,0.8014155856408269,-1.2090008098461476
2.578,0.0626363399864624,0.8014155856408269,-1.2090008098461476,0.7989985960997347,-1.1863413161246161
2.58,0.07228456291162631,0.7989985960997347,-1.1863413161246161,0.7968466162838155,-1.1652799846325295
2.582,0.08189540328253708,0.7968466162838155,-1.1652799846325295,0.7944133026903204,-1.142806105876659
2.584,0.09146301329327822,0.7944133026903204,-1.142806105876659,0.7919216169285949,-1.11458759237077
2.586,0.10098155331051982,0.7919216169285949,-1.11458759237077,0.7898879055853018,-1.0940150032846827
2.588,0.1104451954811099,0.7898879055853018,-1.0940150032846827,0.7877514022614982,-1.0656380398517336
2.59,0.11984812735210278,0.7877514022614982,-1.0656380398517336,0.7854384304775706,-1.0376177507936561
2.592,0.12918455550114122,0.7854384304775706,-1.0376177507936561,0.7834992545207705,-1.0141450171429023
2.594,0.13844870917485294,0.7834992545207705,-1.0141450171429023,0.781392245911419,-0.9793010064044283
2.596,0.1476348439331312,0.781392245911419,-0.9793010064044283,0.7794034778301053,-0.9535610725370313
2.598,0.1567372452969195,0.7794034778301053,-0.9535610725370313,0.7779794330620812,-0.9232424889630804
2.6,0.16575023239731407,0.7779794330620812,-0.9232424889630804,0.7758235332796259,-0.895040210271613
2.602,0.174668161623593,0.7758235332796259,-0.895040210271613,0.7743694949177489,-0.8620506007942614
2.604,0.1834854302679343,0.7743694949177489,-0.8620506007942614,0.7725477368013572,-0.8346252515708261
2.606,0.19219648016439483,0.7725477368013572,-0.8346252515708261,0.7712765340594052,-0.7981445517214467
2.608,0.2007958013198842,0.7712765340594052,-0.7981445517214467,0.7696143608962948,-0.7690540065575048
2.61,0.2092779355346929,0.7696143608962948,-0.7690540065575048,0.7681521821677817,-0.734539652787311
2.612,0.21763748001025227,0.7681521821677817,-0.734539652787311,0.7668360863912745,-0.7036328162623046
2.614,0.2258690909417037,0.7668360863912745,-0.7036328162623046,0.7653578573908393,-0.6672958375097235
2.616,0.23396748709290974,0.7653578573908393,-0.6672958375097235,0.7638480747167941,-0.6318655918451659
2.618,0.2419274533514651,0.7638480747167941,-0.6318655918451659,0.7628828017216363,-0.5979173699657614
2.62,0.24974384426135354,0.7628828017216363,-0.5979173699657614,0.761832274660067,-0.5642122162068276
2.622,0.25741158753077287,0.761832274660067,-0.5642122162068276,0.7606921029295506,-0.5242559826208257
2.624,0.2649256875127718,0.7606921029295506,-0.5242559826208257,0.7597830257969984,-0.4861516758419615
2.626,0.2722812286562442,0.7597830257969984,-0.4861516758419615,0.7585842172983472,-0.45390696694409194
2.628,0.2794733789248885,0.7585842172983472,-0.45390696694409194,0.7580466140874699,-0.4119093320078237
2.63,0.2864973931816863,0.7580466140874699,-0.4119093320078237,0.7576747441314968,-0.3727773581459466
2.632,0.2933486165365519,0.7576747441314968,-0.3727773581459466,0.7564072580576268,-0.33275376841060866
2.634,0.3000224876546708,0.7564072580576268,-0.33275376841060866,0.7558253751943859,-0.2967449184740038
2.636,0.3065145420232003,0.7558253751943859,-0.2967449184740038,0.7560120861824002,-0.2514659579799323
2.638,0.31282041517390013,0.7560120861824002,-0.2514659579799323,0.7552146583488433,-0.20817179148255166
2.64,0.3189358458593503,0.7552146583488433,-0.20817179148255166,0.7551035631167893,-0.16469201722228297
2.642,0.3248566791803483,0.7551035631167893,-0.16469201722228297,0.7547446189450144,-0.12208877944637844
2.644,0.33057886966219435,0.7547446189450144,-0.12208877944637844,0.7540749013267717,-0.07101979277810849
2.646,0.3360984842774686,0.7540749013267717,-0.07101979277810849,0.7545925267234221,-0.02686792093982564
2.648,0.34141170541303995,0.7545925267234221,-0.02686792093982564,0.7543697937724188,0.013845199156355384
2.65,0.34651483377895514,0.7543697937724188,0.013845199156355384,0.7542772684451557,0.04823740538403069
2.652,0.35140429125698597,0.7542772684451557,0.04823740538403069,0.7546892759374555,0.07231133271226628
2.654,0.3560766236865312,0.7546892759374555,0.07231133271226628,0.7548241911530159,0.09782898815894753
2.656,0.36052850358567806,0.7548241911530159,0.09782898815894753,0.7550898045266291,0.12140940310652801
2.658,0.3647567328051994,0.7550898045266291,0.12140940310652801,0.7550438792243412,0.1454510323268799
2.66,0.368758245113329,0.7550438792243412,0.1454510323268799,0.756054133671254,0.16847693885252343
2.662,0.37253010870914033,0.756054133671254,0.16847693885252343,0.7559814789841505,0.19705958181264388
2.664,0.3760695286624524,0.7559814789841505,0.19705958181264388,0.756642226813706,0.2230095655604841
2.666,0.3793738492781402,0.756642226813706,0.2230095655604841,0.7566252006806373,0.24998073689070022
2.668,0.3824405563828361,0.7566252006806373,0.24998073689070022,0.7572657996628934,0.2752575124624761
2.67,0.38526727953198575,0.7572657996628934,0.2752575124624761,0.7582231618753954,0.3049166278939821
2.672,0.38785179413530474,0.7582231618753954,0.3049166278939821,0.7589449153669836,0.34101611042069785
2.674,0.39019202349868315,0.7589449153669836,0.34101611042069785,0.7596673533573689,0.36590898676502903
2.676,0.39228604078067053,0.7596673533573689,0.36590898676502903,0.7601220678217528,0.3933620565792776
2.678,0.3941320708616637,0.7601220678217528,0.3933620565792776,0.7609388333112527,0.42411099383622436
2.68,0.3957284921240191,0.7609388333112527,0.42411099383622436,0.7618451119227243,0.45462894263955694
2.682,0.39707383814131214,0.7618451119227243,0.45462894263955694,0.7629954535298618,0.48486663377156164
2.684,0.39816679927504794,0.7629954535298618,0.48486663377156164,0.7637890675491303,0.5151216091495919
2.686,0.39900622417715065,0.7637890675491303,0.5151216091495919,0.7652612660737707,0.5489169340472502
2.688,0.3995911211966322,0.7652612660737707,0.5489169340472502,0.7665349803098233,0.5817440748711512
2.69,0.39992065968887464,0.7665349803098233,0.5817440748711512,0.7674823769162175,0.6116963153724295
2.692,0.3999941712260314,0.7674823769162175,0.6116963153724295,0.7685440962230037,0.6454138629279867
2.694,0.3998111507070937,0.7685440962230037,0.6454138629279867,0.7704134508159952,0.6706547451308065
2.696,0.399371257366236,0.7704134508159952,0.6706547451308065,0.7713437865339814,0.7017883294766237
2.698,0.3986743156781074,0.7713437865339814,0.7017883294766237,0.7726636995384137,0.7290853067819315
2.7,0.3977203161587995,0.7726636995384137,0.7290853067819315,0.7747072684243084,0.7600522321987756
2.702,0.3965094160612779,0.7747072684243084,0.7600522321987756,0.7760368693353003,0.7906741636390247
2.704,0.3950419399641327,0.7760368693353003,0.7906741636390247,0.7775617997129928,0.8178015180830416
2.706,0.39331838025256444,0.7775617997129928,0.8178015180830416,0.7793604598522197,0.8435604777439696
2.708,0.3913393974905874,0.7793604598522197,0.8435604777439696,0.7812983533671615,0.8708328724740132
2.71,0.3891058206834992,0.7812983533671615,0.8708328724740132,0.7833858750908166,0.8987303592571623
2.712,0.38661864742973456,0.7833858750908166,0.8987303592571623,0.7852563913369708,0.9242888280754966
2.714,0.38387904396129247,0.7852563913369708,0.9242888280754966,0.7868846739242515,0.9501289987216741
2.716,0.38088834507198055,0.7868846739242515,0.9501289987216741,0.7884513261441555,0.9783523932591184
2.718,0.37764805393283,0.7884513261441555,0.9783523932591184,0.7908610028527701,1.0004222145912602
2.72,0.37415984179404593,0.7908610028527701,1.0004222145912602,0.7930169631128506,1.0257261083107974
2.722,0.37042554757301194,0.7930169631128506,1.0257261083107974,0.7949085081713655,1.0518245246910873
2.724,0.3664471773278437,0.7949085081713655,1.0518245246910873,0.7971495648019591,1.0705867917581393
2.726,0.36222690361617477,0.7971495648019591,1.0705867917581393,0.7995476505118336,1.097778347508442
2.728,0.3577670647388195,0.7995476505118336,1.097778347508442,0.8013757463574818,1.1164152248835206
2.73,0.353070163868139,0.8013757463574818,1.1164152248835206,0.8034012321359153,1.1368678476262009
2.732,0.3481388680609231,0.8034012321359153,1.1368678476262009,0.8061690714455182,1.159336507395556
2.734,0.3429760071557719,0.8061690714455182,1.159336507395556,0.8081932411145809,1.178676407484187
2.736,0.3375845725549256,0.8081932411145809,1.178676407484187,0.8111297846077969,1.1980475477817698
2.738,0.3319677158907205,0.8111297846077969,1.1980475477817698,0.8131339491055559,1.2196395396124384
2.74,0.32612874757676596,0.8131339491055559,1.2196395396124384,0.8158120228359944,1.234491433097113
2.742,0.32007113524415853,0.8158120228359944,1.234491433097113,0.8181002627917338,1.2479825148826023
2.744,0.31379850206303556,0.8181002627917338,1.2479825148826023,0.8205216647524376,1.26601611995206
2.746,0.3073146249499217,0.8205216647524376,1.26601611995206,0.823275963790065,1.2827703212730848
2.748,0.3006234326613318,0.823275963790065,1.2827703212730848,0.826022874070015,1.2967619403192425
2.75,0.2937290037742743,0.826022874070015,1.2967619403192425,0.8285760803254488,1.307723700553895
2.7520000000000002,0.28663556455425565,0.8285760803254488,1.307723700553895,0.8307456741863719,1.32127152364333
2.754,0.27934748671161674,0.8307456741863719,1.32127152364333,0.8336538507670012,1.3327224644071833
2.7560000000000002,0.27186928504697744,0.8336538507670012,1.3327224644071833,0.8364795112125082,1.3423834838029136
2.758,0.26420561498674794,0.8364795112125082,1.3423834838029136,0.8390219827552193,1.3546307818840564
2.7600000000000002,0.25636127000969966,0.8390219827552193,1.3546307818840564,0.8419950382754866,1.3625876691402283
2.762,0.24834117896570174,0.8419950382754866,1.3625876691402283,0.8448156728643862,1.3716269304135833
2.7640000000000002,0.24015040328776346,0.8448156728643862,1.3716269304135833,0.847270675110659,1.3794024001034064
2.766,0.23179413409869795,0.847270675110659,1.3794024001034064,0.8506224536007633,1.3843067253981636
2.7680000000000002,0.22327768921368227,0.8506224536007633,1.3843067253981636,0.853261328822144,1.3938205461396413
2.77,0.21460651004020984,0.853261328822144,1.3938205461396413,0.8561188113021049,1.3938937986750946
2.7720000000000002,0.20578615837687764,0.8561188113021049,1.3938937986750946,0.8590203982887861,1.3993049592310658
2.774,0.19682231311266296,0.8590203982887861,1.3993049592310658,0.8613698832287883,1.4011980579791028
2.7760000000000002,0.1877207668282982,0.8613698832287883,1.4011980579791028,0.8643475423671269,1.403395579587324
2.778,0.17848742230157794,0.8643475423671269,1.403395579587324,0.8669997911503298,1.4065385914808781
2.7800000000000002,0.1691282889183466,0.8669997911503298,1.4065385914808781,0.8696979961902197,1.4016028311259672
2.782,0.15964947899116944,0.8696979961902197,1.4016028311259672,0.8728060561427846,1.4038503940016873
2.7840000000000003,0.15005720398761635,0.8728060561427846,1.4038503940016873,0.8756666927859135,1.398086678423205
2.786,0.14035777067029187,0.8756666927859135,1.398086678423205,0.8784582772644197,1.398014889549087
2.7880000000000003,0.13055757715070945,0.8784582772644197,1.398014889549087,0.8813803165981839,1.390404693914357
2.79,0.12066310885930479,0.8813803165981839,1.390404693914357,0.8838470131447567,1.3872266471492816
2.7920000000000003,0.11068093443382934,0.8838470131447567,1.3872266471492816,0.8862487968871577,1.3802627223876702
2.794,0.10061770152857628,0.8862487968871577,1.3802627223876702,0.8895414313197093,1.3736962875972234
2.7960000000000003,0.09048013254684233,0.8895414313197093,1.3736962875972234,0.8919047157485136,1.3683449047614582
2.798,0.08027502029919538,0.8919047157485136,1.3683449047614582,0.8949622449384044,1.3595907410192156
2.8000000000000003,0.07000922359010923,0.8949622449384044,1.3595907410192156,0.897301857741397,1.3475473888279406
2.802,0.05968966273571426,0.897301857741397,1.3475473888279406,0.9003394294317013,1.3354385254489307
2.8040000000000003,0.049323315015291566,0.9003394294317013,1.3354385254489307,0.9026331972192055,1.3265393887797159
2.806,0.03891721005945892,0.9026331972192055,1.3265393887797159,0.9057196637277943,1.309761118293205
2.8080000000000003,0.02847842517779515,0.9057196637277943,1.309761118293205,0.9074842866412397,1.2954025347677658
2.81,0.018014080628949446,0.9074842866412397,1.2954025347677658,0.910368515523793,1.2833274912004635
2.8120000000000003,0.007531334836171535,0.910368515523793,1.2833274912004635,0.9132301182376308,1.2676781889462219
2.814,-0.002962620448627858,0.9132301182376308,1.2676781889462219,0.9154697120334349,1.251722509644966
2.816,-0.013460565029199692,0.9154697120334349,1.251722509644966,0.9178852952064901,1.2338509695442683
2.818,-0.023955255194429613,0.9178852952064901,1.2338509695442683,0.9203804902696349,1.220927888820712
2.82,-0.03443942868975208,0.9203804902696349,1.220927888820712,0.9230647463427512,1.194622467506006
2.822,-0.0449058097272379,0.9230647463427512,1.194622467506006,0.9250542639023305,1.1752545383119917
2.824,-0.05534711403090621,0.9250542639023305,1.1752545383119917,0.9272348622172802,1.1536322595126285
2.826,-0.06575605391402262,0.9272348622172802,1.1536322595126285,0.9296825739187234,1.134958901908675
2.828,-0.07612534338476301,0.9296825739187234,1.134958901908675,0.931965772138859,1.1088553384159692
2.83,-0.08644770327690743,0.931965772138859,1.1088553384159692,0.9339566833236536,1.0844888675167017
2.832,-0.09671586640190812,0.9339566833236536,1.0844888675167017,0.936336348428139,1.0619913151995362
2.834,-0.1069225827188472,0.936336348428139,1.0619913151995362,0.9386508473790708,1.0359304464768337
2.836,-0.11706062451859843,0.9386508473790708,1.0359304464768337,0.940658150192926,1.0116723936660728
2.838,-0.12712279161860496,0.940658150192926,1.0116723936660728,0.9424140763117598,0.9803284482694675
2.84,-0.1371019165645045,0.9424140763117598,0.9803284482694675,0.9440705222364404,0.9582480698287057
2.842,-0.14699086983499773,0.9440705222364404,0.9582480698287057,0.9464649676778705,0.9288478135916878
2.844,-0.15678256504607987,0.9464649676778705,0.9288478135916878,0.9481366511623487,0.8985555527009679
2.846,-0.16646996415098655,0.9481366511623487,0.8985555527009679,0.9496490570220996,0.8682648288608159
2.848,-0.17604608263194943,0.9496490570220996,0.8682648288608159,0.9515964907195346,0.8397974737659852
2.85,-0.1855039946800246,0.9515964907195346,0.8397974737659852,0.9529706217656967,0.8072955491724575
2.852,-0.19483683835908994,0.9529706217656967,0.8072955491724575,0.9546810170304932,0.7767763732010133
2.854,-0.20403782075021373,0.9546810170304932,0.7767763732010133,0.955890633712214,0.7470950677890589
2.856,-0.21310022307244988,0.955890633712214,0.7470950677890589,0.9575295843861655,0.7105892066215244
2.858,-0.22201740577629062,0.9575295843861655,0.7105892066215244,0.9591273581125909,0.6789092218434885
2.86,-0.23078281360574932,0.9591273581125909,0.6789092218434885,0.9600994175273,0.6436269309711423
2.862,-0.2393899806253256,0.9600994175273,0.6436269309711423,0.9611183323459339,0.6063768702615129
2.864,-0.24783253520783247,0.9611183323459339,0.6063768702615129,0.9620246114633718,0.5746156048124896
2.866,-0.25610420497928077,0.9620246114633718,0.5746156048124896,0.9631691916976295,0.5374606685852198
2.868,-0.26419882171687664,0.9631691916976295,0.5374606685852198,0.964381560122656,0.4974528129217002
2.87,-0.2721103261962938,0.964381560122656,0.4974528129217002,0.9654328496618435,0.46261299246436566
2.872,-0.2798327729842784,0.9654328496618435,0.46261299246436566,0.9664423882921086,0.4275988430437852
2.874,-0.28736033517282045,0.9664423882921086,0.4275988430437852,0.9671622217757007,0.38702837466504325
2.876,-0.2946873090509456,0.9671622217757007,0.38702837466504325,0.9676620416025127,0.347047662792849
2.878,-0.3018081187103929,0.9676620416025127,0.347047662792849,0.9684224145600091,0.30408433405269986
2.88,-0.3087173205812966,0.9684224145600091,0.30408433405269986,0.9688992101504693,0.26319849190524364
2.882,-0.31540960789414174,0.9688992101504693,0.26319849190524364,0.9693975306538298,0.22125317720865093
2.884,-0.32187981506422625,0.9693975306538298,0.22125317720865093,0.9696101762959635,0.17484223650313516
2.886,-0.32812292199490545,0.9696101762959635,0.17484223650313516,0.9701233459341331,0.12755552149678603
2.888,-0.33413405829593273,0.9701233459341331,0.12755552149678603,0.9700192183276298,0.08760925551850915
2.89,-0.3399085074132626,0.9700192183276298,0.08760925551850915,0.9696769948128506,0.03640124267255632
2.892,-0.34544171066667567,0.9696769948128506,0.03640124267255632,0.9703444760320862,-0.00905174091308057
2.894,-0.350729271191697,0.9703444760320862,-0.00905174091308057,0.9706469570072128,-0.044978592798854446
2.896,-0.3557669577822588,0.9706469570072128,-0.044978592798854446,0.9702804290717086,-0.06399101799351777
2.898,-0.36055070863066335,0.9702804290717086,-0.06399101799351777,0.9699919600907956,-0.09265695308362418
2.9,-0.3650766349614009,0.9699919600907956,-0.09265695308362418,0.9696462905377684,-0.11871185996558385
2.902,-0.36934102455549184,0.9696462905377684,-0.11871185996558385,0.9694529206189594,-0.14413933488018063
2.904,-0.3733403451620303,0.9694529206189594,-0.14413933488018063,0.9689013997004872,-0.16544810140612698
2.906,-0.3770712477936958,0.9689013997004872,-0.16544810140612698,0.9683459942320877,-0.19438837403515896
2.908,-0.3805305699030588,0.9683459942320877,-0.19438837403515896,0.9681604987520097,-0.22328808990548354
2.91,-0.38371533843657507,0.9681604987520097,-0.22328808990548354,0.9678639568112969,-0.24760018932996644
2.912,-0.38662277276321394,0.9678639568112969,-0.24760018932996644,0.9667746244717236,-0.2767638609273818
2.914,-0.38925028747479173,0.9667746244717236,-0.2767638609273818,0.9663112289705093,-0.3070383468294382
2.916,-0.3915954950550836,0.9663112289705093,-0.3070383468294382,0.9658108956992775,-0.33679401428829975
2.918,-0.3936562084149408,0.9658108956992775,-0.33679401428829975,0.9652573697985328,-0.36694894972994946
2.92,-0.39543044329065963,0.9652573697985328,-0.36694894972994946,0.9644685672264498,-0.39620862795964745
2.922,-0.3969164205029916,0.9644685672264498,-0.39620862795964745,0.9635893491944413,-0.4280975691857504
2.924,-0.3981125680742094,0.9635893491944413,-0.4280975691857504,0.9624009077903366,-0.4604203690540528
2.926,-0.39901752320079786,0.9624009077903366,-0.4604203690540528,0.9616389189538227,-0.48744510476119496
2.928,-0.39963013407937886,0.9616389189538227,-0.48744510476119496,0.9609060891279202,-0.5179548318872055
2.93,-0.3999494615836086,0.9609060891279202,-0.5179548318872055,0.959428856109985,-0.5520976616716919
2.932,-0.39997478078986826,0.959428856109985,-0.5520976616716919,0.9582913101886649,-0.5827207187633867
2.934,-0.39970558234967485,0.9582913101886649,-0.5827207187633867,0.9572793856317909,-0.6115516898050621
2.936,-0.3991415737068411,0.9572793856317909,-0.6115516898050621,0.9555314522697005,-0.6453181788851446
2.938,-0.3982826801575197,0.9555314522697005,-0.6453181788851446,0.9546240065870474,-0.6735109847074985
2.94,-0.3971290457513734,0.9546240065870474,-0.6735109847074985,0.9528962976674218,-0.7015776795621572
2.942,-0.3956810340322235,0.9528962976674218,-0.7015776795621572,0.9513983797500016,-0.7339350155815717
2.944,-0.39393922861664477,0.9513983797500016,-0.7339350155815717,0.9498589261347608,-0.7662924102289997
2.946,-0.3919044336090805,0.9498589261347608,-0.7662924102289997,0.9485422109396501,-0.7933186196200908
2.948,-0.38957767385217995,0.9485422109396501,-0.7933186196200908,0.946617739161229,-0.8204286620083743
2.95,-0.38696019501116724,0.946617739161229,-0.8204286620083743,0.9451839493305821,-0.8466004130281598
2.952,-0.3840534634911812,0.9451839493305821,-0.8466004130281598,0.9432947518407727,-0.8768002593321492
2.954,-0.3808591661866365,0.9432947518407727,-0.8768002593321492,0.9414744811676717,-0.9028026428903657
2.956,-0.3773792100617963,0.9414744811676717,-0.9028026428903657,0.9397020786467425,-0.9249312188675028
2.958,-0.37361572156185247,0.9397020786467425,-0.9249312188675028,0.9377354366697497,-0.9467752532847782
2.96,-0.3695710458539563,0.9377354366697497,-0.9467752532847782,0.9358936273172008,-0.9742256676204315
2.962,-0.365247745897749,0.9358936273172008,-0.9742256676204315,0.9338179253040942,-0.9996947665886978
2.964,-0.3606486013451048,0.9338179253040942,-0.9996947665886978,0.9319376164038405,-1.0203122418042472
2.966,-0.35577660726888494,0.9319376164038405,-1.0203122418042472,0.9293941740364162,-1.0429043422835453
2.968,-0.35063497272067773,0.9293941740364162,-1.0429043422835453,0.9276236054081113,-1.0648612702632143
2.97,-0.3452271191176002,0.9276236054081113,-1.0648612702632143,0.9254384712834536,-1.0902911597467626
2.972,-0.3395566784584054,0.9254384712834536,-1.0902911597467626,0.9228945458950156,-1.1044039900027165
2.974,-0.3336274913692204,0.9228945458950156,-1.1044039900027165,0.9209245841515432,-1.1303494146724726
2.976,-0.32744360497944996,0.9209245841515432,-1.1303494146724726,0.9186513877884693,-1.1468932418896
2.978,-0.3210092706284504,0.9186513877884693,-1.1468932418896,0.9158850841359771,-1.1685776069985456
2.98,-0.31432894140375145,0.9158850841359771,-1.1685776069985456,0.9135712695427581,-1.180438437684151
2.982,-0.30740726951174535,0.9135712695427581,-1.180438437684151,0.9114879755959135,-1.1976047394124385
2.984,-0.30024910348188044,0.9114879755959135,-1.1976047394124385,0.9091298174138245,-1.2111518673818324
2.986,-0.2928594852055175,0.9091298174138245,-1.2111518673818324,0.9061989612680542,-1.227311815916353
2.988,-0.285243646810857,0.9061989612680542,-1.227311815916353,0.9039735645744822,-1.2426240156596196
2.99,-0.27740700737528073,0.9039735645744822,-1.2426240156596196,0.9015243388375178,-1.252929949907328
2.992,-0.26935516947682986,0.9015243388375178,-1.252929949907328,0.899051956403454,-1.26718503380865
2.994,-0.2610939155864599,0.899051956403454,-1.26718503380865,0.8964587592555897,-1.2708876023400382
2.996,-0.2526292043030355,0.8964587592555897,-1.2708876023400382,0.8937752725851468,-1.2879769882380228
2.998,-0.24396716643300348,0.8937752725851468,-1.2879769882380228,0.8914546020079188,-1.2921216736381693
