# {"config": {"dt": 0.002, "kind": "pendulum", "torque_limit_nm": 2.0}, "initial_command_history": "zero", "name": "calibration_0", "sampling": "state_then_command_then_next_state", "schema_version": 1, "split": "calibration"}
time_s,command_torque_nm,position_rad,velocity_rad_s,next_position_rad,next_velocity_rad_s
0.0,0.0,2.4603067149651487e-07,0.0005974910750169397,-5.482757107244352e-05,-0.0017811836775145484
0.002,0.0020136267223173797,-5.482757107244352e-05,-0.0017811836775145484,-9.093415703434452e-05,-0.0019832931099929246
0.004,0.004033233967048353,-9.093415703434452e-05,-0.0019832931099929246,1.2028720519487697e-05,0.002680430491109067
0.006,0.006058769554950871,1.2028720519487697e-05,0.002680430491109067,-9.822972347588208e-05,-0.0011351596824479516
0.008,0.008090180381304015,-9.822972347588208e-05,-0.0011351596824479516,9.878682009476476e-05,0.0010171889279907513
0.01,0.010127412410430385,9.878682009476476e-05,0.0010171889279907513,2.306283068737961e-05,-0.0012801506743790193
0.012,0.012170410670259268,2.306283068737961e-05,-0.0012801506743790193,-2.015522052687514e-06,0.0023180371650002186
0.014,0.014219119246931792,-2.015522052687514e-06,0.0023180371650002186,-0.0002623394975760931,0.00041905319839761655
0.016,0.01627348127944934,-0.0002623394975760931,0.00041905319839761655,-0.00037015413224068003,-0.0007855735602871837
0.018000000000000002,0.018333438954366465,-0.00037015413224068003,-0.0007855735602871837,-0.00035365999221228037,0.0018281175511392655
0.02,0.02039893350052946,-0.00035365999221228037,0.0018281175511392655,-0.00023311663689172042,0.0033853507431204693
0.022,0.022469905183862073,-0.00023311663689172042,0.0033853507431204693,5.856691689435269e-05,0.003048158196983812
0.024,0.024546293302199387,5.856691689435269e-05,0.003048158196983812,-0.00046807214112174996,0.0029541649447292436
0.026000000000000002,0.02662803618017134,-0.00046807214112174996,0.0029541649447292436,3.491498504101686e-05,0.004894304511445899
0.028,0.02871507116413713,3.491498504101686e-05,0.004894304511445899,-0.0002507575031337233,0.004371731370994233
0.03,0.030807334617171823,-0.0002507575031337233,0.004371731370994233,-0.0001284191954652704,0.004389810610499834
0.032,0.032904761914106455,-0.0001284191954652704,0.004389810610499834,0.0002928765818000267,0.005091049137712932
0.034,0.03500728743662303,0.0002928765818000267,0.005091049137712932,8.90348896490428e-05,0.009189966492434337
0.036000000000000004,0.03711484456840573,8.90348896490428e-05,0.009189966492434337,-4.8787535203802235e-06,0.00792764729589831
0.038,0.03922736569034968,-4.8787535203802235e-06,0.00792764729589831,0.00015172285361077575,0.009021909514809849
0.04,0.04134478217582875,0.00015172285361077575,0.009021909514809849,-9.608125360820088e-05,0.00980222381798312
0.042,0.043467024386023484,-9.608125360820088e-05,0.00980222381798312,0.00044152844296380914,0.0073226341138249405
0.044,0.045594021665310985,0.00044152844296380914,0.0073226341138249405,0.00036402939189467826,0.011433255888821638
0.046,0.04772570233671786,0.00036402939189467826,0.011433255888821638,8.782324845017149e-05,0.015983069583313452
0.048,0.049861993697437566,8.782324845017149e-05,0.015983069583313452,0.00039412836583545177,0.010380970269236374
0.05,0.05200282201441402,0.00039412836583545177,0.010380970269236374,0.00028375199444963635,0.014739541805757483
0.052000000000000005,0.0541481125199923,0.00028375199444963635,0.014739541805757483,0.0002598960572345826,0.015767687339084825
0.054,0.05629778940763849,0.0002598960572345826,0.015767687339084825,0.0003148021002599925,0.016561036114240237
0.056,0.05845177582772975,0.0003148021002599925,0.016561036114240237,0.0006479303795857178,0.014708823980294546
0.058,0.060609993883416036,0.0006479303795857178,0.014708823980294546,0.0004346590354802826,0.01597611092085988
0.06,0.0627723646265554,0.0004346590354802826,0.01597611092085988,0.00045499374794913427,0.015379987095103367
0.062,0.06493880805372379,0.00045499374794913427,0.015379987095103367,0.0003509102663490582,0.0182228680272034
0.064,0.06710924310230125,0.0003509102663490582,0.0182228680272034,0.0006854945441625051,0.021776036061323598
0.066,0.06928358764663599,0.0006854945441625051,0.021776036061323598,0.00028176748211954707,0.018776350705013167
0.068,0.07146175849428753,0.00028176748211954707,0.018776350705013167,0.0007183651209430532,0.017270858337636443
0.07,0.07364367138235094,0.0007183651209430532,0.017270858337636443,0.0005406627209782078,0.02196155491881599
0.07200000000000001,0.07582924097386327,0.0005406627209782078,0.02196155491881599,0.0009308343222125423,0.02444612419439005
0.074,0.07801838085429413,0.0009308343222125423,0.02444612419439005,0.0006619680151754696,0.023252534444165467
0.076,0.0802110035281216,0.0006619680151754696,0.023252534444165467,0.0007272190178590456,0.027970758172273055
0.078,0.08240702041549527,0.0007272190178590456,0.027970758172273055,0.0007433928124134714,0.025262490705977646
0.08,0.084606341848988,0.0007433928124134714,0.025262490705977646,0.0009531729587193464,0.02658713127695133
0.082,0.08680887707043788,0.0009531729587193464,0.02658713127695133,0.0008987997489233305,0.02557259034078875
0.084,0.08901453422788198,0.0008987997489233305,0.02557259034078875,0.000993525512181269,0.027899443190302964
0.08600000000000001,0.09122322037258385,0.000993525512181269,0.027899443190302964,0.0012886292525705707,0.031093122777176005
0.088,0.09343484145615567,0.0012886292525705707,0.031093122777176005,0.0011121797944924872,0.03213917192750849
0.09,0.09564930232777757,0.0011121797944924872,0.03213917192750849,0.0011127020022660826,0.03393795047397335
0.092,0.09786650673151494,0.0011127020022660826,0.03393795047397335,0.0012453590904788502,0.0340483097105923
0.094,0.10008635730373594,0.0012453590904788502,0.0340483097105923,0.0010561538016626388,0.03464008415483727
0.096,0.1023087555706306,0.0010561538016626388,0.03464008415483727,0.001046751718014794,0.03095938749050306
0.098,0.10453360194583335,0.001046751718014794,0.03095938749050306,0.0013957618834668734,0.034332503545332085
0.1,0.10676079572815025,0.0013957618834668734,0.034332503545332085,0.0015639769276396733,0.04174406799700617
0.10200000000000001,0.10899023509939328,0.0015639769276396733,0.04174406799700617,0.0014416168645454716,0.03714967899244175
0.10400000000000001,0.11122181712232278,0.0014416168645454716,0.03714967899244175,0.0017281670295659038,0.040548396345362676
0.106,0.11345543773869976,0.0017281670295659038,0.040548396345362676,0.0017333050028987879,0.04033812720298133
0.108,0.11569099176745042,0.0017333050028987879,0.04033812720298133,0.0019930017873550435,0.04300130539956526
0.11,0.11792837290294361,0.0019930017873550435,0.04300130539956526,0.0017321700205389123,0.04303963267412606
0.112,0.12016747371338399,0.0017321700205389123,0.04303963267412606,0.0020348839028509844,0.042351703838421635
0.114,0.12240818563932164,0.0020348839028509844,0.042351703838421635,0.002171295844831095,0.044034832834413236
0.116,0.12465039899228059,0.002171295844831095,0.044034832834413236,0.0024078803467428877,0.04745498205683861
0.11800000000000001,0.1268940029535076,0.0024078803467428877,0.04745498205683861,0.002328164781066404,0.04723618267084508
0.12,0.1291388855728432,0.002328164781066404,0.04723618267084508,0.0023861782871098507,0.04580289140058362
0.122,0.1313849337677163,0.0023861782871098507,0.04580289140058362,0.0022860415060729786,0.0519370537444778
0.124,0.1336320333222646,0.0022860415060729786,0.0519370537444778,0.002191927033105039,0.05435193768890096
0.126,0.13588006888658272,0.002191927033105039,0.05435193768890096,0.002376705138770283,0.055655473193127004
0.128,0.13812892397609874,0.002376705138770283,0.055655473193127004,0.0026681507000223003,0.05722081854523519
0.13,0.14037848097108216,0.0026681507000223003,0.05722081854523519,0.00297788622902745,0.0541492705755796
0.132,0.14262862111628472,0.00297788622902745,0.0541492705755796,0.00331917388091865,0.06170748605927959
0.134,0.14487922452071508,0.00331917388091865,0.06170748605927959,0.0031771192653052473,0.05992022520482003
0.136,0.14713017015755028,0.0031771192653052473,0.05992022520482003,0.0032826204329939822,0.06020648519585305
0.138,0.1493813358641852,0.0032826204329939822,0.06020648519585305,0.0036620956232882836,0.06280643871093489
0.14,0.1516325983424216,0.0036620956232882836,0.06280643871093489,0.003563492933742179,0.06408977966540116
0.14200000000000002,0.15388383315879905,0.003563492933742179,0.06408977966540116,0.003583539028985404,0.06495586602116232
0.14400000000000002,0.1561349147450692,0.003583539028985404,0.06495586602116232,0.004098965889535897,0.06909101378537547
0.146,0.15838571639881532,0.004098965889535897,0.06909101378537547,0.004183420711059516,0.07136882945419455
0.148,0.16063611028421917,0.004183420711059516,0.07136882945419455,0.003998040745763719,0.07268916147526745
0.15,0.16288596743297612,0.003998040745763719,0.07268916147526745,0.0041756803081408975,0.07541845166695946
0.152,0.16513515774536158,0.0041756803081408975,0.07541845166695946,0.0043677221842268275,0.07692467352848702
0.154,0.16738354999144966,0.0043677221842268275,0.07692467352848702,0.004326482320093642,0.0780971605240609
0.156,0.16963101181248608,0.004326482320093642,0.0780971605240609,0.005096936649369177,0.08062147491162992
0.158,0.17187740972241752,0.005096936649369177,0.08062147491162992,0.004723878803487449,0.08496086336667855
0.16,0.1741226091095785,0.004723878803487449,0.08496086336667855,0.005389512211986322,0.08377205692647104
0.162,0.17636647423853846,0.005389512211986322,0.08377205692647104,0.005244649565837554,0.08788397659852701
0.164,0.17860886825211025,0.005244649565837554,0.08788397659852701,0.005117535236794726,0.09316245150471564
0.166,0.18084965317352186,0.005117535236794726,0.09316245150471564,0.005653682564834591,0.09445899213126176
0.168,0.1830886899087539,0.005653682564834591,0.09445899213126176,0.005701951160498735,0.09793062154714076
0.17,0.18532583824904356,0.005701951160498735,0.09793062154714076,0.005944173687597433,0.09952404483652823
0.17200000000000001,0.18756095687355798,0.005944173687597433,0.09952404483652823,0.006035750782145368,0.10025268602297026
0.17400000000000002,0.18979390335223792,0.006035750782145368,0.10025268602297026,0.0067358063621304675,0.10463431583531932
0.176,0.1920245341488143,0.0067358063621304675,0.10463431583531932,0.006744442178241402,0.10863547708035504
0.178,0.1942527046239988,0.006744442178241402,0.10863547708035504,0.0068215785512247,0.11083482046277253
0.18,0.19647826903885077,0.0068215785512247,0.11083482046277253,0.007266011653520685,0.11449003651814765
0.182,0.19870108055832236,0.007266011653520685,0.11449003651814765,0.0073465749520924,0.11847871636193459
0.184,0.20092099125498272,0.0073465749520924,0.11847871636193459,0.007855913951729725,0.12323532492559935
0.186,0.2031378521129247,0.007855913951729725,0.12323532492559935,0.007947964022789527,0.1242886979955957
0.188,0.2053515130318541,0.007947964022789527,0.1242886979955957,0.007853171797763186,0.13095984612374584
0.19,0.20756182283136507,0.007853171797763186,0.13095984612374584,0.008588476879167499,0.13252953848117566
0.192,0.20976862925540127,0.008588476879167499,0.13252953848117566,0.008776900374973645,0.13823096327257994
0.194,0.21197177897690717,0.008776900374973645,0.13823096327257994,0.009116028082068899,0.14247655938797393
0.196,0.2141711176026688,0.009116028082068899,0.14247655938797393,0.009148086963499677,0.14773959701333034
0.198,0.21636648967834748,0.009148086963499677,0.14773959701333034,0.009287686103790362,0.15062055706178729
0.2,0.21855773869370765,0.009287686103790362,0.15062055706178729,0.009942186204719079,0.15494477495976075
0.202,0.2207447070880401,0.009942186204719079,0.15494477495976075,0.0105344258481807,0.16058108987096992
0.20400000000000001,0.22292723625578348,0.0105344258481807,0.16058108987096992,0.01025387335019248,0.15876492927396035
0.20600000000000002,0.22510516655234483,0.01025387335019248,0.15876492927396035,0.010979864214344336,0.16475881061986536
0.20800000000000002,0.2272783373001216,0.010979864214344336,0.16475881061986536,0.011157111060364842,0.17323232273439393
0.21,0.22944658679472593,0.011157111060364842,0.17323232273439393,0.011183703165463302,0.17221528789441887
0.212,0.23160975231141445,0.011183703165463302,0.17221528789441887,0.011927195949608938,0.18152552669976227
0.214,0.23376767011172372,0.011927195949608938,0.18152552669976227,0.012199291644056464,0.1866351259232186
0.216,0.23592017545031396,0.012199291644056464,0.1866351259232186,0.012459948563944938,0.1887727247282286
0.218,0.23806710258202257,0.012459948563944938,0.1887727247282286,0.01299304505971048,0.19521875485197626
0.22,0.24020828476912928,0.01299304505971048,0.19521875485197626,0.013102971282844754,0.20365712086300208
0.222,0.24234355428883403,0.013102971282844754,0.20365712086300208,0.013835889169221313,0.2090637308626523
0.224,0.24447274244095007,0.013835889169221313,0.2090637308626523,0.01407826387925559,0.2126608687338413
0.226,0.24659567955581319,0.01407826387925559,0.2126608687338413,0.014515963514673366,0.21805134255419473
0.228,0.24871219500240938,0.014515963514673366,0.21805134255419473,0.015206440458441987,0.22422742815468447
0.23,0.25082211719672204,0.015206440458441987,0.22422742815468447,0.015702337871251408,0.23256238114846073
0.232,0.2529252736103004,0.015702337871251408,0.23256238114846073,0.016512341950552678,0.23530699175291794
0.234,0.2550214907790518,0.016512341950552678,0.23530699175291794,0.01677373378305804,0.24424280123341127
0.23600000000000002,0.25711059431225697,0.01677373378305804,0.24424280123341127,0.017095086585511905,0.2479698843797232
0.23800000000000002,0.25919240890181294,0.017095086585511905,0.2479698843797232,0.017520723790261192,0.2589214051608984
0.24,0.26126675833170315,0.017520723790261192,0.2589214051608984,0.01812450031421469,0.2642788266468358
0.242,0.26333346548769637,0.01812450031421469,0.2642788266468358,0.01862467921567719,0.27322242108354516
0.244,0.2653923523672774,0.01862467921567719,0.27322242108354516,0.019234174133083783,0.273422216002629
0.246,0.26744324008980863,0.019234174133083783,0.273422216002629,0.019669742446390314,0.2809065617822035
0.248,0.26948594890692745,0.019669742446390314,0.2809065617822035,0.01974181834554175,0.2909143053783783
0.25,0.2715202982131767,0.01974181834554175,0.2909143053783783,0.021257241824495152,0.29930615272903605
0.252,0.27354610655687367,0.021257241824495152,0.29930615272903605,0.021369128311572415,0.30467239955299613
0.254,0.2755631916512162,0.021369128311572415,0.30467239955299613,0.022457755104716145,0.3143127560531637
0.256,0.277571370385629,0.022457755104716145,0.3143127560531637,0.02288431256512699,0.3214332054965416
0.258,0.2795704588373507,0.02288431256512699,0.3214332054965416,0.023540749944462664,0.33078939896239573
0.26,0.2815602722832634,0.023540749944462664,0.33078939896239573,0.024317402551445187,0.33734100931123717
0.262,0.2835406252119658,0.024317402551445187,0.33734100931123717,0.0246877748372685,0.34575192593608456
0.264,0.28551133133609213,0.0246877748372685,0.34575192593608456,0.025464769669684778,0.35482297960018894
0.266,0.2874722036048761,0.025464769669684778,0.35482297960018894,0.026068654040500527,0.3603473178284885
0.268,0.28942305421696446,0.026068654040500527,0.3603473178284885,0.027058767753078427,0.366038311644375
0.27,0.29136369463347783,0.027058767753078427,0.366038311644375,0.02815828648237102,0.3797471851660405
0.272,0.2932939355913228,0.02815828648237102,0.3797471851660405,0.028491244825296923,0.3865781543406368
0.274,0.295213587116755,0.028491244825296923,0.3865781543406368,0.029446313546777632,0.38808125868573573
0.276,0.29712245853919517,0.029446313546777632,0.38808125868573573,0.030223944031919366,0.40152035975046196
0.278,0.299020358505299,0.030223944031919366,0.40152035975046196,0.031010576591200323,0.407880596081129
0.28,0.3009070949932813,0.031010576591200323,0.407880596081129,0.031777019423260486,0.4181213384728097
0.28200000000000003,0.30278247532749747,0.031777019423260486,0.4181213384728097,0.03292244595865327,0.42763799547390147
0.28400000000000003,0.3046463061932813,0.03292244595865327,0.42763799547390147,0.03355472363125316,0.4385617010372665
0.28600000000000003,0.30649839365204085,0.03355472363125316,0.4385617010372665,0.03433293962383835,0.4432984256389418
0.28800000000000003,0.30833854315661424,0.03433293962383835,0.4432984256389418,0.03498600883877934,0.45582352732059767
0.29,0.3101665595668856,0.03498600883877934,0.45582352732059767,0.03646487329379472,0.463157185643367
0.292,0.311982247165662,0.03646487329379472,0.463157185643367,0.03734576151574347,0.4702078003244499
0.294,0.3137854096748124,0.03734576151574347,0.4702078003244499,0.03821242585023911,0.4781691047937464
0.296,0.31557585027167034,0.03821242585023911,0.4781691047937464,0.039103360321906686,0.4874847795477446
0.298,0.3173533716057002,0.039103360321906686,0.4874847795477446,0.040438631489520406,0.49720396588180543
0.3,0.31911777581542844,0.040438631489520406,0.49720396588180543,0.04113421033826098,0.503659604001664
0.302,0.3208688645456399,0.04113421033826098,0.503659604001664,0.04204600203038205,0.5167550922481597
0.304,0.322606438964842,0.04204600203038205,0.5167550922481597,0.04331890457236431,0.5224177929438737
0.306,0.3243302997829938,0.04331890457236431,0.5224177929438737,0.04421035822930147,0.5287956362831618
0.308,0.32604024726950565,0.04421035822930147,0.5287956362831618,0.04534570082847169,0.5414865871857676
0.31,0.3277360812715049,0.04534570082847169,0.5414865871857676,0.04637747733191295,0.5480013354913894
0.312,0.32941760123237235,0.04637747733191295,0.5480013354913894,0.04752609800325881,0.5573792348690785
0.314,0.33108460621054775,0.04752609800325881,0.5573792348690785,0.04838340011878241,0.5653779137885289
0.316,0.33273689489860614,0.04838340011878241,0.5653779137885289,0.04968016055762222,0.5762878534258762
0.318,0.3343742656426043,0.04968016055762222,0.5762878534258762,0.050863253802906544,0.584321031977842
0.32,0.3359965164616994,0.050863253802906544,0.584321031977842,0.05250584212994955,0.5911633580697783
0.322,0.3376034450680388,0.05250584212994955,0.5911633580697783,0.05328141277259364,0.6007695563253209
0.324,0.3391948488869221,0.05328141277259364,0.6007695563253209,0.05461922747283124,0.6069653949726754
0.326,0.3407705250772357,0.05461922747283124,0.6069653949726754,0.05594678858729204,0.6215167450051121
0.328,0.34233027055216075,0.05594678858729204,0.6215167450051121,0.05705494907907614,0.6255776345978322
0.33,0.34387388200015323,0.05705494907907614,0.6255776345978322,0.058166471412761996,0.6350813465766348
0.332,0.345401155906198,0.058166471412761996,0.6350813465766348,0.05941178788524569,0.640648794306998
0.334,0.34691188857333666,0.05941178788524569,0.640648794306998,0.06121959561171831,0.6494286074623803
0.336,0.3484058761444678,0.06121959561171831,0.6494286074623803,0.06249907662033889,0.662620190569102
0.338,0.34988291462442245,0.06249907662033889,0.662620190569102,0.06367038306761424,0.6689631176288323
0.34,0.35134279990231265,0.06367038306761424,0.6689631176288323,0.06536115186086071,0.6756984911980954
0.342,0.3527853277741534,0.06536115186086071,0.6756984911980954,0.06622065295636803,0.6815697596869313
0.34400000000000003,0.3542102939657593,0.06622065295636803,0.6815697596869313,0.06773240976029123,0.6953654026546428
0.34600000000000003,0.3556174941559139,0.06773240976029123,0.6953654026546428,0.06931695268019378,0.6985984473629887
0.34800000000000003,0.3570067239998132,0.06931695268019378,0.6985984473629887,0.07037096016010064,0.7074924740180927
0.35000000000000003,0.35837777915278196,0.07037096016010064,0.7074924740180927,0.07203340837736047,0.7160491391429115
0.352,0.3597304552942633,0.07203340837736047,0.7160491391429115,0.07346656073270642,0.7249510701342974
0.354,0.36106454815208117,0.07346656073270642,0.7249510701342974,0.07482830015421149,0.7321121160814822
0.356,0.3623798535269749,0.07482830015421149,0.7321121160814822,0.0764092984889242,0.7397946315598346
0.358,0.3636761673174055,0.0764092984889242,0.7397946315598346,0.07796401645281048,0.7514078847119948
0.36,0.36495328554463435,0.07796401645281048,0.7514078847119948,0.07949230953440323,0.7554130199115181
0.362,0.3662110043780722,0.07949230953440323,0.7554130199115181,0.0805624246363083,0.7636425559378451
0.364,0.3674491201608983,0.0805624246363083,0.7636425559378451,0.08205103299804901,0.7675420915385713
0.366,0.36866742943595043,0.08205103299804901,0.7675420915385713,0.08416685707625816,0.7791927428012568
0.368,0.3698657289718829,0.08416685707625816,0.7791927428012568,0.08553619206938358,0.781705299432161
0.37,0.3710438157895936,0.08553619206938358,0.781705299432161,0.08707669750023292,0.7910361906424382
0.372,0.3722014871889185,0.08707669750023292,0.7910361906424382,0.08887750273059132,0.8040991499419506
0.374,0.37333854077559253,0.08887750273059132,0.8040991499419506,0.09040690824571786,0.8051351611247605
0.376,0.37445477448847697,0.09040690824571786,0.8051351611247605,0.0917568565711275,0.8136101759690737
0.378,0.37554998662705086,0.0917568565711275,0.8136101759690737,0.09359694396273038,0.8183648238034199
0.38,0.37662397587916685,0.09359694396273038,0.8183648238034199,0.09531063109129435,0.8252268943187896
0.382,0.3776765413490692,0.09531063109129435,0.8252268943187896,0.09717838830310725,0.8364287035143082
0.384,0.3787074825856739,0.09717838830310725,0.8364287035143082,0.09885489786056628,0.840042278431586
0.386,0.37971659961110843,0.09885489786056628,0.840042278431586,0.1004360280020932,0.8473240019508542
0.388,0.3807036929495112,0.1004360280020932,0.8473240019508542,0.1019635518553044,0.8534168977633687
0.39,0.3816685636560882,0.1019635518553044,0.8534168977633687,0.10350239129110832,0.857622311673339
0.392,0.382611013346426,0.10350239129110832,0.857622311673339,0.1056548597426227,0.8664487485583278
0.394,0.3835308442260594,0.1056548597426227,0.8664487485583278,0.1072853962973402,0.8750606921105007
0.396,0.3844278591202928,0.1072853962973402,0.8750606921105007,0.10865385832627641,0.877618488934852
0.398,0.38530186150427265,0.10865385832627641,0.877618488934852,0.11080598823272884,0.8860024089514289
0.4,0.3861526555333096,0.11080598823272884,0.8860024089514289,0.11247780689706699,0.8932086200210809
0.402,0.3869800460734497,0.11247780689706699,0.8932086200210809,0.11438926370984998,0.8945547031907708
0.404,0.3877838387322911,0.11438926370984998,0.8945547031907708,0.11596645284980614,0.904321383581099
0.406,0.3885638398900455,0.11596645284980614,0.904321383581099,0.11806204349701452,0.9045376778815067
0.40800000000000003,0.38931985673084213,0.11806204349701452,0.9045376778815067,0.12006653201348345,0.9150522275560181
0.41000000000000003,0.3900516972742721,0.12006653201348345,0.9150522275560181,0.12190419855568742,0.9185028009564274
0.41200000000000003,0.39075917040717095,0.12190419855568742,0.9185028009564274,0.1234255417988058,0.9223236282925669
0.41400000000000003,0.3914420859156379,0.1234255417988058,0.9223236282925669,0.12585161667666325,0.9294229513314941
0.41600000000000004,0.39210025451728797,0.12585161667666325,0.9294229513314941,0.12753145906992275,0.9335662495319598
0.418,0.39273348789373697,0.12753145906992275,0.9335662495319598,0.12912639298787154,0.936493453976142
0.42,0.3933415987233146,0.12912639298787154,0.936493453976142,0.13090644839708243,0.9466660485322205
0.422,0.393924400714005,0.13090644839708243,0.9466660485322205,0.1326315664478689,0.9515911471638654
0.424,0.3944817086366107,0.1326315664478689,0.9515911471638654,0.13485752147498317,0.9519914485648777
0.426,0.3950133383581391,0.13485752147498317,0.9519914485648777,0.13660694497408687,0.9576771269258494
0.428,0.3955191068754068,0.13660694497408687,0.9576771269258494,0.13862334690771647,0.9619208855346006
0.43,0.3959988323488606,0.13862334690771647,0.9619208855346006,0.14040233692943122,0.966662691738546
0.432,0.3964523341366113,0.14040233692943122,0.966662691738546,0.14230527680978616,0.9688510708126413
0.434,0.3968794328286783,0.14230527680978616,0.9688510708126413,0.1444519529453105,0.9772324906031159
0.436,0.3972799502814408,0.1444519529453105,0.9772324906031159,0.14611447496814794,0.9793875499826595
0.438,0.3976537096522934,0.14611447496814794,0.9793875499826595,0.14825669871885938,0.981216033449851
0.44,0.398000535434503,0.14825669871885938,0.981216033449851,0.1505310473959942,0.9857986144376397
0.442,0.39832025349226263,0.1505310473959942,0.9857986144376397,0.15264076675396865,0.9888135972239075
0.444,0.39861269109594066,0.15264076675396865,0.9888135972239075,0.15440597513351426,0.9933295927035882
0.446,0.39887767695751997,0.15440597513351426,0.9933295927035882,0.1561720033417603,0.9982418344833889
0.448,0.3991150412662253,0.1561720033417603,0.9982418344833889,0.15829224948839127,1.0014255708717694
0.45,0.3993246157243342,0.15829224948839127,1.0014255708717694,0.16032026983338288,1.001069433399414
0.452,0.3995062335831679,0.16032026983338288,1.001069433399414,0.16232157660402033,1.0062350692549509
0.454,0.3996597296792592,0.16232157660402033,1.0062350692549509,0.16455145978228614,1.0070758314112402
0.456,0.3997849404706927,0.16455145978228614,1.0070758314112402,0.16637492452692393,1.0080678955732911
0.458,0.3998817040736131,0.16637492452692393,1.0080678955732911,0.16854108907033574,1.011837014395557
0.46,0.3999498602988998,0.16854108907033574,1.011837014395557,0.17008222322823216,1.016233903422359
0.462,0.39998925068899993,0.17008222322823216,1.016233903422359,0.17270176757266867,1.015518830347178
0.464,0.3999997185549198,0.17270176757266867,1.015518830347178,0.17430431378011205,1.0191586083447108
0.466,0.3999811090133673,0.17430431378011205,1.0191586083447108,0.17634118890897693,1.0233425263044693
0.468,0.39993326902404225,0.17634118890897693,1.0233425263044693,0.1784543793668502,1.0229392793339729
0.47000000000000003,0.3998560474270707,0.1784543793668502,1.0229392793339729,0.1807845942076074,1.0245291067439768
0.47200000000000003,0.3997492949805773,0.1807845942076074,1.0245291067439768,0.18280960160933732,1.0256134606113445
0.47400000000000003,0.39961286439839244,0.18280960160933732,1.0256134606113445,0.1845384772636954,1.0252587898002663
0.47600000000000003,0.39944661038788865,0.1845384772636954,1.0252587898002663,0.18721346476191808,1.0295191009343774
0.47800000000000004,0.39925038968794196,0.18721346476191808,1.0295191009343774,0.18895250117740064,1.0311830506196555
0.48,0.3990240611070127,0.18895250117740064,1.0311830506196555,0.19100007770185143,1.0322847962782522
0.482,0.39876748556134184,0.19100007770185143,1.0322847962782522,0.19341568795702851,1.0309017461870944
0.484,0.39848052611325635,0.19341568795702851,1.0309017461870944,0.19478980583498728,1.0316029341724977
0.486,0.3981630480095799,0.19478980583498728,1.0316029341724977,0.19690260921017336,1.035620302064045
0.488,0.39781491872014296,0.19690260921017336,1.035620302064045,0.1994025814170838,1.0325547504352894
0.49,0.3974360079763863,0.1994025814170838,1.0325547504352894,0.2010297767992823,1.033969496393038
0.492,0.3970261878100543,0.2010297767992823,1.033969496393038,0.20365555021963946,1.0290916059090485
0.494,0.3965853325919705,0.20365555021963946,1.0290916059090485,0.205551914009447,1.032480095334935
0.496,0.39611331907089126,0.205551914009447,1.032480095334935,0.20772342398278265,1.0322251010335253
0.498,0.39561002641243137,0.20772342398278265,1.0322251010335253,0.2095262235225115,1.0309655090388583
0.5,0.3950753362380551,0.2095262235225115,1.0309655090388583,0.2114546996598697,1.0361939493334205
0.502,0.3945091326641287,0.2114546996598697,1.0361939493334205,0.21387969274248123,1.0319095513626375
0.504,0.3939113023410258,0.21387969274248123,1.0319095513626375,0.2156052410551784,1.02806164768499
0.506,0.3932817344922823,0.2156052410551784,1.02806164768499,0.2177622056988165,1.0307689494835544
0.508,0.3926203209537927,0.2177622056988165,1.0307689494835544,0.21988343966825968,1.0294691654589947
0.51,0.3919269562130419,0.21988343966825968,1.0294691654589947,0.22173254189241556,1.0281940912464502
0.512,0.39120153744836783,0.22173254189241556,1.0281940912464502,0.22400284882150573,1.029420963851511
0.514,0.3904439645682456,0.22400284882150573,1.029420963851511,0.22643432175617376,1.0249218058914242
0.516,0.38965414025058953,0.22643432175617376,1.0249218058914242,0.22795450171831838,1.0232639573656048
0.518,0.3888319699820644,0.22795450171831838,1.0232639573656048,0.23002910609496577,1.0199488531000591
0.52,0.38797736209740036,0.23002910609496577,1.0199488531000591,0.2321775296537632,1.017228058203182
0.522,0.3870902278187043,0.2321775296537632,1.017228058203182,0.2343445535631384,1.0168284332815107
0.524,0.3861704812947606,0.2343445535631384,1.0168284332815107,0.2363025299431694,1.0142321543730728
0.526,0.38521803964031487,0.2363025299431694,1.0142321543730728,0.23813107642657116,1.0101035979926152
0.528,0.38423282297533345,0.23813107642657116,1.0101035979926152,0.24024755265590697,1.008142749700265
0.53,0.38321475446423064,0.24024755265590697,1.008142749700265,0.24235442786427505,1.0063110070242312
0.532,0.3821637603550579,0.24235442786427505,1.0063110070242312,0.24404166207152023,1.0033721543346907
0.534,0.3810797700186466,0.24404166207152023,1.0033721543346907,0.24604553935180562,0.9987610518134526
0.536,0.37996271598769754,0.24604553935180562,0.9987610518134526,0.2482484162885115,0.9924372410048319
0.538,0.37881253399580883,0.2482484162885115,0.9924372410048319,0.25031162630550735,0.9933208694895767
0.54,0.3776291630164359,0.25031162630550735,0.9933208694895767,0.2522402940188295,0.9884383862445953
0.542,0.37641254530177437,0.2522402940188295,0.9884383862445953,0.25416796178171763,0.9834387491751905
0.544,0.37516262642155973,0.25416796178171763,0.9834387491751905,0.2561514084995389,0.9802278062656653
0.546,0.37387935530177435,0.2561514084995389,0.9802278062656653,0.25817790635159155,0.9747020776056092
0.548,0.3725626842632551,0.25817790635159155,0.9747020776056092,0.26015213431525536,0.973009967986481
0.55,0.37121256906019223,0.26015213431525536,0.973009967986481,0.2620130484312921,0.9672939224911917
0.552,0.36982896891851313,0.2620130484312921,0.9672939224911917,0.26407874204685217,0.9601273319015555
0.554,0.36841184657414117,0.26407874204685217,0.9601273319015555,0.26597751661232494,0.9590620131012615
0.556,0.3669611683111223,0.26597751661232494,0.9590620131012615,0.26784916191894276,0.9542969830548149
0.558,0.36547690399961036,0.26784916191894276,0.9542969830548149,0.2695583970397859,0.9478007102177161
0.56,0.36395902713370304,0.2695583970397859,0.9478007102177161,0.271702424807795,0.9438048887118161
0.562,0.36240751486912015,0.271702424807795,0.9438048887118161,0.2734911600365141,0.9343735304466642
0.5640000000000001,0.36082234806071484,0.2734911600365141,0.9343735304466642,0.2754207853155839,0.9340341465748438
0.5660000000000001,0.3592035112998094,0.2754207853155839,0.9340341465748438,0.2773667874351911,0.9262903780851637
0.5680000000000001,0.3575509929513478,0.2773667874351911,0.9262903780851637,0.27869288612099546,0.9216694421953436
0.5700000000000001,0.3558647851908536,0.27869288612099546,0.9216694421953436,0.2808021316030526,0.9085153050439942
0.5720000000000001,0.3541448840411874,0.2808021316030526,0.9085153050439942,0.2827214451386253,0.9042262202374745
0.5740000000000001,0.35239128940909253,0.2827214451386253,0.9042262202374745,0.28418806553361764,0.8994050780416601
0.5760000000000001,0.35060400512152035,0.28418806553361764,0.8994050780416601,0.28648981917225014,0.8932319528000696
0.578,0.3487830389617269,0.28648981917225014,0.8932319528000696,0.2880637123102285,0.8906024639312982
0.58,0.3469284027051296,0.2880637123102285,0.8906024639312982,0.29008846732181703,0.8798669814707044
0.582,0.34504011215491753,0.29008846732181703,0.8798669814707044,0.2914671075267981,0.8703534396939719
0.584,0.34311818717740367,0.2914671075267981,0.8703534396939719,0.29310754227594105,0.8663617964788162
0.586,0.34116265173710886,0.29310754227594105,0.8663617964788162,0.2950415429939689,0.8582019518771516
0.588,0.33917353393157174,0.2950415429939689,0.8582019518771516,0.2968619301228706,0.8487417388493628
0.59,0.33715086602586974,0.2968619301228706,0.8487417388493628,0.29833660688928926,0.8438886869610732
0.592,0.33509468448684687,0.29833660688928926,0.8438886869610732,0.3001334529579156,0.836542683223505
0.594,0.33300503001703335,0.3001334529579156,0.836542683223505,0.30174844865634837,0.8255915940514644
0.596,0.3308819475882516,0.30174844865634837,0.8255915940514644,0.3033771934050331,0.8158499985998563
0.598,0.3287254864748954,0.3033771934050331,0.8158499985998563,0.30459553376436616,0.81049668240886
0.6,0.3265357002868736,0.30459553376436616,0.81049668240886,0.30651369963846253,0.8012678564288365
0.602,0.3243126470022101,0.30651369963846253,0.8012678564288365,0.3077687957953673,0.7910722535049711
0.604,0.3220563889992849,0.3077687957953673,0.7910722535049711,0.30955394099887396,0.7810614525128582
0.606,0.31976699308871254,0.30955394099887396,0.7810614525128582,0.31077013628511685,0.772943685430264
0.608,0.3174445305448422,0.31077013628511685,0.772943685430264,0.3129291468647676,0.7650353558062196
0.61,0.3150890771368719,0.3129291468647676,0.7650353558062196,0.31413903642824587,0.7547401195790463
0.612,0.31270071315956627,0.31413903642824587,0.7547401195790463,0.3159007921103354,0.7395823363290965
0.614,0.3102795234635669,0.3159007921103354,0.7395823363290965,0.31719507170310524,0.7363598593837503
0.616,0.3078255974852844,0.31719507170310524,0.7363598593837503,0.3188069665687665,0.7286823760405624
0.618,0.3053390292763629,0.3188069665687665,0.7286823760405624,0.3203278013887742,0.7157508302871242
0.62,0.30281991753270515,0.3203278013887742,0.7157508302871242,0.32157080337837696,0.7063818527954748
0.622,0.30026836562304826,0.32157080337837696,0.7063818527954748,0.3227911983566982,0.6942474131364854
0.624,0.2976844816170791,0.3227911983566982,0.6942474131364854,0.32444768204266683,0.6876001336320324
0.626,0.29506837831307925,0.32444768204266683,0.6876001336320324,0.3255803414339898,0.6727835251638316
0.628,0.2924201732650872,0.3255803414339898,0.6727835251638316,0.32697571688430527,0.664599382593796
0.63,0.28973998880956875,0.32697571688430527,0.664599382593796,0.328231524274289,0.6537217628024771
0.632,0.2870279520915839,0.328231524274289,0.6537217628024771,0.3293232360807587,0.6391182220273548
0.634,0.28428419509043906,0.3293232360807587,0.6391182220273548,0.33073300323426463,0.6296073821268322
0.636,0.2815088546448134,0.33073300323426463,0.6296073821268322,0.3322145179112879,0.6133958964290313
0.638,0.27870207247735057,0.3322145179112879,0.6133958964290313,0.3330317040996611,0.6053045994231014
0.64,0.27586399521870136,0.3330317040996611,0.6053045994231014,0.33426835264483457,0.589637019042901
0.642,0.27299477443100817,0.33426835264483457,0.589637019042901,0.3357689207558408,0.5815546338805055
0.644,0.2700945666308213,0.3357689207558408,0.5815546338805055,0.3367964284254382,0.5673331908820793
0.646,0.26716353331143267,0.3367964284254382,0.5673331908820793,0.3380152456178606,0.5553525806877125
0.648,0.26420184096461957,0.3380152456178606,0.5553525806877125,0.33911516519060864,0.5413867735065766
0.65,0.26120966110178423,0.33911516519060864,0.5413867735065766,0.3397858804535506,0.5308240304428442
0.652,0.25818717027447974,0.3397858804535506,0.5308240304428442,0.34085112857703265,0.5187946336831026
0.654,0.2551345500943105,0.34085112857703265,0.5187946336831026,0.34205220094219574,0.5024482511531894
0.656,0.2520519872521962,0.34205220094219574,0.5024482511531894,0.34299668177846293,0.4902600770756141
0.658,0.2489396735369876,0.34299668177846293,0.4902600770756141,0.3441201653917063,0.4761799778321476
0.66,0.24579780585342415,0.3441201653917063,0.4761799778321476,0.3447766382788256,0.46615950983536447
0.662,0.24262658623942013,0.3447766382788256,0.46615950983536447,0.34621185836049373,0.45383140969100727
0.664,0.2394262218826696,0.34621185836049373,0.45383140969100727,0.34664824116006593,0.4361661469584193
0.666,0.23619692513655852,0.34664824116006593,0.4361661469584193,0.347785119912877,0.42116694173087615
0.668,0.23293891353537274,0.347785119912877,0.42116694173087615,0.3480969353366119,0.40712224300429595
0.67,0.2296524098087901,0.3480969353366119,0.40712224300429595,0.34916678610330215,0.39048049234254206
0.672,0.22633764189564626,0.34916678610330215,0.39048049234254206,0.3495015532614389,0.3742849122423816
0.674,0.22299484295696168,0.3495015532614389,0.3742849122423816,0.35068776189594575,0.360421521653662
0.676,0.2196242513882196,0.35068776189594575,0.360421521653662,0.35121934460301546,0.3468941085578678
0.678,0.21622611083088425,0.35121934460301546,0.3468941085578678,0.3520329233002159,0.3300707458562007
0.68,0.21280067018314594,0.3520329233002159,0.3300707458562007,0.35263832359120517,0.3129625427717909
0.682,0.20934818360988316,0.35263832359120517,0.3129625427717909,0.3530631674368646,0.2964160642700232
0.684,0.20586891055183157,0.3530631674368646,0.2964160642700232,0.3539256575170937,0.2818427494544004
0.686,0.20236311573394483,0.3539256575170937,0.2818427494544004,0.35408150016730555,0.2643240519090122
0.6880000000000001,0.19883106917294258,0.35408150016730555,0.2643240519090122,0.3546807187365935,0.24925242353592664
0.6900000000000001,0.19527304618402724,0.3546807187365935,0.24925242353592664,0.354866650741647,0.22828236058969056
0.6920000000000001,0.1916893273867624,0.354866650741647,0.22828236058969056,0.3555352342505122,0.21760347343534392
0.6940000000000001,0.18808019871010248,0.3555352342505122,0.21760347343534392,0.3561907796445115,0.19417117923245472
0.6960000000000001,0.18444595139656003,0.3561907796445115,0.19417117923245472,0.356493888503762,0.1800372329766039
0.6980000000000001,0.18078688200550186,0.356493888503762,0.1800372329766039,0.3566189969365229,0.15639574061086955
0.7000000000000001,0.17710329241556064,0.3566189969365229,0.15639574061086955,0.3571841844416984,0.1390133565842699
0.7020000000000001,0.17339548982615274,0.3571841844416984,0.1390133565842699,0.35731333478931115,0.11761976779773717
0.704,0.16966378675809363,0.35731333478931115,0.11761976779773717,0.35776192663196466,0.10242810522793798
0.706,0.16590850105329308,0.35776192663196466,0.10242810522793798,0.35764874160295895,0.08060159952044428
0.708,0.1621299558735274,0.35764874160295895,0.08060159952044428,0.3572490659721608,0.06075847029949169
0.71,0.15832847969827366,0.3572490659721608,0.06075847029949169,0.3576958683386961,0.0409537661775491
0.712,0.15450440632159418,0.3576958683386961,0.0409537661775491,0.3579143353994771,0.020894146947148032
0.714,0.15065807484806495,0.3579143353994771,0.020894146947148032,0.3574489399625159,0.005332151852862636
0.716,0.14678982968773308,0.3574489399625159,0.005332151852862636,0.35761782894258287,-0.011125712926640148
0.718,0.14290002055009646,0.35761782894258287,-0.011125712926640148,0.35759776289431183,-0.024403553480631095
0.72,0.13898900243709197,0.35759776289431183,-0.024403553480631095,0.35718557718615257,-0.033157848507999896
0.722,0.13505713563508392,0.35718557718615257,-0.033157848507999896,0.3576051045775318,-0.044300211743798966
0.724,0.13110478570584358,0.3576051045775318,-0.044300211743798966,0.3578366797039001,-0.056816823319084886
0.726,0.12713232347650621,0.3578366797039001,-0.056816823319084886,0.35694650989098814,-0.0686448715916687
0.728,0.12314012502849772,0.35694650989098814,-0.0686448715916687,0.35691225271431376,-0.07768551511785962
0.73,0.11912857168542293,0.35691225271431376,-0.07768551511785962,0.3569966479805419,-0.0904619873162369
0.732,0.11509804999990039,0.3569966479805419,-0.0904619873162369,0.3568566718404599,-0.09929153487514668
0.734,0.11104895173934007,0.3568566718404599,-0.09929153487514668,0.3566352832834796,-0.1064022377263543
0.736,0.10698167387064889,0.3566352832834796,-0.1064022377263543,0.3562806042094207,-0.11638597294207885
0.738,0.10289661854385777,0.3562806042094207,-0.11638597294207885,0.3559824272018894,-0.12769876899856564
0.74,0.09879419307466125,0.3559824272018894,-0.12769876899856564,0.35548001198436013,-0.13696902588062254
0.742,0.09467480992585686,0.35548001198436013,-0.13696902588062254,0.3558905372132745,-0.14360540556624413
0.744,0.09053888668767796,0.3558905372132745,-0.14360540556624413,0.35546887798165105,-0.15704640120218027
0.746,0.08638684605701265,0.35546887798165105,-0.15704640120218027,0.35473002708710244,-0.16671017363538318
0.748,0.08221911581549213,0.35473002708710244,-0.16671017363538318,0.3544921215341539,-0.18112578445771316
0.75,0.07803612880645144,0.3544921215341539,-0.18112578445771316,0.3540598180902171,-0.19245784043051736
0.752,0.07383832291074154,0.3540598180902171,-0.19245784043051736,0.35362189665988447,-0.2047295025301916
0.754,0.06962614102139446,0.35362189665988447,-0.2047295025301916,0.35305851540593386,-0.2174995336708548
0.756,0.06540003101712663,0.35305851540593386,-0.2174995336708548,0.3532731167102624,-0.2293540937593526
0.758,0.06116044573467333,0.3532731167102624,-0.2293540937593526,0.3522853710853301,-0.24088636043578646
0.76,0.05690784293995082,0.3522853710853301,-0.24088636043578646,0.3519648062831241,-0.2571881774688362
0.762,0.05264268529802962,0.3519648062831241,-0.2571881774688362,0.3512452660139095,-0.2664055224747827
0.764,0.04836544034191958,0.3512452660139095,-0.2664055224747827,0.3507770798125209,-0.28154883379484535
0.766,0.04407658044015487,0.3507770798125209,-0.28154883379484535,0.35044269834659875,-0.2969642824339998
0.768,0.039776582763170004,0.35044269834659875,-0.2969642824339998,0.3495290741004462,-0.31072506305666986
0.77,0.035465929248464305,0.3495290741004462,-0.31072506305666986,0.3491625563721585,-0.3279188183392642
0.772,0.031145106564544386,0.3491625563721585,-0.3279188183392642,0.3480532827090308,-0.3396501530398935
0.774,0.026814606073637018,0.3480532827090308,-0.3396501530398935,0.3476132053044085,-0.352194283224479
0.776,0.02247492379316901,0.3476132053044085,-0.352194283224479,0.347022634460021,-0.37159895158509204
0.778,0.01812656035600393,0.347022634460021,-0.37159895158509204,0.34612626245241856,-0.3843006384089737
0.78,0.01377002096943223,0.34612626245241856,-0.3843006384089737,0.3450446705339982,-0.3981067975146132
0.782,0.009405815372906553,0.3450446705339982,-0.3981067975146132,0.3441640565079491,-0.419009405067396
0.784,0.005034457794517431,0.3441640565079491,-0.419009405067396,0.3434126169155606,-0.43370744727886795
0.786,0.0006564669062024225,0.3434126169155606,-0.43370744727886795,0.3424633899592228,-0.4460006354265565
0.788,-0.0037276342223148216,0.3424633899592228,-0.4460006354265565,0.3417296930462643,-0.45976621424977965
0.79,-0.008117318170863964,0.3417296930462643,-0.45976621424977965,0.3406687824423839,-0.4823565158655491
0.792,-0.012512053217446188,0.3406687824423839,-0.4823565158655491,0.33956592851732437,-0.49762152000982995
0.794,-0.016911303388143558,0.33956592851732437,-0.49762152000982995,0.3384487655750379,-0.5115379065709464
0.796,-0.021314528508314994,0.3384487655750379,-0.5115379065709464,0.3375049681993892,-0.5331127155070229
0.798,-0.025721184255092303,0.3375049681993892,-0.5331127155070229,0.3366813557145305,-0.5462446096751887
0.8,-0.030130722211173296,0.3366813557145305,-0.5462446096751887,0.3354873553739859,-0.5627801747062456
0.802,-0.034542589919919424,0.3354873553739859,-0.5627801747062456,0.33438219930848634,-0.5799837408353283
0.804,-0.03895623094176365,0.33438219930848634,-0.5799837408353283,0.3333086707335153,-0.5963690968385709
0.806,-0.04337108491192476,0.3333086707335153,-0.5963690968385709,0.3319109180189975,-0.6136431374145301
0.808,-0.04778658759944232,0.3319109180189975,-0.6136431374145301,0.3302776066478813,-0.6321144204659973
0.81,-0.05220217096752272,0.3302776066478813,-0.6321144204659973,0.3292187102173725,-0.6487652471140042
0.812,-0.05661726323520935,0.3292187102173725,-0.6487652471140042,0.32766554799326614,-0.663375115024724
0.8140000000000001,-0.06103128894037575,0.32766554799326614,-0.663375115024724,0.3265898256326306,-0.6865920982443354
0.8160000000000001,-0.06544366900404014,0.3265898256326306,-0.6865920982443354,0.32482366180386985,-0.7023169261942747
0.8180000000000001,-0.06985382079600892,0.32482366180386985,-0.7023169261942747,0.32370871617554076,-0.7208305534017361
0.8200000000000001,-0.07426115820184893,0.32370871617554076,-0.7208305534017361,0.3222709049580229,-0.738366884378428
0.8220000000000001,-0.07866509169118738,0.3222709049580229,-0.738366884378428,0.32085316889525933,-0.756271557396787
0.8240000000000001,-0.0830650283873453,0.32085316889525933,-0.756271557396787,0.3191899284020816,-0.7706467205610156
0.8260000000000001,-0.08746037213829744,0.3191899284020816,-0.7706467205610156,0.31813110811098416,-0.7924423427355135
0.8280000000000001,-0.09185052358897101,0.31813110811098416,-0.7924423427355135,0.31590729816991897,-0.809966976628455
0.8300000000000001,-0.09623488025486987,0.31590729816991897,-0.809966976628455,0.3145047012082404,-0.8284782886363419
0.8320000000000001,-0.10061283659703524,0.3145047012082404,-0.8284782886363419,0.31256274729720207,-0.8441676213494237
0.834,-0.10498378409833442,0.31256274729720207,-0.8441676213494237,0.3107397563082666,-0.8639779951636845
0.836,-0.10934711134108446,0.3107397563082666,-0.8639779951636845,0.30908027953215345,-0.8842448336730416
0.838,-0.11370220408600047,0.30908027953215345,-0.8842448336730416,0.3070902137740714,-0.8988734143214635
0.84,-0.1180484453524765,0.3070902137740714,-0.8988734143214635,0.30557681427239736,-0.9164421561504918
0.842,-0.12238521550019013,0.30557681427239736,-0.9164421561504918,0.303324152531629,-0.9350385098495725
0.844,-0.12671189231203264,0.303324152531629,-0.9350385098495725,0.3019343030800237,-0.9510536283131991
0.846,-0.13102785107836198,0.3019343030800237,-0.9510536283131991,0.29981840397186776,-0.9720057436247794
0.848,-0.13533246468257398,0.29981840397186776,-0.9720057436247794,0.2979837868971079,-0.9894628185903322
0.85,-0.13962510368799116,0.2979837868971079,-0.9894628185903322,0.2956109253320013,-1.0079886776810363
0.852,-0.14390513642606173,0.2956109253320013,-1.0079886776810363,0.294085511876071,-1.0240257373135264
0.854,-0.14817192908587218,0.294085511876071,-1.0240257373135264,0.29194259746850143,-1.043506052538785
0.856,-0.15242484580496185,0.29194259746850143,-1.043506052538785,0.28977712757024626,-1.0618281858285765
0.858,-0.15666324876143742,0.28977712757024626,-1.0618281858285765,0.28740061923338556,-1.0737237970886493
0.86,-0.1608864982673876,0.28740061923338556,-1.0737237970886493,0.2853920177780583,-1.0977606685475196
0.862,-0.16509395286358375,0.2853920177780583,-1.0977606685475196,0.2829920089675903,-1.1141551912595689
0.864,-0.169284969415467,0.2829920089675903,-1.1141551912595689,0.2809853815334598,-1.133819646102849
0.866,-0.1734589032104179,0.2809853815334598,-1.133819646102849,0.2780933132257594,-1.1514157700644143
0.868,-0.17761510805629308,0.2780933132257594,-1.1514157700644143,0.2761069543883297,-1.1686307969542011
0.87,-0.1817529363812338,0.2761069543883297,-1.1686307969542011,0.27399357845038647,-1.1861850627168906
0.872,-0.1858717393347304,0.27399357845038647,-1.1861850627168906,0.2714833057001016,-1.2069612860755878
0.874,-0.18997086688993978,0.2714833057001016,-1.2069612860755878,0.2690489653999969,-1.218476162067902
0.876,-0.1940496679472453,0.2690489653999969,-1.218476162067902,0.2665488791345629,-1.2400368014597236
0.878,-0.19810749043905562,0.2665488791345629,-1.2400368014597236,0.2639083312681687,-1.2548075385347646
0.88,-0.20214368143582773,0.2639083312681687,-1.2548075385347646,0.261139739039296,-1.2764013519723967
0.882,-0.206157587253309,0.261139739039296,-1.2764013519723967,0.25882935148328706,-1.2924446834217627
0.884,-0.21014855356098894,0.25882935148328706,-1.2924446834217627,0.2560265659366553,-1.3110245806617646
0.886,-0.21411592549174863,0.2560265659366553,-1.3110245806617646,0.25339985615800315,-1.3290545894962085
0.888,-0.2180590477526995,0.25339985615800315,-1.3290545894962085,0.25073522541041654,-1.3491815552467585
0.89,-0.22197726473720014,0.25073522541041654,-1.3491815552467585,0.24802853204964856,-1.3626901728749157
0.892,-0.2258699206380399,0.24802853204964856,-1.3626901728749157,0.2450754899339564,-1.382412770691802
0.894,-0.2297363595617796,0.2450754899339564,-1.382412770691802,0.24260314276344944,-1.401493151066859
0.896,-0.23357592564423266,0.24260314276344944,-1.401493151066859,0.23967329504935822,-1.4188299439886052
0.898,-0.23738796316708122,0.23967329504935822,-1.4188299439886052,0.23699570133402914,-1.4293704312333437
0.9,-0.24117181667561002,0.23699570133402914,-1.4293704312333437,0.23427080773969516,-1.451647636863736
0.902,-0.2449268310975434,0.23427080773969516,-1.451647636863736,0.2310777045794705,-1.4681039691048214
0.904,-0.2486523518629784,0.2310777045794705,-1.4681039691048214,0.22797928031820666,-1.4823072932429084
0.906,-0.2523477250253922,0.22797928031820666,-1.4823072932429084,0.22469027030129893,-1.5002658720336017
0.908,-0.2560122973837156,0.22469027030129893,-1.5002658720336017,0.2219057838671967,-1.5164464939127402
0.91,-0.25964541660545387,0.2219057838671967,-1.5164464939127402,0.2188809041591578,-1.5374061344140213
0.912,-0.26324643135084175,0.2188809041591578,-1.5374061344140213,0.2157933560783061,-1.5512928070209853
0.914,-0.26681469139801517,0.2157933560783061,-1.5512928070209853,0.21260633662742154,-1.5683959786251485
0.916,-0.27034954776918535,0.21260633662742154,-1.5683959786251485,0.2093230901492408,-1.5901471219107366
0.918,-0.27385035285779685,0.2093230901492408,-1.5901471219107366,0.20640286339207525,-1.6008849350579437
0.92,-0.27731646055665504,0.20640286339207525,-1.6008849350579437,0.2030153336155436,-1.6184435472255052
0.922,-0.28074722638700117,0.2030153336155436,-1.6184435472255052,0.199923422485489,-1.6356815169522982
0.924,-0.28414200762852176,0.199923422485489,-1.6356815169522982,0.19627317518935378,-1.6512177643352792
0.926,-0.28750016345027035,0.19627317518935378,-1.6512177643352792,0.19331870733296525,-1.669571279393796
0.928,-0.29082105504248607,0.19331870733296525,-1.669571279393796,0.18995398775292605,-1.6839115761342531
0.93,-0.29410404574928567,0.18995398775292605,-1.6839115761342531,0.18609878242694164,-1.6958251900861094
0.932,-0.2973485012022123,0.18609878242694164,-1.6958251900861094,0.18287169234474868,-1.7165308503180345
0.934,-0.3005537894546211,0.18287169234474868,-1.7165308503180345,0.17936055400793452,-1.7275227671192828
0.936,-0.3037192811168759,0.17936055400793452,-1.7275227671192828,0.17618130469077034,-1.7455595811137516
0.9380000000000001,-0.3068443494923458,0.17618130469077034,-1.7455595811137516,0.17250437696972637,-1.7584603479047467
0.9400000000000001,-0.3099283707141669,0.17250437696972637,-1.7584603479047467,0.1687443257698,-1.7742208025314838
0.9420000000000001,-0.3129707238827601,0.1687443257698,-1.7742208025314838,0.1652872173623647,-1.7909011104346788
0.9440000000000001,-0.31597079120407234,0.1652872173623647,-1.7909011104346788,0.16158600398443923,-1.8044456179366652
0.9460000000000001,-0.31892795812852515,0.16158600398443923,-1.8044456179366652,0.15805204554127877,-1.820310343720629
0.9480000000000001,-0.32184161349064194,0.15805204554127877,-1.820310343720629,0.15429363640081056,-1.8313980362215478
0.9500000000000001,-0.3247111496493352,0.15429363640081056,-1.8313980362215478,0.1507257661461092,-1.8461421629752357
0.9520000000000001,-0.327535962628825,0.1507257661461092,-1.8461421629752357,0.1471992873303485,-1.8608612330370888
0.9540000000000001,-0.3303154522601661,0.1471992873303485,-1.8608612330370888,0.1436610980541167,-1.8776516543239419
0.9560000000000001,-0.3330490223233565,0.1436610980541167,-1.8776516543239419,0.13958901194225695,-1.8904316718459233
0.9580000000000001,-0.33573608069000666,0.13958901194225695,-1.8904316718459233,0.13599164950556708,-1.9000177051310503
0.96,-0.3383760394665367,0.13599164950556708,-1.9000177051310503,0.13139591598616318,-1.9188050476491647
0.962,-0.34096831513787834,0.13139591598616318,-1.9188050476491647,0.12805934430851965,-1.928558513682097
0.964,-0.3435123287116554,0.12805934430851965,-1.928558513682097,0.12418733842931776,-1.9433698007937865
0.966,-0.3460075058628132,0.12418733842931776,-1.9433698007937865,0.12021878279277091,-1.954827436242268
0.968,-0.34845327707866997,0.12021878279277091,-1.954827436242268,0.11617448200286545,-1.9667965816059267
0.97,-0.35084907780436203,0.11617448200286545,-1.9667965816059267,0.11177540098018583,-1.9801103263435016
0.972,-0.35319434858865295,0.11177540098018583,-1.9801103263435016,0.10803306910590932,-1.9917930452046482
0.974,-0.35548853523007745,0.10803306910590932,-1.9917930452046482,0.10418245194128031,-2.0076229755961306
0.976,-0.35773108892339267,0.10418245194128031,-2.0076229755961306,0.10026740989145694,-2.019602350070919
0.978,-0.3599214664063025,0.10026740989145694,-2.019602350070919,0.0959510558156823,-2.032644621169258
0.98,-0.3620591301064275,0.0959510558156823,-2.032644621169258,0.09204620133995327,-2.0400396050968723
0.982,-0.3641435482884884,0.09204620133995327,-2.0400396050968723,0.0881514557617035,-2.0526296189413946
0.984,-0.3661741952016711,0.0881514557617035,-2.0526296189413946,0.0840295303947165,-2.0634096837748745
0.986,-0.3681505512271428,0.0840295303947165,-2.0634096837748745,0.07965264477797962,-2.073181313530002
0.988,-0.3700721030256835,0.07965264477797962,-2.073181313530002,0.07571299794020447,-2.0856744135070207
0.99,-0.3719383436854052,0.07571299794020447,-2.0856744135070207,0.07126170341494438,-2.0957534856312723
0.992,-0.3737487728695204,0.07126170341494438,-2.0957534856312723,0.06711571716920918,-2.1074470141815906
0.994,-0.37550289696413003,0.06711571716920918,-2.1074470141815906,0.06307350132391594,-2.1164324352176203
0.996,-0.37720022922599417,0.06307350132391594,-2.1164324352176203,0.058709618708094456,-2.127035992726347
0.998,-0.37884028993025265,0.058709618708094456,-2.127035992726347,0.054419083832779304,-2.1341203012291805
1.0,-0.3804226065180614,0.054419083832779304,-2.1341203012291805,0.04997481885123453,-2.140142175945767
1.002,-0.38194671374410505,0.04997481885123453,-2.140142175945767,0.045826716132768563,-2.149669638190953
1.004,-0.38341215382395594,0.045826716132768563,-2.149669638190953,0.04162029755832194,-2.163343733103045
1.006,-0.3848184765812392,0.04162029755832194,-2.163343733103045,0.037010896175933256,-2.169695913104026
1.008,-0.386165239594569,0.037010896175933256,-2.169695913104026,0.03274183319415569,-2.1787685033549318
1.01,-0.38745200834421895,0.03274183319415569,-2.1787685033549318,0.02829852916475253,-2.19053121879173
1.012,-0.38867835635848924,0.02829852916475253,-2.19053121879173,0.023921271975442023,-2.1991420686784857
1.014,-0.389843865359733,0.023921271975442023,-2.1991420686784857,0.019636243773123667,-2.203691437954596
1.016,-0.39094812541000395,0.019636243773123667,-2.203691437954596,0.014999772504161669,-2.209950612576551
1.018,-0.39199073505628695,0.014999772504161669,-2.209950612576551,0.010764348009433157,-2.219385166966528
1.02,-0.392971301475272,0.010764348009433157,-2.219385166966528,0.005913565132144741,-2.2253962168022805
1.022,-0.39388944061763426,0.005913565132144741,-2.2253962168022805,0.0013954635779819197,-2.2316718428366578
1.024,-0.39474477735177904,0.0013954635779819197,-2.2316718428366578,-0.0023498957346238243,-2.238053883608035
1.026,-0.3955369456070126,-0.0023498957346238243,-2.238053883608035,-0.007021529717632261,-2.2446124755584704
1.028,-0.39626558851609905,-0.007021529717632261,-2.2446124755584704,-0.011587028878394278,-2.2481605457726657
1.03,-0.39693035855716197,-0.011587028878394278,-2.2481605457726657,-0.016164603099505816,-2.2517562615563578
1.032,-0.3975309176948909,-0.016164603099505816,-2.2517562615563578,-0.020317362411524403,-2.2575955343946714
1.034,-0.3980669375210113,-0.020317362411524403,-2.2575955343946714,-0.02516932271080965,-2.2647387676855817
1.036,-0.39853809939397666,-0.02516932271080965,-2.2647387676855817,-0.02961215191729263,-2.2678048182962045
1.038,-0.39894409457784014,-0.02961215191729263,-2.2678048182962045,-0.03410550746317873,-2.271631924601631
1.04,-0.3992846243802658,-0.03410550746317873,-2.271631924601631,-0.03847470818417431,-2.2794510595942086
1.042,-0.39955940028963544,-0.03847470818417431,-2.2794510595942086,-0.043440464274512265,-2.277369575494884
1.044,-0.3997681441112084,-0.043440464274512265,-2.277369575494884,-0.048016251261303,-2.2840685558403875
1.046,-0.3999105881022936,-0.048016251261303,-2.2840685558403875,-0.052570365027886194,-2.288297899921355
1.048,-0.3999864751063875,-0.052570365027886194,-2.288297899921355,-0.0570699819168221,-2.2834109585305424
1.05,-0.39999555868623843,-0.0570699819168221,-2.2834109585305424,-0.06144625360581533,-2.292961635363339
1.052,-0.3999376032557896,-0.06144625360581533,-2.292961635363339,-0.06643571047945103,-2.2937006343803943
1.054,-0.3998123842109612,-0.06643571047945103,-2.2937006343803943,-0.07064962412259142,-2.2963755165947504
1.056,-0.399619688059224,-0.07064962412259142,-2.2963755165947504,-0.07558108508934738,-2.2944962298428013
1.058,-0.39935931254792273,-0.07558108508934738,-2.2944962298428013,-0.07986508589632982,-2.298236431754269
1.06,-0.39903106679130285,-0.07986508589632982,-2.298236431754269,-0.08485836884275219,-2.301499364372913
1.062,-0.39863477139619796,-0.08485836884275219,-2.301499364372913,-0.08937260839089768,-2.303458160623557
1.064,-0.3981702585863316,-0.08937260839089768,-2.303458160623557,-0.09368140377058443,-2.300538752124986
1.066,-0.3976373723251887,-0.09368140377058443,-2.300538752124986,-0.09833359479364448,-2.295506239988352
1.068,-0.3970359684374122,-0.09833359479364448,-2.295506239988352,-0.10279303038319626,-2.30119026874055
1.07,-0.39636591472867877,-0.10279303038319626,-2.30119026874055,-0.10745020445946762,-2.2958966520150375
1.072,-0.3956270911040085,-0.10745020445946762,-2.2958966520150375,-0.11236775433441601,-2.2991209808630573
1.074,-0.39481938968446295,-0.11236775433441601,-2.2991209808630573,-0.11683220642508768,-2.2990953541106225
1.076,-0.3939427149221855,-0.11683220642508768,-2.2990953541106225,-0.12110461150074246,-2.299055950077458
1.078,-0.3929969837137394,-0.12110461150074246,-2.299055950077458,-0.1262046621290994,-2.2928102080021153
1.08,-0.39198212551169487,-0.1262046621290994,-2.2928102080021153,-0.13060865540220798,-2.2896364206491504
1.082,-0.3908980824344231,-0.13060865540220798,-2.2896364206491504,-0.13508362155727596,-2.2877638675638
1.084,-0.3897448093740473,-0.13508362155727596,-2.2877638675638,-0.13947928140691143,-2.288652452166522
1.086,-0.3885222741025073,-0.13947928140691143,-2.288652452166522,-0.14426884874998314,-2.282507757090594
1.088,-0.3872304573756902,-0.14426884874998314,-2.282507757090594,-0.14879721338316057,-2.277008591818872
1.09,-0.3858693530355807,-0.14879721338316057,-2.277008591818872,-0.15355305609503672,-2.2747690227673223
1.092,-0.38443896811038614,-0.15355305609503672,-2.2747690227673223,-0.15775055004780414,-2.2684904238210577
1.094,-0.3829393229125891,-0.15775055004780414,-2.2684904238210577,-0.16257422369545724,-2.2604735259224316
1.096,-0.38137045113487916,-0.16257422369545724,-2.2604735259224316,-0.16649549938743488,-2.2625053794565066
1.098,-0.3797323999439234,-0.16649549938743488,-2.2625053794565066,-0.17140551401630924,-2.249251056746432
1.1,-0.3780252300719219,-0.17140551401630924,-2.249251056746432,-0.1758063296921587,-2.2481760845273633
1.102,-0.37624901590590887,-0.1758063296921587,-2.2481760845273633,-0.18048997500533315,-2.2437094989045505
1.104,-0.3744038455747483,-0.18048997500533315,-2.2437094989045505,-0.18496345656988675,-2.2373964541755837
1.106,-0.3724898210337802,-0.18496345656988675,-2.2373964541755837,-0.18923121425415082,-2.230417455555178
1.108,-0.37050705814707247,-0.18923121425415082,-2.230417455555178,-0.1939136360540475,-2.22500923426519
1.11,-0.36845568676722973,-0.1939136360540475,-2.22500923426519,-0.1982658151042731,-2.2170339322226553
1.112,-0.36633585081271525,-0.1982658151042731,-2.2170339322226553,-0.2027071330267199,-2.2054593006830663
1.114,-0.36414770834264165,-0.2027071330267199,-2.2054593006830663,-0.20699679032258964,-2.198486702849325
1.116,-0.36189143162897913,-0.20699679032258964,-2.198486702849325,-0.21138096696407122,-2.1909865706250775
1.118,-0.3595672072261455,-0.21138096696407122,-2.1909865706250775,-0.21584238851546023,-2.182984475083373
1.12,-0.35717523603792073,-0.21584238851546023,-2.182984475083373,-0.22001167478142014,-2.175456136549001
1.122,-0.3547157333816545,-0.22001167478142014,-2.175456136549001,-0.22422307575350114,-2.163792887654382
1.124,-0.35218892904970844,-0.22422307575350114,-2.163792887654382,-0.2289491379874745,-2.1550671114644704
1.1260000000000001,-0.3495950673680994,-0.2289491379874745,-2.1550671114644704,-0.23322273766367863,-2.1436504240429284
1.1280000000000001,-0.34693440725229385,-0.23322273766367863,-2.1436504240429284,-0.23749792220854465,-2.131222745705427
1.1300000000000001,-0.3442072222601093,-0.23749792220854465,-2.131222745705427,-0.24175607600088234,-2.1272423452170846
1.1320000000000001,-0.34141380064168175,-0.24175607600088234,-2.1272423452170846,-0.2459690313880153,-2.115558785901912
1.1340000000000001,-0.3385544453864537,-0.2459690313880153,-2.115558785901912,-0.25003088629855014,-2.0979221035260163
1.1360000000000001,-0.33562947426713835,-0.25003088629855014,-2.0979221035260163,-0.25406974751253814,-2.090868651087735
1.1380000000000001,-0.3326392198806215,-0.25406974751253814,-2.090868651087735,-0.258503752734018,-2.07244383548542
1.1400000000000001,-0.32958402968575146,-0.258503752734018,-2.07244383548542,-0.26241452653700453,-2.063455333138237
1.1420000000000001,-0.32646426603798373,-0.26241452653700453,-2.063455333138237,-0.2663681786946642,-2.0456757118249222
1.1440000000000001,-0.32328030622082937,-0.2663681786946642,-2.0456757118249222,-0.2703947852511852,-2.037075519389563
1.1460000000000001,-0.3200325424740724,-0.2703947852511852,-2.037075519389563,-0.27463072921821724,-2.022549313774312
1.1480000000000001,-0.31672138201871264,-0.27463072921821724,-2.022549313774312,-0.2788439446698559,-2.0119864975152884
1.1500000000000001,-0.31334724707859113,-0.2788439446698559,-2.0119864975152884,-0.2827021384708448,-1.9975060809533272
1.1520000000000001,-0.3099105748986638,-0.2827021384708448,-1.9975060809533272,-0.2866869445413232,-1.9808196389067667
1.154,-0.3064118177598777,-0.2866869445413232,-1.9808196389067667,-0.2901385854108724,-1.9677725088557199
1.156,-0.30285144299061045,-0.2901385854108724,-1.9677725088557199,-0.2945327265815857,-1.951116565750412
1.158,-0.2992299329746424,-0.2945327265815857,-1.951116565750412,-0.2982912373429307,-1.933071878543984
1.16,-0.29554778515561275,-0.2982912373429307,-1.933071878543984,-0.3023152028671154,-1.9208460626523522
1.162,-0.2918055120379266,-0.3023152028671154,-1.9208460626523522,-0.3063510542125667,-1.9047553702887778
1.164,-0.2880036411840758,-0.3063510542125667,-1.9047553702887778,-0.309688154125805,-1.8861738075863255
1.166,-0.2841427152083397,-0.309688154125805,-1.8861738075863255,-0.31373711070226984,-1.870036340237115
1.168,-0.28022329176681926,-0.31373711070226984,-1.870036340237115,-0.31723169162761816,-1.8509737990805895
1.17,-0.2762459435437856,-0.31723169162761816,-1.8509737990805895,-0.32102533968917196,-1.8348381808293415
1.172,-0.2722112582342896,-0.32102533968917196,-1.8348381808293415,-0.32490306864514296,-1.8186632115398018
1.174,-0.2681198385230155,-0.32490306864514296,-1.8186632115398018,-0.32781194224131216,-1.8024281185819082
1.176,-0.26397230205933137,-0.32781194224131216,-1.8024281185819082,-0.331761871512563,-1.7789744180854108
1.178,-0.2597692814285103,-0.331761871512563,-1.7789744180854108,-0.33529007035727854,-1.7620610681351985
1.18,-0.25551142411909267,-0.33529007035727854,-1.7620610681351985,-0.338709714401505,-1.7411590242102117
1.182,-0.25119939248634715,-0.338709714401505,-1.7411590242102117,-0.34215697684670526,-1.7252827595879612
1.184,-0.24683386371181415,-0.34215697684670526,-1.7252827595879612,-0.34557319616741994,-1.7032912634355895
1.186,-0.24241552975888792,-0.34557319616741994,-1.7032912634355895,-0.3490158862567678,-1.680857870461443
1.188,-0.23794509732441815,-0.3490158862567678,-1.680857870461443,-0.35209963604949573,-1.658927804224869
1.19,-0.23342328778629834,-0.35209963604949573,-1.658927804224869,-0.35560668719460053,-1.6379633862529857
1.192,-0.22885083714701115,-0.35560668719460053,-1.6379633862529857,-0.35850982650676144,-1.6163104391916772
1.194,-0.22422849597310815,-0.35850982650676144,-1.6163104391916772,-0.3616606987938766,-1.5973315491881421
1.196,-0.21955702933059698,-0.3616606987938766,-1.5973315491881421,-0.36512384419274746,-1.573532612488175
1.198,-0.21483721671620815,-0.36512384419274746,-1.573532612488175,-0.36846834923021254,-1.5525944206325366
1.2,-0.21006985198451847,-0.36846834923021254,-1.5525944206325366,-0.3713622239886544,-1.5312714896184727
1.202,-0.20525574327091017,-0.3713622239886544,-1.5312714896184727,-0.37461990848965304,-1.5095277935380595
1.204,-0.20039571291033953,-0.37461990848965304,-1.5095277935380595,-0.3772450120072864,-1.4828769043126384
1.206,-0.1954905973518956,-0.3772450120072864,-1.4828769043126384,-0.3799654227827172,-1.4614180925519158
1.208,-0.19054124706912767,-0.3799654227827172,-1.4614180925519158,-0.38307640549562855,-1.4392212201659824
1.21,-0.18554852646612224,-0.38307640549562855,-1.4392212201659824,-0.3857852033376186,-1.414058562416566
1.212,-0.1805133137793105,-0.3857852033376186,-1.414058562416566,-0.3885230386527475,-1.3857670881735027
1.214,-0.1754365009749896,-0.3885230386527475,-1.3857670881735027,-0.39138005750264077,-1.3676781842538963
1.216,-0.1703189936425371,-0.39138005750264077,-1.3676781842538963,-0.3942253625067723,-1.3427212483717392
1.218,-0.16516171088331139,-0.3942253625067723,-1.3427212483717392,-0.39692188927985406,-1.312026920455265
1.22,-0.1599655851952152,-0.39692188927985406,-1.312026920455265,-0.3992155026776044,-1.292223974025689
1.222,-0.15473156235291133,-0.3992155026776044,-1.292223974025689,-0.40165700041291635,-1.2609253771649793
1.224,-0.1494606012836796,-0.40165700041291635,-1.2609253771649793,-0.4043345571772055,-1.2387796914762157
1.226,-0.14415367393890527,-0.4043345571772055,-1.2387796914762157,-0.4067523201590767,-1.2105619624101835
1.228,-0.1388117651611833,-0.4067523201590767,-1.2105619624101835,-0.40892596935523357,-1.182194950676465
1.23,-0.13343587254703526,-0.40892596935523357,-1.182194950676465,-0.4111268982560374,-1.1553444482711384
1.232,-0.128027006305225,-0.4111268982560374,-1.1553444482711384,-0.41335821314773685,-1.1292789928568387
1.234,-0.12258618911067719,-0.41335821314773685,-1.1292789928568387,-0.4161432226719415,-1.103483886950145
1.236,-0.11711445595397832,-0.4161432226719415,-1.103483886950145,-0.41792541509075903,-1.0763451736343295
1.238,-0.11161285398646781,-0.41792541509075903,-1.0763451736343295,-0.4199012986400891,-1.0483962368372537
1.24,-0.10608244236091507,-0.4199012986400891,-1.0483962368372537,-0.42230773187915105,-1.0166272330455133
1.242,-0.10052429206777214,-0.42230773187915105,-1.0166272330455133,-0.4239715861140015,-0.9906637438338146
1.244,-0.0949394857670114,-0.4239715861140015,-0.9906637438338146,-0.4258443219278576,-0.9603133166147385
1.246,-0.08932911761554524,-0.4258443219278576,-0.9603133166147385,-0.4278285117693201,-0.9384429155202991
1.248,-0.08369429309022858,-0.4278285117693201,-0.9384429155202991,-0.4298405833620741,-0.9052864284721259
1.25,-0.0780361288064515,-0.4298405833620741,-0.9052864284721259,-0.4316522633160963,-0.8745814776987196
1.252,-0.07235575233231917,-0.4316522633160963,-0.8745814776987196,-0.432907678082958,-0.8463174973977111
1.254,-0.06665430199843746,-0.432907678082958,-0.8463174973977111,-0.4350040514148252,-0.8114271160595307
1.256,-0.06093292670329939,-0.4350040514148252,-0.8114271160595307,-0.43643814953262516,-0.7878544951067438
1.258,-0.05519278571428913,-0.43643814953262516,-0.7878544951067438,-0.43781046023197223,-0.7542154700819593
1.26,-0.049435048464309655,-0.43781046023197223,-0.7542154700819593,-0.43944804695550455,-0.7229397206870447
1.262,-0.043660894344049156,-0.43944804695550455,-0.7229397206870447,-0.44079200477580066,-0.6955978771182423
1.264,-0.03787151248989799,-0.44079200477580066,-0.6955978771182423,-0.44198434671562387,-0.6612204626385219
1.266,-0.032068101567527145,-0.44198434671562387,-0.6612204626385219,-0.4434099361898809,-0.6308892500445404
1.268,-0.026251869551150938,-0.4434099361898809,-0.6308892500445404,-0.444502095039996,-0.5944665429370022
1.27,-0.020424033498486524,-0.444502095039996,-0.5944665429370022,-0.44576201291083223,-0.565683788041259
1.272,-0.014585819321428967,-0.44576201291083223,-0.565683788041259,-0.44670387574874615,-0.5368062822367475
1.274,-0.008738461552467455,-0.44670387574874615,-0.5368062822367475,-0.4475578839154728,-0.502617242227764
1.276,-0.0028832031068576707,-0.4475578839154728,-0.502617242227764,-0.44839279870710225,-0.4713351452861682
1.278,0.0029787049594226043,-0.44839279870710225,-0.4713351452861682,-0.4496448643616915,-0.4403669164318589
1.28,0.008846003695907989,-0.4496448643616915,-0.4403669164318589,-0.45023540200553547,-0.4051119802448973
1.282,0.014717426508048588,-0.45023540200553547,-0.4051119802448973,-0.45080353019259195,-0.37206700759875033
1.284,0.020591699411749355,-0.45080353019259195,-0.37206700759875033,-0.45154938993416005,-0.33610806117058606
1.286,0.02646754129201336,-0.45154938993416005,-0.33610806117058606,-0.45233835010468293,-0.3079144304919574
1.288,0.03234366416567445,-0.45233835010468293,-0.3079144304919574,-0.4531476957257263,-0.2731406531548828
1.29,0.038218773448158626,-0.4531476957257263,-0.2731406531548828,-0.4530636564252106,-0.23676191368326904
1.292,0.044091568224265985,-0.4530636564252106,-0.23676191368326904,-0.4535342462721452,-0.19814857808399336
1.294,0.049960741522924006,-0.4535342462721452,-0.19814857808399336,-0.45376358628380625,-0.16100657433421264
1.296,0.055824980595875574,-0.45376358628380625,-0.16100657433421264,-0.4543794448504863,-0.1265654054355689
1.298,0.06168296720026776,-0.4543794448504863,-0.1265654054355689,-0.45451966337284677,-0.08851253739239266
1.3,0.06753337788509384,-0.45451966337284677,-0.08851253739239266,-0.45474561702142163,-0.051450941775638324
1.302,0.07337488428145116,-0.45474561702142163,-0.051450941775638324,-0.45434694329666186,-0.01807378755437158
1.304,0.079206153396573,-0.45434694329666186,-0.01807378755437158,-0.4545789247569634,0.017278556484851004
1.306,0.08502584791157862,-0.4545789247569634,0.017278556484851004,-0.4544956461655389,0.050464112934846414
1.308,0.09083262648290515,-0.4544956461655389,0.050464112934846414,-0.4543921967878542,0.07773538900831443
1.31,0.09662514404737103,-0.4543921967878542,0.07773538900831443,-0.454492893708953,0.10508843976854329
1.312,0.10240205213080877,-0.454492893708953,0.10508843976854329,-0.45403647188924584,0.13078471011957418
1.314,0.10816199916023256,-0.45403647188924584,0.13078471011957418,-0.45356642083155607,0.15129667062419644
1.316,0.11390363077947221,-0.45356642083155607,0.15129667062419644,-0.4533865728008687,0.18421625382420728
1.318,0.11962559016822778,-0.4533865728008687,0.18421625382420728,-0.45250153841380525,0.2120877097995901
1.32,0.12532651836448105,-0.45250153841380525,0.2120877097995901,-0.45228139062403505,0.23687654688568074
1.322,0.13100505459020761,-0.45228139062403505,0.23687654688568074,-0.4515100134190401,0.2719576748125573
1.324,0.13665983658033007,-0.4515100134190401,0.2719576748125573,-0.45119567479375,0.29698696388857954
1.326,0.1422895009148468,-0.45119567479375,0.29698696388857954,-0.4508713432638005,0.32869488298601207
1.328,0.14789268335407788,-0.4508713432638005,0.32869488298601207,-0.4492934424778066,0.35825171499629677
1.33,0.15346801917695918,-0.4492934424778066,0.35825171499629677,-0.44880704446754244,0.3881407604734519
1.332,0.15901414352230972,-0.44880704446754244,0.3881407604734519,-0.44842157995202864,0.4202775434911399
1.334,0.16452969173302495,-0.44842157995202864,0.4202775434911399,-0.44757465606312724,0.4479965159294618
1.336,0.1700132997031,-0.44757465606312724,0.4479965159294618,-0.4463130584556015,0.48122195863721146
1.338,0.17546360422742804,-0.4463130584556015,0.48122195863721146,-0.44526427063905055,0.511454185234304
1.34,0.18087924335429179,-0.44526427063905055,0.511454185234304,-0.44441565262160987,0.5394776392783792
1.342,0.18625885674047596,-0.44441565262160987,0.5394776392783792,-0.443103951539346,0.5721332779082455
1.344,0.1916010860089263,-0.443103951539346,0.5721332779082455,-0.4421675110295049,0.6026149916108098
1.346,0.1969045751088626,-0.4421675110295049,0.6026149916108098,-0.4407303499705548,0.6331096563650871
1.348,0.20216797067828574,-0.4407303499705548,0.6331096563650871,-0.4395647380918262,0.6652696883732985
1.35,0.20738992240878226,-0.4395647380918262,0.6652696883732985,-0.437858176631071,0.7011238821740297
1.352,0.212569083412542,-0.437858176631071,0.7011238821740297,-0.436028986975361,0.7291116183163967
1.354,0.21770411059151717,-0.436028986975361,0.7291116183163967,-0.43503848237576503,0.7657513147858784
1.356,0.2227936650086152,-0.43503848237576503,0.7657513147858784,-0.4333544031145747,0.7951033193257172
1.358,0.2278364122608607,-0.4333544031145747,0.7951033193257172,-0.4313140295630604,0.8269156126052292
1.36,0.23283102285441315,-0.4313140295630604,0.8269156126052292,-0.4301682542570848,0.856790230335391
1.362,0.23777617258136396,-0.4301682542570848,0.856790230335391,-0.42808738551991143,0.8918559326287213
1.364,0.2426705428982155,-0.42808738551991143,0.8918559326287213,-0.4265827653489462,0.9210789622271761
1.366,0.24751282130594454,-0.4265827653489462,0.9210789622271761,-0.42429182140999233,0.9559850022117988
1.368,0.2523017017315557,-0.42429182140999233,0.9559850022117988,-0.4225542461610467,0.9878255290184521
1.37,0.257035884911027,-0.4225542461610467,0.9878255290184521,-0.4202746404965108,1.0147290016810369
1.372,0.2617140787735479,-0.4202746404965108,1.0147290016810369,-0.4183514917698348,1.0507964482941727
1.374,0.26633499882694794,-0.4183514917698348,1.0507964482941727,-0.4162405187661084,1.0773098332968334
1.3760000000000001,0.2708973685442144,-0.4162405187661084,1.0773098332968334,-0.41395620028248914,1.1146573300597022
1.3780000000000001,0.2753999197509945,-0.41395620028248914,1.1146573300597022,-0.4112942042481458,1.1402744211212468
1.3800000000000001,0.27984139301397665,-0.4112942042481458,1.1402744211212468,-0.40873544180954685,1.1738353706622884
1.3820000000000001,0.28422053803004405,-0.40873544180954685,1.1738353706622884,-0.40665181690179913,1.2099158974912334
1.3840000000000001,0.288536114016091,-0.40665181690179913,1.2099158974912334,-0.4041691617822798,1.2390221537855286
1.3860000000000001,0.29278689009939446,-0.4041691617822798,1.2390221537855286,-0.4020582303421769,1.2711623339095826
1.3880000000000001,0.29697164570842954,-0.4020582303421769,1.2711623339095826,-0.39936699404922743,1.2959543079966136
1.3900000000000001,0.30108917096401155,-0.39936699404922743,1.2959543079966136,-0.3959941924227306,1.3334038362431724
1.3920000000000001,0.30513826707065894,-0.3959941924227306,1.3334038362431724,-0.3934706241956308,1.361043018457911
1.3940000000000001,0.3091177467080542,-0.3934706241956308,1.361043018457911,-0.390753481429094,1.3968085520921492
1.3960000000000001,0.31302643442249023,-0.390753481429094,1.3968085520921492,-0.3878875351318533,1.4242260658449803
1.3980000000000001,0.316863167018187,-0.3878875351318533,1.4242260658449803,-0.38552938057769487,1.4544238082898795
1.4000000000000001,0.32062679394835075,-0.38552938057769487,1.4544238082898795,-0.3827591383206598,1.4817478107411535
1.4020000000000001,0.3243161777058649,-0.3827591383206598,1.4817478107411535,-0.3792694331008229,1.5133990234952412
1.4040000000000001,0.327930194213485,-0.3792694331008229,1.5133990234952412,-0.37622978721059075,1.5452435092737697
1.4060000000000001,0.3314677332134197,-0.37622978721059075,1.5452435092737697,-0.3726599844189418,1.5779792585666397
1.408,0.33492769865616856,-0.3726599844189418,1.5779792585666397,-0.369844819542294,1.6075602006603804
1.41,0.33830900908849865,-0.369844819542294,1.6075602006603804,-0.3667223281013549,1.6340559824741026
1.412,0.34161059804042526,-0.3667223281013549,1.6340559824741026,-0.3630560622119555,1.6616558780637658
1.414,0.34483141441107845,-0.3630560622119555,1.6616558780637658,-0.3599071757592869,1.6907220384559265
1.416,0.34797042285332214,-0.3599071757592869,1.6907220384559265,-0.3563830922857517,1.725661454665941
1.418,0.35102660415699716,-0.3563830922857517,1.725661454665941,-0.35305454549116577,1.7516820859776767
1.42,0.35399895563066053,-0.35305454549116577,1.7516820859776767,-0.3495238735188662,1.7775593895168582
1.422,0.35688649148168694,-0.3495238735188662,1.7775593895168582,-0.3459750311447948,1.8111834530690707
1.424,0.3596882431946039,-0.3459750311447948,1.8111834530690707,-0.3415824346333043,1.8374358440599121
1.426,0.3624032599075224,-0.3415824346333043,1.8374358440599121,-0.338469302404532,1.8658487416303353
1.428,0.36503060878653815,-0.338469302404532,1.8658487416303353,-0.33460855930338673,1.8937774029882863
1.43,0.3675693753979595,-0.33460855930338673,1.8937774029882863,-0.33064415635210237,1.9202291674896308
1.432,0.37001866407823314,-0.33064415635210237,1.9202291674896308,-0.3266870648993006,1.9457584970093558
1.434,0.37237759830143063,-0.3266870648993006,1.9457584970093558,-0.3229415719571267,1.970468368155646
1.436,0.3746453210441573,-0.3229415719571267,1.970468368155646,-0.31894778633145354,1.9977983092905127
1.438,0.37682099514774753,-0.31894778633145354,1.9977983092905127,-0.31483413481245737,2.025191673357973
1.44,0.3789038036776095,-0.31483413481245737,2.025191673357973,-0.31067835996297716,2.0542023414168007
1.442,0.38089295027957965,-0.31067835996297716,2.0542023414168007,-0.30682422556548705,2.0775763396951885
1.444,0.3827876595331483,-0.30682422556548705,2.0775763396951885,-0.3025192210274997,2.1063141889208783
1.446,0.3845871773014191,-0.3025192210274997,2.1063141889208783,-0.2977289983214428,2.1318470333369532
1.448,0.38629077107765675,-0.2977289983214428,2.1318470333369532,-0.29382982574829963,2.1580943948594733
1.45,0.38789773032829195,-0.29382982574829963,2.1580943948594733,-0.2897030120987818,2.1828744217374
1.452,0.38940736683223376,-0.2897030120987818,2.1828744217374,-0.28512289099640337,2.1987106117449464
1.454,0.39081901501635463,-0.28512289099640337,2.1987106117449464,-0.2800047988890808,2.2315002052712587
1.456,0.3921320322870053,-0.2800047988890808,2.2315002052712587,-0.2762371607380239,2.252425939444123
1.458,0.3933457993574162,-0.2762371607380239,2.252425939444123,-0.2715226921681466,2.275700299058551
1.46,0.39445972057084794,-0.2715226921681466,2.275700299058551,-0.26717932681713796,2.297198386067823
1.462,0.3954732242193459,-0.26717932681713796,2.297198386067823,-0.2621465214291008,2.3217233143295934
1.464,0.39638576285795835,-0.2621465214291008,2.3217233143295934,-0.2573129879940144,2.3437984953321522
1.466,0.3971968136142767,-0.2573129879940144,2.3437984953321522,-0.2523517150953901,2.3642066686086567
1.468,0.3979058784931567,-0.2523517150953901,2.3642066686086567,-0.24799515511428694,2.3834362841541807
1.47,0.39851248467647715,-0.24799515511428694,2.3834362841541807,-0.24348059822425813,2.4111820490080578
1.472,0.3990161848177972,-0.24348059822425813,2.4111820490080578,-0.23855973204512582,2.4304614037855767
1.474,0.39941655733176834,-0.23855973204512582,2.4304614037855767,-0.23348374999444624,2.447798736411693
1.476,0.39971320667816285,-0.23348374999444624,2.447798736411693,-0.22860108139290206,2.4689536751863725
1.478,0.39990576364037533,-0.22860108139290206,2.4689536751863725,-0.22364955103127337,2.491184056663268
1.48,0.399993885598259,-0.22364955103127337,2.491184056663268,-0.21840367724237342,2.507811000769279
1.482,0.39997725679515517,-0.21840367724237342,2.507811000769279,-0.21365988037982606,2.528407841768289
1.484,0.39985558859897785,-0.21365988037982606,2.528407841768289,-0.2084058572200626,2.548359405597765
1.486,0.3996286197572128,-0.2084058572200626,2.548359405597765,-0.20272611742842872,2.5660248464494013
1.488,0.39929611664569437,-0.20272611742842872,2.5660248464494013,-0.19810023052891537,2.58160174598268
1.49,0.39885787351102053,-0.19810023052891537,2.58160174598268,-0.19306638805972856,2.59730427396464
1.492,0.3983137127064697,-0.19306638805972856,2.59730427396464,-0.18786403493718373,2.615058029933295
1.494,0.3976634849212835,-0.18786403493718373,2.615058029933295,-0.18248451352350833,2.6336209617767943
1.496,0.39690706940317855,-0.18248451352350833,2.6336209617767943,-0.17718295158807512,2.647571625207692
1.498,0.3960443741739532,-0.17718295158807512,2.647571625207692,-0.17202012186846208,2.6666315121204445
1.5,0.3950753362380552,-0.17202012186846208,2.6666315121204445,-0.16631855841752016,2.6818334282951812
1.502,0.39399992178397664,-0.16631855841752016,2.6818334282951812,-0.16087517604448504,2.695680520176449
1.504,0.3928181263783459,-0.16087517604448504,2.695680520176449,-0.15567090288837082,2.70810823142111
1.506,0.391529975152584,-0.15567090288837082,2.70810823142111,-0.14963976689256808,2.7177215394827132
1.508,0.3901355229819956,-0.14963976689256808,2.7177215394827132,-0.14447925361551767,2.7365762684065547
1.51,0.38863485465716907,-0.14447925361551767,2.7365762684065547,-0.1391388731777889,2.7472347814713034
1.512,0.38702808504755226,-0.1391388731777889,2.7472347814713034,-0.1334517002622907,2.7563951784168004
1.514,0.38531535925708577,-0.1334517002622907,2.7563951784168004,-0.12808560491553841,2.76749393746183
1.516,0.38349685277176326,-0.12808560491553841,2.76749393746183,-0.12274673201778712,2.779039200330955
1.518,0.38157277159899716,-0.12274673201778712,2.779039200330955,-0.11705607937946608,2.7911279935745608
1.52,0.3795433523986713,-0.11705607937946608,2.7911279935745608,-0.11133253120855825,2.7979421241032014
1.522,0.3774088626057533,-0.11133253120855825,2.7979421241032014,-0.10539909360411026,2.8127116346553147
1.524,0.3751696005443574,-0.10539909360411026,2.8127116346553147,-0.10001708371051085,2.8185931512612723
1.526,0.3728258955331347,-0.10001708371051085,2.8185931512612723,-0.09452848794993919,2.8289071567397928
1.528,0.3703781079818759,-0.09452848794993919,2.8289071567397928,-0.0887545056128225,2.832274378369245
1.53,0.3678266294792178,-0.0887545056128225,2.832274378369245,-0.08300070284260781,2.8490939524966703
1.532,0.36517188287133756,-0.08300070284260781,2.8490939524966703,-0.07783124866254937,2.85202336671471
1.534,0.3624143223315292,-0.07783124866254937,2.85202336671471,-0.07166426505561041,2.856083780507249
1.536,0.35955443342055116,-0.07166426505561041,2.856083780507249,-0.0657343626573592,2.8596726300048068
1.538,0.35659273313764456,-0.0657343626573592,2.8596726300048068,-0.06024766213331012,2.8703462460527733
1.54,0.35352976996211205,-0.06024766213331012,2.8703462460527733,-0.054577426903788515,2.8711784424558586
1.542,0.3503661238853666,-0.054577426903788515,2.8711784424558586,-0.04876105043077835,2.875267149086025
1.544,0.3471024064333402,-0.04876105043077835,2.875267149086025,-0.04270727116811686,2.877906784993837
1.546,0.3437392606791636,-0.04270727116811686,2.877906784993837,-0.03708011139908062,2.8802302629152905
1.548,0.34027736124602204,-0.03708011139908062,2.8802302629152905,-0.031351428291408925,2.885061841657571
1.55,0.3367174143000936,-0.031351428291408925,2.885061841657571,-0.02624559641763361,2.8871770879853207
1.552,0.3330601575334821,-0.02624559641763361,2.8871770879853207,-0.02015684671343605,2.8876234660688316
1.554,0.3293063601370564,-0.02015684671343605,2.8876234660688316,-0.013842543329816095,2.8870209756435457
1.556,0.32545682276312027,-0.013842543329816095,2.8870209756435457,-0.008597782634929956,2.8924923355943966
1.558,0.3215123774778164,-0.008597782634929956,2.8924923355943966,-0.0025776085006214405,2.8923417943699627
1.56,0.3174738877032052,-0.0025776085006214405,2.8923417943699627,0.003241556734198804,2.8864274427021397
1.562,0.3133422481489259,0.003241556734198804,2.8864274427021397,0.008934874934643294,2.88926483168026
1.564,0.30911838473337583,0.008934874934643294,2.88926483168026,0.014911320990946823,2.8846575915452712
1.566,0.3048032544943422,0.014911320990946823,2.8846575915452712,0.020491844125909302,2.881766322014881
1.568,0.3003978454890069,0.020491844125909302,2.881766322014881,0.026120404259788996,2.8827329106344735
1.57,0.29590317668327715,0.026120404259788996,2.8827329106344735,0.03199070614887801,2.8726190921657984
1.572,0.2913202978303591,0.03199070614887801,2.8726190921657984,0.03763224001089535,2.8720416426084188
1.574,0.2866502893385489,0.03763224001089535,2.8720416426084188,0.0435933745601378,2.86528757850232
1.576,0.2818942621281531,0.0435933745601378,2.86528757850232,0.049044029134422705,2.8600580902356416
1.578,0.2770533574775133,0.049044029134422705,2.8600580902356416,0.05454507400161802,2.8511886065093934
1.58,0.27212874685807076,0.05454507400161802,2.8511886065093934,0.06074776916463759,2.846153329500907
1.582,0.2671216317584408,0.06074776916463759,2.846153329500907,0.06634024360581779,2.8423339716809277
1.584,0.26203324349744606,0.06634024360581779,2.8423339716809277,0.07206059959494424,2.8319775180091464
1.586,0.25686484302607504,0.07206059959494424,2.8319775180091464,0.0780115293894471,2.824830957641166
1.588,0.2516177207183328,0.0780115293894471,2.824830957641166,0.08312983582231064,2.815902830731955
1.59,0.24629319615095904,0.08312983582231064,2.815902830731955,0.08889610500453292,2.8029939353827094
1.592,0.24089261787197294,0.08889610500453292,2.8029939353827094,0.09441629446207231,2.794188609350833
1.594,0.23541736315803968,0.09441629446207231,2.794188609350833,0.09956442080652245,2.7833654240886263
1.596,0.22986883776063044,0.09956442080652245,2.7833654240886263,0.1054551820153032,2.7714296259689677
1.598,0.22424847564096184,0.1054551820153032,2.7714296259689677,0.11069589718786892,2.7596324314465326
1.6,0.21855773869370704,0.11069589718786892,2.7596324314465326,0.11652158312883114,2.7480230908158108
1.602,0.21279811645946559,0.11652158312883114,2.7480230908158108,0.1217656465329332,2.7359879063424914
1.604,0.20697112582599742,0.1217656465329332,2.7359879063424914,0.12719115415417506,2.7205249039913406
1.606,0.20107831071822058,0.12719115415417506,2.7205249039913406,0.13312283546273332,2.705284131783115
1.608,0.19512124177696483,0.13312283546273332,2.705284131783115,0.1381332176444067,2.6940638368339314
1.61,0.1891015160265146,0.1381332176444067,2.6940638368339314,0.14351214585745373,2.6758247754380835
1.612,0.18302075653093094,0.14351214585745373,2.6758247754380835,0.14895744853110685,2.6626009570568225
1.614,0.17688061203918273,0.14895744853110685,2.6626009570568225,0.15374682315825824,2.6421834308672545
1.616,0.17068275661911084,0.15374682315825824,2.6421834308672545,0.15924629075670485,2.624533725246891
1.618,0.16442888928024635,0.15924629075670485,2.624533725246891,0.16449587056392354,2.6073538104446055
1.62,0.1581207335855106,0.16449587056392354,2.6073538104446055,0.1699149333463382,2.5890071831618977
1.622,0.15176003725184098,0.1699149333463382,2.5890071831618977,0.17502226478526411,2.5728517379365816
1.624,0.14534857173977264,0.17502226478526411,2.5728517379365816,0.17995288165490922,2.5529399330377145
1.6260000000000001,0.13888813183203305,0.17995288165490922,2.5529399330377145,0.18550352478909116,2.53342444540659
1.6280000000000001,0.1323805352011788,0.18550352478909116,2.53342444540659,0.1900620422054958,2.51217552091077
1.6300000000000001,0.1258276219663463,0.1900620422054958,2.51217552091077,0.1949876660772563,2.4918624692081974
1.6320000000000001,0.11923125423916048,0.1949876660772563,2.4918624692081974,0.20029127777177338,2.4680908414450777
1.6340000000000001,0.11259331565887057,0.20029127777177338,2.4680908414450777,0.20496737476960053,2.4499623886684585
1.6360000000000001,0.10591571091677959,0.20496737476960053,2.4499623886684585,0.2097586167456548,2.4254593804243836
1.6380000000000001,0.09920036527003247,0.2097586167456548,2.4254593804243836,0.21445495330965458,2.40025921953162
1.6400000000000001,0.09244922404484836,0.21445495330965458,2.40025921953162,0.2193160162535939,2.3826173509670174
1.6420000000000001,0.08566425212926784,0.2193160162535939,2.3826173509670174,0.2240470491536436,2.353015227829947
1.6440000000000001,0.07884743345550721,0.2240470491536436,2.353015227829947,0.22867495736841337,2.32903724139083
1.6460000000000001,0.07200077047200902,0.22867495736841337,2.32903724139083,0.23352708031132416,2.3045280876464003
1.6480000000000001,0.06512628360528126,0.23352708031132416,2.3045280876464003,0.23836430074349013,2.278849349341709
1.6500000000000001,0.05822601071162359,0.23836430074349013,2.278849349341709,0.2427466009973343,2.2527446016885113
1.6520000000000001,0.051302006518853055,0.2427466009973343,2.2527446016885113,0.24702916101563138,2.222575074360022
1.6540000000000001,0.04435634205812416,0.24702916101563138,2.222575074360022,0.25127911301097394,2.198102196848704
1.6560000000000001,0.037391104085975686,0.25127911301097394,2.198102196848704,0.2555969931338214,2.1662240600451548
1.6580000000000001,0.030408394496703923,0.2555969931338214,2.1662240600451548,0.2601063829629319,2.1415624670189164
1.6600000000000001,0.023410329725204928,0.2601063829629319,2.1415624670189164,0.2640699765978019,2.1131560529247846
1.6620000000000001,0.016399040140391008,0.2640699765978019,2.1131560529247846,0.2682810235982793,2.0853384837431217
1.6640000000000001,0.009376669429345086,0.2682810235982793,2.0853384837431217,0.2721822653007272,2.0530540733791645
1.666,0.0023453739723141645,0.2721822653007272,2.0530540733791645,0.27654429411949966,2.025139020262405
1.668,-0.004692677791274687,0.27654429411949966,2.025139020262405,0.280399487207572,1.993177529705722
1.67,-0.01173530600566425,0.280399487207572,1.993177529705722,0.28423464275116245,1.9632380508935394
1.672,-0.018780320050309066,0.28423464275116245,1.9632380508935394,0.2885015587974595,1.9298262040096164
1.674,-0.02582551919995329,0.2885015587974595,1.9298262040096164,0.2923702645992147,1.9017823064625081
1.676,-0.03286869329309434,0.2923702645992147,1.9017823064625081,0.2957106429534228,1.8693835052509558
1.678,-0.03990762340865519,0.2957106429534228,1.8693835052509558,0.2991782909062971,1.8316547945020487
1.68,-0.04694008255069074,0.2991782909062971,1.8316547945020487,0.3028175208076258,1.801183341662633
1.682,-0.05396383634096137,0.3028175208076258,1.801183341662633,0.30654735300612806,1.7674485856967
1.684,-0.06097664371918458,0.30654735300612806,1.7674485856967,0.31010142556861553,1.7302827074768163
1.686,-0.06797625765078677,0.31010142556861553,1.7302827074768163,0.31358107561020776,1.6973937480596641
1.688,-0.07496042584194962,0.31358107561020776,1.6973937480596641,0.3166808837448462,1.664698367544307
1.69,-0.08192689146177365,0.3166808837448462,1.664698367544307,0.3198426827057998,1.6276934842912352
1.692,-0.08887339387133959,0.3198426827057998,1.6276934842912352,0.3230626565364198,1.594950170872921
1.694,-0.09579766935948504,0.3230626565364198,1.594950170872921,0.32650016371926704,1.5602756773516475
1.696,-0.10269745188506163,0.32650016371926704,1.5602756773516475,0.3292291944658628,1.5213795407344644
1.698,-0.10957047382547994,0.3292291944658628,1.5213795407344644,0.33221682851175593,1.4873278602087079
1.7,-0.11641446673130905,0.33221682851175593,1.4873278602087079,0.3348925684863568,1.4520283674084489
1.702,-0.12322716208671401,0.3348925684863568,1.4520283674084489,0.33802777358845765,1.4107739707999676
1.704,-0.1300062920755077,0.33802777358845765,1.4107739707999676,0.3409422339224692,1.3768695379962466
1.706,-0.13674959035256637,0.3409422339224692,1.3768695379962466,0.34361675921176893,1.3390551874667838
1.708,-0.1434547928204039,0.34361675921176893,1.3390551874667838,0.34617268530116707,1.3012447659335948
1.71,-0.1501196384106222,0.34617268530116707,1.3012447659335948,0.3489154856287123,1.2601210839974508
1.712,-0.15674186987003724,0.3489154856287123,1.2601210839974508,0.35139741844982647,1.221891293028889
1.714,-0.1633192345511929,0.35139741844982647,1.221891293028889,0.3534919947263387,1.180676457677712
1.716,-0.1698494852070329,0.3534919947263387,1.180676457677712,0.3557032629565972,1.1447566032298837
1.718,-0.1763303807894668,0.3557032629565972,1.1447566032298837,0.3577057229230033,1.1049159216166193
1.72,-0.18275968725155112,0.3577057229230033,1.1049159216166193,0.3601655233986511,1.0643290745558254
1.722,-0.18913517835305818,0.3601655233986511,1.0643290745558254,0.36170186616305827,1.023475711033664
1.724,-0.1954546364691186,0.36170186616305827,1.023475711033664,0.36423951742997535,0.9818245032332003
1.726,-0.2017158534016914,0.36423951742997535,0.9818245032332003,0.3660135021123424,0.9380315255047075
1.728,-0.20791663119358003,0.3660135021123424,0.9380315255047075,0.3679337255573438,0.9006782231623023
1.73,-0.21405478294470057,0.3679337255573438,0.9006782231623023,0.36969572989039473,0.857320202845751
1.732,-0.2201281336303306,0.36969572989039473,0.857320202845751,0.3712995214785913,0.8193308714471018
1.734,-0.22613452092104153,0.3712995214785913,0.8193308714471018,0.3728794062963766,0.7765573483840901
1.736,-0.2320717960040315,0.3728794062963766,0.7765573483840901,0.3740678461742754,0.7413109238802761
1.738,-0.2379378244055444,0.3740678461742754,0.7413109238802761,0.3754156744109711,0.6936515765024359
1.74,-0.24373048681409643,0.3754156744109711,0.6936515765024359,0.3768326021109751,0.6510817212231016
1.742,-0.24944767990419706,0.3768326021109751,0.6510817212231016,0.3783480454716015,0.6144678245901034
1.744,-0.25508731716025873,0.3783480454716015,0.6144678245901034,0.3791066006977873,0.5652818340282247
1.746,-0.2606473297003891,0.3791066006977873,0.5652818340282247,0.3805343486510438,0.5284824206944129
1.748,-0.2661256670997511,0.3805343486510438,0.5284824206944129,0.3814314734876564,0.4859072522570031
1.75,-0.27152029821317675,0.3814314734876564,0.4859072522570031,0.3819750152056274,0.4403523119683921
1.752,-0.2768292119967235,0.3819750152056274,0.4403523119683921,0.38266671322899254,0.3946711198750564
1.754,-0.28205041832784006,0.38266671322899254,0.3946711198750564,0.38384774018622275,0.35264856092923064
1.756,-0.2871819488238304,0.38384774018622275,0.35264856092923064,0.3847275901965994,0.31022633673324423
1.758,-0.29222185765827785,0.3847275901965994,0.31022633673324423,0.3846749805416121,0.26729058383910814
1.76,-0.2971682223751222,0.3846749805416121,0.26729058383910814,0.385604880290869,0.22175341926400102
1.762,-0.30201914470003294,0.385604880290869,0.22175341926400102,0.3853517951762852,0.1760402011511936
1.764,-0.3067727513487659,0.3853517951762852,0.1760402011511936,0.3861288468426948,0.1282650281206965
1.766,-0.31142719483215986,0.3861288468426948,0.1282650281206965,0.3858644796793785,0.08477331601236357
1.768,-0.31598065425744437,0.3858644796793785,0.08477331601236357,0.3861195833859627,0.033985799295431156
1.77,-0.320431336125503,0.3861195833859627,0.033985799295431156,0.3859984516499371,-0.010105758786361574
1.772,-0.3247774751237772,0.3859984516499371,-0.010105758786361574,0.3860370399197325,-0.048088022720535306
1.774,-0.32901733491444535,0.3860370399197325,-0.048088022720535306,0.38603911189323015,-0.08296252098615566
1.776,-0.33314920891754973,0.38603911189323015,-0.08296252098615566,0.38525734289424773,-0.11867241471934602
1.778,-0.3371714210887175,0.38525734289424773,-0.11867241471934602,0.385440248838967,-0.15368190047657532
1.78,-0.34108232669113603,0.385440248838967,-0.15368190047657532,0.3850868849030089,-0.19109385592499364
1.782,-0.34488031306143013,0.3850868849030089,-0.19109385592499364,0.3842391463926759,-0.22391996645948906
1.784,-0.34856380036909995,0.3842391463926759,-0.22391996645948906,0.3836922768851544,-0.2662905444063194
1.786,-0.35213124236916316,0.3836922768851544,-0.2662905444063194,0.3835133190022597,-0.30000377291295616
1.788,-0.3555811271476581,0.3835133190022597,-0.30000377291295616,0.38257605644469894,-0.3382906229102049
1.79,-0.35891197785965534,0.38257605644469894,-0.3382906229102049,0.38162669388575593,-0.37504831855592524
1.792,-0.36212235345942895,0.38162669388575593,-0.37504831855592524,0.38099924432921956,-0.4094725536432142
1.794,-0.36521084942243315,0.38099924432921956,-0.4094725536432142,0.3797160942131717,-0.44635457527212496
1.796,-0.36817609845874005,0.3797160942131717,-0.44635457527212496,0.3789680405935838,-0.4877407386067335
1.798,-0.3710167712175812,0.3789680405935838,-0.4877407386067335,0.3782932116360964,-0.523549101695061
1.8,-0.373731576982645,0.3782932116360964,-0.523549101695061,0.37672799007009194,-0.5574926801962259
1.802,-0.3763192643577831,0.37672799007009194,-0.5574926801962259,0.3756653309981989,-0.5984161221726175
1.804,-0.37877862194277034,0.3756653309981989,-0.5984161221726175,0.37460433079382394,-0.6337286432186057
1.806,-0.38110847899877554,0.37460433079382394,-0.6337286432186057,0.37312506824693037,-0.672059175672637
1.808,-0.383307706103186,0.37312506824693037,-0.672059175672637,0.3716449033423471,-0.7092161258873804
1.81,-0.38537521579344974,0.3716449033423471,-0.7092161258873804,0.3701433083074006,-0.7494124249441425
1.812,-0.3873099631995812,0.3701433083074006,-0.7494124249441425,0.36910361297338257,-0.7851088419808557
1.814,-0.3891109466649863,0.36910361297338257,-0.7851088419808557,0.36710114895568235,-0.8181271527804513
1.816,-0.39077720835526786,0.36710114895568235,-0.8181271527804513,0.3654329060723981,-0.8609134863906609
1.818,-0.3923078348546652,0.3654329060723981,-0.8609134863906609,0.3637160778129234,-0.8981046239974448
1.82,-0.39370195774978933,0.3637160778129234,-0.8981046239974448,0.36193085456648105,-0.9295685217464736
1.822,-0.3949587542003158,0.36193085456648105,-0.9295685217464736,0.35965462298718126,-0.9692440216199752
1.824,-0.3960774474962998,0.35965462298718126,-0.9692440216199752,0.35779700763983374,-1.0037257074594057
1.826,-0.3970573076017775,0.35779700763983374,-1.0037257074594057,0.3554876342241926,-1.0381313441662117
1.828,-0.39789765168432417,0.3554876342241926,-1.0381313441662117,0.35312575972120597,-1.0753841624701004
1.83,-0.3985978446302406,0.35312575972120597,-1.0753841624701004,0.3512343535316505,-1.1100430990214258
1.832,-0.39915729954503987,0.3512343535316505,-1.1100430990214258,0.3490882030546993,-1.146647770351751
1.834,-0.39957547823891315,0.3490882030546993,-1.146647770351751,0.34678727368923595,-1.1789541085482922
1.836,-0.39985189169685414,0.34678727368923595,-1.1789541085482922,0.34411414199038814,-1.2154263821879772
1.838,-0.39998610053312506,0.34411414199038814,-1.2154263821879772,0.3415146063470507,-1.2457578561327427
1.84,-0.3999777154297513,0.3415146063470507,-1.2457578561327427,0.3389985760240104,-1.2798127803435289
1.842,-0.39982639755873584,0.3389985760240104,-1.2798127803435289,0.33677760072230734,-1.3110055720508484
1.844,-0.399531858987686,0.33677760072230734,-1.3110055720508484,0.3341855680832904,-1.3464503067559526
1.846,-0.39909386306855255,0.3341855680832904,-1.3464503067559526,0.3308998748565039,-1.3762509591143142
1.848,-0.3985122248091827,0.3308998748565039,-1.3762509591143142,0.32835809735516364,-1.4081161416023207
1.85,-0.39778681122739323,0.32835809735516364,-1.4081161416023207,0.32541425938101753,-1.43967291707905
1.852,-0.3969175416872763,0.32541425938101753,-1.43967291707905,0.3226345596942842,-1.4719501364598817
1.854,-0.3959043882174525,0.3226345596942842,-1.4719501364598817,0.3195573649816535,-1.50351550406452
1.856,-0.3947473758109931,0.3195573649816535,-1.50351550406452,0.3164335903309535,-1.534386805792748
1.858,-0.39344658270673516,0.3164335903309535,-1.534386805792748,0.3134551083806813,-1.565980813338441
1.86,-0.3920021406517243,0.3134551083806813,-1.565980813338441,0.31041489362972835,-1.5948689146206037
1.862,-0.3904142351445171,0.31041489362972835,-1.5948689146206037,0.30701697651774734,-1.6241087442655935
1.864,-0.3886831056590887,0.30701697651774734,-1.6241087442655935,0.3034650401428411,-1.6486988854297349
1.866,-0.38680904584909,0.3034650401428411,-1.6486988854297349,0.30009019864421077,-1.683707303863398
1.868,-0.3847924037322114,0.30009019864421077,-1.683707303863398,0.29659107517637945,-1.7097224524407584
1.87,-0.38263358185441154,0.29659107517637945,-1.7097224524407584,0.2936918098047439,-1.736146575127181
1.872,-0.3803330374337724,0.2936918098047439,-1.736146575127181,0.28992059292117617,-1.7655637964057904
1.874,-0.3778912824837635,0.28992059292117617,-1.7655637964057904,0.28622400970278283,-1.7887381414960863
1.8760000000000001,-0.37530888391568085,0.28622400970278283,-1.7887381414960863,0.28288158686148185,-1.8175058281174479
1.8780000000000001,-0.37258646362006026,0.28288158686148185,-1.8175058281174479,0.2789586613944244,-1.8410438164347773
1.8800000000000001,-0.36972469852684275,0.2789586613944244,-1.8410438164347773,0.2749002602816236,-1.8667190515489631
1.8820000000000001,-0.3667243206441062,0.2749002602816236,-1.8667190515489631,0.271269510573504,-1.8958495650112512
1.8840000000000001,-0.3635861170751588,0.271269510573504,-1.8958495650112512,0.267611544803971,-1.9141168013188947
1.8860000000000001,-0.360310930013817,0.267611544803971,-1.9141168013188947,0.26352668830139087,-1.941344983341474
1.8880000000000001,-0.3568996567176812,0.26352668830139087,-1.941344983341474,0.25998724533436696,-1.9610710510500295
1.8900000000000001,-0.3533532494592493,0.25998724533436696,-1.9610710510500295,0.25592661840587744,-1.981174863339259
1.8920000000000001,-0.3496727154546949,0.25592661840587744,-1.981174863339259,0.2516074207307226,-2.0042137206786443
1.8940000000000001,-0.34585911677016634,0.2516074207307226,-2.0042137206786443,0.24760912514495828,-2.0272486672304755
1.8960000000000001,-0.3419135702054492,0.24760912514495828,-2.0272486672304755,0.24354454135170484,-2.047847874194779
1.8980000000000001,-0.3378372471548642,0.24354454135170484,-2.047847874194779,0.23964846391912314,-2.067748642855601
1.9000000000000001,-0.333631373445268,0.23964846391912314,-2.067748642855601,0.23521978495502047,-2.088123261745624
1.9020000000000001,-0.32929722915103277,0.23521978495502047,-2.088123261745624,0.23110567332685872,-2.108350239933828
1.9040000000000001,-0.3248361483858955,0.23110567332685872,-2.108350239933828,0.2266869567770909,-2.125065578070621
1.9060000000000001,-0.3202495190715791,0.2266869567770909,-2.125065578070621,0.22238878746232643,-2.1430026215222555
1.9080000000000001,-0.3155387826830811,0.22238878746232643,-2.1430026215222555,0.21805986459277102,-2.15596066414858
1.9100000000000001,-0.31070543397055544,0.21805986459277102,-2.15596066414858,0.2140947040199195,-2.1756641424563186
1.9120000000000001,-0.3057510206577039,0.2140947040199195,-2.1756641424563186,0.20943307506555137,-2.1881650229797915
1.9140000000000001,-0.3006771431166204,0.20943307506555137,-2.1881650229797915,0.2050925678316509,-2.2080844505872395
1.9160000000000001,-0.2954854540190257,0.2050925678316509,-2.2080844505872395,0.2006432994729386,-2.222039639817798
1.9180000000000001,-0.2901776579638446,0.2006432994729386,-2.222039639817798,0.19639120994457862,-2.2368018265314933
1.92,-0.28475551108110114,0.19639120994457862,-2.2368018265314933,0.19202852514370236,-2.2520071547154843
1.922,-0.279220820612088,0.19202852514370236,-2.2520071547154843,0.18722130100627293,-2.265088261554168
1.924,-0.27357544446581095,0.18722130100627293,-2.265088261554168,0.18289534311301078,-2.275945151479373
1.926,-0.26782129075169203,0.18289534311301078,-2.275945151479373,0.17794661069121975,-2.284988714239273
1.928,-0.2619603172885368,0.17794661069121975,-2.284988714239273,0.17361383637648692,-2.2999639066236544
1.93,-0.25599453108979014,0.17361383637648692,-2.2999639066236544,0.16867755811155946,-2.3107790114423548
1.932,-0.24992598782508693,0.16867755811155946,-2.3107790114423548,0.1641390895744193,-2.3177834279420617
1.934,-0.24375679125815808,0.1641390895744193,-2.3177834279420617,0.15938881898450794,-2.3278803002199804
1.936,-0.23748909266111978,0.15938881898450794,-2.3278803002199804,0.15471186822932073,-2.33627092416223
1.938,-0.23112509020521332,0.15471186822932073,-2.33627092416223,0.15021008578783565,-2.3393461512355214
1.94,-0.22466702832805974,0.15021008578783565,-2.3393461512355214,0.14501953169807294,-2.349540384853977
1.942,-0.2181171970775124,0.14501953169807294,-2.349540384853977,0.1406109084293807,-2.354582130616619
1.944,-0.21147793143219956,0.1406109084293807,-2.354582130616619,0.13578188724861928,-2.3614439377171315
1.946,-0.20475161059885263,0.13578188724861928,-2.3614439377171315,0.13103220415720085,-2.364665633508782
1.948,-0.1979406572865431,0.13103220415720085,-2.364665633508782,0.12651939958511288,-2.370611916418785
1.95,-0.19104753695794321,0.12651939958511288,-2.370611916418785,0.1218259036099036,-2.37433228411911
1.952,-0.1840747570577538,0.1218259036099036,-2.37433228411911,0.11668768433616795,-2.375517284849231
1.954,-0.17702486621844513,0.11668768433616795,-2.375517284849231,0.11229831027159455,-2.3792043068332283
1.956,-0.1699004534434691,0.11229831027159455,-2.3792043068332283,0.10767683992233203,-2.3779636595492852
1.958,-0.16270414726810878,0.10767683992233203,-2.3779636595492852,0.10249895518016483,-2.3827837667520675
1.96,-0.15543861489816374,0.10249895518016483,-2.3827837667520675,0.09826415145983355,-2.378520929421389
1.962,-0.14810656132663974,0.09826415145983355,-2.378520929421389,0.09304539274549041,-2.3831729548406466
1.964,-0.1407107284286787,0.09304539274549041,-2.3831729548406466,0.08830639709338403,-2.3805766163518434
1.966,-0.13325389403491236,0.08830639709338403,-2.3805766163518434,0.08336176647711817,-2.3776031458123583
1.968,-0.12573887098350478,0.08336176647711817,-2.3776031458123583,0.07867240913527544,-2.377488142435965
1.97,-0.11816850615109574,0.07867240913527544,-2.377488142435965,0.07436809258570735,-2.3731531865357653
1.972,-0.11054567946290646,0.07436809258570735,-2.3731531865357653,0.06943492740620555,-2.3665666366014917
1.974,-0.10287330288228563,0.06943492740620555,-2.3665666366014917,0.06488550109616069,-2.3638567207005843
1.976,-0.09515431937994412,0.06488550109616069,-2.3638567207005843,0.06001595606969991,-2.359512665865519
1.978,-0.08739170188319788,0.06001595606969991,-2.359512665865519,0.05565288035015723,-2.3505641819162566
1.98,-0.07958845220549092,0.05565288035015723,-2.3505641819162566,0.05039237378519259,-2.345183218906105
1.982,-0.07174759995652433,0.05039237378519259,-2.345183218906105,0.04608004042932663,-2.336887002728387
1.984,-0.0638722014333159,0.04608004042932663,-2.336887002728387,0.041643504112892686,-2.3270853630587
1.986,-0.05596533849251653,0.041643504112892686,-2.3270853630587,0.03652751568940387,-2.321324915158641
1.988,-0.04803011740433109,0.03652751568940387,-2.321324915158641,0.03175547187925261,-2.3112995055948855
1.99,-0.04006966768841259,0.03175547187925261,-2.3112995055948855,0.027438406889395008,-2.2963817744558157
1.992,-0.0320871409320782,0.027438406889395008,-2.2963817744558157,0.022845475809180907,-2.2953074493346812
1.994,-0.024085709591249296,0.022845475809180907,-2.2953074493346812,0.01813194615796918,-2.2795739680913973
1.996,-0.016068565774497095,0.01813194615796918,-2.2795739680913973,0.0134795088282871,-2.269560199620317
1.998,-0.008038920010594686,0.0134795088282871,-2.269560199620317,0.00914717190186237,-2.2545227883799033
2.0,-1.9594348786357652e-16,0.00914717190186237,-2.2545227883799033,0.004703340866828749,-2.243723362193287
2.0020000000000002,0.008044950649314906,0.004703340866828749,-2.243723362193287,0.00043785386985061643,-2.229125097958856
2.004,0.016092673701239513,0.00043785386985061643,-2.229125097958856,-0.004246572153101743,-2.2162733068693927
2.0060000000000002,0.024139897585672476,-0.004246572153101743,-2.2162733068693927,-0.008700622502224623,-2.197050941554661
2.008,0.0321833387069626,-0.008700622502224623,-2.197050941554661,-0.01323209546892778,-2.1827148890436567
2.0100000000000002,0.04021970276619549,-0.01323209546892778,-2.1827148890436567,-0.01709736678877004,-2.1669278953162507
2.012,0.048245686096819486,-0.01709736678877004,-2.1669278953162507,-0.021491280938707193,-2.1513972125043495
2.0140000000000002,0.05625797701315008,-0.021491280938707193,-2.1513972125043495,-0.02554028013435858,-2.129346235531466
2.016,0.0642532571712184,-0.02554028013435858,-2.129346235531466,-0.029981903881990877,-2.1168441496358374
2.0180000000000002,0.07222820294148093,-0.029981903881990877,-2.1168441496358374,-0.03442725014941536,-2.092573585500341
2.02,0.0801794867928482,-0.03442725014941536,-2.092573585500341,-0.03802570137325028,-2.0745407238350673
2.0220000000000002,0.08810377868751518,-0.03802570137325028,-2.0745407238350673,-0.04222918524026578,-2.056377241290293
2.024,0.09599774748602183,-0.04222918524026578,-2.056377241290293,-0.04658576112432403,-2.0346150371573364
2.0260000000000002,0.10385806236205448,-0.04658576112432403,-2.0346150371573364,-0.05049028047159715,-2.01656568385204
2.028,0.11168139422633434,-0.05049028047159715,-2.01656568385204,-0.05437044923031631,-1.9891962949511748
2.0300000000000002,0.11946441715912193,-0.05437044923031631,-1.9891962949511748,-0.05872757960256054,-1.9723356663268063
2.032,0.12720380985066967,-0.05872757960256054,-1.9723356663268063,-0.06232145404938635,-1.9481753735708887
2.0340000000000003,0.13489625704910368,-0.06232145404938635,-1.9481753735708887,-0.06671288154549566,-1.9219576013010535
2.036,0.14253845101508297,-0.06671288154549566,-1.9219576013010535,-0.07000711139495737,-1.9007106286763578
2.0380000000000003,0.15012709298266494,-0.07000711139495737,-1.9007106286763578,-0.07336638729615357,-1.8751451296757127
2.04,0.15765889462574592,-0.07336638729615357,-1.8751451296757127,-0.07764092269220985,-1.8503779591023475
2.0420000000000003,0.16513057952946372,-0.07764092269220985,-1.8503779591023475,-0.0813487269011868,-1.8267615973239948
2.044,0.17253888466590447,-0.0813487269011868,-1.8267615973239948,-0.08466225201784697,-1.8005141616981162
2.0460000000000003,0.179880561873527,-0.08466225201784697,-1.8005141616981162,-0.08837590390624867,-1.7697543668696218
2.048,0.18715237933958595,-0.08837590390624867,-1.7697543668696218,-0.09160639351321186,-1.7447014375570526
2.05,0.1943511230849845,-0.09160639351321186,-1.7447014375570526,-0.09511067967639342,-1.7180914703685104
2.052,0.2014735984508064,-0.09511067967639342,-1.7180914703685104,-0.09830784682782451,-1.691399487358383
2.054,0.20851663158593695,-0.09830784682782451,-1.691399487358383,-0.1015544982083835,-1.6651214162146881
2.056,0.21547707093505053,-0.1015544982083835,-1.6651214162146881,-0.10524589787599858,-1.6374018452681909
2.058,0.2223517887262955,-0.10524589787599858,-1.6374018452681909,-0.10847494255431547,-1.6046119210953695
2.06,0.22913768245800914,-0.10847494255431547,-1.6046119210953695,-0.11126842162463062,-1.5775681811257807
2.062,0.23583167638373484,-0.11126842162463062,-1.5775681811257807,-0.11465047695448112,-1.5471518441623113
2.064,0.24243072299487972,-0.11465047695448112,-1.5471518441623113,-0.11783172836195432,-1.5186140212052965
2.066,0.24893180450027863,-0.11783172836195432,-1.5186140212052965,-0.12064319205523007,-1.4891220872474094
2.068,0.2553319343019836,-0.12064319205523007,-1.4891220872474094,-0.12354264079547846,-1.4546706648054888
2.07,0.26162815846654264,-0.12354264079547846,-1.4546706648054888,-0.12654312008374335,-1.4254321062974422
2.072,0.26781755719106953,-0.12654312008374335,-1.4254321062974422,-0.12947195645892415,-1.3880198324999258
2.074,0.2738972462633674,-0.12947195645892415,-1.3880198324999258,-0.1321830506429701,-1.3566652090458817
2.076,0.279864378515403,-0.1321830506429701,-1.3566652090458817,-0.1344495758319381,-1.3282043188261985
2.078,0.28571614526937233,-0.1344495758319381,-1.3282043188261985,-0.1373907465700375,-1.2927762216970748
2.08,0.29144977777566833,-0.1373907465700375,-1.2927762216970748,-0.13933729548291082,-1.2638153093006628
2.082,0.2970625486419662,-0.13933729548291082,-1.2638153093006628,-0.1422004675645701,-1.226643153037798
2.084,0.3025517732527483,-0.1422004675645701,-1.226643153037798,-0.14446410327104878,-1.1912707879177526
2.086,0.30791481117847264,-0.14446410327104878,-1.1912707879177526,-0.14696835358745683,-1.160447794837464
2.088,0.31314906757369854,-0.14696835358745683,-1.160447794837464,-0.14935959768215215,-1.1233519118396136
2.09,0.3182519945633786,-0.14935959768215215,-1.1233519118396136,-0.15144211436074648,-1.0977329891210903
2.092,0.32322109261662574,-0.15144211436074648,-1.0977329891210903,-0.1534389288845293,-1.0591438022365098
2.094,0.3280539119071606,-0.1534389288845293,-1.0591438022365098,-0.15507906162738538,-1.0248775641009413
2.096,0.33274805365975113,-0.15507906162738538,-1.0248775641009413,-0.15744337399425146,-0.9881477800188129
2.098,0.3373011714818466,-0.15744337399425146,-0.9881477800188129,-0.15903215482842686,-0.9544083190416907
2.1,0.3417109726797184,-0.15903215482842686,-0.9544083190416907,-0.16097962199232552,-0.9180181338210552
2.102,0.34597521955831323,-0.16097962199232552,-0.9180181338210552,-0.16301409420660137,-0.8835096754189469
2.104,0.35009173070413085,-0.16301409420660137,-0.8835096754189469,-0.16464536452441356,-0.8499581295393965
2.106,0.35405838225034225,-0.16464536452441356,-0.8499581295393965,-0.1660332648912944,-0.815222111504696
2.108,0.35787310912344944,-0.1660332648912944,-0.815222111504696,-0.16759507048814243,-0.774742776576225
2.11,0.36153390627072324,-0.16759507048814243,-0.774742776576225,-0.1693293948257584,-0.7422712394398672
2.112,0.36503882986771513,-0.1693293948257584,-0.7422712394398672,-0.1707655267651213,-0.7037828376072583
2.114,0.3683859985050892,-0.1707655267651213,-0.7037828376072583,-0.1719088817623012,-0.6680520131654519
2.116,0.37157359435407866,-0.1719088817623012,-0.6680520131654519,-0.17312394828425387,-0.6335559197980685
2.118,0.37459986430982023,-0.17312394828425387,-0.6335559197980685,-0.17446781952089088,-0.599316316176165
2.12,0.3774631211118688,-0.17446781952089088,-0.599316316176165,-0.17548169643865996,-0.5595371324143672
2.122,0.3801617444411758,-0.17548169643865996,-0.5595371324143672,-0.17676439579950579,-0.521106511984266
2.124,0.38269418199282834,-0.17676439579950579,-0.521106511984266,-0.17751683315664785,-0.49256149965164414
2.126,0.38505895052384576,-0.17751683315664785,-0.49256149965164414,-0.17854781023044022,-0.4532342948367189
2.128,0.3872546368753445,-0.17854781023044022,-0.4532342948367189,-0.17916963810852204,-0.4086134520152073
2.13,0.3892798989683801,-0.17916963810852204,-0.4086134520152073,-0.1802400732644974,-0.3765490811642967
2.132,0.3911334667727941,-0.1802400732644974,-0.3765490811642967,-0.18086578314212579,-0.3389033062704294
2.134,0.392814143248381,-0.18086578314212579,-0.3389033062704294,-0.18129120364908194,-0.2996941245567491
2.136,0.3943208052577259,-0.18129120364908194,-0.2996941245567491,-0.18214689048494026,-0.261503113294848
2.138,0.3956524044500393,-0.18214689048494026,-0.261503113294848,-0.18258911473568154,-0.22614869581730387
2.14,0.3968079681153583,-0.18258911473568154,-0.22614869581730387,-0.1825479314230145,-0.18699099575172423
2.142,0.3977866000084606,-0.1825479314230145,-0.18699099575172423,-0.18326695182479222,-0.15119889006600443
2.144,0.3985874811418704,-0.18326695182479222,-0.15119889006600443,-0.1833934744403461,-0.11098805016490809
2.146,0.3992098705473337,-0.1833934744403461,-0.11098805016490809,-0.18321530960272042,-0.07442961916714978
2.148,0.3996531060051547,-0.18321530960272042,-0.07442961916714978,-0.18341775023930584,-0.0319751990577816
2.15,0.3999166047407925,-0.18341775023930584,-0.0319751990577816,-0.18339254886822715,0.0043745764537761024
2.152,0.3999998640881332,-0.18339254886822715,0.0043745764537761024,-0.1831290804722156,0.036706874776273594
2.154,0.3999024621188598,-0.1831290804722156,0.036706874776273594,-0.18313261773635622,0.06549434861553687
2.156,0.3996240582373559,-0.18313261773635622,0.06549434861553687,-0.18276261661351934,0.08758559312249042
2.158,0.3991643937405922,-0.18276261661351934,0.08758559312249042,-0.18262913823846297,0.11731755154056231
2.16,0.39852329234245554,-0.18262913823846297,0.11731755154056231,-0.18265341464011706,0.14220538944207714
2.162,0.3977006606619966,-0.18265341464011706,0.14220538944207714,-0.18263009480327796,0.16969398948146902
2.164,0.3966964886750821,-0.18263009480327796,0.16969398948146902,-0.18200013313884336,0.19782896432732708
2.166,0.3955108501289544,-0.18200013313884336,0.19782896432732708,-0.18171050173109157,0.2261758465769413
2.168,0.3941439029192141,-0.18171050173109157,0.2261758465769413,-0.18086191717686909,0.24937684011300548
2.17,0.3925958894287571,-0.18086191717686909,0.24937684011300548,-0.1805051763986533,0.2749316942370068
2.172,0.3908671368282115,-0.1805051763986533,0.2749316942370068,-0.1799829322319012,0.3020997434697219
2.174,0.388958057337436,-0.1799829322319012,0.3020997434697219,-0.17909592954621584,0.3295328579922816
2.176,0.3868691484476582,-0.17909592954621584,0.3295328579922816,-0.1786669054124321,0.35603423927971395
2.178,0.3846009931038461,-0.1786669054124321,0.35603423927971395,-0.17779627948822876,0.3835022306250172
2.18,0.38215425984692325,-0.17779627948822876,0.3835022306250172,-0.17642532260296517,0.4109450089659021
2.182,0.3795297029154539,-0.17642532260296517,0.4109450089659021,-0.17598875423210367,0.4328116004864329
2.184,0.3767281623064459,-0.17598875423210367,0.4328116004864329,-0.17528459242657793,0.4588678930975706
2.186,0.3737505637949348,-0.17528459242657793,0.4588678930975706,-0.17388005944417892,0.4866670752914482
2.188,0.37059791891202076,-0.17388005944417892,0.4866670752914482,-0.17298494391349656,0.512650557403761
2.19,0.36727132488107667,-0.17298494391349656,0.512650557403761,-0.17190061951741156,0.5421059240293539
2.192,0.36377196451182026,-0.17190061951741156,0.5421059240293539,-0.17092706045227546,0.563711869288673
2.194,0.3601011060520153,-0.17092706045227546,0.563711869288673,-0.16977305181597874,0.5908932658766956
2.196,0.3562601029965322,-0.16977305181597874,0.5908932658766956,-0.16858986161054237,0.6112664640875526
2.198,0.3522503938535695,-0.16858986161054237,0.6112664640875526,-0.1673871704864318,0.6347231925926439
2.2,0.34807350186781005,-0.1673871704864318,0.6347231925926439,-0.16569315737526558,0.6662890751991302
2.202,0.3437310347003492,-0.16569315737526558,0.6662890751991302,-0.16461771178518775,0.6862529521933532
2.204,0.3392246840652159,-0.16461771178518775,0.6862529521933532,-0.1629541669574435,0.7049200329316905
2.206,0.33455622532236556,-0.1629541669574435,0.7049200329316905,-0.16160080530273924,0.7289956531707128
2.208,0.3297275170269954,-0.16160080530273924,0.7289956531707128,-0.16018090369135843,0.7552122535975043
2.21,0.32474050043512415,-0.16018090369135843,0.7552122535975043,-0.1588784225208476,0.7735445259551353
2.212,0.3195971989653152,-0.1588784225208476,0.7735445259551353,-0.15684340139155095,0.7925868272228102
2.214,0.3142997176165341,-0.15684340139155095,0.7925868272228102,-0.15525134030767665,0.8159879134003711
2.216,0.30885024234206404,-0.15525134030767665,0.8159879134003711,-0.15358222653581877,0.8350683095675918
2.218,0.30325103937951264,-0.15358222653581877,0.8350683095675918,-0.15176671003106923,0.8496764606106832
2.22,0.2975044545368867,-0.15176671003106923,0.8496764606106832,-0.14986412594867332,0.8773020299182135
2.222,0.29161291243480136,-0.14986412594867332,0.8773020299182135,-0.14818116158949166,0.8932678160318227
2.224,0.28557891570485583,-0.14818116158949166,0.8932678160318227,-0.14684053333693303,0.908981472645581
2.226,0.279405044144295,-0.14684053333693303,0.908981472645581,-0.14486794913936182,0.9254973937973286
2.228,0.2730939538270118,-0.14486794913936182,0.9254973937973286,-0.14262494511445184,0.9419861391197966
2.23,0.2666483761710818,-0.14262494511445184,0.9419861391197966,-0.14092441644308137,0.9561609944086343
2.232,0.26007111696293495,-0.14092441644308137,0.9561609944086343,-0.13897844651027583,0.9759980708435798
2.234,0.25336505533837156,-0.13897844651027583,0.9759980708435798,-0.13710550325460194,0.9896676748613802
2.236,0.24653314272060542,-0.13710550325460194,0.9896676748613802,-0.13457557961746386,1.003421020585005
2.238,0.23957840171558864,-0.13457557961746386,1.003421020585005,-0.13312296440938381,1.0183935759778047
2.24,0.2325039249648378,-0.13312296440938381,1.0183935759778047,-0.13060584649856874,1.0378184337436622
2.242,0.22531287395606864,-0.13060584649856874,1.0378184337436622,-0.12868588180509,1.0452120277943713
2.244,0.21800847779190283,-0.12868588180509,1.0452120277943713,-0.12671966203779572,1.0612303295707233
2.246,0.21059403191702997,-0.12671966203779572,1.0612303295707233,-0.12467438333740621,1.0738787952264688
2.248,0.2030728968040962,-0.12467438333740621,1.0738787952264688,-0.1220443362169621,1.08239936993945
2.25,0.19544849659878197,-0.1220443362169621,1.08239936993945,-0.12001251619719165,1.0944543232715622
2.2520000000000002,0.18772431772439213,-0.12001251619719165,1.0944543232715622,-0.11762478660969,1.1009538755684651
2.254,0.1799039074464485,-0.11762478660969,1.1009538755684651,-0.11547426506668099,1.1118108620655827
2.2560000000000002,0.17199087239766933,-0.11547426506668099,1.1118108620655827,-0.11362112769728115,1.1216705929727944
2.258,0.16398887706388776,-0.11362112769728115,1.1216705929727944,-0.11125091305852866,1.127790663720608
2.2600000000000002,0.15590164223132286,-0.11125091305852866,1.127790663720608,-0.10925259051473506,1.1355756962558317
2.262,0.1477329433958154,-0.10925259051473506,1.1355756962558317,-0.10635356177357985,1.148470744204714
2.2640000000000002,0.13948660913449934,-0.10635356177357985,1.148470744204714,-0.10421196844641305,1.1533925924770936
2.266,0.1311665194405495,-0.10421196844641305,1.1533925924770936,-0.10213159129344278,1.1567292142964205
2.2680000000000002,0.12277660402154777,-0.10213159129344278,1.1567292142964205,-0.09964740686251515,1.1599698665069615
2.27,0.11432084056215036,-0.09964740686251515,1.1599698665069615,-0.09756841598466498,1.1669606834525306
2.2720000000000002,0.10580325295162868,-0.09756841598466498,1.1669606834525306,-0.0950929194114636,1.1686571490463507
2.274,0.09722790947705878,-0.0950929194114636,1.1686571490463507,-0.09260318092856615,1.173659077229701
2.2760000000000002,0.08859892098273803,-0.09260318092856615,1.173659077229701,-0.09012227630079664,1.1769597695224598
2.278,0.07992043899665764,-0.09012227630079664,1.1769597695224598,-0.08802833292540937,1.179393075060905
2.2800000000000002,0.07119665382470089,-0.08802833292540937,1.179393075060905,-0.08564129092237552,1.1793526089094821
2.282,0.06243179261337411,-0.08564129092237552,1.1793526089094821,-0.08332403820999008,1.183122457451672
2.2840000000000003,0.0536301173818488,-0.08332403820999008,1.183122457451672,-0.08075045694686857,1.184515806924716
2.286,0.0447959230241404,-0.08075045694686857,1.184515806924716,-0.07885506095603578,1.1808628800664114
2.2880000000000003,0.035933535282238256,-0.07885506095603578,1.1808628800664114,-0.07623789281336459,1.1810857565371644
2.29,0.027047308691096485,-0.07623789281336459,1.1810857565371644,-0.0738869600749245,1.1781981944897864
2.2920000000000003,0.018141624496298137,-0.0738869600749245,1.1781981944897864,-0.07128573731007318,1.1774543393206642
2.294,0.009220888545380303,-0.07128573731007318,1.1774543393206642,-0.06932687434852292,1.1770343880110827
2.2960000000000003,0.00028952915367281396,-0.06932687434852292,1.1770343880110827,-0.06655219344923376,1.1698809230720872
2.298,-0.008648005054327541,-0.06655219344923376,1.1698809230720872,-0.0642511047574395,1.165621182906152
2.3000000000000003,-0.017587247327147462,-0.0642511047574395,1.165621182906152,-0.06186710792798657,1.1621209527418472
2.302,-0.026523714991035688,-0.06186710792798657,1.1621209527418472,-0.05993796070434866,1.1566814836159625
2.3040000000000003,-0.03545291167621092,-0.05993796070434866,1.1566814836159625,-0.0576271411671205,1.1520928454454982
2.306,-0.0443703295635673,-0.0576271411671205,1.1520928454454982,-0.05514814734041683,1.1454749588602375
2.308,-0.05327145165084764,-0.05514814734041683,1.1454749588602375,-0.05301745855750796,1.1311942957739745
2.31,-0.0621517540371629,-0.05301745855750796,1.1311942957739745,-0.050625463184304394,1.1272601117474645
2.312,-0.07100670822477291,-0.050625463184304394,1.1272601117474645,-0.048349159241125574,1.1252782854442271
2.314,-0.07983178343705602,-0.048349159241125574,1.1252782854442271,-0.04611439162704201,1.1136352051503062
2.316,-0.08862244895147076,-0.04611439162704201,1.1136352051503062,-0.043994643733484,1.104984145769363
2.318,-0.09737417644643921,-0.043994643733484,1.104984145769363,-0.041877454325784304,1.0943635270748595
2.32,-0.10608244236091542,-0.041877454325784304,1.0943635270748595,-0.0397818598098606,1.0876390163175125
2.322,-0.11474273026551102,-0.0397818598098606,1.0876390163175125,-0.03745128844657558,1.0763639552925344
2.324,-0.12335053324396,-0.03745128844657558,1.0763639552925344,-0.0353719801495504,1.0632482609484015
2.326,-0.131901356283705,-0.0353719801495504,1.0632482609484015,-0.03325359215362618,1.0521528304660248
2.328,-0.14039071867437194,-0.03325359215362618,1.0521528304660248,-0.030976531881279173,1.039307715485702
2.33,-0.14881415641293202,-0.030976531881279173,1.039307715485702,-0.029224792588381194,1.024354920607338
2.332,-0.15716722461421928,-0.029224792588381194,1.024354920607338,-0.026733206359155822,1.0119343689413076
2.334,-0.16544549992561816,-0.026733206359155822,1.0119343689413076,-0.025126110634156044,1.0015051461314437
2.336,-0.17364458294455407,-0.025126110634156044,1.0015051461314437,-0.022881987734170404,0.985232795382187
2.338,-0.18176010063756776,-0.022881987734170404,0.985232795382187,-0.02124089349614142,0.9739792832007588
2.34,-0.18978770875959475,-0.02124089349614142,0.9739792832007588,-0.019174605110806802,0.9550011313221399
2.342,-0.19772309427220894,-0.019174605110806802,0.9550011313221399,-0.01741126729600785,0.9352482844408736
2.344,-0.20556197775940102,-0.01741126729600785,0.9352482844408736,-0.015800415880301975,0.9226052575722303
2.346,-0.2133001158396688,-0.015800415880301975,0.9226052575722303,-0.013644978002974503,0.9045797925012802
2.348,-0.22093330357296725,-0.013644978002974503,0.9045797925012802,-0.012181896636362792,0.8850086898717121
2.35,-0.2284573768612376,-0.012181896636362792,0.8850086898717121,-0.010272534404934197,0.8673855470039483
2.352,-0.23586821484108833,-0.010272534404934197,0.8673855470039483,-0.008322606740955748,0.8545925615255825
2.354,-0.24316174226733317,-0.008322606740955748,0.8545925615255825,-0.00626884191851188,0.8356271634108573
2.356,-0.25033393188591785,-0.00626884191851188,0.8356271634108573,-0.005323102482016949,0.8133147650714004
2.358,-0.25738080679493874,-0.005323102482016949,0.8133147650714004,-0.004303157222027375,0.794670700123996
2.36,-0.26429844279229575,-0.004303157222027375,0.794670700123996,-0.0020956296984350003,0.7782239551449069
2.362,-0.27108297070865184,-0.0020956296984350003,0.7782239551449069,-0.0004252100492955857,0.7575291210044888
2.364,-0.27773057872423296,-0.0004252100492955857,0.7575291210044888,0.0009673224214111521,0.7373853104113802
2.366,-0.2842375146681552,0.0009673224214111521,0.7373853104113802,0.0026449814690501544,0.713302530216967
2.368,-0.29060008829878864,0.0026449814690501544,0.713302530216967,0.003652940248314424,0.6916923651218202
2.37,-0.2968146735638435,0.003652940248314424,0.6916923651218202,0.005414503064786852,0.675779077019653
2.372,-0.3028777108387132,0.005414503064786852,0.675779077019653,0.006544408031627389,0.649192995223243
2.374,-0.3087857091417247,0.006544408031627389,0.649192995223243,0.007687926769999357,0.6292240264649902
2.376,-0.3145352483248478,0.007687926769999357,0.6292240264649902,0.008884511010323832,0.6071276593937946
2.378,-0.3201229812385304,0.008884511010323832,0.6071276593937946,0.010142396026348938,0.5842402506557853
2.38,-0.32554563586920215,0.010142396026348938,0.5842402506557853,0.011333876272644941,0.5627611447330407
2.382,-0.33080001744811677,0.011333876272644941,0.5627611447330407,0.012182856404840623,0.5390310271952442
2.384,-0.3358830105301056,0.012182856404840623,0.5390310271952442,0.013185280093549943,0.5175907363196721
2.386,-0.34079158104089935,0.013185280093549943,0.5175907363196721,0.014203914702249505,0.4929947925482493
2.388,-0.3455227782916174,0.014203914702249505,0.4929947925482493,0.015116887893974995,0.4656104024624738
2.39,-0.3500737369590934,0.015116887893974995,0.4656104024624738,0.01626556381923884,0.4423708102212492
2.392,-0.35444167903065604,0.01626556381923884,0.4423708102212492,0.01706041338979465,0.4209594345259265
2.394,-0.3586239157120329,0.01706041338979465,0.4209594345259265,0.017384312455028996,0.3935796104291014
2.396,-0.36261784929704416,0.017384312455028996,0.3935796104291014,0.018353751724391888,0.3688849185212727
2.398,-0.36642097499775605,0.018353751724391888,0.3688849185212727,0.0189107157198832,0.3467591986683733
2.4,-0.3700308827337828,0.0189107157198832,0.3467591986683733,0.01973865541716997,0.3204846963742741
2.402,-0.37344525887944946,0.01973865541716997,0.3204846963742741,0.02028808542973303,0.2944259686766405
2.404,-0.37666188796750566,0.02028808542973303,0.2944259686766405,0.02075910104337833,0.2675190178392113
2.406,-0.3796786543481515,0.02075910104337833,0.2675190178392113,0.021507647148185156,0.24106352869402142
2.408,-0.3824935438020934,0.021507647148185156,0.24106352869402142,0.021727884234664256,0.21184081317581696
2.41,-0.3851046451064066,0.021727884234664256,0.21184081317581696,0.02222622667455992,0.18738679119860582
2.412,-0.38751015155197277,0.02222622667455992,0.18738679119860582,0.022459099481730218,0.15749700410756645
2.414,-0.38970836241130563,0.022459099481730218,0.15749700410756645,0.022881412602377298,0.13602577286147288
2.416,-0.3916976843555535,0.022881412602377298,0.13602577286147288,0.022918087939606247,0.10351564879104415
2.418,-0.3934766328195455,0.022918087939606247,0.10351564879104415,0.023203093520768662,0.06938436464524812
2.42,-0.3950438333137105,0.023203093520768662,0.06938436464524812,0.02324524171715245,0.04501412453221439
2.422,-0.3963980226817702,0.02324524171715245,0.04501412453221439,0.023536124776368884,0.01885099411916545
2.424,-0.39753805030308487,0.023536124776368884,0.01885099411916545,0.02309292367630916,-0.005815169709571587
2.426,-0.3984628792385956,0.02309292367630916,-0.005815169709571587,0.023227784145557963,-0.028099262933210446
2.428,-0.3991715873192985,0.023227784145557963,-0.028099262933210446,0.023091852919994035,-0.04875154870171117
2.43,-0.3996633681762313,0.023091852919994035,-0.04875154870171117,0.022930156470297135,-0.06203781233964418
2.432,-0.3999375322109675,0.022930156470297135,-0.06203781233964418,0.023208387527039027,-0.07891401415135231
2.434,-0.39999350750564905,0.023208387527039027,-0.07891401415135231,0.02267562617689932,-0.09428930177636638
2.436,-0.39983084067160773,0.02267562617689932,-0.09428930177636638,0.02259947553780521,-0.10946511415065546
2.438,-0.3994491976356605,0.02259947553780521,-0.10946511415065546,0.022354488808912967,-0.12908381099770402
2.44,-0.39884836436319,0.022354488808912967,-0.12908381099770402,0.0218998844027925,-0.14452305642877722
2.442,-0.39802824751715205,0.0218998844027925,-0.14452305642877722,0.02158677941952615,-0.16052100854218576
2.444,-0.39698887505218405,0.02158677941952615,-0.16052100854218576,0.02101590358884617,-0.18118838698622672
2.446,-0.39573039674301735,0.02101590358884617,-0.18118838698622672,0.020651929551384375,-0.1971141063011412
2.448,-0.3942530846464369,0.020651929551384375,-0.1971141063011412,0.020381536488876098,-0.2091512304030379
2.45,-0.39255733349604516,0.020381536488876098,-0.2091512304030379,0.019582295115408443,-0.22389098930501614
2.452,-0.39064366102915526,0.019582295115408443,-0.22389098930501614,0.01960803942151614,-0.24117940219580197
2.454,-0.3885127082451314,0.01960803942151614,-0.24117940219580197,0.019253287301983307,-0.2537135503919755
2.456,-0.3861652395945688,0.019253287301983307,-0.2537135503919755,0.01813154007027426,-0.2714341757516437
2.458,-0.38360214309871066,0.01813154007027426,-0.2714341757516437,0.01788189998934719,-0.28866758841244516
2.46,-0.3808244303985626,0.01788189998934719,-0.28866758841244516,0.017369767429541196,-0.3068645793881847
2.462,-0.3778332367331762,0.017369767429541196,-0.3068645793881847,0.016421899752042373,-0.3229051878864508
2.464,-0.3746298208466421,0.016421899752042373,-0.3229051878864508,0.015715477058481735,-0.33715537623494823
2.466,-0.3712155648233348,0.015715477058481735,-0.33715537623494823,0.014871047612031908,-0.354613998492619
2.468,-0.3675919738510345,0.014871047612031908,-0.354613998492619,0.014541076200369634,-0.3680628769901099
2.47,-0.3637606759115415,0.014541076200369634,-0.3680628769901099,0.013735901175953833,-0.3869086833580503
2.472,-0.3597234213984968,0.013735901175953833,-0.3869086833580503,0.012706285426616356,-0.39923791426839605
2.474,-0.3554820826620974,0.012706285426616356,-0.39923791426839605,0.012043784868033949,-0.4140616557262354
2.476,-0.3510386534805132,0.012043784868033949,-0.4140616557262354,0.01136913216479231,-0.4275108850282188
2.478,-0.3463952484577676,0.01136913216479231,-0.4275108850282188,0.010302648564092545,-0.4415946774130136
2.48,-0.34155410234797556,0.010302648564092545,-0.4415946774130136,0.009529740367132907,-0.4564944687878996
2.482,-0.3365175693058069,0.009529740367132907,-0.4564944687878996,0.008674294796203623,-0.4682435015431804
2.484,-0.33128812206311675,0.008674294796203623,-0.4682435015431804,0.007515741807544878,-0.4823573367817808
2.486,-0.32586835103173445,0.007515741807544878,-0.4823573367817808,0.006598263809750052,-0.493334918954985
2.488,-0.3202609633324362,0.006598263809750052,-0.493334918954985,0.005667464126340172,-0.5071704796395539
2.49,-0.3144687817501525,0.005667464126340172,-0.5071704796395539,0.004613512010064153,-0.5198584622217519
2.492,-0.30849474361556867,0.004613512010064153,-0.5198584622217519,0.0036249254164182456,-0.5319236542749719
2.494,-0.3023418996132341,0.0036249254164182456,-0.5319236542749719,0.0018729301801550895,-0.5405589055939278
2.496,-0.29601341251642993,0.0018729301801550895,-0.5405589055939278,0.0012011774980346167,-0.5565175342253168
2.498,-0.28951255584902164,0.0012011774980346167,-0.5565175342253168,1.0600845793399355e-05,-0.5664485137478198
2.5,-0.2828427124746195,1.0600845793399355e-05,-0.5664485137478198,-0.0006791927125153032,-0.5737447183124014
2.5020000000000002,-0.27600737311336915,-0.0006791927125153032,-0.5737447183124014,-0.0025816623997980785,-0.5832504587543029
2.504,-0.26901013478681407,-0.0025816623997980785,-0.5832504587543029,-0.0035346266810023894,-0.5896456959126383
2.5060000000000002,-0.26185469919120674,-0.0035346266810023894,-0.5896456959126383,-0.004869698850941391,-0.6066344794495507
2.508,-0.254544870999833,-0.004869698850941391,-0.6066344794495507,-0.005866621143521812,-0.6110137789708202
2.5100000000000002,-0.2470845560948138,-0.005866621143521812,-0.6110137789708202,-0.007199118446270503,-0.6222856382339883
2.512,-0.23947775972904647,-0.007199118446270503,-0.6222856382339883,-0.008280817845990034,-0.6218425181736924
2.5140000000000002,-0.2317285846188354,-0.008280817845990034,-0.6218425181736924,-0.010011727177245456,-0.6295263750425794
2.516,-0.2238412289679766,-0.010011727177245456,-0.6295263750425794,-0.011019731542773767,-0.6333373946352483
2.5180000000000002,-0.21581998442394565,-0.011019731542773767,-0.6333373946352483,-0.012106152174871843,-0.6440584825720181
2.52,-0.20766923396704562,-0.012106152174871843,-0.6440584825720181,-0.013269887894971081,-0.6477531876320584
2.5220000000000002,-0.19939344973324763,-0.013269887894971081,-0.6477531876320584,-0.01491625028407868,-0.6519769864801486
2.524,-0.19099719077169236,-0.01491625028407868,-0.6519769864801486,-0.016214807025272383,-0.6610313570948784
2.5260000000000002,-0.18248510073768354,-0.016214807025272383,-0.6610313570948784,-0.017028292562681038,-0.6616707412650611
2.528,-0.17386190552221034,-0.017028292562681038,-0.6616707412650611,-0.01888430346450209,-0.6632673873921127
2.5300000000000002,-0.16513241081894978,-0.01888430346450209,-0.6632673873921127,-0.02040716774673217,-0.6690775126928289
2.532,-0.1563014996298706,-0.02040716774673217,-0.6690775126928289,-0.02153166015924662,-0.6692841656488272
2.5340000000000003,-0.14737412971047878,-0.02153166015924662,-0.6692841656488272,-0.022756482710710322,-0.6673197575610882
2.536,-0.13835533095592384,-0.022756482710710322,-0.6673197575610882,-0.02420632218433592,-0.6693425153051821
2.5380000000000003,-0.12925020272911045,-0.02420632218433592,-0.6693425153051821,-0.025332271995186287,-0.6727002535922347
2.54,-0.12006391113209634,-0.025332271995186287,-0.6727002535922347,-0.026747239577646513,-0.6720601981896879
2.5420000000000003,-0.11080168622203342,-0.026747239577646513,-0.6720601981896879,-0.027918660503631558,-0.6683445853998747
2.544,-0.10146881917303052,-0.027918660503631558,-0.6683445853998747,-0.029463680485676418,-0.6704499273112807
2.5460000000000003,-0.09207065938526003,-0.029463680485676418,-0.6704499273112807,-0.030775225740587085,-0.6672552720748938
2.548,-0.08261261154279015,-0.030775225740587085,-0.6672552720748938,-0.03198344369076171,-0.663344891108737
2.5500000000000003,-0.07310013262154835,-0.03198344369076171,-0.663344891108737,-0.03360695579686449,-0.6580742969223973
2.552,-0.06353872884899814,-0.03360695579686449,-0.6580742969223973,-0.034612537015281886,-0.6573651664266797
2.5540000000000003,-0.0539339526169941,-0.034612537015281886,-0.6573651664266797,-0.03582817116425811,-0.6524631403349899
2.556,-0.044291399349489,-0.03582817116425811,-0.6524631403349899,-0.03741638580887666,-0.6467417755052678
2.5580000000000003,-0.034616704326658,-0.03741638580887666,-0.6467417755052678,-0.03878817956718365,-0.6424319452072454
2.56,-0.024915539467182942,-0.03878817956718365,-0.6424319452072454,-0.03994083971314727,-0.6324849542832913
2.562,-0.015193610070335898,-0.03994083971314727,-0.6324849542832913,-0.040866776962198474,-0.6294992669913626
2.564,-0.005456651519689066,-0.040866776962198474,-0.6294992669913626,-0.042088336422339646,-0.621945103427194
2.566,0.004289574049834659,-0.042088336422339646,-0.621945103427194,-0.04356266506903057,-0.612411461406193
2.568,0.014039281119663256,-0.04356266506903057,-0.612411461406193,-0.044792259822941646,-0.6011137273860471
2.57,0.02378666418822755,-0.044792259822941646,-0.6011137273860471,-0.04599631501795189,-0.5995526247998387
2.572,0.033525901202649665,-0.04599631501795189,-0.5995526247998387,-0.046959532741049574,-0.5886454545635665
2.574,0.043251157019492455,-0.046959532741049574,-0.5886454545635665,-0.04843736159752838,-0.583921843420178
2.576,0.05295658689267149,-0.04843736159752838,-0.583921843420178,-0.04931133032593235,-0.5658748890089303
2.578,0.0626363399864624,-0.04931133032593235,-0.5658748890089303,-0.050464811695247816,-0.5545872302362113
2.58,0.07228456291162631,-0.050464811695247816,-0.5545872302362113,-0.051376491668758704,-0.5451300634283958
2.582,0.08189540328253708,-0.051376491668758704,-0.5451300634283958,-0.05259316144820819,-0.5344841988538795
2.584,0.09146301329327822,-0.05259316144820819,-0.5344841988538795,-0.053892288782912974,-0.5183083788603677
2.586,0.10098155331051982,-0.053892288782912974,-0.5183083788603677,-0.054757936554405036,-0.5099832173841724
2.588,0.1104451954811099,-0.054757936554405036,-0.5099832173841724,-0.05575125900088688,-0.4940476011908474
2.59,0.11984812735210278,-0.05575125900088688,-0.4940476011908474,-0.05694629686980279,-0.4786507932878187
2.592,0.12918455550114122,-0.05694629686980279,-0.4786507932878187,-0.057793124412808164,-0.4679708102455654
2.594,0.13844870917485294,-0.057793124412808164,-0.4679708102455654,-0.058833680544162936,-0.44607476740602986
2.596,0.1476348439331312,-0.058833680544162936,-0.44607476740602986,-0.05978217183014006,-0.43342267486879543
2.598,0.1567372452969195,-0.05978217183014006,-0.43342267486879543,-0.06019236178264229,-0.4163150812021075
2.6,0.16575023239731407,-0.06019236178264229,-0.4163150812021075,-0.06136103869438856,-0.4014287749171542
2.602,0.174668161623593,-0.06136103869438856,-0.4014287749171542,-0.061854656860001724,-0.38184050266234454
2.604,0.1834854302679343,-0.061854656860001724,-0.38184050266234454,-0.06274292618357474,-0.36788085516150504
2.606,0.19219648016439483,-0.06274292618357474,-0.36788085516150504,-0.06310765587820096,-0.3449080280585725
2.608,0.2007958013198842,-0.06310765587820096,-0.3449080280585725,-0.0638904100404366,-0.3293445061200682
2.61,0.2092779355346929,-0.0638904100404366,-0.3293445061200682,-0.06450021565437812,-0.3083530955015452
2.612,0.21763748001025227,-0.06450021565437812,-0.3083530955015452,-0.06499093108685737,-0.29094264424836935
2.614,0.2258690909417037,-0.06499093108685737,-0.29094264424836935,-0.06567067879383057,-0.26805519077869083
2.616,0.23396748709290974,-0.06567067879383057,-0.26805519077869083,-0.06640875327683313,-0.24601149632382166
2.618,0.2419274533514651,-0.06640875327683313,-0.24601149632382166,-0.06662894685508076,-0.22537766151068153
2.62,0.24974384426135354,-0.06662894685508076,-0.22537766151068153,-0.06696088159833764,-0.20491605705059687
2.622,0.25741158753077287,-0.06696088159833764,-0.20491605705059687,-0.06740883933280065,-0.1781489845941942
2.624,0.2649256875127718,-0.06740883933280065,-0.1781489845941942,-0.06765204707790395,-0.15321698211745685
2.626,0.2722812286562442,-0.06765204707790395,-0.15321698211745685,-0.0682114310698409,-0.1341947135869717
2.628,0.2794733789248885,-0.0682114310698409,-0.1341947135869717,-0.06813637639400058,-0.10558038864900397
2.63,0.2864973931816863,-0.06813637639400058,-0.10558038864900397,-0.06792304679883934,-0.08017758257882454
2.632,0.2933486165365519,-0.06792304679883934,-0.08017758257882454,-0.06863414698405687,-0.05456082408435231
2.634,0.3000224876546708,-0.06863414698405687,-0.05456082408435231,-0.06869107357846309,-0.0342667840566716
2.636,0.3065145420232003,-0.06869107357846309,-0.0342667840566716,-0.06801560171948451,-0.007085522497840457
2.638,0.31282041517390013,-0.06801560171948451,-0.007085522497840457,-0.06836748892672988,0.014598521673242796
2.64,0.3189358458593503,-0.06836748892672988,0.014598521673242796,-0.06808363801886068,0.03278105273931793
2.642,0.3248566791803483,-0.06808363801886068,0.03278105273931793,-0.06810404541686961,0.04717960743652977
2.644,0.33057886966219435,-0.06810404541686961,0.04717960743652977,-0.06849537074705904,0.068176351248552
2.646,0.3360984842774686,-0.06849537074705904,0.068176351248552,-0.06775994636370748,0.08203157241069389
2.648,0.34141170541303995,-0.06775994636370748,0.08203157241069389,-0.06781648504656126,0.09694233323118072
2.65,0.34651483377895514,-0.06781648504656126,0.09694233323118072,-0.06777472323330572,0.115380975643319
2.652,0.35140429125698597,-0.06777472323330572,0.115380975643319,-0.06724892774453949,0.1292053309455002
2.654,0.3560766236865312,-0.06724892774453949,0.1292053309455002,-0.06701680651001464,0.1464319976411349
2.656,0.36052850358567806,-0.06701680651001464,0.1464319976411349,-0.06666950670924432,0.16225261668512975
2.658,0.3647567328051994,-0.06666950670924432,0.16225261668512975,-0.0666493236247683,0.17850522570877864
2.66,0.368758245113329,-0.0666493236247683,0.17850522570877864,-0.06558907603116164,0.19347351219952993
2.662,0.37253010870914033,-0.06558907603116164,0.19347351219952993,-0.06562861009605926,0.21361989291558545
2.664,0.3760695286624524,-0.06562861009605926,0.21361989291558545,-0.0649524748991453,0.23070324923967372
2.666,0.3793738492781402,-0.0649524748991453,0.23070324923967372,-0.06497274665240374,0.24835792679583113
2.668,0.3824405563828361,-0.06497274665240374,0.24835792679583113,-0.0643549189403881,0.2638718773421851
2.67,0.38526727953198575,-0.0643549189403881,0.2638718773421851,-0.06344070018550393,0.28334489908509924
2.672,0.38785179413530474,-0.06344070018550393,0.28334489908509924,-0.06278322853310597,0.3088751908255505
2.674,0.39019202349868315,-0.06278322853310597,0.3088751908255505,-0.06214686850099142,0.32287000762968676
2.676,0.39228604078067053,-0.06214686850099142,0.32287000762968676,-0.061800557401915764,0.339160373925094
2.678,0.3941320708616637,-0.061800557401915764,0.339160373925094,-0.06111491104396513,0.35855142806163787
2.68,0.3957284921240191,-0.06111491104396513,0.35855142806163787,-0.06036271793803232,0.37758618987016923
2.682,0.39707383814131214,-0.06036271793803232,0.37758618987016923,-0.059389546715667624,0.3962814413851962
2.684,0.39816679927504794,-0.059389546715667624,0.3962814413851962,-0.05879618830072751,0.4149938069853443
2.686,0.39900622417715065,-0.05879618830072751,0.4149938069853443,-0.05754723036660857,0.4372966387865812
2.688,0.3995911211966322,-0.05754723036660857,0.4372966387865812,-0.056519559611590255,0.4587223343539784
2.69,0.39992065968887464,-0.056519559611590255,0.4587223343539784,-0.05584076322039162,0.4773962077746993
2.692,0.3999941712260314,-0.05584076322039162,0.4773962077746993,-0.05506990619796906,0.49998272074612476
2.694,0.3998111507070937,-0.05506990619796906,0.49998272074612476,-0.053513345429584545,0.5142578328272578
2.696,0.399371257366236,-0.053513345429584545,0.5142578328272578,-0.05291737831318711,0.5346040286822611
2.698,0.3986743156781074,-0.05291737831318711,0.5346040286822611,-0.05195303256547874,0.5513016784199601
2.7,0.3977203161587995,-0.05195303256547874,0.5513016784199601,-0.050285838690453964,0.5718647267637934
2.702,0.3965094160612779,-0.050285838690453964,0.5718647267637934,-0.0493530176666758,0.5922842200321776
2.704,0.3950419399641327,-0.0493530176666758,0.5922842200321776,-0.04824485871579345,0.6094158046779381
2.706,0.39331838025256444,-0.04824485871579345,0.6094158046779381,-0.046882538399770766,0.6253905661418308
2.708,0.3913393974905874,-0.046882538399770766,0.6253905661418308,-0.04540012027077827,0.6430951794993475
2.71,0.3891058206834992,-0.04540012027077827,0.6430951794993475,-0.043786766792475916,0.6616462365807904
2.712,0.38661864742973456,-0.043786766792475916,0.6616462365807904,-0.042408658769535264,0.6780847164686782
2.714,0.38387904396129247,-0.042408658769535264,0.6780847164686782,-0.041290560992525184,0.6950365935863375
2.716,0.38088834507198055,-0.041290560992525184,0.6950365935863375,-0.040251395979318254,0.7146087899106038
2.718,0.37764805393283,-0.040251395979318254,0.7146087899106038,-0.03838602366606342,0.7282700169114147
2.72,0.37415984179404593,-0.03838602366606342,0.7282700169114147,-0.0367906886340472,0.745413494278596
2.722,0.37042554757301194,-0.0367906886340472,0.745413494278596,-0.03547558208825677,0.7636052683289263
2.724,0.3664471773278437,-0.03547558208825677,0.7636052683289263,-0.03382625855240942,0.7747202443849883
2.726,0.36222690361617477,-0.03382625855240942,0.7747202443849883,-0.03203467077198435,0.7945293827836853
2.728,0.3577670647388195,-0.03203467077198435,0.7945293827836853,-0.030827297070849982,0.8060541526266213
2.73,0.353070163868139,-0.030827297070849982,0.8060541526266213,-0.029436206385128963,0.819670301269944
2.732,0.3481388680609231,-0.029436206385128963,0.819670301269944,-0.027315873471358835,0.8355833094791715
2.734,0.3429760071557719,-0.027315873471358835,0.8355833094791715,-0.025951749783249278,0.8486534170076381
2.736,0.3375845725549256,-0.025951749783249278,0.8486534170076381,-0.02368721040032439,0.8620454926361485
2.738,0.3319677158907205,-0.02368721040032439,0.8620454926361485,-0.022366417308321437,0.8779538367344112
2.74,0.32612874757676596,-0.022366417308321437,0.8779538367344112,-0.020382482447085144,0.8874219984960342
2.742,0.32007113524415853,-0.020382482447085144,0.8874219984960342,-0.018798540390578714,0.8958335652661911
2.744,0.31379850206303556,-0.018798540390578714,0.8958335652661911,-0.01709097873512178,0.9090959673285922
2.746,0.3073146249499217,-0.01709097873512178,0.9090959673285922,-0.015059438016785331,0.9213911616275966
2.748,0.3006234326613318,-0.015059438016785331,0.9213911616275966,-0.01304357234299624,0.9312396372388503
2.75,0.2937290037742743,-0.01304357234299624,0.9312396372388503,-0.011229058359663535,0.9383775645032884
2.7520000000000002,0.28663556455425565,-0.011229058359663535,0.9383775645032884,-0.009805159371113599,0.9484240874567369
2.754,0.27934748671161674,-0.009805159371113599,0.9484240874567369,-0.007649029208379309,0.9566992554597057
2.7560000000000002,0.27186928504697744,-0.007649029208379309,0.9566992554597057,-0.005581110143987293,0.9635127932454212
2.758,0.26420561498674794,-0.005581110143987293,0.9635127932454212,-0.0038014133025116173,0.9732434312663192
2.7600000000000002,0.25636127000969966,-0.0038014133025116173,0.9732434312663192,-0.001595499571120184,0.9790167747022692
2.762,0.24834117896570174,-0.001595499571120184,0.9790167747022692,0.00045429648753596535,0.9862076652918598
2.7640000000000002,0.24015040328776346,0.00045429648753596535,0.9862076652918598,0.002135437442949219,0.9924717546736773
2.766,0.23179413409869795,0.002135437442949219,0.9924717546736773,0.004711009014174382,0.996203265958647
2.7680000000000002,0.22327768921368227,0.004711009014174382,0.996203265958647,0.0065720114875253794,1.0048841721247221
2.77,0.21460651004020984,0.0065720114875253794,1.0048841721247221,0.008650637367296312,1.004465498580155
2.7720000000000002,0.20578615837687764,0.008650637367296312,1.004465498580155,0.010773067566359594,1.009726565422069
2.774,0.19682231311266296,0.010773067566359594,1.009726565422069,0.012343780391514758,1.0118120005556193
2.7760000000000002,0.1877207668282982,0.012343780391514758,1.0118120005556193,0.014543737649607239,1.014544639464259
2.778,0.17848742230157794,0.014543737649607239,1.014544639464259,0.016420040555551917,1.0185656528517895
2.7800000000000002,0.1691282889183466,0.016420040555551917,1.0185656528517895,0.01834474120012856,1.014850633469271
2.782,0.15964947899116944,0.01834474120012856,1.014850633469271,0.02068242293226997,1.0186612837899833
2.7840000000000003,0.15005720398761635,0.02068242293226997,1.0186612837899833,0.0227764909399429,1.014802360695229
2.786,0.14035777067029187,0.0227764909399429,1.014802360695229,0.024805997998357497,1.0169761795032632
2.7880000000000003,0.13055757715070945,0.024805997998357497,1.0169761795032632,0.026971130481657907,1.011951268682438
2.79,0.12066310885930479,0.026971130481657907,1.011951268682438,0.02868676732974803,1.0116967979080085
2.7920000000000003,0.11068093443382934,0.02868676732974803,1.0116967979080085,0.030344011841305134,1.007993106965655
2.794,0.10061770152857628,0.030344011841305134,1.007993106965655,0.032899297066128555,1.005021683733167
2.7960000000000003,0.09048013254684233,0.032899297066128555,1.005021683733167,0.03453308761374657,1.0035979641682753
2.798,0.08027502029919538,0.03453308761374657,1.0035979641682753,0.036869638810411554,0.9991017444063756
2.8000000000000003,0.07000922359010923,0.036869638810411554,0.9991017444063756,0.03849744483981064,0.9916440020311336
2.802,0.05968966273571426,0.03849744483981064,0.9916440020311336,0.04083303059284035,0.984445556811654
2.8040000000000003,0.049323315015291566,0.04083303059284035,0.984445556811654,0.04243527669863532,0.9807785479250818
2.806,0.03891721005945892,0.04243527669863532,0.9807785479250818,0.04484132252346879,0.969550776415545
2.8080000000000003,0.02847842517779515,0.04484132252346879,0.969550776415545,0.045937255340501755,0.9610574865615675
2.81,0.018014080628949446,0.045937255340501755,0.9610574865615675,0.04816514667770936,0.9551587185275984
2.8120000000000003,0.007531334836171535,0.04816514667770936,0.9551587185275984,0.05038337826629406,0.9459926263196727
2.814,-0.002962620448627858,0.05038337826629406,0.9459926263196727,0.05199317266596035,0.936822811576076
2.816,-0.013460565029199692,0.05199317266596035,0.936822811576076,0.05379312445944274,0.9260352797578744
2.818,-0.023955255194429613,0.05379312445944274,0.9260352797578744,0.05568744296751489,0.9204896112843637
2.82,-0.03443942868975208,0.05568744296751489,0.9204896112843637,0.05778615418390002,0.9018500391404413
2.822,-0.0449058097272379,0.05778615418390002,0.9018500391404413,0.05920602507314197,0.8904312031432953
2.824,-0.05534711403090621,0.05920602507314197,0.8904312031432953,0.06083343055683333,0.8770358438834396
2.826,-0.06575605391402262,0.06083343055683333,0.8770358438834396,0.0627449476348117,0.8668615901762585
2.828,-0.07612534338476301,0.0627449476348117,0.8668615901762585,0.06450948207475089,0.8495234483177649
2.83,-0.08644770327690743,0.06450948207475089,0.8495234483177649,0.06599978077265005,0.8341826240690222
2.832,-0.09671586640190812,0.06599978077265005,0.8341826240690222,0.06789739248995097,0.8209646216073189
2.834,-0.1069225827188472,0.06789739248995097,0.8209646216073189,0.06974889184808947,0.8044306500801821
2.836,-0.11706062451859843,0.06974889184808947,0.8044306500801821,0.07131272996355176,0.789940044469585
2.838,-0.12712279161860496,0.07131272996355176,0.789940044469585,0.07264519328021625,0.7685970471848266
2.84,-0.1371019165645045,0.07264519328021625,0.7685970471848266,0.07389863067243957,0.7567438036000219
2.842,-0.14699086983499773,0.07389863067243957,0.7567438036000219,0.07591095903433445,0.7377892738240742
2.844,-0.15678256504607987,0.07591095903433445,0.7377892738240742,0.07722183828961349,0.7181534381013583
2.846,-0.16646996415098655,0.07722183828961349,0.7181534381013583,0.07839515775915729,0.6987216337573009
2.848,-0.17604608263194943,0.07839515775915729,0.6987216337573009,0.0800256108566612,0.6813071738004177
2.85,-0.1855039946800246,0.0800256108566612,0.6813071738004177,0.08110523742266772,0.6600433090946504
2.852,-0.19483683835908994,0.08110523742266772,0.6600433090946504,0.08254395659120375,0.640938325070795
2.854,-0.20403782075021373,0.08254395659120375,0.640938325070795,0.08350505962614377,0.622838244398658
2.856,-0.21310022307244988,0.08350505962614377,0.622838244398658,0.08491897542362806,0.5980717683879272
2.858,-0.22201740577629062,0.08491897542362806,0.5980717683879272,0.08631549308283036,0.5782811882319889
2.86,-0.23078281360574932,0.08631549308283036,0.5782811882319889,0.08711036207239557,0.5550317183992205
2.862,-0.2393899806253256,0.08711036207239557,0.5550317183992205,0.08797643122839512,0.5299540389442967
2.864,-0.24783253520783247,0.08797643122839512,0.5299540389442967,0.08875448975132089,0.5105053075564722
2.866,-0.25610420497928077,0.08875448975132089,0.5105053075564722,0.08979576933034063,0.4858103409662459
2.868,-0.26419882171687664,0.08979576933034063,0.4858103409662459,0.09093008532297003,0.45842659672316716
2.87,-0.2721103261962938,0.09093008532297003,0.45842659672316716,0.09192895723674545,0.43640417975830315
2.872,-0.2798327729842784,0.09192895723674545,0.43640417975830315,0.09291218857635446,0.41444519771574057
2.874,-0.28736033517282045,0.09291218857635446,0.41444519771574057,0.09363242424267179,0.3872294660276514
2.876,-0.2946873090509456,0.09363242424267179,0.3872294660276514,0.09416011330909599,0.36098228259899273
2.878,-0.3018081187103929,0.09416011330909599,0.36098228259899273,0.09497676689779748,0.33222464965524784
2.88,-0.3087173205812966,0.09497676689779748,0.33222464965524784,0.09553939725745425,0.30611587650347455
2.882,-0.31540960789414174,0.09553939725745425,0.30611587650347455,0.09615442907713646,0.27960883536950215
2.884,-0.32187981506422625,0.09615442907713646,0.27960883536950215,0.0965160978683867,0.24935381106144594
2.886,-0.32812292199490545,0.0965160978683867,0.24935381106144594,0.09721200707875932,0.218925307598297
2.888,-0.33413405829593273,0.09721200707875932,0.218925307598297,0.09732537814410273,0.1963585914418589
2.89,-0.3399085074132626,0.09732537814410273,0.1963585914418589,0.09723488077452404,0.16226431527279248
2.892,-0.34544171066667567,0.09723488077452404,0.16226431527279248,0.09818094274549957,0.1302386349569008
2.894,-0.350729271191697,0.09818094274549957,0.1302386349569008,0.0987690001124047,0.09780960309039856
2.896,-0.3557669577822588,0.0987690001124047,0.09780960309039856,0.09868097820380357,0.07526199545799672
2.898,-0.36055070863066335,0.09868097820380357,0.07526199545799672,0.09865979004843549,0.040983459688869836
2.9,-0.3650766349614009,0.09865979004843549,0.040983459688869836,0.09857162511244573,0.010040448553105355
2.902,-0.36934102455549184,0.09857162511244573,0.010040448553105355,0.0986320379705198,-0.01724794643865067
2.904,-0.3733403451620303,0.0986320379705198,-0.01724794643865067,0.0983382809267746,-0.03656616404262922
2.906,-0.3770712477936958,0.0983382809267746,-0.03656616404262922,0.09805031839086523,-0.060666907790081555
2.908,-0.3805305699030588,0.09805031839086523,-0.060666907790081555,0.09814544148231097,-0.0829788041436481
2.91,-0.38371533843657507,0.09814544148231097,-0.0829788041436481,0.09814490379374972,-0.09959806325419344
2.912,-0.38662277276321394,0.09814490379374972,-0.09959806325419344,0.09736848620340512,-0.12030648631305628
2.914,-0.38925028747479173,0.09736848620340512,-0.12030648631305628,0.09723604320881075,-0.1415620935194051
2.916,-0.3915954950550836,0.09723604320881075,-0.1415620935194051,0.09708555139766858,-0.1618732842434767
2.918,-0.3936562084149408,0.09708555139766858,-0.1618732842434767,0.09690137703079714,-0.1822731827933724
2.92,-0.39543044329065963,0.09690137703079714,-0.1822731827933724,0.09650184418384884,-0.20157376539231564
2.922,-0.3969164205029916,0.09650184418384884,-0.20157376539231564,0.09603201983058571,-0.2234007298130353
2.924,-0.3981125680742094,0.09603201983058571,-0.2234007298130353,0.09527311337541716,-0.2456528945859716
2.926,-0.39901752320079786,0.09527311337541716,-0.2456528945859716,0.09496064959536424,-0.262682576530726
2.928,-0.39963013407937886,0.09496064959536424,-0.262682576530726,0.09469704050623912,-0.28334446349850134
2.93,-0.3999494615836086,0.09469704050623912,-0.28334446349850134,0.09370831426977211,-0.3078442709375767
2.932,-0.39997478078986826,0.09370831426977211,-0.3078442709375767,0.09307806449499598,-0.3290726454914137
2.934,-0.39970558234967485,0.09307806449499598,-0.3290726454914137,0.09259166768416366,-0.34878781678426884
2.936,-0.3991415737068411,0.09259166768416366,-0.34878781678426884,0.09138689700788619,-0.37373683597862684
2.938,-0.3982826801575197,0.09138689700788619,-0.37373683597862684,0.09103963106234596,-0.3934211161511025
2.94,-0.3971290457513734,0.09103963106234596,-0.3934211161511025,0.08988849286443508,-0.41329231870478716
2.942,-0.3956810340322235,0.08988849286443508,-0.41329231870478716,0.08898291122819665,-0.43776687499072364
2.944,-0.39393922861664477,0.08898291122819665,-0.43776687499072364,0.08805093991508602,-0.4625512591638249
2.946,-0.3919044336090805,0.08805093991508602,-0.4625512591638249,0.08735624182396957,-0.482310067622953
2.948,-0.38957767385217995,0.08735624182396957,-0.482310067622953,0.0860677194239876,-0.5024539727888637
2.95,-0.38696019501116724,0.0860677194239876,-0.5024539727888637,0.0852832163913747,-0.5219570140111467
2.952,-0.3840534634911812,0.0852832163913747,-0.5219570140111467,0.0840560540786351,-0.5457826707972744
2.954,-0.3808591661866365,0.0840560540786351,-0.5457826707972744,0.08290998146440248,-0.5657036134561868
2.956,-0.3773792100617963,0.08290998146440248,-0.5657036134561868,0.08182335555535328,-0.5820429129274907
2.958,-0.37361572156185247,0.08182335555535328,-0.5820429129274907,0.08055348331197518,-0.5983903864774011
2.96,-0.3695710458539563,0.08055348331197518,-0.5983903864774011,0.07941884824098275,-0.6206385268422189
2.962,-0.365247745897749,0.07941884824098275,-0.6206385268422189,0.07806013159798378,-0.6412020815349482
2.964,-0.3606486013451048,0.07806013159798378,-0.6412020815349482,0.07690601938804599,-0.6572138966462319
2.966,-0.35577660726888494,0.07690601938804599,-0.6572138966462319,0.07509737784436173,-0.6755039304135202
2.968,-0.35063497272067773,0.07509737784436173,-0.6755039304135202,0.07406959874918964,-0.6934665036967638
2.97,-0.3452271191176002,0.07406959874918964,-0.6934665036967638,0.07263461864547083,-0.7152141492773042
2.972,-0.3395566784584054,0.07263461864547083,-0.7152141492773042,0.07084757840936767,-0.7259614138353587
2.974,-0.3336274913692204,0.07084757840936767,-0.7259614138353587,0.06964059030916121,-0.748862593039506
2.976,-0.32744360497944996,0.06964059030916121,-0.748862593039506,0.0681358041622066,-0.7626881338299627
2.978,-0.3210092706284504,0.0681358041622066,-0.7626881338299627,0.06614268623648976,-0.7819847436108714
2.98,-0.31432894140375145,0.06614268623648976,-0.7819847436108714,0.0646061629104354,-0.7917928041018021
2.982,-0.30740726951174535,0.0646061629104354,-0.7917928041018021,0.06330358721096051,-0.8072456157276294
2.984,-0.30024910348188044,0.06330358721096051,-0.8072456157276294,0.06172888748984643,-0.8194226368943559
2.986,-0.2928594852055175,0.06172888748984643,-0.8194226368943559,0.05958353548098414,-0.8345597474623411
2.988,-0.285243646810857,0.05958353548098414,-0.8345597474623411,0.058144986767921535,-0.8492000254049499
2.99,-0.27740700737528073,0.058144986767921535,-0.8492000254049499,0.05648324423705224,-0.8591883468597669
2.992,-0.26935516947682986,0.05648324423705224,-0.8591883468597669,0.05479826536582723,-0.8734832523893142
2.994,-0.2610939155864599,0.05479826536582723,-0.8734832523893142,0.05299167157338547,-0.877585924628734
2.996,-0.2526292043030355,0.05299167157338547,-0.877585924628734,0.051093262363543,-0.8954382579378481
2.998,-0.24396716643300348,0.051093262363543,-0.8954382579378481,0.0495554131268642,-0.9007110033636225
