time_s,measured_position_rad,measured_velocity_rad_s,nominal_position_rad,nominal_velocity_rad_s,fitted_position_rad,fitted_velocity_rad_s
0.0,6.947235373208621e-05,-0.004675712311912167,6.947235373208621e-05,-0.004675712311912167,6.947235373208621e-05,-0.004675712311912167
0.002,-6.77715665930241e-05,-0.001366177638633724,9.651639296434429e-05,0.013522019616129036,6.078228888654247e-05,-0.004345032422771873
0.004,0.00013258532441610336,9.539166791142663e-05,0.00015952138954879278,0.03150249829222424,5.270752338777319e-05,-0.004037382749384642
0.006,-0.0004194587904077839,0.015929785694994574,0.0002582495173277101,0.04936406388945866,4.520515797833786e-05,-0.0037511827047176614
0.008,-0.00017150143411514526,0.027246990395499222,0.00039276320202987327,0.06725684235108158,6.736307792979994e-05,0.01107895997573104
0.01,-0.00018033133984651475,0.04106243920201793,0.0005633758269990422,0.0853063124845845,0.00011780623873000135,0.025221580400100703
0.012,0.00031851107937124265,0.0518933781243856,0.0007705592616923506,0.10359171734665415,0.00019546371109602565,0.03882873618301215
0.014,0.0004968859398738494,0.059526594055072185,0.0010148687027142387,0.12215472051094405,0.0002996813449794172,0.05210881694169578
0.016,0.0008033250461331063,0.07244676736485327,0.0012968950757572424,0.14101318652150185,0.00043018356608197415,0.06525111055127845
0.018000000000000002,0.0004030419409966383,0.08512773775932317,0.0016172380312511339,0.1601714777469457,0.0005869810580917577,0.0783987460048918
0.02,0.000571278717458915,0.09471160390890805,0.001976491353780135,0.17962666126450055,0.0007702802786018791,0.09164961025506067
0.022,0.0009521857062689758,0.10629171002609328,0.002375235164644593,0.19937190543222896,0.000980412704341655,0.10506621286988795
0.024,0.0013572096354020457,0.11788071871892526,0.002814031655705181,0.21939824553029397,0.0012177846690247657,0.11868598234155532
0.026000000000000002,0.0019234102828291195,0.12694910390612896,0.0032934226048572887,0.23969547457605386,0.0014828435947163128,0.13252946284577352
0.028,0.0020249483693161297,0.143090732643444,0.0038139277752960287,0.2602525852193701,0.0017760559452994836,0.14660617529158537
0.03,0.002042708384190593,0.15669099148825472,0.004376043751114276,0.28105798790912384,0.002097893097763357,0.16091857623193673
0.032,0.00232723545214367,0.16357952470622195,0.004980242991196872,0.3020996200412977,0.0024488223720960977,0.1754646371663703
0.034,0.003161441816586424,0.17897802442237648,0.005626972997278636,0.32336500304088156,0.0028293013366016925,0.19023948225279738
0.036000000000000004,0.0030164035441149653,0.19600853584875094,0.006316655547457788,0.3448412750895762,0.003239774152230412,0.20523640781435973
0.038,0.003498404651090019,0.20868734477848938,0.0070496859729583285,0.36651521275027,0.0036806691666948746,0.22044750723223133
0.04,0.004471653401419308,0.22259492931545188,0.007826432468403952,0.388373247722812,0.004152397265762838,0.23586404953398185
0.042,0.0042665383158960206,0.23519546999737567,0.008647235431639975,0.4104014816180118,0.004655350680076085,0.2514767071566233
0.044,0.0050789485214907245,0.25046031810407515,0.009512406831768093,0.4325857000640591,0.005189902065917288,0.26727569292060166
0.046,0.005896552621094606,0.2676998753963343,0.01042222960523047,0.4549113867311886,0.0057564037523645546,0.28325084322363325
0.048,0.0061216265257093855,0.28300805780897464,0.011376957080285606,0.47736373752756833,0.006355187092110346,0.29939166987289567
0.05,0.006662327303801963,0.29637249050353764,0.012376812430423859,0.49992767506912655,0.006986561879952898,0.315687393921276
0.052000000000000005,0.007585122377656353,0.3161072125923497,0.013421988157341674,0.5225878634589071,0.007650815818670189,0.33212696935864505
0.054,0.008181255789447348,0.33247303444625553,0.01451264560410524,0.5453287233817828,0.008348214021080125,0.34869910120496816
0.056,0.009202662738971976,0.34907218691645536,0.01564891449911962,0.5681344475071913,0.009078998542284914,0.36539226060239494
0.058,0.00952195617466737,0.3651523120771246,0.016830892531492978,0.5909890161866792,0.009843387939023533,0.3821946983693089
0.06,0.010782870281101224,0.3845161563210002,0.018058644958353656,0.6138762134303385,0.010641576854680122,0.3990944578282947
0.062,0.011053768731555369,0.3996954002965945,0.01933220424464343,0.6367796431448876,0.011473735629381986,0.4160793873509326
0.064,0.012103744576982434,0.4157177102154953,0.020651569735874255,0.6596827456154136,0.012340009935093108,0.4331371528555607
0.066,0.012666169578968347,0.43372994766986195,0.022016707364298897,0.6825688142123213,0.013240520435852197,0.4502552503795449
0.068,0.013584146082253657,0.450372611154616,0.02342754938890826,0.7054210123046815,0.014175362473421604,0.467421018784704
0.07,0.014904840430287848,0.46918658178945233,0.02488399416963003,0.7282223903608853,0.015144605778662246,0.4846216526203207
0.07200000000000001,0.0155923545396884,0.4922964136097243,0.02638590597606455,0.7509559032172601,0.01614829420896161,0.5018442151496821
0.074,0.016627429187974017,0.5099687469281946,0.027933114831054706,0.7736044274950787,0.017186445512033917,0.5190756515361542
0.076,0.017587086451654407,0.5235914020699415,0.02952541638934711,0.7961507791462016,0.018259051116392824,0.5363028021794544
0.078,0.018517072494074433,0.5458136410278837,0.031162571851561936,0.8185777311074127,0.01936607594877264,0.5535124161899083
0.08,0.019798019389721457,0.5581335797523072,0.03284430791364866,0.8408680310433612,0.02050745827874645,0.5706911649869041
0.082,0.020805437411455793,0.579892916194442,0.03457031675196444,0.8630044191578905,0.021683109590760204,0.5878256560068774
0.084,0.022092789015224608,0.5965742094924633,0.036340256044071303,0.884969646053433,0.022892914483771513,0.6049024465056541
0.08600000000000001,0.02355873333110846,0.6168365307538188,0.03815374902530743,0.9067464906180618,0.024136730598650843,0.6219080574396646
0.088,0.024877027263862452,0.6330946744348643,0.0400103845811469,0.9283177779197351,0.02541438857347154,0.6388289874103493
0.09,0.026185415731307667,0.65192111374,0.041909717375321356,0.9496663970872292,0.026725692026783418,0.6556517266559382
0.092,0.027944962692016285,0.6701867937487591,0.04385126801363585,0.970775319157245,0.028070417568932818,0.6723627710747005
0.094,0.02862535644672156,0.6871803791256706,0.045834523243370215,0.9916276148671832,0.029448314841460217,0.6889486362637002
0.096,0.030213781674960746,0.7040147090464944,0.04785893618811645,1.0122064723731172,0.030859106584574327,0.7053958715570557
0.098,0.03139410052604239,0.7186467192572777,0.049923926617861554,1.0324952148725526,0.032302488732669714,0.7216910740476924
0.1,0.03295546701185998,0.7346123214499982,0.05202888125408484,1.052477318111643,0.03377813053782287,0.7378209025765783
0.10200000000000001,0.034343898504934384,0.7530704444506104,0.05417315410959812,1.0721364277566408,0.0352856747211698,0.7537720916734624
0.10400000000000001,0.03622080154779816,0.7678791872195648,0.0563560668628171,1.0914563766094885,0.03682473765203616,0.7695314654331774
0.106,0.03756263829215694,0.7874506406244685,0.05857690926611233,1.1104212016476145,0.03839490955465942,0.7850859513116317
0.108,0.03918222618674985,0.8057800122293288,0.06083493958784868,1.1290151608681749,0.03999575474231081,0.8004225938256971
0.11,0.04070136469190721,0.8188750131968268,0.06312938508768305,1.1472227499171839,0.041626811878593406,0.8155285681412984
0.112,0.04290488693722012,0.8317964968739933,0.06545944252465145,1.1650287184842036,0.043287594265661665,0.8303911935341289
0.114,0.04416776896299849,0.851385336390868,0.06782427869753849,1.1824180864435154,0.04497759015907677,0.8449979467075537
0.116,0.04593399014143992,0.8624578100021059,0.07022303101698442,1.199376159722966,0.046696263108981596,0.8593364749524127
0.11800000000000001,0.04777957399821655,0.8766309461944759,0.07265480810874839,1.2158885458819813,0.048443052327248826,0.8733946091336151
0.12,0.04932709601169205,0.896469197951994,0.0751186904475095,1.2319411693805606,0.05021737308022602,0.8871603764885987
0.122,0.05135765650546704,0.9080357325966665,0.07761373102055232,1.247520286521408,0.05201861710667191,0.9006220132229434
0.124,0.05323436850585774,0.9217697410686954,0.08013895602064776,1.2626125000477209,0.05384615306044921,0.9137679768886479
0.126,0.0549519995463266,0.9366505071832553,0.08269336556740686,1.2772047733795506,0.05569932697751086,0.9265869585308236
0.128,0.05704612781858709,0.9465852230458376,0.08527593445635097,1.2912844444720502,0.0575774627666885,0.9390678945888215
0.13,0.05886593529460839,0.957825580228127,0.08788561293490971,1.3048392392793666,0.05947986272376466,0.9511999785380787
0.132,0.06074697140142933,0.9724291295989034,0.09052132750452646,1.3178572848083798,0.061405808068283205,0.9629726722592716
0.134,0.06320234405778764,0.9847342826035305,0.09318198174802039,1.3303271217469674,0.06335455950252654,0.974375717121665
0.136,0.06482633400268027,0.9945278064172954,0.09586645718132432,1.3422377166519661,0.06532535779206229,0.9853991447678768
0.138,0.06664522281864667,1.0049063947117054,0.09857361412868934,1.3535784736825145,0.06731742436723752,0.9960332875876151
0.14,0.06909844456764647,1.0123203825005194,0.10130229262041933,1.364339245864991,0.06932996194497412,1.0062687888683024
0.14200000000000002,0.07065472089347295,1.0297627094788997,0.10405131331217196,1.374510345876313,0.07136215517019587,1.01609661261087
0.14400000000000002,0.07286985706158666,1.0377418084684715,0.10681947842483781,1.384082556332928,0.07341317127619465,1.025508052999392
0.146,0.07494467612588214,1.0442648054944608,0.10960557270398463,1.3930471395734114,0.07548216076322191,1.0344947435136278
0.148,0.0772438131759926,1.054406893244471,0.112408364397831,1.4013958469231875,0.07756825809456981,1.0430486656739495
0.15,0.07908089752561677,1.0595008104702524,0.115226606252692,1.4091209274305017,0.07967058240938693,1.051162157408562
0.152,0.08110997254189405,1.0686924771756001,0.1180590365248188,1.416215136063404,0.08178823825145365,1.0588279210333555
0.154,0.08371061265749545,1.0771567162084166,0.1209043800075351,1.422671741358146,0.08392031631312402,1.0660390308351835
0.156,0.08595904810696987,1.0841065638730185,0.12376134907255519,1.4284845325100461,0.08606589419362365,1.0727889402498145
0.158,0.08784065596252391,1.0939370327958327,0.12662864472435229,1.4336478258985526,0.08822403717087622,1.079071488626286
0.16,0.08992969029440165,1.1001367798405084,0.12950495766643008,1.4381564710389003,0.09039379898601595,1.0848809075698604
0.162,0.09247745808990589,1.102116078603391,0.132388969378337,1.442005855953458,0.09257422263972852,1.0902118268562824
0.164,0.09462371569638989,1.105346631802274,0.1352793532022501,1.4451919119565482,0.09476434119954959,1.0950592799105323
0.166,0.09697663464433615,1.1123491669610888,0.13817477543794457,1.4477111178472348,0.09696317861723715,1.0994187088437826
0.168,0.09913243031960879,1.1152232608446533,0.14107389644495513,1.4495605035052817,0.09916975055532269,1.1032859690427754
0.17,0.1013482613330065,1.1173661379771571,0.14397537175072753,1.4507376528861997,0.10138306522193544,1.1066573333063705
0.17200000000000001,0.10359272815466485,1.118073931794539,0.1468778531635516,1.4512407064120314,0.10360212421298451,1.1095294955245345
0.17400000000000002,0.10588386743756782,1.1244148165151755,0.14977998988906208,1.451068362755236,0.10582592336077568,1.111899573895585
0.176,0.10814256975183273,1.125989766463373,0.15268042964908962,1.4502198800137776,0.10805345358813176,1.1137651136780384
0.178,0.11013948713924555,1.1265377761304174,0.1555778198016421,1.4486950762762418,0.11028370176707968,1.1151240894739591
0.18,0.11243623621510329,1.1267811887361832,0.15847080846079517,1.4464943295765433,0.11251565158116218,1.1159749070412555
0.182,0.11459094618138639,1.1307859266390583,0.1613580456152722,1.4436185772385106,0.11474828439042802,1.1163164046329168
0.184,0.11700392078473933,1.125696310316881,0.16423818424449493,1.4400693146113706,0.1169805800981515,1.1161478538617458
0.186,0.11925327107688778,1.125882572262297,0.1671098814308907,1.4358485931978766,0.11921151801833088,1.1154689600896885
0.188,0.12130234649586008,1.124085473941251,0.1699717994672458,1.4309590181775504,0.12144007774301374,1.1142798623414278
0.19,0.12348141638772851,1.1234804143338788,0.17282260695790225,1.4254037453282236,0.12366524000849866,1.112581132742456
0.192,0.12615755107475574,1.120299644325861,0.17566097991260182,1.4191864773497807,0.12588598755946345,1.1103737754824035
0.194,0.12867272718489006,1.1202252194775666,0.17848560283179124,1.412311459594708,0.12810130601007336,1.1076592253049509
0.196,0.13043271700601658,1.113425595802053,0.18129516978221275,1.4047834752107562,0.13031018470112576,1.1044393455262065
0.198,0.13237613017183883,1.1129723443850073,0.18408838546161616,1.3966078397017099,0.13251161755229374,1.10071642558398
0.2,0.1346699955981534,1.107472802046879,0.18686396625144203,1.387790394912941,0.1347046039085356,1.0964931781209288
0.202,0.13694573903702753,1.1032380288226213,0.1896206412563402,1.3783375024490947,0.13688814937974578,1.0917727356050975
0.20400000000000001,0.13897100278157834,1.0949951872688046,0.19235715332940403,1.36825603653191,0.13906126667272958,1.0865586464919048
0.20600000000000002,0.1412603791009373,1.0903546513895475,0.1950722600820177,1.3575533763068344,0.14122297641459391,1.0808548709321684
0.20800000000000002,0.14367403612996255,1.084867337996634,0.19776473487723312,1.3462373976077129,0.14337230796665648,1.074665776031279
0.21,0.14597228691197484,1.0750454857457141,0.20043336780561205,1.3343164641894694,0.1455083002279868,1.067996130665158
0.212,0.14803067303082018,1.0689846649460566,0.20307696664249061,1.3217994184392867,0.14763000242770508,1.0608510998591403
0.214,0.15000438106219297,1.061288860212491,0.2056943577856454,1.3086955715773991,0.14973647490517794,1.0532362387364318
0.216,0.15203915815571897,1.054654826663568,0.20828438717236375,1.2950146933591755,0.1518267898772645,1.0451574860432815
0.218,0.15429574267678867,1.0472632828483583,0.21084592117494522,1.280767001290737,0.1539000321917815,1.0366211572584956
0.22,0.15656311295880876,1.0347252383086167,0.21337784747368702,1.2659631493708936,0.1559553000663723,1.0276339372953958
0.222,0.158311290012886,1.0289638170622326,0.21587907590643243,1.2506142163727065,0.15799170581198188,1.0182028728047907
0.224,0.1598915941112718,1.0161020233917366,0.21834853929378942,1.2347316936784951,0.16000837654015784,1.0083353640879815
0.226,0.16211144669795016,1.0080996838365806,0.2207851942391546,1.2183274726825897,0.16200445485341639,0.9980391566292651
0.228,0.16410812471975933,0.994069400079155,0.2231880219027078,1.2014138317766052,0.16397909951793205,0.987322332257834
0.23,0.16642004269002783,0.985256533145549,0.22555602874857272,1.1840034229324572,0.16593148611783082,0.9761932999493832
0.232,0.16847236883779249,0.9692347584019211,0.22788824726437026,1.1661092578987746,0.1678608076903871,0.9646607862781466
0.234,0.17035591411955023,0.9641882519000718,0.2301837366524238,1.1477446940267715,0.16976627534144806,0.9527338255304727
0.23600000000000002,0.17221581887283188,0.9503511734704008,0.23244158349190785,1.1289234197420288,0.17164711884043093,0.9404217494914322
0.23800000000000002,0.173963168682243,0.9380181258079996,0.23466090237126588,1.1096594396790098,0.17350258719426356,0.9277341769163109
0.24,0.1758189411652945,0.9214074575718927,0.23684083649025683,1.089967059495475,0.17533194919966194,0.9146810026991936
0.242,0.17760780048182445,0.9082923592662888,0.23898055823102543,1.0698608703842927,0.1771344939731643,0.9012723867511796
0.244,0.17928839422208398,0.8955563352894568,0.24107926969762633,1.0493557333004495,0.1789095314583665,0.8875187426010889
0.246,0.18126854619192614,0.8811768123486903,0.24313620322346902,1.0284667629213382,0.18065639290983015,0.873430725731825
0.248,0.18282238902810702,0.8670202691956714,0.24515062184618638,1.007209311358677,0.18237443135316184,0.8590192216658465
0.25,0.184080403288697,0.8549880915659368,0.24712181974946767,0.9855989516406437,0.18406302202078878,0.8442953338134754
0.252,0.18602368733422994,0.8362204556695327,0.24904912267143373,0.9636514609830316,0.18572156276298482,0.8292703710980227
0.254,0.18799343787990752,0.8223035043493976,0.25093188827917057,0.941382803868433,0.18734947443372874,0.813955835371956
0.256,0.18958647819022237,0.8079566366256006,0.2527695065090758,0.9188091149526278,0.18894620125100584,0.7983634086385549
0.258,0.19125909426987323,0.791569223416686,0.2545613998727108,0.8959466818175107,0.19051121113119324,0.7825049400937053
0.26,0.19218665681504524,0.7740718581962267,0.2563070237278909,0.8728119275900222,0.1920439959971986,0.7663924330026766
0.262,0.19404726502917297,0.7586030496339757,0.2580058665147842,0.8494213934466603,0.1935440720600524,0.7500380314268955
0.264,0.19588380252912413,0.7413211485040117,0.25965744995683065,0.8257917210232361,0.19501098007368417,0.733454006815886
0.266,0.19729602963369758,0.7213487057231794,0.2612613292263299,0.8019396347496061,0.19644428556264354,0.7166527444796823
0.268,0.19840076138138518,0.7089017186378073,0.2628170930745882,0.7778819241291616,0.19784357902255784,0.6996467299571433
0.27,0.19972897412666749,0.6938477226509004,0.26432436392655395,0.7536354259828757,0.19920847609314923,0.6824485352956975
0.272,0.20164500125119958,0.6775079780525631,0.2657827979399094,0.7292170066777186,0.20053861770366552,0.6650708052581357
0.274,0.20304454554472726,0.656773792050392,0.26719208502862785,0.7046435443592295,0.20183367019060977,0.6475262434721324
0.276,0.2039710289297744,0.6395111278414811,0.26855194885104383,0.6799319112080003,0.20309332538768624,0.629827598538232
0.278,0.20505236911729985,0.6230295154739065,0.26986214676252335,0.6550989557397655,0.20431730068791037,0.611987650112065
0.28,0.2063996509027743,0.6025407967919075,0.27112246973286075,0.6301614851687147,0.20550533907786353,0.5940191949765784
0.28200000000000003,0.20772619648620141,0.5856256075397623,0.27233274222856785,0.6051362478535498,0.20665720914410365,0.5759350331200631
0.28400000000000003,0.20862893430651075,0.5673372539229737,0.2734928220602592,0.5800399158456895,0.20777270505177514,0.5577479538357503
0.28600000000000003,0.2095977788970161,0.5476668197171242,0.274602600195377,0.554889067558902,0.2088516464954926,0.5394707218587228
0.28800000000000003,0.21089714697443532,0.5300563298223958,0.27566200053653606,0.5297001705795147,0.20989387862260434,0.5211160635558656
0.29,0.21184180079824005,0.5134844128589541,0.27667097966580856,0.50448956463626,0.21089927192897348,0.5026966531845675
0.292,0.21262205672121562,0.49726607694818425,0.27762952655530626,0.4792734447488503,0.21186772212744534,0.48422509923593565
0.294,0.21387684242085983,0.4782267947957468,0.27853766224445586,0.4540678445747917,0.21279914998920224,0.46571393087845403
0.296,0.21495640173521238,0.46153811979753245,0.27939543948440676,0.4288886199754354,0.2136935011582392,0.447175584518488
0.298,0.21612299079372613,0.44051778644705947,0.28020294235006016,0.4037514328266852,0.21455074593922946,0.4286223904951323
0.3,0.21647695551491614,0.4210342449161202,0.28096028582028443,0.3786717351121409,0.2153708790590881,0.4100665599293293
0.302,0.21732487907586331,0.40265532950626653,0.2816676153270247,0.35366475337013725,0.2161539194025929,0.3915201717523989
0.304,0.21774616482073178,0.3867080148050016,0.2823251062743381,0.32874547365668594,0.21689990972249315,0.3729951599501252
0.306,0.2191862661373638,0.3685294171611562,0.28293296352919317,0.3039286274275318,0.21760891632465615,0.35450330108149364
0.308,0.21952508869102044,0.3477108907365007,0.28349142088795304,0.2792286793799402,0.21828102872901345,0.3360562021786483
0.31,0.21983092904492327,0.3326126131809842,0.28400074052788515,0.2546598199660552,0.21891635930747777,0.3176652892321665
0.312,0.22073748058591078,0.3115349670128464,0.2844612124671559,0.2302359696353554,0.2195150429008074,0.2993417966648128
0.314,0.22114529508944267,0.2889553534480576,0.28487315409328084,0.20597081306248088,0.22007723641800866,0.28109675860063343
0.316,0.22158828392451052,0.2721660542414769,0.28523690991364364,0.18187791018139837,0.22060311842510766,0.26294100354949496
0.318,0.22259448671653256,0.25086121716423027,0.2855528519192241,0.1579710027902248,0.2210928887366153,0.2448851557538232
0.32,0.22287320240649255,0.23234145152355268,0.2858213815460828,0.134264813429346,0.22154676803596152,0.22693964967310815
0.322,0.22360396367942434,0.21023836816406213,0.28604293566511363,0.11077705951542188,0.2219649975768352,0.2091147704368384
0.324,0.22371457813810422,0.1943881474119581,0.28621800238244377,0.08753335866508093,0.22234783906780564,0.19142074548522464
0.326,0.2240335610543933,0.1746068626258031,0.286347159319373,0.06457846846460297,0.22269557494078487,0.17386793648961094
0.328,0.22454759886834352,0.1523917219200303,0.2864311566873386,0.041998683982815394,0.22300850939269068,0.15646722595290813
0.33,0.2245363281575649,0.1354052529669721,0.28647106053188315,0.01995192227228364,0.223286970946678,0.1392307769936484
0.332,0.2249256632842832,0.11431819509778829,0.28646838279415465,-0.0013388688642354957,0.22353131793727266,0.1221734952973357
0.334,0.22538278528092748,0.09659908839942478,0.2864249694679898,-0.02170666308244029,0.22374194948412673,0.10531577342703566
0.336,0.22516482641949292,0.073972977353385,0.28634260096299896,-0.04118425249542649,0.22391932639790785,0.08868845689055106
0.338,0.22517803463870567,0.056478799179854065,0.2862227019605916,-0.05994950120369992,0.22406400895753106,0.07234127981160206
0.34,0.22546965241256092,0.04257382955820389,0.2860663477013482,-0.07817712962168179,0.22417672004429914,0.056355543384039225
0.342,0.22593470073737087,0.024380766327426442,0.2858743886673929,-0.09597951697764699,0.22425843708876683,0.04085852223385054
0.34400000000000003,0.2253291863258262,0.005026562667650242,0.28564755683933524,-0.11341591402883842,0.2243104934095316,0.026028160382385805
0.34600000000000003,0.22542052747968316,-0.005307380420214306,0.28538652922222757,-0.1305138085538208,0.22433462557984524,0.012066085156811606
0.34800000000000003,0.2257474044873675,-0.015576746184887342,0.28509196103652973,-0.14728409284892618,0.22433288418710026,-0.0008706963724935783
0.35000000000000003,0.2252036349410339,-0.02388407035560522,0.28476450196004566,-0.16372953824204126,0.22430740849107478,-0.012737848012736508
0.352,0.22538071265112936,-0.03937082053790851,0.2844048036779203,-0.1798491410626763,0.22426019062964764,-0.02360893071357251
0.354,0.2254469762748015,-0.03925777892917808,0.28401352311474914,-0.1956402815855895,0.22419294650377455,-0.03362206293654577
0.356,0.2252672070101357,-0.04745795299080275,0.2835913235407201,-0.21109978701452561,0.2241070991451174,-0.042923679328582535
0.358,0.22510182439526127,-0.05793986548489391,0.283138874629173,-0.22622445577356437,0.2240038209376369,-0.05163910374024211
0.36,0.22497757027841928,-0.060419721891137625,0.2826568519933628,-0.24101131790508074,0.22388409038175208,-0.059865277942411824
0.362,0.224783625322131,-0.06639012194615979,0.2821459364621632,-0.25545776559981753,0.22374874317165663,-0.06767360504773126
0.364,0.22436537047237232,-0.07471113787109818,0.28160681322372877,-0.2695616192172064,0.22359851216334917,-0.0751155041537379
0.366,0.22459811799682672,-0.07351883080775955,0.2810401709020676,-0.2833211608305646,0.22343405677432832,-0.08222769451043045
0.368,0.22434157948566813,-0.0819762051114289,0.280446700599827,-0.2967351511202924,0.2232559839754002,-0.08903639946406205
0.37,0.22410615552335836,-0.08562514092418815,0.2798270949248222,-0.30980283750241205,0.22306486305122689,-0.09556046208664899
0.372,0.22412428596292375,-0.08878187834562999,0.2791820470098953,-0.3225239574634727,0.2228612358844819,-0.10181358337249065
0.374,0.22384945523361513,-0.09113808196709187,0.2785122495316503,-0.3348987391224787,0.22264562406668142,-0.10780590890023463
0.376,0.2236721888260713,-0.09212236948527426,0.27781839373153067,-0.346927900059826,0.22241853376938248,-0.11354514864948077
0.378,0.22322478722746328,-0.10142154237782283,0.2771011684416201,-0.3586126449552864,0.22218045903449257,-0.11903736744495413
0.38,0.22320729932887806,-0.09911390988806859,0.2763612591169765,-0.36995466232177726,0.22193188394587707,-0.12428754430775756
0.382,0.2231345939370961,-0.09998623904308197,0.27559934687599746,-0.38095612048952965,0.22167328400644049,-0.12929996971829652
0.384,0.2228093394342734,-0.10677633790378299,0.27481610755014485,-0.3916196629263117,0.22140512694865697,-0.13407852889175556
0.386,0.22290436866812918,-0.11006659484292906,0.2740122107442586,-0.4019484029431317,0.22112787313957044,-0.13862690454325802
0.388,0.22234092618811363,-0.10947536246990026,0.2731883189086271,-0.4119459178157407,0.22084197569461358,-0.14294872247842155
0.39,0.2220485853423811,-0.1120304182499149,0.27234508642394273,-0.4216162423422008,0.220547880381953,-0.1470476563302914
0.392,0.22204622763693194,-0.11000638976328882,0.2714831587002396,-0.43096386185157404,0.22024602537613752,-0.1509275029077348
0.394,0.22180653026078523,-0.11618791176758005,0.27060317129088723,-0.43999370467617255,0.21993684090363813,-0.1545922362496958
0.396,0.2214374354229646,-0.1148065607307494,0.26970574902269,-0.4487111340986236,0.21962074881137633,-0.1580460461308951
0.398,0.22101049828088848,-0.11457228230999686,0.26879150514312083,-0.4571219397845872,0.2192981620811356,-0.16129336512037148
0.4,0.22085551288447725,-0.1133240473015413,0.26786104048569687,-0.4652323287119774,0.21896948430686033,-0.16433888713763256
0.402,0.22047069807744157,-0.12150763794404468,0.2669149426544813,-0.4730489156077896,0.21863510914759368,-0.16718757963333314
0.404,0.22047465089540233,-0.11705608674437447,0.26595378522867325,-0.48057871290401244,0.21829541976571357,-0.1698446909400552
0.406,0.22049619017965305,-0.11884585496684025,0.26497812698822415,-0.4878291202245491,0.2179507882578669,-0.1723157539233333
0.40800000000000003,0.22015536888225773,-0.12155677218896899,0.26398851116139305,-0.49480791341555425,0.21760157508433764,-0.17460658676462953
0.41000000000000003,0.220088367942834,-0.11729347452941229,0.2629854646951289,-0.5015232331320839,0.21724812850135278,-0.17672329149243615
0.41200000000000003,0.21958864709018902,-0.11494990912428946,0.26196949754914,-0.507983572994453,0.21689078399991032,-0.1786722507212299
0.41400000000000003,0.21903242948228854,-0.11871493970907297,0.2609411020144836,-0.5141977673281829,0.21652986375402264,-0.18046012294384886
0.41600000000000004,0.21937830304106462,-0.12112631825506993,0.2599007520574798,-0.5201749785019045,0.21616567608074433,-0.18209383663915896
0.418,0.2188345823668157,-0.11843779810739347,0.2588489026897237,-0.5259246838780455,0.2157985149139539,-0.18358058339520533
0.42,0.2186396966073006,-0.11476425842246836,0.2577859893649405,-0.5314566623915861,0.21542865929354912,-0.18492781020239235
0.422,0.2179230986470891,-0.11265163009460935,0.2567124274033953,-0.5367809807726035,0.21505637287147453,-0.1861432110372957
0.424,0.21820133176575285,-0.11628406843739893,0.2556286114445378,-0.5419079794287427,0.21468190343580978,-0.18723471783237225
0.426,0.21799550499245182,-0.11076768082409652,0.2545349149285295,-0.5468482580041532,0.21430548245399408,-0.1882104909078481
0.428,0.21784700213584984,-0.1128075504916945,0.25343168960726586,-0.5516126606318146,0.2139273246361385,-0.1890789089277937
0.43,0.21750697466985935,-0.11244648892796202,0.2523192650854728,-0.556212260896535,0.21354762751927522,-0.18984855843164192
0.432,0.21730549377423883,-0.1078995142226656,0.2511979483924203,-0.5606583465262486,0.21316657107330664,-0.1905282229842897
0.434,0.21712442789736977,-0.10840064018990425,0.2500680235847612,-0.5649624038295646,0.21278431732934305,-0.19112687198179817
0.436,0.21669050984866645,-0.10737040307639906,0.24892975138096557,-0.5691361018978159,0.21240101003105288,-0.19165364914509087
0.438,0.21670597537751715,-0.10607219122381878,0.2477833688277853,-0.5731912765901406,0.2120167743095917,-0.19211786073058498
0.44,0.2161805215879996,-0.10287057896582812,0.2466290889991445,-0.577139914320385,0.21163171638262349,-0.19252896348410775
0.442,0.21641349122529638,-0.10085712009598748,0.2454671007278148,-0.5809941356648554,0.2112459232778984,-0.1928965523625469
0.444,0.21621607172675478,-0.10438151107714591,0.24429756837019448,-0.5847661788101566,0.2108594625818058,-0.19323034804630296
0.446,0.2155669950155479,-0.09860185159602132,0.24312063160447336,-0.588468382860552,0.21047238221327655,-0.19354018426462968
0.448,0.21576995921809797,-0.09784443130842786,0.2419364052624245,-0.5921131710244423,0.210084710223366,-0.19383599495527074
0.45,0.21532283471242616,-0.09851357214623858,0.24074497919502508,-0.5957130336997108,0.20969645462080733,-0.19412780127934204
0.452,0.21551717279847332,-0.09683575782494709,0.23954641817206948,-0.599280511477804,0.2093076032237831,-0.1944256985121028
0.454,0.21504577197413022,-0.09836511961989716,0.23834076181589645,-0.6028281780865123,0.20891812353812303,-0.19473984283003942
0.456,0.2147854957901374,-0.09296668050335528,0.23712802456931345,-0.6063686232914972,0.20852796266209403,-0.19508043801449937
0.458,0.2146414520424747,-0.09247544299267678,0.23590819569776014,-0.6099144357766569,0.2081370472179102,-0.19545772209190365
0.46,0.21471736038079545,-0.0928155030085375,0.23468123932571322,-0.6134781860234557,0.20774528331004963,-0.19588195393028554
0.462,0.2141529048073373,-0.09255069847198635,0.23344709450729453,-0.6170724092093435,0.2073525565104266,-0.1963633998115078
0.464,0.21408981065338517,-0.08747573735527693,0.23220567533100378,-0.6207095881453757,0.20695873187043068,-0.19691231999796188
0.466,0.21426627876301693,-0.08837872955635144,0.23095687105845758,-0.6244021362730997,0.20656365395980703,-0.19753895531182342
0.468,0.21391527377181785,-0.08696600711745274,0.22970054629697617,-0.6281623807407075,0.206167146932319,-0.19825351374401434
0.47000000000000003,0.21385310400739696,-0.08776141132177454,0.22843654120581944,-0.6320025455783672,0.20576901461810118,-0.1990661571089063
0.47200000000000003,0.21328562495026943,-0.08671977192706766,0.22716467173583438,-0.6359347349925296,0.20536904064258216,-0.19998698775951257
0.47400000000000003,0.213326620472919,-0.0815672057119281,0.22588472990223663,-0.639970916798874,0.20496698857182916,-0.20102603537650218
0.47600000000000003,0.21320956303811917,-0.08857928987067354,0.22459648409020982,-0.6441229060133952,0.20456260208414337,-0.20219324384289297
0.47800000000000004,0.21275162874235926,-0.08359043497425833,0.2232996793929679,-0.6484023486209547,0.20415560516771372,-0.20349845821482793
0.48,0.21226490377227245,-0.08745119070706288,0.22199403798188708,-0.6528207055404128,0.2037457023441187,-0.2049514117975097
0.482,0.21238317675718643,-0.08673693991037329,0.2206792595082766,-0.6573892368052336,0.20333257891745016,-0.2065617133342735
0.484,0.21226285042179263,-0.09000455579027739,0.2193550215363202,-0.662118985978206,0.20291590124881811,-0.20833883431602626
0.486,0.2122101001504842,-0.09057489569601111,0.21802098000668288,-0.6670207648186532,0.20249531705598217,-0.2102920964179655
0.488,0.21229704559742968,-0.08977800828330482,0.21667676973024244,-0.6721051382202151,0.2020704557378408,-0.21243065907068845
0.49,0.21204383812334363,-0.09536831573690649,0.2153220049113685,-0.6773824094369705,0.2016409287234937,-0.21476350717354065
0.492,0.21197930246596622,-0.09465073053079631,0.2139562797001378,-0.68286260561534,0.20120632984557504,-0.21729943895932727
0.494,0.21188420872995867,-0.09602490859528183,0.2125791687728401,-0.688555463648853,0.20076623573753255,-0.22004705402125177
0.496,0.2110451573909986,-0.09783785053513518,0.21119022794009512,-0.6944704163724928,0.20032020625450248,-0.2230147415150438
0.498,0.21090783812757108,-0.10071368044258142,0.20978899478186924,-0.7006165791129415,0.19986778491739943,-0.22621066855152985
0.5,0.21096951918180037,-0.10618507786947255,0.20837498930864798,-0.7070027366106362,0.19940849937980504,-0.2296427687971937
0.502,0.21067826416405705,-0.10120054029816208,0.20694771464798972,-0.7136373303291217,0.1989418619172003,-0.2333187313023608
0.504,0.21020236564085332,-0.10977417178665794,0.20550665775565624,-0.720528446166737,0.19846736993804368,-0.23724598957832155
0.506,0.20979642215521827,-0.11204912818955774,0.20405129015048581,-0.7276838025852107,0.19798450651615207,-0.24143171094580904
0.508,0.20968974064964457,-0.11664719388691075,0.20258106867214729,-0.7351107391692638,0.1974927409437968,-0.24588278617764514
0.51,0.21024658838027477,-0.11897982055321932,0.20109543626088566,-0.7428162056308182,0.19699152930488079,-0.25060581945800636
0.512,0.20977835750675275,-0.12457790202247226,0.19959382275834386,-0.7508067512709031,0.19648031506752148,-0.2556071186796498
0.514,0.20937956356220885,-0.13182518638181243,0.1980756457285202,-0.7590885149118256,0.19595852969532415,-0.2608926860986662
0.516,0.2089826981301499,-0.13145042906233745,0.19654031129789695,-0.7676672153116287,0.1954255932765961,-0.26646820936403415
0.518,0.20858512734103354,-0.1399231861995264,0.19498721501375232,-0.7765481420723132,0.19488091517072284,-0.27233905293662763
0.52,0.2087219825297867,-0.14782789796130005,0.19341574271964687,-0.7857361470527284,0.19432389467090366,-0.2785102499095871
0.522,0.20827839858666983,-0.14858354673462737,0.19182527144705394,-0.7952356362964643,0.19375392168242506,-0.28498649423930444
0.524,0.20747280326681242,-0.15643415743122313,0.190215170322085,-0.8050505624844826,0.1931703774156373,-0.29177213339387875
0.526,0.20741848516675043,-0.16253699508365643,0.18858480148624174,-0.8151844179216308,0.1925726350927895,-0.29887116142390335
0.528,0.20702782477212928,-0.1696148547508781,0.1869335210301106,-0.8256402280655667,0.19196006066787163,-0.3062872124589261
0.53,0.20681642437384554,-0.18061930514439947,0.18526067993889858,-0.8364205456060069,0.19133201355860782,-0.3140235546319091
0.532,0.20634307500749893,-0.18903998794614046,0.18356562504869542,-0.847527445101579,0.1906878473897409,-0.32208308443346784
0.534,0.20591126399532678,-0.19861313525841356,0.18184770001233355,-0.8589625181809267,0.19002691074674585,-0.3304683214975227
0.536,0.2055895154066931,-0.20658578078624534,0.18010624627370542,-0.8707268693140686,0.18934854793910555,-0.3391814038201476
0.538,0.20521065091384583,-0.21922300367988296,0.1783406040493867,-0.8828211121593633,0.18865209977227806,-0.3482240834137397
0.54,0.204375108104969,-0.22317985165300322,0.17655011331640516,-0.8952453664907774,0.18793690432747995,-0.3575977223990518
0.542,0.2039617919807605,-0.23435369200547704,0.17473411480498618,-0.9079992557094912,0.18720229774840388,-0.367303289538031
0.544,0.20376501171360803,-0.24612047718035515,0.17289195099509977,-0.9210819049432123,0.18644761503398244,-0.3773413572107213
0.546,0.20314392810193752,-0.2584785258364844,0.17102296711562798,-0.9344919397358936,0.18567219083630312,-0.38771209883966395
0.548,0.20251248282865764,-0.27030585589800976,0.1691265121449682,-0.948227485329888,0.18487536026277263,-0.39841528676524685
0.55,0.20227912117389912,-0.2797878914819273,0.16720193981188444,-0.962286166541887,0.18405645968162201,-0.4094502905753112
0.552,0.2017036472708993,-0.29319792455946336,0.1652486095954178,-0.9766651082333235,0.18321482752983795,-0.4208160758920289
0.554,0.2008989164539549,-0.3129820695482692,0.1632658877226673,-0.9913609363752346,0.18234980512260066,-0.43251120361864775
0.556,0.20021906948106905,-0.3217345812069556,0.1612531481632535,-1.0063697797069073,0.1814607374633043,-0.4445338296481867
0.558,0.19954247878685472,-0.3375302142066946,0.1592097736192796,-1.0216872719869514,0.18054697405323314,-0.45688170503558345
0.56,0.1993254718586587,-0.3500171353592247,0.15713515650961007,-1.0373085548347671,0.17960786969996478,-0.4695521766341725
0.562,0.1978363426564754,-0.3664063956025686,0.15502869994729065,-1.0532282811597051,0.17864278532357133,-0.4825421881967308
0.5640000000000001,0.19717012992153965,-0.38062359935784257,0.15288981870894158,-1.0694406191745396,0.17765108875968996,-0.49584828194068215
0.5660000000000001,0.19672043570841105,-0.3994760091512635,0.15071794019496315,-1.085939256989213,0.17663215555853715,-0.5094666005764132
0.5680000000000001,0.1955784775799914,-0.41148062504165933,0.14851250537940286,-1.1027174077801438,0.1755853697789431,-0.5233928897970311
0.5700000000000001,0.19479632067789052,-0.4338510042640532,0.1462729697483434,-1.1197678155297306,0.17451012477648853,-0.5376225012272875
0.5720000000000001,0.1939458774223278,-0.4495213941372214,0.14399880422568334,-1.1370827613300314,0.17340582398483093,-0.5521503958288054
0.5740000000000001,0.19299953697528932,-0.4657362987222748,0.14168949608519543,-1.1546540702439512,0.17227188168931457,-0.5669711477581801
0.5760000000000001,0.19218092989272276,-0.4856442512939389,0.13934454984776218,-1.172473118716626,0.17110772379196662,-0.5820789486739681
0.578,0.19123105955581982,-0.503014581010337,0.13696348816270407,-1.1905308425290617,0.16991278856699052,-0.5974676124880466
0.58,0.1899578064880179,-0.5227953525324543,0.13454585267213315,-1.2088177452854576,0.16868652740587792,-0.6131305805562967
0.582,0.18859543774623433,-0.5396061604098746,0.1320912048572831,-1.2273239074250268,0.1674284055512718,-0.629060927303055
0.584,0.18802806097701957,-0.556898556769407,0.12959912686578606,-1.2460389957485214,0.16613790281872526,-0.6452513662732734
0.586,0.1865248542276363,-0.5784425740204481,0.12706922231888793,-1.2649522734490655,0.16481451430551358,-0.6616942566058374
0.588,0.18532198593357174,-0.5985727245084824,0.12450111709761529,-1.284052610636319,0.16345775108567157,-0.6783816099210077
0.59,0.18393997284277538,-0.6196871564464983,0.12189446010693046,-1.303328495342411,0.1620671408904426,-0.6953050976144792
0.592,0.18305050832498984,-0.6405804395606611,0.11924892401693542,-1.322768044997521,0.16064222877334244,-0.7124560585500838
0.594,0.18162789551563516,-0.6587746641643505,0.11656420598021056,-1.342359018362434,0.15918257775905703,-0.7298255071427112
0.596,0.18020429431723414,-0.6816888398250955,0.11384002832440085,-1.3620888279048506,0.15768776947541188,-0.7474041418225741
0.598,0.17914066298425343,-0.6994483984657964,0.11107613921918942,-1.3819445526057113,0.15615740476766887,-0.7651823538715083
0.6,0.1776292090452427,-0.7222811379353115,0.10827231331682685,-1.4019129511812813,0.1545911042944257,-0.7831502366215751
0.602,0.1758693822781413,-0.7391661680280844,0.10542835236541437,-1.421980475706241,0.15298850910441408,-0.8012975950058131
0.604,0.174518177318232,-0.7620790225664241,0.10254408579416928,-1.4421332856225477,0.1513492811935129,-0.819613955450589
0.606,0.17264511446372283,-0.7818432421265876,0.09961937126993255,-1.462357262118365,0.1496731040413157,-0.8380885760985982
0.608,0.17119967305445757,-0.8045931006992655,0.09665409522421073,-1.482638022860908,0.1479596831266133,-0.8567104573511887
0.61,0.1698712281018827,-0.8301319726362545,0.0936481733500775,-1.502960937066616,0.14620874642117668,-0.8754683527183118
0.612,0.1679262556382801,-0.8452084015010648,0.0906015510682942,-1.5233111408916473,0.1444200448612486,-0.8943507799640464
0.614,0.1662771285794295,-0.8700536911106805,0.08751420396204361,-1.5436735531252956,0.142593352796178,-0.9133460325353018
0.616,0.16425579546297514,-0.891496143651036,0.08438613817970653,-1.564032891168542,0.14072846841365605,-0.9324421912609712
0.618,0.1628501548468435,-0.9133295741505523,0.08121739080514732,-1.5843736872796008,0.13882521414103904,-0.9516271363084966
0.62,0.16079191418930444,-0.9367036931768362,0.07800803019501139,-1.6046803050679694,0.13688343702227004,-0.9708885593844974
0.622,0.15900978713287792,-0.9583582970180449,0.07475815628257504,-1.6249369562181744,0.13490300906993838,-0.9902139761658316
0.624,0.1566574050306051,-0.9779866878204793,0.07146790084772683,-1.6451277174241021,0.132883827592044,-1.0095907389471848
0.626,0.15479166428629323,-0.9967896047062744,0.06813742775269778,-1.6652365475145239,0.13082581549306196,-1.0290060494910198
0.628,0.1524697145248243,-1.0230174174147775,0.06476693314319745,-1.68524730475016,0.128728921548931,-1.0484469720654843
0.63,0.15059369010096083,-1.0458143105669713,0.06135664561465266,-1.7051437642723961,0.12659312065561973,-1.0679004466556374
0.632,0.14839473631781122,-1.0658465683826117,0.05790682634328557,-1.724909635683546,0.12441841405095343,-1.0873533023331539
0.634,0.14646516209164862,-1.0881910963588317,0.05441776918180885,-1.7445285807383606,0.12220482950941451,-1.1067922707694609
0.636,0.14457094798853562,-1.1119136699615877,0.05088980071955622,-1.7639842311263139,0.11995242150966033,-1.1262039998770905
0.638,0.14182342164196549,-1.130175034451667,0.04732328030690811,-1.7832602063240524,0.11766127137453261,-1.1455750675638632
0.64,0.13963115727017275,-1.1537847496570544,0.04371860004391358,-1.8023401314972656,0.11533148738336386,-1.1648919955843757
0.642,0.13760253047225596,-1.1770765576634286,0.040076184733051294,-1.821207655431142,0.11296320485641759,-1.1841412634731379
0.644,0.1350280398246811,-1.195392168396784,0.0363964917961143,-1.839846468468494,0.11055658621133041,-1.2033093225435894
0.646,0.13219181947514919,-1.2199767679084057,0.03268001115524512,-1.8582403204345928,0.10811182099145614,-1.222382609937138
0.648,0.12983343230384936,-1.239342225577249,0.028927265078189678,-1.8763730385277195,0.10562912586604357,-1.2413475627062818
0.65,0.1277783740329683,-1.2613303654129575,0.025138807987880776,-1.8942285451544498,0.10310874460221194,-1.2601906319158198
0.652,0.1251795449271541,-1.2774890628187114,0.021315226236503372,-1.911790875688703,0.10055094800871969,-1.2788982967461189
0.654,0.12205950717283481,-1.299765453343832,0.017457137844236078,-1.9290441961336477,0.09795603385155494,-1.2974570785823774
0.656,0.11962588089537271,-1.320448033436591,0.013565192202904825,-1.945972820665626,0.09532432674140728,-1.3158535550738266
0.658,0.11680218357324786,-1.3397342128387004,0.009640069744826101,-1.9625612290393621,0.09265617799311364,-1.3340743741468246
0.66,0.11391993834361146,-1.3619325676642662,0.00568248157715839,-1.9787940838338556,0.089951965457202,-1.3521062679558256
0.662,0.11171067356868342,-1.38100880419785,0.0016931690821213891,-1.9946562475185003,0.08721209332368945,-1.3699360667562663
0.664,0.10840973705807586,-1.4006338458912357,-0.0023270965165169454,-2.0101327993191673,0.0844369918983225,-1.3875507126834756
0.666,0.105774199407225,-1.4217198566686475,-0.006377514620245311,-2.0252090518641825,0.0816271173514789,-1.4049372734218009
0.668,0.10269509745631039,-1.442196566649205,-0.010457255755426047,-2.039870567590368,0.07878295143998239,-1.4220829557482562
0.67,0.09999072340351908,-1.4593364403925921,-0.0145654621052052,-2.054103174889577,0.07590500120211216,-1.4389751189351168
0.672,0.09696616935290452,-1.4739689476627094,-0.018701248073158053,-2.0678929839764266,0.0729937986261201,-1.4556012879960305
0.674,0.09402930882607963,-1.4956634746687518,-0.022863700878074558,-2.0812264024582525,0.07004990029259935,-1.4719491667603795
0.676,0.09110805115109352,-1.5111166511477434,-0.02705188117925183,-2.094090150588635,0.06707388699107775,-1.4880066507608012
0.678,0.08770130062526384,-1.53100543815013,-0.03126482373162425,-2.106471276186211,0.06406636331123979,-1.503761839918982
0.68,0.08477950640426066,-1.546091999427798,-0.035501538070025984,-2.118357169200868,0.0610279572092097,-1.5192030510150447
0.682,0.08173192679527597,-1.5634862801249612,-0.039761009221845625,-2.1297355759098195,0.05795931954935751,-1.5343188299260928
0.684,0.07874728727860751,-1.574814841587606,-0.04404219844729864,-2.1405946127265074,0.05486112362211807,-1.5490979636197209
0.686,0.07565140448741549,-1.5961162460136458,-0.04834404400651006,-2.1509227796057098,0.05173406463834093,-1.5635294918885696
0.6880000000000001,0.07223878974270462,-1.6149216885853535,-0.05266546195256753,-2.160708973028734,0.04857885920071635,-1.5776027188122934
0.6900000000000001,0.06898226824636736,-1.621861353933428,-0.05700534694967364,-2.1699424985530547,0.04539624475284914,-1.5913072239336057
0.6920000000000001,0.06568673196446159,-1.6415048113817368,-0.06136257311549622,-2.178613082911292,0.042186979006578355,-1.6046328731353923
0.6940000000000001,0.06214531100296188,-1.6519577707367983,-0.06573599488678615,-2.186710885644962,0.03895183934816592,-1.6175698292062157
0.6960000000000001,0.05932104763734185,-1.6682549312629007,-0.07012444790730414,-2.1942265102589937,0.035691622224002156,-1.6301085620818843
0.6980000000000001,0.05583919966278435,-1.6835848680071466,-0.07452674993707133,-2.201151014883592,0.0324071425064999,-1.642239858751131
0.7000000000000001,0.0524293792383564,-1.693935940274746,-0.07894170178193258,-2.207475922430622,0.029099232840872243,-1.6539548328138267
0.7020000000000001,0.04889728247739808,-1.7072221383452388,-0.08336808824239722,-2.213193230232321,0.025768742973511144,-1.665244933680549
0.704,0.04540422542893729,-1.720685613075651,-0.08780467908069874,-2.2182954191507585,0.022416539062705656,-1.6761019554027445
0.706,0.04170273383073509,-1.7291647032393866,-0.09225023000499302,-2.2227754621471427,0.019043502972459374,-1.6865180451231416
0.708,0.03854863807669222,-1.739843690985817,-0.09670348366959447,-2.226626832300721,0.015650531550186343,-1.6964857111365153
0.71,0.03487078048763917,-1.7506795091043796,-0.10116317069012988,-2.229843510267703,0.012238535889083635,-1.7059978305513543
0.712,0.031159347830684976,-1.7628517453774362,-0.10562801067247257,-2.2324199911713465,0.008808440575996739,-1.7150476565434478
0.714,0.027454767771553666,-1.7717025856407962,-0.11009671325430262,-2.234351290915026,0.005361182925610976,-1.7236288251928817
0.716,0.024052810189134688,-1.7778871999289318,-0.11456797915812432,-2.2356329519108495,0.001897712201818124,-1.731735361896426
0.718,0.020702270660811352,-1.790665292587609,-0.1190405012545585,-2.236261048217092,-0.0015810111728774552,-1.7393616873477895
0.72,0.016796727297845628,-1.8005766532035332,-0.12351296563471544,-2.2362321900784665,-0.005074016419034912,-1.7465026230787284
0.722,0.013394277630115284,-1.8040987496553313,-0.1279840526904434,-2.235543527863991,-0.00858032321214393,-1.7531533965545092
0.724,0.010050387410726346,-1.8110601414631953,-0.1324524382012393,-2.234192755397955,-0.012098942503779447,-1.7593096458177588
0.726,0.006190488017603379,-1.8188336835038177,-0.13691679442659982,-2.232178112680256,-0.015628877351129968,-1.7649674236752615
0.728,0.002735452488630874,-1.8233718558473067,-0.14137579120258606,-2.229498387993124,-0.019169123753975587,-1.7701232014228088
0.73,-0.0011298044031760619,-1.8326697999970825,-0.14582809704137012,-2.2261529193920238,-0.022718671498183095,-1.7747738721037531
0.732,-0.004645305182081167,-1.8362458739321115,-0.15027238023252867,-2.222141595579282,-0.026276505004778045,-1.7789167532974746
0.734,-0.007802914047678736,-1.84064949192196,-0.1547073099448482,-2.2174648561597547,-0.029841604183647088,-1.7825495894345214
0.736,-0.011582901599089217,-1.8443207791406033,-0.15913155732740542,-2.2121236912786126,-0.0334129452909186,-1.785670553635757
0.738,-0.01568297023793313,-1.8424183069562017,-0.1635437966086896,-2.2061196406420844,-0.03698950178906542,-1.7882782490734073
0.74,-0.019680485102655684,-1.8497454955926342,-0.16794270619253512,-2.199454791922761,-0.04057024520877036,-1.7903717098524718
0.742,-0.023327805485965487,-1.8529695700306754,-0.17232696974963874,-2.192131778551809,-0.04415414601159344,-1.7919504014115408
0.744,-0.026970263645205283,-1.851146621343438,-0.17669527730344115,-2.1841537769012036,-0.04774017445247869,-1.7930142204426245
0.746,-0.030562404520387443,-1.8540760572254018,-0.1810463263091608,-2.175524502859824,-0.051327301441139055,-1.7935634943301813
0.748,-0.034141098149634466,-1.8524396031001147,-0.1853788227247768,-2.1662482078079957,-0.054914499401359264,-1.793598980110103
0.75,-0.03809306759124407,-1.8552169025908154,-0.18969148207276837,-2.1563296739957933,-0.05850074312725924,-1.7931218629499874
0.752,-0.041703011126047344,-1.8548100714183835,-0.19398303049143062,-2.1457742093311243,-0.06208501063556444,-1.7921337541525995
0.754,-0.0455815482812667,-1.8569942544624274,-0.1982522057745993,-2.1345876415843352,-0.06566628401293442,-1.7906366886849916
0.756,-0.04953791327305162,-1.8511413824084124,-0.20249775839863282,-2.1227763120167666,-0.06924355025740705,-1.7886331222363185
0.758,-0.052768453428825336,-1.8524793033649753,-0.20671845253551557,-2.110347068441371,-0.07281580211302294,-1.7861259278079396
0.76,-0.05659690629885847,-1.845956649114698,-0.2109130670509639,-2.0973072577241743,-0.07638203889670286,-1.783118391839963
0.762,-0.06010592133252172,-1.843046683005985,-0.21508039648643595,-2.0836647177360166,-0.07994126731646073,-1.7796142098789318
0.764,-0.0638094499988365,-1.8373382763894583,-0.21921925202396525,-2.069427768764652,-0.08349250228004453,-1.775617481791899
0.766,-0.06751179744198373,-1.8347910411364452,-0.22332846243276105,-2.0546052043979053,-0.08703476769310987,-1.7711327065326732
0.768,-0.07128136227850673,-1.832078410890545,-0.22740687499653944,-2.0392062818891903,-0.09056709724604296,-1.7661647764665471
0.77,-0.07459870295817843,-1.8279116865392069,-0.23145335642057402,-2.0232407120172917,-0.09408853518856365,-1.760718971260344
0.772,-0.07857088235814624,-1.8220082265279527,-0.23546679371747978,-2.0067186484528743,-0.0975981370912539,-1.7548009513451235
0.774,-0.08202720212071608,-1.8144884523907228,-0.23944609507076925,-1.9896506766447417,-0.10109497059317268,-1.7484167509593953
0.776,-0.08574544920162432,-1.8096983917891243,-0.24339019067524806,-1.972047802239402,-0.10457811613473504,-1.741572770781178
0.778,-0.08937449023722233,-1.8020441485628393,-0.24729803355334407,-1.9539214390480035,-0.10804666767505049,-1.7342757701577212
0.78,-0.09288651622541723,-1.7908304086634181,-0.25116860034649446,-1.935283396575209,-0.11149973339293484,-1.72653285894218
0.782,-0.09642387514213957,-1.7863147793196208,-0.25500089208074456,-1.9161458671250375,-0.1149364363708288,-1.7183514889469833
0.784,-0.09977098331952466,-1.7779053774550195,-0.2587939349057429,-1.8965214124991663,-0.11835591526087696,-1.7097394450240846
0.786,-0.10339135408666238,-1.770336968220319,-0.2625467808063501,-1.8764229503036052,-0.1217573249324424,-1.700704835782715
0.788,-0.10679344157526521,-1.7617470226143734,-0.26625850828611025,-1.8558637398800744,-0.12513983710035376,-1.6912560839556727
0.79,-0.1109322084179832,-1.7522142427708929,-0.26992822302186786,-1.8348573678787947,-0.12850264093320493,-1.681401916425586
0.792,-0.11400605010532838,-1.7399843472415404,-0.2735550584888474,-1.8134177334897725,-0.1318449436410509,-1.6711513539229776
0.794,-0.11769343823701423,-1.7313421995482046,-0.2771381765555474,-1.7915590333499944,-0.13516597104186756,-1.6605137004083272
0.796,-0.12098151062150887,-1.7185807526026842,-0.280676768047836,-1.7692957461442764,-0.13846496810616893,-1.649498532150688
0.798,-0.12451518971150981,-1.7120943447967902,-0.2841700532816716,-1.746642616917802,-0.14174119947920044,-1.6381156865157558
0.8,-0.12755995834301748,-1.6983641488502181,-0.28761728256390895,-1.7236146411186628,-0.14499394998015366,-1.6263752504766098
0.802,-0.13111429541920827,-1.6880791758179943,-0.29101773666068687,-1.7002270483889652,-0.14822252507787498,-1.6142875488606592
0.804,-0.1343439596572215,-1.6692425051171569,-0.29437072723293345,-1.676495286123296,-0.1514262513425682,-1.6018631323466135
0.806,-0.13801185655432396,-1.6613386650370352,-0.2976755972385605,-1.6524350028135477,-0.15460447687301937,-1.589112765225575
0.808,-0.1413013185651282,-1.6520830131669153,-0.3009317213009591,-1.6280620311992884,-0.1577565716989006,-1.5760474129406068
0.81,-0.1443124104873241,-1.635569069015093,-0.3041385060434451,-1.6033923712430198,-0.16088192815773933,-1.5626782294193675
0.812,-0.14777354339680243,-1.6259518772298025,-0.3072953903893447,-1.5784421729498122,-0.1639799612461686,-1.5490165442146273
0.8140000000000001,-0.15083582196890136,-1.6085163142253103,-0.31040184582744657,-1.5532277190509138,-0.16705010894510397,-1.5350738494676819
0.8160000000000001,-0.1545124790000294,-1.5955671839584111,-0.31345737664258866,-1.5277654075710374,-0.1700918325185237,-1.520861786709868
0.8180000000000001,-0.15714380137379447,-1.5868797863901978,-0.31646152011118683,-1.5020717342990888,-0.1731046167855588,-1.5063921335175492
0.8200000000000001,-0.1601574946155194,-1.5711438523874923,-0.31941384666155115,-1.476163275182163,-0.17608797036563098,-1.4916767900360908
0.8220000000000001,-0.16357563382009505,-1.5529326403910444,-0.32231395999887646,-1.450056668662657,-0.17904142589640792,-1.476727765388472
0.8240000000000001,-0.1664184467610653,-1.5411887638856,-0.32516149719483317,-1.4237685979783605,-0.18196454022437653,-1.4615571639842955
0.8260000000000001,-0.1699454482402254,-1.520956250950289,-0.3279561287417239,-1.3973157734453716,-0.1848568945678666,-1.4461771717450482
0.8280000000000001,-0.17299737715379954,-1.510443455888337,-0.33069755857121125,-1.3707149147436513,-0.1877180946523897,-1.4306000422615412
0.8300000000000001,-0.17552143731829092,-1.4934220351265133,-0.3333855240376612,-1.3439827332249774,-0.19054777081818872,-1.4148380828995133
0.8320000000000001,-0.17889988305695026,-1.4748763698202736,-0.3360197958661872,-1.3171359142629857,-0.19334557809992756,-1.3989036408694184
0.834,-0.18149848037346478,-1.46662797816127,-0.33860017806551695,-1.2901910996648869,-0.19611119627848045,-1.3828090892764413
0.836,-0.18438168164040777,-1.4454156550340151,-0.34112650780584564,-1.263164870164342,-0.19884432990481402,-1.3665668131667799
0.838,-0.18730464826816975,-1.4299136637251244,-0.34359865526187533,-1.2360737280148386,-0.20154470829598645,-1.3501891955862217
0.84,-0.19003440418984,-1.417077361148109,-0.34601652342128086,-1.2089340797027601,-0.20421208550332046,-1.3336886036670013
0.842,-0.19272840571412964,-1.3979673209448353,-0.3483800478588792,-1.1817622187991723,-0.2068462402528382,-1.317077374758875
0.844,-0.1955091562477781,-1.3834466974735724,-0.3506891964768175,-1.1545743089691558,-0.20944697585807875,-1.3003678026202778
0.846,-0.1983378798922894,-1.3694546690659752,-0.35294396921113214,-1.127386367157309,-0.21201412010544943,-1.283572123685335
0.848,-0.20146640427869492,-1.3534531599415955,-0.3551443977050678,-1.1002142469678189,-0.21454752511229422,-1.2667025034223982
0.85,-0.2037497326546081,-1.3320418243435799,-0.3572905449495823,-1.0730736222572521,-0.21704706715789351,-1.2497710227996492
0.852,-0.20658457680011588,-1.318470322852572,-0.3593825048914982,-1.0459799709579607,-0.21951264648763985,-1.2327896648731747
0.854,-0.20889714724585448,-1.3001605319514429,-0.36142040200979764,-1.0189485591497136,-0.22194418709066535,-1.2157703015127532
0.856,-0.21165801125670533,-1.2861668087242677,-0.3634043908605914,-0.9919944253968758,-0.2243416364512262,-1.198724680280429
0.858,-0.2137525667005247,-1.2697933238708503,-0.36533465559132766,-0.965132365368141,-0.2267049652741797,-1.1816644114767456
0.86,-0.2165399968599471,-1.25052050798909,-0.36721140942483865,-0.9383769167554984,-0.2290341671849183,-1.1646009553693129
0.862,-0.21881877813625736,-1.2339083946595208,-0.3690348941138562,-0.9117423445087703,-0.2313292584041546,-1.1475456096181529
0.864,-0.22176185266146337,-1.2179850591414547,-0.3708053793666596,-0.885242626401698,-0.23359027739797866,-1.1305094969120333
0.866,-0.22374866386699374,-1.2018969480466384,-0.37252316224454995,-0.8588914389451789,-0.23581728450363815,-1.1135035528297412
0.868,-0.2263901786136514,-1.1848985710581736,-0.3741885665318757,-0.832702143662871,-0.2380103615315181,-1.096538513939981
0.87,-0.22891508438573027,-1.1688103192207255,-0.3758019420793637,-0.8066877737439726,-0.2401696113438247,-1.0796249061532965
0.872,-0.23052759847226928,-1.1491608614150355,-0.3773636641215388,-0.7808610210875739,-0.24229515741050292,-1.0627730333391183
0.874,-0.23328716465355565,-1.1378885433807004,-0.3788741325690439,-0.7552342237525382,-0.24438714334294437,-1.0459929662207244
0.876,-0.23510441956283812,-1.118226339093329,-0.38033377127669676,-0.7298193538264306,-0.24644573240606552,-1.0292945315605766
0.878,-0.23766701533436413,-1.1017218989221886,-0.38174302728814985,-0.7046280057265516,-0.2484711070093618,-1.0126873016481555
0.88,-0.2400102475044331,-1.0934991053090215,-0.38310237005804115,-0.6796713849456605,-0.25046346817756593,-0.9961805841020632
0.882,-0.24162746143036412,-1.0736810202426805,-0.3844122906525501,-0.6549602972544926,-0.25242303500156155,-0.9797834119977998
0.884,-0.24422401167200083,-1.0562006255573475,-0.38567330092929547,-0.6305051383726757,-0.25435004407022604,-0.9635045343322397
0.886,-0.24577900779566297,-1.042565459099334,-0.38688593269753374,-0.6063158841191478,-0.2562447488838969,-0.9473524068354477
0.888,-0.2481706792440765,-1.024117709698551,-0.38805073685963903,-0.5824020810526589,-0.25810741925017705,-0.9313351831400731
0.89,-0.25016497065700555,-1.0091669316102434,-0.38916828253486385,-0.5587728376124202,-0.25993834066281335,-0.9154607063181465
0.892,-0.2522071575390132,-0.99489077781728,-0.39023915616640076,-0.5354368157684395,-0.26173781366440274,-0.8997365007946868
0.894,-0.2544223535245287,-0.9839103638894954,-0.3912639606127819,-0.5124022231905748,-0.2635061531936969,-0.8841697646470911
0.896,-0.25600825887521,-0.9654531810339242,-0.3922433142246717,-0.4896768059448819,-0.2652436879182946,-0.8687673622988369
0.898,-0.2580422188046868,-0.9529786516056549,-0.39317784990812266,-0.46726784172549607,-0.26695075955352576,-0.8535358176155812
0.9,-0.25991337011301413,-0.9337082483463407,-0.3940682141753832,-0.44518213363025705,-0.2686277221683483,-0.8384813074112754
0.902,-0.26156672552922466,-0.9234776113584088,-0.394915066184361,-0.42342600448891654,-0.2702749414790912,-0.8236096553714517
0.904,-0.26369762567493316,-0.9076860692762367,-0.39571907676787077,-0.4020052917548753,-0.27189279413189194,-0.8089263264003603
0.906,-0.26529970201288505,-0.897503903581865,-0.39648092745382413,-0.3809253429766653,-0.27348166697468823,-0.7944364213981532
0.908,-0.26694872710346873,-0.8821466713163985,-0.3972013094775788,-0.3601910118773392,-0.27504195631963585,-0.7801446724738229
0.91,-0.2686558417035501,-0.8686374930389369,-0.3978809227877702,-0.3398066550956936,-0.2765740671968341,-0.7660554385991085
0.912,-0.27047862558919594,-0.8463435700889785,-0.39852047504716437,-0.31977612969709385,-0.27807841260025024,-0.7521727017080804
0.914,-0.2717505036453685,-0.8370634846417846,-0.3991206806305073,-0.30010279167148807,-0.27955541272674345,-0.7385000632466081
0.916,-0.273605093941377,-0.8305979943106041,-0.39968225962221837,-0.28078949585551477,-0.28100549420909426,-0.7250407411754072
0.918,-0.27543618757633015,-0.8192312674292566,-0.4002059368185084,-0.2618385981450321,-0.28242908934395394,-0.7117975674298429
0.92,-0.2769366684288609,-0.8021693864014607,-0.4006924407418866,-0.24325196168909574,-0.28382663531563224,-0.6987729858391538
0.922,-0.27830316970576724,-0.7912804957180583,-0.40114250268250645,-0.22503097030992106,-0.28519857341664673,-0.6859690505072331
0.924,-0.28040203714017337,-0.7776421336595211,-0.4015568557930316,-0.2071765552625696,-0.2865453482659599,-0.6733874246565853
0.926,-0.2816281105607324,-0.766689369895933,-0.40193623428630953,-0.18968924663898473,-0.28786740702583297,-0.6610293799365471
0.928,-0.28320462389010237,-0.7550080801919953,-0.40228137282611487,-0.1725692699026604,-0.28916519861822565,-0.6488957961963367
0.93,-0.28461537343331234,-0.746547901821726,-0.4025930062738284,-0.15581672385676815,-0.2904391729416716,-0.6369871617229664
0.932,-0.28633045276601915,-0.734467718397283,-0.4028718700791714,-0.1394319026715183,-0.29168978008955865,-0.6253035739435258
0.934,-0.2877965491933939,-0.7199283654945798,-0.4031187018115861,-0.12341586620734779,-0.2929174695707403,-0.6138447405908161
0.936,-0.2892704361792111,-0.711364965915113,-0.4033342446574987,-0.10777142295628223,-0.29412268953340187,-0.6026099813307891
0.9380000000000001,-0.290915413656243,-0.700885628856767,-0.4035192541794447,-0.09250476097300865,-0.2953058859931013,-0.5915982298497187
0.9400000000000001,-0.2915790355748039,-0.690794498406792,-0.4036745101799816,-0.07762800026848424,-0.29646750206589834,-0.5808080363985111
0.9420000000000001,-0.29337755147422856,-0.6806709619925324,-0.403800835795538,-0.06316280777817117,-0.2976079772074804,-0.5702375707910404
0.9440000000000001,-0.2945751889523023,-0.6701977982541797,-0.40389912500190306,-0.049144603182532595,-0.29872774645918615,-0.5598846258528777
0.9460000000000001,-0.29626784286426844,-0.6615677212566136,-0.403970375742787,-0.03562537044196851,-0.2998272397018187,-0.54974662131627
0.9480000000000001,-0.29708186893423977,-0.6524540288178327,-0.4040157174988233,-0.02267087801815336,-0.3009068809181321,-0.5398206081567191
0.9500000000000001,-0.2982862367905974,-0.6390193416887614,-0.40403641298592613,-0.010347743551395184,-0.3019670874648641,-0.5301032733660046
0.9520000000000001,-0.29970269732022625,-0.6349691413880644,-0.40403381659538623,0.00129819526996168,-0.3030082693551761,-0.5205909451559989
0.9540000000000001,-0.30074331304194657,-0.6209405240591602,-0.4040092963094441,0.01226014297107678,-0.30403082855235036,-0.5112795985871325
0.9560000000000001,-0.3023338177352273,-0.6170839003625892,-0.4039641522963594,0.022572006542359514,-0.30503515827558014,-0.5021648616148822
0.9580000000000001,-0.3036653237141788,-0.6062028196120312,-0.40389956402950916,0.03229413342513211,-0.3060216423186745,-0.4932420215471794
0.96,-0.30458443215391606,-0.6007073411225963,-0.4038165735131035,0.0414952582028312,-0.30699065438248485,-0.4845060319051664
0.962,-0.3060385296775293,-0.5946979579878049,-0.4037160934306091,0.05024004124720345,-0.3079425574218434,-0.4759515196792696
0.964,-0.3066007723076197,-0.5800089694812651,-0.40359892601683134,0.05858370688887409,-0.3088777030077876,-0.4675727929721091
0.966,-0.3080753735257448,-0.5717390024523156,-0.4034657833547598,0.06657133103578322,-0.30979643070582624,-0.4593638490193219
0.968,-0.3091128505743548,-0.5678820356407968,-0.40331730493762336,0.07423920856823352,-0.31069906747098414,-0.4513183825789486
0.97,-0.31037395822048613,-0.5574653487623501,-0.40315407140373216,0.08161676694560663,-0.3115859270603434,-0.44342979467961313
0.972,-0.3115161931875772,-0.5545320509169368,-0.40297661470660284,0.08872834856465091,-0.31245730946377803,-0.43569120171732223
0.974,-0.31254646865299396,-0.5438402410775484,-0.4027854254059649,0.09559465031897467,-0.31331350035355865,-0.42809544489031437
0.976,-0.31394918668055943,-0.5347499688795234,-0.4025809577855672,0.10223381019887001,-0.3141547705534807,-0.42063509996101245
0.978,-0.31457352641979275,-0.5301381182756305,-0.40236363338836867,0.10866219859926655,-0.3149813755281482,-0.41330248733376856
0.98,-0.3161504942797259,-0.5235640448694745,-0.40213384342200076,0.11489498318394344,-0.3157935548930217,-0.40608968243674165
0.982,-0.31674493206942106,-0.5179400743675282,-0.40189195036715936,0.12094652742070822,-0.3165915319458135,-0.3989885263959199
0.984,-0.3176368276514516,-0.5089392865077409,-0.4016382890279075,0.12683066962592698,-0.3173755132197915,-0.39199063698898834
0.986,-0.31858810733085463,-0.5004866835658572,-0.40137316719371,0.13256091709874046,-0.3181456880595244,-0.3850874198664553
0.988,-0.3194785893025935,-0.4953085980548515,-0.4010968660333562,0.1381505801769181,-0.3189022282195788,-0.3782700800271887
0.99,-0.32075507161411076,-0.48776292632047197,-0.40080964030576793,0.14361286379413662,-0.3196452874866494,-0.3715296335352792
0.992,-0.32177144560777404,-0.4800188579875791,-0.40051171844796096,0.14896092890347254,-0.3203750013255793,-0.36485691946495025
0.994,-0.3226971491616638,-0.473916032856277,-0.40020330258306475,0.15420793244809575,-0.32109148654969943,-0.35824261206007885
0.996,-0.32388650611397635,-0.4697273518318597,-0.3998845684791027,0.1593670519810107,-0.321794841015889,-0.35167723309478766
0.998,-0.3243565014323216,-0.4615489542001556,-0.39955566548062993,0.16445149923638538,-0.32248514334473205,-0.34515116442153193
1.0,-0.3255432336367867,-0.45576739994359877,-0.39921671642922985,0.1694745257000534,-0.32316245266611837,-0.3386546606931541
1.002,-0.32638342680284294,-0.44749200875076073,-0.3988678175845302,0.17444942234982624,-0.32382680839060946,-0.3321778622455395
1.004,-0.3269905050582028,-0.44239245231524515,-0.3985090385542874,0.17938951512142956,-0.3244782300068651,-0.32571080812781883
1.006,-0.32822520733435656,-0.4324832872624279,-0.39814042223984136,0.1843081572230077,-0.3251167169054002,-0.31924344926757775
1.008,-0.32894343339718146,-0.4246045533449764,-0.39776198480161157,0.18921871911490543,-0.3257422482289189,-0.31276566175933157
1.01,-0.32932382809592636,-0.4178908655205629,-0.39737371564810425,0.19413457675365223,-0.3263547827494503,-0.306267260265707
1.012,-0.3302668888503583,-0.4091842306195068,-0.3969755774510176,0.1990690985433476,-0.3269542587724953,-0.2997380115225084
1.014,-0.3314252002622316,-0.4055039530299967,-0.3965675061883663,0.2040356313256614,-0.327540594068378,-0.2931676479413552
1.016,-0.33211743557739,-0.39620721643957757,-0.39614941121704894,0.20904748565866896,-0.3281136858309924,-0.28654588130720116
1.018,-0.33295129982682165,-0.3888567619228449,-0.3957211753758973,0.21411792057581594,-0.3286734106641389,-0.27986241657327043
1.02,-0.33385899706900984,-0.3812087342252369,-0.3952826551199509,0.2192601279731811,-0.3292196245956659,-0.27310696576350296
1.022,-0.3343107950579943,-0.3754958071749145,-0.394833680686468,0.2244872167414435,-0.32975216311967304,-0.26626926200356776
1.024,-0.3349565112434855,-0.366183241622465,-0.39437405629299715,0.2298121967354186,-0.33027084126710804,-0.2593390737175021
1.026,-0.33613672380190923,-0.3563810918327934,-0.39390356036768426,0.23524796265645637,-0.33077545370520905,-0.252306219050504
1.028,-0.3368169587662368,-0.35073687685543936,-0.3934219458118647,0.2408072779097841,-0.33126577486643516,-0.24516058061305068
1.03,-0.3375194988455353,-0.34286831390708317,-0.39292894029488695,0.24650275848886288,-0.33174155910782116,-0.2378921206929911
1.032,-0.3381134611795072,-0.33369038319996175,-0.3924242465810246,0.25234685693117065,-0.3322025409021397,-0.23049089715926907
1.034,-0.33864504250776967,-0.3214096279468983,-0.39190754288825674,0.25835184638391506,-0.33264843506293357,-0.22294708039693914
1.036,-0.3394665088979604,-0.3171868572152534,-0.3913784832786296,0.2645298048135705,-0.3330789370065118,-0.2152509717891312
1.038,-0.3399152633342364,-0.30191998921979263,-0.3908366980798506,0.2708925993895025,-0.33349372305557284,-0.2073930245305281
1.04,-0.3401667951488599,-0.2986612506737738,-0.39028179433771254,0.27745187106904795,-0.33389245079151425,-0.1993638679707085
1.042,-0.3414580490052881,-0.2840174866648509,-0.38971335629889436,0.2842190194090916,-0.33427475946616797,-0.19115433732686646
1.044,-0.3413452690967524,-0.2721476861400198,-0.3891309459236398,0.29120518762728087,-0.33464027048937905,-0.1827555116055316
1.046,-0.34161587557408785,-0.2621041493896076,-0.38853410342777084,0.2984212479344652,-0.3349885880176643,-0.1741587641426256
1.048,-0.34237156368765964,-0.25550259144517534,-0.38792234785345353,0.30587778715865116,-0.3353192996829608,-0.16535583264826687
1.05,-0.3432260708774542,-0.23891359637908294,-0.3872951776680942,0.3135850926796797,-0.33563197752209667,-0.1563389195679229
1.052,-0.3435571015345368,-0.23039571573342604,-0.38665207139070834,0.32155313869290747,-0.33592617920170603,-0.1471008398046748
1.054,-0.3441483061893724,-0.21761585766244965,-0.3859924882450696,0.3297915728193791,-0.3362014496871754,-0.13763524273468442
1.056,-0.34420164238507905,-0.20560321559296807,-0.38531586883891106,0.3383097030792748,-0.3364573235892386,-0.1279369510315793
1.058,-0.3448956047022545,-0.19550915154206697,-0.38462163586842146,0.34711648524478533,-0.3366933285552427,-0.11800248300206326
1.06,-0.3455306803709783,-0.18161710665387826,-0.3839091948472455,0.3562205105879807,-0.33690899027826143,-0.10783086150936104
1.062,-0.34544786211830847,-0.16798657439012923,-0.3831779348591681,0.3656299940386824,-0.3371038400060659,-0.09742486390223479
1.064,-0.3454101847339517,-0.14999090427690645,-0.3824272293336345,0.3753527627668035,-0.3372774258668515,-0.08679293039279966
1.066,-0.34585422666334803,-0.13775054140830983,-0.3816564368432283,0.3853962452030784,-0.33742932986489077,-0.07595199901963803
1.068,-0.3463809871187802,-0.12072736120694541,-0.3808649019222052,0.39576746051155215,-0.33755919285454367,-0.0649314948264455
1.07,-0.3465228942389276,-0.10592197498748997,-0.3800519559051519,0.4064730085266365,-0.33766674960431464,-0.05377837488548736
1.072,-0.346692387807297,-0.09296729810817934,-0.379216917784818,0.41751906016695856,-0.33775187393206135,-0.04256216387334955
1.074,-0.34666297244971767,-0.07587627305658642,-0.3783590950881427,0.42891134833763245,-0.3378146278941758,-0.03137698105724831
1.076,-0.3469266809814073,-0.059401465522699,-0.37747778476947874,0.44065515933197125,-0.3378552984599119,-0.020335282868033787
1.078,-0.34717726965220336,-0.044454926225857165,-0.37657227411999267,0.45275532474303215,-0.3378743955475188,-0.009548543803440277
1.08,-0.34736123410698655,-0.030636647680101086,-0.37564184169220316,0.4652162138947506,-0.3378725909817936,0.0009022828625853633
1.082,-0.3471702448351158,-0.012820551281178729,-0.3746857582385996,0.47804172680177465,-0.3378506070665648,0.010991957614432378
1.084,-0.34715576411185045,-0.0046496061668493,-0.3737032876632667,0.491235287666462,-0.3378090951361664,0.020755965199193285
1.086,-0.3472010526921423,0.011056437920872042,-0.372693687985425,0.5047998389208475,-0.33774854606144356,0.030274537361416533
1.088,-0.3471698866334205,0.019752518457581553,-0.37165621231378354,0.5187378358207347,-0.3376692484040794,0.03964882868208155
1.09,-0.34691703325164636,0.028697475048750705,-0.3705901098305867,0.5330512415984102,-0.3375712854589559,0.04898147256174533
1.092,-0.34699133928744924,0.04286716956587967,-0.36949462678422706,0.5477415231798196,-0.3374545546912318,0.058365383862049716
1.094,-0.34699486805106616,0.050807512357280926,-0.36836900748928425,0.5628096474713947,-0.3373187962886588,0.0678792012864963
1.096,-0.3465463194755245,0.0601524416605366,-0.3672124953328421,0.5782560782210594,-0.33716362303627534,0.07758662619173903
1.098,-0.3470423268892401,0.06691175722306131,-0.3660243337859275,0.5940807734572906,-0.3369885477788509,0.08753762871221495
1.1,-0.3465570877096664,0.07682192028361266,-0.36480376741890863,0.6102831835094544,-0.3367930070403467,0.09777036925209237
1.102,-0.3461812363846998,0.08855766869620496,-0.3635500429196847,0.6268622496119808,-0.3365763805212957,0.1083132595255024
1.104,-0.34611485511598045,0.09832802782279951,-0.3622624101134961,0.6438164030942877,-0.33633800672980546,0.11918689574510807
1.106,-0.34623727367173956,0.10469649584049046,-0.3609401229831807,0.6611435651577088,-0.33607719522957585,0.1304057501147902
1.108,-0.3458122367795815,0.12048625021337094,-0.3595824406887006,0.6788411472400255,-0.3357932360620114,0.14197958378223086
1.11,-0.3453380342563798,0.1302337205352954,-0.3581886285847655,0.6969060519675506,-0.3354854068924261,0.15391458479264833
1.112,-0.3449887950957341,0.13710617048391094,-0.3567579592353774,0.715334674694058,-0.33515297838024527,0.166214256090431
1.114,-0.3448827665325177,0.149990174223347,-0.35528971342412696,0.7341229056252044,-0.3347952182022741,0.17888008898558141
1.116,-0.3440806600104517,0.16115983364506561,-0.3537831811590741,0.753266132526439,-0.3344113940809278,0.19191206067313651
1.118,-0.34388972874488294,0.17680757393659277,-0.3522376626710506,0.7727592440117523,-0.3340007760950544,0.20530899293670593
1.12,-0.3433266328174769,0.18962436863542934,-0.35065246940423067,0.7925966334099749,-0.33356263848500584,0.21906880502428328
1.122,-0.3432654713226053,0.20885681026323386,-0.3490269249978213,0.8127722032046969,-0.3330962611083642,0.23318868832081802
1.124,-0.34340266102419786,0.21535291482159027,-0.3473603662577348,0.8332793700432485,-0.33260093065860685,0.24766522487868498
1.1260000000000001,-0.34244475978044014,0.2321808171549309,-0.3456521441171157,0.85411107030955,-0.3320759417251408,0.26249446673301846
1.1280000000000001,-0.34199744500506934,0.24592960414881776,-0.34390162458460566,0.875259766255022,-0.331520597748055,0.2776719885429316
1.1300000000000001,-0.34147730853750113,0.25953300382075345,-0.3421081896792434,0.8967174526811261,-0.33093421190292965,0.2931929225626672
1.1320000000000001,-0.34088903468340953,0.27956776734613686,-0.3402712383509104,0.9184756641665001,-0.3303161079384824,0.30905198222363556
1.1340000000000001,-0.34014613016236983,0.2941523835066646,-0.3383901873852483,0.9405254828310483,-0.32966562098129726,0.3252434785925657
1.1360000000000001,-0.3394999608876892,0.31308333785681364,-0.3364644722919908,0.9628575466287547,-0.3289820983162383,0.3417613325294798
1.1380000000000001,-0.3391698549534961,0.33033315705231114,-0.33449354817567,0.9854620581603991,-0.32826490014749854,0.35859908436989096
1.1400000000000001,-0.3382156364382441,0.3498925950128597,-0.33247689058767643,1.008328793996783,-0.3275134003429338,0.375749902282364
1.1420000000000001,-0.3376224419436469,0.36757219714979744,-0.3304139963586714,1.0314471145025017,-0.32672698716291204,0.3932065900108709
1.1440000000000001,-0.3368630450469952,0.3841527901802537,-0.3283043844103719,1.0548059741497424,-0.3259050639740546,0.41096159442870317
1.1460000000000001,-0.335969840683223,0.3995927799111998,-0.3261475965457498,1.078393932311044,-0.32504704994774664,0.4290070131539997
1.1480000000000001,-0.33509138691719376,0.4240802380139178,-0.32394319821671097,1.1021991645194154,-0.32415238074300884,0.4473346023688973
1.1500000000000001,-0.33438177558435855,0.44466520631999973,-0.3216907792683436,1.1262094741836832,-0.3232205091731697,0.4659357849195876
1.1520000000000001,-0.3333261600835017,0.4682587475349224,-0.3193899546588507,1.1504123047464343,-0.32225090585569666,0.4848016587365179
1.154,-0.3323312896435922,0.4888546116455577,-0.3170403651543079,1.1747947522714066,-0.3212430598445127,0.5039230055919843
1.156,-0.3315576341996156,0.5064549423077237,-0.3146416779974145,1.199343578446706,-0.32019647924411304,0.5232903001998149
1.158,-0.33005110794273546,0.5294030715671144,-0.312193587549435,1.2240452239897426,-0.31911069180480356,0.5428937196547436
1.16,-0.32944402867770867,0.5512316007169753,-0.30969581590455636,1.248885822439327,-0.31798524549839347,0.5627231532050497
1.162,-0.3281493433279921,0.5676502317611907,-0.30714811347591653,1.2738512143199108,-0.316819709073694,0.5827682123497243
1.164,-0.32685189814199783,0.5961775360366942,-0.30455025955259146,1.298926961662533,-0.3156136725911939,0.6030182412500446
1.166,-0.32588848925892283,0.6148193929582203,-0.3019020628268582,1.3240983628666094,-0.31436674793630476,0.6234623274445594
1.168,-0.3241206169484786,0.6345346180402246,-0.2992033618910856,1.3493504678863026,-0.31307856931059297,0.6440893128558857
1.17,-0.3227372558885472,0.6645083309681634,-0.29645402570363594,1.374668093724823,-0.31174879370043845,0.6648878050772514
1.172,-0.3216189706674141,0.6829442856533046,-0.29365395402319666,1.400035840219639,-0.3103771013225858,0.6858461889263462
1.174,-0.3203393671598181,0.7076973559159445,-0.29080307781099424,1.4254381061012251,-0.30896319604607836,0.7069526382537046
1.176,-0.31864477706003413,0.7336061833146024,-0.287901359600379,1.4508591053076354,-0.30750680579009326,0.7281951279925462
1.178,-0.31734709653482296,0.7544891989111797,-0.28494879383330524,1.476282883536869,-0.3060076828972198,0.7495614464367168
1.18,-0.3157251652718033,0.7747141146717126,-0.2819454071632678,1.5016933350187003,-0.3044656044817536,0.7710392077331135
1.182,-0.3145832081483086,0.8013449456573946,-0.2788912587242931,1.5270742194873503,-0.30288037275260415,0.7926158645747271
1.184,-0.3123313533565901,0.8278352726242553,-0.27578644036562083,1.5524091793361237,-0.30125181531044376,0.8142787210802108
1.186,-0.3112083296757303,0.8457056988722514,-0.2726310768517511,1.577681756934877,-0.2995797854187524,0.836014945845663
1.188,-0.30906733955512483,0.8707664625851909,-0.26942532602756913,1.6028754120909685,-0.2978641622484442,0.8578115851541153
1.19,-0.30724814356668273,0.8926410283352734,-0.2661693789483009,1.6279735396341208,-0.29610485109578816,0.879655576328031
1.192,-0.3049943645017316,0.9188489474994334,-0.26286345997409,1.652959487105451,-0.2943017835733682,0.9015337612099523
1.194,-0.3038033795663617,0.9422045620292345,-0.2595078268290285,1.6778165725307475,-0.2924549177738557,0.9234328997562762
1.196,-0.3016996733868471,0.9631888969464459,-0.25610277062451264,1.702528102257933,-0.29056423840639767,0.9453396837290078
1.198,-0.29959773223143044,0.9859259871781336,-0.2526486158468356,1.7270773888385234,-0.2886297569054572,0.9672407504702139
1.2,-0.29741871498418904,1.010010608089178,-0.24914572030897003,1.7514477689327905,-0.28665151151196966,0.9891226967437944
1.202,-0.2955765739427323,1.0299079499232764,-0.2455944750665335,1.775622621218258,-0.28462956732671146,1.0109720926291033
1.204,-0.2933033015795838,1.05657348504693,-0.2419953042979713,1.7995853842810927,-0.28256401633580974,1.032775495450874
1.206,-0.29096330617504823,1.081895895470896,-0.23834866514903147,1.8233195744699267,-0.28045497740835,1.054519463729854
1.208,-0.28901005680138975,1.1047367701028323,-0.23465504754164823,1.8468088036916195,-0.278302596266073,1.0761905711385051
1.21,-0.28678008644411657,1.1249926137447552,-0.23091497394739124,1.8700367971284901,-0.2761070454251808,1.0977754204461143
1.212,-0.2842861627025106,1.1478183358995095,-0.2271289991256781,1.8929874108565703,-0.2738685241103055,1.1192606574376471
1.214,-0.2820544208577589,1.1722942783231822,-0.22329770982698913,1.9156446493444932,-0.2715872581407241,1.1406329847906878
1.216,-0.27981437890533234,1.1930205314010625,-0.2194217244613637,1.9379926828127059,-0.26926349978893444,1.1618791758948426
1.218,-0.27733244343387675,1.212119176325051,-0.2155016927324981,1.9600158644328003,-0.2668975276117384,1.182986088598025
1.22,-0.27467475864978275,1.2380000950029892,-0.21153829523780435,1.9816987473468823,-0.26448964625401017,1.2039406788641054
1.222,-0.27229321264267226,1.2593693482928545,-0.20753224303483025,2.0030261014870514,-0.2620401862253572,1.2247300143264879
1.224,-0.2694477855544211,1.2825377571570162,-0.20348427717447978,2.0239829301752374,-0.25954950364991264,1.2453412877222734
1.226,-0.26715032169386865,1.301927151936945,-0.1993951682015121,2.044554486483842,-0.2570179799895291,1.2657618301917843
1.228,-0.2644429699507067,1.3242272027823916,-0.19526571562283637,2.0647262893378566,-0.2544460217406724,1.2859791244283554
1.23,-0.2618946295202462,1.3442523381987546,-0.1910967473441576,2.08448413933938,-0.2518340601053455,1.305980817663443
1.232,-0.2591968080188714,1.3667046724507936,-0.18688911907556616,2.103814134295723,-0.24918255063640093,1.3257547344722762
1.234,-0.25658629871865196,1.3849800136138128,-0.18264371370670096,2.1227026844326016,-0.24649197285763005,1.3452888893854467
1.236,-0.2536739056254726,1.4060364171760136,-0.1783614406521525,2.141136527274224,-0.24376282985904596,1.3645714992920435
1.238,-0.25073677707569525,1.4203741741593559,-0.17404323516780765,2.159102742172437,-0.24099564786780567,1.3835909956201469
1.24,-0.2475156497122968,1.443078507351195,-0.16969005763887274,2.1765887644674575,-0.2381909757952442,1.4023360362807327
1.242,-0.24482268355716455,1.4644466220340164,-0.1653028928403465,2.1935823992631183,-0.23534938476052164,1.4207955173612867
1.244,-0.24184116657089944,1.4834887962479182,-0.16088274917074658,2.210071834799966,-0.23247146759141024,1.4389585845556938
1.246,-0.23892257405278963,1.4996133230069861,-0.1564306578599266,2.226045655409992,-0.22955783830277574,1.456814644317247
1.248,-0.2360257229013967,1.5176414984553948,-0.15194767215185212,2.241492854037242,-0.2266091315533319,1.4743533747219235
1.25,-0.23274208061442564,1.536189350894103,-0.14743486646323406,2.256402844309036,-0.22362600208127315,1.4915647360293816
1.252,-0.22914157260278056,1.5534102288870204,-0.14289333551894798,2.2707654721430357,-0.22060912411941422,1.508438980929465
1.254,-0.22647048463402436,1.5696866638355171,-0.13832419346519614,2.2845710268759207,-0.21755919079048952,1.5249666644623447
1.256,-0.22321204606985054,1.5897379024697644,-0.13372857296139615,2.2978102518999974,-0.21447691348328796,1.541138653600785
1.258,-0.22051994967457023,1.6035773098797423,-0.1291076242518069,2.3104743547946183,-0.21136302121032116,1.556946136483392
1.26,-0.21692724683851947,1.6204631067368085,-0.12446251421792713,2.322555016939891,-0.20821825994774495,1.5723806312880975
1.262,-0.21343614364675614,1.6346928006493384,-0.11979442541272561,2.3340444026007585,-0.20504339195827392,1.5874339947355174
1.264,-0.21040944504919332,1.648830341002349,-0.1151045550777853,2.3449351674701577,-0.20183919509784942,1.6020984302122565
1.266,-0.20699896307377122,1.6645335205994884,-0.11039411414446408,2.3552204666606116,-0.19860646210684013,1.6163664955046393
1.268,-0.20383985317246586,1.679514403638541,-0.10566432622019556,2.3648939621342646,-0.19534599988657253,1.6302311101338023
1.27,-0.20021434579249092,1.6945868226573895,-0.10091642656107146,2.3739498295620507,-0.1920586287620055,1.643685562283522
1.272,-0.19694552710669758,1.7042117460063526,-0.09615166103186472,2.3823827646033706,-0.18874518173138025,1.6567235153126254
1.274,-0.19371975410966927,1.717226475584283,-0.09137128505466799,2.3901879885983623,-0.18540650370369166,1.6693390138442956
1.276,-0.1902592500091472,1.7311355238228419,-0.08657656254733687,2.3973612536655593,-0.18204345072484152,1.6815264894250779
1.278,-0.18677835928414152,1.7417833348260336,-0.08176876485293993,2.403898847198467,-0.17865688919334777,1.6932807657468767
1.28,-0.18305764065067848,1.753852258523889,-0.0769491696614293,2.4097975957553195,-0.17524769506649626,1.704597063425747
1.282,-0.179524937380712,1.765321512778134,-0.07211905992475523,2.415054868337034,-0.17181675305783267,1.715471004331788
1.284,-0.1758338788956772,1.776581251646143,-0.06727972276665697,2.419668579049126,-0.16836495582690272,1.7258986154649745
1.286,-0.1721102520789356,1.7861598679992965,-0.06243244838836872,2.423637189144128,-0.16489320316215816,1.7358763323722828
1.288,-0.1689465091942242,1.7967395821960148,-0.057578528971485105,2.4269597084418075,-0.16140240115795415,1.7454010021020092
1.29,-0.1647880242405822,1.8037205035181816,-0.05271925757923457,2.4296356961252683,-0.1578934613865707,1.754469885691717
1.292,-0.16173149050158556,1.810256656935044,-0.047855927057410985,2.43166526091179,-0.15436730006619712,1.7630806601867939
1.294,-0.15836653627439182,1.8191540841500766,-0.042989828936214905,2.4330490605980417,-0.1508248372258228,1.7712314201871566
1.296,-0.1541612060062695,1.8278584065187686,-0.03812225233425472,2.4337883009800905,-0.14726699586798242,1.7789206789201923
1.298,-0.1506270344815741,1.837421942097894,-0.033254482865955906,2.433884734149407,-0.14369470113030525,1.786147368838587
1.3,-0.14665880544865317,1.8426913635086086,-0.028387801553622208,2.433340656166849,-0.14010887944682074,1.7929108417422526
1.302,-0.14338431164606932,1.8488478980244387,-0.02352348374538744,2.432158904117384,-0.13651045770997247,1.799210868424129
1.304,-0.1395625550700277,1.8552811245849559,-0.01866279804028928,2.43034285254908,-0.13290036243429207,1.8050476378402007
1.306,-0.1358217052956869,1.8602422696895888,-0.013807005221687922,2.4278964093006787,-0.1292795189226828,1.8104217558046347
1.308,-0.1319814096367392,1.8629665709518004,-0.008957357200242303,2.42482401072281,-0.12564885043625978,1.8153342432115114
1.31,-0.1286112945575255,1.8687100656781632,-0.004115095967644966,2.4211306162986683,-0.12200927736868941,1.8197865337851842
1.312,-0.12446362759815073,1.8715375542018884,0.0007185474376965022,2.416821702670734,-0.11836171642596569,1.823780471361866
1.314,-0.12088019374798419,1.8765198637182565,0.005542353951858167,2.4119032570808323,-0.11470707981255449,1.8273183067056
1.316,-0.11702806884829413,1.8775726385223845,0.01035511749232132,2.4063817702315764,-0.11104627442482982,1.8304026938623315
1.318,-0.11335001478352952,1.8833793772030685,0.015155645949477197,2.4002642285779388,-0.10738020105271713,1.8330366860563445
1.32,-0.11005227714449342,1.8847238342537822,0.01994276216159401,2.393558106058406,-0.10370975359044937,1.835223731133883
1.322,-0.1055754111598098,1.883254365550528,0.024715304872145717,2.386271355275855,-0.10003581825733075,1.8369676665593087
1.324,-0.10202513568570093,1.886453718126035,0.02947212966842365,2.3784123981389658,-0.09635927282939137,1.8382727139696928
1.326,-0.0984297140247895,1.8851587635615163,0.03421210990037493,2.3699901159756394,-0.09268098588280285,1.8391434732942622
1.328,-0.09475968962315033,1.8832917649247587,0.03893413757863601,2.3610138391305364,-0.08900181604991157,1.8395849164456424
1.33,-0.09069391193344017,1.8863474128179527,0.04363712425075494,2.3514933360594634,-0.08532261128873087,1.8396023805903559
1.332,-0.08697110864961283,1.8805290393371161,0.04832000185462283,2.3414388019339487,-0.0816442081667178,1.8392015610065335
1.334,-0.08305091678734285,1.882146476739298,0.05298172354816269,2.3308608467699283,-0.07796743115964322,1.838388503537294
1.336,-0.0792350836607734,1.8818661657731937,0.05762126451435275,2.3197704830950303,-0.07429309196634576,1.8371695966487285
1.338,-0.07549508624235395,1.8832587701329842,0.06223762274069172,2.308179113169484,-0.07062198884014195,1.8355515631019006
1.34,-0.0717056882597703,1.8799029026400782,0.06682981977224414,2.2960985157762126,-0.06695490593764448,1.8335414512487307
1.342,-0.06841610850042662,1.875780126031232,0.07139690143743645,2.283540832596155,-0.06329261268572031,1.831146625962087
1.344,-0.06414574642041337,1.872857135804444,0.07593793854580716,2.270518554185353,-0.059635863167298644,1.8283747592108337
1.346,-0.060557666029742566,1.8697147105434258,0.08045202755694873,2.257044505570786,-0.05598539552671661,1.8252338202910163
1.348,-0.05694522513991062,1.8640101931289261,0.08493829121991348,2.2431318314823687,-0.05234193139526707,1.8217320657247678
1.35,-0.05317913954113378,1.8631054864101757,0.08939587918239135,2.2287939812389346,-0.048706175337589246,1.8178780288389136
1.352,-0.04974965073559819,1.8577216715244604,0.09382396856900417,2.214044693306413,-0.045078814319517976,1.8136805090356347
1.354,-0.04565146504305785,1.8530793033627244,0.0982217645280977,2.198897979546758,-0.04146051719798216,1.8091485607679068
1.356,-0.04202229273869164,1.8474839066667448,0.10258850074645075,2.1833681091765293,-0.03785193423351659,1.8042914822327845
1.358,-0.038494386633306586,1.838875612687073,0.1069234399313594,2.167469592454327,-0.03425369662592473,1.799118803795931
1.36,-0.03513030202263057,1.8380484943524336,0.11122587425959254,2.151217164116569,-0.030666416073602522,1.7936402761611034
1.362,-0.03124339799685367,1.8317255212083676,0.11549512579275524,2.134625766581351,-0.027090684357005308,1.7878658582986071
1.364,-0.02734634882787859,1.8219870397802609,0.11973054685863598,2.1177105329403667,-0.023527072946711296,1.7818057051470066
1.366,-0.023682350234808,1.8157253406700886,0.12393152039815412,2.100486769759072,-0.019976132636505998,1.7754701551026482
1.368,-0.020394254282488974,1.8091399709861942,0.12809746027756502,2.082969939705449,-0.016438393201882423,1.7688697173117875
1.37,-0.016458666920440002,1.8032414549936335,0.1322278115656208,2.0651756440278892,-0.012914363084321725,1.762015058780349
1.372,-0.013134686036320531,1.797096686051906,0.1363220507754265,2.047119604902847,-0.009404529101688642,1.7549169913165414
1.374,-0.009492464219225375,1.7845771274901245,0.1403796860707725,2.0288176476730007,-0.005909356185045135,1.7475864583217533
1.3760000000000001,-0.005456352789942562,1.7804294498151816,0.14440025743676604,2.0102856829967646,-0.002429287142154512,1.7400345214453112
1.3780000000000001,-0.0024547479720890162,1.7697719445331273,0.1483833368146261,1.9915396889300225,0.0010352575520831764,1.7322723471188441
1.3800000000000001,0.001024728089119336,1.766207189864423,0.1523285282005481,1.9725956929609987,0.004483879938055421,1.7243111929861221
1.3820000000000001,0.004608034661599102,1.7578315902044281,0.15623546770858646,1.9534697540191819,0.007916204726544125,1.7161623942443518
1.3840000000000001,0.008404009373749412,1.7484310212518595,0.16010382359754485,1.9341779444791931,0.011331879426370137,1.7078373499130064
1.3860000000000001,0.011569674014305063,1.7405886929516796,0.16393329626190575,1.9147363321804503,0.014730574444462812,1.6993475090463375
1.3880000000000001,0.015092564521041452,1.73036673026747,0.16772361818687256,1.8951609624834085,0.018111983158274357,1.6907043569057731
1.3900000000000001,0.018751838655110063,1.717911011384582,0.17147455386763868,1.8754678403830662,0.02147582196049124,1.681919401108442
1.3920000000000001,0.02185184490936179,1.7142063704532253,0.1751858996930393,1.8556729127003093,0.02482183027602739,1.6730041577680743
1.3940000000000001,0.025258251299185255,1.7022324272631615,0.17885748379378236,1.8357920503715297,0.02814977055131646,1.6639701376445342
1.3960000000000001,0.029071915092717726,1.6950112464654497,0.18248916585549593,1.8158410308567925,0.03145942821595287,1.6548288323182048
1.3980000000000001,0.0323549456422623,1.683954966002387,0.18608083689686922,1.7958355206866417,0.0347506116167637,1.6455917004054168
1.4000000000000001,0.0353248745010534,1.6731965778135538,0.18963241901320407,1.7757910581674319,0.03802315192442578,1.6362701538310385
1.4020000000000001,0.03906985178077962,1.6668152830768856,0.19314386508573378,1.7557230362648462,0.04127690301277433,1.6268755441742733
1.4040000000000001,0.0422878443328004,1.6533460705783771,0.1966151584571038,1.7356466856850121,0.04451174131098155,1.6174191491036094
1.4060000000000001,0.045136141558779555,1.6485540391986027,0.20004631257344854,1.7155770581723624,0.04772756562881504,1.6079121589167455
1.408,0.048846756042023855,1.637254726913579,0.20343737059353473,1.6955290100430969,0.05092429695521741,1.5983656632011853
1.41,0.05230288801402411,1.6255482009227797,0.20678840496548032,1.675517185972795,0.05410187823047949,1.5887906376310377
1.412,0.055493223294263726,1.6166381523946363,0.21009951697159313,1.6555560030564047,0.05726027409231026,1.5791979309153854
1.414,0.058526253005924185,1.6062727788324962,0.21337083624191008,1.6356596351584802,0.06039947059613705,1.5695982519133995
1.416,0.061270476052924086,1.5950942648061688,0.21660252023705245,1.61584199757119,0.06351947490999939,1.5600021569311666
1.418,0.06465291232371682,1.5881646464864674,0.2197947537010469,1.59611673199722,0.06662031498442933,1.550420037214972
1.42,0.06814211985217869,1.5766012625299317,0.2229477480847955,1.5764971918743105,0.06970203919774041,1.540862106655544
1.422,0.07110647835890815,1.5681054302357418,0.226061740940911,1.556996428057742,0.07276471597717542,1.5313383897175035
1.424,0.07407932919913157,1.5624771261035997,0.2291369952906643,1.5376271748766568,0.0758084333963914,1.521858709607992
1.426,0.07761561240318517,1.5495192407698521,0.23217379896382362,1.518401836579652,0.07883329874978773,1.5124326766981606
1.428,0.08064997821361641,1.5420826766592879,0.23517246391219285,1.499332474184621,0.08183943810420953,1.5030696772108985
1.43,0.08375281216122349,1.5324371634366953,0.2381333254976875,1.4804307927473346,0.08482699582858526,1.4937788621878607
1.432,0.08661972658480857,1.525854894253584,0.24105674175581304,1.46170812906277,0.0877961341020823,1.484569136748519
1.434,0.08971336457632244,1.5112906524241716,0.2439430926354384,1.4431754398126806,0.09074703240138952,1.4754491496536108
1.436,0.09248509657186002,1.503795542012181,0.24679277921578316,1.4248432901723833,0.09367988696775953,1.4664272831850018
1.438,0.09549579894935907,1.500059423133283,0.24960622290156156,1.4067218428892092,0.09659491025446673,1.4575116433535986
1.44,0.09863074891313432,1.4860244358194887,0.2523838645972506,1.388820847844515,0.09949233035535986,1.4487100504465622
1.442,0.1015044719196042,1.4792546087119165,0.2551261638614718,1.371149632110598,0.1023723904152092,1.4400300299246696
1.444,0.10449463172733017,1.471223575434055,0.2578335980424984,1.3537170905132891,0.10523534802256972,1.4314788036802584
1.446,0.10774669780449106,1.464694781196842,0.2605066613959192,1.3365316767104185,0.10808147458590125,1.4230632816657665
1.448,0.1104427236178699,1.4542633776231753,0.2631458641855107,1.3196013947957628,0.11091105469370614,1.4147900539024407
1.45,0.1135866511749337,1.447663927838822,0.2657517317683857,1.3029337914374817,0.11372438545946283,1.4066653828783435
1.452,0.11616686828679833,1.4342180887428002,0.2683248036655046,1.2865359485594456,0.11652177585215148,1.39869519634433
1.454,0.11875448780999755,1.4300256939727123,0.2708656326186511,1.270414476573242,0.11930354601318388,1.390885080516202
1.456,0.12178845881104543,1.425503485915904,0.27337478363498713,1.2545755081680208,0.12207002656056543,1.3832402736907736
1.458,0.12484014401743136,1.4138709940133833,0.27585283302031655,1.239024692664717,0.12482155788113161,1.3757656602830919
1.46,0.12762675840541457,1.4128390310574646,0.2783003674021976,1.2237671909405392,0.12755848941171477,1.3684657652915773
1.462,0.13014052314167218,1.4049097710437664,0.28071798274405557,1.2088076709289817,0.13028117891010946,1.3613447491973367
1.464,0.13302477692527753,1.3978510271332107,0.2831062833514555,1.1941503036999632,0.13298999171671627,1.3544064033034082
1.466,0.13586045568942787,1.3857092523817909,0.2854658808717036,1.1797987601240438,0.1356853000077546,1.3476541455191762
1.468,0.13879127653115295,1.3797193232264215,0.2877973932879516,1.1657562081240123,0.13836748204094398,1.341091016594684
1.47,0.1410883422453749,1.3723243809968722,0.29010144390898457,1.1520253105164813,0.1410369213945621,1.3347196768090472
1.472,0.1438721535616306,1.3715230236558846,0.2923786603558755,1.1386082234454575,0.14369400620079537,1.328542403116641
1.474,0.14672024375530554,1.3668321785117774,0.2946296735466939,1.1255065954091938,0.1463391283743038,1.3225610867542092
1.476,0.14952934957751862,1.3608290112387624,0.29685511668045583,1.1127215668809591,0.1489726828369268,1.3167772313115034
1.478,0.15239719317405992,1.3542708157787453,0.2990556242215032,1.1002537705237,0.15159506673946185,1.3111919512675274
1.48,0.15539508977530597,1.349083589883556,0.301231830885499,1.0881033319978932,0.1542066786814497,1.3058059709939205
1.482,0.15733366853130115,1.3405421364143602,0.30338437062822143,1.0762698713612255,0.15680791792990265,1.3006196242264723
1.484,0.16011537652060046,1.340512219045026,0.3055138756383376,1.0647525050580724,0.15939918363791308,1.2956328540052218
1.486,0.16294267849672378,1.3324856632431898,0.3076209753353297,1.053549848496079,0.16198087406407918,1.2908452130830501
1.488,0.16578927618641712,1.3316824250936294,0.3097062953737427,1.042660019206489,0.16455338579368345,1.2862558648021325
1.49,0.16822135962560641,1.3229245671022152,0.31177045665491115,1.0320806405842071,0.1671171129625576,1.2818635844370772
1.492,0.17105727127761175,1.3261849127580452,0.313814074347317,1.0218088462029309,0.16967244648456367,1.2776667610030372
1.494,0.17345425432306677,1.3177544622060111,0.31583775691671706,1.0118412847000322,0.17221977328361676,1.273663399526543
1.496,0.17629551849037037,1.314875638530431,0.31784210516716754,1.0021741252252334,0.1747594755311693,1.2698511237762686
1.498,0.17887517271269535,1.3119172430340347,0.3198277112940605,0.9928030634464784,0.17729192989007014,1.2662271794504152
1.5,0.181482413633526,1.306978034971903,0.3217951579502721,0.9837233281057745,0.17981750676570388,1.2627884378168608
1.502,0.18421633308111784,1.3021674592107333,0.3237450173265064,0.9749296881171562,0.1823365695653073,1.2595313998017101
1.504,0.18679849384350225,1.3003430032117005,0.325677850246903,0.966416460198307,0.18484947396635001,1.2564522005213528
1.506,0.1894191132736774,1.3031654994666835,0.3275942052809565,0.9581775170267725,0.18735656719485527,1.253546614252627
1.508,0.19178667185128798,1.2934528803427077,0.32949461787277873,0.9502062959111017,0.18985818731452564,1.2508100598351828
1.51,0.19467207214599175,1.293551762676035,0.3313796094887121,0.9424958079666691,0.1923546625275249,1.2482376064996306
1.512,0.19709834641012183,1.2904796306374884,0.3332496867842828,0.9350386477853558,0.19484631048775405,1.2458239801145772
1.514,0.19942905782799714,1.2888318497086486,0.3351053407914582,0.9278270035877088,0.19733343762744437,1.2435635698451595
1.516,0.20205145249931644,1.286773055183424,0.3369470461271495,0.9208526678456442,0.1998163384978748,1.2414504352152143
1.518,0.20444492474183415,1.2855193604928357,0.33877526022387594,0.9141070483632309,0.2022952951250043,1.2394783135647511
1.52,0.20730967268888315,1.2845152891087406,0.34059042258348105,0.9075811798025601,0.20477057638079219,1.2376406278939425
1.522,0.20978687804311827,1.2828701478944666,0.34239295405476344,0.9012657356412097,0.20724243737096096,1.2359304950843915
1.524,0.21253618240775748,1.2847259577275518,0.34418325613585804,0.8951510405473092,0.20971111883993698,1.2343407344880075
1.526,0.21499272017730592,1.2811281109085606,0.34596171030217354,0.8892270831577436,0.21217684659368374,1.2328638768733868
1.528,0.2177684052481967,1.2762453005329053,0.34772867736066265,0.883483529244568,0.21463983094112213,1.2314921737191882
1.53,0.22012200326153733,1.2776448994214482,0.34948449683117117,0.8779097352542652,0.2171002661548093,1.2302176068435842
1.532,0.22282757942247286,1.2722563378935072,0.35122948635557927,0.8724947622040516,0.21955832995152627,1.2290318983584874
1.534,0.2252899708185241,1.2733253886899603,0.35296394113541735,0.8672273899190287,0.2220141829934,1.2279265209368664
1.536,0.2278063409277984,1.2753855740246285,0.3546881333986045,0.8620961315935888,0.22446796841016223,1.2268927083811094
1.538,0.23023192060779407,1.2709676870036513,0.35640231189592475,0.8570892486601152,0.2269198113431223,1.2259214664800433
1.54,0.23285752973556467,1.271162483956472,0.3581067014278201,0.8521947659476631,0.22936981851140606,1.2250035841418783
1.542,0.23518256036809979,1.2693398958862336,0.35980150240204606,0.8474004871129818,0.23181807780098612,1.2241296447900347
1.544,0.23817259578884026,1.2698635458499898,0.3614868904226979,0.8426940103259245,0.23426465787700312,1.2232900380084983
1.546,0.24041705395435214,1.2700572191801718,0.3631630159110799,0.8380627441910069,0.23670960781984926,1.2224749714230667
1.548,0.24299011487206826,1.2679418979116956,0.3648300037588531,0.8334939238866056,0.23915295678545842,1.2216744828045734
1.55,0.2458695812102441,1.268919012805252,0.36648795301385917,0.8289746275030426,0.24159471369021826,1.22087845237992
1.552,0.24851023655035417,1.2682803391496857,0.36813693659898034,0.8244917925605785,0.2440348669208913,1.2200766153365121
1.554,0.2508166808322701,1.2674528292265281,0.3697770010643566,0.8200322326881336,0.2464733840699022,1.2192585745054623
1.556,0.2529895735714357,1.2655477286517438,0.37140816637324336,0.8155826544433806,0.24891021169631966,1.2184138132087288
1.558,0.2552738791385385,1.2649923006550818,0.37303042572175277,0.8111296742546913,0.25134527511283,1.217531708255162
1.56,0.25789150569714747,1.2605504605137519,0.37464374539268336,0.8066598354652923,0.25377847819897054,1.2166015430702646
1.562,0.2609281557735306,1.2617330680095098,0.3762480646436031,0.8021596254598699,0.2562097032408592,1.2156125209443194
1.564,0.26305198981129063,1.2594128528839625,0.3778432956293107,0.7976154928537803,0.25863881079762596,1.2145537783834013
1.566,0.2659408510572518,1.260353874900734,0.3794293233587606,0.7930138647249593,0.26106563959472134,1.213414398547678
1.568,0.26820269230523236,1.2574429233604751,0.3810060056864978,0.788341163868582,0.263490006444244,1.2121834247613026
1.57,0.27074672679929684,1.256641095094237,0.3825731733386068,0.7835838260545134,0.26591170619240023,1.2108498740781277
1.572,0.27344776141509153,1.2505062306916113,0.38413062997314196,0.7787283172675932,0.26833051169417504,1.2094027508874048
1.574,0.2755927292393218,1.254753654769983,0.3856781522749636,0.7737611509108332,0.2707461738152622,1.2078310605435945
1.576,0.2783787495002752,1.2492841259653875,0.38721549008486694,0.7686689049516603,0.273158421461271,1.2061238230043938
1.578,0.2810327773497309,1.25056414731264,0.3887423665628498,0.7634382389914163,0.27556696163419314,1.204270086461076
1.58,0.28302912432055716,1.2433730360544315,0.3902584783853266,0.758055911238429,0.27797147951608364,1.202258940945261
1.582,0.2854739445736421,1.247415383539016,0.3917634959760568,0.7525087953650951,0.2803716385798762,1.2000795318962652
1.584,0.2881669590123999,1.2405543962522638,0.39325706377051595,0.7467838972295631,0.2827670807272226,1.1977210736732322
1.586,0.29044598826356416,1.237413552621127,0.3947388005134015,0.7408683714427777,0.2851574264532153,1.1951728629963234
1.588,0.29324003815700905,1.2342164479610958,0.3962082995889252,0.734749537761842,0.28754227503781793,1.1924242923013297
1.59,0.2953695859763536,1.231563349826396,0.3976651293835069,0.7284148972908685,0.2899212047638023,1.1894648629921833
1.592,0.2980134137665409,1.2293735349896,0.39910883368044836,0.7218521484707331,0.29229377316095423,1.1862841985759704
1.594,0.3000523137997512,1.2231707993863328,0.4005389320861272,0.7150492028394043,0.29465951727628464,1.1828720576651965
1.596,0.3027792249874918,1.2202066409977672,0.40195492048721676,0.7079942005448031,0.29701795396994907,1.179218346832217
1.598,0.3055087282424875,1.2160557101020275,0.40335627153840165,0.7006755255924535,0.29936858023655094,1.1753131333009286
1.6,0.30823120954707445,1.2101626966913648,0.4047424351800227,0.6930818208105078,0.30171087355147297,1.171146657461019
1.602,0.31042484923635916,1.2055116244427486,0.4061128391850528,0.6852020025150736,0.30404429224185353,1.1667093451902877
1.604,0.3126953086237784,1.2014329892968731,0.4074668897347711,0.6770252748591349,0.3063682758817951,1.1619918199707853
1.606,0.3146538895045617,1.1961053179536283,0.40880397202246854,0.6685411438487441,0.30868224571136466,1.15698491478477
1.608,0.31718914969119294,1.188807484293522,0.41012345088448965,0.6597394310105607,0.31098560507891815,1.1516796837767491
1.61,0.3195223678803143,1.1833641558482362,0.41142467145788014,0.6506102866952345,0.31327773990625446,1.1460674136681557
1.612,0.32199891225244404,1.1765869571323604,0.4127069598638833,0.6411442030015684,0.31555801917607745,1.1401396349115085
1.614,0.32431395843442967,1.1683251750077734,0.413969623916497,0.6313320263068501,0.3178257954412199,1.1338881325712233
1.616,0.32666618699309935,1.161990703501987,0.41521195385527543,0.6211649693892117,0.32008040535505705,1.1273049569185671
1.618,0.3289271656167217,1.1538759767955764,0.41643322310153214,0.6106346231283637,0.3223211702225142,1.1203824337285957
1.62,0.33149774489258477,1.1482839323158582,0.41763268903707523,0.5997329677715504,0.32454739657104875,1.1131131742672722
1.622,0.33359331626859356,1.1392888006262503,0.41880959380457944,0.5884523837520894,0.3267583767409634,1.1054900849573333
1.624,0.33607785129471573,1.1308225073623746,0.4199631651286762,0.5767856620483863,0.3289533894943871,1.0975063767118585
1.6260000000000001,0.33806563752374924,1.1195635230148329,0.42109261715681995,0.564726014071859,0.3311317006422369,1.0891555739248926
1.6280000000000001,0.3404957243099116,1.1131167636628283,0.42219715131896546,0.5522670810727596,0.33329256368845467,1.0804315231088828
1.6300000000000001,0.3427929477717986,1.10308282428979,0.4232759572050724,0.5394029430534504,0.3354352204907929,1.0713284011691089
1.6320000000000001,0.34459219358081383,1.0934172698865448,0.42432821345943095,0.5261281271792687,0.33755890193740434,1.0618407233057217
1.6340000000000001,0.34694786736173955,1.0795038027288064,0.42535308869078636,0.5124376156777094,0.33966282863847325,1.0519633505344417
1.6360000000000001,0.3493616278540444,1.0705859838570617,0.4263497423972209,0.49832685321726505,0.3417462116321081,1.0416914968174276
1.6380000000000001,0.3514055509703993,1.059457558223345,0.4273173259047367,0.483791753757897,0.34380825310370067,1.031020735796276
1.6400000000000001,0.3534743721400268,1.046087803022177,0.4282549833184683,0.46882870686578837,0.3458481471179399,1.0199470071195937
1.6420000000000001,0.3555613542719362,1.0344096412795356,0.42916185248543987,0.45343458348577853,0.34786508036265595,1.0084666223580532
1.6440000000000001,0.357192073527726,1.025299328745537,0.4300370659677714,0.4376067411657848,0.3498582329036566,0.9965762705003277
1.6460000000000001,0.3594420303476386,1.0087981745181085,0.4308797520252289,0.42134302872873525,0.35182677894970416,0.984273023023798
1.6480000000000001,0.36163025833755164,0.992915712250711,0.43168903560600774,0.40464179038944265,0.35376988762677297,0.9715543385344136
1.6500000000000001,0.363428545031943,0.9855648110611633,0.4324640393446422,0.3875018693172503,0.35568672376071414,0.9584180669705977
1.6520000000000001,0.36570571132994617,0.9683125489556063,0.4332038845659463,0.3699226106520247,0.3575764486674473,0.944862453366592
1.6540000000000001,0.36722741308887763,0.953842745928685,0.43390769229393705,0.3519038639953853,0.3594382209497896,0.9308861411711475
1.6560000000000001,0.36874982618625707,0.9383615198147003,0.4345745842647986,0.33344598543076837,0.3612711973000256,0.916488175117983
1.6580000000000001,0.3710340865617425,0.9241965957748859,0.43520368394319503,0.3145498391981944,0.3630745333073155,0.9016680036449501
1.6600000000000001,0.37308957277134075,0.9085138451487254,0.4357941175418306,0.29521679931780637,0.36484738426903424,0.8864254808593656
1.6620000000000001,0.37465929258721625,0.891302148002316,0.4363450150455398,0.2754487518545836,0.3665889060051292,0.8707608680474881
1.6640000000000001,0.376028467190944,0.875113315629504,0.4368555112444896,0.255248099474912,0.3682982556745825,0.8546748347266453
1.666,0.3779492211908227,0.8546876561460718,0.4373247467890605,0.2346177722854617,0.3699745925930606,0.8381684592390343
1.668,0.3793862633908688,0.8406970499318547,0.4377518692985401,0.2135612547397979,0.3716170790508341,0.8212432288867432
1.67,0.38153717600324594,0.8201501288717292,0.4381360346044353,0.19208265294758484,0.3732248811300502,0.8039010396080624
1.672,0.38301921759030966,0.8023319593863443,0.4384764083318541,0.17018686370939484,0.37479716952044156,0.7861441951956738
1.674,0.3845622155280109,0.7817643923124445,0.4387721683350052,0.14788000157557254,0.3763331203325572,0.7679754060578232
1.676,0.3856992876373237,0.7666072554176959,0.43902250930513936,0.12517048506708567,0.3778319159076054,0.7493977875240969
1.678,0.38738916068992246,0.7456699224693696,0.43922665291972746,0.10207180729403663,0.37929274562300125,0.730414857697934
1.68,0.3889342821645534,0.729829790067213,0.43938387196993006,0.07860952510130025,0.3807148066927183,0.7110305348585142
1.682,0.39046826666454715,0.7052798807161809,0.4394935480239713,0.05483802702062166,0.3820973049615486,0.6912491344151634
1.684,0.3917424191271519,0.6848378166263266,0.4395552974911802,0.030874733604467235,0.3834394556923844,0.671075365417919
1.686,0.3930261413333269,0.664241547093256,0.43956917555254005,0.006939030679925153,0.3847404843456412,0.6505143266283876
1.688,0.3944341127481838,0.6407740853286764,0.4395357702825688,-0.016702634985619674,0.3859996273499522,0.6295715021555173
1.69,0.39564410106107795,0.6204668788708605,0.4394558365111986,-0.03996688568507715,0.38721613286327494,0.6082527566613876
1.692,0.3970218923043662,0.5963137147584305,0.43932975696682,-0.06303977218931428,0.3883892615235601,0.5865643301425972
1.694,0.39775150406155374,0.5756411244122086,0.43915743104848126,-0.08616295916934519,0.38951828718814674,0.5645128322933074
1.696,0.39910141951316624,0.5545964611783566,0.43893844984322866,-0.10949060262630521,0.3906024976610597,0.5421052364564841
1.698,0.3996699702586239,0.5323335855381393,0.43867226196968256,-0.13309393677304954,0.3916411954074005,0.5193488731704058
1.7,0.4010488131125655,0.5038134424575741,0.43835826557646684,-0.1569981966078601,0.39263369825403677,0.49625142331814026
1.702,0.402429892405279,0.4792116762112992,0.4379958509592983,-0.18120730858425557,0.3935793400758141,0.4728209108886445
1.704,0.40323633026612254,0.45725139888350974,0.4375844190351258,-0.20571596208626108,0.394477471466534,0.44906569535996455
1.706,0.40402550174388113,0.4291167528238033,0.43712338928747624,-0.23051487382477615,0.3953274603939725,0.42499446371924077
1.708,0.4051583185514872,0.409468647526218,0.43661220334706463,-0.25559297020578986,0.3961286928382627,0.4006162221451134
1.71,0.40568278910085637,0.3789169637755347,0.43605032680596756,-0.2809382705485275,0.39688057341307803,0.37594028740766405
1.712,0.40608083467168,0.3578212247851734,0.43543725032129543,-0.30653824233607446,0.39758252596932436,0.35097627812315935
1.714,0.4065022230255068,0.3282014963490861,0.4347724904275024,-0.33237994689651884,0.3982339941817898,0.3257341062327001
1.716,0.4076819173689651,0.30653383988978644,0.434055590220563,-0.35845010346970013,0.39883444212126073,0.30022396973547355
1.718,0.408280606836769,0.2743248059515944,0.4332861199763777,-0.38473512209263266,0.39938335482048654,0.27445634961288967
1.72,0.40880040264978,0.2471340574502041,0.4324636777266592,-0.41122112485924783,0.399880238859316,0.24844201941473743
1.722,0.40883528693912874,0.21671907125393763,0.43158788980061485,-0.43789396302218525,0.40032462304367455,0.22219209217927766
1.724,0.40941813042307157,0.18881493196598656,0.43065841133512744,-0.46473923274369955,0.40071605939789273,0.1957181771091001
1.726,0.4097866784146442,0.1628237182283209,0.42967492675406577,-0.491742290530841,0.40105412511777505,0.16903285994116388
1.728,0.40970300630821593,0.1311837636922977,0.42863715021661536,-0.5188882687252118,0.4013384274004033,0.1421511413141438
1.73,0.4099420303836584,0.09934270791209852,0.4275448260342731,-0.5461620911711565,0.4015686168162891,0.1150947079428794
1.732,0.41045824590099106,0.06994869963690015,0.4263977290560813,-0.5735484890958791,0.40174442572528396,0.08790445449743467
1.734,0.41047145023316817,0.03965693293515964,0.4251956650216771,-0.6010320172021131,0.40186577704633436,0.06067566052518805
1.736,0.4102385012264917,0.011815200305336015,0.42393847088175296,-0.628597069962064,0.4019330646401124,0.03364379688903227
1.738,0.41043125694269245,-0.016920524075592747,0.422626015085559,-0.6562278980969696,0.4019476856503579,0.007310505122726858
1.74,0.41027287208742036,-0.04196525066208132,0.4212581978351091,-0.6839086252249662,0.40191233467496534,-0.0176754876962536
1.742,0.41018205449507783,-0.06150188741171507,0.41983495130579057,-0.711623264659248,0.40183000556584564,-0.041164554559840735
1.744,0.41000269106940795,-0.08371474668003373,0.41835623983311426,-0.7393557363381547,0.4017027134617838,-0.0636460520308973
1.746,0.4098607726426072,-0.10607388298142548,0.41682206006537703,-0.7670898838686072,0.40153141664898434,-0.08564840639973645
1.748,0.40956861248590865,-0.11804196453902413,0.4152324410820487,-0.7948094916641475,0.4013164534334641,-0.10748160776010351
1.75,0.4089592055178566,-0.14200278976297434,0.41358744447773127,-0.8224983021587107,0.40105787461963965,-0.12928940691223828
1.752,0.4087959957705401,-0.1596171612655671,0.41188716441157697,-0.8501400330771529,0.4007556164591416,-0.1511290802490272
1.754,0.40872192305046423,-0.18074511960801418,0.41013172762209005,-0.8777183947434696,0.40040958021647793,-0.1730181213318191
1.756,0.4080276323454289,-0.20309410457532046,0.4083212934072749,-0.9052171074075731,0.40001966704045444,-0.19495658801174764
1.758,0.4076411575168656,-0.22377650663025178,0.406456053570132,-0.9326199185714524,0.3995857929173641,-0.2169370615451641
1.76,0.40711609983630004,-0.24709037814846188,0.40453623232954095,-0.9599106202955058,0.3991078950076245,-0.23894895486982043
1.762,0.4065557255018853,-0.26610057638791457,0.40256208619660927,-0.9870730664658304,0.39858593430201245,-0.26098035280603793
1.764,0.4055269473516654,-0.2863882685406595,0.40053390381660275,-1.014091190003261,0.3980198967102476,-0.28301879588239787
1.766,0.40519566596367435,-0.31163741023767394,0.39845200577661277,-1.04094901999498,0.39740979347644384,-0.3050516169018857
1.768,0.40465022210326845,-0.33046545064354654,0.39631674437915365,-1.0676306987295692,0.39675566129763656,-0.32706608940364423
1.77,0.4039142181521277,-0.3561289236007534,0.3941285033819208,-1.094120498616442,0.3960575623029051,-0.3490494973657162
1.772,0.40344331125045646,-0.37491357946808457,0.3918876977039794,-1.1204028389706848,0.3953155839588625,-0.37098917202131027
1.774,0.40295964143429325,-0.4033451046280039,0.3895947730986905,-1.1464623026444418,0.39452983892896787,-0.3928725149473109
1.776,0.40183545911829105,-0.42472219184316884,0.38725020579371827,-1.1722836524861067,0.3937004648981773,-0.4146870153953046
1.778,0.4005899624611693,-0.448551015460955,0.3848545020985008,-1.1978518476087354,0.39282762436784296,-0.43642026516716637
1.78,0.3999650791574436,-0.47184275560204175,0.3824081979796023,-1.223152059449257,0.39191150442305206,-0.45805997239544705
1.782,0.3991697501639944,-0.4921837911686266,0.3799118586044018,-1.2481696876002553,0.3909523164734859,-0.47959397478307997
1.784,0.3978741853145796,-0.5147332008448552,0.3773660778536092,-1.2728903753962941,0.38995029596843933,-0.5010102525232737
1.786,0.3967668769345692,-0.5371385397540683,0.3747714778031352,-1.297300025236999,0.38890570208647424,-0.5222969409825345
1.788,0.39551534976344616,-0.5571927370393996,0.3721287081758765,-1.3213848136293451,0.3878188174001285,-0.5434423431728593
1.79,0.39413661546573137,-0.5775261582166464,0.36943844576401275,-1.3451312059318794,0.38668994751609703,-0.5644349420157438
1.792,0.3936042806161486,-0.6027661282487761,0.366701393822445,-1.3685259707838926,0.38551942069131484,-0.5852634123911098
1.794,0.39209467620410876,-0.6244785417735449,0.36391828143403926,-1.3915561942028636,0.38430758742539395,-0.6059166329604422
1.796,0.3905994207720826,-0.6466621867291618,0.3610898628473716,-1.414209293333829,0.38305482002988994,-0.6263836977519984
1.798,0.3893823644293785,-0.6665592231049243,0.35821691678770223,-1.4364730298346846,0.3817615121748989,-0.646653927495509
1.8,0.3882998238069174,-0.6881617586197667,0.35530024574193864,-1.4583355228817863,0.38042807841351134,-0.6667168806937711
1.802,0.38680115329322257,-0.7086490267912309,0.3523406752183774,-1.479785261780614,0.37905495368467396,-0.6865623644186969
1.804,0.38513373044217003,-0.7287004586073377,0.3493390529820441,-1.5008111181666663,0.3776425927950347,-0.706180444819626
1.806,0.38356934535691667,-0.7524689357094759,0.34629624826647976,-1.5214023577821805,0.3761914698803707,-0.7255614573320017
1.808,0.381947115435146,-0.7698391260511628,0.3432131509628503,-1.5415486518147175,0.3747020778472211,-0.7446960165748224
1.81,0.380585164728083,-0.7909569341123591,0.34009067078728206,-1.56124008778412,0.37317492779536987,-0.7635750259256182
1.812,0.37859606489976877,-0.8104446335304984,0.3369297364273524,-1.5804671799648262,0.37161054842184577,-0.7821896867620478
1.814,0.3769651055939295,-0.8298902297039662,0.33373129466869034,-1.5992208793310283,0.37000948540712664,-0.8005315073595756
1.816,0.3754925936422216,-0.8483450777549112,0.33049630950266495,-1.6174925830126794,0.36837230078425653,-0.8185923114350636
1.818,0.3735505104041584,-0.8693151918484886,0.3272257612161632,-1.6352741432508848,0.36669957229160355,-0.8363642463265013
1.82,0.3718106259494831,-0.8861394034677472,0.3239206454644797,-1.652557875841768,0.36499189271000454,-0.8538397907994956
1.822,0.37019693663177106,-0.9024086246563026,0.3205819723283628,-1.6693365680584642,0.3632498691850614,-0.8710117624715541
1.824,0.36838639744669593,-0.9232256137498007,0.31721076535627984,-1.6856034860414768,0.3614741225353702,-0.8878733248456189
1.826,0.3665011272299694,-0.9430589168128273,0.3138080605929834,-1.7013523816482305,0.3596652865474807,-0.9044179939447371
1.828,0.364643771249717,-0.9547243158503039,0.31037490559547687,-1.7165774987532607,0.3578240072584003,-0.9206396445402018
1.83,0.3625260716986704,-0.9712439663945064,0.30691235843749465,-1.7312735789911076,0.3559509422264684,-0.9365325159659454
1.832,0.3604965239766452,-0.9877862315336081,0.3034214867036254,-1.7454358669346155,0.3540467597914435,-0.9520912175124338
1.834,0.3587164364945094,-1.0057800302069062,0.29990336647422144,-1.7590601147019889,0.352112138324656,-0.9673107333937744
1.836,0.3563721444898154,-1.0209037669160497,0.2963590813022482,-1.7721425859866144,0.3501477654700915,-0.9821864272822384
1.838,0.3546140901995169,-1.0345674429165044,0.29278972118323954,-1.7846800595043297,0.34815433737728174,-0.9967140464048758
1.84,0.3523896973876195,-1.050500372432636,0.28919638151953253,-1.796669831853498,0.34613255792688696,-1.0108897251974027
1.842,0.3502375532121374,-1.0666018643189656,0.2855801620799647,-1.8081097197839364,0.3440831379498649,-1.0247099885110371
1.844,0.34797655936396243,-1.079740737807747,0.2819421659562218,-1.8189980618714436,0.34200679444112797,-1.038171754368468
1.846,0.3457563784308898,-1.092237821452365,0.27828349851703105,-1.82933371959537,0.3399042497685967,-1.051272336265657
1.848,0.3434070063004463,-1.1068832815387402,0.27460526636139626,-1.83911607781739,0.3377762308785633,-1.0640094450166855
1.85,0.34183458198888944,-1.1188393819099822,0.2709085762720756,-1.8483450446603442,0.3356234684982845,-1.0763811901393863
1.852,0.3391823063795599,-1.1296764637783765,0.2671945341705021,-1.857021050786741,0.33344669633672447,-1.088386080780024
1.854,0.3368447150246872,-1.1446127406879962,0.26346424407434765,-1.8651450480772263,0.33124665028437283,-1.1000230261758168
1.856,0.33474541516008216,-1.1530945031205282,0.2597188070589275,-1.872718507710052,0.3290240676130636,-1.1112913356546235
1.858,0.3319938346586761,-1.1645629545053016,0.25595932022364093,-1.879743417643305,0.32677968617672026,-1.122190718171659
1.86,0.3301259846495969,-1.1763391318795167,0.2521868756646362,-1.8862222795023709,0.324514243613953,-1.1327212813836298
1.862,0.32745362872350287,-1.1839602539258884,0.24840255945488451,-1.8921581048758433,0.32222847655343057,-1.1428835302612208
1.864,0.32496518978556227,-1.1981189264231804,0.24460745063283693,-1.8975544110237998,0.31992311982294774,-1.1526783652414034
1.866,0.3225550794825699,-1.2086462452099782,0.24080262020083074,-1.9024152160030896,0.3175989056631046,-1.1621070799215651
1.868,0.3201458258911997,-1.215254970918743,0.23698913013440076,-1.90674503321499,0.3152565629465086,-1.1711713582979992
1.87,0.3178722476373832,-1.2249094814945003,0.23316803240363818,-1.910548865381298,0.31289681640340494,-1.179873271551825
1.872,0.31543248144152436,-1.2314539593621854,0.22934036800772692,-1.9138321979556252,0.31052038585463304,-1.1882152743859369
1.874,0.3131877949435177,-1.2433444394633444,0.22550716602377222,-1.916600991977358,0.3081279854527988,-1.1962002009171118
1.8760000000000001,0.3103258998173129,-1.2500283393851894,0.22166944267101935,-1.9188616763764348,0.305720322932543,-1.2038312601279213
1.8780000000000001,0.30805622722799986,-1.2585560935850553,0.2178282003915438,-1.9206211397377675,0.30329809887077575,-1.2111120308836172
1.8800000000000001,0.30512576520757456,-1.2636652698999957,0.2139844269484742,-1.9218867215348,0.3008620059577364,-1.2180464565196727
1.8820000000000001,0.30335030335709745,-1.2690822572369953,0.21013909454278948,-1.9226662028423542,0.29841272827972404,-1.224638839006164
1.8840000000000001,0.3004357206400509,-1.2796736152353572,0.20629315894971037,-1.9229677965395595,0.2959509406143327,-1.230893832695683
1.8860000000000001,0.29778843546830763,-1.2808349989484584,0.2024475586756818,-1.922800137014285,0.29347730773900876,-1.2368164376619621
1.8880000000000001,0.29532008275112676,-1.2922038630100408,0.19860321413691956,-1.922172269381117,0.290992483753735,-1.242411992636876
1.8900000000000001,0.29235064845126496,-1.2959068875243285,0.1947610268604685,-1.921093638225521,0.28849711141862705,-1.2476861675539672
1.8920000000000001,0.2897636246377205,-1.30190857187973,0.19092187870869368,-1.919574075887415,0.28599182150721286,-1.2526449557071069
1.8940000000000001,0.28758645631323615,-1.3068499259537691,0.18708663112809779,-1.9176237902979452,0.2834772321761461,-1.2572946655333592
1.8960000000000001,0.28447143875217984,-1.3079772442163287,0.18325612442333017,-1.915253352383813,0.280953948352087,-1.2616419120295694
1.8980000000000001,0.28227375407454713,-1.3135070708232903,0.1794311770572221,-1.9124736830540248,0.27842256113646174,-1.2656936078126297
1.9000000000000001,0.2794834825060711,-1.3142588703822773,0.1756125849776532,-1.9092960397844616,0.27588364722879416,-1.2694569538338036
1.9020000000000001,0.2768814236545041,-1.320162611153379,0.1718011209720209,-1.9057320028161464,0.27333776836927837,-1.2729394297579042
1.9040000000000001,0.27443221408940194,-1.3222829905806253,0.16799753405005377,-1.901793460983571,0.2707854708012413,-1.2761487840185195
1.9060000000000001,0.27153318632948503,-1.3281441944649037,0.16420254885567398,-1.8974925971898904,0.26822728475411955,-1.279093023560871
1.9080000000000001,0.26915038636933203,-1.3300103230134572,0.16041686510858152,-1.892841873546226,0.26566372394755106,-1.2817804032842612
1.9100000000000001,0.26622010457727685,-1.335445086298544,0.15664115707619608,-1.8878540161927242,0.2630952851171582,-1.284219415196427
1.9120000000000001,0.2635728297677042,-1.333712017485451,0.15287607307655726,-1.8825419998194082,0.26052244756257326,-1.2864187772924673
1.9140000000000001,0.2606326663995409,-1.3338815954093561,0.14912223501274682,-1.876919031905217,0.2579456727182306,-1.288387422171334
1.9160000000000001,0.258294293842422,-1.3390831083974453,0.1453802379393589,-1.8709985366939703,0.2553654037474242,-1.2901344854031997
1.9180000000000001,0.25555229625350784,-1.3364439400251962,0.14165064966150628,-1.8647941389263096,0.2527820651601016,-1.2916692936613112
1.92,0.252932851076346,-1.3385071133674376,0.13793401036681238,-1.858319647346957,0.25019606245483716,-1.293001352632222
1.922,0.24994412583436768,-1.34137862431828,0.13423083229079857,-1.8515890380069004,0.24760778178540005,-1.294140334718562
1.924,0.24723027340819817,-1.3436281727264585,0.13054159941603785,-1.8446164373803553,0.24501758965230253,-1.295096066548758
1.926,0.24467302202335386,-1.3430374073251643,0.1268667672054047,-1.8374161053165676,0.24242583261968584,-1.2958785163083446
1.928,0.24193633268575823,-1.3453484649228562,0.12320676236971129,-1.830002417846714,0.2398328370578704,-1.2964977809077236
1.93,0.23939210326136046,-1.3425595944429642,0.11956198266997864,-1.8223898498663225,0.23723890891186752,-1.2969640730014311
1.932,0.23674049710810116,-1.3483303519187997,0.11593279675455109,-1.8145929577137727,0.23464433349611924,-1.2972877078741438
1.934,0.23427552138697413,-1.3463727810109,0.11231954403121998,-1.8066263616655547,0.2320493753157016,-1.2974790902088222
1.936,0.2312830408349898,-1.3477930111381813,0.10872253457448189,-1.7985047283690465,0.22945427791419654,-1.2975487007525328
1.938,0.22855006046138568,-1.344764942993727,0.10514204906801461,-1.7902427532336405,0.22685926374840532,-1.2975070828956086
1.94,0.22567467585480944,-1.3502351915481399,0.10157833878241244,-1.7818551428010807,0.22426453409004546,-1.297364829179923
1.942,0.22321157643879766,-1.3450236891247918,0.09803162558818067,-1.7733565971158873,0.2216702689545412,-1.29713256775213
1.944,0.22056499077130748,-1.348611900975306,0.09450210200394721,-1.7647617921167293,0.2190766270569856,-1.2968209487777973
1.946,0.21809034741355993,-1.345642743038835,0.09098993127980808,-1.7560853620695684,0.2164837457953208,-1.2964406308324052
1.948,0.21517286082427498,-1.347835760427774,0.08749524751568141,-1.7473418820633309,0.21389174126075036,-1.2960022672852154
1.95,0.21257878005959446,-1.3462960720232862,0.08401815581450386,-1.7385458505887763,0.21130070827536632,-1.2955164926920235
1.952,0.21002482240132664,-1.3449341513461741,0.08055873247006162,-1.729711672221118,0.20871072045694072,-1.2949939092128033
1.954,0.20739880408520933,-1.3479764485569536,0.077117025189208,-1.7208536404268084,0.20612183031080028,-1.294445073070221
1.956,0.2043742744213388,-1.3409174000189656,0.07369305334817852,-1.7119859205147434,0.20353406934867038,-1.293880481064953
1.958,0.20184436492830168,-1.3460074556505435,0.07028680828267463,-1.703122532751951,0.20094744823434305,-1.293310557163675
1.96,0.19922832642532193,-1.34254532619835,0.0668982536113474,-1.694277335663619,0.198361956955992,-1.2927456391755099
1.962,0.19608781657088853,-1.3438565660293649,0.06352732559227323,-1.6854640095370823,0.1957775650249268,-1.2921959655326132
1.964,0.19386595235700269,-1.3405426674827063,0.060173933511974954,-1.676696040149136,0.19319422170054587,-1.2916716621904594
1.966,0.19113408178297686,-1.345222441390673,0.05683796010650344,-1.6679867027357587,0.19061185624121937,-1.291182729663253
1.968,0.1884739389567153,-1.3441277395504598,0.05351926201405738,-1.6593490462230311,0.18803037818079993,-1.2907390302097255
1.97,0.1855720759050552,-1.3399179085936157,0.05021767025858195,-1.650795877737712,0.1854496776304311,-1.2903502751844127
1.972,0.1829176255225219,-1.3392128126046194,0.04693299076375077,-1.6423397474155903,0.1828696256052925,-1.2900260125693062
1.974,0.18050602622013376,-1.34140331881844,0.04366500489670004,-1.6339929335253645,0.18029007437589137,-1.2897756147005652
1.976,0.17743574510890822,-1.3414014613158185,0.04041347004084919,-1.6257674279254228,0.17771085784348187,-1.2896082662047514
1.978,0.17504127625758603,-1.3430039508403995,0.03717812019710822,-1.6176749218704851,0.17513179193916428,-1.2895329521587966
1.98,0.17212932957775698,-1.3439161170884062,0.03395866661273892,-1.6097267921846503,0.17255267504618896,-1.2895584464876597
1.982,0.16986882582449753,-1.3432289626570577,0.030754798437105026,-1.6019340878169483,0.16997328844496226,-1.2896933006133489
1.984,0.1664855903559713,-1.3450203962531937,0.02756618340351495,-1.5943075167950373,0.16739339678022488,-1.2899458323686914
1.986,0.16442977831553154,-1.3452711179868486,0.02439246853633054,-1.5868574335922065,0.16481274854984704,-1.2903241151889258
1.988,0.16147527107002263,-1.3434777668091245,0.021233280882485828,-1.5795938269223568,0.1622310766146593,-1.290835967593867
1.99,0.15870750633346314,-1.3481790395745143,0.0180882282665316,-1.572526307977113,0.1596480987287132,-1.2914889429730578
1.992,0.15594972545811953,-1.3439969920545085,0.014956900068294195,-1.5656640991187027,0.15706351808934127,-1.2922903196859636
1.994,0.15326944176580762,-1.3461944935440306,0.01183886802221081,-1.5590160230416927,0.15447702390636345,-1.2932470914889047
1.996,0.15071371444809512,-1.3503959410382667,0.008733687037378578,-1.5525904924161162,0.15188829198976336,-1.294365958300037
1.998,0.14763668601126492,-1.349869965442646,0.005640896037330657,-1.5463955000239606,0.14929698535513675,-1.295653317313302
2.0,0.14524643352624167,-1.3525934069043721,0.0025600188185298596,-1.5404386094003988,0.14670275484619302,-1.2971152544718556
2.0020000000000002,0.14264545204222917,-1.3507362276843162,-0.0005094350734512489,-1.5347269459905541,0.14410523977357087,-1.2987575363110742
2.004,0.14006296327078674,-1.3550220974454772,-0.0035679694511152166,-1.5292671888319838,0.14150406856920927,-1.3005856021808022
2.0060000000000002,0.13697215078109057,-1.3607303540738753,-0.006616100576660107,-1.5240655627724446,0.13889885945549715,-1.302604556856065
2.008,0.13438429154953407,-1.3592991004840083,-0.009654356239123878,-1.5191278312318857,0.1362892211284071,-1.3048191635450233
2.0100000000000002,0.13191670078048098,-1.3644794095790262,-0.012683274818157803,-1.5144592895169626,0.13367475345380214,-1.30723383730248
2.012,0.1289115640851531,-1.365490097326936,-0.015703404335549273,-1.5100647586957345,0.13105504817608857,-1.3098526388567828
2.0140000000000002,0.12632309926681407,-1.3722728184280897,-0.018715301495628358,-1.5059485800395427,0.1284296896383736,-1.3126792688574824
2.016,0.12361435238713125,-1.3699569259341464,-0.02171953071570518,-1.5021146100384104,0.12579825551327234,-1.3157170625506254
2.0180000000000002,0.12059640828715693,-1.3780922698703266,-0.02471666314769645,-1.498566215995635,0.12316031754349623,-1.318968984888056
2.02,0.11789702521437867,-1.3812127386543869,-0.02770727569210958,-1.4953062722065673,0.12051544229134302,-1.322437626076603
2.0220000000000002,0.11534008489334763,-1.3804333622819478,-0.030691950005561373,-1.4923371567258956,0.11786319189619798,-1.326125197572521
2.024,0.11225948166830117,-1.3858523559703784,-0.0336712715030155,-1.4896607487270646,0.11520312483914592,-1.330033528526028
2.0260000000000002,0.10963429301053237,-1.3906433313291098,-0.03664582835592904,-1.4872784264567704,0.11253479671378537,-1.3341640626802762
2.028,0.10685305347773397,-1.3943514707600013,-0.03961621048750262,-1.485191065786788,0.10985776100232827,-1.3385178557285495
2.0300000000000002,0.10434708523091105,-1.4016433373333532,-0.042583008566231983,-1.4833990393646816,0.10717156985606234,-1.3430955731329643
2.032,0.10104152011015997,-1.4077635881116195,-0.04554681299896052,-1.481902216364266,0.10447577487924753,-1.3478974884074044
2.0340000000000003,0.09813948851951937,-1.4090517773864244,-0.04850821292463248,-1.480699962835979,0.10176992791551374,-1.3529234818668925
2.036,0.09575306529671161,-1.4155989705308472,-0.05146779520994576,-1.4797911426566404,0.09905358183582365,-1.3581730398450511
2.0380000000000003,0.09275062422410127,-1.4219834648468417,-0.054426143448100484,-1.479174119077363,0.09632629132706211,-1.3636452543807724
2.04,0.09007894705482042,-1.4253815799984495,-0.05738383696183589,-1.4788467568677035,0.09358761368031278,-1.3693388233746653
2.0420000000000003,0.0866296668196435,-1.4307023569312274,-0.060341449811942754,-1.4788064250534316,0.09083710957788216,-1.375252051215307
2.044,0.0840788973293448,-1.4422449597865976,-0.06329954981243201,-1.479050000244623,0.0880743438781326,-1.3813828498747822
2.0460000000000003,0.08167874423655717,-1.4483504582662816,-0.06625869755353217,-1.4795738705500818,0.0852988863971877,-1.3877287404724452
2.048,0.07846875737686654,-1.451630457580974,-0.06921944543367903,-1.4803739400734304,0.0825103126865771,-1.3942868553053023
2.05,0.07550604983947416,-1.4619224412961804,-0.07218233670165006,-1.4814456339855138,0.07970820480589137,-1.4010539403428637
2.052,0.07244245748328222,-1.470058010967207,-0.07514790450998428,-1.4827839041671136,0.07689215208952381,-1.408026358183781
2.054,0.06934490208247449,-1.471961978215019,-0.07811667098081485,-1.4843832354152857,0.07406175190658172,-1.4152000914710463
2.056,0.06667479211891084,-1.48063603839487,-0.08108914628522683,-1.4862376522059924,0.07121661041305773,-1.4225707467619946
2.058,0.06337196040038551,-1.4908640338802275,-0.08406582773723692,-1.488340726005046,0.06835634329536007,-1.4301335588488273
2.06,0.060440723690622596,-1.496594983643989,-0.08704719890347441,-1.4906855831187462,0.06548057650431038,-1.4378833955248442
2.062,0.05776840868257763,-1.5074787618361196,-0.09003372872962433,-1.4932649130749578,0.06258894697872827,-1.4458147627910545
2.064,0.05475079326373318,-1.5141615044289682,-0.09302587068467386,-1.4960709775247647,0.05968110335773362,-1.4539218104973273
2.066,0.05169351953113534,-1.5208061180351864,-0.0960240619239823,-1.4990956196542222,0.056756706680910166,-1.4621983384117265
2.068,0.0481873119822357,-1.5294688560074694,-0.09902872247217256,-1.5023302740951343,0.053815431075487793,-1.470637802711185
2.07,0.045273936282626,-1.5356495267177472,-0.10204025442681897,-1.5057659773232033,0.05085696442971545,-1.479233322886171
2.072,0.04248368057359633,-1.5414907629049137,-0.10505904118388161,-1.5093933785313214,0.04788100905161241,-1.4879776890515197
2.074,0.0391066634735628,-1.5500075440756038,-0.10808544668581206,-1.513202750965224,0.04488728231230215,-1.4968633696551294
2.076,0.036172306234246165,-1.565396293813581,-0.11111981469322842,-1.517184003708175,0.041875517273150656,-1.5058825195757461
2.078,0.033141981074639164,-1.574406666529681,-0.11416246808103009,-1.5213266939008356,0.038845463295949435,-1.5150269886006105
2.08,0.029513908467733947,-1.5796065435405868,-0.11721370815979398,-1.5256200393819457,0.03579688663540285,-1.5242883302732928
2.082,0.026538557887193594,-1.5884370054601795,-0.12027381402326391,-1.5300529317349618,0.03272957101319964,-1.5336578111016017
2.084,0.02366216266340654,-1.6032782608686236,-0.12334304192271453,-1.534613949725311,0.02964331817296958,-1.5431264201150297
2.086,0.02012302314983432,-1.6097135302101069,-0.12642162466893944,-1.5392913731124593,0.026537948415448015,-1.552684878760784
2.088,0.016615502210554675,-1.6158740604200588,-0.12950977106258055,-1.5440731968205539,0.02341330111319391,-1.562323651127053
2.09,0.013597634512540369,-1.6288015633436663,-0.13260766535348248,-1.548947145450971,0.020269235204230386,-1.572032954481762
2.092,0.010673498285787163,-1.6393995741929948,-0.13571546672972187,-1.553900688119697,0.017105629664000976,-1.5818027701147055
2.094,0.007171333487891085,-1.6457987294864937,-0.13883330883692604,-1.5589210536020877,0.013922383955059823,-1.5916228544705766
2.096,0.0038201988394247744,-1.6577753461841498,-0.1419612993284604,-1.563995245767179,0.010719418453939693,-1.601482750560065
2.098,0.0006689218952326847,-1.6646019864067765,-0.14509951944702718,-1.569110059283389,0.007496674854667965,-1.611371799635864
2.1,-0.003002263631354359,-1.6799453395984567,-0.1482480236381814,-1.5742520955771142,0.004254116548427746,-1.6212791531201094
2.102,-0.005893380960264066,-1.6831556294969439,-0.15140683919623227,-1.5794077790254364,0.000991728978888818,-1.6311937847694642
2.104,-0.009858492675699574,-1.6909107118884692,-0.15457596594296,-1.5845633733638642,-0.0022904800272387496,-1.6411045030637836
2.106,-0.012883327911881765,-1.7041892481470438,-0.15775537593953956,-1.589704998289785,-0.005592479954846778,-1.6509999638040143
2.108,-0.016701578628049895,-1.7130888679947684,-0.1609450132320237,-1.5948186462420655,-0.008914217320656248,-1.6608686829047352
2.11,-0.019824919874492485,-1.721813276252934,-0.16414479363069776,-1.5998901993370276,-0.012255615419389253,-1.6706990493665024
2.112,-0.02324641190683349,-1.730914117827887,-0.16735460452357945,-1.604905446440843,-0.015616574096215136,-1.6804793384129413
2.114,-0.026917858565618832,-1.739493237412276,-0.17057430472429588,-1.6098501003582206,-0.01899696954576979,-1.6901977247773268
2.116,-0.030093477913441427,-1.7507594383635525,-0.17380372435453015,-1.6147098151171273,-0.022396654138016198,-1.6998422961232047
2.118,-0.03421785855609273,-1.7552954881728184,-0.17704266476118846,-1.6194702033291632,-0.025815456271183077,-1.7094010665834387
2.12,-0.03710530540654864,-1.7673155248455854,-0.1802908984683987,-1.624116853605125,-0.02925318025198691,-1.7188619904019171
2.122,-0.04131401466417522,-1.7779380356328196,-0.18354816916440916,-1.6286353480052222,-0.03270960620331096,-1.7282129756620253
2.124,-0.044815456116570375,-1.7817795299393064,-0.18681419172341593,-1.6330112795033769,-0.036184489999482705,-1.7374418980858706
2.126,-0.0479717031698458,-1.7931939522271756,-0.19008865226230595,-1.6372302694450098,-0.03967756322925903,-1.7465366148881598
2.128,-0.051698357988934934,-1.8055270333906943,-0.19337120823226142,-1.6412779849777395,-0.04318853318659612,-1.7554849786685474
2.13,-0.055663474724659615,-1.8110724207195874,-0.1966614885451303,-1.6451401564344428,-0.046717082889248564,-1.7642748513262219
2.132,-0.058820724049701414,-1.8192279641521714,-0.1999590937344267,-1.6488025946481952,-0.05026287112520948,-1.772894117980459
2.134,-0.06216522818250802,-1.821956986674603,-0.20326359615078407,-1.6522512081786842,-0.05382553252697119,-1.7813307008808537
2.136,-0.06629958363427559,-1.8305599232195322,-0.20657454019164367,-1.6554720204298077,-0.05740467767355308,-1.7895725732909458
2.138,-0.06975358275746281,-1.839744786221029,-0.20989144256492026,-1.6584511866382998,-0.060999893220211036,-1.7976077733289764
2.14,-0.07359171436449488,-1.845182073615353,-0.21321379258634704,-1.6611750107133856,-0.06461074205571014,-1.8054244177495524
2.142,-0.0774661556001679,-1.8527624294677476,-0.21654105251016234,-1.663629961907654,-0.06823676348701027,-1.8130107156500614
2.144,-0.08120689685495605,-1.8611554757848061,-0.21987265789276142,-1.665802691299545,-0.07187747345118178,-1.8203549820857556
2.146,-0.08486125263545224,-1.8665140352789664,-0.22320801798889758,-1.66768004806808,-0.07553236475433683,-1.8274456515775284
2.148,-0.08848820136557546,-1.8708660116222735,-0.22654651617997904,-1.6692490955407262,-0.07920090733732989,-1.8342712914965238
2.15,-0.09235956803385152,-1.8782067087146317,-0.22988751043397015,-1.6704971269955589,-0.08288254856794962,-1.8408206153098625
2.152,-0.09643436092404556,-1.8791272920935596,-0.23323033379636857,-1.6714116811992,-0.08657671355929346,-1.8470824956719227
2.154,-0.09990393802514588,-1.8862248888397009,-0.23657429491169324,-1.6719805576623301,-0.09028280551398504,-1.8530459773457946
2.156,-0.10385553999915821,-1.889224029268334,-0.23991867857488308,-1.672191831594927,-0.09400020609386449,-1.8587002899397256
2.158,-0.10744428315358742,-1.8980277272467194,-0.2432627463119706,-1.6720338685437532,-0.09772827581475166,-1.8640348604435868
2.16,-0.11088404663269771,-1.903539984474096,-0.2466057369893606,-1.6714953386950104,-0.1014663544658529,-1.8690393255506255
2.162,-0.1148407855451849,-1.9056343596554928,-0.2499468674510116,-1.670565230825492,-0.10521376155335295,-1.8737035437500233
2.164,-0.11872260568749957,-1.907595514808875,-0.2532853331827836,-1.669232865886002,-0.10896979676770505,-1.8780176071760504
2.166,-0.12273561938420448,-1.9109233562882024,-0.25662030900318616,-1.6674879102012654,-0.11273374047410482,-1.8819718531998906
2.168,-0.12673299763089851,-1.9129253483179045,-0.2599509497797282,-1.6653203882710237,-0.11650485422560587,-1.8855568757505232
2.17,-0.13025773765305282,-1.9161024406724214,-0.26327639117004326,-1.6627206951575109,-0.12028238129830861,-1.8887635363513673
2.172,-0.13396910554391922,-1.9176334360643053,-0.2665957503869333,-1.6596796084450112,-0.12406554724802807,-1.8915829748597335
2.174,-0.13831995163519692,-1.916143040845216,-0.2699081269864487,-1.6561882997577289,-0.12785356048782104,-1.8940066198964847
2.176,-0.14165896419766022,-1.9194077883589151,-0.27321260367809425,-1.652238345822748,-0.1316456128857284,-1.8960261989536775
2.178,-0.14568278058500495,-1.9157190759201301,-0.2765082471562251,-1.6478217390654177,-0.1354408803820651,-1.8976337481683456
2.18,-0.14938963795160218,-1.9207241525745693,-0.2797941089516752,-1.6429308977250763,-0.13923852362556705,-1.898821621750981
2.182,-0.15327726458009464,-1.919135377117158,-0.2830692263026345,-1.6375586754796145,-0.14303768862768243,-1.899582501057693
2.184,-0.15762957901577704,-1.919020817412871,-0.28633262304377044,-1.6316983705679864,-0.14683750743427332,-1.8999094032954467
2.186,-0.16078608827319793,-1.9163970317676582,-0.2895833105125712,-1.6253437344003825,-0.15063709881397377,-1.8997956898502295
2.188,-0.16506388777415448,-1.9185114926360256,-0.29282028847186403,-1.6184889796464166,-0.15443556896243066,-1.8992350742284463
2.19,-0.16854133602006197,-1.9116276164595394,-0.2960425460474486,-1.6111287877923066,-0.15823201222163527,-1.8982216296023122
2.192,-0.17277257964413514,-1.9111524005892375,-0.299249062679766,-1.6032583161586798,-0.16202551181353625,-1.89674979595049
2.194,-0.17647839038321428,-1.9070265437112317,-0.30243880908850856,-1.5948732043712894,-0.16581514058710767,-1.8948143867857046
2.196,-0.1802800149351562,-1.9020350367503176,-0.30561074824906376,-1.58596958027759,-0.1695999617780308,-1.8924105954615715
2.198,-0.18465197894614466,-1.9013316649142002,-0.3087638363796693,-1.576544065302789,-0.17337902978013356,-1.8895340010513773
2.2,-0.18731805554966763,-1.8945883866051785,-0.31189702393814867,-1.5665937792396702,-0.1771513909277177,-1.8861805737920712
2.202,-0.19168866620155825,-1.8874941486185055,-0.315009256627083,-1.5561163444671628,-0.1809160842878922,-1.88234668008725
2.204,-0.1951971242668969,-1.8836303840554007,-0.3180994764062696,-1.545109889593314,-0.18467214246201907,-1.878029087063448
2.206,-0.19894713431867736,-1.8754414102479733,-0.3211666225113077,-1.5335730525190134,-0.18841859239536823,-1.8732249666745848
2.208,-0.20256124462785768,-1.873512920375008,-0.3242096324771467,-1.5215049829195038,-0.19215445619406815,-1.8679318993499643
2.21,-0.2067174706377764,-1.8654039910787406,-0.3272274431654295,-1.5089053441414042,-0.19587875194843168,-1.8621478771817674
2.212,-0.21040718468023226,-1.8586764831733387,-0.33021899179445685,-1.4957743145136637,-0.19959049456172875,-1.8558713066485362
2.214,-0.2142776749135332,-1.8449879235573972,-0.33318321697059994,-1.4821125880715507,-0.20328869658347215,-1.8491010108716988
2.216,-0.21733896667945088,-1.841780965241474,-0.3361190597199869,-1.4679213746934743,-0.20697236904627764,-1.841836231402746
2.218,-0.22145893416201576,-1.831043671118443,-0.3390254645192891,-1.4532023996511167,-0.2106405223053561,-1.8340766295392328
2.22,-0.22502343633527278,-1.8215024497116354,-0.3419013803244372,-1.4379579025740408,-0.21429216687969277,-1.8258222871683316
2.222,-0.22850785830549195,-1.8141873734541212,-0.3447457615960984,-1.4221906358306091,-0.21792631429396725,-1.8170737071372394
2.224,-0.23213479394624817,-1.8049137660766907,-0.3475575693207538,-1.4059038623277327,-0.22154197792026784,-1.8078318131502888
2.226,-0.2359536853475098,-1.789145193094845,-0.35033577202621907,-1.3891013527326217,-0.2251381738186542,-1.7980979491931854
2.228,-0.23934968502537407,-1.7760896540848916,-0.3530793467904598,-1.3717873821203823,-0.2287139215756249,-1.7878738784853425
2.23,-0.24248384021425554,-1.7674686310233538,-0.35578728024256373,-1.353966726051945,-0.2322682451395486,-1.7771617819618493
2.232,-0.24650690676831527,-1.757246725784427,-0.35845856955473865,-1.3356446560874626,-0.2358001736521229,-1.7659642562871551
2.234,-0.2497046193313419,-1.7426349909151577,-0.36109222342422054,-1.3168269347409427,-0.23930874227492913,-1.754284311403106
2.236,-0.25302474366621996,-1.7272466331406644,-0.3636872630439856,-1.2975198098825105,-0.24279299301015814,-1.7421253676145076
2.238,-0.25650271570463173,-1.7178631189547293,-0.36624272306117617,-1.2777300085953074,-0.24625197551459002,-1.7294912522159371
2.24,-0.25960767142553526,-1.7016001203174558,-0.36875765252216547,-1.257464730494637,-0.2496847479059181,-1.7163861956640474
2.242,-0.26354496518625314,-1.68694611316051,-0.37123111580320056,-1.2367316405175586,-0.2530903775605184,-1.7028148273001447
2.244,-0.266955860070387,-1.6734475696337894,-0.373662193525584,-1.2155388611917117,-0.256467941901775,-1.6887821706283292
2.246,-0.2700492405746561,-1.656455386493141,-0.3760499834543694,-1.1938949643927168,-0.259816529178085,-1.674293638155008
2.248,-0.27357808836390685,-1.6406418249434407,-0.3783936013795695,-1.171808962600053,-0.2631352392296772,-1.659355025796081
2.25,-0.27692419539142316,-1.6248184731413449,-0.3806921819788932,-1.1492902996618513,-0.2664231842433944,-1.6439725068586062
2.2520000000000002,-0.2794899894601639,-1.6047804781468162,-0.38294487966105234,-1.1263488410795686,-0.26967948949460285,-1.6281526256042234
2.254,-0.283234074670388,-1.592672316448896,-0.38515086938870036,-1.1029948638240141,-0.27290329407540703,-1.6119022904020919
2.2560000000000002,-0.28637352657576803,-1.5712807419155403,-0.38730934748008977,-1.0792390456946992,-0.27609375160836613,-1.5952287664795615
2.258,-0.2893089522268391,-1.5559509297948293,-0.3894195323885597,-1.0550924542349547,-0.2792500309449246,-1.5781396682792452
2.2600000000000002,-0.2920673632101199,-1.5342568422428702,-0.3914806654589912,-1.030566535215731,-0.2823713168477878,-1.5606429514316023
2.262,-0.2950870059628009,-1.5183682350483731,-0.39349201166039405,-1.0056731007014361,-0.285456810656493,-1.5427469043525635
2.2640000000000002,-0.2983830829426996,-1.4963144878193613,-0.39545286029381727,-0.9804243167116021,-0.2885057309354453,-1.5244601394761517
2.266,-0.3013480514630638,-1.475380253161323,-0.3973625256748024,-0.9548326904925812,-0.2915173141037102,-1.5057915841324456
2.2680000000000002,-0.3045524722159723,-1.4626292806446475,-0.39922034778963017,-0.9289110574138737,-0.29449081504587343,-1.4867504710816257
2.27,-0.3069190840785108,-1.4344078333297288,-0.4010256929246383,-0.9026725675040641,-0.29742550770330384,-1.4673463287152146
2.2720000000000002,-0.3099991040112292,-1.4169600189847154,-0.40277795426792173,-0.8761306716417107,-0.30032068564517583,-1.4475889709359848
2.274,-0.31285136453163503,-1.3928852103789482,-0.4044765524827555,-0.849299107416872,-0.30317566261863255,-1.4274884867283513
2.2760000000000002,-0.31533741396592235,-1.376941797578592,-0.40612093625211404,-0.8221918846792857,-0.30598977307749536,-1.4070552294313985
2.278,-0.3181120924516821,-1.3537640193500995,-0.4077105827936931,-0.7948232707895223,-0.30876237268894935,-1.3862998057270064
2.2800000000000002,-0.32092485106181357,-1.3338882705382908,-0.40924499834487255,-0.7672077755897274,-0.31149283881766104,-1.3652330643558406
2.282,-0.3237515390910131,-1.3097532935618643,-0.4107237186170942,-0.7393601361108406,-0.31418057098680957,-1.3438660845742598
2.2840000000000003,-0.32614056641935824,-1.2866641680298674,-0.41214630921916107,-0.7112953010334326,-0.3168249913155405,-1.322210164365459
2.286,-0.3285754706554579,-1.2663621007673065,-0.41351236604900016,-0.6830284149195405,-0.31942554493237735,-1.3002768084184242
2.2880000000000003,-0.33068328434409744,-1.242248226238266,-0.41482151565346637,-0.6545748022330997,-0.32198170036415436,-1.2780777158885113
2.29,-0.3336119185208856,-1.2198949607934333,-0.4160734155557999,-0.6259499511667719,-0.3244929499000617,-1.2556247679536834
2.2920000000000003,-0.33599991382351635,-1.1959312102480566,-0.4172677545503862,-0.5971694972931538,-0.32695880993042303,-1.2329300151806468
2.294,-0.33827363693781537,-1.1729518995822124,-0.4184042529645033,-0.5682492070585258,-0.3293788212598537,-1.210005664715314
2.2960000000000003,-0.34076659688325345,-1.148883191512339,-0.4194826628867782,-0.539204961137474,-0.33175254939447807,-1.1868640673121966
2.298,-0.34247303165285575,-1.1276972871837594,-0.4205027683621121,-0.5100527376669515,-0.33407958480291305,-1.1635177042174885
2.3000000000000003,-0.3452517027425961,-1.1024229083611239,-0.42146438555286964,-0.48080859537878107,-0.3363595431507545,-1.1399791739207314
2.302,-0.3472650098213967,-1.07826281420669,-0.42236736286617116,-0.4514886566507656,-0.3385920655083347,-1.1162611787900927
2.3040000000000003,-0.3495117240517258,-1.0568015437602216,-0.42321158104717144,-0.42210909050013723,-0.34077681853154745,-1.092376511606376
2.306,-0.35155561374452615,-1.031918053788767,-0.4239969532382804,-0.39268609555448925,-0.3429134946155694,-1.0683380420109874
2.308,-0.35326957036368967,-1.0093259196118824,-0.42472342500442506,-0.36323588307232846,-0.34500181202133573,-1.0441587028831472
2.31,-0.355244217772589,-0.9816422767105212,-0.4253909743248361,-0.33377466020552127,-0.3470415149746591,-1.0198514766616948
2.312,-0.35741900282169614,-0.9599279457341048,-0.4259996115530075,-0.30431861408569144,-0.3490323737379129,-0.9954293816268771
2.314,-0.3592197530017681,-0.9324698605018602,-0.42654937935016474,-0.27488389857863293,-0.35097418465422797,-0.9709054581575315
2.316,-0.3607479426090318,-0.9061469235171212,-0.4270403526094145,-0.24548662962487244,-0.35286677016418616,-0.9462927549790843
2.318,-0.36270792401528373,-0.8795430260062002,-0.42747263842579,-0.21614290818775672,-0.3547099787950217,-0.9216043154177752
2.32,-0.36423683287595293,-0.8560917806832092,-0.4278463762893342,-0.18686893177210753,-0.3565036851223747,-0.8968531636764939
2.322,-0.3663072901080927,-0.828477565280181,-0.42816173906696886,-0.1576813888173378,-0.3582477897046698,-0.8720522911475724
2.324,-0.3676889582540196,-0.8094797684571985,-0.42841893656539765,-0.128598749214386,-0.35994221899022544,-0.8472146427778209
2.326,-0.36939976526248247,-0.7845899734751061,-0.42861822725702964,-0.09964534581599141,-0.36158692519722746,-0.8223531035010202
2.328,-0.3710475516563161,-0.75908700215834,-0.4287599548101829,-0.0708637765766341,-0.36318188616673347,-0.797480484752995
2.33,-0.37209023437223177,-0.7323551089475552,-0.4288446528904593,-0.04234904013819162,-0.36472710518890206,-0.772609511084287
2.332,-0.3736529080573239,-0.7070707874567626,-0.42887328710026645,-0.014317104903571846,-0.3662226108026727,-0.7477528068853267
2.334,-0.3750396038260488,-0.6815618692946659,-0.4288475301049157,0.012878497675358529,-0.3676684565691504,-0.7229228832388671
2.336,-0.37598648310420896,-0.6605935285310336,-0.4287694637409667,0.039033181974521415,-0.369064720818979,-0.6981321249142897
2.338,-0.3777938462554387,-0.6340689162605364,-0.4286407710734939,0.06434633373638979,-0.3704115063740155,-0.6733927775182297
2.34,-0.37895897344400714,-0.6091369802988973,-0.42846252477270363,0.08912315039514783,-0.37170894024364703,-0.6487169348157845
2.342,-0.37979781646423266,-0.5876143438074475,-0.42823543880923065,0.11354298173650045,-0.37295717329611977,-0.6241165262363761
2.344,-0.3808897952803201,-0.5642626714493909,-0.42796008233267635,0.13767823827714787,-0.374156379905276,-0.5996033045781305
2.346,-0.3821075867079163,-0.5359472528990583,-0.4276369822646078,0.1615500340342852,-0.37530675757312487,-0.5751888339244222
2.348,-0.3835137516546853,-0.5133648925598925,-0.4272666646713893,0.18515879660925288,-0.3764085265286969,-0.5508844777860182
2.35,-0.3842570706048397,-0.4896989742594912,-0.4268496703159434,0.20849717772294651,-0.377461929303661,-0.5267013874820622
2.352,-0.38494100097825534,-0.462848264856219,-0.426386560149293,0.23155508332519278,-0.37846723028520707,-0.5026504907730369
2.354,-0.3856927211993942,-0.441822866554825,-0.4258779169640404,0.2543215926262874,-0.379424715246725,-0.4787424807589668
2.356,-0.3866161727030287,-0.41530697761582025,-0.42532434557938653,0.27678569232694017,-0.38033469085683874,-0.45498780505685893
2.358,-0.38767481260930015,-0.39240447559784664,-0.42472647245318634,0.29893656310010325,-0.381197484167386,-0.43139665527364723
2.36,-0.3882792478301106,-0.37199910898131494,-0.42408494506056926,0.32076369630853185,-0.38201344208098,-0.40797895679698015
2.362,-0.38885117580138223,-0.3449409088808886,-0.4234004311690284,0.3422569457704077,-0.38278293079886316,-0.38474435894158826
2.364,-0.3898201405579039,-0.32439649852050184,-0.42267361806043807,0.3634065542951672,-0.38350633524991706,-0.3617022255269553
2.366,-0.39035218677851397,-0.3005448048730216,-0.4219052117201304,0.38420317015382355,-0.3841840585020253,-0.3388616260541294
2.368,-0.39107530764183834,-0.2755600597314036,-0.4210959360014913,0.40463785931953167,-0.3848165211577651,-0.31623132786989316
2.37,-0.39108104386321674,-0.25061093694173664,-0.42024653177000826,0.4247021157415365,-0.3854041607382199,-0.29381979022741916
2.372,-0.39207548840478207,-0.23167980960828066,-0.4193577560289378,0.44438787053523104,-0.38594743106295853,-0.2716351623693123
2.374,-0.39213660395909583,-0.20880637416680906,-0.4184303810280723,0.4636875004327565,-0.38644680164409334,-0.24968529056739827
2.376,-0.39266850962674843,-0.18045929190568502,-0.41746519335681875,0.48259383562676555,-0.38690275713500627,-0.22797774545646862
2.378,-0.3929849249877592,-0.15855177949453073,-0.41646299302270684,0.5011001670559656,-0.38731579692582363,-0.20651989540868312
2.38,-0.3931212006960423,-0.13426904488552732,-0.4154245925164117,0.5192002531475867,-0.38768643509316264,-0.18531908366949623
2.382,-0.3934158982253239,-0.10965573018922103,-0.4143508158643744,0.5368883260186434,-0.3880152011667081,-0.1643830367727443
2.384,-0.39357704172547625,-0.08602427799557823,-0.4132424976701089,0.5541590971327479,-0.38830264272849796,-0.143720780894907
2.386,-0.3937780848455003,-0.06362319087615104,-0.412100482145294,0.5710077624074482,-0.38854933203094566,-0.12334465122384816
2.388,-0.3936335349725449,-0.04218551598886495,-0.41092562213176065,0.5874300067666771,-0.38875588119036025,-0.1032745797072906
2.39,-0.3936540135477959,-0.0213459779973786,-0.4097187781154945,0.6034220081330771,-0.3889229749215626,-0.08354686560115275
2.392,-0.3938726486403812,-0.004666428472962103,-0.4084808172337837,0.6189804408554117,-0.3890514364230033,-0.06423075072037437
2.394,-0.39367978632096595,0.017903743030209116,-0.40721261227665007,0.6341024785668187,-0.3891423460544444,-0.04545481572055811
2.396,-0.3936096026078312,0.027122710105228345,-0.40591504068370954,0.6487857964702628,-0.3891972122707337,-0.027433108144637904
2.398,-0.3936312943855093,0.037636645469160075,-0.4045889835376132,0.6630285730481772,-0.3892181104559603,-0.010449092613305837
2.4,-0.39377198963363635,0.04968826291285928,-0.40323532455522537,0.6768294911939181,-0.38920759994237625,0.0052552567920076815
2.402,-0.39298365269960506,0.05891485013403014,-0.40185494907769875,0.690187738763315,-0.3891683506368138,0.01962465278121285
2.404,-0.3932666437689342,0.07341339928152102,-0.40044874306060824,0.7031030085452508,-0.3891027448872291,0.032802874792351
2.406,-0.39327894713307743,0.07826917956811467,-0.3990175920653065,0.7155754976508721,-0.389012712569273,0.04501615897805851
2.408,-0.3929522044273599,0.08337372936779854,-0.39756238025266316,0.7276059063216904,-0.3888997662389048,0.056473165184086536
2.41,-0.39297177038566944,0.09507879239659049,-0.39608398938034817,0.7391954361575036,-0.3887651039736519,0.06733113262647976
2.412,-0.3927425482171911,0.10050454158254346,-0.3945832978048167,0.7503457877657367,-0.3886097064943121,0.07769873966989427
2.414,-0.39217910621325486,0.10648489572561234,-0.39306117948914776,0.7610591578344655,-0.38843440935591544,0.08764856919831601
2.416,-0.3921611620396617,0.11846341728581558,-0.39151850301788366,0.7713382356320572,-0.38823995195017663,0.09722870286940553
2.418,-0.39179127535869174,0.12057079676375312,-0.3899561306200096,0.7811861989370272,-0.3880270094985439,0.10647122581636459
2.42,-0.3914825104350577,0.1262994245123855,-0.3883749172012049,0.7906067094023774,-0.38779621357033206,0.11539796410591922
2.422,-0.3914665790220604,0.13463015586908492,-0.3867757093864862,0.7996039073593391,-0.3875481651143607,0.12402422798568746
2.424,-0.390875225268531,0.13863956326616114,-0.38515934457435397,0.8081824060661033,-0.38728344266708503,0.13236122363783503
2.426,-0.3909904068889948,0.14800661564829562,-0.3835266500035384,0.8163472854077753,-0.38700260746173265,0.1404176026761896
2.428,-0.39055271007054493,0.15071014320728074,-0.38187844183342956,0.8241040850544323,-0.38670620654263793,0.14820045954736968
2.43,-0.3903962543771704,0.1581266150416552,-0.38021552423925997,0.831458797084807,-0.38639477459026583,0.1557159761860492
2.432,-0.389676691628275,0.1612181016411148,-0.37853868852309247,0.8384178580837534,-0.3860688349088621,0.16296984070185208
2.434,-0.3891893842387212,0.16513074059008934,-0.3768487122416479,0.8449881407222734,-0.3857288998677668,0.16996752054765607
2.436,-0.3894331802569109,0.17405477773150202,-0.3751463583519889,0.8511769448295,-0.3853754709850967,0.17671444133503947
2.438,-0.388734845023097,0.17476303115420555,-0.37343237437605564,0.8569919879666397,-0.3850090387771164,0.18321610399016522
2.44,-0.38889411953876607,0.1808087959223777,-0.3717074915850287,0.8624413955134684,-0.38463008245458286,0.18947816126678013
2.442,-0.3881103044847067,0.182734237879691,-0.3699724242044716,0.8675336902785664,-0.3842390695201434,0.19550646721972167
2.444,-0.3879429408339767,0.1939360443273019,-0.3682278686411815,0.872277781645038,-0.38383645530312566,0.20130710850887085
2.446,-0.38734358089897775,0.18915296460703496,-0.3664745027326534,0.8766829542640328,-0.3834226824564026,0.20688642336153998
2.448,-0.38683906803573576,0.19723875688616938,-0.3647129850200356,0.8807588563089195,-0.3829981804322969,0.21225101205285937
2.45,-0.3867030240627489,0.19714573933738572,-0.36294395404542856,0.8845154873034988,-0.3825633649493352,0.21740774148085026
2.452,-0.38634019577126083,0.20386395852629988,-0.36116802767435224,0.8879631855381556,-0.38211863745819374,0.222363745570721
2.454,-0.3859133499197659,0.207583686078366,-0.35938580244417556,0.8911126150883479,-0.38166438461282165,0.2271264226860528
2.456,-0.3854561130753261,0.21296563835505133,-0.35759785293927493,0.8939747524503144,-0.38120097775111433,0.23170343085364875
2.458,-0.38515150972705525,0.21357941113240952,-0.35580473119365624,0.8965608728093439,-0.3807287723883943,0.23610268136001866
2.46,-0.3844596478828545,0.21629392841371928,-0.3540069661217434,0.8988825359563997,-0.3802481077261755,0.24033233110939542
2.462,-0.383608737991863,0.21787949903923187,-0.3522050629780048,0.900951571869318,-0.3797593061781378,0.24440077401885224
2.464,-0.3835766675435825,0.22330291467719773,-0.35039950284605437,0.9027800659752084,-0.3792626729148422,0.2483166316478018
2.466,-0.38302575950335377,0.21996838270079433,-0.3485907421578322,0.9043803441110749,-0.3787584954284318,0.2520887432051968
2.468,-0.3831975278708583,0.22535358438472824,-0.3467792122434321,0.9057649572000426,-0.37824704311835117,0.2557261550403297
2.47,-0.38197021108088164,0.23126068922553042,-0.34496531891211024,0.9069466656609246,-0.3777285668989571,0.25923810969701666
2.472,-0.3817203868641826,0.2310569567681559,-0.34314944206497183,0.9079384235691921,-0.3772032988297718,0.2626340345926338
2.474,-0.38131063028384854,0.2350815776166674,-0.3413319353397964,0.9087533625877102,-0.3766714517690307,0.26592353037054967
2.476,-0.380997071422287,0.23640211635008324,-0.33951312578842463,0.9094047756858931,-0.37613321905110003,0.2691163589653423
2.478,-0.3803066245983993,0.23810162880919972,-0.33769331358709226,0.9099061006661846,-0.3755887741882727,0.27222243141366914
2.48,-0.38000886943557083,0.24044484083400686,-0.33587277178005825,0.9102709035170159,-0.3750382705973947,0.27525179543899947
2.482,-0.37948043742484305,0.24178141734226674,-0.3340517460568351,0.9105128616115996,-0.3744818413517245,0.27821462283507825
2.484,-0.3784051564188577,0.24775163963612234,-0.33223045456329087,0.9106457467721172,-0.37391959895838334,0.2811211966705882
2.486,-0.3784383820992593,0.2472903942548697,-0.33040908774685285,0.9106834082190206,-0.3733516351617118,0.2839818983357436
2.488,-0.3776152045090687,0.24764216761168603,-0.3285878082360022,0.910639755425315,-0.37277802077281125,0.2868071944502973
2.49,-0.37737749009561755,0.2519493912916401,-0.3267667507542106,0.9105287408958086,-0.37219880552550816,0.28960762365153414
2.492,-0.37695488909239344,0.2544698096884762,-0.32494602206842776,0.9103643428914137,-0.37161401795894783,0.29239378328016513
2.494,-0.3765312476125933,0.2571771654288986,-0.32312570097219045,0.9101605481186517,-0.3710236653269847,0.295176315981551
2.496,-0.3757267219048817,0.257088294341968,-0.32130583830338133,0.9099313344045665,-0.3704277335345061,0.2979658962393296
2.498,-0.375585031370113,0.26014936049650206,-0.3194864569966268,0.9096906533772715,-0.36982618710078957,0.30077321685825437
2.5,-0.3748449248101239,0.2634084414857251,-0.3176675521702821,0.9094524131723544,-0.3692189691499639,0.30360897541284404
2.5020000000000002,-0.3740483669410246,0.26799114969571114,-0.3158490912479114,0.9092304611853416,-0.36860600142860733,0.30648386067828587
2.504,-0.3735229328075393,0.26639820849820833,-0.31403101411413065,0.9090385668903724,-0.36798718435048755,0.3094085390598965
2.5060000000000002,-0.3734677556588548,0.2759708244119416,-0.31221323330464035,0.9088904047451599,-0.3673623970684129,0.31239364103732986
2.508,-0.3727866190974208,0.2788742921980398,-0.3103956342302359,0.9087995372022196,-0.36673149757313367,0.3154497476396112
2.5100000000000002,-0.3724002614642323,0.2759060220885535,-0.30857807543454346,0.9087793978462255,-0.36609432281919974,0.3185873769669723
2.512,-0.37143321364489534,0.2763763862018791,-0.30676038888518903,0.9088432746772068,-0.36545068887764903,0.3218169707753527
2.5140000000000002,-0.3708049407975919,0.28345670624914016,-0.30494238029807075,0.9090042935591337,-0.3648003911153704,0.32514888113931983
2.516,-0.37069174399675053,0.28891786599237607,-0.3031238294943642,0.9092754018532467,-0.3641432044009523,0.32859335720903926
2.5180000000000002,-0.36984966770513705,0.2911229467281768,-0.30130449078985366,0.9096693522552706,-0.36347888333679873,0.3321605320767925
2.52,-0.3691851844052469,0.2945586836241602,-0.29948409341614285,0.9101986868554194,-0.3628071625172619,0.33586040976839765
2.5220000000000002,-0.36857151290200774,0.29841055429323576,-0.2976623419732632,0.9108757214398373,-0.36212775681251247,0.3397028523747281
2.524,-0.36835120719545644,0.30113691824785704,-0.2958389169131595,0.9117125300518419,-0.3614403616778358,0.3436975673383537
2.5260000000000002,-0.3671790398757266,0.31023615991501907,-0.29401347505349745,0.9127209298310331,-0.3607446534880155,0.3478540949101404
2.528,-0.366977384012118,0.31063404754906193,-0.29218565012120146,0.913912466148008,-0.3600402898964346,0.35218179579043907
2.5300000000000002,-0.3664676236394943,0.3148966494024908,-0.2903550533250973,0.9152983980520794,-0.35932691021849605,0.35668983896927625
2.532,-0.36545475759854257,0.32111587853102164,-0.2885212739569993,0.9168896840490293,-0.35860413583893663,0.3613871897797192
2.5340000000000003,-0.36474685660921136,0.3276021873962044,-0.2866838800205482,0.9186969682255488,-0.35787157064257996,0.3662825981783359
2.536,-0.36401453356766716,0.3333719788037237,-0.28484241888707496,0.9207305667366096,-0.35712880146804715,0.37138458726639917
2.5380000000000003,-0.36329915645897887,0.3362236073171727,-0.2829964179777318,0.9230004546715925,-0.35637539858391676,0.37670144206519623
2.54,-0.36303708691715403,0.3449605522420319,-0.2811453854711027,0.92551625331456,-0.35561091618679974,0.38224119855850547
2.5420000000000003,-0.36206272789472865,0.34881479528592146,-0.2792888110354755,0.9282872178135999,-0.35483489292076975,0.3880116330149818
2.544,-0.3614219864304541,0.3591220608687461,-0.2774261665849281,0.931322225273698,-0.354046852417564,0.39402025160286286
2.5460000000000003,-0.36085419513103706,0.3621433821388404,-0.2755569070583539,0.9346297632871001,-0.3532463038569459,0.40027428030906265
2.548,-0.3595863992627368,0.3729085645408546,-0.27368047122052463,0.9382179189146267,-0.3524327425465972,0.406780655174362
2.5500000000000003,-0.35942437958623097,0.377570050819214,-0.2717962824842629,0.9420943681308733,-0.3516056505208851,0.4135460128560376
2.552,-0.3582685949355896,0.3866834519612616,-0.2699037497527715,0.9462663657457024,-0.3507644971578273,0.42057668152888816
2.5540000000000003,-0.35759702907302837,0.3970760709848161,-0.2680022682811437,0.950740735813875,-0.34990873981355686,0.4278786721352297
2.556,-0.3568632024487104,0.4072280351506065,-0.2660912205560555,0.9555238625441144,-0.3490378244735688,0.43545766999402635
2.5580000000000003,-0.3558474569819974,0.4175757263562984,-0.26416997719261887,0.9606216817183157,-0.34815118642001097,0.4433190267789167
2.56,-0.35528855662853365,0.4238035526857782,-0.2622378978473568,0.9660396726310282,-0.34724825091426204,0.45146775287447016
2.562,-0.354026904168283,0.4351199724638023,-0.2602943321462393,0.9717828505587395,-0.34632843389402285,0.45990851011958267
2.564,-0.353795936248001,0.4457674919657412,-0.25833862062670354,0.9778557597678845,-0.3453911426841299,0.46864560494647717
2.566,-0.3523440810347209,0.4532348179536557,-0.2563700956925638,0.9842624670698801,-0.34443577672028325,0.4776829819233287
2.568,-0.35173961941921456,0.4611033806309527,-0.25438808258070206,0.991006555930861,-0.3434617282848671,0.48702421770807436
2.57,-0.35060537997722735,0.4781803113696204,-0.25239190033841574,0.9980911211431597,-0.34246838325402607,0.49667251542050384
2.572,-0.34928439461901634,0.48602485003641166,-0.2503808628102859,1.0055187640649252,-0.34145512185514754,0.5066306994392507
2.574,-0.34865774431780666,0.4989446122790094,-0.2483542796334186,1.0132915884336304,-0.34042131943388787,0.5169012106298225
2.576,-0.34756891907935583,0.5109539977493225,-0.2463114572399015,1.0214111967585584,-0.33936634722986925,0.5274861020093212
2.578,-0.3469905809656629,0.5256136660555875,-0.2442516998653081,1.0298786872967016,-0.3382895731601632,0.5383870348530048
2.58,-0.34549314774703166,0.5375494581694679,-0.24217431056207642,1.0386946516158353,-0.33719036260966856,0.5496052752473455
2.582,-0.34420373364933654,0.5514985869629001,-0.24007859221658068,1.0478591727478643,-0.3360680792274811,0.561141691093728
2.584,-0.34321551879354234,0.5656078599777656,-0.23796384856871095,1.0573718239348662,-0.33492208572834825,0.5729967495664239
2.586,-0.34218115493134943,0.5775699593349153,-0.2358293852327718,1.0672316679695757,-0.33375174469829233,0.5851705150279599
2.588,-0.3406168488711737,0.5899075487074232,-0.23367451071850903,1.077437257131386,-0.33255641940348335,0.597662647404484
2.59,-0.33977504674629516,0.6066329971508654,-0.23149853745107252,1.0879866337182575,-0.3313354746014369,0.6104724010232078
2.592,-0.338270269709784,0.6208750863661726,-0.229300782788724,1.0988773311742517,-0.33008827735360996,0.6235986239134845
2.594,-0.3371538065339362,0.6380248358724291,-0.22708057003710055,1.110106375811725,-0.32881419783846483,0.6370397575725577
2.596,-0.335402756517109,0.651486120069523,-0.22483722945884746,1.1216702891265506,-0.32751261016407185,0.6507938371964896
2.598,-0.3343523463876065,0.668020644675329,-0.22257009927743937,1.1335650907040487,-0.3261828931793193,0.6648584923762555
2.6,-0.33301612922546137,0.6835075578237241,-0.22027852667401407,1.1457863017126448,-0.32482443128280236,0.6792309482584652
2.602,-0.3315382297939062,0.6993624120801397,-0.21796186877605087,1.158328948981605,-0.32343661522846306,0.69390802716965
2.604,-0.33045764528435295,0.718280620390593,-0.21561949363673383,1.1711875696585252,-0.322018842927058,0.7088861507025327
2.606,-0.3290786437940022,0.7368923350281369,-0.21325078120385063,1.1843562164416024,-0.3205705202425337,0.7241613422621753
2.608,-0.3270982764656243,0.7510307762287154,-0.21085512427708852,1.1978284633810532,-0.3190910617823949,0.7397292300693886
2.61,-0.32572882047387547,0.7693184969830429,-0.20843192945260172,1.2115974122434006,-0.31757989168115835,0.7555850506182671
2.612,-0.3242767948798472,0.7844628936460794,-0.20598061805373832,1.2256556994317056,-0.31603644437598993,0.771723652584207
2.614,-0.3225819819398788,0.8074352451240528,-0.20350062704682995,1.2399955034541867,-0.3144601653736334,0.7881395011782578
2.616,-0.3207889216288239,0.8197090200718898,-0.20099140994096387,1.2546085529330437,-0.3128505120077471,0.8048266829431565
2.618,-0.3190272177193179,0.8415139595886822,-0.1984524376706745,1.2694861351446851,-0.3112069541857753,0.821778910985898
2.62,-0.3176145934388722,0.8597295181258803,-0.1958831994605106,1.2846191050819438,-0.3095289751244929,0.8389895306412044
2.622,-0.3156592355489857,0.8787886493148196,-0.19328320367045407,1.2999978950282758,-0.30781607207337336,0.8564515255597719
2.624,-0.3142853997241685,0.8995344925769406,-0.19065197862118738,1.3156125246333403,-0.306067757024944,0.8741575242146971
2.626,-0.3125229437343671,0.9171656129118946,-0.18798907339822982,1.3314526114787832,-0.30428355741130597,0.8920998068190121
2.628,-0.31043776654860045,0.933992852960661,-0.18529405863398485,1.3475073821224821,-0.3024630167860124,0.9102703126467991
2.63,-0.30858688897842773,0.9591130147175566,-0.18256652726676695,1.3637656836089556,-0.3006056954905126,0.9286606477498952
2.632,-0.30653160356348896,0.9746134014474531,-0.17980609527590075,1.380215995433097,-0.29871117130438907,0.9472620930617569
2.634,-0.3045376887299087,0.9975061740641454,-0.17701240239201302,1.3968464419438664,-0.2967790400786298,0.966065612879613
2.636,-0.3022724360278605,1.0182770451774315,-0.1741851127816649,1.4136448051740587,-0.2948089163511986,0.9850618637156101
2.638,-0.30021914549560763,1.0372330906299154,-0.17132391570550137,1.430598538081768,-0.29280043394418415,1.0042412035072334
2.64,-0.2978175231870759,1.05378268997199,-0.168428526149124,1.4476947781886822,-0.2907532465418304,1.0235937011768805
2.642,-0.2962065727952151,1.0784901100379218,-0.16549868542592427,1.4649203615998703,-0.2886670282487702,1.0431091465300684
2.644,-0.29367653334946026,1.0960048916160041,-0.1625341617511457,1.4822618373892757,-0.2865414741278075,1.062777060481367
2.646,-0.2917664548412465,1.120096529144904,-0.15953475078647633,1.4997054823346903,-0.28437630071661396,1.0825867055967788
2.648,-0.28907803203320437,1.1385182012100998,-0.1565002761545052,1.5172373159855586,-0.2821712465227321,1.1025270969409204
2.65,-0.28680814092520274,1.168730298372293,-0.15343058992241207,1.5348431160465703,-0.2799260724962981,1.1225870132170135
2.652,-0.28450354113827836,1.1823622025434208,-0.15032557305429287,1.5525084340596014,-0.27764056247992336,1.1427550081873525
2.654,-0.28213299368173245,1.2022005645629392,-0.14718513583156045,1.5702186113662093,-0.27531452363520015,1.163019422361592
2.656,-0.2798049619727438,1.2261652425972656,-0.14400921824089538,1.5879587953325336,-0.2729477868453204,1.1833683949398852
2.658,-0.2771801185449286,1.2460198768317712,-0.14079779032925913,1.605713955818128,-0.27054020709332516,1.2037898759976067
2.66,-0.27470634540131067,1.2725657829219388,-0.13755085252551924,1.6234689018699413,-0.26809166381552896,1.2242716388981076
2.662,-0.2721749275964512,1.289199258171122,-0.13426843592827448,1.6412082986223788,-0.2656020612296896,1.2448012929196834
2.664,-0.2694765104821339,1.3145248083109444,-0.13095060255950627,1.6589166843841028,-0.26307132863752425,1.265366296082675
2.666,-0.26671555302996663,1.3325033832922677,-0.1275974455837223,1.6765784878919927,-0.26049942070119947,1.285953968162388
2.668,-0.26418864346695603,1.3528363763140838,-0.12420908949229739,1.694178045712455,-0.2578863176934529,1.3065515038732842
2.67,-0.2616616274698148,1.3761157094583774,-0.12078569025275725,1.7116996197700711,-0.2552320257210335,1.3271459862096961
2.672,-0.25864507827225397,1.3944949405936995,-0.11732743542279046,1.7291274149833944,-0.25253657692117726,1.347724399928111
2.674,-0.255775614432354,1.421463822336973,-0.11383454422881538,1.7464455969875425,-0.24980002963086545,1.3682736451559019
2.676,-0.2528511212768795,1.4409158238213504,-0.11030726760896917,1.7636383099231048,-0.247022468528643,1.3887805511112166
2.678,-0.24990962966578198,1.4624968493425858,-0.10674588822042765,1.7806896942707637,-0.24420400474880585,1.4092318899185865
2.68,-0.24695621153856348,1.482425342144674,-0.10315072041100574,1.7975839047109492,-0.24134477596779647,1.4296143905046947
2.682,-0.24411359600454274,1.5043346257418408,-0.0995221101550302,1.8143051279877722,-0.23844494646267922,1.4499147525586225
2.684,-0.24104752996225406,1.5222825067459214,-0.0958604349535173,1.8308376007564493,-0.2355047071415976,1.470119660540804
2.686,-0.23807963654511646,1.5465158472522074,-0.09216610369873048,1.8471656273934098,-0.23252427554614793,1.4902157977248385
2.688,-0.23437107921609138,1.5669994074349272,-0.0884395565032339,1.8632735977482868,-0.22950389582563543,1.5101898602562462
2.69,-0.23144440540036684,1.5846242639091699,-0.08468126449359985,1.8791460048170257,-0.226443838683211,1.5300285712122137
2.692,-0.22850606451216343,1.6068388361811254,-0.08089172956896905,1.8947674623154005,-0.2233444012939183,1.549718694646348
2.694,-0.22495009510728156,1.627505139491646,-0.07707148412470442,1.9101227221323132,-0.22020590719471342,1.5692470496024493
2.696,-0.22157115526051332,1.6450426288899287,-0.07322109074141972,1.925196691642353,-0.21702870614655076,1.5886005240813266
2.698,-0.2183966857282429,1.660332713673641,-0.06934114183970526,1.9399744508572332,-0.21381317396866137,1.6077660889447003
2.7,-0.21526646065914143,1.6836958768221604,-0.06543225930091351,1.954441269395872,-0.21055971234518078,1.6267308117402925
2.702,-0.2118276165616741,1.7002167919206592,-0.06149509405440736,1.9685826232530736,-0.20726874860431627,1.6454818704322622
2.704,-0.20825511456149515,1.7192617952372538,-0.057530325631713425,1.9823842113469694,-0.2039407354702738,1.6640065670212287
2.706,-0.20478262028460387,1.7374969141510945,-0.0535386616880622,1.9958319718256123,-0.20057615078819735,1.6822923410382258
2.708,-0.20129591499526317,1.758725175910802,-0.049520837491835445,2.0089120981133766,-0.19717549722240324,1.7003267828970512
2.71,-0.19750184022413572,1.7767225617079276,-0.045477615382479256,2.021611054678096,-0.19373930192822403,1.7180976470896097
2.712,-0.19421162320884636,1.7912040264496105,-0.04140978419747889,2.033915592500182,-0.190268116197806,1.7355928652090058
2.714,-0.19031493865573354,1.8091975634357629,-0.03731815866902831,2.045812764225292,-0.18676251508023536,1.7528005587853162
2.716,-0.18705749903198343,1.8314998248372965,-0.03320357879106336,2.0572899389824753,-0.18322309697639705,1.7697090519191616
2.718,-0.18339591601340277,1.8429362946920804,-0.029066909157363152,2.0683348168501037,-0.17965048320900023,1.7863068836984106
2.72,-0.17964267995764804,1.8603973437113035,-0.024909038271458565,2.0789354429522935,-0.17604531756823308,1.8025828203835732
2.722,-0.17599112212108553,1.8734407147247363,-0.020730877829120656,2.0890802211689548,-0.1724082658335377,1.8185258673476883
2.724,-0.1721263948741796,1.8897285877638534,-0.016533361974234564,2.0987579274430463,-0.16874001527202415,1.8341252807567714
2.726,-0.16816040136009794,1.9042843291486233,-0.01231744652889638,2.107957722669092,-0.1650412741140698,1.8493705789771702
2.728,-0.16449588864303638,1.9200626518454258,-0.008084108198601381,2.116669165147499,-0.16131277100667685,1.8642515536964723
2.73,-0.16067114489585058,1.9382827166528025,-0.003834343753421913,2.124882222589734,-0.157555254445187,1.8787582807449226
2.732,-0.15652636458039476,1.9469230437117673,0.00043083081389798383,2.1325872836599484,-0.15376949218397773,1.8928811306046387
2.734,-0.15258556832732534,1.9640732195957045,0.004710381151976363,2.1397751690391895,-0.1499562706267892,1.9066107785942639
2.736,-0.14847324769435893,1.9714550013461785,0.009003255435974196,2.1464371419989163,-0.14611639419735512,1.9199382147170507
2.738,-0.14445391780591732,1.9835042140871177,0.013308385272916428,2.1525649184711164,-0.1422506846910336,1.9328547531607578
2.74,-0.1407044632675256,2.00031908498703,0.017624686626122307,2.1581506766029404,-0.13835998060815735,1.9453520414381265
2.742,-0.1363035463412003,2.0046346204989747,0.02195106075769107,2.1631870657843826,-0.1344451364698431,1.9574220691571185
2.744,-0.13291445698990859,2.0237504492031166,0.026286395187967444,2.167667215138187,-0.13050702211702206,1.9690571764105165
2.746,-0.12858476209597267,2.033081128346778,0.030629564670891053,2.1715847414618046,-0.12654652199347222,1.9802500617749241
2.748,-0.12437282596136467,2.04718468318174,0.03497943218411485,2.1749337566119,-0.1225645344136529,1.9909937899096557
2.75,-0.12060550580002743,2.052472323974938,0.039334849932760034,2.1777088743225903,-0.11856197081615998,2.0012817987464655
2.7520000000000002,-0.11617177679125805,2.0617139742880934,0.04369466036565861,2.179905216449287,-0.11453975500363689,2.0111079062615422
2.754,-0.11226820262650634,2.06849420053445,0.04805769720292005,2.1815184186307213,-0.11049882236999352,2.020466316821684
2.7560000000000002,-0.10801267813894697,2.077057164134682,0.05242278647364495,2.182544635362449,-0.1064401191157994,2.0293516270970615
2.758,-0.10386499420340631,2.0878259693689714,0.05678874756259665,2.18298054447585,-0.10236460145273242,2.037758831533491
2.7600000000000002,-0.09965211132329324,2.093662570432596,0.06115439426463141,2.1828233510173787,-0.0982732347979771,2.045683327377656
2.762,-0.09535854156771403,2.1047041324617064,0.0655185358456785,2.182070790523549,-0.09416699295947863,2.053120919249239
2.7640000000000002,-0.09124731040276067,2.1081523249575107,0.06987997810905429,2.1807211316878923,-0.09004685731296969,2.06006782325447
2.766,-0.08691964463176473,2.110809341994447,0.07423752446588804,2.1787731784168742,-0.08591381597169741,2.0665206706361383
2.7680000000000002,-0.0826405735953541,2.1164952383533335,0.07858997700843304,2.176226271272501,-0.0817688629497861,2.0724765109556578
2.77,-0.07847458982802694,2.1228867058739906,0.08293613758503326,2.173080288300113,-0.0776129973201794,2.0779328148033502
2.7720000000000002,-0.07448112221954817,2.129115217587913,0.08727480887551449,2.169335645240609,-0.07344722236811208,2.0828874760336595
2.774,-0.06981276280935242,2.1324594696359718,0.09160479546576872,2.1649932951271134,-0.06927254474106691,2.087338813522586
2.7760000000000002,-0.06559691623997556,2.1372246742521113,0.09592490492030238,2.1600547272668345,-0.0650899735961765,2.091285572445201
2.778,-0.06155726034397227,2.1364895180185446,0.10023394885152166,2.15452196560964,-0.06090051974603316,2.0947269250716745
2.7800000000000002,-0.057376898785487705,2.1384950995920256,0.10453074398453287,2.1483975665056043,-0.05670519480387149,2.0976624710808354
2.782,-0.05313455965998559,2.1408585437097174,0.10881411321624194,2.141684615854538,-0.05250501032908978,2.1000922373908537
2.7840000000000003,-0.04858318364526468,2.141442007425267,0.11308288666754446,2.1343867256512534,-0.04830097697407534,2.102016677507223
2.786,-0.04452136394934159,2.139713766112209,0.11733590272740653,2.126508029931038,-0.04409410363329773,2.103436670388802
2.7880000000000003,-0.04011365671626524,2.1469720912992982,0.12157200908764763,2.1180531801205547,-0.03988539659563122,2.104353518833253
2.79,-0.035612743996239336,2.1418584149118876,0.1257900637672478,2.109027339800087,-0.035675858700863636,2.104768947383791
2.7920000000000003,-0.031203530034572945,2.1410874255029464,0.12998893612501533,2.0994361788837614,-0.03146648850134414,2.1046850997597484
2.794,-0.02671835724425124,2.141138827737516,0.1341675078594655,2.089285867225081,-0.02725827942971611,2.104104535814016
2.7960000000000003,-0.022770057443293516,2.1384291490682585,0.13832467399477705,2.078583067655781,-0.023052218973674106,2.1030302280210025
2.798,-0.018584174952895396,2.136124861918101,0.14245934385171044,2.0673349284666926,-0.018849287858675456,2.1014655574993246
2.8000000000000003,-0.014170924811748739,2.1329132491984217,0.14657044200239036,2.055549075339966,-0.014650459239527486,2.099414309573985
2.802,-0.010233420034061235,2.12855736055801,0.15065690920787564,2.04323360274264,-0.010456697901760754,2.0968806688833657
2.8040000000000003,-0.005663849773714614,2.1273453526297588,0.15471770333746002,2.0303970647921825,-0.00626895947368695,2.0938692140369017
2.806,-0.0016111170843621176,2.1235837463664264,0.1587518002686705,2.017048465605236,-0.0020881896500272584,2.0903849118298456
2.8080000000000003,0.00249627860302811,2.117525744656667,0.1627581947669533,2.003197249141403,0.0020846765720168546,2.0864331110220564
2.81,0.007046068774318788,2.112399571961766,0.16673590134406227,1.9888532885544867,0.006248715643393418,2.0820195356882816
2.8120000000000003,0.011057202668998956,2.108373569001353,0.1706839550941906,1.9740268750641576,0.010403016199689214,2.0771502781478985
2.814,0.015166905511459983,2.0999790478029987,0.17460141250691374,1.958728706361576,0.014546679782654405,2.0718317914825954
2.816,0.01964419099034515,2.0965091219722947,0.17848735225603976,1.9429698745630062,0.018678821545956313,2.066070881650955
2.818,0.023887902262462284,2.086773603507989,0.18234087596349172,1.9267618537259807,0.02279857094437509,2.059874699209387
2.82,0.028084860183217486,2.078216024506439,0.1861611089373778,1.9101164869430447,0.026905072405673726,2.0532507306493177
2.822,0.03212240570363905,2.0714932223624913,0.18994720088343497,1.893045973028585,0.030997485984395737,2.0462067893610056
2.824,0.03613256644665101,2.062093886593436,0.19369832658906436,1.8755628528146848,0.0350749879968653,2.0387510062347824
2.826,0.04026179589998125,2.0545751530098895,0.1974136865792091,1.8576799950723735,0.039136771636687204,2.0308918199109516
2.828,0.04436959991992374,2.051318734596792,0.20109250774335918,1.8394105820750342,0.043182047570067175,2.022637966689984
2.83,0.04886873196133739,2.036728675401985,0.20473404393300143,1.8207680948211198,0.047210044510297276,2.013998470115049
2.832,0.052579892925088884,2.027877196082103,0.20833757652886878,1.8017662979336742,0.05122000977077587,2.004982630239296
2.834,0.05650964722262446,2.0180795445572794,0.21190241497737777,1.7824192242544987,0.0552112097959572,1.9956000125906654
2.836,0.060657827975813004,2.0061946484795605,0.21542789729568,1.7627411591511093,0.059182930669651926,1.9858604368473638
2.838,0.064228066181441,1.9930055555264952,0.21891339054478984,1.7427466245549212,0.06313447860012683,1.9757739652374549
2.84,0.06845830895170704,1.9856274798652107,0.22235829127028856,1.7224503627493637,0.06706518038147952,1.9653508906763455
2.842,0.07224561678015387,1.969387123379329,0.2257620259101423,1.701867319926869,0.07097438383079198,1.9546017246562335
2.844,0.07611943861422375,1.9606631465219966,0.2291240511692101,1.6810126295339016,0.07486145820059571,1.9435371849018646
2.846,0.08059317684073702,1.9512643481506702,0.2324438543600569,1.6599015954233902,0.07872579456621012,1.932168182807207
2.848,0.08390595211041407,1.9372686735666609,0.2357209537097251,1.638549674834098,0.08256680618754592,1.9205058106678947
2.85,0.08785333329613305,1.9250601376150427,0.23895489863215832,1.6169724612166205,0.08638392884499493,1.9085613287245093
2.852,0.09218739247435036,1.9094773264724658,0.24214526996601,1.595185666925826,0.0901766211490589,1.8963461520319838
2.854,0.09513321838253394,1.8994404473073219,0.2452916801776093,1.573205105799661,0.09394436482340007,1.8838718371705856
2.856,0.09946364533374397,1.8844574490110886,0.24839377352889797,1.5510466756443262,0.0976866649610283,1.8711500688141154
2.858,0.10297097789864294,1.8714962255970375,0.2514512262101897,1.5287263406458882,0.1014030502533705,1.858192646171096
2.86,0.10681591905187565,1.8571028838367147,0.2544637464376466,1.5062601137284304,0.10509307319200022,1.8450114693148598
2.862,0.1104778357765779,1.8433404251678398,0.2574310745154043,1.483664038878865,0.10875631024283731,1.831618525418551
2.864,0.11409095251397228,1.8355713206549282,0.26035298286232134,1.4609541734585183,0.1123923619926596,1.8180258749111473
2.866,0.11785257491847553,1.8185562052553814,0.2632292760033645,1.4381465705215761,0.11600085326780096,1.804245637570679
2.868,0.12155071214201493,1.803638929677789,0.26605979052568535,1.4152572611604286,0.1195814332249427,1.7902899785708732
2.87,0.12469842591503089,1.7868342627438145,0.2688443949994811,1.3923022368978784,0.12313377541393768,1.776171094497484
2.872,0.12882341678689918,1.7755589105364349,0.27158298986377327,1.3692974321460898,0.12665757781263884,1.7619011993505806
2.874,0.13229346913361828,1.7570245547103231,0.27427550727727734,1.3462587067520397,0.13015256283373697,1.7474925105490626
2.876,0.13537374378754305,1.7420890707805727,0.2769219109345755,1.3232018286491019,0.13361847730364426,1.7329572349536437
2.878,0.1387869182036823,1.7269672349685752,0.279522195847844,1.3001424566342383,0.13705509241349326,1.7183075549245033
2.88,0.14263209307405067,1.7124969960613674,0.2820763880944242,1.277096123290104,0.14046220364235273,1.7035556144297417
2.882,0.1458416811573236,1.6946615152882833,0.28458454453056653,1.2540782180711711,0.14383963065279412,1.6887135052206945
2.884,0.14913271290403507,1.679083388152877,0.2870467524717121,1.2311039705727744,0.14718721715897423,1.673793253090062
2.886,0.1523946614382595,1.665074967566176,0.2894631293397156,1.2081884340017381,0.15050483076743162,1.6588068042286923
2.888,0.1556392460634052,1.6495178139042295,0.2918338222774496,1.1853464688670041,0.15379236279082506,1.64376601169672
2.89,0.15907110091890964,1.6388141101150955,0.2941590077312664,1.1625927269084049,0.1570497280348743,1.6286826220246136
2.892,0.1624038596488894,1.6211336476241245,0.2964388910018293,1.13994163528144,0.1602768645587933,1.6135682619595073
2.894,0.16571601404899672,1.6063581921468235,0.29867370576386054,1.1174073810156113,0.16347373340953733,1.598434425372013
2.896,0.16889738776964286,1.58810504879038,0.30086371355538766,1.0950038957635457,0.16664031833021434,1.583292460338498
2.898,0.17150586804136225,1.5738265742015527,0.30300920323710323,1.0727448408577978,0.16977662544304153,1.5681535564135936
2.9,0.17490926147968286,1.5612730640693941,0.30511049042248695,1.050643592691867,0.17288268290725647,1.5530287321074683
2.902,0.17866779679107245,1.5452779474243294,0.3071679168793701,1.0287132284415885,0.17595854055242074,1.5379288225821364
2.904,0.18135060832896252,1.5298478509647704,0.30918184990365544,1.0069665121426723,0.17900426948758236,1.5228644675808118
2.906,0.18391728984672528,1.517349278935742,0.31115268166593496,0.9854158811397531,0.1820199616867904,1.5078460996040302
2.908,0.18722353385328355,1.498520940677847,0.31308082853177877,0.9640734329219008,0.18500572955148234,1.4928839323459597
2.91,0.1901113271958955,1.483840105743038,0.31496673035649697,0.9429509123590994,0.18796170545029037,1.4779879494040156
2.912,0.19279302382829705,1.4701215867146118,0.31681084975520446,0.9220596993537545,0.19088804123683947,1.4631678932745558
2.914,0.19599204402620735,1.4565211250895616,0.3186136713490461,0.901410796920825,0.1937849077461337,1.448433254647102
2.916,0.1990501839138279,1.4414460827360547,0.3203757009884655,0.8810148197096966,0.19665249427015202,1.4337932620091691
2.918,0.20170906498455618,1.4277736926615503,0.32209746495442637,0.8608819829804213,0.19949100801329886,1.4192568715734237
2.92,0.20419005755769498,1.4115992646212956,0.3237795091385193,0.8410220920464442,0.20230067352837586,1.4048327575385047
2.922,0.20712138289950022,1.3990354767553026,0.32542239820291013,0.82144453219542,0.20508173213376477,1.3905293026944565
2.924,0.21033772129621664,1.3824095277937927,0.3270267147211085,0.8021582590991941,0.2078344413125314,1.376354589383311
2.926,0.2129531160434781,1.370758616816796,0.32859305830055546,0.7831717897234793,0.2105590740941813,1.362316390824944
2.928,0.21538040338309075,1.3575364392815403,0.3301220446880499,0.7644931937472099,0.21325591841981711,1.3484221628179083
2.93,0.21788366685964314,1.3397933232153738,0.33161430485905186,0.7461300855009902,0.21592527649146612,1.334679035824501
2.932,0.22101132964142936,1.3285385534499636,0.3330704840919188,0.7280896164334826,0.21856746410636388,1.3210938074488867
2.934,0.22341751697865972,1.3148362993217577,0.3344912410281468,0.7103784681139946,0.22118280997699713,1.3076729353166316
2.936,0.22598447703207486,1.3029175139349058,0.3358772467197047,0.6930028457789382,0.22377165503772423,1.2944225303635488
2.938,0.2285197244723752,1.2903070182533283,0.33722918366456317,0.6759684724292275,0.22633435173880678,1.2813483505412762
2.94,0.23105503912176814,1.2774537287341985,0.3385477448315333,0.6592805834850778,0.22887126332869984,1.26845579494653
2.942,0.23368368524524133,1.2655234187023507,0.3398336326755414,0.6429439220040489,0.23138276312546083,1.2557498983804887
2.944,0.23614601511844924,1.2499512226333067,0.3410875581444765,0.6269627344675575,0.23386923377814936,1.2432353263442648
2.946,0.23893058997461286,1.2357793062702582,0.3423102396787574,0.6113407671404472,0.2363310665191012,1.2309163704759283
2.948,0.24147541801059394,1.2249301904125585,0.3435024022047726,0.596081263007579,0.23876866040796926,1.2187969444340279
2.95,0.24379340782065065,1.2155069817647415,0.3446647761233541,0.5811869592907573,0.24118242156843336,1.206880580232054
2.952,0.24586571266329818,1.2066868740647423,0.34579809629445146,0.5666600855486668,0.24357276241848888,1.1951704250277637
2.954,0.24810184028450136,1.1936122738199844,0.34690310101917515,0.5525023623618479,0.2459401008952304,1.183669238370772
2.956,0.2507542261318523,1.183418625666708,0.34798053102038334,0.5387150006040868,0.24828485967505298,1.1723793899112862
2.958,0.25312042843523114,1.1701871435509372,0.3490311284229852,0.5252987013009439,0.2506074653901976,1.1613028575723334
2.96,0.25541718377091865,1.1595448399654025,0.3500556357351362,0.5122536560754927,0.2529083478425722,1.1504412261873036
2.962,0.25734757357667915,1.151676456041332,0.3510547948314976,0.49957954818068395,0.2551879392157804,1.1397956866040944
2.964,0.25963852503672274,1.143459668135082,0.3520293459397318,0.48727555411710133,0.25744667328629367,1.1293670352566163
2.966,0.26229856996546597,1.1300167684596876,0.3529800266314002,0.47534034583421503,0.2596849846347014,1.1191556742038786
2.968,0.26487112602815593,1.1230997422680813,0.3539075708184254,0.4637720935125977,0.2619033078579741,1.1091616116363443
2.97,0.2668436129480336,1.1097623171247193,0.3548127077562732,0.4525684689239111,0.26410207678367154,1.0993844628487108
2.972,0.2687690476339471,1.103581730209637,0.3556961610550029,0.44172664936483275,0.266281723687027,1.0898234516777368
2.974,0.2708677003563196,1.0939720594300042,0.35655864769932377,0.4312433221604433,0.26844267851183345,1.0804774124032073
2.976,0.2731459277216815,1.0855704106696835,0.3574008770787877,0.4211146897319624,0.27058536809605266,1.0713447921096013
2.978,0.2756687222952185,1.074329940040257,0.35822355002923384,0.41133647522307903,0.27271021540306367,1.0624236535054972
2.98,0.2779002100451759,1.0675859908500414,0.35902735788659085,0.40190392867849173,0.27481763875945814,1.0537116781972315
2.982,0.2797533705254806,1.0594960267048934,0.3598129815541261,0.39281183376764184,0.27690805110028377,1.0452061704128082
2.984,0.28205267170842824,1.0512757385357017,0.3605810905842181,0.38405451504599536,0.27898185922262686,1.0369040611715374
2.986,0.2838275013455697,1.0427834638397653,0.3613323422757093,0.3756258457456006,0.2810394630484156,1.0288019128943804
2.988,0.28600791577879026,1.0356239122699964,0.36206738078788137,0.36751925608602976,0.2830812548973145,1.0208959244494662
2.99,0.28828836058612384,1.0272208809601322,0.36278683627207375,0.359727742096191,0.285107618770568,1.0131819366267572
2.992,0.2902080072037818,1.0208697486185603,0.36349132402194756,0.352243874936891,0.2871189296466387,1.0056554380353409
2.994,0.2919825268704339,1.0107429348020034,0.3641814436433744,0.34505981071342096,0.28911555278947143,0.9983115714163519
2.996,0.2941340278862239,1.0070793045387705,0.3648577782449081,0.33816730076685686,0.29109784307019954,0.9911451403640442
2.998,0.29581050826095606,1.0019559223562209,0.36552089364977247,0.3315577024321887,0.2930661443030937,0.9841506164470758
3.0,0.29814615276705714,0.9982395615810774,0.36617133763027415,0.3252219902508439,0.2950207885965369,0.9773221467216011
