# {"config": {"dt": 0.002, "kind": "pendulum", "torque_limit_nm": 2.0}, "initial_command_history": "zero", "name": "calibration_1", "sampling": "state_then_command_then_next_state", "schema_version": 1, "split": "calibration"}
time_s,command_torque_nm,position_rad,velocity_rad_s,next_position_rad,next_velocity_rad_s
0.0,0.27961172579016785,6.947235373208621e-05,-0.004675712311912167,-6.77715665930241e-05,-0.001366177638633724
0.002,0.28666321967471037,-6.77715665930241e-05,-0.001366177638633724,0.00013258532441610336,9.539166791142663e-05
0.004,0.29368597624078524,0.00013258532441610336,9.539166791142663e-05,-0.0004194587904077839,0.015929785694994574
0.006,0.30067290351246667,-0.0004194587904077839,0.015929785694994574,-0.00017150143411514526,0.027246990395499222
0.008,0.3076169273707555,-0.00017150143411514526,0.027246990395499222,-0.00018033133984651475,0.04106243920201793
0.01,0.31451099962152645,-0.00018033133984651475,0.04106243920201793,0.00031851107937124265,0.0518933781243856
0.012,0.32134810603544833,0.00031851107937124265,0.0518933781243856,0.0004968859398738494,0.059526594055072185
0.014,0.32812127435062927,0.0004968859398738494,0.059526594055072185,0.0008033250461331063,0.07244676736485327
0.016,0.3348235822287809,0.0008033250461331063,0.07244676736485327,0.0004030419409966383,0.08512773775932317
0.018000000000000002,0.3414481651557477,0.0004030419409966383,0.08512773775932317,0.000571278717458915,0.09471160390890805
0.02,0.34798822427731346,0.000571278717458915,0.09471160390890805,0.0009521857062689758,0.10629171002609328
0.022,0.35443703416127015,0.0009521857062689758,0.10629171002609328,0.0013572096354020457,0.11788071871892526
0.024,0.3607879504768194,0.0013572096354020457,0.11788071871892526,0.0019234102828291195,0.12694910390612896
0.026000000000000002,0.3670344175824711,0.0019234102828291195,0.12694910390612896,0.0020249483693161297,0.143090732643444
0.028,0.3731699760137107,0.0020249483693161297,0.143090732643444,0.002042708384190593,0.15669099148825472
0.03,0.37918826986182025,0.002042708384190593,0.15669099148825472,0.00232723545214367,0.16357952470622195
0.032,0.3850830540353632,0.00232723545214367,0.16357952470622195,0.003161441816586424,0.17897802442237648
0.034,0.39084820139598,0.003161441816586424,0.17897802442237648,0.0030164035441149653,0.19600853584875094
0.036000000000000004,0.3964777097602837,0.0030164035441149653,0.19600853584875094,0.003498404651090019,0.20868734477848938
0.038,0.4019657087598003,0.003498404651090019,0.20868734477848938,0.004471653401419308,0.22259492931545188
0.04,0.4073064665510612,0.004471653401419308,0.22259492931545188,0.0042665383158960206,0.23519546999737567
0.042,0.4124943963681269,0.0042665383158960206,0.23519546999737567,0.0050789485214907245,0.25046031810407515
0.044,0.41752406291000393,0.0050789485214907245,0.25046031810407515,0.005896552621094606,0.2676998753963343
0.046,0.42239018855560584,0.005896552621094606,0.2676998753963343,0.0061216265257093855,0.28300805780897464
0.048,0.42708765939910637,0.0061216265257093855,0.28300805780897464,0.006662327303801963,0.29637249050353764
0.05,0.4316115310987425,0.006662327303801963,0.29637249050353764,0.007585122377656353,0.3161072125923497
0.052000000000000005,0.43595703453233614,0.007585122377656353,0.3161072125923497,0.008181255789447348,0.33247303444625553
0.054,0.4401195812530283,0.008181255789447348,0.33247303444625553,0.009202662738971976,0.34907218691645536
0.056,0.44409476873894865,0.009202662738971976,0.34907218691645536,0.00952195617466737,0.3651523120771246
0.058,0.4478783854307784,0.00952195617466737,0.3651523120771246,0.010782870281101224,0.3845161563210002
0.06,0.4514664155514128,0.010782870281101224,0.3845161563210002,0.011053768731555369,0.3996954002965945
0.062,0.45485504370217533,0.011053768731555369,0.3996954002965945,0.012103744576982434,0.4157177102154953
0.064,0.45804065923029585,0.012103744576982434,0.4157177102154953,0.012666169578968347,0.43372994766986195
0.066,0.4610198603626282,0.012666169578968347,0.43372994766986195,0.013584146082253657,0.450372611154616
0.068,0.46378945810084876,0.013584146082253657,0.450372611154616,0.014904840430287848,0.46918658178945233
0.07,0.46634647987365596,0.014904840430287848,0.46918658178945233,0.0155923545396884,0.4922964136097243
0.07200000000000001,0.4686881729417665,0.0155923545396884,0.4922964136097243,0.016627429187974017,0.5099687469281946
0.074,0.4708120075517912,0.016627429187974017,0.5099687469281946,0.017587086451654407,0.5235914020699415
0.076,0.4727156798353611,0.017587086451654407,0.5235914020699415,0.018517072494074433,0.5458136410278837
0.078,0.4743971144501672,0.018517072494074433,0.5458136410278837,0.019798019389721457,0.5581335797523072
0.08,0.47585446695987477,0.019798019389721457,0.5581335797523072,0.020805437411455793,0.579892916194442
0.082,0.4770861259501745,0.020805437411455793,0.579892916194442,0.022092789015224608,0.5965742094924633
0.084,0.47809071487853344,0.022092789015224608,0.5965742094924633,0.02355873333110846,0.6168365307538188
0.08600000000000001,0.47886709365551805,0.02355873333110846,0.6168365307538188,0.024877027263862452,0.6330946744348643
0.088,0.4794143599558702,0.024877027263862452,0.6330946744348643,0.026185415731307667,0.65192111374
0.09,0.47973185025782444,0.026185415731307667,0.65192111374,0.027944962692016285,0.6701867937487591
0.092,0.4798191406094733,0.027944962692016285,0.6701867937487591,0.02862535644672156,0.6871803791256706
0.094,0.4796760471212958,0.02862535644672156,0.6871803791256706,0.030213781674960746,0.7040147090464944
0.096,0.47930262618428343,0.030213781674960746,0.7040147090464944,0.03139410052604239,0.7186467192572777
0.098,0.4786991744134109,0.03139410052604239,0.7186467192572777,0.03295546701185998,0.7346123214499982
0.1,0.47786622831651715,0.03295546701185998,0.7346123214499982,0.034343898504934384,0.7530704444506104
0.10200000000000001,0.47680456368897584,0.034343898504934384,0.7530704444506104,0.03622080154779816,0.7678791872195648
0.10400000000000001,0.4755151947348526,0.03622080154779816,0.7678791872195648,0.03756263829215694,0.7874506406244685
0.106,0.47399937291555766,0.03756263829215694,0.7874506406244685,0.03918222618674985,0.8057800122293288
0.108,0.4722585855273197,0.03918222618674985,0.8057800122293288,0.04070136469190721,0.8188750131968268
0.11,0.4702945540091162,0.04070136469190721,0.8188750131968268,0.04290488693722012,0.8317964968739933
0.112,0.46810923198300575,0.04290488693722012,0.8317964968739933,0.04416776896299849,0.851385336390868
0.114,0.4657048030291184,0.04416776896299849,0.851385336390868,0.04593399014143992,0.8624578100021059
0.116,0.46308367819786045,0.04593399014143992,0.8624578100021059,0.04777957399821655,0.8766309461944759
0.11800000000000001,0.4602484932621987,0.04777957399821655,0.8766309461944759,0.04932709601169205,0.896469197951994
0.12,0.45720210571318154,0.04932709601169205,0.896469197951994,0.05135765650546704,0.9080357325966665
0.122,0.4539475915021558,0.05135765650546704,0.9080357325966665,0.05323436850585774,0.9217697410686954
0.124,0.45048824153342476,0.05323436850585774,0.9217697410686954,0.0549519995463266,0.9366505071832553
0.126,0.44682755791138384,0.0549519995463266,0.9366505071832553,0.05704612781858709,0.9465852230458376
0.128,0.44296924994644904,0.05704612781858709,0.9465852230458376,0.05886593529460839,0.957825580228127
0.13,0.4389172299243751,0.05886593529460839,0.957825580228127,0.06074697140142933,0.9724291295989034
0.132,0.4346756086438278,0.06074697140142933,0.9724291295989034,0.06320234405778764,0.9847342826035305
0.134,0.43024869072734573,0.06320234405778764,0.9847342826035305,0.06482633400268027,0.9945278064172954
0.136,0.42564096971108506,0.06482633400268027,0.9945278064172954,0.06664522281864667,1.0049063947117054
0.138,0.42085712291899535,0.06664522281864667,1.0049063947117054,0.06909844456764647,1.0123203825005194
0.14,0.41590200612732364,0.06909844456764647,1.0123203825005194,0.07065472089347295,1.0297627094788997
0.14200000000000002,0.410780648025585,0.07065472089347295,1.0297627094788997,0.07286985706158666,1.0377418084684715
0.14400000000000002,0.40549824448037064,0.07286985706158666,1.0377418084684715,0.07494467612588214,1.0442648054944608
0.146,0.40006015260859284,0.07494467612588214,1.0442648054944608,0.0772438131759926,1.054406893244471
0.148,0.3944718846669847,0.0772438131759926,1.054406893244471,0.07908089752561677,1.0595008104702524
0.15,0.3887391017648838,0.07908089752561677,1.0595008104702524,0.08110997254189405,1.0686924771756001
0.152,0.3828676074075331,0.08110997254189405,1.0686924771756001,0.08371061265749545,1.0771567162084166
0.154,0.37686334087732526,0.08371061265749545,1.0771567162084166,0.08595904810696987,1.0841065638730185
0.156,0.3707323704606059,0.08595904810696987,1.0841065638730185,0.08784065596252391,1.0939370327958327
0.158,0.36448088652782623,0.08784065596252391,1.0939370327958327,0.08992969029440165,1.1001367798405084
0.16,0.3581151944750058,0.08992969029440165,1.1001367798405084,0.09247745808990589,1.102116078603391
0.162,0.3516417075346253,0.09247745808990589,1.102116078603391,0.09462371569638989,1.105346631802274
0.164,0.3450669394642193,0.09462371569638989,1.105346631802274,0.09697663464433615,1.1123491669610888
0.166,0.3383974971210778,0.09697663464433615,1.1123491669610888,0.09913243031960879,1.1152232608446533
0.168,0.3316400729316016,0.09913243031960879,1.1152232608446533,0.1013482613330065,1.1173661379771571
0.17,0.3248014372639708,0.1013482613330065,1.1173661379771571,0.10359272815466485,1.118073931794539
0.17200000000000001,0.31788843071290124,0.10359272815466485,1.118073931794539,0.10588386743756782,1.1244148165151755
0.17400000000000002,0.3109079563053653,0.10588386743756782,1.1244148165151755,0.10814256975183273,1.125989766463373
0.176,0.3038669716362395,0.10814256975183273,1.125989766463373,0.11013948713924555,1.1265377761304174
0.178,0.2967724809429281,0.11013948713924555,1.1265377761304174,0.11243623621510329,1.1267811887361832
0.18,0.28963152712807816,0.11243623621510329,1.1267811887361832,0.11459094618138639,1.1307859266390583
0.182,0.2824511837395606,0.11459094618138639,1.1307859266390583,0.11700392078473933,1.125696310316881
0.184,0.2752385469169437,0.11700392078473933,1.125696310316881,0.11925327107688778,1.125882572262297
0.186,0.26800072731372243,0.11925327107688778,1.125882572262297,0.12130234649586008,1.124085473941251
0.188,0.2607448420045931,0.12130234649586008,1.124085473941251,0.12348141638772851,1.1234804143338788
0.19,0.2534780063870847,0.12348141638772851,1.1234804143338788,0.12615755107475574,1.120299644325861
0.192,0.24620732608685778,0.12615755107475574,1.120299644325861,0.12867272718489006,1.1202252194775666
0.194,0.23893988887598408,0.12867272718489006,1.1202252194775666,0.13043271700601658,1.113425595802053
0.196,0.2316827566135004,0.13043271700601658,1.113425595802053,0.13237613017183883,1.1129723443850073
0.198,0.22444295721750737,0.13237613017183883,1.1129723443850073,0.1346699955981534,1.107472802046879
0.2,0.21722747667804398,0.1346699955981534,1.107472802046879,0.13694573903702753,1.1032380288226213
0.202,0.21004325111992764,0.13694573903702753,1.1032380288226213,0.13897100278157834,1.0949951872688046
0.20400000000000001,0.2028971589246823,0.13897100278157834,1.0949951872688046,0.1412603791009373,1.0903546513895475
0.20600000000000002,0.19579601292062065,0.1412603791009373,1.0903546513895475,0.14367403612996255,1.084867337996634
0.20800000000000002,0.18874655265005807,0.14367403612996255,1.084867337996634,0.14597228691197484,1.0750454857457141
0.21,0.18175543672255223,0.14597228691197484,1.0750454857457141,0.14803067303082018,1.0689846649460566
0.212,0.17482923526296096,0.14803067303082018,1.0689846649460566,0.15000438106219297,1.061288860212491
0.214,0.16797442246300454,0.15000438106219297,1.061288860212491,0.15203915815571897,1.054654826663568
0.216,0.16119736924489517,0.15203915815571897,1.054654826663568,0.15429574267678867,1.0472632828483583
0.218,0.15450433604547037,0.15429574267678867,1.0472632828483583,0.15656311295880876,1.0347252383086167
0.22,0.1479014657291272,0.15656311295880876,1.0347252383086167,0.158311290012886,1.0289638170622326
0.222,0.14139477663770517,0.158311290012886,1.0289638170622326,0.1598915941112718,1.0161020233917366
0.224,0.1349901557853107,0.1598915941112718,1.0161020233917366,0.16211144669795016,1.0080996838365806
0.226,0.12869335220590378,0.16211144669795016,1.0080996838365806,0.16410812471975933,0.994069400079155
0.228,0.12250997046129748,0.16410812471975933,0.994069400079155,0.16642004269002783,0.985256533145549
0.23,0.11644546431703258,0.16642004269002783,0.985256533145549,0.16847236883779249,0.9692347584019211
0.232,0.11050513059339548,0.16847236883779249,0.9692347584019211,0.17035591411955023,0.9641882519000718
0.234,0.10469410319865,0.17035591411955023,0.9641882519000718,0.17221581887283188,0.9503511734704008
0.23600000000000002,0.09901734735133944,0.17221581887283188,0.9503511734704008,0.173963168682243,0.9380181258079996
0.23800000000000002,0.09347965399830005,0.173963168682243,0.9380181258079996,0.1758189411652945,0.9214074575718927
0.24,0.08808563443480047,0.1758189411652945,0.9214074575718927,0.17760780048182445,0.9082923592662888
0.242,0.0828397151329893,0.17760780048182445,0.9082923592662888,0.17928839422208398,0.8955563352894568
0.244,0.07774613278459389,0.17928839422208398,0.8955563352894568,0.18126854619192614,0.8811768123486903
0.246,0.07280892956356477,0.18126854619192614,0.8811768123486903,0.18282238902810702,0.8670202691956714
0.248,0.06803194861410988,0.18282238902810702,0.8670202691956714,0.184080403288697,0.8549880915659368
0.25,0.06341882976929811,0.184080403288697,0.8549880915659368,0.18602368733422994,0.8362204556695327
0.252,0.058973005505153275,0.18602368733422994,0.8362204556695327,0.18799343787990752,0.8223035043493976
0.254,0.05469769713488129,0.18799343787990752,0.8223035043493976,0.18958647819022237,0.8079566366256006
0.256,0.05059591124760218,0.18958647819022237,0.8079566366256006,0.19125909426987323,0.791569223416686
0.258,0.046670436395673615,0.19125909426987323,0.791569223416686,0.19218665681504524,0.7740718581962267
0.26,0.04292384003440844,0.19218665681504524,0.7740718581962267,0.19404726502917297,0.7586030496339757
0.262,0.03935846571769694,0.19404726502917297,0.7586030496339757,0.19588380252912413,0.7413211485040117
0.264,0.03597643055274999,0.19588380252912413,0.7413211485040117,0.19729602963369758,0.7213487057231794
0.266,0.03277962291688122,0.19729602963369758,0.7213487057231794,0.19840076138138518,0.7089017186378073
0.268,0.02976970043894525,0.19840076138138518,0.7089017186378073,0.19972897412666749,0.6938477226509004
0.27,0.026948088247742252,0.19972897412666749,0.6938477226509004,0.20164500125119958,0.6775079780525631
0.272,0.02431597748939404,0.20164500125119958,0.6775079780525631,0.20304454554472726,0.656773792050392
0.274,0.021874324115384786,0.20304454554472726,0.656773792050392,0.2039710289297744,0.6395111278414811
0.276,0.01962384794265104,0.2039710289297744,0.6395111278414811,0.20505236911729985,0.6230295154739065
0.278,0.017565031986788493,0.20505236911729985,0.6230295154739065,0.2063996509027743,0.6025407967919075
0.28,0.01569812206913193,0.2063996509027743,0.6025407967919075,0.20772619648620141,0.5856256075397623
0.28200000000000003,0.014023126698147814,0.20772619648620141,0.5856256075397623,0.20862893430651075,0.5673372539229737
0.28400000000000003,0.012539817225262484,0.20862893430651075,0.5673372539229737,0.2095977788970161,0.5476668197171242
0.28600000000000003,0.011247728274934754,0.2095977788970161,0.5476668197171242,0.21089714697443532,0.5300563298223958
0.28800000000000003,0.010146158448464004,0.21089714697443532,0.5300563298223958,0.21184180079824005,0.5134844128589541
0.29,0.009234171300712163,0.21184180079824005,0.5134844128589541,0.21262205672121562,0.49726607694818425
0.292,0.008510596588600206,0.21262205672121562,0.49726607694818425,0.21387684242085983,0.4782267947957468
0.294,0.00797403178993053,0.21387684242085983,0.4782267947957468,0.21495640173521238,0.46153811979753245
0.296,0.007622843890772307,0.21495640173521238,0.46153811979753245,0.21612299079372613,0.44051778644705947
0.298,0.007455171439340463,0.21612299079372613,0.44051778644705947,0.21647695551491614,0.4210342449161202
0.3,0.00746892686398859,0.21647695551491614,0.4210342449161202,0.21732487907586331,0.40265532950626653
0.302,0.0076617990526369195,0.21732487907586331,0.40265532950626653,0.21774616482073178,0.3867080148050016
0.304,0.008031256190649205,0.21774616482073178,0.3867080148050016,0.2191862661373638,0.3685294171611562
0.306,0.008574548853881037,0.2191862661373638,0.3685294171611562,0.21952508869102044,0.3477108907365007
0.308,0.009288713353323264,0.21952508869102044,0.3477108907365007,0.21983092904492327,0.3326126131809842
0.31,0.010170575327478754,0.21983092904492327,0.3326126131809842,0.22073748058591078,0.3115349670128464
0.312,0.011216753578321081,0.22073748058591078,0.3115349670128464,0.22114529508944267,0.2889553534480576
0.314,0.012423664146407498,0.22114529508944267,0.2889553534480576,0.22158828392451052,0.2721660542414769
0.316,0.01378752462044025,0.22158828392451052,0.2721660542414769,0.22259448671653256,0.25086121716423027
0.318,0.0153043586763012,0.22259448671653256,0.25086121716423027,0.22287320240649255,0.23234145152355268
0.32,0.016970000840321242,0.22287320240649255,0.23234145152355268,0.22360396367942434,0.21023836816406213
0.322,0.01878010147128728,0.22360396367942434,0.21023836816406213,0.22371457813810422,0.1943881474119581
0.324,0.020730131955436687,0.22371457813810422,0.1943881474119581,0.2240335610543933,0.1746068626258031
0.326,0.022815390108445507,0.2240335610543933,0.1746068626258031,0.22454759886834352,0.1523917219200303
0.328,0.025031005778178073,0.22454759886834352,0.1523917219200303,0.2245363281575649,0.1354052529669721
0.33,0.02737194664173262,0.2245363281575649,0.1354052529669721,0.2249256632842832,0.11431819509778829
0.332,0.029833024190096882,0.2249256632842832,0.11431819509778829,0.22538278528092748,0.09659908839942478
0.334,0.03240889989350876,0.22538278528092748,0.09659908839942478,0.22516482641949292,0.073972977353385
0.336,0.03509409154041172,0.22516482641949292,0.073972977353385,0.22517803463870567,0.056478799179854065
0.338,0.03788297974269168,0.22517803463870567,0.056478799179854065,0.22546965241256092,0.04257382955820389
0.34,0.04076981459969277,0.22546965241256092,0.04257382955820389,0.22593470073737087,0.024380766327426442
0.342,0.043748722513326704,0.22593470073737087,0.024380766327426442,0.2253291863258262,0.005026562667650242
0.34400000000000003,0.046813713146415525,0.2253291863258262,0.005026562667650242,0.22542052747968316,-0.005307380420214306
0.34600000000000003,0.04995868651624143,0.22542052747968316,-0.005307380420214306,0.2257474044873675,-0.015576746184887342
0.34800000000000003,0.05317744021512667,0.2257474044873675,-0.015576746184887342,0.2252036349410339,-0.02388407035560522
0.35000000000000003,0.05646367674971118,0.2252036349410339,-0.02388407035560522,0.22538071265112936,-0.03937082053790851
0.352,0.05981101099047064,0.22538071265112936,-0.03937082053790851,0.2254469762748015,-0.03925777892917808
0.354,0.06321297772287836,0.2254469762748015,-0.03925777892917808,0.2252672070101357,-0.04745795299080275
0.356,0.06666303929150885,0.2252672070101357,-0.04745795299080275,0.22510182439526127,-0.05793986548489391
0.358,0.07015459332826503,0.22510182439526127,-0.05793986548489391,0.22497757027841928,-0.060419721891137625
0.36,0.07368098055581757,0.22497757027841928,-0.060419721891137625,0.224783625322131,-0.06639012194615979
0.362,0.07723549265726082,0.224783625322131,-0.06639012194615979,0.22436537047237232,-0.07471113787109818
0.364,0.08081138020290835,0.22436537047237232,-0.07471113787109818,0.22459811799682672,-0.07351883080775955
0.366,0.08440186062508824,0.22459811799682672,-0.07351883080775955,0.22434157948566813,-0.0819762051114289
0.368,0.08800012623174533,0.22434157948566813,-0.0819762051114289,0.22410615552335836,-0.08562514092418815
0.37,0.0915993522496047,0.22410615552335836,-0.08562514092418815,0.22412428596292375,-0.08878187834562999
0.372,0.0951927048876287,0.22412428596292375,-0.08878187834562999,0.22384945523361513,-0.09113808196709187
0.374,0.09877334941146304,0.22384945523361513,-0.09113808196709187,0.2236721888260713,-0.09212236948527426
0.376,0.10233445821956746,0.2236721888260713,-0.09212236948527426,0.22322478722746328,-0.10142154237782283
0.378,0.10586921891171543,0.22322478722746328,-0.10142154237782283,0.22320729932887806,-0.09911390988806859
0.38,0.10937084234055813,0.22320729932887806,-0.09911390988806859,0.2231345939370961,-0.09998623904308197
0.382,0.11283257063697155,0.2231345939370961,-0.09998623904308197,0.2228093394342734,-0.10677633790378299
0.384,0.11624768519993123,0.2228093394342734,-0.10677633790378299,0.22290436866812918,-0.11006659484292906
0.386,0.11960951464169914,0.22290436866812918,-0.11006659484292906,0.22234092618811363,-0.10947536246990026
0.388,0.12291144267916562,0.22234092618811363,-0.10947536246990026,0.2220485853423811,-0.1120304182499149
0.39,0.12614691596224156,0.2220485853423811,-0.1120304182499149,0.22204622763693194,-0.11000638976328882
0.392,0.12930945183027584,0.22204622763693194,-0.11000638976328882,0.22180653026078523,-0.11618791176758005
0.394,0.1323926459875536,0.22180653026078523,-0.11618791176758005,0.2214374354229646,-0.1148065607307494
0.396,0.13539018008902065,0.2214374354229646,-0.1148065607307494,0.22101049828088848,-0.11457228230999686
0.398,0.13829582922749145,0.22101049828088848,-0.11457228230999686,0.22085551288447725,-0.1133240473015413
0.4,0.14110346931369785,0.22085551288447725,-0.1133240473015413,0.22047069807744157,-0.12150763794404468
0.402,0.14380708434067524,0.22047069807744157,-0.12150763794404468,0.22047465089540233,-0.11705608674437447
0.404,0.14640077352410139,0.22047465089540233,-0.11705608674437447,0.22049619017965305,-0.11884585496684025
0.406,0.14887875831035433,0.22049619017965305,-0.11884585496684025,0.22015536888225773,-0.12155677218896899
0.40800000000000003,0.15123538924420715,0.22015536888225773,-0.12155677218896899,0.220088367942834,-0.11729347452941229
0.41000000000000003,0.15346515268823493,0.220088367942834,-0.11729347452941229,0.21958864709018902,-0.11494990912428946
0.41200000000000003,0.1555626773861853,0.21958864709018902,-0.11494990912428946,0.21903242948228854,-0.11871493970907297
0.41400000000000003,0.15752274086273876,0.21903242948228854,-0.11871493970907297,0.21937830304106462,-0.12112631825506993
0.41600000000000004,0.15934027565227604,0.21937830304106462,-0.12112631825506993,0.2188345823668157,-0.11843779810739347
0.418,0.16101037534946624,0.2188345823668157,-0.11843779810739347,0.2186396966073006,-0.11476425842246836
0.42,0.16252830047469394,0.2186396966073006,-0.11476425842246836,0.2179230986470891,-0.11265163009460935
0.422,0.1638894841475566,0.2179230986470891,-0.11265163009460935,0.21820133176575285,-0.11628406843739893
0.424,0.16508953756188557,0.21820133176575285,-0.11628406843739893,0.21799550499245182,-0.11076768082409652
0.426,0.16612425525596994,0.21799550499245182,-0.11076768082409652,0.21784700213584984,-0.1128075504916945
0.428,0.16698962017190197,0.21784700213584984,-0.1128075504916945,0.21750697466985935,-0.11244648892796202
0.43,0.1676818084982018,0.21750697466985935,-0.11244648892796202,0.21730549377423883,-0.1078995142226656
0.432,0.16819719429013175,0.21730549377423883,-0.1078995142226656,0.21712442789736977,-0.10840064018990425
0.434,0.1685323538623636,0.21712442789736977,-0.10840064018990425,0.21669050984866645,-0.10737040307639906
0.436,0.16868406994892574,0.21669050984866645,-0.10737040307639906,0.21670597537751715,-0.10607219122381878
0.438,0.16864933562562612,0.21670597537751715,-0.10607219122381878,0.2161805215879996,-0.10287057896582812
0.44,0.16842535799041744,0.2161805215879996,-0.10287057896582812,0.21641349122529638,-0.10085712009598748
0.442,0.1680095615974518,0.21641349122529638,-0.10085712009598748,0.21621607172675478,-0.10438151107714591
0.444,0.16739959164085633,0.21621607172675478,-0.10438151107714591,0.2155669950155479,-0.09860185159602132
0.446,0.16659331688454473,0.2155669950155479,-0.09860185159602132,0.21576995921809797,-0.09784443130842786
0.448,0.16558883233467936,0.21576995921809797,-0.09784443130842786,0.21532283471242616,-0.09851357214623858
0.45,0.1643844616516869,0.21532283471242616,-0.09851357214623858,0.21551717279847332,-0.09683575782494709
0.452,0.16297875929903805,0.21551717279847332,-0.09683575782494709,0.21504577197413022,-0.09836511961989716
0.454,0.16137051242629666,0.21504577197413022,-0.09836511961989716,0.2147854957901374,-0.09296668050335528
0.456,0.1595587424842579,0.2147854957901374,-0.09296668050335528,0.2146414520424747,-0.09247544299267678
0.458,0.15754270657029606,0.2146414520424747,-0.09247544299267678,0.21471736038079545,-0.0928155030085375
0.46,0.15532189850235872,0.21471736038079545,-0.0928155030085375,0.2141529048073373,-0.09255069847198635
0.462,0.1528960496203529,0.2141529048073373,-0.09255069847198635,0.21408981065338517,-0.08747573735527693
0.464,0.150265129313983,0.21408981065338517,-0.08747573735527693,0.21426627876301693,-0.08837872955635144
0.466,0.14742934527642,0.21426627876301693,-0.08837872955635144,0.21391527377181785,-0.08696600711745274
0.468,0.14438914348348714,0.21391527377181785,-0.08696600711745274,0.21385310400739696,-0.08776141132177454
0.47000000000000003,0.14114520789837365,0.21385310400739696,-0.08776141132177454,0.21328562495026943,-0.08671977192706766
0.47200000000000003,0.13769845990219842,0.21328562495026943,-0.08671977192706766,0.213326620472919,-0.0815672057119281
0.47400000000000003,0.13405005745105986,0.213326620472919,-0.0815672057119281,0.21320956303811917,-0.08857928987067354
0.47600000000000003,0.1302013939605307,0.21320956303811917,-0.08857928987067354,0.21275162874235926,-0.08359043497425833
0.47800000000000004,0.12615409691885884,0.21275162874235926,-0.08359043497425833,0.21226490377227245,-0.08745119070706288
0.48,0.12191002623045791,0.21226490377227245,-0.08745119070706288,0.21238317675718643,-0.08673693991037329
0.482,0.11747127229157586,0.21238317675718643,-0.08673693991037329,0.21226285042179263,-0.09000455579027739
0.484,0.11284015380033993,0.21226285042179263,-0.09000455579027739,0.2122101001504842,-0.09057489569601111
0.486,0.10801921530368408,0.2122101001504842,-0.09057489569601111,0.21229704559742968,-0.08977800828330482
0.488,0.10301122448396163,0.21229704559742968,-0.08977800828330482,0.21204383812334363,-0.09536831573690649
0.49,0.09781916918835436,0.21204383812334363,-0.09536831573690649,0.21197930246596622,-0.09465073053079631
0.492,0.09244625420447798,0.21197930246596622,-0.09465073053079631,0.21188420872995867,-0.09602490859528183
0.494,0.08689589778587876,0.21188420872995867,-0.09602490859528183,0.2110451573909986,-0.09783785053513518
0.496,0.0811717279314075,0.2110451573909986,-0.09783785053513518,0.21090783812757108,-0.10071368044258142
0.498,0.07527757842273154,0.21090783812757108,-0.10071368044258142,0.21096951918180037,-0.10618507786947255
0.5,0.06921748462453499,0.21096951918180037,-0.10618507786947255,0.21067826416405705,-0.10120054029816208
0.502,0.06299567905222078,0.21067826416405705,-0.10120054029816208,0.21020236564085332,-0.10977417178665794
0.504,0.05661658671220282,0.21020236564085332,-0.10977417178665794,0.20979642215521827,-0.11204912818955774
0.506,0.050084820220132914,0.20979642215521827,-0.11204912818955774,0.20968974064964457,-0.11664719388691075
0.508,0.04340517470266843,0.20968974064964457,-0.11664719388691075,0.21024658838027477,-0.11897982055321932
0.51,0.036582622488630784,0.21024658838027477,-0.11897982055321932,0.20977835750675275,-0.12457790202247226
0.512,0.02962230759564924,0.20977835750675275,-0.12457790202247226,0.20937956356220885,-0.13182518638181243
0.514,0.022529540018620967,0.20937956356220885,-0.13182518638181243,0.2089826981301499,-0.13145042906233745
0.516,0.015309789826545878,0.2089826981301499,-0.13145042906233745,0.20858512734103354,-0.1399231861995264
0.518,0.007968681074511944,0.20858512734103354,-0.1399231861995264,0.2087219825297867,-0.14782789796130005
0.52,0.0005119855378299398,0.2087219825297867,-0.14782789796130005,0.20827839858666983,-0.14858354673462737
0.522,-0.007054383724495503,0.20827839858666983,-0.14858354673462737,0.20747280326681242,-0.15643415743122313
0.524,-0.014724378969558333,0.20747280326681242,-0.15643415743122313,0.20741848516675043,-0.16253699508365643
0.526,-0.022491824526028867,0.20741848516675043,-0.16253699508365643,0.20702782477212928,-0.1696148547508781
0.528,-0.03035042369755868,0.20702782477212928,-0.1696148547508781,0.20681642437384554,-0.18061930514439947
0.53,-0.03829376580617516,0.20681642437384554,-0.18061930514439947,0.20634307500749893,-0.18903998794614046
0.532,-0.0463153333675837,0.20634307500749893,-0.18903998794614046,0.20591126399532678,-0.19861313525841356
0.534,-0.05440850939012665,0.20591126399532678,-0.19861313525841356,0.2055895154066931,-0.20658578078624534
0.536,-0.06256658478901561,0.2055895154066931,-0.20658578078624534,0.20521065091384583,-0.21922300367988296
0.538,-0.0707827659073196,0.20521065091384583,-0.21922300367988296,0.204375108104969,-0.22317985165300322
0.54,-0.07905018213506433,0.204375108104969,-0.22317985165300322,0.2039617919807605,-0.23435369200547704
0.542,-0.08736189361769006,0.2039617919807605,-0.23435369200547704,0.20376501171360803,-0.24612047718035515
0.544,-0.0957108990450111,0.20376501171360803,-0.24612047718035515,0.20314392810193752,-0.2584785258364844
0.546,-0.10409014351172509,0.20314392810193752,-0.2584785258364844,0.20251248282865764,-0.27030585589800976
0.548,-0.11249252644043924,0.20251248282865764,-0.27030585589800976,0.20227912117389912,-0.2797878914819273
0.55,-0.12091090955811133,0.20227912117389912,-0.2797878914819273,0.2017036472708993,-0.29319792455946336
0.552,-0.12933812491673521,0.2017036472708993,-0.29319792455946336,0.2008989164539549,-0.3129820695482692
0.554,-0.1377669829490563,0.2008989164539549,-0.3129820695482692,0.20021906948106905,-0.3217345812069556
0.556,-0.1461902805500597,0.20021906948106905,-0.3217345812069556,0.19954247878685472,-0.3375302142066946
0.558,-0.1546008091749412,0.19954247878685472,-0.3375302142066946,0.1993254718586587,-0.3500171353592247
0.56,-0.162991362944258,0.1993254718586587,-0.3500171353592247,0.1978363426564754,-0.3664063956025686
0.562,-0.1713547467469399,0.1978363426564754,-0.3664063956025686,0.19717012992153965,-0.38062359935784257
0.5640000000000001,-0.1796837843318526,0.19717012992153965,-0.38062359935784257,0.19672043570841105,-0.3994760091512635
0.5660000000000001,-0.18797132637861252,0.19672043570841105,-0.3994760091512635,0.1955784775799914,-0.41148062504165933
0.5680000000000001,-0.1962102585383766,0.1955784775799914,-0.41148062504165933,0.19479632067789052,-0.4338510042640532
0.5700000000000001,-0.20439350943536888,0.19479632067789052,-0.4338510042640532,0.1939458774223278,-0.4495213941372214
0.5720000000000001,-0.21251405861994208,0.1939458774223278,-0.4495213941372214,0.19299953697528932,-0.4657362987222748
0.5740000000000001,-0.22056494446404307,0.19299953697528932,-0.4657362987222748,0.19218092989272276,-0.4856442512939389
0.5760000000000001,-0.22853927198999865,0.19218092989272276,-0.4856442512939389,0.19123105955581982,-0.503014581010337
0.578,-0.23643022062363134,0.19123105955581982,-0.503014581010337,0.1899578064880179,-0.5227953525324543
0.58,-0.24423105186279453,0.1899578064880179,-0.5227953525324543,0.18859543774623433,-0.5396061604098746
0.582,-0.2519351168525051,0.18859543774623433,-0.5396061604098746,0.18802806097701957,-0.556898556769407
0.584,-0.2595358638579821,0.18802806097701957,-0.556898556769407,0.1865248542276363,-0.5784425740204481
0.586,-0.2670268456269929,0.1865248542276363,-0.5784425740204481,0.18532198593357174,-0.5985727245084824
0.588,-0.2744017266330483,0.18532198593357174,-0.5985727245084824,0.18393997284277538,-0.6196871564464983
0.59,-0.2816542901911277,0.18393997284277538,-0.6196871564464983,0.18305050832498984,-0.6405804395606611
0.592,-0.28877844543774767,0.18305050832498984,-0.6405804395606611,0.18162789551563516,-0.6587746641643505
0.594,-0.2957682341673635,0.18162789551563516,-0.6587746641643505,0.18020429431723414,-0.6816888398250955
0.596,-0.30261783751724075,0.18020429431723414,-0.6816888398250955,0.17914066298425343,-0.6994483984657964
0.598,-0.3093215824931185,0.17914066298425343,-0.6994483984657964,0.1776292090452427,-0.7222811379353115
0.6,-0.3158739483281654,0.1776292090452427,-0.7222811379353115,0.1758693822781413,-0.7391661680280844
0.602,-0.32226957266792167,0.1758693822781413,-0.7391661680280844,0.174518177318232,-0.7620790225664241
0.604,-0.3285032575741204,0.174518177318232,-0.7620790225664241,0.17264511446372283,-0.7818432421265876
0.606,-0.3345699753404932,0.17264511446372283,-0.7818432421265876,0.17119967305445757,-0.8045931006992655
0.608,-0.3404648741138747,0.17119967305445757,-0.8045931006992655,0.1698712281018827,-0.8301319726362545
0.61,-0.3461832833141517,0.1698712281018827,-0.8301319726362545,0.1679262556382801,-0.8452084015010648
0.612,-0.35172071884682793,0.1679262556382801,-0.8452084015010648,0.1662771285794295,-0.8700536911106805
0.614,-0.3570728881022206,0.1662771285794295,-0.8700536911106805,0.16425579546297514,-0.891496143651036
0.616,-0.36223569473554296,0.16425579546297514,-0.891496143651036,0.1628501548468435,-0.9133295741505523
0.618,-0.36720524322238635,0.1628501548468435,-0.9133295741505523,0.16079191418930444,-0.9367036931768362
0.62,-0.3719778431843688,0.16079191418930444,-0.9367036931768362,0.15900978713287792,-0.9583582970180449
0.622,-0.3765500134799822,0.15900978713287792,-0.9583582970180449,0.1566574050306051,-0.9779866878204793
0.624,-0.38091848605594436,0.1566574050306051,-0.9779866878204793,0.15479166428629323,-0.9967896047062744
0.626,-0.3850802095546323,0.15479166428629323,-0.9967896047062744,0.1524697145248243,-1.0230174174147775
0.628,-0.3890323526734558,0.1524697145248243,-1.0230174174147775,0.15059369010096083,-1.0458143105669713
0.63,-0.3927723072723196,0.15059369010096083,-1.0458143105669713,0.14839473631781122,-1.0658465683826117
0.632,-0.39629769122560443,0.14839473631781122,-1.0658465683826117,0.14646516209164862,-1.0881910963588317
0.634,-0.3996063510153997,0.14646516209164862,-1.0881910963588317,0.14457094798853562,-1.1119136699615877
0.636,-0.4026963640630119,0.14457094798853562,-1.1119136699615877,0.14182342164196549,-1.130175034451667
0.638,-0.4055660407960765,0.14182342164196549,-1.130175034451667,0.13963115727017275,-1.1537847496570544
0.64,-0.40821392644890697,0.13963115727017275,-1.1537847496570544,0.13760253047225596,-1.1770765576634286
0.642,-0.4106388025940175,0.13760253047225596,-1.1770765576634286,0.1350280398246811,-1.195392168396784
0.644,-0.4128396884030694,0.1350280398246811,-1.195392168396784,0.13219181947514919,-1.2199767679084057
0.646,-0.4148158416357993,0.13219181947514919,-1.2199767679084057,0.12983343230384936,-1.239342225577249
0.648,-0.41656675935580323,0.12983343230384936,-1.239342225577249,0.1277783740329683,-1.2613303654129575
0.65,-0.4180921783723612,0.1277783740329683,-1.2613303654129575,0.1251795449271541,-1.2774890628187114
0.652,-0.4193920754078061,0.1251795449271541,-1.2774890628187114,0.12205950717283481,-1.299765453343832
0.654,-0.4204666669902549,0.12205950717283481,-1.299765453343832,0.11962588089537271,-1.320448033436591
0.656,-0.4213164090718343,0.11962588089537271,-1.320448033436591,0.11680218357324786,-1.3397342128387004
0.658,-0.4219419963728516,0.11680218357324786,-1.3397342128387004,0.11391993834361146,-1.3619325676642662
0.66,-0.4223443614526772,0.11391993834361146,-1.3619325676642662,0.11171067356868342,-1.38100880419785
0.662,-0.42252467350841394,0.11171067356868342,-1.38100880419785,0.10840973705807586,-1.4006338458912357
0.664,-0.42248433690275233,0.10840973705807586,-1.4006338458912357,0.105774199407225,-1.4217198566686475
0.666,-0.42222498942271,0.105774199407225,-1.4217198566686475,0.10269509745631039,-1.442196566649205
0.668,-0.42174850027127264,0.10269509745631039,-1.442196566649205,0.09999072340351908,-1.4593364403925921
0.67,-0.4210569677942581,0.09999072340351908,-1.4593364403925921,0.09696616935290452,-1.4739689476627094
0.672,-0.420152716945026,0.09696616935290452,-1.4739689476627094,0.09402930882607963,-1.4956634746687518
0.674,-0.4190382964899656,0.09402930882607963,-1.4956634746687518,0.09110805115109352,-1.5111166511477434
0.676,-0.417716475957984,0.09110805115109352,-1.5111166511477434,0.08770130062526384,-1.53100543815013
0.678,-0.4161902423375157,0.08770130062526384,-1.53100543815013,0.08477950640426066,-1.546091999427798
0.68,-0.4144627965248662,0.08477950640426066,-1.546091999427798,0.08173192679527597,-1.5634862801249612
0.682,-0.41253754952798405,0.08173192679527597,-1.5634862801249612,0.07874728727860751,-1.574814841587606
0.684,-0.41041811843004256,0.07874728727860751,-1.574814841587606,0.07565140448741549,-1.5961162460136458
0.686,-0.4081083221174835,0.07565140448741549,-1.5961162460136458,0.07223878974270462,-1.6149216885853535
0.6880000000000001,-0.40561217677744976,0.07223878974270462,-1.6149216885853535,0.06898226824636736,-1.621861353933428
0.6900000000000001,-0.40293389116979805,0.06898226824636736,-1.621861353933428,0.06568673196446159,-1.6415048113817368
0.6920000000000001,-0.4000778616791413,0.06568673196446159,-1.6415048113817368,0.06214531100296188,-1.6519577707367983
0.6940000000000001,-0.39704866715262593,0.06214531100296188,-1.6519577707367983,0.05932104763734185,-1.6682549312629007
0.6960000000000001,-0.3938510635293917,0.05932104763734185,-1.6682549312629007,0.05583919966278435,-1.6835848680071466
0.6980000000000001,-0.390489978267905,0.05583919966278435,-1.6835848680071466,0.0524293792383564,-1.693935940274746
0.7000000000000001,-0.3869705045775887,0.0524293792383564,-1.693935940274746,0.04889728247739808,-1.7072221383452388
0.7020000000000001,-0.3832978954613933,0.04889728247739808,-1.7072221383452388,0.04540422542893729,-1.720685613075651
0.704,-0.37947755757617796,0.04540422542893729,-1.720685613075651,0.04170273383073509,-1.7291647032393866
0.706,-0.37551504491797105,0.04170273383073509,-1.7291647032393866,0.03854863807669222,-1.739843690985817
0.708,-0.371416052339391,0.03854863807669222,-1.739843690985817,0.03487078048763917,-1.7506795091043796
0.71,-0.3671864089066927,0.03487078048763917,-1.7506795091043796,0.031159347830684976,-1.7628517453774362
0.712,-0.36283207110409277,0.031159347830684976,-1.7628517453774362,0.027454767771553666,-1.7717025856407962
0.714,-0.3583591158932078,0.027454767771553666,-1.7717025856407962,0.024052810189134688,-1.7778871999289318
0.716,-0.3537737336355937,0.024052810189134688,-1.7778871999289318,0.020702270660811352,-1.790665292587609
0.718,-0.3490822208865447,0.020702270660811352,-1.790665292587609,0.016796727297845628,-1.8005766532035332
0.72,-0.34429097306845136,0.016796727297845628,-1.8005766532035332,0.013394277630115284,-1.8040987496553313
0.722,-0.3394064770321563,0.013394277630115284,-1.8040987496553313,0.010050387410726346,-1.8110601414631953
0.724,-0.3344353035148793,0.010050387410726346,-1.8110601414631953,0.006190488017603379,-1.8188336835038177
0.726,-0.3293840995033948,0.006190488017603379,-1.8188336835038177,0.002735452488630874,-1.8233718558473067
0.728,-0.3242595805112607,0.002735452488630874,-1.8233718558473067,-0.0011298044031760619,-1.8326697999970825
0.73,-0.31906852277899406,-0.0011298044031760619,-1.8326697999970825,-0.004645305182081167,-1.8362458739321115
0.732,-0.3138177554061743,-0.004645305182081167,-1.8362458739321115,-0.007802914047678736,-1.84064949192196
0.734,-0.3085141524245406,-0.007802914047678736,-1.84064949192196,-0.011582901599089217,-1.8443207791406033
0.736,-0.3031646248212073,-0.011582901599089217,-1.8443207791406033,-0.01568297023793313,-1.8424183069562017
0.738,-0.2977761125211891,-0.01568297023793313,-1.8424183069562017,-0.019680485102655684,-1.8497454955926342
0.74,-0.2923555763384667,-0.019680485102655684,-1.8497454955926342,-0.023327805485965487,-1.8529695700306754
0.742,-0.286909989904863,-0.023327805485965487,-1.8529695700306754,-0.026970263645205283,-1.851146621343438
0.744,-0.28144633158602794,-0.026970263645205283,-1.851146621343438,-0.030562404520387443,-1.8540760572254018
0.746,-0.2759715763938362,-0.030562404520387443,-1.8540760572254018,-0.034141098149634466,-1.8524396031001147
0.748,-0.27049268790451575,-0.034141098149634466,-1.8524396031001147,-0.03809306759124407,-1.8552169025908154
0.75,-0.2650166101918133,-0.03809306759124407,-1.8552169025908154,-0.041703011126047344,-1.8548100714183835
0.752,-0.25955025978448587,-0.041703011126047344,-1.8548100714183835,-0.0455815482812667,-1.8569942544624274
0.754,-0.25410051765737773,-0.0455815482812667,-1.8569942544624274,-0.04953791327305162,-1.8511413824084124
0.756,-0.24867422126531177,-0.04953791327305162,-1.8511413824084124,-0.052768453428825336,-1.8524793033649753
0.758,-0.2432781566289597,-0.052768453428825336,-1.8524793033649753,-0.05659690629885847,-1.845956649114698
0.76,-0.23791905048181108,-0.05659690629885847,-1.845956649114698,-0.06010592133252172,-1.843046683005985
0.762,-0.23260356248728103,-0.06010592133252172,-1.843046683005985,-0.0638094499988365,-1.8373382763894583
0.764,-0.2273382775349177,-0.0638094499988365,-1.8373382763894583,-0.06751179744198373,-1.8347910411364452
0.766,-0.22212969812458405,-0.06751179744198373,-1.8347910411364452,-0.07128136227850673,-1.832078410890545
0.768,-0.21698423684737728,-0.07128136227850673,-1.832078410890545,-0.07459870295817843,-1.8279116865392069
0.77,-0.21190820897194887,-0.07459870295817843,-1.8279116865392069,-0.07857088235814624,-1.8220082265279527
0.772,-0.2069078251447582,-0.07857088235814624,-1.8220082265279527,-0.08202720212071608,-1.8144884523907228
0.774,-0.20198918421266596,-0.08202720212071608,-1.8144884523907228,-0.08574544920162432,-1.8096983917891243
0.776,-0.19715826617613227,-0.08574544920162432,-1.8096983917891243,-0.08937449023722233,-1.8020441485628393
0.778,-0.19242092528113056,-0.08937449023722233,-1.8020441485628393,-0.09288651622541723,-1.7908304086634181
0.78,-0.18778288325773285,-0.09288651622541723,-1.7908304086634181,-0.09642387514213957,-1.7863147793196208
0.782,-0.18324972271315065,-0.09642387514213957,-1.7863147793196208,-0.09977098331952466,-1.7779053774550195
0.784,-0.178826880686837,-0.09977098331952466,-1.7779053774550195,-0.10339135408666238,-1.770336968220319
0.786,-0.17451964237507298,-0.10339135408666238,-1.770336968220319,-0.10679344157526521,-1.7617470226143734
0.788,-0.1703331350322591,-0.10679344157526521,-1.7617470226143734,-0.1109322084179832,-1.7522142427708929
0.79,-0.166272322055936,-0.1109322084179832,-1.7522142427708929,-0.11400605010532838,-1.7399843472415404
0.792,-0.16234199726234372,-0.11400605010532838,-1.7399843472415404,-0.11769343823701423,-1.7313421995482046
0.794,-0.158546779359107,-0.11769343823701423,-1.7313421995482046,-0.12098151062150887,-1.7185807526026842
0.796,-0.15489110662141498,-0.12098151062150887,-1.7185807526026842,-0.12451518971150981,-1.7120943447967902
0.798,-0.15137923177781815,-0.12451518971150981,-1.7120943447967902,-0.12755995834301748,-1.6983641488502181
0.8,-0.14801521711153381,-0.12755995834301748,-1.6983641488502181,-0.13111429541920827,-1.6880791758179943
0.802,-0.14480292978289758,-0.13111429541920827,-1.6880791758179943,-0.1343439596572215,-1.6692425051171569
0.804,-0.1417460373783449,-0.1343439596572215,-1.6692425051171569,-0.13801185655432396,-1.6613386650370352
0.806,-0.1388480036910482,-0.13801185655432396,-1.6613386650370352,-0.1413013185651282,-1.6520830131669153
0.808,-0.1361120847380631,-0.1413013185651282,-1.6520830131669153,-0.1443124104873241,-1.635569069015093
0.81,-0.1335413250185707,-0.1443124104873241,-1.635569069015093,-0.14777354339680243,-1.6259518772298025
0.812,-0.13113855401752067,-0.14777354339680243,-1.6259518772298025,-0.15083582196890136,-1.6085163142253103
0.8140000000000001,-0.12890638295870033,-0.15083582196890136,-1.6085163142253103,-0.1545124790000294,-1.5955671839584111
0.8160000000000001,-0.12684720181096623,-0.1545124790000294,-1.5955671839584111,-0.15714380137379447,-1.5868797863901978
0.8180000000000001,-0.1249631765510825,-0.15714380137379447,-1.5868797863901978,-0.1601574946155194,-1.5711438523874923
0.8200000000000001,-0.12325624668631632,-0.1601574946155194,-1.5711438523874923,-0.16357563382009505,-1.5529326403910444
0.8220000000000001,-0.12172812303964137,-0.16357563382009505,-1.5529326403910444,-0.1664184467610653,-1.5411887638856
0.8240000000000001,-0.12038028580009569,-0.1664184467610653,-1.5411887638856,-0.1699454482402254,-1.520956250950289
0.8260000000000001,-0.11921398284053938,-0.1699454482402254,-1.520956250950289,-0.17299737715379954,-1.510443455888337
0.8280000000000001,-0.11823022830474345,-0.17299737715379954,-1.510443455888337,-0.17552143731829092,-1.4934220351265133
0.8300000000000001,-0.11742980146543724,-0.17552143731829092,-1.4934220351265133,-0.17889988305695026,-1.4748763698202736
0.8320000000000001,-0.11681324585462541,-0.17889988305695026,-1.4748763698202736,-0.18149848037346478,-1.46662797816127
0.834,-0.11638086866717395,-0.18149848037346478,-1.46662797816127,-0.18438168164040777,-1.4454156550340151
0.836,-0.11613274043834926,-0.18438168164040777,-1.4454156550340151,-0.18730464826816975,-1.4299136637251244
0.838,-0.1160686949956794,-0.18730464826816975,-1.4299136637251244,-0.19003440418984,-1.417077361148109
0.84,-0.11618832968518986,-0.19003440418984,-1.417077361148109,-0.19272840571412964,-1.3979673209448353
0.842,-0.11649100587175135,-0.19272840571412964,-1.3979673209448353,-0.1955091562477781,-1.3834466974735724
0.844,-0.11697584971296035,-0.1955091562477781,-1.3834466974735724,-0.1983378798922894,-1.3694546690659752
0.846,-0.11764175320565848,-0.1983378798922894,-1.3694546690659752,-0.20146640427869492,-1.3534531599415955
0.848,-0.11848737550388372,-0.20146640427869492,-1.3534531599415955,-0.2037497326546081,-1.3320418243435799
0.85,-0.11951114450673214,-0.2037497326546081,-1.3320418243435799,-0.20658457680011588,-1.318470322852572
0.852,-0.12071125871429944,-0.20658457680011588,-1.318470322852572,-0.20889714724585448,-1.3001605319514429
0.854,-0.12208568934956304,-0.20889714724585448,-1.3001605319514429,-0.21165801125670533,-1.2861668087242677
0.856,-0.12363218274375676,-0.21165801125670533,-1.2861668087242677,-0.2137525667005247,-1.2697933238708503
0.858,-0.12534826298248988,-0.2137525667005247,-1.2697933238708503,-0.2165399968599471,-1.25052050798909
0.86,-0.12723123480956122,-0.2165399968599471,-1.25052050798909,-0.21881877813625736,-1.2339083946595208
0.862,-0.1292781867851191,-0.21881877813625736,-1.2339083946595208,-0.22176185266146337,-1.2179850591414547
0.864,-0.13148599469453012,-0.22176185266146337,-1.2179850591414547,-0.22374866386699374,-1.2018969480466384
0.866,-0.13385132520402784,-0.22374866386699374,-1.2018969480466384,-0.2263901786136514,-1.1848985710581736
0.868,-0.13637063975892683,-0.2263901786136514,-1.1848985710581736,-0.22891508438573027,-1.1688103192207255
0.87,-0.139040198719913,-0.22891508438573027,-1.1688103192207255,-0.23052759847226928,-1.1491608614150355
0.872,-0.14185606573264295,-0.23052759847226928,-1.1491608614150355,-0.23328716465355565,-1.1378885433807004
0.874,-0.14481411232561658,-0.23328716465355565,-1.1378885433807004,-0.23510441956283812,-1.118226339093329
0.876,-0.14791002273102727,-0.23510441956283812,-1.118226339093329,-0.23766701533436413,-1.1017218989221886
0.878,-0.1511392989230329,-0.23766701533436413,-1.1017218989221886,-0.2400102475044331,-1.0934991053090215
0.88,-0.1544972658676447,-0.2400102475044331,-1.0934991053090215,-0.24162746143036412,-1.0736810202426805
0.882,-0.1579790769781847,-0.24162746143036412,-1.0736810202426805,-0.24422401167200083,-1.0562006255573475
0.884,-0.161579719770025,-0.24422401167200083,-1.0562006255573475,-0.24577900779566297,-1.042565459099334
0.886,-0.16529402170809737,-0.24577900779566297,-1.042565459099334,-0.2481706792440765,-1.024117709698551
0.888,-0.1691166562404312,-0.2481706792440765,-1.024117709698551,-0.25016497065700555,-1.0091669316102434
0.89,-0.1730421490107733,-0.25016497065700555,-1.0091669316102434,-0.2522071575390132,-0.99489077781728
0.892,-0.17706488424312972,-0.2522071575390132,-0.99489077781728,-0.2544223535245287,-0.9839103638894954
0.894,-0.18117911129087355,-0.2544223535245287,-0.9839103638894954,-0.25600825887521,-0.9654531810339242
0.896,-0.1853789513428764,-0.25600825887521,-0.9654531810339242,-0.2580422188046868,-0.9529786516056549
0.898,-0.18965840427893216,-0.2580422188046868,-0.9529786516056549,-0.25991337011301413,-0.9337082483463407
0.9,-0.19401135566658212,-0.25991337011301413,-0.9337082483463407,-0.26156672552922466,-0.9234776113584088
0.902,-0.1984315838912749,-0.26156672552922466,-0.9234776113584088,-0.26369762567493316,-0.9076860692762367
0.904,-0.20291276741164857,-0.26369762567493316,-0.9076860692762367,-0.26529970201288505,-0.897503903581865
0.906,-0.2074484921315786,-0.26529970201288505,-0.897503903581865,-0.26694872710346873,-0.8821466713163985
0.908,-0.2120322588804926,-0.26694872710346873,-0.8821466713163985,-0.2686558417035501,-0.8686374930389369
0.91,-0.21665749099334058,-0.2686558417035501,-0.8686374930389369,-0.27047862558919594,-0.8463435700889785
0.912,-0.22131754198148434,-0.27047862558919594,-0.8463435700889785,-0.2717505036453685,-0.8370634846417846
0.914,-0.2260057032856675,-0.2717505036453685,-0.8370634846417846,-0.273605093941377,-0.8305979943106041
0.916,-0.2307152121021384,-0.273605093941377,-0.8305979943106041,-0.27543618757633015,-0.8192312674292566
0.918,-0.23543925927290182,-0.27543618757633015,-0.8192312674292566,-0.2769366684288609,-0.8021693864014607
0.92,-0.24017099723101795,-0.2769366684288609,-0.8021693864014607,-0.27830316970576724,-0.7912804957180583
0.922,-0.24490354799178793,-0.27830316970576724,-0.7912804957180583,-0.28040203714017337,-0.7776421336595211
0.924,-0.2496300111806211,-0.28040203714017337,-0.7776421336595211,-0.2816281105607324,-0.766689369895933
0.926,-0.2543434720883374,-0.2816281105607324,-0.766689369895933,-0.28320462389010237,-0.7550080801919953
0.928,-0.25903700974461763,-0.28320462389010237,-0.7550080801919953,-0.28461537343331234,-0.746547901821726
0.93,-0.26370370500030604,-0.28461537343331234,-0.746547901821726,-0.28633045276601915,-0.734467718397283
0.932,-0.2683366486092497,-0.28633045276601915,-0.734467718397283,-0.2877965491933939,-0.7199283654945798
0.934,-0.2729289493003625,-0.2877965491933939,-0.7199283654945798,-0.2892704361792111,-0.711364965915113
0.936,-0.2774737418306149,-0.2892704361792111,-0.711364965915113,-0.290915413656243,-0.700885628856767
0.9380000000000001,-0.28196419500966785,-0.290915413656243,-0.700885628856767,-0.2915790355748039,-0.690794498406792
0.9400000000000001,-0.2863935196869068,-0.2915790355748039,-0.690794498406792,-0.29337755147422856,-0.6806709619925324
0.9420000000000001,-0.2907549766916716,-0.29337755147422856,-0.6806709619925324,-0.2945751889523023,-0.6701977982541797
0.9440000000000001,-0.29504188471753207,-0.2945751889523023,-0.6701977982541797,-0.29626784286426844,-0.6615677212566136
0.9460000000000001,-0.29924762814152595,-0.29626784286426844,-0.6615677212566136,-0.29708186893423977,-0.6524540288178327
0.9480000000000001,-0.3033656647693442,-0.29708186893423977,-0.6524540288178327,-0.2982862367905974,-0.6390193416887614
0.9500000000000001,-0.3073895334975467,-0.2982862367905974,-0.6390193416887614,-0.29970269732022625,-0.6349691413880644
0.9520000000000001,-0.31131286188396873,-0.29970269732022625,-0.6349691413880644,-0.30074331304194657,-0.6209405240591602
0.9540000000000001,-0.31512937361759746,-0.30074331304194657,-0.6209405240591602,-0.3023338177352273,-0.6170839003625892
0.9560000000000001,-0.3188328958793166,-0.3023338177352273,-0.6170839003625892,-0.3036653237141788,-0.6062028196120312
0.9580000000000001,-0.32241736658502035,-0.3036653237141788,-0.6062028196120312,-0.30458443215391606,-0.6007073411225963
0.96,-0.32587684150276697,-0.30458443215391606,-0.6007073411225963,-0.3060385296775293,-0.5946979579878049
0.962,-0.32920550123575293,-0.3060385296775293,-0.5946979579878049,-0.3066007723076197,-0.5800089694812651
0.964,-0.33239765806306837,-0.3066007723076197,-0.5800089694812651,-0.3080753735257448,-0.5717390024523156
0.966,-0.33544776263034404,-0.3080753735257448,-0.5717390024523156,-0.3091128505743548,-0.5678820356407968
0.968,-0.33835041048258274,-0.3091128505743548,-0.5678820356407968,-0.31037395822048613,-0.5574653487623501
0.97,-0.3411003484316335,-0.31037395822048613,-0.5574653487623501,-0.3115161931875772,-0.5545320509169368
0.972,-0.34369248075098235,-0.3115161931875772,-0.5545320509169368,-0.31254646865299396,-0.5438402410775484
0.974,-0.3461218751907029,-0.31254646865299396,-0.5438402410775484,-0.31394918668055943,-0.5347499688795234
0.976,-0.34838376880564126,-0.31394918668055943,-0.5347499688795234,-0.31457352641979275,-0.5301381182756305
0.978,-0.35047357359011355,-0.31457352641979275,-0.5301381182756305,-0.3161504942797259,-0.5235640448694745
0.98,-0.3523868819126119,-0.3161504942797259,-0.5235640448694745,-0.31674493206942106,-0.5179400743675282
0.982,-0.35411947174426117,-0.31674493206942106,-0.5179400743675282,-0.3176368276514516,-0.5089392865077409
0.984,-0.35566731167498744,-0.3176368276514516,-0.5089392865077409,-0.31858810733085463,-0.5004866835658572
0.986,-0.3570265657116146,-0.31858810733085463,-0.5004866835658572,-0.3194785893025935,-0.4953085980548515
0.988,-0.35819359785236027,-0.3194785893025935,-0.4953085980548515,-0.32075507161411076,-0.48776292632047197
0.99,-0.3591649764324405,-0.32075507161411076,-0.48776292632047197,-0.32177144560777404,-0.4800188579875791
0.992,-0.3599374782357818,-0.32177144560777404,-0.4800188579875791,-0.3226971491616638,-0.473916032856277
0.994,-0.360508092368086,-0.3226971491616638,-0.473916032856277,-0.32388650611397635,-0.4697273518318597
0.996,-0.36087402388678,-0.32388650611397635,-0.4697273518318597,-0.3243565014323216,-0.4615489542001556
0.998,-0.36103269718366204,-0.3243565014323216,-0.4615489542001556,-0.3255432336367867,-0.45576739994359877
1.0,-0.36098175911633323,-0.3255432336367867,-0.45576739994359877,-0.32638342680284294,-0.44749200875076073
1.002,-0.3607190818848008,-0.32638342680284294,-0.44749200875076073,-0.3269905050582028,-0.44239245231524515
1.004,-0.36024276564992674,-0.3269905050582028,-0.44239245231524515,-0.32822520733435656,-0.4324832872624279
1.006,-0.35955114089069445,-0.32822520733435656,-0.4324832872624279,-0.32894343339718146,-0.4246045533449764
1.008,-0.35864277049756915,-0.32894343339718146,-0.4246045533449764,-0.32932382809592636,-0.4178908655205629
1.01,-0.3575164515995268,-0.32932382809592636,-0.4178908655205629,-0.3302668888503583,-0.4091842306195068
1.012,-0.3561712171226362,-0.3302668888503583,-0.4091842306195068,-0.3314252002622316,-0.4055039530299967
1.014,-0.3546063370783864,-0.3314252002622316,-0.4055039530299967,-0.33211743557739,-0.39620721643957757
1.016,-0.3528213195802625,-0.33211743557739,-0.39620721643957757,-0.33295129982682165,-0.3888567619228449
1.018,-0.3508159115873881,-0.33295129982682165,-0.3888567619228449,-0.33385899706900984,-0.3812087342252369
1.02,-0.34859009937436036,-0.33385899706900984,-0.3812087342252369,-0.3343107950579943,-0.3754958071749145
1.022,-0.3461441087267293,-0.3343107950579943,-0.3754958071749145,-0.3349565112434855,-0.366183241622465
1.024,-0.34347840486187586,-0.3349565112434855,-0.366183241622465,-0.33613672380190923,-0.3563810918327934
1.026,-0.34059369207537094,-0.33613672380190923,-0.3563810918327934,-0.3368169587662368,-0.35073687685543936
1.028,-0.33749091311320445,-0.3368169587662368,-0.35073687685543936,-0.3375194988455353,-0.34286831390708317
1.03,-0.3341712482705972,-0.3375194988455353,-0.34286831390708317,-0.3381134611795072,-0.33369038319996175
1.032,-0.330636114218413,-0.3381134611795072,-0.33369038319996175,-0.33864504250776967,-0.3214096279468983
1.034,-0.32688716255851413,-0.33864504250776967,-0.3214096279468983,-0.3394665088979604,-0.3171868572152534
1.036,-0.32292627810970376,-0.3394665088979604,-0.3171868572152534,-0.3399152633342364,-0.30191998921979263
1.038,-0.3187555769262141,-0.3399152633342364,-0.30191998921979263,-0.3401667951488599,-0.2986612506737738
1.04,-0.3143774040510118,-0.3401667951488599,-0.2986612506737738,-0.3414580490052881,-0.2840174866648509
1.042,-0.3097943310064828,-0.3414580490052881,-0.2840174866648509,-0.3413452690967524,-0.2721476861400198
1.044,-0.3050091530253815,-0.3413452690967524,-0.2721476861400198,-0.34161587557408785,-0.2621041493896076
1.046,-0.30002488602520805,-0.34161587557408785,-0.2621041493896076,-0.34237156368765964,-0.25550259144517534
1.048,-0.29484476332948373,-0.34237156368765964,-0.25550259144517534,-0.3432260708774542,-0.23891359637908294
1.05,-0.28947223213968865,-0.3432260708774542,-0.23891359637908294,-0.3435571015345368,-0.23039571573342604
1.052,-0.28391094976189923,-0.3435571015345368,-0.23039571573342604,-0.3441483061893724,-0.21761585766244965
1.054,-0.27816477959246066,-0.3441483061893724,-0.21761585766244965,-0.34420164238507905,-0.20560321559296807
1.056,-0.2722377868673005,-0.34420164238507905,-0.20560321559296807,-0.3448956047022545,-0.19550915154206697
1.058,-0.2661342341797517,-0.3448956047022545,-0.19550915154206697,-0.3455306803709783,-0.18161710665387826
1.06,-0.2598585767720432,-0.3455306803709783,-0.18161710665387826,-0.34544786211830847,-0.16798657439012923
1.062,-0.2534154576058496,-0.34544786211830847,-0.16798657439012923,-0.3454101847339517,-0.14999090427690645
1.064,-0.24680970221756743,-0.3454101847339517,-0.14999090427690645,-0.34585422666334803,-0.13775054140830983
1.066,-0.2400463133642215,-0.34585422666334803,-0.13775054140830983,-0.3463809871187802,-0.12072736120694541
1.068,-0.23313046546614646,-0.3463809871187802,-0.12072736120694541,-0.3465228942389276,-0.10592197498748997
1.07,-0.2260674988528315,-0.3465228942389276,-0.10592197498748997,-0.346692387807297,-0.09296729810817934
1.072,-0.21886291381852646,-0.346692387807297,-0.09296729810817934,-0.34666297244971767,-0.07587627305658642
1.074,-0.21152236449444536,-0.34666297244971767,-0.07587627305658642,-0.3469266809814073,-0.059401465522699
1.076,-0.2040516525446025,-0.3469266809814073,-0.059401465522699,-0.34717726965220336,-0.044454926225857165
1.078,-0.1964567206925139,-0.34717726965220336,-0.044454926225857165,-0.34736123410698655,-0.030636647680101086
1.08,-0.18874364608621674,-0.34736123410698655,-0.030636647680101086,-0.3471702448351158,-0.012820551281178729
1.082,-0.18091863350920698,-0.3471702448351158,-0.012820551281178729,-0.34715576411185045,-0.0046496061668493
1.084,-0.17298800844511492,-0.34715576411185045,-0.0046496061668493,-0.3472010526921423,0.011056437920872042
1.086,-0.16495821000406757,-0.3472010526921423,0.011056437920872042,-0.3471698866334205,0.019752518457581553
1.088,-0.15683578371887633,-0.3471698866334205,0.019752518457581553,-0.34691703325164636,0.028697475048750705
1.09,-0.14862737421932504,-0.34691703325164636,0.028697475048750705,-0.34699133928744924,0.04286716956587967
1.092,-0.14033971779296306,-0.34699133928744924,0.04286716956587967,-0.34699486805106616,0.050807512357280926
1.094,-0.1319796348409693,-0.34699486805106616,0.050807512357280926,-0.3465463194755245,0.0601524416605366
1.096,-0.12355402223773529,-0.3465463194755245,0.0601524416605366,-0.3470423268892401,0.06691175722306131
1.098,-0.11506984560296102,-0.3470423268892401,0.06691175722306131,-0.3465570877096664,0.07682192028361266
1.1,-0.10653413149513599,-0.3465570877096664,0.07682192028361266,-0.3461812363846998,0.08855766869620496
1.102,-0.09795395953537142,-0.3461812363846998,0.08855766869620496,-0.34611485511598045,0.09832802782279951
1.104,-0.08933645447064485,-0.34611485511598045,0.09832802782279951,-0.34623727367173956,0.10469649584049046
1.106,-0.08068877818556083,-0.34623727367173956,0.10469649584049046,-0.3458122367795815,0.12048625021337094
1.108,-0.0720181216718211,-0.3458122367795815,0.12048625021337094,-0.3453380342563798,0.1302337205352954
1.11,-0.06333169696462523,-0.3453380342563798,0.1302337205352954,-0.3449887950957341,0.13710617048391094
1.112,-0.054636729055259514,-0.3449887950957341,0.13710617048391094,-0.3448827665325177,0.149990174223347
1.114,-0.045940447789186385,-0.3448827665325177,0.149990174223347,-0.3440806600104517,0.16115983364506561
1.116,-0.037250079758919453,-0.3440806600104517,0.16115983364506561,-0.34388972874488294,0.17680757393659277
1.118,-0.028572840201019332,-0.34388972874488294,0.17680757393659277,-0.3433266328174769,0.18962436863542934
1.12,-0.019915924906512977,-0.3433266328174769,0.18962436863542934,-0.3432654713226053,0.20885681026323386
1.122,-0.011286502154024242,-0.3432654713226053,0.20885681026323386,-0.34340266102419786,0.21535291482159027
1.124,-0.0026917046749039553,-0.34340266102419786,0.21535291482159027,-0.34244475978044014,0.2321808171549309
1.1260000000000001,0.005861378340432315,-0.34244475978044014,0.2321808171549309,-0.34199744500506934,0.24592960414881776
1.1280000000000001,0.014365709185754819,-0.34199744500506934,0.24592960414881776,-0.34147730853750113,0.25953300382075345
1.1300000000000001,0.022814309522739606,-0.34147730853750113,0.25953300382075345,-0.34088903468340953,0.27956776734613686
1.1320000000000001,0.031200268196105815,-0.34088903468340953,0.27956776734613686,-0.34014613016236983,0.2941523835066646
1.1340000000000001,0.039516748971177296,-0.34014613016236983,0.2941523835066646,-0.3394999608876892,0.31308333785681364
1.1360000000000001,0.04775699818499324,-0.3394999608876892,0.31308333785681364,-0.3391698549534961,0.33033315705231114
1.1380000000000001,0.05591435230216782,-0.3391698549534961,0.33033315705231114,-0.3382156364382441,0.3498925950128597
1.1400000000000001,0.06398224536682046,-0.3382156364382441,0.3498925950128597,-0.3376224419436469,0.36757219714979744
1.1420000000000001,0.07195421634202304,-0.3376224419436469,0.36757219714979744,-0.3368630450469952,0.3841527901802537
1.1440000000000001,0.0798239163283179,-0.3368630450469952,0.3841527901802537,-0.335969840683223,0.3995927799111998
1.1460000000000001,0.08758511565303315,-0.335969840683223,0.3995927799111998,-0.33509138691719376,0.4240802380139178
1.1480000000000001,0.09523171082223345,-0.33509138691719376,0.4240802380139178,-0.33438177558435855,0.44466520631999973
1.1500000000000001,0.10275773132733255,-0.33438177558435855,0.44466520631999973,-0.3333261600835017,0.4682587475349224
1.1520000000000001,0.11015734629855002,-0.3333261600835017,0.4682587475349224,-0.3323312896435922,0.4888546116455577
1.154,0.11742487099755876,-0.3323312896435922,0.4888546116455577,-0.3315576341996156,0.5064549423077237
1.156,0.12455477314188729,-0.3315576341996156,0.5064549423077237,-0.33005110794273546,0.5294030715671144
1.158,0.1315416790537864,-0.33005110794273546,0.5294030715671144,-0.32944402867770867,0.5512316007169753
1.16,0.13838037962652447,-0.32944402867770867,0.5512316007169753,-0.3281493433279921,0.5676502317611907
1.162,0.1450658361012504,-0.3281493433279921,0.5676502317611907,-0.32685189814199783,0.5961775360366942
1.164,0.15159318564778557,-0.32685189814199783,0.5961775360366942,-0.32588848925892283,0.6148193929582203
1.166,0.15795774674295046,-0.32588848925892283,0.6148193929582203,-0.3241206169484786,0.6345346180402246
1.168,0.16415502434024262,-0.3241206169484786,0.6345346180402246,-0.3227372558885472,0.6645083309681634
1.17,0.17018071482493236,-0.3227372558885472,0.6645083309681634,-0.3216189706674141,0.6829442856533046
1.172,0.17603071074889887,-0.3216189706674141,0.6829442856533046,-0.3203393671598181,0.7076973559159445
1.174,0.18170110533975972,-0.3203393671598181,0.7076973559159445,-0.31864477706003413,0.7336061833146024
1.176,0.18718819677913298,-0.31864477706003413,0.7336061833146024,-0.31734709653482296,0.7544891989111797
1.178,0.19248849224511622,-0.31734709653482296,0.7544891989111797,-0.3157251652718033,0.7747141146717126
1.18,0.19759871171434645,-0.3157251652718033,0.7747141146717126,-0.3145832081483086,0.8013449456573946
1.182,0.20251579151928883,-0.3145832081483086,0.8013449456573946,-0.3123313533565901,0.8278352726242553
1.184,0.2072368876566656,-0.3123313533565901,0.8278352726242553,-0.3112083296757303,0.8457056988722514
1.186,0.21175937884324347,-0.3112083296757303,0.8457056988722514,-0.30906733955512483,0.8707664625851909
1.188,0.2160808693154718,-0.30906733955512483,0.8707664625851909,-0.30724814356668273,0.8926410283352734
1.19,0.22019919136977034,-0.30724814356668273,0.8926410283352734,-0.3049943645017316,0.9188489474994334
1.192,0.2241124076405566,-0.3049943645017316,0.9188489474994334,-0.3038033795663617,0.9422045620292345
1.194,0.22781881311340882,-0.3038033795663617,0.9422045620292345,-0.3016996733868471,0.9631888969464459
1.196,0.23131693687106436,-0.3016996733868471,0.9631888969464459,-0.29959773223143044,0.9859259871781336
1.198,0.23460554357025867,-0.29959773223143044,0.9859259871781336,-0.29741871498418904,1.010010608089178
1.2,0.2376836346477229,-0.29741871498418904,1.010010608089178,-0.2955765739427323,1.0299079499232764
1.202,0.24055044925397032,-0.2955765739427323,1.0299079499232764,-0.2933033015795838,1.05657348504693
1.204,0.243205464913808,-0.2933033015795838,1.05657348504693,-0.29096330617504823,1.081895895470896
1.206,0.2456483979128372,-0.29096330617504823,1.081895895470896,-0.28901005680138975,1.1047367701028323
1.208,0.24787920340950859,-0.28901005680138975,1.1047367701028323,-0.28678008644411657,1.1249926137447552
1.21,0.24989807527262275,-0.28678008644411657,1.1249926137447552,-0.2842861627025106,1.1478183358995095
1.212,0.2517054456444782,-0.2842861627025106,1.1478183358995095,-0.2820544208577589,1.1722942783231822
1.214,0.2533019842301889,-0.2820544208577589,1.1722942783231822,-0.27981437890533234,1.1930205314010625
1.216,0.2546885973140001,-0.27981437890533234,1.1930205314010625,-0.27733244343387675,1.212119176325051
1.218,0.25586642650375857,-0.27733244343387675,1.212119176325051,-0.27467475864978275,1.2380000950029892
1.22,0.2568368472049942,-0.27467475864978275,1.2380000950029892,-0.27229321264267226,1.2593693482928545
1.222,0.2576014668263854,-0.27229321264267226,1.2593693482928545,-0.2694477855544211,1.2825377571570162
1.224,0.2581621227186955,-0.2694477855544211,1.2825377571570162,-0.26715032169386865,1.301927151936945
1.226,0.2585208798495603,-0.26715032169386865,1.301927151936945,-0.2644429699507067,1.3242272027823916
1.228,0.2586800282168281,-0.2644429699507067,1.3242272027823916,-0.2618946295202462,1.3442523381987546
1.23,0.2586420800034427,-0.2618946295202462,1.3442523381987546,-0.2591968080188714,1.3667046724507936
1.232,0.25840976647715597,-0.2591968080188714,1.3667046724507936,-0.25658629871865196,1.3849800136138128
1.234,0.2579860346386641,-0.25658629871865196,1.3849800136138128,-0.2536739056254726,1.4060364171760136
1.236,0.2573740436220333,-0.2536739056254726,1.4060364171760136,-0.25073677707569525,1.4203741741593559
1.238,0.2565771608515779,-0.25073677707569525,1.4203741741593559,-0.2475156497122968,1.443078507351195
1.24,0.2555989579596335,-0.2475156497122968,1.443078507351195,-0.24482268355716455,1.4644466220340164
1.242,0.2544432064699322,-0.24482268355716455,1.4644466220340164,-0.24184116657089944,1.4834887962479182
1.244,0.2531138732515753,-0.24184116657089944,1.4834887962479182,-0.23892257405278963,1.4996133230069861
1.246,0.25161511574884043,-0.23892257405278963,1.4996133230069861,-0.2360257229013967,1.5176414984553948
1.248,0.24995127699234007,-0.2360257229013967,1.5176414984553948,-0.23274208061442564,1.536189350894103
1.25,0.24812688039728414,-0.23274208061442564,1.536189350894103,-0.22914157260278056,1.5534102288870204
1.252,0.2461466243548484,-0.22914157260278056,1.5534102288870204,-0.22647048463402436,1.5696866638355171
1.254,0.24401537662289843,-0.22647048463402436,1.5696866638355171,-0.22321204606985054,1.5897379024697644
1.256,0.24173816852252922,-0.22321204606985054,1.5897379024697644,-0.22051994967457023,1.6035773098797423
1.258,0.2393201889471282,-0.22051994967457023,1.6035773098797423,-0.21692724683851947,1.6204631067368085
1.26,0.23676677819086583,-0.21692724683851947,1.6204631067368085,-0.21343614364675614,1.6346928006493384
1.262,0.23408342160373177,-0.21343614364675614,1.6346928006493384,-0.21040944504919332,1.648830341002349
1.264,0.2312757430804459,-0.21040944504919332,1.648830341002349,-0.20699896307377122,1.6645335205994884
1.266,0.22834949839073831,-0.20699896307377122,1.6645335205994884,-0.20383985317246586,1.679514403638541
1.268,0.22531056835870558,-0.20383985317246586,1.679514403638541,-0.20021434579249092,1.6945868226573895
1.27,0.22216495189910415,-0.20021434579249092,1.6945868226573895,-0.19694552710669758,1.7042117460063526
1.272,0.2189187589186029,-0.19694552710669758,1.7042117460063526,-0.19371975410966927,1.717226475584283
1.274,0.2155782030902006,-0.19371975410966927,1.717226475584283,-0.1902592500091472,1.7311355238228419
1.276,0.21214959450911833,-0.1902592500091472,1.7311355238228419,-0.18677835928414152,1.7417833348260336
1.278,0.20863933223865264,-0.18677835928414152,1.7417833348260336,-0.18305764065067848,1.753852258523889
1.28,0.20505389675457747,-0.18305764065067848,1.753852258523889,-0.179524937380712,1.765321512778134
1.282,0.20139984229680194,-0.179524937380712,1.765321512778134,-0.1758338788956772,1.776581251646143
1.284,0.19768378913711454,-0.1758338788956772,1.776581251646143,-0.1721102520789356,1.7861598679992965
1.286,0.19391241577191462,-0.1721102520789356,1.7861598679992965,-0.1689465091942242,1.7967395821960148
1.288,0.19009245104894476,-0.1689465091942242,1.7967395821960148,-0.1647880242405822,1.8037205035181816
1.29,0.18623066623709555,-0.1647880242405822,1.8037205035181816,-0.16173149050158556,1.810256656935044
1.292,0.18233386704842086,-0.16173149050158556,1.810256656935044,-0.15836653627439182,1.8191540841500766
1.294,0.1784088856215731,-0.15836653627439182,1.8191540841500766,-0.1541612060062695,1.8278584065187686
1.296,0.17446257247588498,-0.1541612060062695,1.8278584065187686,-0.1506270344815741,1.837421942097894
1.298,0.17050178844539093,-0.1506270344815741,1.837421942097894,-0.14665880544865317,1.8426913635086086
1.3,0.16653339660206803,-0.14665880544865317,1.8426913635086086,-0.14338431164606932,1.8488478980244387
1.302,0.1625642541776222,-0.14338431164606932,1.8488478980244387,-0.1395625550700277,1.8552811245849559
1.304,0.15860120449312834,-0.1395625550700277,1.8552811245849559,-0.1358217052956869,1.8602422696895888
1.306,0.1546510689058167,-0.1358217052956869,1.8602422696895888,-0.1319814096367392,1.8629665709518004
1.308,0.15072063878231068,-0.1319814096367392,1.8629665709518004,-0.1286112945575255,1.8687100656781632
1.31,0.14681666750754507,-0.1286112945575255,1.8687100656781632,-0.12446362759815073,1.8715375542018884
1.312,0.14294586253859587,-0.12446362759815073,1.8715375542018884,-0.12088019374798419,1.8765198637182565
1.314,0.13911487751257212,-0.12088019374798419,1.8765198637182565,-0.11702806884829413,1.8775726385223845
1.316,0.13533030441766553,-0.11702806884829413,1.8775726385223845,-0.11335001478352952,1.8833793772030685
1.318,0.13159866583639263,-0.11335001478352952,1.8833793772030685,-0.11005227714449342,1.8847238342537822
1.32,0.12792640726995863,-0.11005227714449342,1.8847238342537822,-0.1055754111598098,1.883254365550528
1.322,0.12431988955260227,-0.1055754111598098,1.883254365550528,-0.10202513568570093,1.886453718126035
1.324,0.12078538136466212,-0.10202513568570093,1.886453718126035,-0.0984297140247895,1.8851587635615163
1.326,0.11732905185298817,-0.0984297140247895,1.8851587635615163,-0.09475968962315033,1.8832917649247587
1.328,0.11395696336722247,-0.09475968962315033,1.8832917649247587,-0.09069391193344017,1.8863474128179527
1.33,0.11067506432030168,-0.09069391193344017,1.8863474128179527,-0.08697110864961283,1.8805290393371161
1.332,0.10748918218143054,-0.08697110864961283,1.8805290393371161,-0.08305091678734285,1.882146476739298
1.334,0.10440501660959557,-0.08305091678734285,1.882146476739298,-0.0792350836607734,1.8818661657731937
1.336,0.10142813273553082,-0.0792350836607734,1.8818661657731937,-0.07549508624235395,1.8832587701329842
1.338,0.09856395459989523,-0.07549508624235395,1.8832587701329842,-0.0717056882597703,1.8799029026400782
1.34,0.09581775875520808,-0.0717056882597703,1.8799029026400782,-0.06841610850042662,1.875780126031232
1.342,0.09319466803893589,-0.06841610850042662,1.875780126031232,-0.06414574642041337,1.872857135804444
1.344,0.09069964552490242,-0.06414574642041337,1.872857135804444,-0.060557666029742566,1.8697147105434258
1.346,0.08833748865999219,-0.060557666029742566,1.8697147105434258,-0.05694522513991062,1.8640101931289261
1.348,0.08611282359291994,-0.05694522513991062,1.8640101931289261,-0.05317913954113378,1.8631054864101757
1.35,0.08403009970159234,-0.05317913954113378,1.8631054864101757,-0.04974965073559819,1.8577216715244604
1.352,0.08209358432538236,-0.04974965073559819,1.8577216715244604,-0.04565146504305785,1.8530793033627244
1.354,0.0803073577083887,-0.04565146504305785,1.8530793033627244,-0.04202229273869164,1.8474839066667448
1.356,0.07867530815950738,-0.04202229273869164,1.8474839066667448,-0.038494386633306586,1.838875612687073
1.358,0.07720112743490723,-0.038494386633306586,1.838875612687073,-0.03513030202263057,1.8380484943524336
1.36,0.07588830634822413,-0.03513030202263057,1.8380484943524336,-0.03124339799685367,1.8317255212083676
1.362,0.07474013061354837,-0.03124339799685367,1.8317255212083676,-0.02734634882787859,1.8219870397802609
1.364,0.07375967692599425,-0.02734634882787859,1.8219870397802609,-0.023682350234808,1.8157253406700886
1.366,0.07294980928437447,-0.023682350234808,1.8157253406700886,-0.020394254282488974,1.8091399709861942
1.368,0.07231317556022829,-0.020394254282488974,1.8091399709861942,-0.016458666920440002,1.8032414549936335
1.37,0.07185220431715453,-0.016458666920440002,1.8032414549936335,-0.013134686036320531,1.797096686051906
1.372,0.07156910188412963,-0.013134686036320531,1.797096686051906,-0.009492464219225375,1.7845771274901245
1.374,0.07146584968618339,-0.009492464219225375,1.7845771274901245,-0.005456352789942562,1.7804294498151816
1.3760000000000001,0.07154420183551721,-0.005456352789942562,1.7804294498151816,-0.0024547479720890162,1.7697719445331273
1.3780000000000001,0.07180568298584947,-0.0024547479720890162,1.7697719445331273,0.001024728089119336,1.766207189864423
1.3800000000000001,0.07225158645246371,0.001024728089119336,1.766207189864423,0.004608034661599102,1.7578315902044281
1.3820000000000001,0.0728829726001369,0.004608034661599102,1.7578315902044281,0.008404009373749412,1.7484310212518595
1.3840000000000001,0.07370066750081147,0.008404009373749412,1.7484310212518595,0.011569674014305063,1.7405886929516796
1.3860000000000001,0.07470526186256413,0.011569674014305063,1.7405886929516796,0.015092564521041452,1.73036673026747
1.3880000000000001,0.07589711023111712,0.015092564521041452,1.73036673026747,0.018751838655110063,1.717911011384582
1.3900000000000001,0.0772763304648168,0.018751838655110063,1.717911011384582,0.02185184490936179,1.7142063704532253
1.3920000000000001,0.0788428034836953,0.02185184490936179,1.7142063704532253,0.025258251299185255,1.7022324272631615
1.3940000000000001,0.08059617329291108,0.025258251299185255,1.7022324272631615,0.029071915092717726,1.6950112464654497
1.3960000000000001,0.08253584728055288,0.029071915092717726,1.6950112464654497,0.0323549456422623,1.683954966002387
1.3980000000000001,0.08466099678946876,0.0323549456422623,1.683954966002387,0.0353248745010534,1.6731965778135538
1.4000000000000001,0.08697055796247571,0.0353248745010534,1.6731965778135538,0.03906985178077962,1.6668152830768856
1.4020000000000001,0.08946323285998092,0.03906985178077962,1.6668152830768856,0.0422878443328004,1.6533460705783771
1.4040000000000001,0.09213749084873851,0.0422878443328004,1.6533460705783771,0.045136141558779555,1.6485540391986027
1.4060000000000001,0.09499157026015209,0.045136141558779555,1.6485540391986027,0.048846756042023855,1.637254726913579
1.408,0.09802348031621938,0.048846756042023855,1.637254726913579,0.05230288801402411,1.6255482009227797
1.41,0.10123100332091464,0.05230288801402411,1.6255482009227797,0.055493223294263726,1.6166381523946363
1.412,0.10461169711448798,0.055493223294263726,1.6166381523946363,0.058526253005924185,1.6062727788324962
1.414,0.10816289778786897,0.058526253005924185,1.6062727788324962,0.061270476052924086,1.5950942648061688
1.416,0.11188172265405771,0.061270476052924086,1.5950942648061688,0.06465291232371682,1.5881646464864674
1.418,0.11576507347308479,0.06465291232371682,1.5881646464864674,0.06814211985217869,1.5766012625299317
1.42,0.11980963992684324,0.06814211985217869,1.5766012625299317,0.07110647835890815,1.5681054302357418
1.422,0.1240119033397927,0.07110647835890815,1.5681054302357418,0.07407932919913157,1.5624771261035997
1.424,0.12836814064126267,0.07407932919913157,1.5624771261035997,0.07761561240318517,1.5495192407698521
1.426,0.132874428564804,0.07761561240318517,1.5495192407698521,0.08064997821361641,1.5420826766592879
1.428,0.13752664807975368,0.08064997821361641,1.5420826766592879,0.08375281216122349,1.5324371634366953
1.43,0.14232048904992745,0.08375281216122349,1.5324371634366953,0.08661972658480857,1.525854894253584
1.432,0.1472514551140771,0.08661972658480857,1.525854894253584,0.08971336457632244,1.5112906524241716
1.434,0.1523148687825025,0.08971336457632244,1.5112906524241716,0.09248509657186002,1.503795542012181
1.436,0.15750587674396335,0.09248509657186002,1.503795542012181,0.09549579894935907,1.500059423133283
1.438,0.162819455376777,0.09549579894935907,1.500059423133283,0.09863074891313432,1.4860244358194887
1.44,0.1682504164577779,0.09863074891313432,1.4860244358194887,0.1015044719196042,1.4792546087119165
1.442,0.1737934130625606,0.1015044719196042,1.4792546087119165,0.10449463172733017,1.471223575434055
1.444,0.17944294565022606,0.10449463172733017,1.471223575434055,0.10774669780449106,1.464694781196842
1.446,0.18519336832563688,0.10774669780449106,1.464694781196842,0.1104427236178699,1.4542633776231753
1.448,0.19103889527196605,0.1104427236178699,1.4542633776231753,0.1135866511749337,1.447663927838822
1.45,0.1969736073461551,0.1135866511749337,1.447663927838822,0.11616686828679833,1.4342180887428002
1.452,0.20299145882968253,0.11616686828679833,1.4342180887428002,0.11875448780999755,1.4300256939727123
1.454,0.20908628432688026,0.11875448780999755,1.4300256939727123,0.12178845881104543,1.425503485915904
1.456,0.21525180580286962,0.12178845881104543,1.425503485915904,0.12484014401743136,1.4138709940133833
1.458,0.22148163975300555,0.12484014401743136,1.4138709940133833,0.12762675840541457,1.4128390310574646
1.46,0.22776930449559718,0.12762675840541457,1.4128390310574646,0.13014052314167218,1.4049097710437664
1.462,0.23410822757950156,0.13014052314167218,1.4049097710437664,0.13302477692527753,1.3978510271332107
1.464,0.24049175329807235,0.13302477692527753,1.3978510271332107,0.13586045568942787,1.3857092523817909
1.466,0.24691315030082506,0.13586045568942787,1.3857092523817909,0.13879127653115295,1.3797193232264215
1.468,0.253365619294046,0.13879127653115295,1.3797193232264215,0.1410883422453749,1.3723243809968722
1.47,0.25984230082150234,0.1410883422453749,1.3723243809968722,0.1438721535616306,1.3715230236558846
1.472,0.266336283116286,0.1438721535616306,1.3715230236558846,0.14672024375530554,1.3668321785117774
1.474,0.2728406100147621,0.14672024375530554,1.3668321785117774,0.14952934957751862,1.3608290112387624
1.476,0.27934828892352237,0.14952934957751862,1.3608290112387624,0.15239719317405992,1.3542708157787453
1.478,0.28585229883015983,0.15239719317405992,1.3542708157787453,0.15539508977530597,1.349083589883556
1.48,0.2923455983486668,0.15539508977530597,1.349083589883556,0.15733366853130115,1.3405421364143602
1.482,0.29882113379018027,0.15733366853130115,1.3405421364143602,0.16011537652060046,1.340512219045026
1.484,0.30527184724979606,0.16011537652060046,1.340512219045026,0.16294267849672378,1.3324856632431898
1.486,0.3116906847001494,0.16294267849672378,1.3324856632431898,0.16578927618641712,1.3316824250936294
1.488,0.3180706040824345,0.16578927618641712,1.3316824250936294,0.16822135962560641,1.3229245671022152
1.49,0.32440458338556954,0.16822135962560641,1.3229245671022152,0.17105727127761175,1.3261849127580452
1.492,0.33068562870419344,0.17105727127761175,1.3261849127580452,0.17345425432306677,1.3177544622060111
1.494,0.3369067822662284,0.17345425432306677,1.3177544622060111,0.17629551849037037,1.314875638530431
1.496,0.34306113042077463,0.17629551849037037,1.314875638530431,0.17887517271269535,1.3119172430340347
1.498,0.3491418115771299,0.17887517271269535,1.3119172430340347,0.181482413633526,1.306978034971903
1.5,0.3551420240858145,0.181482413633526,1.306978034971903,0.18421633308111784,1.3021674592107333
1.502,0.36105503405251305,0.18421633308111784,1.3021674592107333,0.18679849384350225,1.3003430032117005
1.504,0.36687418307595787,0.18679849384350225,1.3003430032117005,0.1894191132736774,1.3031654994666835
1.506,0.372592895900834,0.1894191132736774,1.3031654994666835,0.19178667185128798,1.2934528803427077
1.508,0.3782046879769018,0.19178667185128798,1.2934528803427077,0.19467207214599175,1.293551762676035
1.51,0.38370317291564454,0.19467207214599175,1.293551762676035,0.19709834641012183,1.2904796306374884
1.512,0.3890820698358426,0.19709834641012183,1.2904796306374884,0.19942905782799714,1.2888318497086486
1.514,0.3943352105896369,0.19942905782799714,1.2888318497086486,0.20205145249931644,1.286773055183424
1.516,0.3994565468607504,0.20205145249931644,1.286773055183424,0.20444492474183415,1.2855193604928357
1.518,0.4044401571267018,0.20444492474183415,1.2855193604928357,0.20730967268888315,1.2845152891087406
1.52,0.4092802534770036,0.20730967268888315,1.2845152891087406,0.20978687804311827,1.2828701478944666
1.522,0.413971188279483,0.20978687804311827,1.2828701478944666,0.21253618240775748,1.2847259577275518
1.524,0.4185074606870659,0.21253618240775748,1.2847259577275518,0.21499272017730592,1.2811281109085606
1.526,0.42288372297752275,0.21499272017730592,1.2811281109085606,0.2177684052481967,1.2762453005329053
1.528,0.4270947867188829,0.2177684052481967,1.2762453005329053,0.22012200326153733,1.2776448994214482
1.53,0.43113562875342254,0.22012200326153733,1.2776448994214482,0.22282757942247286,1.2722563378935072
1.532,0.4350013969933292,0.22282757942247286,1.2722563378935072,0.2252899708185241,1.2733253886899603
1.534,0.43868741602138017,0.2252899708185241,1.2733253886899603,0.2278063409277984,1.2753855740246285
1.536,0.4421891924901788,0.2278063409277984,1.2753855740246285,0.23023192060779407,1.2709676870036513
1.538,0.44550242031373505,0.23023192060779407,1.2709676870036513,0.23285752973556467,1.271162483956472
1.54,0.4486229856454178,0.23285752973556467,1.271162483956472,0.23518256036809979,1.2693398958862336
1.542,0.4515469716365367,0.23518256036809979,1.2693398958862336,0.23817259578884026,1.2698635458499898
1.544,0.45427066297008567,0.23817259578884026,1.2698635458499898,0.24041705395435214,1.2700572191801718
1.546,0.45679055016441966,0.24041705395435214,1.2700572191801718,0.24299011487206826,1.2679418979116956
1.548,0.45910333364190964,0.24299011487206826,1.2679418979116956,0.2458695812102441,1.268919012805252
1.55,0.46120592755789613,0.2458695812102441,1.268919012805252,0.24851023655035417,1.2682803391496857
1.552,0.4630954633855221,0.24851023655035417,1.2682803391496857,0.2508166808322701,1.2674528292265281
1.554,0.4647692932523255,0.2508166808322701,1.2674528292265281,0.2529895735714357,1.2655477286517438
1.556,0.4662249930247409,0.2529895735714357,1.2655477286517438,0.2552738791385385,1.2649923006550818
1.558,0.46746036513696027,0.2552738791385385,1.2649923006550818,0.25789150569714747,1.2605504605137519
1.56,0.46847344116089507,0.25789150569714747,1.2605504605137519,0.2609281557735306,1.2617330680095098
1.562,0.46926248411427346,0.2609281557735306,1.2617330680095098,0.26305198981129063,1.2594128528839625
1.564,0.4698259905042185,0.26305198981129063,1.2594128528839625,0.2659408510572518,1.260353874900734
1.566,0.4701626921039461,0.2659408510572518,1.260353874900734,0.26820269230523236,1.2574429233604751
1.568,0.47027155746053806,0.26820269230523236,1.2574429233604751,0.27074672679929684,1.256641095094237
1.57,0.4701517931320488,0.27074672679929684,1.256641095094237,0.27344776141509153,1.2505062306916113
1.572,0.46980284465251876,0.27344776141509153,1.2505062306916113,0.2755927292393218,1.254753654769983
1.574,0.4692243972237793,0.2755927292393218,1.254753654769983,0.2783787495002752,1.2492841259653875
1.576,0.4684163761332488,0.2783787495002752,1.2492841259653875,0.2810327773497309,1.25056414731264
1.578,0.46737894689723447,0.2810327773497309,1.25056414731264,0.28302912432055716,1.2433730360544315
1.58,0.4661125151295713,0.28302912432055716,1.2433730360544315,0.2854739445736421,1.247415383539016
1.582,0.46461772613574326,0.2854739445736421,1.247415383539016,0.2881669590123999,1.2405543962522638
1.584,0.46289546423295136,0.2881669590123999,1.2405543962522638,0.29044598826356416,1.237413552621127
1.586,0.46094685179690414,0.29044598826356416,1.237413552621127,0.29324003815700905,1.2342164479610958
1.588,0.45877324803642416,0.29324003815700905,1.2342164479610958,0.2953695859763536,1.231563349826396
1.59,0.4563762474972757,0.2953695859763536,1.231563349826396,0.2980134137665409,1.2293735349896
1.592,0.45375767829693114,0.2980134137665409,1.2293735349896,0.3000523137997512,1.2231707993863328
1.594,0.45091960009229937,0.3000523137997512,1.2231707993863328,0.3027792249874918,1.2202066409977672
1.596,0.447864301782755,0.3027792249874918,1.2202066409977672,0.3055087282424875,1.2160557101020275
1.598,0.44459429895110375,0.3055087282424875,1.2160557101020275,0.30823120954707445,1.2101626966913648
1.6,0.4411123310454217,0.30823120954707445,1.2101626966913648,0.31042484923635916,1.2055116244427486
1.602,0.4374213583050124,0.31042484923635916,1.2055116244427486,0.3126953086237784,1.2014329892968731
1.604,0.433524558434007,0.3126953086237784,1.2014329892968731,0.3146538895045617,1.1961053179536283
1.606,0.4294253230264358,0.3146538895045617,1.1961053179536283,0.31718914969119294,1.188807484293522
1.608,0.42512725374687826,0.31718914969119294,1.188807484293522,0.3195223678803143,1.1833641558482362
1.61,0.42063415827107725,0.3195223678803143,1.1833641558482362,0.32199891225244404,1.1765869571323604
1.612,0.4159500459911912,0.32199891225244404,1.1765869571323604,0.32431395843442967,1.1683251750077734
1.614,0.4110791234906135,0.32431395843442967,1.1683251750077734,0.32666618699309935,1.161990703501987
1.616,0.4060257897935655,0.32666618699309935,1.161990703501987,0.3289271656167217,1.1538759767955764
1.618,0.4007946313949245,0.3289271656167217,1.1538759767955764,0.33149774489258477,1.1482839323158582
1.62,0.39539041707599404,0.33149774489258477,1.1482839323158582,0.33359331626859356,1.1392888006262503
1.622,0.3898180925121881,0.33359331626859356,1.1392888006262503,0.33607785129471573,1.1308225073623746
1.624,0.38408277467881546,0.33607785129471573,1.1308225073623746,0.33806563752374924,1.1195635230148329
1.6260000000000001,0.37818974606140693,0.33806563752374924,1.1195635230148329,0.3404957243099116,1.1131167636628283
1.6280000000000001,0.37214444867723806,0.3404957243099116,1.1131167636628283,0.3427929477717986,1.10308282428979
1.6300000000000001,0.3659524779149154,0.3427929477717986,1.10308282428979,0.34459219358081383,1.0934172698865448
1.6320000000000001,0.3596195761991233,0.34459219358081383,1.0934172698865448,0.34694786736173955,1.0795038027288064
1.6340000000000001,0.35315162648779685,0.34694786736173955,1.0795038027288064,0.3493616278540444,1.0705859838570617
1.6360000000000001,0.3465546456092171,0.3493616278540444,1.0705859838570617,0.3514055509703993,1.059457558223345
1.6380000000000001,0.3398347774466774,0.3514055509703993,1.059457558223345,0.3534743721400268,1.046087803022177
1.6400000000000001,0.33299828597855613,0.3534743721400268,1.046087803022177,0.3555613542719362,1.0344096412795356
1.6420000000000001,0.32605154818181187,0.3555613542719362,1.0344096412795356,0.357192073527726,1.025299328745537
1.6440000000000001,0.3190010468070426,0.357192073527726,1.025299328745537,0.3594420303476386,1.0087981745181085
1.6460000000000001,0.31185336303343214,0.3594420303476386,1.0087981745181085,0.36163025833755164,0.992915712250711
1.6480000000000001,0.3046151690120231,0.36163025833755164,0.992915712250711,0.363428545031943,0.9855648110611633
1.6500000000000001,0.2972932203058844,0.363428545031943,0.9855648110611633,0.36570571132994617,0.9683125489556063
1.6520000000000001,0.2898943482358815,0.36570571132994617,0.9683125489556063,0.36722741308887763,0.953842745928685
1.6540000000000001,0.28242545214083187,0.36722741308887763,0.953842745928685,0.36874982618625707,0.9383615198147003
1.6560000000000001,0.27489349156096143,0.36874982618625707,0.9383615198147003,0.3710340865617425,0.9241965957748859
1.6580000000000001,0.26730547835364077,0.3710340865617425,0.9241965957748859,0.37308957277134075,0.9085138451487254
1.6600000000000001,0.25966846875046656,0.37308957277134075,0.9085138451487254,0.37465929258721625,0.891302148002316
1.6620000000000001,0.25198955536482964,0.37465929258721625,0.891302148002316,0.376028467190944,0.875113315629504
1.6640000000000001,0.24427585915914488,0.376028467190944,0.875113315629504,0.3779492211908227,0.8546876561460718
1.666,0.23653452138099854,0.3779492211908227,0.8546876561460718,0.3793862633908688,0.8406970499318547
1.668,0.22877269547746018,0.3793862633908688,0.8406970499318547,0.38153717600324594,0.8201501288717292
1.67,0.22099753899688557,0.38153717600324594,0.8201501288717292,0.38301921759030966,0.8023319593863443
1.672,0.21321620548749676,0.38301921759030966,0.8023319593863443,0.3845622155280109,0.7817643923124445
1.674,0.2054358364020625,0.3845622155280109,0.7817643923124445,0.3856992876373237,0.7666072554176959
1.676,0.19766355301799235,0.3856992876373237,0.7666072554176959,0.38738916068992246,0.7456699224693696
1.678,0.18990644838212936,0.38738916068992246,0.7456699224693696,0.3889342821645534,0.729829790067213
1.68,0.18217157928949654,0.3889342821645534,0.729829790067213,0.39046826666454715,0.7052798807161809
1.682,0.1744659583052343,0.39046826666454715,0.7052798807161809,0.3917424191271519,0.6848378166263266
1.684,0.16679654583888295,0.3917424191271519,0.6848378166263266,0.3930261413333269,0.664241547093256
1.686,0.15917024228013715,0.3930261413333269,0.664241547093256,0.3944341127481838,0.6407740853286764
1.688,0.15159388020510733,0.3944341127481838,0.6407740853286764,0.39564410106107795,0.6204668788708605
1.69,0.14407421666204012,0.39564410106107795,0.6204668788708605,0.3970218923043662,0.5963137147584305
1.692,0.13661792554538554,0.3970218923043662,0.5963137147584305,0.39775150406155374,0.5756411244122086
1.694,0.12923159006695323,0.39775150406155374,0.5756411244122086,0.39910141951316624,0.5545964611783566
1.696,0.1219216953328309,0.39910141951316624,0.5545964611783566,0.3996699702586239,0.5323335855381393
1.698,0.11469462103459122,0.3996699702586239,0.5323335855381393,0.4010488131125655,0.5038134424575741
1.7,0.10755663426318104,0.4010488131125655,0.5038134424575741,0.402429892405279,0.4792116762112992
1.702,0.10051388245376815,0.402429892405279,0.4792116762112992,0.40323633026612254,0.45725139888350974
1.704,0.0935723864696366,0.40323633026612254,0.45725139888350974,0.40402550174388113,0.4291167528238033
1.706,0.08673803383309349,0.40402550174388113,0.4291167528238033,0.4051583185514872,0.409468647526218
1.708,0.08001657211116092,0.4051583185514872,0.409468647526218,0.40568278910085637,0.3789169637755347
1.71,0.07341360246364863,0.40568278910085637,0.3789169637755347,0.40608083467168,0.3578212247851734
1.712,0.066934573361035,0.40608083467168,0.3578212247851734,0.4065022230255068,0.3282014963490861
1.714,0.06058477447935667,0.4065022230255068,0.3282014963490861,0.4076819173689651,0.30653383988978644
1.716,0.054369330779142855,0.4076819173689651,0.30653383988978644,0.408280606836769,0.2743248059515944
1.718,0.048293196775174685,0.408280606836769,0.2743248059515944,0.40880040264978,0.2471340574502041
1.72,0.042361151003669745,0.40880040264978,0.2471340574502041,0.40883528693912874,0.21671907125393763
1.722,0.03657779069324013,0.40883528693912874,0.21671907125393763,0.40941813042307157,0.18881493196598656
1.724,0.030947526645741574,0.40941813042307157,0.18881493196598656,0.4097866784146442,0.1628237182283209
1.726,0.025474578332903203,0.4097866784146442,0.1628237182283209,0.40970300630821593,0.1311837636922977
1.728,0.02016296921435612,0.40970300630821593,0.1311837636922977,0.4099420303836584,0.09934270791209852
1.73,0.015016522282446848,0.4099420303836584,0.09934270791209852,0.41045824590099106,0.06994869963690015
1.732,0.010038855838945954,0.41045824590099106,0.06994869963690015,0.41047145023316817,0.03965693293515964
1.734,0.0052333795084970325,0.41047145023316817,0.03965693293515964,0.4102385012264917,0.011815200305336015
1.736,0.0006032904933861716,0.4102385012264917,0.011815200305336015,0.41043125694269245,-0.016920524075592747
1.738,-0.003848429926072816,0.41043125694269245,-0.016920524075592747,0.41027287208742036,-0.04196525066208132
1.74,-0.00811901964152581,0.41027287208742036,-0.04196525066208132,0.41018205449507783,-0.06150188741171507
1.742,-0.012205938713206688,0.41018205449507783,-0.06150188741171507,0.41000269106940795,-0.08371474668003373
1.744,-0.016106872109776293,0.41000269106940795,-0.08371474668003373,0.4098607726426072,-0.10607388298142548
1.746,-0.019819732188227496,0.4098607726426072,-0.10607388298142548,0.40956861248590865,-0.11804196453902413
1.748,-0.023342660911021024,0.40956861248590865,-0.11804196453902413,0.4089592055178566,-0.14200278976297434
1.75,-0.02667403179791028,0.4089592055178566,-0.14200278976297434,0.4087959957705401,-0.1596171612655671
1.752,-0.02981245161022472,0.4087959957705401,-0.1596171612655671,0.40872192305046423,-0.18074511960801418
1.754,-0.03275676176568856,0.40872192305046423,-0.18074511960801418,0.4080276323454289,-0.20309410457532046
1.756,-0.03550603948215805,0.4080276323454289,-0.20309410457532046,0.4076411575168656,-0.22377650663025178
1.758,-0.03805959864898015,0.4076411575168656,-0.22377650663025178,0.40711609983630004,-0.24709037814846188
1.76,-0.040416990424976484,0.40711609983630004,-0.24709037814846188,0.4065557255018853,-0.26610057638791457
1.762,-0.04257800356238867,0.4065557255018853,-0.26610057638791457,0.4055269473516654,-0.2863882685406595
1.764,-0.044542664456420134,0.4055269473516654,-0.2863882685406595,0.40519566596367435,-0.31163741023767394
1.766,-0.046311236920334925,0.40519566596367435,-0.31163741023767394,0.40465022210326845,-0.33046545064354654
1.768,-0.04788422168638726,0.40465022210326845,-0.33046545064354654,0.4039142181521277,-0.3561289236007534
1.77,-0.04926235563317097,0.4039142181521277,-0.3561289236007534,0.40344331125045646,-0.37491357946808457
1.772,-0.0504466107402943,0.40344331125045646,-0.37491357946808457,0.40295964143429325,-0.4033451046280039
1.774,-0.051438192771597044,0.40295964143429325,-0.4033451046280039,0.40183545911829105,-0.42472219184316884
1.776,-0.05223853968844329,0.40183545911829105,-0.42472219184316884,0.4005899624611693,-0.448551015460955
1.778,-0.0528493197949286,0.4005899624611693,-0.448551015460955,0.3999650791574436,-0.47184275560204175
1.78,-0.053272429617154615,0.3999650791574436,-0.47184275560204175,0.3991697501639944,-0.4921837911686266
1.782,-0.053509991519029465,0.3991697501639944,-0.4921837911686266,0.3978741853145796,-0.5147332008448552
1.784,-0.053564351057344375,0.3978741853145796,-0.5147332008448552,0.3967668769345692,-0.5371385397540683
1.786,-0.0534380740792019,0.3967668769345692,-0.5371385397540683,0.39551534976344616,-0.5571927370393996
1.788,-0.053133943565137925,0.39551534976344616,-0.5571927370393996,0.39413661546573137,-0.5775261582166464
1.79,-0.052654956221596674,0.39413661546573137,-0.5775261582166464,0.3936042806161486,-0.6027661282487761
1.792,-0.05200431882669328,0.3936042806161486,-0.6027661282487761,0.39209467620410876,-0.6244785417735449
1.794,-0.051185444333483474,0.39209467620410876,-0.6244785417735449,0.3905994207720826,-0.6466621867291618
1.796,-0.050201947735249206,0.3905994207720826,-0.6466621867291618,0.3893823644293785,-0.6665592231049243
1.798,-0.04905764169756603,0.3893823644293785,-0.6665592231049243,0.3882998238069174,-0.6881617586197667
1.8,-0.04775653196220386,0.3882998238069174,-0.6881617586197667,0.38680115329322257,-0.7086490267912309
1.802,-0.04630281252816533,0.38680115329322257,-0.7086490267912309,0.38513373044217003,-0.7287004586073377
1.804,-0.04470086061542175,0.38513373044217003,-0.7287004586073377,0.38356934535691667,-0.7524689357094759
1.806,-0.04295523141716416,0.38356934535691667,-0.7524689357094759,0.381947115435146,-0.7698391260511628
1.808,-0.041070652646623185,0.381947115435146,-0.7698391260511628,0.380585164728083,-0.7909569341123591
1.81,-0.03905201888475375,0.380585164728083,-0.7909569341123591,0.37859606489976877,-0.8104446335304984
1.812,-0.03690438573530694,0.37859606489976877,-0.8104446335304984,0.3769651055939295,-0.8298902297039662
1.814,-0.03463296379402682,0.3769651055939295,-0.8298902297039662,0.3754925936422216,-0.8483450777549112
1.816,-0.03224311243894354,0.3754925936422216,-0.8483450777549112,0.3735505104041584,-0.8693151918484886
1.818,-0.029740333448911582,0.3735505104041584,-0.8693151918484886,0.3718106259494831,-0.8861394034677472
1.82,-0.027130264457767395,0.3718106259494831,-0.8861394034677472,0.37019693663177106,-0.9024086246563026
1.822,-0.024418672251655962,0.37019693663177106,-0.9024086246563026,0.36838639744669593,-0.9232256137498007
1.824,-0.021611445917244565,0.36838639744669593,-0.9232256137498007,0.3665011272299694,-0.9430589168128273
1.826,-0.018714589848751337,0.3665011272299694,-0.9430589168128273,0.364643771249717,-0.9547243158503039
1.828,-0.015734216621830575,0.364643771249717,-0.9547243158503039,0.3625260716986704,-0.9712439663945064
1.83,-0.01267653974255064,0.3625260716986704,-0.9712439663945064,0.3604965239766452,-0.9877862315336081
1.832,-0.009547866279822168,0.3604965239766452,-0.9877862315336081,0.3587164364945094,-1.0057800302069062
1.834,-0.006354589389767462,0.3587164364945094,-1.0057800302069062,0.3563721444898154,-1.0209037669160497
1.836,-0.003103180740667906,0.3563721444898154,-1.0209037669160497,0.3546140901995169,-1.0345674429165044
1.838,0.00019981715279244333,0.3546140901995169,-1.0345674429165044,0.3523896973876195,-1.050500372432636
1.84,0.003547798677131467,0.3523896973876195,-1.050500372432636,0.3502375532121374,-1.0666018643189656
1.842,0.006934102940593125,0.3502375532121374,-1.0666018643189656,0.34797655936396243,-1.079740737807747
1.844,0.010352021657575865,0.34797655936396243,-1.079740737807747,0.3457563784308898,-1.092237821452365
1.846,0.01379480708786476,0.3457563784308898,-1.092237821452365,0.3434070063004463,-1.1068832815387402
1.848,0.017255680021520368,0.3434070063004463,-1.1068832815387402,0.34183458198888944,-1.1188393819099822
1.85,0.020727837800208374,0.34183458198888944,-1.1188393819099822,0.3391823063795599,-1.1296764637783765
1.852,0.024204462365722917,0.3391823063795599,-1.1296764637783765,0.3368447150246872,-1.1446127406879962
1.854,0.02767872832642939,0.3368447150246872,-1.1446127406879962,0.33474541516008216,-1.1530945031205282
1.856,0.031143811032308545,0.33474541516008216,-1.1530945031205282,0.3319938346586761,-1.1645629545053016
1.858,0.03459289464930923,0.3319938346586761,-1.1645629545053016,0.3301259846495969,-1.1763391318795167
1.86,0.03801918022368268,0.3301259846495969,-1.1763391318795167,0.32745362872350287,-1.1839602539258884
1.862,0.04141589372700498,0.32745362872350287,-1.1839602539258884,0.32496518978556227,-1.1981189264231804
1.864,0.04477629407261681,0.32496518978556227,-1.1981189264231804,0.3225550794825699,-1.2086462452099782
1.866,0.04809368109422058,0.3225550794825699,-1.2086462452099782,0.3201458258911997,-1.215254970918743
1.868,0.051361403477449705,0.3201458258911997,-1.215254970918743,0.3178722476373832,-1.2249094814945003
1.87,0.05457286663525555,0.3178722476373832,-1.2249094814945003,0.31543248144152436,-1.2314539593621854
1.872,0.05772154051802539,0.31543248144152436,-1.2314539593621854,0.3131877949435177,-1.2433444394633444
1.874,0.06080096734943867,0.3131877949435177,-1.2433444394633444,0.3103258998173129,-1.2500283393851894
1.8760000000000001,0.06380476927912132,0.3103258998173129,-1.2500283393851894,0.30805622722799986,-1.2585560935850553
1.8780000000000001,0.06672665594329175,0.30805622722799986,-1.2585560935850553,0.30512576520757456,-1.2636652698999957
1.8800000000000001,0.06956043192465945,0.30512576520757456,-1.2636652698999957,0.30335030335709745,-1.2690822572369953
1.8820000000000001,0.07230000410299081,0.30335030335709745,-1.2690822572369953,0.3004357206400509,-1.2796736152353572
1.8840000000000001,0.0749393888878491,0.3004357206400509,-1.2796736152353572,0.29778843546830763,-1.2808349989484584
1.8860000000000001,0.07747271932517241,0.29778843546830763,-1.2808349989484584,0.29532008275112676,-1.2922038630100408
1.8880000000000001,0.0798942520694979,0.29532008275112676,-1.2922038630100408,0.29235064845126496,-1.2959068875243285
1.8900000000000001,0.08219837421377565,0.29235064845126496,-1.2959068875243285,0.2897636246377205,-1.30190857187973
1.8920000000000001,0.08437960996891118,0.2897636246377205,-1.30190857187973,0.28758645631323615,-1.3068499259537691
1.8940000000000001,0.08643262718531106,0.28758645631323615,-1.3068499259537691,0.28447143875217984,-1.3079772442163287
1.8960000000000001,0.08835224370893127,0.28447143875217984,-1.3079772442163287,0.28227375407454713,-1.3135070708232903
1.8980000000000001,0.09013343356447201,0.28227375407454713,-1.3135070708232903,0.2794834825060711,-1.3142588703822773
1.9000000000000001,0.09177133295860011,0.2794834825060711,-1.3142588703822773,0.2768814236545041,-1.320162611153379
1.9020000000000001,0.09326124609626715,0.2768814236545041,-1.320162611153379,0.27443221408940194,-1.3222829905806253
1.9040000000000001,0.09459865080340674,0.27443221408940194,-1.3222829905806253,0.27153318632948503,-1.3281441944649037
1.9060000000000001,0.09577920394953558,0.27153318632948503,-1.3281441944649037,0.26915038636933203,-1.3300103230134572
1.9080000000000001,0.09679874666398164,0.26915038636933203,-1.3300103230134572,0.26622010457727685,-1.335445086298544
1.9100000000000001,0.09765330933973232,0.26622010457727685,-1.335445086298544,0.2635728297677042,-1.333712017485451
1.9120000000000001,0.0983391164191185,0.2635728297677042,-1.333712017485451,0.2606326663995409,-1.3338815954093561
1.9140000000000001,0.09885259095581274,0.2606326663995409,-1.3338815954093561,0.258294293842422,-1.3390831083974453
1.9160000000000001,0.09919035894787503,0.258294293842422,-1.3390831083974453,0.25555229625350784,-1.3364439400251962
1.9180000000000001,0.09934925343683405,0.25555229625350784,-1.3364439400251962,0.252932851076346,-1.3385071133674376
1.92,0.09932631836807769,0.252932851076346,-1.3385071133674376,0.24994412583436768,-1.34137862431828
1.922,0.09911881220808824,0.24994412583436768,-1.34137862431828,0.24723027340819817,-1.3436281727264585
1.924,0.09872421131434056,0.24723027340819817,-1.3436281727264585,0.24467302202335386,-1.3430374073251643
1.926,0.09814021305397486,0.24467302202335386,-1.3430374073251643,0.24193633268575823,-1.3453484649228562
1.928,0.09736473866762545,0.24193633268575823,-1.3453484649228562,0.23939210326136046,-1.3425595944429642
1.93,0.09639593587510634,0.23939210326136046,-1.3425595944429642,0.23674049710810116,-1.3483303519187997
1.932,0.09523218121992652,0.23674049710810116,-1.3483303519187997,0.23427552138697413,-1.3463727810109
1.934,0.09387208214992603,0.23427552138697413,-1.3463727810109,0.2312830408349898,-1.3477930111381813
1.936,0.0923144788316199,0.2312830408349898,-1.3477930111381813,0.22855006046138568,-1.344764942993727
1.938,0.09055844569614381,0.22855006046138568,-1.344764942993727,0.22567467585480944,-1.3502351915481399
1.94,0.088603292715009,0.22567467585480944,-1.3502351915481399,0.22321157643879766,-1.3450236891247918
1.942,0.08644856640417706,0.22321157643879766,-1.3450236891247918,0.22056499077130748,-1.348611900975306
1.944,0.08409405055528688,0.22056499077130748,-1.348611900975306,0.21809034741355993,-1.345642743038835
1.946,0.08153976669317141,0.21809034741355993,-1.345642743038835,0.21517286082427498,-1.347835760427774
1.948,0.07878597425912857,0.21517286082427498,-1.347835760427774,0.21257878005959446,-1.3462960720232862
1.95,0.0758331705197102,0.21257878005959446,-1.3462960720232862,0.21002482240132664,-1.3449341513461741
1.952,0.07268209020112466,0.21002482240132664,-1.3449341513461741,0.20739880408520933,-1.3479764485569536
1.954,0.06933370484965548,0.20739880408520933,-1.3479764485569536,0.2043742744213388,-1.3409174000189656
1.956,0.06578922191881627,0.2043742744213388,-1.3409174000189656,0.20184436492830168,-1.3460074556505435
1.958,0.06205008358427824,0.20184436492830168,-1.3460074556505435,0.19922832642532193,-1.34254532619835
1.96,0.05811796528791538,0.19922832642532193,-1.34254532619835,0.19608781657088853,-1.3438565660293649
1.962,0.053994774012631225,0.19608781657088853,-1.3438565660293649,0.19386595235700269,-1.3405426674827063
1.964,0.04968264628993492,0.19386595235700269,-1.3405426674827063,0.19113408178297686,-1.345222441390673
1.966,0.045183945942545115,0.19113408178297686,-1.345222441390673,0.1884739389567153,-1.3441277395504598
1.968,0.040501261564603874,0.1884739389567153,-1.3441277395504598,0.1855720759050552,-1.3399179085936157
1.97,0.0356374037423868,0.1855720759050552,-1.3399179085936157,0.1829176255225219,-1.3392128126046194
1.972,0.03059540201869157,0.1829176255225219,-1.3392128126046194,0.18050602622013376,-1.34140331881844
1.974,0.025378501604384623,0.18050602622013376,-1.34140331881844,0.17743574510890822,-1.3414014613158185
1.976,0.019990159840875044,0.17743574510890822,-1.3414014613158185,0.17504127625758603,-1.3430039508403995
1.978,0.014434042417575621,0.17504127625758603,-1.3430039508403995,0.17212932957775698,-1.3439161170884062
1.98,0.008714019348681629,0.17212932957775698,-1.3439161170884062,0.16986882582449753,-1.3432289626570577
1.982,0.0028341607138938907,0.16986882582449753,-1.3432289626570577,0.1664855903559713,-1.3450203962531937
1.984,-0.003201267832033783,0.1664855903559713,-1.3450203962531937,0.16442977831553154,-1.3452711179868486
1.986,-0.009387809775767364,0.16442977831553154,-1.3452711179868486,0.16147527107002263,-1.3434777668091245
1.988,-0.0157208226824663,0.16147527107002263,-1.3434777668091245,0.15870750633346314,-1.3481790395745143
1.99,-0.02219548334780269,0.15870750633346314,-1.3481790395745143,0.15594972545811953,-1.3439969920545085
1.992,-0.028806793158996175,0.15594972545811953,-1.3439969920545085,0.15326944176580762,-1.3461944935440306
1.994,-0.03554958365871405,0.15326944176580762,-1.3461944935440306,0.15071371444809512,-1.3503959410382667
1.996,-0.04241852230545187,0.15071371444809512,-1.3503959410382667,0.14763668601126492,-1.349869965442646
1.998,-0.049408118423766884,0.14763668601126492,-1.349869965442646,0.14524643352624167,-1.3525934069043721
2.0,-0.056512729337546294,0.14524643352624167,-1.3525934069043721,0.14264545204222917,-1.3507362276843162
2.0020000000000002,-0.06372656667924731,0.14264545204222917,-1.3507362276843162,0.14006296327078674,-1.3550220974454772
2.004,-0.07104370286786656,0.14006296327078674,-1.3550220974454772,0.13697215078109057,-1.3607303540738753
2.0060000000000002,-0.07845807774821546,0.13697215078109057,-1.3607303540738753,0.13438429154953407,-1.3592991004840083
2.008,-0.08596350538382977,0.13438429154953407,-1.3592991004840083,0.13191670078048098,-1.3644794095790262
2.0100000000000002,-0.09355368099576314,0.13191670078048098,-1.3644794095790262,0.1289115640851531,-1.365490097326936
2.012,-0.10122218803923973,0.1289115640851531,-1.365490097326936,0.12632309926681407,-1.3722728184280897
2.0140000000000002,-0.10896250541008491,0.12632309926681407,-1.3722728184280897,0.12361435238713125,-1.3699569259341464
2.016,-0.11676801477258973,0.12361435238713125,-1.3699569259341464,0.12059640828715693,-1.3780922698703266
2.0180000000000002,-0.12463200800046395,0.12059640828715693,-1.3780922698703266,0.11789702521437867,-1.3812127386543869
2.02,-0.13254769472225483,0.11789702521437867,-1.3812127386543869,0.11534008489334763,-1.3804333622819478
2.0220000000000002,-0.14050820996261337,0.11534008489334763,-1.3804333622819478,0.11225948166830117,-1.3858523559703784
2.024,-0.14850662187058206,0.11225948166830117,-1.3858523559703784,0.10963429301053237,-1.3906433313291098
2.0260000000000002,-0.15653593952607625,0.10963429301053237,-1.3906433313291098,0.10685305347773397,-1.3943514707600013
2.028,-0.16458912081551264,0.10685305347773397,-1.3943514707600013,0.10434708523091105,-1.4016433373333532
2.0300000000000002,-0.1726590803676127,0.10434708523091105,-1.4016433373333532,0.10104152011015997,-1.4077635881116195
2.032,-0.1807386975401912,0.10104152011015997,-1.4077635881116195,0.09813948851951937,-1.4090517773864244
2.0340000000000003,-0.18882082444880674,0.09813948851951937,-1.4090517773864244,0.09575306529671161,-1.4155989705308472
2.036,-0.19689829402798556,0.09575306529671161,-1.4155989705308472,0.09275062422410127,-1.4219834648468417
2.0380000000000003,-0.2049639281158183,0.09275062422410127,-1.4219834648468417,0.09007894705482042,-1.4253815799984495
2.04,-0.21301054555257667,0.09007894705482042,-1.4253815799984495,0.0866296668196435,-1.4307023569312274
2.0420000000000003,-0.22103097028408616,0.0866296668196435,-1.4307023569312274,0.0840788973293448,-1.4422449597865976
2.044,-0.22901803946049945,0.0840788973293448,-1.4422449597865976,0.08167874423655717,-1.4483504582662816
2.0460000000000003,-0.23696461152121448,0.08167874423655717,-1.4483504582662816,0.07846875737686654,-1.451630457580974
2.048,-0.24486357425656666,0.07846875737686654,-1.451630457580974,0.07550604983947416,-1.4619224412961804
2.05,-0.25270785283711455,0.07550604983947416,-1.4619224412961804,0.07244245748328222,-1.470058010967207
2.052,-0.26049041780121823,0.07244245748328222,-1.470058010967207,0.06934490208247449,-1.471961978215019
2.054,-0.26820429299176346,0.06934490208247449,-1.471961978215019,0.06667479211891084,-1.48063603839487
2.056,-0.2758425634329076,0.06667479211891084,-1.48063603839487,0.06337196040038551,-1.4908640338802275
2.058,-0.28339838313776633,0.06337196040038551,-1.4908640338802275,0.060440723690622596,-1.496594983643989
2.06,-0.29086498283811574,0.060440723690622596,-1.496594983643989,0.05776840868257763,-1.5074787618361196
2.062,-0.2982356776271516,0.05776840868257763,-1.5074787618361196,0.05475079326373318,-1.5141615044289682
2.064,-0.3055038745065981,0.05475079326373318,-1.5141615044289682,0.05169351953113534,-1.5208061180351864
2.066,-0.31266307982943026,0.05169351953113534,-1.5208061180351864,0.0481873119822357,-1.5294688560074694
2.068,-0.3197069066296865,0.0481873119822357,-1.5294688560074694,0.045273936282626,-1.5356495267177472
2.07,-0.32662908183092754,0.045273936282626,-1.5356495267177472,0.04248368057359633,-1.5414907629049137
2.072,-0.3334234533250777,0.04248368057359633,-1.5414907629049137,0.0391066634735628,-1.5500075440756038
2.074,-0.3400839969134789,0.0391066634735628,-1.5500075440756038,0.036172306234246165,-1.565396293813581
2.076,-0.3466048231022132,0.036172306234246165,-1.565396293813581,0.033141981074639164,-1.574406666529681
2.078,-0.35298018374384743,0.033141981074639164,-1.574406666529681,0.029513908467733947,-1.5796065435405868
2.08,-0.3592044785180113,0.029513908467733947,-1.5796065435405868,0.026538557887193594,-1.5884370054601795
2.082,-0.36527226124329815,0.026538557887193594,-1.5884370054601795,0.02366216266340654,-1.6032782608686236
2.084,-0.37117824601329763,0.02366216266340654,-1.6032782608686236,0.02012302314983432,-1.6097135302101069
2.086,-0.3769173131496607,0.02012302314983432,-1.6097135302101069,0.016615502210554675,-1.6158740604200588
2.088,-0.38248451496537694,0.016615502210554675,-1.6158740604200588,0.013597634512540369,-1.6288015633436663
2.09,-0.38787508133163145,0.013597634512540369,-1.6288015633436663,0.010673498285787163,-1.6393995741929948
2.092,-0.39308442504185315,0.010673498285787163,-1.6393995741929948,0.007171333487891085,-1.6457987294864937
2.094,-0.398108146966776,0.007171333487891085,-1.6457987294864937,0.0038201988394247744,-1.6577753461841498
2.096,-0.40294204099460285,0.0038201988394247744,-1.6577753461841498,0.0006689218952326847,-1.6646019864067765
2.098,-0.40758209875057727,0.0006689218952326847,-1.6646019864067765,-0.003002263631354359,-1.6799453395984567
2.1,-0.4120245140905723,-0.003002263631354359,-1.6799453395984567,-0.005893380960264066,-1.6831556294969439
2.102,-0.41626568736348374,-0.005893380960264066,-1.6831556294969439,-0.009858492675699574,-1.6909107118884692
2.104,-0.420302229437586,-0.009858492675699574,-1.6909107118884692,-0.012883327911881765,-1.7041892481470438
2.106,-0.4241309654861794,-0.012883327911881765,-1.7041892481470438,-0.016701578628049895,-1.7130888679947684
2.108,-0.4277489385282085,-0.016701578628049895,-1.7130888679947684,-0.019824919874492485,-1.721813276252934
2.11,-0.43115341271976904,-0.019824919874492485,-1.721813276252934,-0.02324641190683349,-1.730914117827887
2.112,-0.4343418763927359,-0.02324641190683349,-1.730914117827887,-0.026917858565618832,-1.739493237412276
2.114,-0.4373120448370105,-0.026917858565618832,-1.739493237412276,-0.030093477913441427,-1.7507594383635525
2.116,-0.4400618628232037,-0.030093477913441427,-1.7507594383635525,-0.03421785855609273,-1.7552954881728184
2.118,-0.4425895068628485,-0.03421785855609273,-1.7552954881728184,-0.03710530540654864,-1.7673155248455854
2.12,-0.44489338720356586,-0.03710530540654864,-1.7673155248455854,-0.04131401466417522,-1.7779380356328196
2.122,-0.44697214955686926,-0.04131401466417522,-1.7779380356328196,-0.044815456116570375,-1.7817795299393064
2.124,-0.4488246765566569,-0.044815456116570375,-1.7817795299393064,-0.0479717031698458,-1.7931939522271756
2.126,-0.4504500889466931,-0.0479717031698458,-1.7931939522271756,-0.051698357988934934,-1.8055270333906943
2.128,-0.45184774649574155,-0.051698357988934934,-1.8055270333906943,-0.055663474724659615,-1.8110724207195874
2.13,-0.45301724863928816,-0.055663474724659615,-1.8110724207195874,-0.058820724049701414,-1.8192279641521714
2.132,-0.4539584348471331,-0.058820724049701414,-1.8192279641521714,-0.06216522818250802,-1.821956986674603
2.134,-0.4546713847164305,-0.06216522818250802,-1.821956986674603,-0.06629958363427559,-1.8305599232195322
2.136,-0.45515641779007776,-0.06629958363427559,-1.8305599232195322,-0.06975358275746281,-1.839744786221029
2.138,-0.4554140931006705,-0.06975358275746281,-1.839744786221029,-0.07359171436449488,-1.845182073615353
2.14,-0.4554452084405539,-0.07359171436449488,-1.845182073615353,-0.0774661556001679,-1.8527624294677476
2.142,-0.45525079935881774,-0.0774661556001679,-1.8527624294677476,-0.08120689685495605,-1.8611554757848061
2.144,-0.45483213788639876,-0.08120689685495605,-1.8611554757848061,-0.08486125263545224,-1.8665140352789664
2.146,-0.4541907309907577,-0.08486125263545224,-1.8665140352789664,-0.08848820136557546,-1.8708660116222735
2.148,-0.4533283187619257,-0.08848820136557546,-1.8708660116222735,-0.09235956803385152,-1.8782067087146317
2.15,-0.4522468723320048,-0.09235956803385152,-1.8782067087146317,-0.09643436092404556,-1.8791272920935596
2.152,-0.4509485915305289,-0.09643436092404556,-1.8791272920935596,-0.09990393802514588,-1.8862248888397009
2.154,-0.44943590227838875,-0.09990393802514588,-1.8862248888397009,-0.10385553999915821,-1.889224029268334
2.156,-0.4477114537233249,-0.10385553999915821,-1.889224029268334,-0.10744428315358742,-1.8980277272467194
2.158,-0.44577811512029686,-0.10744428315358742,-1.8980277272467194,-0.11088404663269771,-1.903539984474096
2.16,-0.4436389724603116,-0.11088404663269771,-1.903539984474096,-0.1148407855451849,-1.9056343596554928
2.162,-0.44129732485161965,-0.1148407855451849,-1.9056343596554928,-0.11872260568749957,-1.907595514808875
2.164,-0.4387566806574231,-0.11872260568749957,-1.907595514808875,-0.12273561938420448,-1.9109233562882024
2.166,-0.4360207533945697,-0.12273561938420448,-1.9109233562882024,-0.12673299763089851,-1.9129253483179045
2.168,-0.4330934573979378,-0.12673299763089851,-1.9129253483179045,-0.13025773765305282,-1.9161024406724214
2.17,-0.4299789032555321,-0.13025773765305282,-1.9161024406724214,-0.13396910554391922,-1.9176334360643053
2.172,-0.42668139301952235,-0.13396910554391922,-1.9176334360643053,-0.13831995163519692,-1.916143040845216
2.174,-0.4232054151987622,-0.13831995163519692,-1.916143040845216,-0.14165896419766022,-1.9194077883589151
2.176,-0.419555639538547,-0.14165896419766022,-1.9194077883589151,-0.14568278058500495,-1.9157190759201301
2.178,-0.4157369115936312,-0.14568278058500495,-1.9157190759201301,-0.14938963795160218,-1.9207241525745693
2.18,-0.4117542471007363,-0.14938963795160218,-1.9207241525745693,-0.15327726458009464,-1.919135377117158
2.182,-0.40761282615706884,-0.15327726458009464,-1.919135377117158,-0.15762957901577704,-1.919020817412871
2.184,-0.403317987211506,-0.15762957901577704,-1.919020817412871,-0.16078608827319793,-1.9163970317676582
2.186,-0.3988752208754127,-0.16078608827319793,-1.9163970317676582,-0.16506388777415448,-1.9185114926360256
2.188,-0.3942901635601787,-0.16506388777415448,-1.9185114926360256,-0.16854133602006197,-1.9116276164595394
2.19,-0.3895685909488452,-0.16854133602006197,-1.9116276164595394,-0.17277257964413514,-1.9111524005892375
2.192,-0.38471641130929357,-0.17277257964413514,-1.9111524005892375,-0.17647839038321428,-1.9070265437112317
2.194,-0.3797396586567313,-0.17647839038321428,-1.9070265437112317,-0.1802800149351562,-1.9020350367503176
2.196,-0.3746444857733314,-0.1802800149351562,-1.9020350367503176,-0.18465197894614466,-1.9013316649142002
2.198,-0.3694371570930723,-0.18465197894614466,-1.9013316649142002,-0.18731805554966763,-1.8945883866051785
2.2,-0.3641240414599489,-0.18731805554966763,-1.8945883866051785,-0.19168866620155825,-1.8874941486185055
2.202,-0.3587116047679383,-0.19168866620155825,-1.8874941486185055,-0.1951971242668969,-1.8836303840554007
2.204,-0.35320640249113483,-0.1951971242668969,-1.8836303840554007,-0.19894713431867736,-1.8754414102479733
2.206,-0.34761507211271336,-0.19894713431867736,-1.8754414102479733,-0.20256124462785768,-1.873512920375008
2.208,-0.3419443254613829,-0.20256124462785768,-1.873512920375008,-0.2067174706377764,-1.8654039910787406
2.21,-0.3362009409642125,-0.2067174706377764,-1.8654039910787406,-0.21040718468023226,-1.8586764831733387
2.212,-0.33039175582468777,-0.21040718468023226,-1.8586764831733387,-0.2142776749135332,-1.8449879235573972
2.214,-0.3245236581350514,-0.2142776749135332,-1.8449879235573972,-0.21733896667945088,-1.841780965241474
2.216,-0.31860357893198166,-0.21733896667945088,-1.841780965241474,-0.22145893416201576,-1.831043671118443
2.218,-0.312638484204771,-0.22145893416201576,-1.831043671118443,-0.22502343633527278,-1.8215024497116354
2.22,-0.30663536686517673,-0.22502343633527278,-1.8215024497116354,-0.22850785830549195,-1.8141873734541212
2.222,-0.30060123868824007,-0.22850785830549195,-1.8141873734541212,-0.23213479394624817,-1.8049137660766907
2.224,-0.294543122233285,-0.23213479394624817,-1.8049137660766907,-0.2359536853475098,-1.789145193094845
2.226,-0.2884680427544603,-0.2359536853475098,-1.789145193094845,-0.23934968502537407,-1.7760896540848916
2.228,-0.28238302011007876,-0.23934968502537407,-1.7760896540848916,-0.24248384021425554,-1.7674686310233538
2.23,-0.27629506068012943,-0.24248384021425554,-1.7674686310233538,-0.24650690676831527,-1.757246725784427
2.232,-0.27021114930120105,-0.24650690676831527,-1.757246725784427,-0.2497046193313419,-1.7426349909151577
2.234,-0.26413824122815244,-0.2497046193313419,-1.7426349909151577,-0.25302474366621996,-1.7272466331406644
2.236,-0.2580832541317533,-0.25302474366621996,-1.7272466331406644,-0.25650271570463173,-1.7178631189547293
2.238,-0.25205306014152495,-0.25650271570463173,-1.7178631189547293,-0.25960767142553526,-1.7016001203174558
2.24,-0.2460544779429092,-0.25960767142553526,-1.7016001203174558,-0.26354496518625314,-1.68694611316051
2.242,-0.24009426493791458,-0.26354496518625314,-1.68694611316051,-0.266955860070387,-1.6734475696337894
2.244,-0.23417910947819914,-0.266955860070387,-1.6734475696337894,-0.2700492405746561,-1.656455386493141
2.246,-0.22831562317958745,-0.2700492405746561,-1.656455386493141,-0.27357808836390685,-1.6406418249434407
2.248,-0.22251033332681522,-0.27357808836390685,-1.6406418249434407,-0.27692419539142316,-1.6248184731413449
2.25,-0.21676967537729944,-0.27692419539142316,-1.6248184731413449,-0.2794899894601639,-1.6047804781468162
2.2520000000000002,-0.21109998557250226,-0.2794899894601639,-1.6047804781468162,-0.283234074670388,-1.592672316448896
2.254,-0.20550749366543922,-0.283234074670388,-1.592672316448896,-0.28637352657576803,-1.5712807419155403
2.2560000000000002,-0.19999831577267438,-0.28637352657576803,-1.5712807419155403,-0.2893089522268391,-1.5559509297948293
2.258,-0.19457844735904645,-0.2893089522268391,-1.5559509297948293,-0.2920673632101199,-1.5342568422428702
2.2600000000000002,-0.1892537563631705,-0.2920673632101199,-1.5342568422428702,-0.2950870059628009,-1.5183682350483731
2.262,-0.1840299764716748,-0.2950870059628009,-1.5183682350483731,-0.2983830829426996,-1.4963144878193613
2.2640000000000002,-0.17891270054985303,-0.2983830829426996,-1.4963144878193613,-0.3013480514630638,-1.475380253161323
2.266,-0.17390737423634697,-0.3013480514630638,-1.475380253161323,-0.3045524722159723,-1.4626292806446475
2.2680000000000002,-0.16901928970918156,-0.3045524722159723,-1.4626292806446475,-0.3069190840785108,-1.4344078333297288
2.27,-0.16425357963037387,-0.3069190840785108,-1.4344078333297288,-0.3099991040112292,-1.4169600189847154
2.2720000000000002,-0.15961521127603495,-0.3099991040112292,-1.4169600189847154,-0.31285136453163503,-1.3928852103789482
2.274,-0.1551089808587566,-0.31285136453163503,-1.3928852103789482,-0.31533741396592235,-1.376941797578592
2.2760000000000002,-0.15073950804879352,-0.31533741396592235,-1.376941797578592,-0.3181120924516821,-1.3537640193500995
2.278,-0.1465112307003579,-0.3181120924516821,-1.3537640193500995,-0.32092485106181357,-1.3338882705382908
2.2800000000000002,-0.14242839978907226,-0.32092485106181357,-1.3338882705382908,-0.3237515390910131,-1.3097532935618643
2.282,-0.13849507456644025,-0.3237515390910131,-1.3097532935618643,-0.32614056641935824,-1.2866641680298674
2.2840000000000003,-0.1347151179368659,-0.32614056641935824,-1.2866641680298674,-0.3285754706554579,-1.2663621007673065
2.286,-0.13109219206257922,-0.3285754706554579,-1.2663621007673065,-0.33068328434409744,-1.242248226238266
2.2880000000000003,-0.12762975420148723,-0.33068328434409744,-1.242248226238266,-0.3336119185208856,-1.2198949607934333
2.29,-0.12433105278277451,-0.3336119185208856,-1.2198949607934333,-0.33599991382351635,-1.1959312102480566
2.2920000000000003,-0.12119912372472891,-0.33599991382351635,-1.1959312102480566,-0.33827363693781537,-1.1729518995822124
2.294,-0.1182367869990551,-0.33827363693781537,-1.1729518995822124,-0.34076659688325345,-1.148883191512339
2.2960000000000003,-0.11544664344561101,-0.34076659688325345,-1.148883191512339,-0.34247303165285575,-1.1276972871837594
2.298,-0.11283107184123639,-0.34247303165285575,-1.1276972871837594,-0.3452517027425961,-1.1024229083611239
2.3000000000000003,-0.11039222622603256,-0.3452517027425961,-1.1024229083611239,-0.3472650098213967,-1.07826281420669
2.302,-0.1081320334901848,-0.3472650098213967,-1.07826281420669,-0.3495117240517258,-1.0568015437602216
2.3040000000000003,-0.10605219122407483,-0.3495117240517258,-1.0568015437602216,-0.35155561374452615,-1.031918053788767
2.306,-0.10415416583417814,-0.35155561374452615,-1.031918053788767,-0.35326957036368967,-1.0093259196118824
2.308,-0.10243919092688714,-0.35326957036368967,-1.0093259196118824,-0.355244217772589,-0.9816422767105212
2.31,-0.10090826596213373,-0.355244217772589,-0.9816422767105212,-0.35741900282169614,-0.9599279457341048
2.312,-0.09956215517834402,-0.35741900282169614,-0.9599279457341048,-0.3592197530017681,-0.9324698605018602
2.314,-0.09840138678995564,-0.3592197530017681,-0.9324698605018602,-0.3607479426090318,-0.9061469235171212
2.316,-0.09742625245842806,-0.3607479426090318,-0.9061469235171212,-0.36270792401528373,-0.8795430260062002
2.318,-0.09663680703733138,-0.36270792401528373,-0.8795430260062002,-0.36423683287595293,-0.8560917806832092
2.32,-0.0960328685918172,-0.36423683287595293,-0.8560917806832092,-0.3663072901080927,-0.828477565280181
2.322,-0.09561401869242864,-0.3663072901080927,-0.828477565280181,-0.3676889582540196,-0.8094797684571985
2.324,-0.09537960298291598,-0.3676889582540196,-0.8094797684571985,-0.36939976526248247,-0.7845899734751061
2.326,-0.0953287320213913,-0.36939976526248247,-0.7845899734751061,-0.3710475516563161,-0.75908700215834
2.328,-0.0954602823938483,-0.3710475516563161,-0.75908700215834,-0.37209023437223177,-0.7323551089475552
2.33,-0.09577289809875994,-0.37209023437223177,-0.7323551089475552,-0.3736529080573239,-0.7070707874567626
2.332,-0.09626499220115048,-0.3736529080573239,-0.7070707874567626,-0.3750396038260488,-0.6815618692946659
2.334,-0.09693474875423594,-0.3750396038260488,-0.6815618692946659,-0.37598648310420896,-0.6605935285310336
2.336,-0.09778012498640593,-0.37598648310420896,-0.6605935285310336,-0.3777938462554387,-0.6340689162605364
2.338,-0.09879885375102831,-0.3777938462554387,-0.6340689162605364,-0.37895897344400714,-0.6091369802988973
2.34,-0.09998844623624892,-0.37895897344400714,-0.6091369802988973,-0.37979781646423266,-0.5876143438074475
2.342,-0.10134619493165295,-0.37979781646423266,-0.5876143438074475,-0.3808897952803201,-0.5642626714493909
2.344,-0.10286917684837246,-0.3808897952803201,-0.5642626714493909,-0.3821075867079163,-0.5359472528990583
2.346,-0.10455425698892507,-0.3821075867079163,-0.5359472528990583,-0.3835137516546853,-0.5133648925598925
2.348,-0.10639809206277484,-0.3835137516546853,-0.5133648925598925,-0.3842570706048397,-0.4896989742594912
2.35,-0.10839713444333807,-0.3842570706048397,-0.4896989742594912,-0.38494100097825534,-0.462848264856219
2.352,-0.11054763636186232,-0.38494100097825534,-0.462848264856219,-0.3856927211993942,-0.441822866554825
2.354,-0.11284565433335836,-0.3856927211993942,-0.441822866554825,-0.3866161727030287,-0.41530697761582025
2.356,-0.11528705380945664,-0.3866161727030287,-0.41530697761582025,-0.38767481260930015,-0.39240447559784664
2.358,-0.11786751405284934,-0.38767481260930015,-0.39240447559784664,-0.3882792478301106,-0.37199910898131494
2.36,-0.12058253322768422,-0.3882792478301106,-0.37199910898131494,-0.38885117580138223,-0.3449409088808886
2.362,-0.1234274337000405,-0.38885117580138223,-0.3449409088808886,-0.3898201405579039,-0.32439649852050184
2.364,-0.12639736754238423,-0.3898201405579039,-0.32439649852050184,-0.39035218677851397,-0.3005448048730216
2.366,-0.1294873222356544,-0.39035218677851397,-0.3005448048730216,-0.39107530764183834,-0.2755600597314036
2.368,-0.13269212656240437,-0.39107530764183834,-0.2755600597314036,-0.39108104386321674,-0.25061093694173664
2.37,-0.13600645668420885,-0.39108104386321674,-0.25061093694173664,-0.39207548840478207,-0.23167980960828066
2.372,-0.13942484239632427,-0.39207548840478207,-0.23167980960828066,-0.39213660395909583,-0.20880637416680906
2.374,-0.1429416735524153,-0.39213660395909583,-0.20880637416680906,-0.39266850962674843,-0.18045929190568502
2.376,-0.14655120665189986,-0.39266850962674843,-0.18045929190568502,-0.3929849249877592,-0.15855177949453073
2.378,-0.1502475715823711,-0.3929849249877592,-0.15855177949453073,-0.3931212006960423,-0.13426904488552732
2.38,-0.1540247785092817,-0.3931212006960423,-0.13426904488552732,-0.3934158982253239,-0.10965573018922103
2.382,-0.15787672490498378,-0.3934158982253239,-0.10965573018922103,-0.39357704172547625,-0.08602427799557823
2.384,-0.16179720270898768,-0.39357704172547625,-0.08602427799557823,-0.3937780848455003,-0.06362319087615104
2.386,-0.16577990561122466,-0.3937780848455003,-0.06362319087615104,-0.3936335349725449,-0.04218551598886495
2.388,-0.16981843644989306,-0.3936335349725449,-0.04218551598886495,-0.3936540135477959,-0.0213459779973786
2.39,-0.1739063147153679,-0.3936540135477959,-0.0213459779973786,-0.3938726486403812,-0.004666428472962103
2.392,-0.1780369841515273,-0.3938726486403812,-0.004666428472962103,-0.39367978632096595,0.017903743030209116
2.394,-0.18220382044574923,-0.39367978632096595,0.017903743030209116,-0.3936096026078312,0.027122710105228345
2.396,-0.18640013899867278,-0.3936096026078312,0.027122710105228345,-0.3936312943855093,0.037636645469160075
2.398,-0.19061920276482955,-0.3936312943855093,0.037636645469160075,-0.39377198963363635,0.04968826291285928
2.4,-0.19485423015505018,-0.39377198963363635,0.04968826291285928,-0.39298365269960506,0.05891485013403014
2.402,-0.19909840299159015,-0.39298365269960506,0.05891485013403014,-0.3932666437689342,0.07341339928152102
2.404,-0.2033448745067545,-0.3932666437689342,0.07341339928152102,-0.39327894713307743,0.07826917956811467
2.406,-0.20758677737585163,-0.39327894713307743,0.07826917956811467,-0.3929522044273599,0.08337372936779854
2.408,-0.21181723177518683,-0.3929522044273599,0.08337372936779854,-0.39297177038566944,0.09507879239659049
2.41,-0.2160293534558145,-0.39297177038566944,0.09507879239659049,-0.3927425482171911,0.10050454158254346
2.412,-0.22021626182374746,-0.3927425482171911,0.10050454158254346,-0.39217910621325486,0.10648489572561234
2.414,-0.224371088017323,-0.39217910621325486,0.10648489572561234,-0.3921611620396617,0.11846341728581558
2.416,-0.2284869829723728,-0.3921611620396617,0.11846341728581558,-0.39179127535869174,0.12057079676375312
2.418,-0.23255712546596255,-0.39179127535869174,0.12057079676375312,-0.3914825104350577,0.1262994245123855
2.42,-0.2365747301293691,-0.3914825104350577,0.1262994245123855,-0.3914665790220604,0.13463015586908492
2.422,-0.24053305542111564,-0.3914665790220604,0.13463015586908492,-0.390875225268531,0.13863956326616114
2.424,-0.24442541155081338,-0.390875225268531,0.13863956326616114,-0.3909904068889948,0.14800661564829562
2.426,-0.24824516834473867,-0.3909904068889948,0.14800661564829562,-0.39055271007054493,0.15071014320728074
2.428,-0.25198576304403525,-0.39055271007054493,0.15071014320728074,-0.3903962543771704,0.1581266150416552
2.43,-0.2556407080265648,-0.3903962543771704,0.1581266150416552,-0.389676691628275,0.1612181016411148
2.432,-0.2592035984435105,-0.389676691628275,0.1612181016411148,-0.3891893842387212,0.16513074059008934
2.434,-0.26266811976193105,-0.3891893842387212,0.16513074059008934,-0.3894331802569109,0.17405477773150202
2.436,-0.2660280552045468,-0.3894331802569109,0.17405477773150202,-0.388734845023097,0.17476303115420555
2.438,-0.26927729307822224,-0.388734845023097,0.17476303115420555,-0.38889411953876607,0.1808087959223777
2.44,-0.2724098339826486,-0.38889411953876607,0.1808087959223777,-0.3881103044847067,0.182734237879691
2.442,-0.2754197978909647,-0.3881103044847067,0.182734237879691,-0.3879429408339767,0.1939360443273019
2.444,-0.278301431094097,-0.3879429408339767,0.1939360443273019,-0.38734358089897775,0.18915296460703496
2.446,-0.28104911300086655,-0.38734358089897775,0.18915296460703496,-0.38683906803573576,0.19723875688616938
2.448,-0.2836573627859862,-0.38683906803573576,0.19723875688616938,-0.3867030240627489,0.19714573933738572
2.45,-0.28612084587828746,-0.3867030240627489,0.19714573933738572,-0.38634019577126083,0.20386395852629988
2.452,-0.28843438028170654,-0.38634019577126083,0.20386395852629988,-0.3859133499197659,0.207583686078366
2.454,-0.29059294272173325,-0.3859133499197659,0.207583686078366,-0.3854561130753261,0.21296563835505133
2.456,-0.2925916746102234,-0.3854561130753261,0.21296563835505133,-0.38515150972705525,0.21357941113240952
2.458,-0.2944258878217144,-0.38515150972705525,0.21357941113240952,-0.3844596478828545,0.21629392841371928
2.46,-0.2960910702745623,-0.3844596478828545,0.21629392841371928,-0.383608737991863,0.21787949903923187
2.462,-0.29758289131048077,-0.383608737991863,0.21787949903923187,-0.3835766675435825,0.22330291467719773
2.464,-0.29889720686624677,-0.3835766675435825,0.22330291467719773,-0.38302575950335377,0.21996838270079433
2.466,-0.30003006443164126,-0.38302575950335377,0.21996838270079433,-0.3831975278708583,0.22535358438472824
2.468,-0.30097770778787414,-0.3831975278708583,0.22535358438472824,-0.38197021108088164,0.23126068922553042
2.47,-0.30173658152103755,-0.38197021108088164,0.23126068922553042,-0.3817203868641826,0.2310569567681559
2.472,-0.30230333530537795,-0.3817203868641826,0.2310569567681559,-0.38131063028384854,0.2350815776166674
2.474,-0.30267482795143796,-0.38131063028384854,0.2350815776166674,-0.380997071422287,0.23640211635008324
2.476,-0.3028481312143936,-0.380997071422287,0.23640211635008324,-0.3803066245983993,0.23810162880919972
2.478,-0.3028205333581898,-0.3803066245983993,0.23810162880919972,-0.38000886943557083,0.24044484083400686
2.48,-0.3025895424713595,-0.38000886943557083,0.24044484083400686,-0.37948043742484305,0.24178141734226674
2.482,-0.30215288953068725,-0.37948043742484305,0.24178141734226674,-0.3784051564188577,0.24775163963612234
2.484,-0.3015085312091804,-0.3784051564188577,0.24775163963612234,-0.3784383820992593,0.2472903942548697
2.486,-0.30065465242510325,-0.3784383820992593,0.2472903942548697,-0.3776152045090687,0.24764216761168603
2.488,-0.29958966862911734,-0.3776152045090687,0.24764216761168603,-0.37737749009561755,0.2519493912916401
2.49,-0.29831222782688627,-0.37737749009561755,0.2519493912916401,-0.37695488909239344,0.2544698096884762
2.492,-0.2968212123347977,-0.37695488909239344,0.2544698096884762,-0.3765312476125933,0.2571771654288986
2.494,-0.29511574026676834,-0.3765312476125933,0.2571771654288986,-0.3757267219048817,0.257088294341968
2.496,-0.293195166750407,-0.3757267219048817,0.257088294341968,-0.375585031370113,0.26014936049650206
2.498,-0.2910590848711093,-0.375585031370113,0.26014936049650206,-0.3748449248101239,0.2634084414857251
2.5,-0.2887073263430024,-0.3748449248101239,0.2634084414857251,-0.3740483669410246,0.26799114969571114
2.5020000000000002,-0.2861399619059249,-0.3740483669410246,0.26799114969571114,-0.3735229328075393,0.26639820849820833
2.504,-0.28335730144799665,-0.3735229328075393,0.26639820849820833,-0.3734677556588548,0.2759708244119416
2.5060000000000002,-0.2803598938535997,-0.3734677556588548,0.2759708244119416,-0.3727866190974208,0.2788742921980398
2.508,-0.27714852657694267,-0.3727866190974208,0.2788742921980398,-0.3724002614642323,0.2759060220885535
2.5100000000000002,-0.2737242249416771,-0.3724002614642323,0.2759060220885535,-0.37143321364489534,0.2763763862018791
2.512,-0.270088251167361,-0.37143321364489534,0.2763763862018791,-0.3708049407975919,0.28345670624914016
2.5140000000000002,-0.2662421031238643,-0.3708049407975919,0.28345670624914016,-0.37069174399675053,0.28891786599237607
2.516,-0.26218751281515495,-0.37069174399675053,0.28891786599237607,-0.36984966770513705,0.2911229467281768
2.5180000000000002,-0.2579264445941612,-0.36984966770513705,0.2911229467281768,-0.3691851844052469,0.2945586836241602
2.52,-0.2534610931107909,-0.3691851844052469,0.2945586836241602,-0.36857151290200774,0.29841055429323576
2.5220000000000002,-0.2487938809954069,-0.36857151290200774,0.29841055429323576,-0.36835120719545644,0.30113691824785704
2.524,-0.2439274562804593,-0.36835120719545644,0.30113691824785704,-0.3671790398757266,0.31023615991501907
2.5260000000000002,-0.23886468956317508,-0.3671790398757266,0.31023615991501907,-0.366977384012118,0.31063404754906193
2.528,-0.23360867091259835,-0.366977384012118,0.31063404754906193,-0.3664676236394943,0.3148966494024908
2.5300000000000002,-0.2281627065244961,-0.3664676236394943,0.3148966494024908,-0.36545475759854257,0.32111587853102164
2.532,-0.22253031512798063,-0.36545475759854257,0.32111587853102164,-0.36474685660921136,0.3276021873962044
2.5340000000000003,-0.2167152241479517,-0.36474685660921136,0.3276021873962044,-0.36401453356766716,0.3333719788037237
2.536,-0.21072136562778512,-0.36401453356766716,0.3333719788037237,-0.36329915645897887,0.3362236073171727
2.5380000000000003,-0.20455287191690952,-0.36329915645897887,0.3362236073171727,-0.36303708691715403,0.3449605522420319
2.54,-0.1982140711282607,-0.36303708691715403,0.3449605522420319,-0.36206272789472865,0.34881479528592146
2.5420000000000003,-0.19170948237077393,-0.36206272789472865,0.34881479528592146,-0.3614219864304541,0.3591220608687461
2.544,-0.18504381076245055,-0.3614219864304541,0.3591220608687461,-0.36085419513103706,0.3621433821388404
2.5460000000000003,-0.17822194222965015,-0.36085419513103706,0.3621433821388404,-0.3595863992627368,0.3729085645408546
2.548,-0.1712489380986445,-0.3595863992627368,0.3729085645408546,-0.35942437958623097,0.377570050819214
2.5500000000000003,-0.16413002948558975,-0.35942437958623097,0.377570050819214,-0.3582685949355896,0.3866834519612616
2.552,-0.15687061149140072,-0.3582685949355896,0.3866834519612616,-0.35759702907302837,0.3970760709848161
2.5540000000000003,-0.14947623720814815,-0.35759702907302837,0.3970760709848161,-0.3568632024487104,0.4072280351506065
2.556,-0.14195261154391314,-0.3568632024487104,0.4072280351506065,-0.3558474569819974,0.4175757263562984
2.5580000000000003,-0.13430558487313587,-0.3558474569819974,0.4175757263562984,-0.35528855662853365,0.4238035526857782
2.56,-0.12654114651979997,-0.35528855662853365,0.4238035526857782,-0.354026904168283,0.4351199724638023
2.562,-0.11866541808088986,-0.354026904168283,0.4351199724638023,-0.353795936248001,0.4457674919657412
2.564,-0.11068464659784012,-0.353795936248001,0.4457674919657412,-0.3523440810347209,0.4532348179536557
2.566,-0.10260519758377976,-0.3523440810347209,0.4532348179536557,-0.35173961941921456,0.4611033806309527
2.568,-0.09443354791458564,-0.35173961941921456,0.4611033806309527,-0.35060537997722735,0.4781803113696204
2.57,-0.08617627859194804,-0.35060537997722735,0.4781803113696204,-0.34928439461901634,0.48602485003641166
2.572,-0.07784006738670221,-0.34928439461901634,0.48602485003641166,-0.34865774431780666,0.4989446122790094
2.574,-0.06943168137093612,-0.34865774431780666,0.4989446122790094,-0.34756891907935583,0.5109539977493225
2.576,-0.06095796934740445,-0.34756891907935583,0.5109539977493225,-0.3469905809656629,0.5256136660555875
2.578,-0.05242585418499217,-0.3469905809656629,0.5256136660555875,-0.34549314774703166,0.5375494581694679
2.58,-0.04384232506898079,-0.34549314774703166,0.5375494581694679,-0.34420373364933654,0.5514985869629001
2.582,-0.035214429675075556,-0.34420373364933654,0.5514985869629001,-0.34321551879354234,0.5656078599777656
2.584,-0.02654926627614304,-0.34321551879354234,0.5656078599777656,-0.34218115493134943,0.5775699593349153
2.586,-0.017853975790755906,-0.34218115493134943,0.5775699593349153,-0.3406168488711737,0.5899075487074232
2.588,-0.009135733782647808,-0.3406168488711737,0.5899075487074232,-0.33977504674629516,0.6066329971508654
2.59,-0.0004017424203232216,-0.33977504674629516,0.6066329971508654,-0.338270269709784,0.6208750863661726
2.592,0.008340777594004355,-0.338270269709784,0.6208750863661726,-0.3371538065339362,0.6380248358724291
2.594,0.017084595116810774,-0.3371538065339362,0.6380248358724291,-0.335402756517109,0.651486120069523
2.596,0.025822476667757957,-0.335402756517109,0.651486120069523,-0.3343523463876065,0.668020644675329
2.598,0.03454719453690401,-0.3343523463876065,0.668020644675329,-0.33301612922546137,0.6835075578237241
2.6,0.0432515348853991,-0.33301612922546137,0.6835075578237241,-0.3315382297939062,0.6993624120801397
2.602,0.051928305830276855,-0.3315382297939062,0.6993624120801397,-0.33045764528435295,0.718280620390593
2.604,0.060570345504114206,-0.33045764528435295,0.718280620390593,-0.3290786437940022,0.7368923350281369
2.606,0.0691705300802514,-0.3290786437940022,0.7368923350281369,-0.3270982764656243,0.7510307762287154
2.608,0.07772178175440245,-0.3270982764656243,0.7510307762287154,-0.32572882047387547,0.7693184969830429
2.61,0.0862170766734226,-0.32572882047387547,0.7693184969830429,-0.3242767948798472,0.7844628936460794
2.612,0.09464945280219034,-0.3242767948798472,0.7844628936460794,-0.3225819819398788,0.8074352451240528
2.614,0.10301201771950474,-0.3225819819398788,0.8074352451240528,-0.3207889216288239,0.8197090200718898
2.616,0.11129795633409924,-0.3207889216288239,0.8197090200718898,-0.3190272177193179,0.8415139595886822
2.618,0.11950053851183667,-0.3190272177193179,0.8415139595886822,-0.3176145934388722,0.8597295181258803
2.62,0.12761312660540708,-0.3176145934388722,0.8597295181258803,-0.3156592355489857,0.8787886493148196
2.622,0.1356291828777979,-0.3156592355489857,0.8787886493148196,-0.3142853997241685,0.8995344925769406
2.624,0.14354227681106946,-0.3142853997241685,0.8995344925769406,-0.3125229437343671,0.9171656129118946
2.626,0.15134609229198961,-0.3125229437343671,0.9171656129118946,-0.31043776654860045,0.933992852960661
2.628,0.15903443466633138,-0.31043776654860045,0.933992852960661,-0.30858688897842773,0.9591130147175566
2.63,0.1666012376536557,-0.30858688897842773,0.9591130147175566,-0.30653160356348896,0.9746134014474531
2.632,0.17404057011471374,-0.30653160356348896,0.9746134014474531,-0.3045376887299087,0.9975061740641454
2.634,0.1813466426636329,-0.3045376887299087,0.9975061740641454,-0.3022724360278605,1.0182770451774315
2.636,0.18851381411734108,-0.3022724360278605,1.0182770451774315,-0.30021914549560763,1.0372330906299154
2.638,0.19553659777477306,-0.30021914549560763,1.0372330906299154,-0.2978175231870759,1.05378268997199
2.64,0.2024096675187012,-0.2978175231870759,1.05378268997199,-0.2962065727952151,1.0784901100379218
2.642,0.20912786373313275,-0.2962065727952151,1.0784901100379218,-0.29367653334946026,1.0960048916160041
2.644,0.21568619902952124,-0.29367653334946026,1.0960048916160041,-0.2917664548412465,1.120096529144904
2.646,0.2220798637751769,-0.2917664548412465,1.120096529144904,-0.28907803203320437,1.1385182012100998
2.648,0.22830423141757927,-0.28907803203320437,1.1385182012100998,-0.28680814092520274,1.168730298372293
2.65,0.23435486359841334,-0.28680814092520274,1.168730298372293,-0.28450354113827836,1.1823622025434208
2.652,0.24022751505153306,-0.28450354113827836,1.1823622025434208,-0.28213299368173245,1.2022005645629392
2.654,0.24591813827916326,-0.28213299368173245,1.2022005645629392,-0.2798049619727438,1.2261652425972656
2.656,0.25142288800102747,-0.2798049619727438,1.2261652425972656,-0.2771801185449286,1.2460198768317712
2.658,0.2567381253712523,-0.2771801185449286,1.2460198768317712,-0.27470634540131067,1.2725657829219388
2.66,0.2618604219582484,-0.27470634540131067,1.2725657829219388,-0.2721749275964512,1.289199258171122
2.662,0.2667865634829749,-0.2721749275964512,1.289199258171122,-0.2694765104821339,1.3145248083109444
2.664,0.2715135533113182,-0.2694765104821339,1.3145248083109444,-0.26671555302996663,1.3325033832922677
2.666,0.27603861569656374,-0.26671555302996663,1.3325033832922677,-0.26418864346695603,1.3528363763140838
2.668,0.2803591987682736,-0.26418864346695603,1.3528363763140838,-0.2616616274698148,1.3761157094583774
2.67,0.28447297726410226,-0.2616616274698148,1.3761157094583774,-0.25864507827225397,1.3944949405936995
2.672,0.2883778550014713,-0.25864507827225397,1.3944949405936995,-0.255775614432354,1.421463822336973
2.674,0.2920719670862282,-0.255775614432354,1.421463822336973,-0.2528511212768795,1.4409158238213504
2.676,0.29555368185579795,-0.2528511212768795,1.4409158238213504,-0.24990962966578198,1.4624968493425858
2.678,0.29882160255458257,-0.24990962966578198,1.4624968493425858,-0.24695621153856348,1.482425342144674
2.68,0.30187456873971086,-0.24695621153856348,1.482425342144674,-0.24411359600454274,1.5043346257418408
2.682,0.3047116574155269,-0.24411359600454274,1.5043346257418408,-0.24104752996225406,1.5222825067459214
2.684,0.30733218389553346,-0.24104752996225406,1.5222825067459214,-0.23807963654511646,1.5465158472522074
2.686,0.3097357023908029,-0.23807963654511646,1.5465158472522074,-0.23437107921609138,1.5669994074349272
2.688,0.3119220063242141,-0.23437107921609138,1.5669994074349272,-0.23144440540036684,1.5846242639091699
2.69,0.31389112837014066,-0.23144440540036684,1.5846242639091699,-0.22850606451216343,1.6068388361811254
2.692,0.3156433402195909,-0.22850606451216343,1.6068388361811254,-0.22495009510728156,1.627505139491646
2.694,0.31717915207105596,-0.22495009510728156,1.627505139491646,-0.22157115526051332,1.6450426288899287
2.696,0.31849931184769287,-0.22157115526051332,1.6450426288899287,-0.2183966857282429,1.660332713673641
2.698,0.31960480414173925,-0.2183966857282429,1.660332713673641,-0.21526646065914143,1.6836958768221604
2.7,0.32049684888740126,-0.21526646065914143,1.6836958768221604,-0.2118276165616741,1.7002167919206592
2.702,0.3211768997637531,-0.2118276165616741,1.7002167919206592,-0.20825511456149515,1.7192617952372538
2.704,0.32164664232950174,-0.20825511456149515,1.7192617952372538,-0.20478262028460387,1.7374969141510945
2.706,0.3219079918917808,-0.20478262028460387,1.7374969141510945,-0.20129591499526317,1.758725175910802
2.708,0.32196309111143684,-0.20129591499526317,1.758725175910802,-0.19750184022413572,1.7767225617079276
2.71,0.32181430734758426,-0.19750184022413572,1.7767225617079276,-0.19421162320884636,1.7912040264496105
2.712,0.32146422974449973,-0.19421162320884636,1.7912040264496105,-0.19031493865573354,1.8091975634357629
2.714,0.3209156660642183,-0.19031493865573354,1.8091975634357629,-0.18705749903198343,1.8314998248372965
2.716,0.3201716392684978,-0.18705749903198343,1.8314998248372965,-0.18339591601340277,1.8429362946920804
2.718,0.31923538385409994,-0.18339591601340277,1.8429362946920804,-0.17964267995764804,1.8603973437113035
2.72,0.31811034194561655,-0.17964267995764804,1.8603973437113035,-0.17599112212108553,1.8734407147247363
2.722,0.3168001591503545,-0.17599112212108553,1.8734407147247363,-0.1721263948741796,1.8897285877638534
2.724,0.3153086801800675,-0.1721263948741796,1.8897285877638534,-0.16816040136009794,1.9042843291486233
2.726,0.3136399442445895,-0.16816040136009794,1.9042843291486233,-0.16449588864303638,1.9200626518454258
2.728,0.3117981802226708,-0.16449588864303638,1.9200626518454258,-0.16067114489585058,1.9382827166528025
2.73,0.3097878016156212,-0.16067114489585058,1.9382827166528025,-0.15652636458039476,1.9469230437117673
2.732,0.3076134012895446,-0.15652636458039476,1.9469230437117673,-0.15258556832732534,1.9640732195957045
2.734,0.30527974601226243,-0.15258556832732534,1.9640732195957045,-0.14847324769435893,1.9714550013461785
2.736,0.30279177079120506,-0.14847324769435893,1.9714550013461785,-0.14445391780591732,1.9835042140871177
2.738,0.3001545730188243,-0.14445391780591732,1.9835042140871177,-0.1407044632675256,2.00031908498703
2.74,0.29737340643225746,-0.1407044632675256,2.00031908498703,-0.1363035463412003,2.0046346204989747
2.742,0.2944536748942231,-0.1363035463412003,2.0046346204989747,-0.13291445698990859,2.0237504492031166
2.744,0.29140092600231676,-0.13291445698990859,2.0237504492031166,-0.12858476209597267,2.033081128346778
2.746,0.2882208445340818,-0.12858476209597267,2.033081128346778,-0.12437282596136467,2.04718468318174
2.748,0.28491924573539024,-0.12437282596136467,2.04718468318174,-0.12060550580002743,2.052472323974938
2.75,0.28150206845991754,-0.12060550580002743,2.052472323974938,-0.11617177679125805,2.0617139742880934
2.7520000000000002,0.27797536816756524,-0.11617177679125805,2.0617139742880934,-0.11226820262650634,2.06849420053445
2.754,0.27434530978995636,-0.11226820262650634,2.06849420053445,-0.10801267813894697,2.077057164134682
2.7560000000000002,0.2706181604711811,-0.10801267813894697,2.077057164134682,-0.10386499420340631,2.0878259693689714
2.758,0.26680028219220886,-0.10386499420340631,2.0878259693689714,-0.09965211132329324,2.093662570432596
2.7600000000000002,0.26289812428742615,-0.09965211132329324,2.093662570432596,-0.09535854156771403,2.1047041324617064
2.762,0.25891821586195146,-0.09535854156771403,2.1047041324617064,-0.09124731040276067,2.1081523249575107
2.7640000000000002,0.2548671581184664,-0.09124731040276067,2.1081523249575107,-0.08691964463176473,2.110809341994447
2.766,0.2507516166024008,-0.08691964463176473,2.110809341994447,-0.0826405735953541,2.1164952383533335
2.7680000000000002,0.24657831337439926,-0.0826405735953541,2.1164952383533335,-0.07847458982802694,2.1228867058739906
2.77,0.2423540191191335,-0.07847458982802694,2.1228867058739906,-0.07448112221954817,2.129115217587913
2.7720000000000002,0.23808554519949454,-0.07448112221954817,2.129115217587913,-0.06981276280935242,2.1324594696359718
2.774,0.23377973566538227,-0.06981276280935242,2.1324594696359718,-0.06559691623997556,2.1372246742521113
2.7760000000000002,0.22944345922625012,-0.06559691623997556,2.1372246742521113,-0.06155726034397227,2.1364895180185446
2.778,0.22508360119670853,-0.06155726034397227,2.1364895180185446,-0.057376898785487705,2.1384950995920256
2.7800000000000002,0.22070705542442146,-0.057376898785487705,2.1384950995920256,-0.05313455965998559,2.1408585437097174
2.782,0.21632071620962964,-0.05313455965998559,2.1408585437097174,-0.04858318364526468,2.141442007425267
2.7840000000000003,0.21193147022560685,-0.04858318364526468,2.141442007425267,-0.04452136394934159,2.139713766112209
2.786,0.2075461884493553,-0.04452136394934159,2.139713766112209,-0.04011365671626524,2.1469720912992982
2.7880000000000003,0.20317171811183282,-0.04011365671626524,2.1469720912992982,-0.035612743996239336,2.1418584149118876
2.79,0.19881487467702066,-0.035612743996239336,2.1418584149118876,-0.031203530034572945,2.1410874255029464
2.7920000000000003,0.19448243385902514,-0.031203530034572945,2.1410874255029464,-0.02671835724425124,2.141138827737516
2.794,0.19018112368646606,-0.02671835724425124,2.141138827737516,-0.022770057443293516,2.1384291490682585
2.7960000000000003,0.18591761662324435,-0.022770057443293516,2.1384291490682585,-0.018584174952895396,2.136124861918101
2.798,0.18169852175482748,-0.018584174952895396,2.136124861918101,-0.014170924811748739,2.1329132491984217
2.8000000000000003,0.17753037704899666,-0.014170924811748739,2.1329132491984217,-0.010233420034061235,2.12855736055801
2.802,0.17341964170001836,-0.010233420034061235,2.12855736055801,-0.005663849773714614,2.1273453526297588
2.8040000000000003,0.16937268856504675,-0.005663849773714614,2.1273453526297588,-0.0016111170843621176,2.1235837463664264
2.806,0.16539579670147253,-0.0016111170843621176,2.1235837463664264,0.00249627860302811,2.117525744656667
2.8080000000000003,0.1614951440138171,0.00249627860302811,2.117525744656667,0.007046068774318788,2.112399571961766
2.81,0.15767680001865142,0.007046068774318788,2.112399571961766,0.011057202668998956,2.108373569001353
2.8120000000000003,0.15394671873587618,0.011057202668998956,2.108373569001353,0.015166905511459983,2.0999790478029987
2.814,0.15031073171455395,0.015166905511459983,2.0999790478029987,0.01964419099034515,2.0965091219722947
2.816,0.14677454120131822,0.01964419099034515,2.0965091219722947,0.023887902262462284,2.086773603507989
2.818,0.14334371345926494,0.023887902262462284,2.086773603507989,0.028084860183217486,2.078216024506439
2.82,0.14002367224499096,0.028084860183217486,2.078216024506439,0.03212240570363905,2.0714932223624913
2.822,0.13681969245130876,0.03212240570363905,2.0714932223624913,0.03613256644665101,2.062093886593436
2.824,0.1337368939229835,0.03613256644665101,2.062093886593436,0.04026179589998125,2.0545751530098895
2.826,0.13078023545258113,0.04026179589998125,2.0545751530098895,0.04436959991992374,2.051318734596792
2.828,0.12795450896338886,0.04436959991992374,2.051318734596792,0.04886873196133739,2.036728675401985
2.83,0.12526433388607253,0.04886873196133739,2.036728675401985,0.052579892925088884,2.027877196082103
2.832,0.12271415173559436,0.052579892925088884,2.027877196082103,0.05650964722262446,2.0180795445572794
2.834,0.12030822089460017,0.05650964722262446,2.0180795445572794,0.060657827975813004,2.0061946484795605
2.836,0.11805061160931626,0.060657827975813004,2.0061946484795605,0.064228066181441,1.9930055555264952
2.838,0.1159452012037181,0.064228066181441,1.9930055555264952,0.06845830895170704,1.9856274798652107
2.84,0.11399566951748111,0.06845830895170704,1.9856274798652107,0.07224561678015387,1.969387123379329
2.842,0.11220549457297427,0.07224561678015387,1.969387123379329,0.07611943861422375,1.9606631465219966
2.844,0.1105779484763039,0.07611943861422375,1.9606631465219966,0.08059317684073702,1.9512643481506702
2.846,0.10911609355710997,0.08059317684073702,1.9512643481506702,0.08390595211041407,1.9372686735666609
2.848,0.10782277875159194,0.08390595211041407,1.9372686735666609,0.08785333329613305,1.9250601376150427
2.85,0.10670063623290865,0.08785333329613305,1.9250601376150427,0.09218739247435036,1.9094773264724658
2.852,0.10575207829286487,0.09218739247435036,1.9094773264724658,0.09513321838253394,1.8994404473073219
2.854,0.10497929447845558,0.09513321838253394,1.8994404473073219,0.09946364533374397,1.8844574490110886
2.856,0.10438424898658613,0.09946364533374397,1.8844574490110886,0.10297097789864294,1.8714962255970375
2.858,0.10396867831997225,0.10297097789864294,1.8714962255970375,0.10681591905187565,1.8571028838367147
2.86,0.10373408920691762,0.10681591905187565,1.8571028838367147,0.1104778357765779,1.8433404251678398
2.862,0.10368175678737634,0.1104778357765779,1.8433404251678398,0.11409095251397228,1.8355713206549282
2.864,0.10381272306739259,0.11409095251397228,1.8355713206549282,0.11785257491847553,1.8185562052553814
2.866,0.10412779564370145,0.11785257491847553,1.8185562052553814,0.12155071214201493,1.803638929677789
2.868,0.10462754669996588,0.12155071214201493,1.803638929677789,0.12469842591503089,1.7868342627438145
2.87,0.10531231227581017,0.12469842591503089,1.7868342627438145,0.12882341678689918,1.7755589105364349
2.872,0.10618219180949909,0.12882341678689918,1.7755589105364349,0.13229346913361828,1.7570245547103231
2.874,0.10723704795479119,0.13229346913361828,1.7570245547103231,0.13537374378754305,1.7420890707805727
2.876,0.10847650667218509,0.13537374378754305,1.7420890707805727,0.1387869182036823,1.7269672349685752
2.878,0.10989995759445872,0.1387869182036823,1.7269672349685752,0.14263209307405067,1.7124969960613674
2.88,0.11150655466608167,0.14263209307405067,1.7124969960613674,0.1458416811573236,1.6946615152882833
2.882,0.11329521705577941,0.1458416811573236,1.6946615152882833,0.14913271290403507,1.679083388152877
2.884,0.11526463034118808,0.14913271290403507,1.679083388152877,0.1523946614382595,1.665074967566176
2.886,0.11741324796426025,0.1523946614382595,1.665074967566176,0.1556392460634052,1.6495178139042295
2.888,0.11973929295572966,0.1556392460634052,1.6495178139042295,0.15907110091890964,1.6388141101150955
2.89,0.12224075992667699,0.15907110091890964,1.6388141101150955,0.1624038596488894,1.6211336476241245
2.892,0.12491541732488345,0.1624038596488894,1.6211336476241245,0.16571601404899672,1.6063581921468235
2.894,0.12776080995340347,0.16571601404899672,1.6063581921468235,0.16889738776964286,1.58810504879038
2.896,0.13077426174844267,0.16889738776964286,1.58810504879038,0.17150586804136225,1.5738265742015527
2.898,0.13395287881335802,0.17150586804136225,1.5738265742015527,0.17490926147968286,1.5612730640693941
2.9,0.137293552705283,0.17490926147968286,1.5612730640693941,0.17866779679107245,1.5452779474243294
2.902,0.14079296397061347,0.17866779679107245,1.5452779474243294,0.18135060832896252,1.5298478509647704
2.904,0.1444475859252607,0.18135060832896252,1.5298478509647704,0.18391728984672528,1.517349278935742
2.906,0.14825368867535793,0.18391728984672528,1.517349278935742,0.18722353385328355,1.498520940677847
2.908,0.15220734337376074,0.18722353385328355,1.498520940677847,0.1901113271958955,1.483840105743038
2.91,0.1563044267074785,0.1901113271958955,1.483840105743038,0.19279302382829705,1.4701215867146118
2.912,0.16054062561083643,0.19279302382829705,1.4701215867146118,0.19599204402620735,1.4565211250895616
2.914,0.1649114421989849,0.19599204402620735,1.4565211250895616,0.1990501839138279,1.4414460827360547
2.916,0.1694121989160492,0.1990501839138279,1.4414460827360547,0.20170906498455618,1.4277736926615503
2.918,0.17403804389201152,0.20170906498455618,1.4277736926615503,0.20419005755769498,1.4115992646212956
2.92,0.17878395650215212,0.20419005755769498,1.4115992646212956,0.20712138289950022,1.3990354767553026
2.922,0.18364475312267137,0.20712138289950022,1.3990354767553026,0.21033772129621664,1.3824095277937927
2.924,0.1886150930758316,0.21033772129621664,1.3824095277937927,0.2129531160434781,1.370758616816796
2.926,0.1936894847578258,0.2129531160434781,1.370758616816796,0.21538040338309075,1.3575364392815403
2.928,0.19886229194227353,0.21538040338309075,1.3575364392815403,0.21788366685964314,1.3397933232153738
2.93,0.20412774025213531,0.21788366685964314,1.3397933232153738,0.22101132964142936,1.3285385534499636
2.932,0.20947992379254574,0.22101132964142936,1.3285385534499636,0.22341751697865972,1.3148362993217577
2.934,0.2149128119369858,0.22341751697865972,1.3148362993217577,0.22598447703207486,1.3029175139349058
2.936,0.2204202562589409,0.22598447703207486,1.3029175139349058,0.2285197244723752,1.2903070182533283
2.938,0.22599599760108985,0.2285197244723752,1.2903070182533283,0.23105503912176814,1.2774537287341985
2.94,0.2316336732738744,0.23105503912176814,1.2774537287341985,0.23368368524524133,1.2655234187023507
2.942,0.23732682437518782,0.23368368524524133,1.2655234187023507,0.23614601511844924,1.2499512226333067
2.944,0.24306890322271296,0.23614601511844924,1.2499512226333067,0.23893058997461286,1.2357793062702582
2.946,0.24885328089041017,0.23893058997461286,1.2357793062702582,0.24147541801059394,1.2249301904125585
2.948,0.25467325484042797,0.24147541801059394,1.2249301904125585,0.24379340782065065,1.2155069817647415
2.95,0.26052205664170003,0.24379340782065065,1.2155069817647415,0.24586571266329818,1.2066868740647423
2.952,0.26639285976628824,0.24586571266329818,1.2066868740647423,0.24810184028450136,1.1936122738199844
2.954,0.27227878745455714,0.24810184028450136,1.1936122738199844,0.2507542261318523,1.183418625666708
2.956,0.27817292064007804,0.2507542261318523,1.183418625666708,0.25312042843523114,1.1701871435509372
2.958,0.2840683059251652,0.25312042843523114,1.1701871435509372,0.25541718377091865,1.1595448399654025
2.96,0.2899579635978481,0.25541718377091865,1.1595448399654025,0.25734757357667915,1.151676456041332
2.962,0.29583489568107774,0.25734757357667915,1.151676456041332,0.25963852503672274,1.143459668135082
2.964,0.3016920940048497,0.25963852503672274,1.143459668135082,0.26229856996546597,1.1300167684596876
2.966,0.30752254829201453,0.26229856996546597,1.1300167684596876,0.26487112602815593,1.1230997422680813
2.968,0.31331925424840734,0.26487112602815593,1.1230997422680813,0.2668436129480336,1.1097623171247193
2.97,0.3190752216480366,0.2668436129480336,1.1097623171247193,0.2687690476339471,1.103581730209637
2.972,0.3247834824039645,0.2687690476339471,1.103581730209637,0.2708677003563196,1.0939720594300042
2.974,0.3304370986156496,0.2708677003563196,1.0939720594300042,0.2731459277216815,1.0855704106696835
2.976,0.3360291705834371,0.2731459277216815,1.0855704106696835,0.2756687222952185,1.074329940040257
2.978,0.3415528447809947,0.2756687222952185,1.074329940040257,0.2779002100451759,1.0675859908500414
2.98,0.3470013217765019,0.2779002100451759,1.0675859908500414,0.2797533705254806,1.0594960267048934
2.982,0.35236786409349574,0.2797533705254806,1.0594960267048934,0.28205267170842824,1.0512757385357017
2.984,0.35764580400227614,0.28205267170842824,1.0512757385357017,0.2838275013455697,1.0427834638397653
2.986,0.36282855123295815,0.2838275013455697,1.0427834638397653,0.28600791577879026,1.0356239122699964
2.988,0.367909600601234,0.28600791577879026,1.0356239122699964,0.28828836058612384,1.0272208809601322
2.99,0.37288253953811556,0.28828836058612384,1.0272208809601322,0.2902080072037818,1.0208697486185603
2.992,0.3777410555149302,0.2902080072037818,1.0208697486185603,0.2919825268704339,1.0107429348020034
2.994,0.3824789433550796,0.2919825268704339,1.0107429348020034,0.2941340278862239,1.0070793045387705
2.996,0.38709011242409463,0.2941340278862239,1.0070793045387705,0.29581050826095606,1.0019559223562209
2.998,0.3915685936897304,0.29581050826095606,1.0019559223562209,0.29814615276705714,0.9982395615810774
