# {"config": {"dt": 0.002, "kind": "wheel", "torque_limit_nm": 2.0}, "initial_command_history": "zero", "initial_state": "known_rest", "known_initial_rest": true, "name": "calibration_1", "sampling": "position_then_command_then_next_position", "schema": "encoder_position_only", "schema_version": 1, "split": "calibration"}
time_s,command_torque_nm,position_rad,next_position_rad
0.0,0.27961172579016785,0.00016063063370303887,-0.00038387149256208334
0.002,0.28666321967471037,-0.00038387149256208334,0.00019877052727709937
0.004,0.29368597624078524,0.00019877052727709937,0.00020470857861438948
0.006,0.30067290351246667,0.00020470857861438948,0.0002503639794608325
0.008,0.3076169273707555,0.0002503639794608325,0.00010810793049322926
0.01,0.31451099962152645,0.00010810793049322926,0.0004502456917476735
0.012,0.32134810603544833,0.0004502456917476735,0.0008069892441547234
0.014,0.32812127435062927,0.0008069892441547234,0.0009400260604702481
0.016,0.3348235822287809,0.0009400260604702481,0.0014277118041955974
0.018000000000000002,0.3414481651557477,0.0014277118041955974,0.0016278132121706522
0.02,0.34798822427731346,0.0016278132121706522,0.0019521676551456655
0.022,0.35443703416127015,0.0019521676551456655,0.002561995049315684
0.024,0.3607879504768194,0.002561995049315684,0.0030182546743251983
0.026000000000000002,0.3670344175824711,0.0030182546743251983,0.0035338935690552515
0.028,0.3731699760137107,0.0035338935690552515,0.004421672081591191
0.03,0.37918826986182025,0.004421672081591191,0.004496339019479558
0.032,0.3850830540353632,0.004496339019479558,0.005663735151701574
0.034,0.39084820139598,0.005663735151701574,0.006238141258173823
0.036000000000000004,0.3964777097602837,0.006238141258173823,0.007211124908464138
0.038,0.4019657087598003,0.007211124908464138,0.007961804989199866
0.04,0.4073064665510612,0.007961804989199866,0.008782802368018613
0.042,0.4124943963681269,0.008782802368018613,0.009867695646405557
0.044,0.41752406291000393,0.009867695646405557,0.010705699925355791
0.046,0.42239018855560584,0.010705699925355791,0.011998346691862716
0.048,0.42708765939910637,0.011998346691862716,0.01349333735174458
0.05,0.4316115310987425,0.01349333735174458,0.01460667374290663
0.052000000000000005,0.43595703453233614,0.01460667374290663,0.015858834828021452
0.054,0.4401195812530283,0.015858834828021452,0.017737268351629063
0.056,0.44409476873894865,0.017737268351629063,0.018977928396674754
0.058,0.4478783854307784,0.018977928396674754,0.02021066357730665
0.06,0.4514664155514128,0.02021066357730665,0.022129726769601246
0.062,0.45485504370217533,0.022129726769601246,0.023809530267275548
0.064,0.45804065923029585,0.023809530267275548,0.025596937770909843
0.066,0.4610198603626282,0.025596937770909843,0.027183892079689517
0.068,0.46378945810084876,0.027183892079689517,0.029176888229770954
0.07,0.46634647987365596,0.029176888229770954,0.03098680106785117
0.07200000000000001,0.4686881729417665,0.03098680106785117,0.03290907337556232
0.074,0.4708120075517912,0.03290907337556232,0.03510812839289496
0.076,0.4727156798353611,0.03510812839289496,0.03735738636138879
0.078,0.4743971144501672,0.03735738636138879,0.03968525246183991
0.08,0.47585446695987477,0.03968525246183991,0.04195472730814806
0.082,0.4770861259501745,0.04195472730814806,0.04409727691729835
0.084,0.47809071487853344,0.04409727691729835,0.046512633793043365
0.08600000000000001,0.47886709365551805,0.046512633793043365,0.04901130180152488
0.088,0.4794143599558702,0.04901130180152488,0.05126662643353862
0.09,0.47973185025782444,0.05126662643353862,0.05407903424939527
0.092,0.4798191406094733,0.05407903424939527,0.056376809281843736
0.094,0.4796760471212958,0.056376809281843736,0.059304858183829745
0.096,0.47930262618428343,0.059304858183829745,0.06225865280788058
0.098,0.4786991744134109,0.06225865280788058,0.06494286740463111
0.1,0.47786622831651715,0.06494286740463111,0.06772148725732116
0.10200000000000001,0.47680456368897584,0.06772148725732116,0.07142582249011636
0.10400000000000001,0.4755151947348526,0.07142582249011636,0.07384488870000308
0.106,0.47399937291555766,0.07384488870000308,0.07696799020028704
0.108,0.4722585855273197,0.07696799020028704,0.0802568516052778
0.11,0.4702945540091162,0.0802568516052778,0.08337369925639335
0.112,0.46810923198300575,0.08337369925639335,0.086540389585248
0.114,0.4657048030291184,0.086540389585248,0.08966575629733448
0.116,0.46308367819786045,0.08966575629733448,0.0933603026580303
0.11800000000000001,0.4602484932621987,0.0933603026580303,0.09654301959877039
0.12,0.45720210571318154,0.09654301959877039,0.10039764370085813
0.122,0.4539475915021558,0.10039764370085813,0.10370361426458116
0.124,0.45048824153342476,0.10370361426458116,0.10673645387733703
0.126,0.44682755791138384,0.10673645387733703,0.11073526822257865
0.128,0.44296924994644904,0.11073526822257865,0.11446515515783273
0.13,0.4389172299243751,0.11446515515783273,0.11808277490344155
0.132,0.4346756086438278,0.11808277490344155,0.12197242725095606
0.134,0.43024869072734573,0.12197242725095606,0.1254113275195893
0.136,0.42564096971108506,0.1254113275195893,0.129261616963646
0.138,0.42085712291899535,0.129261616963646,0.1332448626698169
0.14,0.41590200612732364,0.1332448626698169,0.137115395939286
0.14200000000000002,0.410780648025585,0.137115395939286,0.14112695377701742
0.14400000000000002,0.40549824448037064,0.14112695377701742,0.14499334343015732
0.146,0.40006015260859284,0.14499334343015732,0.1490995191458513
0.148,0.3944718846669847,0.1490995191458513,0.15289508510550634
0.15,0.3887391017648838,0.15289508510550634,0.15707246873955358
0.152,0.3828676074075331,0.15707246873955358,0.1614017052469641
0.154,0.37686334087732526,0.1614017052469641,0.16531218278623938
0.156,0.3707323704606059,0.16531218278623938,0.16928694265137723
0.158,0.36448088652782623,0.16928694265137723,0.17307146077114105
0.16,0.3581151944750058,0.17307146077114105,0.1778131428570241
0.162,0.3516417075346253,0.1778131428570241,0.18198588795628298
0.164,0.3450669394642193,0.18198588795628298,0.18657564806141294
0.166,0.3383974971210778,0.18657564806141294,0.19067387918592718
0.168,0.3316400729316016,0.19067387918592718,0.19449719157765938
0.17,0.3248014372639708,0.19449719157765938,0.1990216576382326
0.17200000000000001,0.31788843071290124,0.1990216576382326,0.20340304972377093
0.17400000000000002,0.3109079563053653,0.20340304972377093,0.20795529604946017
0.176,0.3038669716362395,0.20795529604946017,0.2118391890913863
0.178,0.2967724809429281,0.2118391890913863,0.21626967031892902
0.18,0.28963152712807816,0.21626967031892902,0.22067882388968107
0.182,0.2824511837395606,0.22067882388968107,0.22521808940659868
0.184,0.2752385469169437,0.22521808940659868,0.22943748276238687
0.186,0.26800072731372243,0.22943748276238687,0.23352135035839908
0.188,0.2607448420045931,0.23352135035839908,0.23800571109178995
0.19,0.2534780063870847,0.23800571109178995,0.24238483518277584
0.192,0.24620732608685778,0.24238483518277584,0.2463700987389468
0.194,0.23893988887598408,0.2463700987389468,0.2512205238416979
0.196,0.2316827566135004,0.2512205238416979,0.25539110695320977
0.198,0.22444295721750737,0.25539110695320977,0.2600604773719238
0.2,0.21722747667804398,0.2600604773719238,0.2638516263658511
0.202,0.21004325111992764,0.2638516263658511,0.26819794764571275
0.20400000000000001,0.2028971589246823,0.26819794764571275,0.2727625067941364
0.20600000000000002,0.19579601292062065,0.2727625067941364,0.27687528530885447
0.20800000000000002,0.18874655265005807,0.27687528530885447,0.2811592448872702
0.21,0.18175543672255223,0.2811592448872702,0.2853882537175468
0.212,0.17482923526296096,0.2853882537175468,0.28997123715760503
0.214,0.16797442246300454,0.28997123715760503,0.29357177304111676
0.216,0.16119736924489517,0.29357177304111676,0.2982623383621247
0.218,0.15450433604547037,0.2982623383621247,0.302330574286955
0.22,0.1479014657291272,0.302330574286955,0.30674012903878445
0.222,0.14139477663770517,0.30674012903878445,0.31072095317734544
0.224,0.1349901557853107,0.31072095317734544,0.314739926202526
0.226,0.12869335220590378,0.314739926202526,0.31870272705059344
0.228,0.12250997046129748,0.31870272705059344,0.3225150189839624
0.23,0.11644546431703258,0.3225150189839624,0.3268617221893342
0.232,0.11050513059339548,0.3268617221893342,0.3308089101674956
0.234,0.10469410319865,0.3308089101674956,0.3350303408888188
0.23600000000000002,0.09901734735133944,0.3350303408888188,0.33881736291631637
0.23800000000000002,0.09347965399830005,0.33881736291631637,0.3426740530317326
0.24,0.08808563443480047,0.3426740530317326,0.3465840537810045
0.242,0.0828397151329893,0.3465840537810045,0.3505391147317088
0.244,0.07774613278459389,0.3505391147317088,0.3542465170876729
0.246,0.07280892956356477,0.3542465170876729,0.35839812717939346
0.248,0.06803194861410988,0.35839812717939346,0.36160166533486765
0.25,0.06341882976929811,0.36160166533486765,0.36553372105119214
0.252,0.058973005505153275,0.36553372105119214,0.3693006797845238
0.254,0.05469769713488129,0.3693006797845238,0.37300336116177085
0.256,0.05059591124760218,0.37300336116177085,0.3764059825842191
0.258,0.046670436395673615,0.3764059825842191,0.3799021036360557
0.26,0.04292384003440844,0.3799021036360557,0.3838260886376135
0.262,0.03935846571769694,0.3838260886376135,0.38702942288088166
0.264,0.03597643055274999,0.38702942288088166,0.39064084672340926
0.266,0.03277962291688122,0.39064084672340926,0.39414339878861016
0.268,0.02976970043894525,0.39414339878861016,0.3972640964339369
0.27,0.026948088247742252,0.3972640964339369,0.4011383011325298
0.272,0.02431597748939404,0.4011383011325298,0.40427141056735827
0.274,0.021874324115384786,0.40427141056735827,0.40743596841457436
0.276,0.01962384794265104,0.40743596841457436,0.4106836697478908
0.278,0.017565031986788493,0.4106836697478908,0.4137017032685589
0.28,0.01569812206913193,0.4137017032685589,0.4169155515637737
0.28200000000000003,0.014023126698147814,0.4169155515637737,0.41974748530430167
0.28400000000000003,0.012539817225262484,0.41974748530430167,0.422848213055176
0.28600000000000003,0.011247728274934754,0.422848213055176,0.4263245437700182
0.28800000000000003,0.010146158448464004,0.4263245437700182,0.4293114855882568
0.29,0.009234171300712163,0.4293114855882568,0.431901096035269
0.292,0.008510596588600206,0.431901096035269,0.4349308983444717
0.294,0.00797403178993053,0.4349308983444717,0.4376798401731455
0.296,0.007622843890772307,0.4376798401731455,0.4404379888445653
0.298,0.007455171439340463,0.4404379888445653,0.4432859428878412
0.3,0.00746892686398859,0.4432859428878412,0.4461266809944221
0.302,0.0076617990526369195,0.4461266809944221,0.44833681111404977
0.304,0.008031256190649205,0.44833681111404977,0.45195787637629503
0.306,0.008574548853881037,0.45195787637629503,0.45418233648699274
0.308,0.009288713353323264,0.45418233648699274,0.45702921822030923
0.31,0.010170575327478754,0.45702921822030923,0.45966326199335333
0.312,0.011216753578321081,0.45966326199335333,0.46198704297846843
0.314,0.012423664146407498,0.46198704297846843,0.46438920175504267
0.316,0.01378752462044025,0.46438920175504267,0.467171787515556
0.318,0.0153043586763012,0.467171787515556,0.46950892043501163
0.32,0.016970000840321242,0.46950892043501163,0.4719002047915516
0.322,0.01878010147128728,0.4719002047915516,0.4741469697786415
0.324,0.020730131955436687,0.4741469697786415,0.47651257051133666
0.326,0.022815390108445507,0.47651257051133666,0.4784346146393743
0.328,0.025031005778178073,0.4784346146393743,0.4808636645607741
0.33,0.02737194664173262,0.4808636645607741,0.4831614475630899
0.332,0.029833024190096882,0.4831614475630899,0.4854210098748346
0.334,0.03240889989350876,0.4854210098748346,0.48743866790329543
0.336,0.03509409154041172,0.48743866790329543,0.4893632436812063
0.338,0.03788297974269168,0.4893632436812063,0.4920127388721033
0.34,0.04076981459969277,0.4920127388721033,0.4939476422808388
0.342,0.043748722513326704,0.4939476422808388,0.4963631154006661
0.34400000000000003,0.046813713146415525,0.4963631154006661,0.4983348613661827
0.34600000000000003,0.04995868651624143,0.4983348613661827,0.5000521950744041
0.34800000000000003,0.05317744021512667,0.5000521950744041,0.5025416473010681
0.35000000000000003,0.05646367674971118,0.5025416473010681,0.5042534509678085
0.352,0.05981101099047064,0.5042534509678085,0.5064962970855443
0.354,0.06321297772287836,0.5064962970855443,0.508132440696548
0.356,0.06666303929150885,0.508132440696548,0.5099472880868235
0.358,0.07015459332826503,0.5099472880868235,0.5120879064714005
0.36,0.07368098055581757,0.5120879064714005,0.5140174885565031
0.362,0.07723549265726082,0.5140174885565031,0.5161417830239676
0.364,0.08081138020290835,0.5161417830239676,0.5176306436541045
0.366,0.08440186062508824,0.5176306436541045,0.5198406538684109
0.368,0.08800012623174533,0.5198406538684109,0.5216755767046419
0.37,0.0915993522496047,0.5216755767046419,0.5231821703529217
0.372,0.0951927048876287,0.5231821703529217,0.5251405722987926
0.374,0.09877334941146304,0.5251405722987926,0.5269123373455743
0.376,0.10233445821956746,0.5269123373455743,0.5287712116773784
0.378,0.10586921891171543,0.5287712116773784,0.5305445402433276
0.38,0.10937084234055813,0.5305445402433276,0.5325777888289216
0.382,0.11283257063697155,0.5325777888289216,0.5343988827951116
0.384,0.11624768519993123,0.5343988827951116,0.5359299990920338
0.386,0.11960951464169914,0.5359299990920338,0.5376753512206346
0.388,0.12291144267916562,0.5376753512206346,0.539675801411426
0.39,0.12614691596224156,0.539675801411426,0.541816898599677
0.392,0.12930945183027584,0.541816898599677,0.543052287242127
0.394,0.1323926459875536,0.543052287242127,0.5448195231599311
0.396,0.13539018008902065,0.5448195231599311,0.5467219459990267
0.398,0.13829582922749145,0.5467219459990267,0.5481279806262951
0.4,0.14110346931369785,0.5481279806262951,0.5503024540328731
0.402,0.14380708434067524,0.5503024540328731,0.5519537308543064
0.404,0.14640077352410139,0.5519537308543064,0.5534548409870701
0.406,0.14887875831035433,0.5534548409870701,0.555435858136028
0.40800000000000003,0.15123538924420715,0.555435858136028,0.5570406228496253
0.41000000000000003,0.15346515268823493,0.5570406228496253,0.5589103003648185
0.41200000000000003,0.1555626773861853,0.5589103003648185,0.560686664438402
0.41400000000000003,0.15752274086273876,0.560686664438402,0.5623237837380415
0.41600000000000004,0.15934027565227604,0.5623237837380415,0.5638002624464916
0.418,0.16101037534946624,0.5638002624464916,0.5660437587877339
0.42,0.16252830047469394,0.5660437587877339,0.5677190123917504
0.422,0.1638894841475566,0.5677190123917504,0.5699023489818712
0.424,0.16508953756188557,0.5699023489818712,0.5715576940845412
0.426,0.16612425525596994,0.5715576940845412,0.573310820710082
0.428,0.16698962017190197,0.573310820710082,0.5754996940657991
0.43,0.1676818084982018,0.5754996940657991,0.5771599058803657
0.432,0.16819719429013175,0.5771599058803657,0.5786472746735036
0.434,0.1685323538623636,0.5786472746735036,0.580631962124987
0.436,0.16868406994892574,0.580631962124987,0.5825386171463697
0.438,0.16864933562562612,0.5825386171463697,0.5838099203212862
0.44,0.16842535799041744,0.5838099203212862,0.5861665118023563
0.442,0.1680095615974518,0.5861665118023563,0.5878174130976279
0.444,0.16739959164085633,0.5878174130976279,0.5897121398404402
0.446,0.16659331688454473,0.5897121398404402,0.5917390133490589
0.448,0.16558883233467936,0.5917390133490589,0.5935379447830325
0.45,0.1643844616516869,0.5935379447830325,0.5957022280968401
0.452,0.16297875929903805,0.5957022280968401,0.5972398067232659
0.454,0.16137051242629666,0.5972398067232659,0.5991947553728381
0.456,0.1595587424842579,0.5991947553728381,0.6010750442407157
0.458,0.15754270657029606,0.6010750442407157,0.6031422147324887
0.46,0.15532189850235872,0.6031422147324887,0.6047623841298847
0.462,0.1528960496203529,0.6047623841298847,0.606700182983622
0.464,0.150265129313983,0.606700182983622,0.6085794358361827
0.466,0.14742934527642,0.6085794358361827,0.6105009659720975
0.468,0.14438914348348714,0.6105009659720975,0.6126821162396919
0.47000000000000003,0.14114520789837365,0.6126821162396919,0.6142530757407177
0.47200000000000003,0.13769845990219842,0.6142530757407177,0.6163119704255081
0.47400000000000003,0.13405005745105986,0.6163119704255081,0.6186378128494495
0.47600000000000003,0.1302013939605307,0.6186378128494495,0.6200401597435691
0.47800000000000004,0.12615409691885884,0.6200401597435691,0.6217541913672341
0.48,0.12191002623045791,0.6217541913672341,0.6239617998752832
0.482,0.11747127229157586,0.6239617998752832,0.6259974982529319
0.484,0.11284015380033993,0.6259974982529319,0.6273024956048109
0.486,0.10801921530368408,0.6273024956048109,0.6297052750221639
0.488,0.10301122448396163,0.6297052750221639,0.6315546584741543
0.49,0.09781916918835436,0.6315546584741543,0.6335374995459885
0.492,0.09244625420447798,0.6335374995459885,0.6356504004149989
0.494,0.08689589778587876,0.6356504004149989,0.6371571569725174
0.496,0.0811717279314075,0.6371571569725174,0.638971936439102
0.498,0.07527757842273154,0.638971936439102,0.6409082325145209
0.5,0.06921748462453499,0.6409082325145209,0.6426965933156013
0.502,0.06299567905222078,0.6426965933156013,0.6443128354229634
0.504,0.05661658671220282,0.6443128354229634,0.6463244287324049
0.506,0.050084820220132914,0.6463244287324049,0.6481330504745316
0.508,0.04340517470266843,0.6481330504745316,0.6498248336311121
0.51,0.036582622488630784,0.6498248336311121,0.6515284360111498
0.512,0.02962230759564924,0.6515284360111498,0.6531272189867332
0.514,0.022529540018620967,0.6531272189867332,0.6549044269664303
0.516,0.015309789826545878,0.6549044269664303,0.6568924277076521
0.518,0.007968681074511944,0.6568924277076521,0.6585058611039195
0.52,0.0005119855378299398,0.6585058611039195,0.6598139464802315
0.522,-0.007054383724495503,0.6598139464802315,0.6614450050345855
0.524,-0.014724378969558333,0.6614450050345855,0.6632713362288014
0.526,-0.022491824526028867,0.6632713362288014,0.6645837188832889
0.528,-0.03035042369755868,0.6645837188832889,0.6665871005225776
0.53,-0.03829376580617516,0.6665871005225776,0.6677538350407577
0.532,-0.0463153333675837,0.6677538350407577,0.6691153588016179
0.534,-0.05440850939012665,0.6691153588016179,0.6705831203765855
0.536,-0.06256658478901561,0.6705831203765855,0.6720845858946204
0.538,-0.0707827659073196,0.6720845858946204,0.6738177456880982
0.54,-0.07905018213506433,0.6738177456880982,0.6748284236378023
0.542,-0.08736189361769006,0.6748284236378023,0.6764386484510018
0.544,-0.0957108990450111,0.6764386484510018,0.6775258890893413
0.546,-0.10409014351172509,0.6775258890893413,0.6786096654396219
0.548,-0.11249252644043924,0.6786096654396219,0.6796828605215667
0.55,-0.12091090955811133,0.6796828605215667,0.6807333963965981
0.552,-0.12933812491673521,0.6807333963965981,0.6820161517410468
0.554,-0.1377669829490563,0.6820161517410468,0.682789053676298
0.556,-0.1461902805500597,0.682789053676298,0.6839414913197609
0.558,-0.1546008091749412,0.6839414913197609,0.6850592932237142
0.56,-0.162991362944258,0.6850592932237142,0.6856565452054668
0.562,-0.1713547467469399,0.6856565452054668,0.6866052952840596
0.5640000000000001,-0.1796837843318526,0.6866052952840596,0.6872819211657951
0.5660000000000001,-0.18797132637861252,0.6872819211657951,0.6880254863025089
0.5680000000000001,-0.1962102585383766,0.6880254863025089,0.6886620789076305
0.5700000000000001,-0.20439350943536888,0.6886620789076305,0.689229618458002
0.5720000000000001,-0.21251405861994208,0.689229618458002,0.6899615830544383
0.5740000000000001,-0.22056494446404307,0.6899615830544383,0.6899761870875359
0.5760000000000001,-0.22853927198999865,0.6899761870875359,0.690908716486994
0.578,-0.23643022062363134,0.690908716486994,0.6915392272152467
0.58,-0.24423105186279453,0.6915392272152467,0.6912512087626985
0.582,-0.2519351168525051,0.6912512087626985,0.6915226964214373
0.584,-0.2595358638579821,0.6915226964214373,0.6915185096963237
0.586,-0.2670268456269929,0.6915185096963237,0.6915797764590186
0.588,-0.2744017266330483,0.6915797764590186,0.6915623167948908
0.59,-0.2816542901911277,0.6915623167948908,0.6915892614846744
0.592,-0.28877844543774767,0.6915892614846744,0.6911817030822711
0.594,-0.2957682341673635,0.6911817030822711,0.6912265944624335
0.596,-0.30261783751724075,0.6912265944624335,0.6911061664764225
0.598,-0.3093215824931185,0.6911061664764225,0.6908472935861122
0.6,-0.3158739483281654,0.6908472935861122,0.6903300704904431
0.602,-0.32226957266792167,0.6903300704904431,0.6904917231138166
0.604,-0.3285032575741204,0.6904917231138166,0.6897760008236644
0.606,-0.3345699753404932,0.6897760008236644,0.6891777938341186
0.608,-0.3404648741138747,0.6891777938341186,0.6889993701219389
0.61,-0.3461832833141517,0.6889993701219389,0.6886945989815735
0.612,-0.35172071884682793,0.6886945989815735,0.6879804777132635
0.614,-0.3570728881022206,0.6879804777132635,0.6876624500819354
0.616,-0.36223569473554296,0.6876624500819354,0.6870513224032002
0.618,-0.36720524322238635,0.6870513224032002,0.6865214865378059
0.62,-0.3719778431843688,0.6865214865378059,0.6852937264386324
0.622,-0.3765500134799822,0.6852937264386324,0.6847790288678829
0.624,-0.38091848605594436,0.6847790288678829,0.6837131696567208
0.626,-0.3850802095546323,0.6837131696567208,0.6830004266316126
0.628,-0.3890323526734558,0.6830004266316126,0.6818725125213626
0.63,-0.3927723072723196,0.6818725125213626,0.6807572182367709
0.632,-0.39629769122560443,0.6807572182367709,0.68002481741748
0.634,-0.3996063510153997,0.68002481741748,0.6790173165261817
0.636,-0.4026963640630119,0.6790173165261817,0.6775444124528519
0.638,-0.4055660407960765,0.6775444124528519,0.6764778726784786
0.64,-0.40821392644890697,0.6764778726784786,0.674991145631357
0.642,-0.4106388025940175,0.674991145631357,0.6732218534190336
0.644,-0.4128396884030694,0.6732218534190336,0.671520106511036
0.646,-0.4148158416357993,0.671520106511036,0.6704490487105425
0.648,-0.41656675935580323,0.6704490487105425,0.66879376676651
0.65,-0.4180921783723612,0.66879376676651,0.6673043163688983
0.652,-0.4193920754078061,0.6673043163688983,0.6655593091040519
0.654,-0.4204666669902549,0.6655593091040519,0.6638990648231057
0.656,-0.4213164090718343,0.6638990648231057,0.6622775640805612
0.658,-0.4219419963728516,0.6622775640805612,0.6602798221092142
0.66,-0.4223443614526772,0.6602798221092142,0.6583197223680759
0.662,-0.42252467350841394,0.6583197223680759,0.6562983189317146
0.664,-0.42248433690275233,0.6562983189317146,0.654014875861916
0.666,-0.42222498942271,0.654014875861916,0.6521106572575239
0.668,-0.42174850027127264,0.6521106572575239,0.6498296711480974
0.67,-0.4210569677942581,0.6498296711480974,0.6471099534076057
0.672,-0.420152716945026,0.6471099534076057,0.644965063694311
0.674,-0.4190382964899656,0.644965063694311,0.6433095921731973
0.676,-0.417716475957984,0.6433095921731973,0.6403485123138654
0.678,-0.4161902423375157,0.6403485123138654,0.6380231445811183
0.68,-0.4144627965248662,0.6380231445811183,0.6358981102613267
0.682,-0.41253754952798405,0.6358981102613267,0.6329267633041242
0.684,-0.41041811843004256,0.6329267633041242,0.6303013332817584
0.686,-0.4081083221174835,0.6303013332817584,0.6281643507550684
0.6880000000000001,-0.40561217677744976,0.6281643507550684,0.6252889595536333
0.6900000000000001,-0.40293389116979805,0.6252889595536333,0.6228473166402072
0.6920000000000001,-0.4000778616791413,0.6228473166402072,0.6204018048645517
0.6940000000000001,-0.39704866715262593,0.6204018048645517,0.6171977704516187
0.6960000000000001,-0.3938510635293917,0.6171977704516187,0.6142566054708893
0.6980000000000001,-0.390489978267905,0.6142566054708893,0.611357558126191
0.7000000000000001,-0.3869705045775887,0.611357558126191,0.6078807037911843
0.7020000000000001,-0.3832978954613933,0.6078807037911843,0.6051599266840922
0.704,-0.37947755757617796,0.6051599266840922,0.6022358296886346
0.706,-0.37551504491797105,0.6022358296886346,0.5991651994323389
0.708,-0.371416052339391,0.5991651994323389,0.5959274547437189
0.71,-0.3671864089066927,0.5959274547437189,0.5930081492953755
0.712,-0.36283207110409277,0.5930081492953755,0.5894898432001163
0.714,-0.3583591158932078,0.5894898432001163,0.5865579898312486
0.716,-0.3537737336355937,0.5865579898312486,0.5833602820205206
0.718,-0.3490822208865447,0.5833602820205206,0.5802852737434849
0.72,-0.34429097306845136,0.5802852737434849,0.5768281008048114
0.722,-0.3394064770321563,0.5768281008048114,0.5733575324130301
0.724,-0.3344353035148793,0.5733575324130301,0.5702528350876618
0.726,-0.3293840995033948,0.5702528350876618,0.5666100393727538
0.728,-0.3242595805112607,0.5666100393727538,0.5632614412079708
0.73,-0.31906852277899406,0.5632614412079708,0.5596508597497829
0.732,-0.3138177554061743,0.5596508597497829,0.5563271182310259
0.734,-0.3085141524245406,0.5563271182310259,0.5527713605609201
0.736,-0.3031646248212073,0.5527713605609201,0.5497490505795315
0.738,-0.2977761125211891,0.5497490505795315,0.545927071512013
0.74,-0.2923555763384667,0.545927071512013,0.5425571728614469
0.742,-0.286909989904863,0.5425571728614469,0.5391145672040297
0.744,-0.28144633158602794,0.5391145672040297,0.5351321840248601
0.746,-0.2759715763938362,0.5351321840248601,0.5318733349365921
0.748,-0.27049268790451575,0.5318733349365921,0.5283612199474272
0.75,-0.2650166101918133,0.5283612199474272,0.5245868066906392
0.752,-0.25955025978448587,0.5245868066906392,0.5210226959569462
0.754,-0.25410051765737773,0.5210226959569462,0.5174048878600954
0.756,-0.24867422126531177,0.5174048878600954,0.5139005258939646
0.758,-0.2432781566289597,0.5139005258939646,0.5104645512169529
0.76,-0.23791905048181108,0.5104645512169529,0.5068985780252085
0.762,-0.23260356248728103,0.5068985780252085,0.5030121049297727
0.764,-0.2273382775349177,0.5030121049297727,0.4991645560952583
0.766,-0.22212969812458405,0.4991645560952583,0.4957744501218536
0.768,-0.21698423684737728,0.4957744501218536,0.49222160367901224
0.77,-0.21190820897194887,0.49222160367901224,0.4885774158622358
0.772,-0.2069078251447582,0.4885774158622358,0.48507084842545306
0.774,-0.20198918421266596,0.48507084842545306,0.4813588277205584
0.776,-0.19715826617613227,0.4813588277205584,0.47790393728635544
0.778,-0.19242092528113056,0.47790393728635544,0.4738962785881134
0.78,-0.18778288325773285,0.4738962785881134,0.4709712437785303
0.782,-0.18324972271315065,0.4709712437785303,0.4672245466268444
0.784,-0.178826880686837,0.4672245466268444,0.4636471977297885
0.786,-0.17451964237507298,0.4636471977297885,0.4599159331430821
0.788,-0.1703331350322591,0.4599159331430821,0.4566932882802142
0.79,-0.166272322055936,0.4566932882802142,0.45305238916750007
0.792,-0.16234199726234372,0.45305238916750007,0.4495307436118024
0.794,-0.158546779359107,0.4495307436118024,0.4458946199157254
0.796,-0.15489110662141498,0.4458946199157254,0.4424041138422789
0.798,-0.15137923177781815,0.4424041138422789,0.4387168262079975
0.8,-0.14801521711153381,0.4387168262079975,0.43558789270336895
0.802,-0.14480292978289758,0.43558789270336895,0.4322137760059465
0.804,-0.1417460373783449,0.4322137760059465,0.42861340874921894
0.806,-0.1388480036910482,0.42861340874921894,0.42530571295082975
0.808,-0.1361120847380631,0.42530571295082975,0.42145375129652224
0.81,-0.1335413250185707,0.42145375129652224,0.41850116446959507
0.812,-0.13113855401752067,0.41850116446959507,0.4153714959173201
0.8140000000000001,-0.12890638295870033,0.4153714959173201,0.4118536286533441
0.8160000000000001,-0.12684720181096623,0.4118536286533441,0.40825076776883085
0.8180000000000001,-0.1249631765510825,0.40825076776883085,0.40508655232105933
0.8200000000000001,-0.12325624668631632,0.40508655232105933,0.40172054352641956
0.8220000000000001,-0.12172812303964137,0.40172054352641956,0.3986538725297478
0.8240000000000001,-0.12038028580009569,0.3986538725297478,0.3953504882830157
0.8260000000000001,-0.11921398284053938,0.3953504882830157,0.39206896398056074
0.8280000000000001,-0.11823022830474345,0.39206896398056074,0.38892458927323165
0.8300000000000001,-0.11742980146543724,0.38892458927323165,0.38590861282334626
0.8320000000000001,-0.11681324585462541,0.38590861282334626,0.3821708735344044
0.834,-0.11638086866717395,0.3821708735344044,0.37944047883112675
0.836,-0.11613274043834926,0.37944047883112675,0.37620786820863
0.838,-0.1160686949956794,0.37620786820863,0.373065802596969
0.84,-0.11618832968518986,0.373065802596969,0.3700837303999019
0.842,-0.11649100587175135,0.3700837303999019,0.36685267059285187
0.844,-0.11697584971296035,0.36685267059285187,0.36386846155087954
0.846,-0.11764175320565848,0.36386846155087954,0.3606016135647183
0.848,-0.11848737550388372,0.3606016135647183,0.3575565875856772
0.85,-0.11951114450673214,0.3575565875856772,0.35477490760980585
0.852,-0.12071125871429944,0.35477490760980585,0.3515350421640841
0.854,-0.12208568934956304,0.3515350421640841,0.34885235355894945
0.856,-0.12363218274375676,0.34885235355894945,0.3458591250220476
0.858,-0.12534826298248988,0.3458591250220476,0.3429368262964712
0.86,-0.12723123480956122,0.3429368262964712,0.33987575503515194
0.862,-0.1292781867851191,0.33987575503515194,0.33698126255699373
0.864,-0.13148599469453012,0.33698126255699373,0.3339423057900823
0.866,-0.13385132520402784,0.3339423057900823,0.331307650930901
0.868,-0.13637063975892683,0.331307650930901,0.3285719557847309
0.87,-0.139040198719913,0.3285719557847309,0.32586191833760947
0.872,-0.14185606573264295,0.32586191833760947,0.32257647537765166
0.874,-0.14481411232561658,0.32257647537765166,0.31975653669443116
0.876,-0.14791002273102727,0.31975653669443116,0.3167939949008371
0.878,-0.1511392989230329,0.3167939949008371,0.3143088139448919
0.88,-0.1544972658676447,0.3143088139448919,0.31126346725308
0.882,-0.1579790769781847,0.31126346725308,0.3083398520082673
0.884,-0.161579719770025,0.3083398520082673,0.305754807401897
0.886,-0.16529402170809737,0.305754807401897,0.302942150785141
0.888,-0.1691166562404312,0.302942150785141,0.3003260561043845
0.89,-0.1730421490107733,0.3003260561043845,0.29741769194100404
0.892,-0.17706488424312972,0.29741769194100404,0.2948000400005557
0.894,-0.18117911129087355,0.2948000400005557,0.29198879261931154
0.896,-0.1853789513428764,0.29198879261931154,0.2895795868333654
0.898,-0.18965840427893216,0.2895795868333654,0.2864903955238394
0.9,-0.19401135566658212,0.2864903955238394,0.2837306406146201
0.902,-0.1984315838912749,0.2837306406146201,0.2810008637283178
0.904,-0.20291276741164857,0.2810008637283178,0.2782070540792773
0.906,-0.2074484921315786,0.2782070540792773,0.27535852451836096
0.908,-0.2120322588804926,0.27535852451836096,0.2723343780660697
0.91,-0.21665749099334058,0.2723343780660697,0.27003771949505134
0.912,-0.22131754198148434,0.27003771949505134,0.26682546053251127
0.914,-0.2260057032856675,0.26682546053251127,0.2647584140117727
0.916,-0.2307152121021384,0.2647584140117727,0.261475732180911
0.918,-0.23543925927290182,0.261475732180911,0.25883971507223513
0.92,-0.24017099723101795,0.25883971507223513,0.2560025582646295
0.922,-0.24490354799178793,0.2560025582646295,0.25306919603427136
0.924,-0.2496300111806211,0.25306919603427136,0.25045246060812476
0.926,-0.2543434720883374,0.25045246060812476,0.24761346903965686
0.928,-0.25903700974461763,0.24761346903965686,0.24488049815121465
0.93,-0.26370370500030604,0.24488049815121465,0.24174995608797378
0.932,-0.2683366486092497,0.24174995608797378,0.23887596841979675
0.934,-0.2729289493003625,0.23887596841979675,0.23598329468507112
0.936,-0.2774737418306149,0.23598329468507112,0.23289452162566557
0.9380000000000001,-0.28196419500966785,0.23289452162566557,0.23045679005639388
0.9400000000000001,-0.2863935196869068,0.23045679005639388,0.22690353063847915
0.9420000000000001,-0.2907549766916716,0.22690353063847915,0.22382574447175602
0.9440000000000001,-0.29504188471753207,0.22382574447175602,0.22141765094111515
0.9460000000000001,-0.29924762814152595,0.22141765094111515,0.2180112957555537
0.9480000000000001,-0.3033656647693442,0.2180112957555537,0.21516924185180436
0.9500000000000001,-0.3073895334975467,0.21516924185180436,0.21217260952540012
0.9520000000000001,-0.31131286188396873,0.21217260952540012,0.2090359388175179
0.9540000000000001,-0.31512937361759746,0.2090359388175179,0.2063109024779278
0.9560000000000001,-0.3188328958793166,0.2063109024779278,0.20311933623803385
0.9580000000000001,-0.32241736658502035,0.20311933623803385,0.19990204667914988
0.96,-0.32587684150276697,0.19990204667914988,0.19661998393355556
0.962,-0.32920550123575293,0.19661998393355556,0.1933444947880049
0.964,-0.33239765806306837,0.1933444947880049,0.190216706533324
0.966,-0.33544776263034404,0.190216706533324,0.1871512195482595
0.968,-0.33835041048258274,0.1871512195482595,0.18343388836845606
0.97,-0.3411003484316335,0.18343388836845606,0.1805477155038798
0.972,-0.34369248075098235,0.1805477155038798,0.17721798893927515
0.974,-0.3461218751907029,0.17721798893927515,0.17416452028306192
0.976,-0.34838376880564126,0.17416452028306192,0.1706336804809893
0.978,-0.35047357359011355,0.1706336804809893,0.16721187539464763
0.98,-0.3523868819126119,0.16721187539464763,0.16391889118373348
0.982,-0.35411947174426117,0.16391889118373348,0.16060236234263892
0.984,-0.35566731167498744,0.16060236234263892,0.15688773552063404
0.986,-0.3570265657116146,0.15688773552063404,0.15359557584438646
0.988,-0.35819359785236027,0.15359557584438646,0.14981039797740092
0.99,-0.3591649764324405,0.14981039797740092,0.14667080925705353
0.992,-0.3599374782357818,0.14667080925705353,0.14282273992134759
0.994,-0.360508092368086,0.14282273992134759,0.13944783157995716
0.996,-0.36087402388678,0.13944783157995716,0.1360540535488748
0.998,-0.36103269718366204,0.1360540535488748,0.13227374868520803
1.0,-0.36098175911633323,0.13227374868520803,0.12851782035131865
1.002,-0.3607190818848008,0.12851782035131865,0.1247969520217841
1.004,-0.36024276564992674,0.1247969520217841,0.12110646731953514
1.006,-0.35955114089069445,0.12110646731953514,0.11687134662922484
1.008,-0.35864277049756915,0.11687134662922484,0.11345374671309287
1.01,-0.3575164515995268,0.11345374671309287,0.1099094695054634
1.012,-0.3561712171226362,0.1099094695054634,0.10569412513034623
1.014,-0.3546063370783864,0.10569412513034623,0.10175684011504953
1.016,-0.3528213195802625,0.10175684011504953,0.09829124068673496
1.018,-0.3508159115873881,0.09829124068673496,0.09422281568753652
1.02,-0.34859009937436036,0.09422281568753652,0.09034399527982201
1.022,-0.3461441087267293,0.09034399527982201,0.08638769623489276
1.024,-0.34347840486187586,0.08638769623489276,0.08201393931233382
1.026,-0.34059369207537094,0.08201393931233382,0.07833504251825063
1.028,-0.33749091311320445,0.07833504251825063,0.07429799445164634
1.03,-0.3341712482705972,0.07429799445164634,0.07025588373440518
1.032,-0.330636114218413,0.07025588373440518,0.06628245797732311
1.034,-0.32688716255851413,0.06628245797732311,0.06238762581904709
1.036,-0.32292627810970376,0.06238762581904709,0.05813733991304775
1.038,-0.3187555769262141,0.05813733991304775,0.05409643099381101
1.04,-0.3143774040510118,0.05409643099381101,0.049956511570629615
1.042,-0.3097943310064828,0.049956511570629615,0.046072312327317434
1.044,-0.3050091530253815,0.046072312327317434,0.04167615895842182
1.046,-0.30002488602520805,0.04167615895842182,0.03735648344699388
1.048,-0.29484476332948373,0.03735648344699388,0.03362946433316173
1.05,-0.28947223213968865,0.03362946433316173,0.02931653087817131
1.052,-0.28391094976189923,0.02931653087817131,0.025293783032668223
1.054,-0.27816477959246066,0.025293783032668223,0.02119777290942393
1.056,-0.2722377868673005,0.02119777290942393,0.016741777035462018
1.058,-0.2661342341797517,0.016741777035462018,0.01282940662947228
1.06,-0.2598585767720432,0.01282940662947228,0.008789210937760817
1.062,-0.2534154576058496,0.008789210937760817,0.004439529827897177
1.064,-0.24680970221756743,0.004439529827897177,1.5393713558695197e-05
1.066,-0.2400463133642215,1.5393713558695197e-05,-0.003935210074734368
1.068,-0.23313046546614646,-0.003935210074734368,-0.007970214727179114
1.07,-0.2260674988528315,-0.007970214727179114,-0.012284184020297788
1.072,-0.21886291381852646,-0.012284184020297788,-0.01643519956151752
1.074,-0.21152236449444536,-0.01643519956151752,-0.02056076942723047
1.076,-0.2040516525446025,-0.02056076942723047,-0.024663786322558105
1.078,-0.1964567206925139,-0.024663786322558105,-0.028373149034443386
1.08,-0.18874364608621674,-0.028373149034443386,-0.03295008512255885
1.082,-0.18091863350920698,-0.03295008512255885,-0.037071534813156864
1.084,-0.17298800844511492,-0.037071534813156864,-0.040956051631430596
1.086,-0.16495821000406757,-0.040956051631430596,-0.04535911857971984
1.088,-0.15683578371887633,-0.04535911857971984,-0.04903186282705728
1.09,-0.14862737421932504,-0.04903186282705728,-0.05324702215255656
1.092,-0.14033971779296306,-0.05324702215255656,-0.057451600191099655
1.094,-0.1319796348409693,-0.057451600191099655,-0.06116154144966373
1.096,-0.12355402223773529,-0.06116154144966373,-0.06559868963985314
1.098,-0.11506984560296102,-0.06559868963985314,-0.06890116122556415
1.1,-0.10653413149513599,-0.06890116122556415,-0.07304744556300899
1.102,-0.09795395953537142,-0.07304744556300899,-0.07724083775169055
1.104,-0.08933645447064485,-0.07724083775169055,-0.08056493297437921
1.106,-0.08068877818556083,-0.08056493297437921,-0.08438071341312975
1.108,-0.0720181216718211,-0.08438071341312975,-0.08854775502066238
1.11,-0.06333169696462523,-0.08854775502066238,-0.09195926378438181
1.112,-0.054636729055259514,-0.09195926378438181,-0.09583263199449234
1.114,-0.045940447789186385,-0.09583263199449234,-0.09957442310567487
1.116,-0.037250079758919453,-0.09957442310567487,-0.10369583743834394
1.118,-0.028572840201019332,-0.10369583743834394,-0.10717990653503376
1.12,-0.019915924906512977,-0.10717990653503376,-0.11044238051722799
1.122,-0.011286502154024242,-0.11044238051722799,-0.11427385929830422
1.124,-0.0026917046749039553,-0.11427385929830422,-0.11783667856448515
1.1260000000000001,0.005861378340432315,-0.11783667856448515,-0.12103494936379496
1.1280000000000001,0.014365709185754819,-0.12103494936379496,-0.12457984975250297
1.1300000000000001,0.022814309522739606,-0.12457984975250297,-0.12765341052650697
1.1320000000000001,0.031200268196105815,-0.12765341052650697,-0.13063830155072395
1.1340000000000001,0.039516748971177296,-0.13063830155072395,-0.13405498498499896
1.1360000000000001,0.04775699818499324,-0.13405498498499896,-0.13723505313390102
1.1380000000000001,0.05591435230216782,-0.13723505313390102,-0.14057034110901231
1.1400000000000001,0.06398224536682046,-0.14057034110901231,-0.14383344379546145
1.1420000000000001,0.07195421634202304,-0.14383344379546145,-0.14630710510813683
1.1440000000000001,0.0798239163283179,-0.14630710510813683,-0.1496505766700772
1.1460000000000001,0.08758511565303315,-0.1496505766700772,-0.1524969982236825
1.1480000000000001,0.09523171082223345,-0.1524969982236825,-0.15524534541010468
1.1500000000000001,0.10275773132733255,-0.15524534541010468,-0.15852385754786283
1.1520000000000001,0.11015734629855002,-0.15852385754786283,-0.1611159473389454
1.154,0.11742487099755876,-0.1611159473389454,-0.16357291463397344
1.156,0.12455477314188729,-0.16357291463397344,-0.16651823270663405
1.158,0.1315416790537864,-0.16651823270663405,-0.1691878833136695
1.16,0.13838037962652447,-0.1691878833136695,-0.17144025414436836
1.162,0.1450658361012504,-0.17144025414436836,-0.17409695285896423
1.164,0.15159318564778557,-0.17409695285896423,-0.1766639267125839
1.166,0.15795774674295046,-0.1766639267125839,-0.1787910462262778
1.168,0.16415502434024262,-0.1787910462262778,-0.1807758071470066
1.17,0.17018071482493236,-0.1807758071470066,-0.18318932686944406
1.172,0.17603071074889887,-0.18318932686944406,-0.18490733967205678
1.174,0.18170110533975972,-0.18490733967205678,-0.18684799451178782
1.176,0.18718819677913298,-0.18684799451178782,-0.18913964498934163
1.178,0.19248849224511622,-0.18913964498934163,-0.1911584122201876
1.18,0.19759871171434645,-0.1911584122201876,-0.19272671706178826
1.182,0.20251579151928883,-0.19272671706178826,-0.1945904321006938
1.184,0.2072368876566656,-0.1945904321006938,-0.1964693112735383
1.186,0.21175937884324347,-0.1964693112735383,-0.1981400418010017
1.188,0.2160808693154718,-0.1981400418010017,-0.1990344003349692
1.19,0.22019919136977034,-0.1990344003349692,-0.20053751296158948
1.192,0.2241124076405566,-0.20053751296158948,-0.20249025777718183
1.194,0.22781881311340882,-0.20249025777718183,-0.20348934723135048
1.196,0.23131693687106436,-0.20348934723135048,-0.2045622443430164
1.198,0.23460554357025867,-0.2045622443430164,-0.20602988527243235
1.2,0.2376836346477229,-0.20602988527243235,-0.20739227984926104
1.202,0.24055044925397032,-0.20739227984926104,-0.20834035424604172
1.204,0.243205464913808,-0.20834035424604172,-0.20947458356177898
1.206,0.2456483979128372,-0.20947458356177898,-0.21042772069670365
1.208,0.24787920340950859,-0.21042772069670365,-0.2110334512125247
1.21,0.24989807527262275,-0.2110334512125247,-0.21181920751212802
1.212,0.2517054456444782,-0.21181920751212802,-0.21276259141516593
1.214,0.2533019842301889,-0.21276259141516593,-0.21346247173543745
1.216,0.2546885973140001,-0.21346247173543745,-0.21341600331475602
1.218,0.25586642650375857,-0.21341600331475602,-0.2141075171501249
1.22,0.2568368472049942,-0.2141075171501249,-0.2143614414895071
1.222,0.2576014668263854,-0.2143614414895071,-0.21500184949371787
1.224,0.2581621227186955,-0.21500184949371787,-0.21526825692779591
1.226,0.2585208798495603,-0.21526825692779591,-0.2155916457521861
1.228,0.2586800282168281,-0.2155916457521861,-0.2153008177843819
1.23,0.2586420800034427,-0.2153008177843819,-0.2152507365726501
1.232,0.25840976647715597,-0.2152507365726501,-0.21509354235943434
1.234,0.2579860346386641,-0.21509354235943434,-0.21499324384943647
1.236,0.2573740436220333,-0.21499324384943647,-0.2151234781433346
1.238,0.2565771608515779,-0.2151234781433346,-0.2152599428146882
1.24,0.2555989579596335,-0.2152599428146882,-0.21448883321191525
1.242,0.2544432064699322,-0.21448883321191525,-0.2146357913390075
1.244,0.2531138732515753,-0.2146357913390075,-0.21418197973945463
1.246,0.25161511574884043,-0.21418197973945463,-0.2139457926018452
1.248,0.24995127699234007,-0.2139457926018452,-0.21383916811178455
1.25,0.24812688039728414,-0.21383916811178455,-0.21324464800262544
1.252,0.2461466243548484,-0.21324464800262544,-0.21299591473608306
1.254,0.24401537662289843,-0.21299591473608306,-0.21282488060187837
1.256,0.24173816852252922,-0.21282488060187837,-0.21239896866835778
1.258,0.2393201889471282,-0.21239896866835778,-0.2119886489607635
1.26,0.23676677819086583,-0.2119886489607635,-0.21166853315830383
1.262,0.23408342160373177,-0.21166853315830383,-0.21084596691643423
1.264,0.2312757430804459,-0.21084596691643423,-0.2104869447633986
1.266,0.22834949839073831,-0.2104869447633986,-0.2098566924939197
1.268,0.22531056835870558,-0.2098566924939197,-0.20915536931876427
1.27,0.22216495189910415,-0.20915536931876427,-0.2085928087903335
1.272,0.2189187589186029,-0.2085928087903335,-0.20819152134810057
1.274,0.2155782030902006,-0.20819152134810057,-0.20758965070290802
1.276,0.21214959450911833,-0.20758965070290802,-0.20667363737184222
1.278,0.20863933223865264,-0.20667363737184222,-0.2060371408493192
1.28,0.20505389675457747,-0.2060371408493192,-0.20532423873833097
1.282,0.20139984229680194,-0.20532423873833097,-0.2047319353299575
1.284,0.19768378913711454,-0.2047319353299575,-0.20384201163571403
1.286,0.19391241577191462,-0.20384201163571403,-0.20314815937488997
1.288,0.19009245104894476,-0.20314815937488997,-0.20213197067471464
1.29,0.18623066623709555,-0.20213197067471464,-0.2014742732833061
1.292,0.18233386704842086,-0.2014742732833061,-0.20048941648011367
1.294,0.1784088856215731,-0.20048941648011367,-0.19999714029298712
1.296,0.17446257247588498,-0.19999714029298712,-0.19918546403210136
1.298,0.17050178844539093,-0.19918546403210136,-0.19818394113945964
1.3,0.16653339660206803,-0.19818394113945964,-0.19686349736409042
1.302,0.1625642541776222,-0.19686349736409042,-0.19623196234656953
1.304,0.15860120449312834,-0.19623196234656953,-0.195433977561506
1.306,0.1546510689058167,-0.195433977561506,-0.19426519524015667
1.308,0.15072063878231068,-0.19426519524015667,-0.19306017878223955
1.31,0.14681666750754507,-0.19306017878223955,-0.19231849705191198
1.312,0.14294586253859587,-0.19231849705191198,-0.19144605908348553
1.314,0.13911487751257212,-0.19144605908348553,-0.19033849335182765
1.316,0.13533030441766553,-0.19033849335182765,-0.1893523507865779
1.318,0.13159866583639263,-0.1893523507865779,-0.18819258733774621
1.32,0.12792640726995863,-0.18819258733774621,-0.18755440654258276
1.322,0.12431988955260227,-0.18755440654258276,-0.18620259893258034
1.324,0.12078538136466212,-0.18620259893258034,-0.1850781007777011
1.326,0.11732905185298817,-0.1850781007777011,-0.1842318905820481
1.328,0.11395696336722247,-0.1842318905820481,-0.18342172864598624
1.33,0.11067506432030168,-0.18342172864598624,-0.18237391175654505
1.332,0.10748918218143054,-0.18237391175654505,-0.18137866322356128
1.334,0.10440501660959557,-0.18137866322356128,-0.17996214031806318
1.336,0.10142813273553082,-0.17996214031806318,-0.17942953016325236
1.338,0.09856395459989523,-0.17942953016325236,-0.17762657400248277
1.34,0.09581775875520808,-0.17762657400248277,-0.177019411721737
1.342,0.09319466803893589,-0.177019411721737,-0.17603850913613683
1.344,0.09069964552490242,-0.17603850913613683,-0.1750187627520002
1.346,0.08833748865999219,-0.1750187627520002,-0.17400113147109897
1.348,0.08611282359291994,-0.17400113147109897,-0.17260721561965167
1.35,0.08403009970159234,-0.17260721561965167,-0.17187347918279508
1.352,0.08209358432538236,-0.17187347918279508,-0.17053988678018828
1.354,0.0803073577083887,-0.17053988678018828,-0.1697125763977701
1.356,0.07867530815950738,-0.1697125763977701,-0.16856041731840113
1.358,0.07720112743490723,-0.16856041731840113,-0.16775915540739544
1.36,0.07588830634822413,-0.16775915540739544,-0.1664890802663284
1.362,0.07474013061354837,-0.1664890802663284,-0.1654713479949916
1.364,0.07375967692599425,-0.1654713479949916,-0.16443683832927578
1.366,0.07294980928437447,-0.16443683832927578,-0.16346818742671998
1.368,0.07231317556022829,-0.16346818742671998,-0.16294188895177913
1.37,0.07185220431715453,-0.16294188895177913,-0.16159064984166516
1.372,0.07156910188412963,-0.16159064984166516,-0.16051239328477473
1.374,0.07146584968618339,-0.16051239328477473,-0.159358145077092
1.3760000000000001,0.07154420183551721,-0.159358145077092,-0.15890107815584517
1.3780000000000001,0.07180568298584947,-0.15890107815584517,-0.15756650492829413
1.3800000000000001,0.07225158645246371,-0.15756650492829413,-0.15650931478855365
1.3820000000000001,0.0728829726001369,-0.15650931478855365,-0.15552105455630344
1.3840000000000001,0.07370066750081147,-0.15552105455630344,-0.15449985410398404
1.3860000000000001,0.07470526186256413,-0.15449985410398404,-0.15383558382208296
1.3880000000000001,0.07589711023111712,-0.15383558382208296,-0.15272987150449868
1.3900000000000001,0.0772763304648168,-0.15272987150449868,-0.15185639080592275
1.3920000000000001,0.0788428034836953,-0.15185639080592275,-0.15106935706372862
1.3940000000000001,0.08059617329291108,-0.15106935706372862,-0.15042813080348555
1.3960000000000001,0.08253584728055288,-0.15042813080348555,-0.14907052086363115
1.3980000000000001,0.08466099678946876,-0.14907052086363115,-0.14807409984177666
1.4000000000000001,0.08697055796247571,-0.14807409984177666,-0.146866776793956
1.4020000000000001,0.08946323285998092,-0.146866776793956,-0.14644031111077838
1.4040000000000001,0.09213749084873851,-0.14644031111077838,-0.1452812173800445
1.4060000000000001,0.09499157026015209,-0.1452812173800445,-0.14454293165244095
1.408,0.09802348031621938,-0.14454293165244095,-0.14355522150268343
1.41,0.10123100332091464,-0.14355522150268343,-0.14265038145672373
1.412,0.10461169711448798,-0.14265038145672373,-0.1420042651214953
1.414,0.10816289778786897,-0.1420042651214953,-0.14108123759617613
1.416,0.11188172265405771,-0.14108123759617613,-0.14007459186818988
1.418,0.11576507347308479,-0.14007459186818988,-0.13921023325696913
1.42,0.11980963992684324,-0.13921023325696913,-0.13832633270997702
1.422,0.1240119033397927,-0.13832633270997702,-0.13794493017278922
1.424,0.12836814064126267,-0.13794493017278922,-0.1364526447373609
1.426,0.132874428564804,-0.1364526447373609,-0.13535119286934513
1.428,0.13752664807975368,-0.13535119286934513,-0.13481662947534778
1.43,0.14232048904992745,-0.13481662947534778,-0.1336840692193659
1.432,0.1472514551140771,-0.1336840692193659,-0.13303269067156578
1.434,0.1523148687825025,-0.13303269067156578,-0.13193261315712174
1.436,0.15750587674396335,-0.13193261315712174,-0.13087784706324604
1.438,0.162819455376777,-0.13087784706324604,-0.129980354156724
1.44,0.1682504164577779,-0.129980354156724,-0.12876630426858154
1.442,0.1737934130625606,-0.12876630426858154,-0.12769071979883512
1.444,0.17944294565022606,-0.12769071979883512,-0.12694016507655168
1.446,0.18519336832563688,-0.12694016507655168,-0.1259545396274343
1.448,0.19103889527196605,-0.1259545396274343,-0.12465378526053437
1.45,0.1969736073461551,-0.12465378526053437,-0.12335865697118578
1.452,0.20299145882968253,-0.12335865697118578,-0.12288113489762052
1.454,0.20908628432688026,-0.12288113489762052,-0.12155936196398802
1.456,0.21525180580286962,-0.12155936196398802,-0.12013713486436903
1.458,0.22148163975300555,-0.12013713486436903,-0.11895456139179103
1.46,0.22776930449559718,-0.11895456139179103,-0.11827260841837274
1.462,0.23410822757950156,-0.11827260841837274,-0.11676718167916146
1.464,0.24049175329807235,-0.11676718167916146,-0.11587224609344106
1.466,0.24691315030082506,-0.11587224609344106,-0.11425607865083716
1.468,0.253365619294046,-0.11425607865083716,-0.11295303333788588
1.47,0.25984230082150234,-0.11295303333788588,-0.11180232659263269
1.472,0.266336283116286,-0.11180232659263269,-0.11021915033135467
1.474,0.2728406100147621,-0.11021915033135467,-0.1095942513697719
1.476,0.27934828892352237,-0.1095942513697719,-0.10784993365696625
1.478,0.28585229883015983,-0.10784993365696625,-0.10640996282336965
1.48,0.2923455983486668,-0.10640996282336965,-0.10475627052182687
1.482,0.29882113379018027,-0.10475627052182687,-0.10349948433742222
1.484,0.30527184724979606,-0.10349948433742222,-0.10192599115498432
1.486,0.3116906847001494,-0.10192599115498432,-0.10041848633666489
1.488,0.3180706040824345,-0.10041848633666489,-0.09848730361284318
1.49,0.32440458338556954,-0.09848730361284318,-0.09679095329639334
1.492,0.33068562870419344,-0.09679095329639334,-0.09495846346465323
1.494,0.3369067822662284,-0.09495846346465323,-0.0936416792033224
1.496,0.34306113042077463,-0.0936416792033224,-0.09188069595288564
1.498,0.3491418115771299,-0.09188069595288564,-0.09031934713016866
1.5,0.3551420240858145,-0.09031934713016866,-0.08835933315084724
1.502,0.36105503405251305,-0.08835933315084724,-0.08614219274767203
1.504,0.36687418307595787,-0.08614219274767203,-0.08402331384839919
1.506,0.372592895900834,-0.08402331384839919,-0.08244023558078276
1.508,0.3782046879769018,-0.08244023558078276,-0.0803744370973065
1.51,0.38370317291564454,-0.0803744370973065,-0.0781195636639593
1.512,0.3890820698358426,-0.0781195636639593,-0.07636565075455629
1.514,0.3943352105896369,-0.07636565075455629,-0.07409845045450901
1.516,0.3994565468607504,-0.07409845045450901,-0.07169036952062345
1.518,0.4044401571267018,-0.07169036952062345,-0.06931240559368346
1.52,0.4092802534770036,-0.06931240559368346,-0.06703473808200679
1.522,0.413971188279483,-0.06703473808200679,-0.06485883223389251
1.524,0.4185074606870659,-0.06485883223389251,-0.06271422139956072
1.526,0.42288372297752275,-0.06271422139956072,-0.059847343718219564
1.528,0.4270947867188829,-0.059847343718219564,-0.05742926703442052
1.53,0.43113562875342254,-0.05742926703442052,-0.055011017750159125
1.532,0.4350013969933292,-0.055011017750159125,-0.05185984637913688
1.534,0.43868741602138017,-0.05185984637913688,-0.04955591639720159
1.536,0.4421891924901788,-0.04955591639720159,-0.04641766337950886
1.538,0.44550242031373505,-0.04641766337950886,-0.04395006870547603
1.54,0.4486229856454178,-0.04395006870547603,-0.04143772365694823
1.542,0.4515469716365367,-0.04143772365694823,-0.03844308479464419
1.544,0.45427066297008567,-0.03844308479464419,-0.035229946550056665
1.546,0.45679055016441966,-0.035229946550056665,-0.03235967846634319
1.548,0.45910333364190964,-0.03235967846634319,-0.02906935486289992
1.55,0.46120592755789613,-0.02906935486289992,-0.02627275295326762
1.552,0.4630954633855221,-0.02627275295326762,-0.023163147983646833
1.554,0.4647692932523255,-0.023163147983646833,-0.019838888986263212
1.556,0.4662249930247409,-0.019838888986263212,-0.016572720232106587
1.558,0.46746036513696027,-0.016572720232106587,-0.013233142813395446
1.56,0.46847344116089507,-0.013233142813395446,-0.00964718355067631
1.562,0.46926248411427346,-0.00964718355067631,-0.0063692453953609245
1.564,0.4698259905042185,-0.0063692453953609245,-0.0030917927306103902
1.566,0.4701626921039461,-0.0030917927306103902,0.0004191297312692889
1.568,0.47027155746053806,0.0004191297312692889,0.004099196476422039
1.57,0.4701517931320488,0.004099196476422039,0.007618698997574898
1.572,0.46980284465251876,0.007618698997574898,0.011488984987165432
1.574,0.4692243972237793,0.011488984987165432,0.014906108576096736
1.576,0.4684163761332488,0.014906108576096736,0.018885108185703024
1.578,0.46737894689723447,0.018885108185703024,0.022859433373404313
1.58,0.4661125151295713,0.022859433373404313,0.026410326396193968
1.582,0.46461772613574326,0.026410326396193968,0.030441709589719493
1.584,0.46289546423295136,0.030441709589719493,0.034361903598122495
1.586,0.46094685179690414,0.034361903598122495,0.03857079045917928
1.588,0.45877324803642416,0.03857079045917928,0.042334125689144506
1.59,0.4563762474972757,0.042334125689144506,0.04652135926721626
1.592,0.45375767829693114,0.04652135926721626,0.05063818310674586
1.594,0.45091960009229937,0.05063818310674586,0.05464775819020794
1.596,0.447864301782755,0.05464775819020794,0.05910939662303929
1.598,0.44459429895110375,0.05910939662303929,0.06317003901665652
1.6,0.4411123310454217,0.06317003901665652,0.0673294419622156
1.602,0.4374213583050124,0.0673294419622156,0.0716572186715469
1.604,0.433524558434007,0.0716572186715469,0.07625788113331258
1.606,0.4294253230264358,0.07625788113331258,0.08060363716004514
1.608,0.42512725374687826,0.08060363716004514,0.08503376172083599
1.61,0.42063415827107725,0.08503376172083599,0.08905210323641047
1.612,0.4159500459911912,0.08905210323641047,0.09407257114704447
1.614,0.4110791234906135,0.09407257114704447,0.09864874186022497
1.616,0.4060257897935655,0.09864874186022497,0.10318788846559496
1.618,0.4007946313949245,0.10318788846559496,0.10750624495571871
1.62,0.39539041707599404,0.10750624495571871,0.1118911774683544
1.622,0.3898180925121881,0.1118911774683544,0.11677030333709841
1.624,0.38408277467881546,0.11677030333709841,0.12151683305963118
1.6260000000000001,0.37818974606140693,0.12151683305963118,0.1257595953886374
1.6280000000000001,0.37214444867723806,0.1257595953886374,0.13110717564043756
1.6300000000000001,0.3659524779149154,0.13110717564043756,0.13553439203560677
1.6320000000000001,0.3596195761991233,0.13553439203560677,0.14032564507397852
1.6340000000000001,0.35315162648779685,0.14032564507397852,0.14471056222812437
1.6360000000000001,0.3465546456092171,0.14471056222812437,0.14999034248556783
1.6380000000000001,0.3398347774466774,0.14999034248556783,0.15473161391920146
1.6400000000000001,0.33299828597855613,0.15473161391920146,0.1595205853762317
1.6420000000000001,0.32605154818181187,0.1595205853762317,0.16417083602310273
1.6440000000000001,0.3190010468070426,0.16417083602310273,0.1693198428466001
1.6460000000000001,0.31185336303343214,0.1693198428466001,0.17393623706749595
1.6480000000000001,0.3046151690120231,0.17393623706749595,0.17855090287219957
1.6500000000000001,0.2972932203058844,0.17855090287219957,0.1830510922044479
1.6520000000000001,0.2898943482358815,0.1830510922044479,0.18798119852007245
1.6540000000000001,0.28242545214083187,0.18798119852007245,0.1930486609268113
1.6560000000000001,0.27489349156096143,0.1930486609268113,0.19775862785806
1.6580000000000001,0.26730547835364077,0.19775862785806,0.20275508200376324
1.6600000000000001,0.25966846875046656,0.20275508200376324,0.20758498501046543
1.6620000000000001,0.25198955536482964,0.20758498501046543,0.21229840370663047
1.6640000000000001,0.24427585915914488,0.21229840370663047,0.21712247335101342
1.666,0.23653452138099854,0.21712247335101342,0.221860388877849
1.668,0.22877269547746018,0.221860388877849,0.22680592581447234
1.67,0.22099753899688557,0.22680592581447234,0.23151771030625626
1.672,0.21321620548749676,0.23151771030625626,0.23629865692151356
1.674,0.2054358364020625,0.23629865692151356,0.2406906455349283
1.676,0.19766355301799235,0.2406906455349283,0.24573854481324076
1.678,0.18990644838212936,0.24573854481324076,0.25028102184160317
1.68,0.18217157928949654,0.25028102184160317,0.2550053740943897
1.682,0.1744659583052343,0.2550053740943897,0.2593506384787807
1.684,0.16679654583888295,0.2593506384787807,0.2642052997056847
1.686,0.15917024228013715,0.2642052997056847,0.2687758520164054
1.688,0.15159388020510733,0.2687758520164054,0.2737664586096306
1.69,0.14407421666204012,0.2737664586096306,0.27776016835640915
1.692,0.13661792554538554,0.27776016835640915,0.28254057273632815
1.694,0.12923159006695323,0.28254057273632815,0.2870819322564977
1.696,0.1219216953328309,0.2870819322564977,0.29175151616322365
1.698,0.11469462103459122,0.29175151616322365,0.2959053293728367
1.7,0.10755663426318104,0.2959053293728367,0.3004794454278045
1.702,0.10051388245376815,0.3004794454278045,0.30486689937115663
1.704,0.0935723864696366,0.30486689937115663,0.30953971220983106
1.706,0.08673803383309349,0.30953971220983106,0.313397512045341
1.708,0.08001657211116092,0.313397512045341,0.317844571756232
1.71,0.07341360246364863,0.317844571756232,0.32224302133512084
1.712,0.066934573361035,0.32224302133512084,0.32597015355233444
1.714,0.06058477447935667,0.32597015355233444,0.33051457613006
1.716,0.054369330779142855,0.33051457613006,0.33463829545885754
1.718,0.048293196775174685,0.33463829545885754,0.33870345072388375
1.72,0.042361151003669745,0.33870345072388375,0.34249148310929484
1.722,0.03657779069324013,0.34249148310929484,0.346881763882332
1.724,0.030947526645741574,0.346881763882332,0.3503626594493116
1.726,0.025474578332903203,0.3503626594493116,0.35445074715984637
1.728,0.02016296921435612,0.35445074715984637,0.3584502007926002
1.73,0.015016522282446848,0.3584502007926002,0.36210106471788345
1.732,0.010038855838945954,0.36210106471788345,0.3656003704151047
1.734,0.0052333795084970325,0.3656003704151047,0.36945057916025836
1.736,0.0006032904933861716,0.36945057916025836,0.3734766853938706
1.738,-0.003848429926072816,0.3734766853938706,0.3769634630422686
1.74,-0.00811901964152581,0.3769634630422686,0.3804039233129599
1.742,-0.012205938713206688,0.3804039233129599,0.38407124696622935
1.744,-0.016106872109776293,0.38407124696622935,0.3871602336353922
1.746,-0.019819732188227496,0.3871602336353922,0.3908973157536312
1.748,-0.023342660911021024,0.3908973157536312,0.394401803263231
1.75,-0.02667403179791028,0.394401803263231,0.3974683310974483
1.752,-0.02981245161022472,0.3974683310974483,0.4012289323745409
1.754,-0.03275676176568856,0.4012289323745409,0.4042957443824223
1.756,-0.03550603948215805,0.4042957443824223,0.40695697300848055
1.758,-0.03805959864898015,0.40695697300848055,0.4101519320515988
1.76,-0.040416990424976484,0.4101519320515988,0.41325751735865085
1.762,-0.04257800356238867,0.41325751735865085,0.4166466231045716
1.764,-0.044542664456420134,0.4166466231045716,0.4193013091808562
1.766,-0.046311236920334925,0.4193013091808562,0.4222338954297517
1.768,-0.04788422168638726,0.4222338954297517,0.42470231106196615
1.77,-0.04926235563317097,0.42470231106196615,0.4277278830081029
1.772,-0.0504466107402943,0.4277278830081029,0.4307142533913417
1.774,-0.051438192771597044,0.4307142533913417,0.4336812466403373
1.776,-0.05223853968844329,0.4336812466403373,0.436303255893907
1.778,-0.0528493197949286,0.436303255893907,0.4388344665791418
1.78,-0.053272429617154615,0.4388344665791418,0.44151048352780947
1.782,-0.053509991519029465,0.44151048352780947,0.4436721519114145
1.784,-0.053564351057344375,0.4436721519114145,0.44656139408797063
1.786,-0.0534380740792019,0.44656139408797063,0.4486123232764748
1.788,-0.053133943565137925,0.4486123232764748,0.4507690451988262
1.79,-0.052654956221596674,0.4507690451988262,0.45317327858263534
1.792,-0.05200431882669328,0.45317327858263534,0.45555707411771124
1.794,-0.051185444333483474,0.45555707411771124,0.45793485644473947
1.796,-0.050201947735249206,0.45793485644473947,0.46042300066453795
1.798,-0.04905764169756603,0.46042300066453795,0.4622160408663279
1.8,-0.04775653196220386,0.4622160408663279,0.46456491145385226
1.802,-0.04630281252816533,0.46456491145385226,0.4662776206956948
1.804,-0.04470086061542175,0.4662776206956948,0.46856450550860096
1.806,-0.04295523141716416,0.46856450550860096,0.4703887725976737
1.808,-0.041070652646623185,0.4703887725976737,0.4726930358952371
1.81,-0.03905201888475375,0.4726930358952371,0.4740053031173143
1.812,-0.03690438573530694,0.4740053031173143,0.475860621318029
1.814,-0.03463296379402682,0.475860621318029,0.47786321876934734
1.816,-0.03224311243894354,0.47786321876934734,0.47980227938374237
1.818,-0.029740333448911582,0.47980227938374237,0.48158840706595196
1.82,-0.027130264457767395,0.48158840706595196,0.48321254747549564
1.822,-0.024418672251655962,0.48321254747549564,0.48473663747700024
1.824,-0.021611445917244565,0.48473663747700024,0.4866269500612807
1.826,-0.018714589848751337,0.4866269500612807,0.48840043747043727
1.828,-0.015734216621830575,0.48840043747043727,0.4896602137533307
1.83,-0.01267653974255064,0.4896602137533307,0.4914283763920316
1.832,-0.009547866279822168,0.4914283763920316,0.4927701519484637
1.834,-0.006354589389767462,0.4927701519484637,0.49433919779977725
1.836,-0.003103180740667906,0.49433919779977725,0.495568743790204
1.838,0.00019981715279244333,0.495568743790204,0.49698335949535277
1.84,0.003547798677131467,0.49698335949535277,0.4989831316321893
1.842,0.006934102940593125,0.4989831316321893,0.5000343485321989
1.844,0.010352021657575865,0.5000343485321989,0.501549893798701
1.846,0.01379480708786476,0.501549893798701,0.5029347441047068
1.848,0.017255680021520368,0.5029347441047068,0.5041616062423966
1.85,0.020727837800208374,0.5041616062423966,0.5053877992988108
1.852,0.024204462365722917,0.5053877992988108,0.507069060103633
1.854,0.02767872832642939,0.507069060103633,0.5080078498823116
1.856,0.031143811032308545,0.5080078498823116,0.5094377503836308
1.858,0.03459289464930923,0.5094377503836308,0.5108225976108972
1.86,0.03801918022368268,0.5108225976108972,0.5117572631650428
1.862,0.04141589372700498,0.5117572631650428,0.5126475631240763
1.864,0.04477629407261681,0.5126475631240763,0.5146802949829071
1.866,0.04809368109422058,0.5146802949829071,0.5153723289268216
1.868,0.051361403477449705,0.5153723289268216,0.5165759031433053
1.87,0.05457286663525555,0.5165759031433053,0.5179825947028202
1.872,0.05772154051802539,0.5179825947028202,0.5188967869476875
1.874,0.06080096734943867,0.5188967869476875,0.5200822720635211
1.8760000000000001,0.06380476927912132,0.5200822720635211,0.5208947185951637
1.8780000000000001,0.06672665594329175,0.5208947185951637,0.5220749575672167
1.8800000000000001,0.06956043192465945,0.5220749575672167,0.5233059588841742
1.8820000000000001,0.07230000410299081,0.5233059588841742,0.5242344247390581
1.8840000000000001,0.0749393888878491,0.5242344247390581,0.5252187154843646
1.8860000000000001,0.07747271932517241,0.5252187154843646,0.5267816947482031
1.8880000000000001,0.0798942520694979,0.5267816947482031,0.5274049888901848
1.8900000000000001,0.08219837421377565,0.5274049888901848,0.5287820340787223
1.8920000000000001,0.08437960996891118,0.5287820340787223,0.5296008068957875
1.8940000000000001,0.08643262718531106,0.5296008068957875,0.530814621726631
1.8960000000000001,0.08835224370893127,0.530814621726631,0.5319212823932429
1.8980000000000001,0.09013343356447201,0.5319212823932429,0.5333168218680521
1.9000000000000001,0.09177133295860011,0.5333168218680521,0.5337925223097769
1.9020000000000001,0.09326124609626715,0.5337925223097769,0.5351787915741735
1.9040000000000001,0.09459865080340674,0.5351787915741735,0.5358846638705145
1.9060000000000001,0.09577920394953558,0.5358846638705145,0.5369382559042297
1.9080000000000001,0.09679874666398164,0.5369382559042297,0.5380806341018886
1.9100000000000001,0.09765330933973232,0.5380806341018886,0.5392373216070702
1.9120000000000001,0.0983391164191185,0.5392373216070702,0.539848605084832
1.9140000000000001,0.09885259095581274,0.539848605084832,0.5413607899834675
1.9160000000000001,0.09919035894787503,0.5413607899834675,0.5424232378867808
1.9180000000000001,0.09934925343683405,0.5424232378867808,0.5434659906260723
1.92,0.09932631836807769,0.5434659906260723,0.5447108967621068
1.922,0.09911881220808824,0.5447108967621068,0.5454987229328883
1.924,0.09872421131434056,0.5454987229328883,0.5464391151307264
1.926,0.09814021305397486,0.5464391151307264,0.547629690614541
1.928,0.09736473866762545,0.547629690614541,0.5484497832591043
1.93,0.09639593587510634,0.5484497832591043,0.5493108352340764
1.932,0.09523218121992652,0.5493108352340764,0.550466197924653
1.934,0.09387208214992603,0.550466197924653,0.5516450119315074
1.936,0.0923144788316199,0.5516450119315074,0.552581589118201
1.938,0.09055844569614381,0.552581589118201,0.5535083683094563
1.94,0.088603292715009,0.5535083683094563,0.5548253708110675
1.942,0.08644856640417706,0.5548253708110675,0.5557416532267915
1.944,0.08409405055528688,0.5557416532267915,0.5565147175995044
1.946,0.08153976669317141,0.5565147175995044,0.5578572202850797
1.948,0.07878597425912857,0.5578572202850797,0.558730322626664
1.95,0.0758331705197102,0.558730322626664,0.5598421891939528
1.952,0.07268209020112466,0.5598421891939528,0.560689314167733
1.954,0.06933370484965548,0.560689314167733,0.5617597267353754
1.956,0.06578922191881627,0.5617597267353754,0.5628210297258247
1.958,0.06205008358427824,0.5628210297258247,0.5638116943826207
1.96,0.05811796528791538,0.5638116943826207,0.5647021279265445
1.962,0.053994774012631225,0.5647021279265445,0.5658748762486482
1.964,0.04968264628993492,0.5658748762486482,0.566740009669112
1.966,0.045183945942545115,0.566740009669112,0.5675489025445625
1.968,0.040501261564603874,0.5675489025445625,0.5684807166063666
1.97,0.0356374037423868,0.5684807166063666,0.5697002998029896
1.972,0.03059540201869157,0.5697002998029896,0.5704968797566926
1.974,0.025378501604384623,0.5704968797566926,0.5713368068202097
1.976,0.019990159840875044,0.5713368068202097,0.5724752790290963
1.978,0.014434042417575621,0.5724752790290963,0.5729404125930077
1.98,0.008714019348681629,0.5729404125930077,0.5739406226978725
1.982,0.0028341607138938907,0.5739406226978725,0.5748975029967219
1.984,-0.003201267832033783,0.5748975029967219,0.5753774025719806
1.986,-0.009387809775767364,0.5753774025719806,0.5770232559190484
1.988,-0.0157208226824663,0.5770232559190484,0.5776416568638751
1.99,-0.02219548334780269,0.5776416568638751,0.5783880838370622
1.992,-0.028806793158996175,0.5783880838370622,0.5786894856940306
1.994,-0.03554958365871405,0.5786894856940306,0.5793290106719929
1.996,-0.04241852230545187,0.5793290106719929,0.5802855937685978
1.998,-0.049408118423766884,0.5802855937685978,0.5807506093183951
2.0,-0.056512729337546294,0.5807506093183951,0.5815901405886477
2.0020000000000002,-0.06372656667924731,0.5815901405886477,0.5818371086204319
2.004,-0.07104370286786656,0.5818371086204319,0.5823168846730761
2.0060000000000002,-0.07845807774821546,0.5823168846730761,0.5834866744462716
2.008,-0.08596350538382977,0.5834866744462716,0.5836240305455186
2.0100000000000002,-0.09355368099576314,0.5836240305455186,0.5841606347506109
2.012,-0.10122218803923973,0.5841606347506109,0.5847035504599516
2.0140000000000002,-0.10896250541008491,0.5847035504599516,0.5851911184844982
2.016,-0.11676801477258973,0.5851911184844982,0.5854017094321167
2.0180000000000002,-0.12463200800046395,0.5854017094321167,0.5851420591256509
2.02,-0.13254769472225483,0.5851420591256509,0.5851214341269544
2.0220000000000002,-0.14050820996261337,0.5851214341269544,0.5858210638985915
2.024,-0.14850662187058206,0.5858210638985915,0.5861508643322056
2.0260000000000002,-0.15653593952607625,0.5861508643322056,0.5857457559441535
2.028,-0.16458912081551264,0.5857457559441535,0.5858842444626478
2.0300000000000002,-0.1726590803676127,0.5858842444626478,0.5861531945441408
2.032,-0.1807386975401912,0.5861531945441408,0.5858751920187119
2.0340000000000003,-0.18882082444880674,0.5858751920187119,0.58577540809871
2.036,-0.19689829402798556,0.58577540809871,0.5855790294085993
2.0380000000000003,-0.2049639281158183,0.5855790294085993,0.5856281495074003
2.04,-0.21301054555257667,0.5856281495074003,0.5857898768858762
2.0420000000000003,-0.22103097028408616,0.5857898768858762,0.585178938059285
2.044,-0.22901803946049945,0.585178938059285,0.5854469336969736
2.0460000000000003,-0.23696461152121448,0.5854469336969736,0.5853109664111668
2.048,-0.24486357425656666,0.5853109664111668,0.58513591105438
2.05,-0.25270785283711455,0.58513591105438,0.5842027703038775
2.052,-0.26049041780121823,0.5842027703038775,0.5843462038713709
2.054,-0.26820429299176346,0.5843462038713709,0.5838530587809387
2.056,-0.2758425634329076,0.5838530587809387,0.5835899445872185
2.058,-0.28339838313776633,0.5835899445872185,0.5832335416597869
2.06,-0.29086498283811574,0.5832335416597869,0.5828661920719357
2.062,-0.2982356776271516,0.5828661920719357,0.5824025936612065
2.064,-0.3055038745065981,0.5824025936612065,0.5820096020258531
2.066,-0.31266307982943026,0.5820096020258531,0.5816670074610968
2.068,-0.3197069066296865,0.5816670074610968,0.5811481063544218
2.07,-0.32662908183092754,0.5811481063544218,0.5806818780166526
2.072,-0.3334234533250777,0.5806818780166526,0.5795600404260888
2.074,-0.3400839969134789,0.5795600404260888,0.57900215515384
2.076,-0.3466048231022132,0.57900215515384,0.5782664602331681
2.078,-0.35298018374384743,0.5782664602331681,0.5776882364453874
2.08,-0.3592044785180113,0.5776882364453874,0.5771110009390311
2.082,-0.36527226124329815,0.5771110009390311,0.5756366525633699
2.084,-0.37117824601329763,0.5756366525633699,0.5746960933826658
2.086,-0.3769173131496607,0.5746960933826658,0.5741017214042073
2.088,-0.38248451496537694,0.5741017214042073,0.5728931890981044
2.09,-0.38787508133163145,0.5728931890981044,0.5717969110952811
2.092,-0.39308442504185315,0.5717969110952811,0.5711364737184895
2.094,-0.398108146966776,0.5711364737184895,0.5693112695889012
2.096,-0.40294204099460285,0.5693112695889012,0.5683392208973793
2.098,-0.40758209875057727,0.5683392208973793,0.5673618142517219
2.1,-0.4120245140905723,0.5673618142517219,0.5648615294066761
2.102,-0.41626568736348374,0.5648615294066761,0.5641771735286712
2.104,-0.420302229437586,0.5641771735286712,0.5623547536216053
2.106,-0.4241309654861794,0.5623547536216053,0.5605270632318695
2.108,-0.4277489385282085,0.5605270632318695,0.5592450576911558
2.11,-0.43115341271976904,0.5592450576911558,0.5571286951437923
2.112,-0.4343418763927359,0.5571286951437923,0.5554784171821188
2.114,-0.4373120448370105,0.5554784171821188,0.5539173989757359
2.116,-0.4400618628232037,0.5539173989757359,0.5522463435740769
2.118,-0.4425895068628485,0.5522463435740769,0.5499880394039128
2.12,-0.44489338720356586,0.5499880394039128,0.5477961987415882
2.122,-0.44697214955686926,0.5477961987415882,0.5463087814450599
2.124,-0.4488246765566569,0.5463087814450599,0.5442280433281944
2.126,-0.4504500889466931,0.5442280433281944,0.5419117383871349
2.128,-0.45184774649574155,0.5419117383871349,0.5392047314474886
2.13,-0.45301724863928816,0.5392047314474886,0.5366956201368284
2.132,-0.4539584348471331,0.5366956201368284,0.5343424066044963
2.134,-0.4546713847164305,0.5343424066044963,0.5324880485217981
2.136,-0.45515641779007776,0.5324880485217981,0.5297129075658126
2.138,-0.4554140931006705,0.5297129075658126,0.5269511515740496
2.14,-0.4554452084405539,0.5269511515740496,0.5245422115812849
2.142,-0.45525079935881774,0.5245422115812849,0.5217183199205175
2.144,-0.45483213788639876,0.5217183199205175,0.5191235727838135
2.146,-0.4541907309907577,0.5191235727838135,0.5163684958320314
2.148,-0.4533283187619257,0.5163684958320314,0.5133991910450915
2.15,-0.4522468723320048,0.5133991910450915,0.510527309234943
2.152,-0.4509485915305289,0.510527309234943,0.5072902543992404
2.154,-0.44943590227838875,0.5072902543992404,0.5042491989651032
2.156,-0.4477114537233249,0.5042491989651032,0.5016290575494518
2.158,-0.44577811512029686,0.5016290575494518,0.49789475642669984
2.16,-0.4436389724603116,0.49789475642669984,0.49516967195471245
2.162,-0.44129732485161965,0.49516967195471245,0.4918751741664136
2.164,-0.4387566806574231,0.4918751741664136,0.48905582697122774
2.166,-0.4360207533945697,0.48905582697122774,0.48554108758969744
2.168,-0.4330934573979378,0.48554108758969744,0.4817394301095654
2.17,-0.4299789032555321,0.4817394301095654,0.4790100544324318
2.172,-0.42668139301952235,0.4790100544324318,0.47506045575477907
2.174,-0.4232054151987622,0.47506045575477907,0.47179421362804047
2.176,-0.419555639538547,0.47179421362804047,0.46826859217005
2.178,-0.4157369115936312,0.46826859217005,0.4647166311748067
2.18,-0.4117542471007363,0.4647166311748067,0.46097934288688014
2.182,-0.40761282615706884,0.46097934288688014,0.4576105735064916
2.184,-0.403317987211506,0.4576105735064916,0.4538146348444193
2.186,-0.3988752208754127,0.4538146348444193,0.44991813510080736
2.188,-0.3942901635601787,0.44991813510080736,0.4460141915067479
2.19,-0.3895685909488452,0.4460141915067479,0.4424936106060048
2.192,-0.38471641130929357,0.4424936106060048,0.4385322325142027
2.194,-0.3797396586567313,0.4385322325142027,0.434606341220201
2.196,-0.3746444857733314,0.434606341220201,0.43096297169823783
2.198,-0.3694371570930723,0.43096297169823783,0.42715514098883783
2.2,-0.3641240414599489,0.42715514098883783,0.4228937452737302
2.202,-0.3587116047679383,0.4228937452737302,0.4191300697754501
2.204,-0.35320640249113483,0.4191300697754501,0.41563982644813174
2.206,-0.34761507211271336,0.41563982644813174,0.4110510475806412
2.208,-0.3419443254613829,0.4110510475806412,0.40706567407452543
2.21,-0.3362009409642125,0.40706567407452543,0.40304270899501016
2.212,-0.33039175582468777,0.40304270899501016,0.39910553697041234
2.214,-0.3245236581350514,0.39910553697041234,0.3950985543525607
2.216,-0.31860357893198166,0.3950985543525607,0.3908038560910738
2.218,-0.312638484204771,0.3908038560910738,0.38649121144742166
2.22,-0.30663536686517673,0.38649121144742166,0.3827640298495945
2.222,-0.30060123868824007,0.3827640298495945,0.37854266978436163
2.224,-0.294543122233285,0.37854266978436163,0.3742499481450671
2.226,-0.2884680427544603,0.3742499481450671,0.3704406393275544
2.228,-0.28238302011007876,0.3704406393275544,0.36612953807594134
2.23,-0.27629506068012943,0.36612953807594134,0.3617883413378334
2.232,-0.27021114930120105,0.3617883413378334,0.3576608597846795
2.234,-0.26413824122815244,0.3576608597846795,0.35319199247819616
2.236,-0.2580832541317533,0.35319199247819616,0.3492172636491974
2.238,-0.25205306014152495,0.3492172636491974,0.3450397281919398
2.24,-0.2460544779429092,0.3450397281919398,0.3409272072823851
2.242,-0.24009426493791458,0.3409272072823851,0.33705620853062346
2.244,-0.23417910947819914,0.33705620853062346,0.33226532154134186
2.246,-0.22831562317958745,0.33226532154134186,0.3283254974539836
2.248,-0.22251033332681522,0.3283254974539836,0.3244127990814901
2.25,-0.21676967537729944,0.3244127990814901,0.3204747345485675
2.2520000000000002,-0.21109998557250226,0.3204747345485675,0.3156823614247185
2.254,-0.20550749366543922,0.3156823614247185,0.31194769459253374
2.2560000000000002,-0.19999831577267438,0.31194769459253374,0.30769809233636436
2.258,-0.19457844735904645,0.30769809233636436,0.303751620696219
2.2600000000000002,-0.1892537563631705,0.303751620696219,0.29964227493372253
2.262,-0.1840299764716748,0.29964227493372253,0.2955035934041824
2.2640000000000002,-0.17891270054985303,0.2955035934041824,0.29143290857342463
2.266,-0.17390737423634697,0.29143290857342463,0.28747441773748716
2.2680000000000002,-0.16901928970918156,0.28747441773748716,0.2834680015574556
2.27,-0.16425357963037387,0.2834680015574556,0.27902970049731146
2.2720000000000002,-0.15961521127603495,0.27902970049731146,0.27542972198953863
2.274,-0.1551089808587566,0.27542972198953863,0.2709963077985745
2.2760000000000002,-0.15073950804879352,0.2709963077985745,0.2673501680367702
2.278,-0.1465112307003579,0.2673501680367702,0.2638011141494327
2.2800000000000002,-0.14242839978907226,0.2638011141494327,0.25972567701355637
2.282,-0.13849507456644025,0.25972567701355637,0.2557577976012717
2.2840000000000003,-0.1347151179368659,0.2557577976012717,0.2517684759708106
2.286,-0.13109219206257922,0.2517684759708106,0.2477865942805643
2.2880000000000003,-0.12762975420148723,0.2477865942805643,0.24397684350555357
2.29,-0.12433105278277451,0.24397684350555357,0.24015649094387664
2.2920000000000003,-0.12119912372472891,0.24015649094387664,0.23642222285585765
2.294,-0.1182367869990551,0.23642222285585765,0.23281335069573217
2.2960000000000003,-0.11544664344561101,0.23281335069573217,0.22891122858429297
2.298,-0.11283107184123639,0.22891122858429297,0.22460366162417414
2.3000000000000003,-0.11039222622603256,0.22460366162417414,0.22149486290306694
2.302,-0.1081320334901848,0.22149486290306694,0.2177799895290344
2.3040000000000003,-0.10605219122407483,0.2177799895290344,0.2139641321870894
2.306,-0.10415416583417814,0.2139641321870894,0.21028909457438985
2.308,-0.10243919092688714,0.21028909457438985,0.2069135354049108
2.31,-0.10090826596213373,0.2069135354049108,0.20348053521636678
2.312,-0.09956215517834402,0.20348053521636678,0.19992711763984158
2.314,-0.09840138678995564,0.19992711763984158,0.1965936352329332
2.316,-0.09742625245842806,0.1965936352329332,0.19308566106705116
2.318,-0.09663680703733138,0.19308566106705116,0.18904032009532384
2.32,-0.0960328685918172,0.18904032009532384,0.1857941023519388
2.322,-0.09561401869242864,0.1857941023519388,0.1828179724174753
2.324,-0.09537960298291598,0.1828179724174753,0.1791394828206911
2.326,-0.0953287320213913,0.1791394828206911,0.17612560641430458
2.328,-0.0954602823938483,0.17612560641430458,0.1725782207598693
2.33,-0.09577289809875994,0.1725782207598693,0.16912123511110624
2.332,-0.09626499220115048,0.16912123511110624,0.16620659821022862
2.334,-0.09693474875423594,0.16620659821022862,0.16330362487912636
2.336,-0.09778012498640593,0.16330362487912636,0.1594650148295561
2.338,-0.09879885375102831,0.1594650148295561,0.1566702173624236
2.34,-0.09998844623624892,0.1566702173624236,0.15332413005327397
2.342,-0.10134619493165295,0.15332413005327397,0.1500420927349526
2.344,-0.10286917684837246,0.1500420927349526,0.14746555213590756
2.346,-0.10455425698892507,0.14746555213590756,0.1436162084443691
2.348,-0.10639809206277484,0.1436162084443691,0.14075117402605458
2.35,-0.10839713444333807,0.14075117402605458,0.13753359630127385
2.352,-0.11054763636186232,0.13753359630127385,0.13490696043670067
2.354,-0.11284565433335836,0.13490696043670067,0.13178906835334617
2.356,-0.11528705380945664,0.13178906835334617,0.12858821325797068
2.358,-0.11786751405284934,0.12858821325797068,0.12585626901573096
2.36,-0.12058253322768422,0.12585626901573096,0.12261758341830457
2.362,-0.1234274337000405,0.12261758341830457,0.1195150889726494
2.364,-0.12639736754238423,0.1195150889726494,0.11713494217321946
2.366,-0.1294873222356544,0.11713494217321946,0.11410137523824851
2.368,-0.13269212656240437,0.11410137523824851,0.11104942074946131
2.37,-0.13600645668420885,0.11104942074946131,0.10847419411300488
2.372,-0.13942484239632427,0.10847419411300488,0.10508837747245542
2.374,-0.1429416735524153,0.10508837747245542,0.10218419916707366
2.376,-0.14655120665189986,0.10218419916707366,0.0992822314720806
2.378,-0.1502475715823711,0.0992822314720806,0.09673944479236357
2.38,-0.1540247785092817,0.09673944479236357,0.09368032239092673
2.382,-0.15787672490498378,0.09368032239092673,0.09098111809043835
2.384,-0.16179720270898768,0.09098111809043835,0.08810272217467727
2.386,-0.16577990561122466,0.08810272217467727,0.08525991308092576
2.388,-0.16981843644989306,0.08525991308092576,0.08249510321240286
2.39,-0.1739063147153679,0.08249510321240286,0.07970918774130858
2.392,-0.1780369841515273,0.07970918774130858,0.0769393985536406
2.394,-0.18220382044574923,0.0769393985536406,0.07437801274506253
2.396,-0.18640013899867278,0.07437801274506253,0.07178501475889733
2.398,-0.19061920276482955,0.07178501475889733,0.06867994261570397
2.4,-0.19485423015505018,0.06867994261570397,0.06581241502568727
2.402,-0.19909840299159015,0.06581241502568727,0.06333258989209485
2.404,-0.2033448745067545,0.06333258989209485,0.060355886963392266
2.406,-0.20758677737585163,0.060355886963392266,0.057590466717574534
2.408,-0.21181723177518683,0.057590466717574534,0.05473103955040805
2.41,-0.2160293534558145,0.05473103955040805,0.05142004758749405
2.412,-0.22021626182374746,0.05142004758749405,0.0489283319374098
2.414,-0.224371088017323,0.0489283319374098,0.046247957522970735
2.416,-0.2284869829723728,0.046247957522970735,0.04341368861531613
2.418,-0.23255712546596255,0.04341368861531613,0.040325104429212354
2.42,-0.2365747301293691,0.040325104429212354,0.03803071808486101
2.422,-0.24053305542111564,0.03803071808486101,0.034999505577657304
2.424,-0.24442541155081338,0.034999505577657304,0.0320552858218286
2.426,-0.24824516834473867,0.0320552858218286,0.029129756618656237
2.428,-0.25198576304403525,0.029129756618656237,0.026461642987358536
2.43,-0.2556407080265648,0.026461642987358536,0.023801383206839156
2.432,-0.2592035984435105,0.023801383206839156,0.020605815674644097
2.434,-0.26266811976193105,0.020605815674644097,0.017836333618227482
2.436,-0.2660280552045468,0.017836333618227482,0.014529720222184678
2.438,-0.26927729307822224,0.014529720222184678,0.011801507481725643
2.44,-0.2724098339826486,0.011801507481725643,0.008935653890727539
2.442,-0.2754197978909647,0.008935653890727539,0.005662103820356186
2.444,-0.278301431094097,0.005662103820356186,0.003134435717182223
2.446,-0.28104911300086655,0.003134435717182223,0.000368837008192424
2.448,-0.2836573627859862,0.000368837008192424,-0.0028027597022108586
2.45,-0.28612084587828746,-0.0028027597022108586,-0.006041835379557858
2.452,-0.28843438028170654,-0.006041835379557858,-0.009159078874632437
2.454,-0.29059294272173325,-0.009159078874632437,-0.012227391219534983
2.456,-0.2925916746102234,-0.012227391219534983,-0.015415714170954114
2.458,-0.2944258878217144,-0.015415714170954114,-0.01834942803541098
2.46,-0.2960910702745623,-0.01834942803541098,-0.020958478424815425
2.462,-0.29758289131048077,-0.020958478424815425,-0.024472944325241427
2.464,-0.29889720686624677,-0.024472944325241427,-0.02752703193355457
2.466,-0.30003006443164126,-0.02752703193355457,-0.031020487893296755
2.468,-0.30097770778787414,-0.031020487893296755,-0.03382316726718646
2.47,-0.30173658152103755,-0.03382316726718646,-0.03747025401398311
2.472,-0.30230333530537795,-0.03747025401398311,-0.04001069418311539
2.474,-0.30267482795143796,-0.04001069418311539,-0.043370379613326224
2.476,-0.3028481312143936,-0.043370379613326224,-0.04710205681793425
2.478,-0.3028205333581898,-0.04710205681793425,-0.04999426212075853
2.48,-0.3025895424713595,-0.04999426212075853,-0.05349898446792619
2.482,-0.30215288953068725,-0.05349898446792619,-0.056917814748932816
2.484,-0.3015085312091804,-0.056917814748932816,-0.06017337338247295
2.486,-0.30065465242510325,-0.06017337338247295,-0.06389415344778393
2.488,-0.29958966862911734,-0.06389415344778393,-0.06680711077443062
2.49,-0.29831222782688627,-0.06680711077443062,-0.07067255496446932
2.492,-0.2968212123347977,-0.07067255496446932,-0.07368491610804445
2.494,-0.29511574026676834,-0.07368491610804445,-0.07700506289691618
2.496,-0.293195166750407,-0.07700506289691618,-0.08072378342257885
2.498,-0.2910590848711093,-0.08072378342257885,-0.0840787395217463
2.5,-0.2887073263430024,-0.0840787395217463,-0.08758731467114614
2.5020000000000002,-0.2861399619059249,-0.08758731467114614,-0.09097595320916914
2.504,-0.28335730144799665,-0.09097595320916914,-0.09477783557734187
2.5060000000000002,-0.2803598938535997,-0.09477783557734187,-0.0976385326018593
2.508,-0.27714852657694267,-0.0976385326018593,-0.10140026936692587
2.5100000000000002,-0.2737242249416771,-0.10140026936692587,-0.10494806388008095
2.512,-0.270088251167361,-0.10494806388008095,-0.1082328866378091
2.5140000000000002,-0.2662421031238643,-0.1082328866378091,-0.11204339841223045
2.516,-0.26218751281515495,-0.11204339841223045,-0.11563756574307187
2.5180000000000002,-0.2579264445941612,-0.11563756574307187,-0.11928627194375142
2.52,-0.2534610931107909,-0.11928627194375142,-0.12299408916062855
2.5220000000000002,-0.2487938809954069,-0.12299408916062855,-0.12594840104978847
2.524,-0.2439274562804593,-0.12594840104978847,-0.1301200129995957
2.5260000000000002,-0.23886468956317508,-0.1301200129995957,-0.13316412827820037
2.528,-0.23360867091259835,-0.13316412827820037,-0.13732593445839097
2.5300000000000002,-0.2281627065244961,-0.13732593445839097,-0.14044435442712966
2.532,-0.22253031512798063,-0.14044435442712966,-0.14444283431035376
2.5340000000000003,-0.2167152241479517,-0.14444283431035376,-0.1477147054262935
2.536,-0.21072136562778512,-0.1477147054262935,-0.15110772920822055
2.5380000000000003,-0.20455287191690952,-0.15110772920822055,-0.15522646906145282
2.54,-0.1982140711282607,-0.15522646906145282,-0.1585793416264501
2.5420000000000003,-0.19170948237077393,-0.1585793416264501,-0.16209153660012487
2.544,-0.18504381076245055,-0.16209153660012487,-0.16540405434440125
2.5460000000000003,-0.17822194222965015,-0.16540405434440125,-0.16940742368718645
2.548,-0.1712489380986445,-0.16940742368718645,-0.17284802135296876
2.5500000000000003,-0.16413002948558975,-0.17284802135296876,-0.176024094922406
2.552,-0.15687061149140072,-0.176024094922406,-0.17985796692333933
2.5540000000000003,-0.14947623720814815,-0.17985796692333933,-0.1833688361171427
2.556,-0.14195261154391314,-0.1833688361171427,-0.1867722280970565
2.5580000000000003,-0.13430558487313587,-0.1867722280970565,-0.19022039042320724
2.56,-0.12654114651979997,-0.19022039042320724,-0.19394241811266466
2.562,-0.11866541808088986,-0.19394241811266466,-0.1973455250259692
2.564,-0.11068464659784012,-0.1973455250259692,-0.2006441572900575
2.566,-0.10260519758377976,-0.2006441572900575,-0.2045396125682392
2.568,-0.09443354791458564,-0.2045396125682392,-0.20756931855999763
2.57,-0.08617627859194804,-0.20756931855999763,-0.21108457752401485
2.572,-0.07784006738670221,-0.21108457752401485,-0.21427386615318372
2.574,-0.06943168137093612,-0.21427386615318372,-0.21764642915938992
2.576,-0.06095796934740445,-0.21764642915938992,-0.2208879877713766
2.578,-0.05242585418499217,-0.2208879877713766,-0.2240518359123999
2.58,-0.04384232506898079,-0.2240518359123999,-0.22730128375491745
2.582,-0.035214429675075556,-0.22730128375491745,-0.23031493876409084
2.584,-0.02654926627614304,-0.23031493876409084,-0.2333242347132654
2.586,-0.017853975790755906,-0.2333242347132654,-0.23659398611593982
2.588,-0.009135733782647808,-0.23659398611593982,-0.2396365893352905
2.59,-0.0004017424203232216,-0.2396365893352905,-0.2428387514742201
2.592,0.008340777594004355,-0.2428387514742201,-0.24580516165177793
2.594,0.017084595116810774,-0.24580516165177793,-0.24854052066749666
2.596,0.025822476667757957,-0.24854052066749666,-0.25167645140017436
2.598,0.03454719453690401,-0.25167645140017436,-0.2547491358764504
2.6,0.0432515348853991,-0.2547491358764504,-0.25724560285354536
2.602,0.051928305830276855,-0.25724560285354536,-0.25998482624851826
2.604,0.060570345504114206,-0.25998482624851826,-0.2627396129261085
2.606,0.0691705300802514,-0.2627396129261085,-0.26544648436663026
2.608,0.07772178175440245,-0.26544648436663026,-0.26788492030783695
2.61,0.0862170766734226,-0.26788492030783695,-0.27043690044811647
2.612,0.09464945280219034,-0.27043690044811647,-0.27313224500183547
2.614,0.10301201771950474,-0.27313224500183547,-0.2753530332224632
2.616,0.11129795633409924,-0.2753530332224632,-0.2779370336149396
2.618,0.11950053851183667,-0.2779370336149396,-0.2801819693018137
2.62,0.12761312660540708,-0.2801819693018137,-0.28246841900444314
2.622,0.1356291828777979,-0.28246841900444314,-0.28523820987220594
2.624,0.14354227681106946,-0.28523820987220594,-0.2870574088853092
2.626,0.15134609229198961,-0.2870574088853092,-0.28912545409235624
2.628,0.15903443466633138,-0.28912545409235624,-0.2909980359485621
2.63,0.1666012376536557,-0.2909980359485621,-0.29310007233862684
2.632,0.17404057011471374,-0.29310007233862684,-0.29497243051656113
2.634,0.1813466426636329,-0.29497243051656113,-0.29719947109324807
2.636,0.18851381411734108,-0.29719947109324807,-0.2983180058263939
2.638,0.19553659777477306,-0.2983180058263939,-0.3003713552242488
2.64,0.2024096675187012,-0.3003713552242488,-0.30210415719203176
2.642,0.20912786373313275,-0.30210415719203176,-0.3039854185091858
2.644,0.21568619902952124,-0.3039854185091858,-0.30516204350594645
2.646,0.2220798637751769,-0.30516204350594645,-0.30653980880526355
2.648,0.22830423141757927,-0.30653980880526355,-0.30785394578857256
2.65,0.23435486359841334,-0.30785394578857256,-0.3091550688912944
2.652,0.24022751505153306,-0.3091550688912944,-0.31015467881433684
2.654,0.24591813827916326,-0.31015467881433684,-0.3114357855649414
2.656,0.25142288800102747,-0.3114357855649414,-0.3128962386976618
2.658,0.2567381253712523,-0.3128962386976618,-0.314322130724646
2.66,0.2618604219582484,-0.314322130724646,-0.3145371792354926
2.662,0.2667865634829749,-0.3145371792354926,-0.3158641736304113
2.664,0.2715135533113182,-0.3158641736304113,-0.3163969249377396
2.666,0.27603861569656374,-0.3163969249377396,-0.3170665671614964
2.668,0.2803591987682736,-0.3170665671614964,-0.318098636971614
2.67,0.28447297726410226,-0.318098636971614,-0.31838475943513794
2.672,0.2883778550014713,-0.31838475943513794,-0.318881726255834
2.674,0.2920719670862282,-0.318881726255834,-0.31892986258065925
2.676,0.29555368185579795,-0.31892986258065925,-0.3196136884499008
2.678,0.29882160255458257,-0.3196136884499008,-0.3194090149190176
2.68,0.30187456873971086,-0.3194090149190176,-0.31999132991225415
2.682,0.3047116574155269,-0.31999132991225415,-0.31998981145404726
2.684,0.30733218389553346,-0.31998981145404726,-0.320149711134031
2.686,0.3097357023908029,-0.320149711134031,-0.3194868493834672
2.688,0.3119220063242141,-0.3194868493834672,-0.3197406300402746
2.69,0.31389112837014066,-0.3197406300402746,-0.31941760879393744
2.692,0.3156433402195909,-0.31941760879393744,-0.3192763987225372
2.694,0.31717915207105596,-0.3192763987225372,-0.3190493425899378
2.696,0.31849931184769287,-0.3190493425899378,-0.3187477033659972
2.698,0.31960480414173925,-0.3187477033659972,-0.3183982065210895
2.7,0.32049684888740126,-0.3183982065210895,-0.3178469635261878
2.702,0.3211768997637531,-0.3178469635261878,-0.317193792190637
2.704,0.32164664232950174,-0.317193792190637,-0.31668418511771235
2.706,0.3219079918917808,-0.31668418511771235,-0.31650611166685194
2.708,0.32196309111143684,-0.31650611166685194,-0.3160059002985959
2.71,0.32181430734758426,-0.3160059002985959,-0.31556775282410876
2.712,0.32146422974449973,-0.31556775282410876,-0.3147257396868669
2.714,0.3209156660642183,-0.3147257396868669,-0.3143195863067642
2.716,0.3201716392684978,-0.3143195863067642,-0.3131408348145157
2.718,0.31923538385409994,-0.3131408348145157,-0.31253967993962795
2.72,0.31811034194561655,-0.31253967993962795,-0.3114688302359029
2.722,0.3168001591503545,-0.3114688302359029,-0.3111082986144568
2.724,0.3153086801800675,-0.3111082986144568,-0.31002821801011343
2.726,0.3136399442445895,-0.31002821801011343,-0.3088967153181774
2.728,0.3117981802226708,-0.3088967153181774,-0.3077903212792139
2.73,0.3097878016156212,-0.3077903212792139,-0.3070402448328634
2.732,0.3076134012895446,-0.3070402448328634,-0.30597418128458964
2.734,0.30527974601226243,-0.30597418128458964,-0.3045217549643259
2.736,0.30279177079120506,-0.3045217549643259,-0.30354463563945255
2.738,0.3001545730188243,-0.30354463563945255,-0.3023174118947791
2.74,0.29737340643225746,-0.3023174118947791,-0.3012329282883927
2.742,0.2944536748942231,-0.3012329282883927,-0.29974514813306774
2.744,0.29140092600231676,-0.29974514813306774,-0.29828624825912653
2.746,0.2882208445340818,-0.29828624825912653,-0.29680919587212345
2.748,0.28491924573539024,-0.29680919587212345,-0.2956974219591062
2.75,0.28150206845991754,-0.2956974219591062,-0.2942772311938388
2.7520000000000002,0.27797536816756524,-0.2942772311938388,-0.2920313913126278
2.754,0.27434530978995636,-0.2920313913126278,-0.2912660240791298
2.7560000000000002,0.2706181604711811,-0.2912660240791298,-0.2895365071766934
2.758,0.26680028219220886,-0.2895365071766934,-0.287839260586165
2.7600000000000002,0.26289812428742615,-0.287839260586165,-0.28627887414789294
2.762,0.25891821586195146,-0.28627887414789294,-0.28491568000033135
2.7640000000000002,0.2548671581184664,-0.28491568000033135,-0.2830455848333595
2.766,0.2507516166024008,-0.2830455848333595,-0.2812642916963519
2.7680000000000002,0.24657831337439926,-0.2812642916963519,-0.27970663626299175
2.77,0.2423540191191335,-0.27970663626299175,-0.2776994032935886
2.7720000000000002,0.23808554519949454,-0.2776994032935886,-0.2764727498965274
2.774,0.23377973566538227,-0.2764727498965274,-0.2747801332562589
2.7760000000000002,0.22944345922625012,-0.2747801332562589,-0.27260346685934206
2.778,0.22508360119670853,-0.27260346685934206,-0.27087921300897755
2.7800000000000002,0.22070705542442146,-0.27087921300897755,-0.26868721836938897
2.782,0.21632071620962964,-0.26868721836938897,-0.2671165805409225
2.7840000000000003,0.21193147022560685,-0.2671165805409225,-0.26495769075365366
2.786,0.2075461884493553,-0.26495769075365366,-0.2634293760125852
2.7880000000000003,0.20317171811183282,-0.2634293760125852,-0.2613676422634391
2.79,0.19881487467702066,-0.2613676422634391,-0.259718712734202
2.7920000000000003,0.19448243385902514,-0.259718712734202,-0.25744730480599676
2.794,0.19018112368646606,-0.25744730480599676,-0.25537967100110476
2.7960000000000003,0.18591761662324435,-0.25537967100110476,-0.25379939956516945
2.798,0.18169852175482748,-0.25379939956516945,-0.2516513255050454
2.8000000000000003,0.17753037704899666,-0.2516513255050454,-0.24940524201096967
2.802,0.17341964170001836,-0.24940524201096967,-0.24749141517423284
2.8040000000000003,0.16937268856504675,-0.24749141517423284,-0.24558383933673958
2.806,0.16539579670147253,-0.24558383933673958,-0.24357231353183267
2.8080000000000003,0.1614951440138171,-0.24357231353183267,-0.24166079227825926
2.81,0.15767680001865142,-0.24166079227825926,-0.23925615052302265
2.8120000000000003,0.15394671873587618,-0.23925615052302265,-0.23758227381713315
2.814,0.15031073171455395,-0.23758227381713315,-0.23530128692754157
2.816,0.14677454120131822,-0.23530128692754157,-0.23339001429879
2.818,0.14334371345926494,-0.23339001429879,-0.231259780467412
2.82,0.14002367224499096,-0.231259780467412,-0.22926858137950215
2.822,0.13681969245130876,-0.22926858137950215,-0.22730332074115114
2.824,0.1337368939229835,-0.22730332074115114,-0.22526044232197273
2.826,0.13078023545258113,-0.22526044232197273,-0.2234597723211058
2.828,0.12795450896338886,-0.2234597723211058,-0.22156854722298241
2.83,0.12526433388607253,-0.22156854722298241,-0.21938575803861948
2.832,0.12271415173559436,-0.21938575803861948,-0.21732004086451637
2.834,0.12030822089460017,-0.21732004086451637,-0.21520624085921064
2.836,0.11805061160931626,-0.21520624085921064,-0.2135613467788988
2.838,0.1159452012037181,-0.2135613467788988,-0.21176875147523685
2.84,0.11399566951748111,-0.21176875147523685,-0.20964131497734567
2.842,0.11220549457297427,-0.20964131497734567,-0.20758001082826677
2.844,0.1105779484763039,-0.20758001082826677,-0.20569253557858952
2.846,0.10911609355710997,-0.20569253557858952,-0.2032374195606088
2.848,0.10782277875159194,-0.2032374195606088,-0.20156780163040533
2.85,0.10670063623290865,-0.20156780163040533,-0.19967625998081925
2.852,0.10575207829286487,-0.19967625998081925,-0.19756244766392228
2.854,0.10497929447845558,-0.19756244766392228,-0.19587000788357903
2.856,0.10438424898658613,-0.19587000788357903,-0.19416094222112398
2.858,0.10396867831997225,-0.19416094222112398,-0.1916354323314572
2.86,0.10373408920691762,-0.1916354323314572,-0.18996232767350674
2.862,0.10368175678737634,-0.18996232767350674,-0.1881459778427284
2.864,0.10381272306739259,-0.1881459778427284,-0.18624309173401568
2.866,0.10412779564370145,-0.18624309173401568,-0.1841148309501948
2.868,0.10462754669996588,-0.1841148309501948,-0.18253399121549826
2.87,0.10531231227581017,-0.18253399121549826,-0.180836423087947
2.872,0.10618219180949909,-0.180836423087947,-0.17885529171516906
2.874,0.10723704795479119,-0.17885529171516906,-0.17701009335172538
2.876,0.10847650667218509,-0.17701009335172538,-0.1750519854424913
2.878,0.10989995759445872,-0.1750519854424913,-0.17325415887252762
2.88,0.11150655466608167,-0.17325415887252762,-0.17152269623691427
2.882,0.11329521705577941,-0.17152269623691427,-0.1697124683139772
2.884,0.11526463034118808,-0.1697124683139772,-0.1677896989266988
2.886,0.11741324796426025,-0.1677896989266988,-0.16630321950285018
2.888,0.11973929295572966,-0.16630321950285018,-0.1643402959287769
2.89,0.12224075992667699,-0.1643402959287769,-0.16230828286181684
2.892,0.12491541732488345,-0.16230828286181684,-0.16057778334366815
2.894,0.12776080995340347,-0.16057778334366815,-0.1591547924671528
2.896,0.13077426174844267,-0.1591547924671528,-0.15717183778124638
2.898,0.13395287881335802,-0.15717183778124638,-0.15505183306023856
2.9,0.137293552705283,-0.15505183306023856,-0.15344642925484786
2.902,0.14079296397061347,-0.15344642925484786,-0.15179190110975416
2.904,0.1444475859252607,-0.15179190110975416,-0.1498257263919481
2.906,0.14825368867535793,-0.1498257263919481,-0.1481640893955394
2.908,0.15220734337376074,-0.1481640893955394,-0.14622448119693077
2.91,0.1563044267074785,-0.14622448119693077,-0.14435917477593116
2.912,0.16054062561083643,-0.14435917477593116,-0.14259929472205823
2.914,0.1649114421989849,-0.14259929472205823,-0.14086072164136548
2.916,0.1694121989160492,-0.14086072164136548,-0.13887780491640694
2.918,0.17403804389201152,-0.13887780491640694,-0.1375347096599896
2.92,0.17878395650215212,-0.1375347096599896,-0.13545371717310198
2.922,0.18364475312267137,-0.13545371717310198,-0.13383605479488683
2.924,0.1886150930758316,-0.13383605479488683,-0.13145690912224936
2.926,0.1936894847578258,-0.13145690912224936,-0.12978915163955132
2.928,0.19886229194227353,-0.12978915163955132,-0.1280659058227185
2.93,0.20412774025213531,-0.1280659058227185,-0.1264517439889733
2.932,0.20947992379254574,-0.1264517439889733,-0.12447514106479148
2.934,0.2149128119369858,-0.12447514106479148,-0.1225855630585208
2.936,0.2204202562589409,-0.1225855630585208,-0.12032137779653035
2.938,0.22599599760108985,-0.12032137779653035,-0.1188024092692896
2.94,0.2316336732738744,-0.1188024092692896,-0.11713181306900544
2.942,0.23732682437518782,-0.11713181306900544,-0.1149602176371888
2.944,0.24306890322271296,-0.1149602176371888,-0.11281771356065902
2.946,0.24885328089041017,-0.11281771356065902,-0.11065144497548164
2.948,0.25467325484042797,-0.11065144497548164,-0.10898097476722227
2.95,0.26052205664170003,-0.10898097476722227,-0.10692671149868184
2.952,0.26639285976628824,-0.10692671149868184,-0.10497491883508725
2.954,0.27227878745455714,-0.10497491883508725,-0.10295419312014453
2.956,0.27817292064007804,-0.10295419312014453,-0.10069471407769869
2.958,0.2840683059251652,-0.10069471407769869,-0.09867235757221857
2.96,0.2899579635978481,-0.09867235757221857,-0.0961642253958209
2.962,0.29583489568107774,-0.0961642253958209,-0.09410947339875773
2.964,0.3016920940048497,-0.09410947339875773,-0.09224036103632315
2.966,0.30752254829201453,-0.09224036103632315,-0.08968286334235431
2.968,0.31331925424840734,-0.08968286334235431,-0.08735265086165157
2.97,0.3190752216480366,-0.08735265086165157,-0.0849820720973772
2.972,0.3247834824039645,-0.0849820720973772,-0.08267825429377226
2.974,0.3304370986156496,-0.08267825429377226,-0.08042289326900887
2.976,0.3360291705834371,-0.08042289326900887,-0.07796211893822318
2.978,0.3415528447809947,-0.07796211893822318,-0.07534614692380191
2.98,0.3470013217765019,-0.07534614692380191,-0.0733662772135622
2.982,0.35236786409349574,-0.0733662772135622,-0.07065227221540492
2.984,0.35764580400227614,-0.07065227221540492,-0.06864353289520768
2.986,0.36282855123295815,-0.06864353289520768,-0.06549381256860856
2.988,0.367909600601234,-0.06549381256860856,-0.06307469035642989
2.99,0.37288253953811556,-0.06307469035642989,-0.06017651604862584
2.992,0.3777410555149302,-0.06017651604862584,-0.057632310729529075
2.994,0.3824789433550796,-0.057632310729529075,-0.054962750921592134
2.996,0.38709011242409463,-0.054962750921592134,-0.05218403404298234
2.998,0.3915685936897304,-0.05218403404298234,-0.04937455234087761
