# {"config": {"dt": 0.002, "kind": "wheel", "torque_limit_nm": 2.0}, "initial_command_history": "zero", "initial_state": "known_rest", "known_initial_rest": true, "name": "calibration_0", "sampling": "position_then_command_then_next_position", "schema": "encoder_position_only", "schema_version": 1, "split": "calibration"}
time_s,command_torque_nm,position_rad,next_position_rad
0.0,0.0,-7.837396838544357e-05,-3.3038033136878554e-05
0.002,0.0020136267223173797,-3.3038033136878554e-05,1.2523175502351753e-05
0.004,0.004033233967048353,1.2523175502351753e-05,5.9384554518310765e-05
0.006,0.006058769554950871,5.9384554518310765e-05,0.00011403558924217589
0.008,0.008090180381304015,0.00011403558924217589,-7.055737250739304e-05
0.01,0.010127412410430385,-7.055737250739304e-05,-0.00033030558441193446
0.012,0.012170410670259268,-0.00033030558441193446,1.8949627500521668e-05
0.014,0.014219119246931792,1.8949627500521668e-05,-0.00013961156616275404
0.016,0.01627348127944934,-0.00013961156616275404,0.00010079415220152643
0.018000000000000002,0.018333438954366465,0.00010079415220152643,0.00016169905565929148
0.02,0.02039893350052946,0.00016169905565929148,0.0006297111846617733
0.022,0.022469905183862073,0.0006297111846617733,7.429721826854579e-05
0.024,0.024546293302199387,7.429721826854579e-05,-0.0002816341639377007
0.026000000000000002,0.02662803618017134,-0.0002816341639377007,0.0006176525759503442
0.028,0.02871507116413713,0.0006176525759503442,6.734104204754209e-05
0.03,0.030807334617171823,6.734104204754209e-05,-0.00030715286484433367
0.032,0.032904761914106455,-0.00030715286484433367,3.69455169093947e-05
0.034,0.03500728743662303,3.69455169093947e-05,-6.0456259997572264e-05
0.036000000000000004,0.03711484456840573,-6.0456259997572264e-05,0.0003040265262842752
0.038,0.03922736569034968,0.0003040265262842752,9.648127647595644e-05
0.04,0.04134478217582875,9.648127647595644e-05,-0.00022830020334381495
0.042,0.043467024386023484,-0.00022830020334381495,0.0004699520451702343
0.044,0.045594021665310985,0.0004699520451702343,0.00030791438964664476
0.046,0.04772570233671786,0.00030791438964664476,0.0002497416915991883
0.048,0.049861993697437566,0.0002497416915991883,0.0002265717316751093
0.05,0.05200282201441402,0.0002265717316751093,0.0005766720939286434
0.052000000000000005,0.0541481125199923,0.0005766720939286434,0.0002693239839580933
0.054,0.05629778940763849,0.0002693239839580933,0.0007838338070659807
0.056,0.05845177582772975,0.0007838338070659807,0.0005879008225962657
0.058,0.060609993883416036,0.0005879008225962657,0.0006848462461126664
0.06,0.0627723646265554,0.0006848462461126664,0.0007669734596597512
0.062,0.06493880805372379,0.0007669734596597512,0.0006355754489671097
0.064,0.06710924310230125,0.0006355754489671097,0.0007369353848715655
0.066,0.06928358764663599,0.0007369353848715655,0.0007969590339345012
0.068,0.07146175849428753,0.0007969590339345012,0.0008746848972854702
0.07,0.07364367138235094,0.0008746848972854702,0.0004624377158635134
0.07200000000000001,0.07582924097386327,0.0004624377158635134,0.0007409970311587955
0.074,0.07801838085429413,0.0007409970311587955,0.0008480484266968767
0.076,0.0802110035281216,0.0008480484266968767,0.001218437118984933
0.078,0.08240702041549527,0.001218437118984933,0.0012934278229647107
0.08,0.084606341848988,0.0012934278229647107,0.0011939133348372116
0.082,0.08680887707043788,0.0011939133348372116,0.0007381379617601841
0.084,0.08901453422788198,0.0007381379617601841,0.0009074366590701964
0.08600000000000001,0.09122322037258385,0.0009074366590701964,0.0012520649450467507
0.088,0.09343484145615567,0.0012520649450467507,0.0014761964933503648
0.09,0.09564930232777757,0.0014761964933503648,0.0014510085745118124
0.092,0.09786650673151494,0.0014510085745118124,0.0017207623554869433
0.094,0.10008635730373594,0.0017207623554869433,0.0016783467419901812
0.096,0.1023087555706306,0.0016783467419901812,0.0017769047929079838
0.098,0.10453360194583335,0.0017769047929079838,0.001858032332317617
0.1,0.10676079572815025,0.001858032332317617,0.0016181528660589397
0.10200000000000001,0.10899023509939328,0.0016181528660589397,0.0022178228181396237
0.10400000000000001,0.11122181712232278,0.0022178228181396237,0.001509849622479549
0.106,0.11345543773869976,0.001509849622479549,0.0022084989035512288
0.108,0.11569099176745042,0.0022084989035512288,0.0022011018684607317
0.11,0.11792837290294361,0.0022011018684607317,0.002474962217718028
0.112,0.12016747371338399,0.002474962217718028,0.002491312252482931
0.114,0.12240818563932164,0.002491312252482931,0.002408372006791666
0.116,0.12465039899228059,0.002408372006791666,0.002558123338475736
0.11800000000000001,0.1268940029535076,0.002558123338475736,0.0026840427555362366
0.12,0.1291388855728432,0.0026840427555362366,0.0030975034372478574
0.122,0.1313849337677163,0.0030975034372478574,0.0032407013589213947
0.124,0.1336320333222646,0.0032407013589213947,0.0034949646231210367
0.126,0.13588006888658272,0.0034949646231210367,0.003077785882119962
0.128,0.13812892397609874,0.003077785882119962,0.0033032498266252343
0.13,0.14037848097108216,0.0033032498266252343,0.003559684014245813
0.132,0.14262862111628472,0.003559684014245813,0.003916414642914875
0.134,0.14487922452071508,0.003916414642914875,0.003725099761999754
0.136,0.14713017015755028,0.003725099761999754,0.004120859792266119
0.138,0.1493813358641852,0.004120859792266119,0.0039561617188296
0.14,0.1516325983424216,0.0039561617188296,0.004664717552690649
0.14200000000000002,0.15388383315879905,0.004664717552690649,0.004428230606637969
0.14400000000000002,0.1561349147450692,0.004428230606637969,0.0046933448887756055
0.146,0.15838571639881532,0.0046933448887756055,0.00496023857278522
0.148,0.16063611028421917,0.00496023857278522,0.0056383039819943095
0.15,0.16288596743297612,0.0056383039819943095,0.00503335962032454
0.152,0.16513515774536158,0.00503335962032454,0.005592761798422695
0.154,0.16738354999144966,0.005592761798422695,0.005792063482187008
0.156,0.16963101181248608,0.005792063482187008,0.006077966529962716
0.158,0.17187740972241752,0.006077966529962716,0.005843617924793974
0.16,0.1741226091095785,0.005843617924793974,0.006543647644715983
0.162,0.17636647423853846,0.006543647644715983,0.0066585708390796755
0.164,0.17860886825211025,0.0066585708390796755,0.007272301929097415
0.166,0.18084965317352186,0.007272301929097415,0.007491056765618174
0.168,0.1830886899087539,0.007491056765618174,0.007928632718500287
0.17,0.18532583824904356,0.007928632718500287,0.007970143358209105
0.17200000000000001,0.18756095687355798,0.007970143358209105,0.008182538914914016
0.17400000000000002,0.18979390335223792,0.008182538914914016,0.008555734737734477
0.176,0.1920245341488143,0.008555734737734477,0.008832709937206971
0.178,0.1942527046239988,0.008832709937206971,0.009010140659334677
0.18,0.19647826903885077,0.009010140659334677,0.009833948988026994
0.182,0.19870108055832236,0.009833948988026994,0.010427908786605128
0.184,0.20092099125498272,0.010427908786605128,0.010611507859454068
0.186,0.2031378521129247,0.010611507859454068,0.010724535839675673
0.188,0.2053515130318541,0.010724535839675673,0.011515310907530826
0.19,0.20756182283136507,0.011515310907530826,0.011685097616643636
0.192,0.20976862925540127,0.011685097616643636,0.012304415360575164
0.194,0.21197177897690717,0.012304415360575164,0.013078752742044277
0.196,0.2141711176026688,0.013078752742044277,0.013533465992605737
0.198,0.21636648967834748,0.013533465992605737,0.014166048136768996
0.2,0.21855773869370765,0.014166048136768996,0.014580077679443143
0.202,0.2207447070880401,0.014580077679443143,0.01536143134264052
0.20400000000000001,0.22292723625578348,0.01536143134264052,0.01567264437361497
0.20600000000000002,0.22510516655234483,0.01567264437361497,0.016640313270167576
0.20800000000000002,0.2272783373001216,0.016640313270167576,0.0174422008088277
0.21,0.22944658679472593,0.0174422008088277,0.017862054935834523
0.212,0.23160975231141445,0.017862054935834523,0.01854314629699873
0.214,0.23376767011172372,0.01854314629699873,0.019344438015193192
0.216,0.23592017545031396,0.019344438015193192,0.020115642432151623
0.218,0.23806710258202257,0.020115642432151623,0.020935008228974584
0.22,0.24020828476912928,0.020935008228974584,0.021578882096141245
0.222,0.24234355428883403,0.021578882096141245,0.022607666013858337
0.224,0.24447274244095007,0.022607666013858337,0.02352932962123453
0.226,0.24659567955581319,0.02352932962123453,0.0250117416291158
0.228,0.24871219500240938,0.0250117416291158,0.02537174587082783
0.23,0.25082211719672204,0.02537174587082783,0.026426175384284573
0.232,0.2529252736103004,0.026426175384284573,0.027564882254095646
0.234,0.2550214907790518,0.027564882254095646,0.02853516036749447
0.23600000000000002,0.25711059431225697,0.02853516036749447,0.029399954959571626
0.23800000000000002,0.25919240890181294,0.029399954959571626,0.03075982974092581
0.24,0.26126675833170315,0.03075982974092581,0.03146186186726986
0.242,0.26333346548769637,0.03146186186726986,0.03318876766472817
0.244,0.2653923523672774,0.03318876766472817,0.03420404956654648
0.246,0.26744324008980863,0.03420404956654648,0.035619907559164395
0.248,0.26948594890692745,0.035619907559164395,0.03647834915038459
0.25,0.2715202982131767,0.03647834915038459,0.0380982990741995
0.252,0.27354610655687367,0.0380982990741995,0.039257270162975
0.254,0.2755631916512162,0.039257270162975,0.04108832822504379
0.256,0.277571370385629,0.04108832822504379,0.04241053129859554
0.258,0.2795704588373507,0.04241053129859554,0.04364521823834102
0.26,0.2815602722832634,0.04364521823834102,0.04506354043966366
0.262,0.2835406252119658,0.04506354043966366,0.04657137846418889
0.264,0.28551133133609213,0.04657137846418889,0.04832356179020231
0.266,0.2874722036048761,0.04832356179020231,0.049896346800454364
0.268,0.28942305421696446,0.049896346800454364,0.05147112160619462
0.27,0.29136369463347783,0.05147112160619462,0.05318189639744315
0.272,0.2932939355913228,0.05318189639744315,0.05499157817446984
0.274,0.295213587116755,0.05499157817446984,0.05662266449086996
0.276,0.29712245853919517,0.05662266449086996,0.05840849516481645
0.278,0.299020358505299,0.05840849516481645,0.05991529238755171
0.28,0.3009070949932813,0.05991529238755171,0.06178676910379675
0.28200000000000003,0.30278247532749747,0.06178676910379675,0.06368627763962507
0.28400000000000003,0.3046463061932813,0.06368627763962507,0.0655202113845101
0.28600000000000003,0.30649839365204085,0.0655202113845101,0.06754224727348304
0.28800000000000003,0.30833854315661424,0.06754224727348304,0.06941717830904387
0.29,0.3101665595668856,0.06941717830904387,0.07115483210844191
0.292,0.311982247165662,0.07115483210844191,0.07360764937259238
0.294,0.3137854096748124,0.07360764937259238,0.07504734226604771
0.296,0.31557585027167034,0.07504734226604771,0.07767401487308401
0.298,0.3173533716057002,0.07767401487308401,0.0798175263184822
0.3,0.31911777581542844,0.0798175263184822,0.08152731664880496
0.302,0.3208688645456399,0.08152731664880496,0.08397456821567355
0.304,0.322606438964842,0.08397456821567355,0.08614891670931558
0.306,0.3243302997829938,0.08614891670931558,0.08832430537931682
0.308,0.32604024726950565,0.08832430537931682,0.09035855634526563
0.31,0.3277360812715049,0.09035855634526563,0.09305987532216656
0.312,0.32941760123237235,0.09305987532216656,0.095416084117695
0.314,0.33108460621054775,0.095416084117695,0.09809006476482447
0.316,0.33273689489860614,0.09809006476482447,0.10039305807439562
0.318,0.3343742656426043,0.10039305807439562,0.10274808794568109
0.32,0.3359965164616994,0.10274808794568109,0.10494554381439572
0.322,0.3376034450680388,0.10494554381439572,0.10751030987794231
0.324,0.3391948488869221,0.10751030987794231,0.11002130925298839
0.326,0.3407705250772357,0.11002130925298839,0.1125291841051921
0.328,0.34233027055216075,0.1125291841051921,0.114864992192288
0.33,0.34387388200015323,0.114864992192288,0.11803178363274347
0.332,0.345401155906198,0.11803178363274347,0.12041428481511982
0.334,0.34691188857333666,0.12041428481511982,0.12328281641167463
0.336,0.3484058761444678,0.12328281641167463,0.12599366206641754
0.338,0.34988291462442245,0.12599366206641754,0.12900652250481665
0.34,0.35134279990231265,0.12900652250481665,0.13210115356812513
0.342,0.3527853277741534,0.13210115356812513,0.13474874879036322
0.34400000000000003,0.3542102939657593,0.13474874879036322,0.13774691677949447
0.34600000000000003,0.3556174941559139,0.13774691677949447,0.1407332715109052
0.34800000000000003,0.3570067239998132,0.1407332715109052,0.14348175862241813
0.35000000000000003,0.35837777915278196,0.14348175862241813,0.14642734201251212
0.352,0.3597304552942633,0.14642734201251212,0.14950757296862016
0.354,0.36106454815208117,0.14950757296862016,0.1523536025678537
0.356,0.3623798535269749,0.1523536025678537,0.15526965466937703
0.358,0.3636761673174055,0.15526965466937703,0.15848542509587213
0.36,0.36495328554463435,0.15848542509587213,0.1614582613372087
0.362,0.3662110043780722,0.1614582613372087,0.16479098318247484
0.364,0.3674491201608983,0.16479098318247484,0.16826975400775238
0.366,0.36866742943595043,0.16826975400775238,0.1714571936690991
0.368,0.3698657289718829,0.1714571936690991,0.1745162063492894
0.37,0.3710438157895936,0.1745162063492894,0.17803534682429428
0.372,0.3722014871889185,0.17803534682429428,0.1812409360242321
0.374,0.37333854077559253,0.1812409360242321,0.18470088032169926
0.376,0.37445477448847697,0.18470088032169926,0.18822069651363058
0.378,0.37554998662705086,0.18822069651363058,0.19165398875200312
0.38,0.37662397587916685,0.19165398875200312,0.19546816365056452
0.382,0.3776765413490692,0.19546816365056452,0.19851882952756147
0.384,0.3787074825856739,0.19851882952756147,0.2018571329476725
0.386,0.37971659961110843,0.2018571329476725,0.2055170958337738
0.388,0.3807036929495112,0.2055170958337738,0.20919531538349329
0.39,0.3816685636560882,0.20919531538349329,0.2131181012847429
0.392,0.382611013346426,0.2131181012847429,0.2166884913424053
0.394,0.3835308442260594,0.2166884913424053,0.22014219428595844
0.396,0.3844278591202928,0.22014219428595844,0.22403220569290536
0.398,0.38530186150427265,0.22403220569290536,0.22743593055678843
0.4,0.3861526555333096,0.22743593055678843,0.23163257703390172
0.402,0.3869800460734497,0.23163257703390172,0.2357338115806057
0.404,0.3877838387322911,0.2357338115806057,0.23923918401057254
0.406,0.3885638398900455,0.23923918401057254,0.24329088471345556
0.40800000000000003,0.38931985673084213,0.24329088471345556,0.24700871387983933
0.41000000000000003,0.3900516972742721,0.24700871387983933,0.25071363744713615
0.41200000000000003,0.39075917040717095,0.25071363744713615,0.254690507492473
0.41400000000000003,0.3914420859156379,0.254690507492473,0.2586137410461634
0.41600000000000004,0.39210025451728797,0.2586137410461634,0.2623690238989754
0.418,0.39273348789373697,0.2623690238989754,0.2671316779137961
0.42,0.3933415987233146,0.2671316779137961,0.27069843348661515
0.422,0.393924400714005,0.27069843348661515,0.27514650258899
0.424,0.3944817086366107,0.27514650258899,0.27890601761272465
0.426,0.3950133383581391,0.27890601761272465,0.28329461942268824
0.428,0.3955191068754068,0.28329461942268824,0.28774988776330324
0.43,0.3959988323488606,0.28774988776330324,0.29185162055049224
0.432,0.3964523341366113,0.29185162055049224,0.29595081205663737
0.434,0.3968794328286783,0.29595081205663737,0.3001811790366804
0.436,0.3972799502814408,0.3001811790366804,0.304493770819597
0.438,0.3976537096522934,0.304493770819597,0.3090734396659901
0.44,0.398000535434503,0.3090734396659901,0.3131266821103948
0.442,0.39832025349226263,0.3131266821103948,0.31752699684937324
0.444,0.39861269109594066,0.31752699684937324,0.32229140880944585
0.446,0.39887767695751997,0.32229140880944585,0.32641484079698974
0.448,0.3991150412662253,0.32641484079698974,0.330488253297674
0.45,0.3993246157243342,0.330488253297674,0.33532663685691655
0.452,0.3995062335831679,0.33532663685691655,0.34001905684686706
0.454,0.3996597296792592,0.34001905684686706,0.34445116066144454
0.456,0.3997849404706927,0.34445116066144454,0.348673677043084
0.458,0.3998817040736131,0.348673677043084,0.35335131955778787
0.46,0.3999498602988998,0.35335131955778787,0.35839298715740636
0.462,0.39998925068899993,0.35839298715740636,0.36275491818330546
0.464,0.3999997185549198,0.36275491818330546,0.36763761336640505
0.466,0.3999811090133673,0.36763761336640505,0.37220798654951875
0.468,0.39993326902404225,0.37220798654951875,0.37658756916798664
0.47000000000000003,0.3998560474270707,0.37658756916798664,0.3820779419939899
0.47200000000000003,0.3997492949805773,0.3820779419939899,0.3863192152046914
0.47400000000000003,0.39961286439839244,0.3863192152046914,0.3908282297019923
0.47600000000000003,0.39944661038788865,0.3908282297019923,0.3960571824857641
0.47800000000000004,0.39925038968794196,0.3960571824857641,0.4003564092258533
0.48,0.3990240611070127,0.4003564092258533,0.40542581100561415
0.482,0.39876748556134184,0.40542581100561415,0.41047426674365783
0.484,0.39848052611325635,0.41047426674365783,0.4149828668989513
0.486,0.3981630480095799,0.4149828668989513,0.4204228795988278
0.488,0.39781491872014296,0.4204228795988278,0.4250161874001977
0.49,0.3974360079763863,0.4250161874001977,0.4299319258058224
0.492,0.3970261878100543,0.4299319258058224,0.4346415173524713
0.494,0.3965853325919705,0.4346415173524713,0.44004183214874215
0.496,0.39611331907089126,0.44004183214874215,0.445107683160884
0.498,0.39561002641243137,0.445107683160884,0.4500774362720888
0.5,0.3950753362380551,0.4500774362720888,0.4548197558097037
0.502,0.3945091326641287,0.4548197558097037,0.45989367446269264
0.504,0.3939113023410258,0.45989367446269264,0.46509800794234146
0.506,0.3932817344922823,0.46509800794234146,0.47007818825730513
0.508,0.3926203209537927,0.47007818825730513,0.4756403557046592
0.51,0.3919269562130419,0.4756403557046592,0.4805528351285506
0.512,0.39120153744836783,0.4805528351285506,0.48544948993417253
0.514,0.3904439645682456,0.48544948993417253,0.49084314318649497
0.516,0.38965414025058953,0.49084314318649497,0.49580451526442904
0.518,0.3888319699820644,0.49580451526442904,0.5010842510688585
0.52,0.38797736209740036,0.5010842510688585,0.506230523565709
0.522,0.3870902278187043,0.506230523565709,0.5116153850114387
0.524,0.3861704812947606,0.5116153850114387,0.5166722512470657
0.526,0.38521803964031487,0.5166722512470657,0.5219885510104274
0.528,0.38423282297533345,0.5219885510104274,0.5269697131939534
0.53,0.38321475446423064,0.5269697131939534,0.5321665260624522
0.532,0.3821637603550579,0.5321665260624522,0.5374506544887149
0.534,0.3810797700186466,0.5374506544887149,0.5430159654702962
0.536,0.37996271598769754,0.5430159654702962,0.5483808021020636
0.538,0.37881253399580883,0.5483808021020636,0.5535304969377477
0.54,0.3776291630164359,0.5535304969377477,0.5590107483133046
0.542,0.37641254530177437,0.5590107483133046,0.5648468447299337
0.544,0.37516262642155973,0.5648468447299337,0.5697216424329373
0.546,0.37387935530177435,0.5697216424329373,0.5751760710122036
0.548,0.3725626842632551,0.5751760710122036,0.5806022644517238
0.55,0.37121256906019223,0.5806022644517238,0.5858757361606758
0.552,0.36982896891851313,0.5858757361606758,0.5917366066606896
0.554,0.36841184657414117,0.5917366066606896,0.5966392632021635
0.556,0.3669611683111223,0.5966392632021635,0.6021752126741781
0.558,0.36547690399961036,0.6021752126741781,0.6076911656442532
0.56,0.36395902713370304,0.6076911656442532,0.6132109490527473
0.562,0.36240751486912015,0.6132109490527473,0.6184738816632261
0.5640000000000001,0.36082234806071484,0.6184738816632261,0.6237902048010155
0.5660000000000001,0.3592035112998094,0.6237902048010155,0.6296677687566065
0.5680000000000001,0.3575509929513478,0.6296677687566065,0.6350201917224497
0.5700000000000001,0.3558647851908536,0.6350201917224497,0.6403792063474362
0.5720000000000001,0.3541448840411874,0.6403792063474362,0.6461507339411223
0.5740000000000001,0.35239128940909253,0.6461507339411223,0.651583616510398
0.5760000000000001,0.35060400512152035,0.651583616510398,0.6569402281305005
0.578,0.3487830389617269,0.6569402281305005,0.6623747397960735
0.58,0.3469284027051296,0.6623747397960735,0.6682068874498612
0.582,0.34504011215491753,0.6682068874498612,0.6733800361131924
0.584,0.34311818717740367,0.6733800361131924,0.6788077695322109
0.586,0.34116265173710886,0.6788077695322109,0.6845801375010032
0.588,0.33917353393157174,0.6845801375010032,0.6898111227042241
0.59,0.33715086602586974,0.6898111227042241,0.6953754144487215
0.592,0.33509468448684687,0.6953754144487215,0.7007262591463692
0.594,0.33300503001703335,0.7007262591463692,0.7064961155888171
0.596,0.3308819475882516,0.7064961155888171,0.7118039267636244
0.598,0.3287254864748954,0.7118039267636244,0.7175338959904007
0.6,0.3265357002868736,0.7175338959904007,0.722722281970985
0.602,0.3243126470022101,0.722722281970985,0.7282051611947349
0.604,0.3220563889992849,0.7282051611947349,0.7341158579745857
0.606,0.31976699308871254,0.7341158579745857,0.7394033203608138
0.608,0.3174445305448422,0.7394033203608138,0.7450585542890789
0.61,0.3150890771368719,0.7450585542890789,0.7506964399334134
0.612,0.31270071315956627,0.7506964399334134,0.7563350668898515
0.614,0.3102795234635669,0.7563350668898515,0.7614897825064886
0.616,0.3078255974852844,0.7614897825064886,0.7674142145742181
0.618,0.3053390292763629,0.7674142145742181,0.7724376543662781
0.62,0.30281991753270515,0.7724376543662781,0.7780989772806561
0.622,0.30026836562304826,0.7780989772806561,0.7835404563204706
0.624,0.2976844816170791,0.7835404563204706,0.7887816208443935
0.626,0.29506837831307925,0.7887816208443935,0.7942480579045473
0.628,0.2924201732650872,0.7942480579045473,0.8000010217943216
0.63,0.28973998880956875,0.8000010217943216,0.8054995089019537
0.632,0.2870279520915839,0.8054995089019537,0.8107868164361722
0.634,0.28428419509043906,0.8107868164361722,0.8160522296999659
0.636,0.2815088546448134,0.8160522296999659,0.8217233591275815
0.638,0.27870207247735057,0.8217233591275815,0.8272610903245945
0.64,0.27586399521870136,0.8272610903245945,0.8322618651770165
0.642,0.27299477443100817,0.8322618651770165,0.83787489581718
0.644,0.2700945666308213,0.83787489581718,0.8430990806999584
0.646,0.26716353331143267,0.8430990806999584,0.8482258893511294
0.648,0.26420184096461957,0.8482258893511294,0.8540111721305542
0.65,0.26120966110178423,0.8540111721305542,0.8594685726696406
0.652,0.25818717027447974,0.8594685726696406,0.8651268339750996
0.654,0.2551345500943105,0.8651268339750996,0.8699617021308131
0.656,0.2520519872521962,0.8699617021308131,0.8755635658854537
0.658,0.2489396735369876,0.8755635658854537,0.8804221515657443
0.66,0.24579780585342415,0.8804221515657443,0.8856042278684563
0.662,0.24262658623942013,0.8856042278684563,0.8909184196608161
0.664,0.2394262218826696,0.8909184196608161,0.8966232039019251
0.666,0.23619692513655852,0.8966232039019251,0.901927655055327
0.668,0.23293891353537274,0.901927655055327,0.9073266662404259
0.67,0.2296524098087901,0.9073266662404259,0.9120267265224579
0.672,0.22633764189564626,0.9120267265224579,0.9174249013587341
0.674,0.22299484295696168,0.9174249013587341,0.9227859260628489
0.676,0.2196242513882196,0.9227859260628489,0.9277249982097496
0.678,0.21622611083088425,0.9277249982097496,0.9327558717488571
0.68,0.21280067018314594,0.9327558717488571,0.9381356306913632
0.682,0.20934818360988316,0.9381356306913632,0.9427680982878168
0.684,0.20586891055183157,0.9427680982878168,0.9480819613644197
0.686,0.20236311573394483,0.9480819613644197,0.9534258854824158
0.6880000000000001,0.19883106917294258,0.9534258854824158,0.9583921446078654
0.6900000000000001,0.19527304618402724,0.9583921446078654,0.9631834843785907
0.6920000000000001,0.1916893273867624,0.9631834843785907,0.9684484802328422
0.6940000000000001,0.18808019871010248,0.9684484802328422,0.9729854116223471
0.6960000000000001,0.18444595139656003,0.9729854116223471,0.977605982544479
0.6980000000000001,0.18078688200550186,0.977605982544479,0.9830530019162271
0.7000000000000001,0.17710329241556064,0.9830530019162271,0.9876915554519269
0.7020000000000001,0.17339548982615274,0.9876915554519269,0.9928946442839018
0.704,0.16966378675809363,0.9928946442839018,0.9976988531945268
0.706,0.16590850105329308,0.9976988531945268,1.0026302913015928
0.708,0.1621299558735274,1.0026302913015928,1.0070438024300505
0.71,0.15832847969827366,1.0070438024300505,1.0117240021264053
0.712,0.15450440632159418,1.0117240021264053,1.0169687019889149
0.714,0.15065807484806495,1.0169687019889149,1.0213249885274365
0.716,0.14678982968773308,1.0213249885274365,1.0259490000780107
0.718,0.14290002055009646,1.0259490000780107,1.0310745844963822
0.72,0.13898900243709197,1.0310745844963822,1.0350276239000267
0.722,0.13505713563508392,1.0350276239000267,1.039463694907294
0.724,0.13110478570584358,1.039463694907294,1.0446946964589972
0.726,0.12713232347650621,1.0446946964589972,1.0493729772852811
0.728,0.12314012502849772,1.0493729772852811,1.0533540334908593
0.73,0.11912857168542293,1.0533540334908593,1.05784273686359
0.732,0.11509804999990039,1.05784273686359,1.0627657072185197
0.734,0.11104895173934007,1.0627657072185197,1.0666912292201476
0.736,0.10698167387064889,1.0666912292201476,1.0712338899585006
0.738,0.10289661854385777,1.0712338899585006,1.0757195436936402
0.74,0.09879419307466125,1.0757195436936402,1.079716948872472
0.742,0.09467480992585686,1.079716948872472,1.0842685018011444
0.744,0.09053888668767796,1.0842685018011444,1.0883223863847071
0.746,0.08638684605701265,1.0883223863847071,1.0925855782199918
0.748,0.08221911581549213,1.0925855782199918,1.0964782813887284
0.75,0.07803612880645144,1.0964782813887284,1.1011021604176572
0.752,0.07383832291074154,1.1011021604176572,1.1049201816667675
0.754,0.06962614102139446,1.1049201816667675,1.109364441270966
0.756,0.06540003101712663,1.109364441270966,1.1132036232963078
0.758,0.06116044573467333,1.1132036232963078,1.1170958129508273
0.76,0.05690784293995082,1.1170958129508273,1.1210913644452924
0.762,0.05264268529802962,1.1210913644452924,1.124750888732106
0.764,0.04836544034191958,1.124750888732106,1.1288481274830275
0.766,0.04407658044015487,1.1288481274830275,1.1322022973430117
0.768,0.039776582763170004,1.1322022973430117,1.1363367708362655
0.77,0.035465929248464305,1.1363367708362655,1.1400025640580598
0.772,0.031145106564544386,1.1400025640580598,1.1437115725345435
0.774,0.026814606073637018,1.1437115725345435,1.1475150058102437
0.776,0.02247492379316901,1.1475150058102437,1.1509450120310858
0.778,0.01812656035600393,1.1509450120310858,1.1546406645558065
0.78,0.01377002096943223,1.1546406645558065,1.1581045430393062
0.782,0.009405815372906553,1.1581045430393062,1.161317908077709
0.784,0.005034457794517431,1.161317908077709,1.1648276324774796
0.786,0.0006564669062024225,1.1648276324774796,1.1683527025172087
0.788,-0.0037276342223148216,1.1683527025172087,1.1715184591524825
0.79,-0.008117318170863964,1.1715184591524825,1.1748239744651197
0.792,-0.012512053217446188,1.1748239744651197,1.1778940389508041
0.794,-0.016911303388143558,1.1778940389508041,1.1815026700546802
0.796,-0.021314528508314994,1.1815026700546802,1.1846357514531445
0.798,-0.025721184255092303,1.1846357514531445,1.1880089795646953
0.8,-0.030130722211173296,1.1880089795646953,1.1907361500560776
0.802,-0.034542589919919424,1.1907361500560776,1.194154719593005
0.804,-0.03895623094176365,1.194154719593005,1.1965851513292507
0.806,-0.04337108491192476,1.1965851513292507,1.1993263260815934
0.808,-0.04778658759944232,1.1993263260815934,1.2023926018503295
0.81,-0.05220217096752272,1.2023926018503295,1.2052912125338724
0.812,-0.05661726323520935,1.2052912125338724,1.2077300375137194
0.8140000000000001,-0.06103128894037575,1.2077300375137194,1.2107672486881944
0.8160000000000001,-0.06544366900404014,1.2107672486881944,1.2135645652439582
0.8180000000000001,-0.06985382079600892,1.2135645652439582,1.2160513511916375
0.8200000000000001,-0.07426115820184893,1.2160513511916375,1.2186836936310967
0.8220000000000001,-0.07866509169118738,1.2186836936310967,1.2209483920307809
0.8240000000000001,-0.0830650283873453,1.2209483920307809,1.2233716572510247
0.8260000000000001,-0.08746037213829744,1.2233716572510247,1.2258434758228374
0.8280000000000001,-0.09185052358897101,1.2258434758228374,1.2283864124350792
0.8300000000000001,-0.09623488025486987,1.2283864124350792,1.2307802942088943
0.8320000000000001,-0.10061283659703524,1.2307802942088943,1.2325855785425868
0.834,-0.10498378409833442,1.2325855785425868,1.2348884473106343
0.836,-0.10934711134108446,1.2348884473106343,1.237287834472378
0.838,-0.11370220408600047,1.237287834472378,1.2393951725774037
0.84,-0.1180484453524765,1.2393951725774037,1.2410430302896622
0.842,-0.12238521550019013,1.2410430302896622,1.2435843303857368
0.844,-0.12671189231203264,1.2435843303857368,1.2452829796072995
0.846,-0.13102785107836198,1.2452829796072995,1.2471588743123465
0.848,-0.13533246468257398,1.2471588743123465,1.2487743146649748
0.85,-0.13962510368799116,1.2487743146649748,1.2505960069455877
0.852,-0.14390513642606173,1.2505960069455877,1.2522896713695884
0.854,-0.14817192908587218,1.2522896713695884,1.2539158531759171
0.856,-0.15242484580496185,1.2539158531759171,1.2552506904372374
0.858,-0.15666324876143742,1.2552506904372374,1.2568277643165464
0.86,-0.1608864982673876,1.2568277643165464,1.2582920045806474
0.862,-0.16509395286358375,1.2582920045806474,1.2603231793687288
0.864,-0.169284969415467,1.2603231793687288,1.2613743194097944
0.866,-0.1734589032104179,1.2613743194097944,1.2625979789059434
0.868,-0.17761510805629308,1.2625979789059434,1.2635253744705048
0.87,-0.1817529363812338,1.2635253744705048,1.2648889818424662
0.872,-0.1858717393347304,1.2648889818424662,1.2658172205505875
0.874,-0.18997086688993978,1.2658172205505875,1.2675259802636212
0.876,-0.1940496679472453,1.2675259802636212,1.268391180454227
0.878,-0.19810749043905562,1.268391180454227,1.268782680100832
0.88,-0.20214368143582773,1.268782680100832,1.270010813987712
0.882,-0.206157587253309,1.270010813987712,1.2712665095742366
0.884,-0.21014855356098894,1.2712665095742366,1.271544706132111
0.886,-0.21411592549174863,1.271544706132111,1.2720055061848718
0.888,-0.2180590477526995,1.2720055061848718,1.2730531193772534
0.89,-0.22197726473720014,1.2730531193772534,1.2734960543405331
0.892,-0.2258699206380399,1.2734960543405331,1.2739876247995159
0.894,-0.2297363595617796,1.2739876247995159,1.2741545761978514
0.896,-0.23357592564423266,1.2741545761978514,1.2748218058595993
0.898,-0.23738796316708122,1.2748218058595993,1.2747768180209647
0.9,-0.24117181667561002,1.2747768180209647,1.275187318617497
0.902,-0.2449268310975434,1.275187318617497,1.2752562045678169
0.904,-0.2486523518629784,1.2752562045678169,1.2749681762470844
0.906,-0.2523477250253922,1.2749681762470844,1.2754828372562022
0.908,-0.2560122973837156,1.2754828372562022,1.2752785923790675
0.91,-0.25964541660545387,1.2752785923790675,1.2750449527518
0.912,-0.26324643135084175,1.2750449527518,1.2750052109777534
0.914,-0.26681469139801517,1.2750052109777534,1.275061765241391
0.916,-0.27034954776918535,1.275061765241391,1.2745539654918734
0.918,-0.27385035285779685,1.2745539654918734,1.2743269238076773
0.92,-0.27731646055665504,1.2743269238076773,1.2740831896377114
0.922,-0.28074722638700117,1.2740831896377114,1.2736172080421102
0.924,-0.28414200762852176,1.2736172080421102,1.2733558537026755
0.926,-0.28750016345027035,1.2733558537026755,1.2732765935579966
0.928,-0.29082105504248607,1.2732765935579966,1.2727657304886082
0.93,-0.29410404574928567,1.2727657304886082,1.2723208866492606
0.932,-0.2973485012022123,1.2723208866492606,1.271891317496954
0.934,-0.3005537894546211,1.271891317496954,1.271238357867698
0.936,-0.3037192811168759,1.271238357867698,1.270557565585172
0.9380000000000001,-0.3068443494923458,1.270557565585172,1.2701712517330939
0.9400000000000001,-0.3099283707141669,1.2701712517330939,1.269287451432778
0.9420000000000001,-0.3129707238827601,1.269287451432778,1.2690541204030865
0.9440000000000001,-0.31597079120407234,1.2690541204030865,1.2678647591500014
0.9460000000000001,-0.31892795812852515,1.2678647591500014,1.2672499931198975
0.9480000000000001,-0.32184161349064194,1.2672499931198975,1.2667945352242054
0.9500000000000001,-0.3247111496493352,1.2667945352242054,1.265594082497558
0.9520000000000001,-0.327535962628825,1.265594082497558,1.2649393094190442
0.9540000000000001,-0.3303154522601661,1.2649393094190442,1.2638669425332032
0.9560000000000001,-0.3330490223233565,1.2638669425332032,1.262567200334382
0.9580000000000001,-0.33573608069000666,1.262567200334382,1.2620286723438972
0.96,-0.3383760394665367,1.2620286723438972,1.2605315470058687
0.962,-0.34096831513787834,1.2605315470058687,1.2596620346588998
0.964,-0.3435123287116554,1.2596620346588998,1.258596936600823
0.966,-0.3460075058628132,1.258596936600823,1.2574209012861437
0.968,-0.34845327707866997,1.2574209012861437,1.2558669952785608
0.97,-0.35084907780436203,1.2558669952785608,1.254712884746071
0.972,-0.35319434858865295,1.254712884746071,1.252977438083574
0.974,-0.35548853523007745,1.252977438083574,1.2523650821740695
0.976,-0.35773108892339267,1.2523650821740695,1.2505909233113166
0.978,-0.3599214664063025,1.2505909233113166,1.2486469724712903
0.98,-0.3620591301064275,1.2486469724712903,1.247361010917771
0.982,-0.3641435482884884,1.247361010917771,1.2455285066042352
0.984,-0.3661741952016711,1.2455285066042352,1.2442197165766253
0.986,-0.3681505512271428,1.2442197165766253,1.2422940808795202
0.988,-0.3700721030256835,1.2422940808795202,1.2403129736309029
0.99,-0.3719383436854052,1.2403129736309029,1.238457662137142
0.992,-0.3737487728695204,1.238457662137142,1.2366140346437453
0.994,-0.37550289696413003,1.2366140346437453,1.235129771808191
0.996,-0.37720022922599417,1.235129771808191,1.2327922784701228
0.998,-0.37884028993025265,1.2327922784701228,1.2310670651356799
1.0,-0.3804226065180614,1.2310670651356799,1.2288907805773048
1.002,-0.38194671374410505,1.2288907805773048,1.226902752292398
1.004,-0.38341215382395594,1.226902752292398,1.2246208458409316
1.006,-0.3848184765812392,1.2246208458409316,1.2221082253971118
1.008,-0.386165239594569,1.2221082253971118,1.219959447769155
1.01,-0.38745200834421895,1.219959447769155,1.2177419113873844
1.012,-0.38867835635848924,1.2177419113873844,1.2151828863899556
1.014,-0.389843865359733,1.2151828863899556,1.212618746051136
1.016,-0.39094812541000395,1.212618746051136,1.2105022725926569
1.018,-0.39199073505628695,1.2105022725926569,1.208417799478176
1.02,-0.392971301475272,1.208417799478176,1.2056460999716427
1.022,-0.39388944061763426,1.2056460999716427,1.2029377210234948
1.024,-0.39474477735177904,1.2029377210234948,1.2003554365633655
1.026,-0.3955369456070126,1.2003554365633655,1.1975537992091405
1.028,-0.39626558851609905,1.1975537992091405,1.1951189398702258
1.03,-0.39693035855716197,1.1951189398702258,1.1926790375850254
1.032,-0.3975309176948909,1.1926790375850254,1.1897626209790875
1.034,-0.3980669375210113,1.1897626209790875,1.1868039386557965
1.036,-0.39853809939397666,1.1868039386557965,1.1835628852263562
1.038,-0.39894409457784014,1.1835628852263562,1.1807644141909721
1.04,-0.3992846243802658,1.1807644141909721,1.178041914187409
1.042,-0.39955940028963544,1.178041914187409,1.1753398995493467
1.044,-0.3997681441112084,1.1753398995493467,1.1716629290577412
1.046,-0.3999105881022936,1.1716629290577412,1.1687694335462995
1.048,-0.3999864751063875,1.1687694335462995,1.1657920397311454
1.05,-0.39999555868623843,1.1657920397311454,1.1622900522525477
1.052,-0.3999376032557896,1.1622900522525477,1.1594080395330946
1.054,-0.3998123842109612,1.1594080395330946,1.1562256289588213
1.056,-0.399619688059224,1.1562256289588213,1.1529860956143687
1.058,-0.39935931254792273,1.1529860956143687,1.149207339141414
1.06,-0.39903106679130285,1.149207339141414,1.1461071904796383
1.062,-0.39863477139619796,1.1461071904796383,1.1426652582136083
1.064,-0.3981702585863316,1.1426652582136083,1.139272097323919
1.066,-0.3976373723251887,1.139272097323919,1.1359198295534545
1.068,-0.3970359684374122,1.1359198295534545,1.1319328174287948
1.07,-0.39636591472867877,1.1319328174287948,1.1285917743425027
1.072,-0.3956270911040085,1.1285917743425027,1.1250484976509447
1.074,-0.39481938968446295,1.1250484976509447,1.121180903342221
1.076,-0.3939427149221855,1.121180903342221,1.1180049184037044
1.078,-0.3929969837137394,1.1180049184037044,1.1138367891069096
1.08,-0.39198212551169487,1.1138367891069096,1.1104224425390183
1.082,-0.3908980824344231,1.1104224425390183,1.1063412552937075
1.084,-0.3897448093740473,1.1063412552937075,1.1027428167756146
1.086,-0.3885222741025073,1.1027428167756146,1.0988448624851836
1.088,-0.3872304573756902,1.0988448624851836,1.0951935878571186
1.09,-0.3858693530355807,1.0951935878571186,1.091362195477252
1.092,-0.38443896811038614,1.091362195477252,1.087580576867094
1.094,-0.3829393229125891,1.087580576867094,1.083339981853089
1.096,-0.38137045113487916,1.083339981853089,1.079185359804102
1.098,-0.3797323999439234,1.079185359804102,1.0756759001055185
1.1,-0.3780252300719219,1.0756759001055185,1.071574640896908
1.102,-0.37624901590590887,1.071574640896908,1.0672554671865355
1.104,-0.3744038455747483,1.0672554671865355,1.0636275749875992
1.106,-0.3724898210337802,1.0636275749875992,1.059447425152288
1.108,-0.37050705814707247,1.059447425152288,1.0549838240444678
1.11,-0.36845568676722973,1.0549838240444678,1.0509954969041149
1.112,-0.36633585081271525,1.0509954969041149,1.0467842906280609
1.114,-0.36414770834264165,1.0467842906280609,1.0424304948423366
1.116,-0.36189143162897913,1.0424304948423366,1.0381735415747864
1.118,-0.3595672072261455,1.0381735415747864,1.0345540888777256
1.12,-0.35717523603792073,1.0345540888777256,1.0296953216098894
1.122,-0.3547157333816545,1.0296953216098894,1.0255368131727667
1.124,-0.35218892904970844,1.0255368131727667,1.0210772713250078
1.1260000000000001,-0.3495950673680994,1.0210772713250078,1.016779352426731
1.1280000000000001,-0.34693440725229385,1.016779352426731,1.0126405866983414
1.1300000000000001,-0.3442072222601093,1.0126405866983414,1.0085711483915034
1.1320000000000001,-0.34141380064168175,1.0085711483915034,1.0039219632326128
1.1340000000000001,-0.3385544453864537,1.0039219632326128,0.9997674995338905
1.1360000000000001,-0.33562947426713835,0.9997674995338905,0.9951967903606709
1.1380000000000001,-0.3326392198806215,0.9951967903606709,0.9908329841029774
1.1400000000000001,-0.32958402968575146,0.9908329841029774,0.9863302726996337
1.1420000000000001,-0.32646426603798373,0.9863302726996337,0.9822694654705211
1.1440000000000001,-0.32328030622082937,0.9822694654705211,0.977609077957253
1.1460000000000001,-0.3200325424740724,0.977609077957253,0.9730614650668593
1.1480000000000001,-0.31672138201871264,0.9730614650668593,0.9689773356703688
1.1500000000000001,-0.31334724707859113,0.9689773356703688,0.9644422082459916
1.1520000000000001,-0.3099105748986638,0.9644422082459916,0.95964760919073
1.154,-0.3064118177598777,0.95964760919073,0.9553409333536043
1.156,-0.30285144299061045,0.9553409333536043,0.9508477481820147
1.158,-0.2992299329746424,0.9508477481820147,0.9463275699061193
1.16,-0.29554778515561275,0.9463275699061193,0.9420861047879012
1.162,-0.2918055120379266,0.9420861047879012,0.937022864087056
1.164,-0.2880036411840758,0.937022864087056,0.9330407688178627
1.166,-0.2841427152083397,0.9330407688178627,0.9280701474263147
1.168,-0.28022329176681926,0.9280701474263147,0.9238418283792496
1.17,-0.2762459435437856,0.9238418283792496,0.9191114786653771
1.172,-0.2722112582342896,0.9191114786653771,0.9146288489357554
1.174,-0.2681198385230155,0.9146288489357554,0.9105272718439227
1.176,-0.26397230205933137,0.9105272718439227,0.9056286712011238
1.178,-0.2597692814285103,0.9056286712011238,0.9012452649171588
1.18,-0.25551142411909267,0.9012452649171588,0.8964716529062892
1.182,-0.25119939248634715,0.8964716529062892,0.8920262347483646
1.184,-0.24683386371181415,0.8920262347483646,0.8875556938989058
1.186,-0.24241552975888792,0.8875556938989058,0.8832083014380234
1.188,-0.23794509732441815,0.8832083014380234,0.8785127481568276
1.19,-0.23342328778629834,0.8785127481568276,0.8746245982913184
1.192,-0.22885083714701115,0.8746245982913184,0.869762081766628
1.194,-0.22422849597310815,0.869762081766628,0.8655994692147064
1.196,-0.21955702933059698,0.8655994692147064,0.8607944305905304
1.198,-0.21483721671620815,0.8607944305905304,0.8567974761932756
1.2,-0.21006985198451847,0.8567974761932756,0.8522947779439334
1.202,-0.20525574327091017,0.8522947779439334,0.8474194076204743
1.204,-0.20039571291033953,0.8474194076204743,0.8431928762468276
1.206,-0.1954905973518956,0.8431928762468276,0.8388697511573883
1.208,-0.19054124706912767,0.8388697511573883,0.8346310420690531
1.21,-0.18554852646612224,0.8346310420690531,0.83054759415787
1.212,-0.1805133137793105,0.83054759415787,0.8255780379936111
1.214,-0.1754365009749896,0.8255780379936111,0.8212986228134667
1.216,-0.1703189936425371,0.8212986228134667,0.8171249216341053
1.218,-0.16516171088331139,0.8171249216341053,0.8130001134862455
1.22,-0.1599655851952152,0.8130001134862455,0.8085246617876792
1.222,-0.15473156235291133,0.8085246617876792,0.8043228750801924
1.224,-0.1494606012836796,0.8043228750801924,0.8002200955569869
1.226,-0.14415367393890527,0.8002200955569869,0.7959998789627614
1.228,-0.1388117651611833,0.7959998789627614,0.7917246259209773
1.23,-0.13343587254703526,0.7917246259209773,0.7878514397918179
1.232,-0.128027006305225,0.7878514397918179,0.7837388142736725
1.234,-0.12258618911067719,0.7837388142736725,0.7793724581421722
1.236,-0.11711445595397832,0.7793724581421722,0.7754762512937619
1.238,-0.11161285398646781,0.7754762512937619,0.7714107137722859
1.24,-0.10608244236091507,0.7714107137722859,0.7672893273343675
1.242,-0.10052429206777214,0.7672893273343675,0.7632014840627219
1.244,-0.0949394857670114,0.7632014840627219,0.7596001062103549
1.246,-0.08932911761554524,0.7596001062103549,0.7554529495680989
1.248,-0.08369429309022858,0.7554529495680989,0.7514687510425991
1.25,-0.0780361288064515,0.7514687510425991,0.7476142396508993
1.252,-0.07235575233231917,0.7476142396508993,0.7439717042658293
1.254,-0.06665430199843746,0.7439717042658293,0.7400598705197915
1.256,-0.06093292670329939,0.7400598705197915,0.7366232880293152
1.258,-0.05519278571428913,0.7366232880293152,0.7325460664903974
1.26,-0.049435048464309655,0.7325460664903974,0.7288003174478834
1.262,-0.043660894344049156,0.7288003174478834,0.7251636435216285
1.264,-0.03787151248989799,0.7251636435216285,0.7218845378511286
1.266,-0.032068101567527145,0.7218845378511286,0.7180290376097387
1.268,-0.026251869551150938,0.7180290376097387,0.7146544350804053
1.27,-0.020424033498486524,0.7146544350804053,0.7111520549439644
1.272,-0.014585819321428967,0.7111520549439644,0.7076049893717421
1.274,-0.008738461552467455,0.7076049893717421,0.7047098898684079
1.276,-0.0028832031068576707,0.7047098898684079,0.7013793278795475
1.278,0.0029787049594226043,0.7013793278795475,0.6974091994296301
1.28,0.008846003695907989,0.6974091994296301,0.6945955930120603
1.282,0.014717426508048588,0.6945955930120603,0.6913886894702845
1.284,0.020591699411749355,0.6913886894702845,0.6880062435931082
1.286,0.02646754129201336,0.6880062435931082,0.6849268858497558
1.288,0.03234366416567445,0.6849268858497558,0.6820562093665825
1.29,0.038218773448158626,0.6820562093665825,0.6789675359350353
1.292,0.044091568224265985,0.6789675359350353,0.6758118239842185
1.294,0.049960741522924006,0.6758118239842185,0.6730991776365937
1.296,0.055824980595875574,0.6730991776365937,0.6702743642828214
1.298,0.06168296720026776,0.6702743642828214,0.6671673004525223
1.3,0.06753337788509384,0.6671673004525223,0.6645450090365597
1.302,0.07337488428145116,0.6645450090365597,0.6617823625003383
1.304,0.079206153396573,0.6617823625003383,0.6590176912548221
1.306,0.08502584791157862,0.6590176912548221,0.6561470129691497
1.308,0.09083262648290515,0.6561470129691497,0.6546043392912689
1.31,0.09662514404737103,0.6546043392912689,0.6517715994999032
1.312,0.10240205213080877,0.6517715994999032,0.649054580860906
1.314,0.10816199916023256,0.649054580860906,0.6467890386780031
1.316,0.11390363077947221,0.6467890386780031,0.6441994350363268
1.318,0.11962559016822778,0.6441994350363268,0.6419295700779146
1.32,0.12532651836448105,0.6419295700779146,0.6395553261560414
1.322,0.13100505459020761,0.6395553261560414,0.6374437253418818
1.324,0.13665983658033007,0.6374437253418818,0.6353728231214063
1.326,0.1422895009148468,0.6353728231214063,0.6338593471888705
1.328,0.14789268335407788,0.6338593471888705,0.631340334314456
1.33,0.15346801917695918,0.631340334314456,0.6295907721574409
1.332,0.15901414352230972,0.6295907721574409,0.6278515528166477
1.334,0.16452969173302495,0.6278515528166477,0.6260601919923462
1.336,0.1700132997031,0.6260601919923462,0.624086086782933
1.338,0.17546360422742804,0.624086086782933,0.6222103829931207
1.34,0.18087924335429179,0.6222103829931207,0.62096924184491
1.342,0.18625885674047596,0.62096924184491,0.6193805158602774
1.344,0.1916010860089263,0.6193805158602774,0.6173682679903387
1.346,0.1969045751088626,0.6173682679903387,0.6160352427569306
1.348,0.20216797067828574,0.6160352427569306,0.6147229868417766
1.35,0.20738992240878226,0.6147229868417766,0.6135110061397357
1.352,0.212569083412542,0.6135110061397357,0.6124962263253033
1.354,0.21770411059151717,0.6124962263253033,0.6112698881406595
1.356,0.2227936650086152,0.6112698881406595,0.6096937065542548
1.358,0.2278364122608607,0.6096937065542548,0.6095433179768129
1.36,0.23283102285441315,0.6095433179768129,0.6080815117851943
1.362,0.23777617258136396,0.6080815117851943,0.607168179480176
1.364,0.2426705428982155,0.607168179480176,0.6064222102191048
1.366,0.24751282130594454,0.6064222102191048,0.6056269719032779
1.368,0.2523017017315557,0.6056269719032779,0.6052732055860307
1.37,0.257035884911027,0.6052732055860307,0.6044687195331923
1.372,0.2617140787735479,0.6044687195331923,0.6039338469278195
1.374,0.26633499882694794,0.6039338469278195,0.603406564932177
1.3760000000000001,0.2708973685442144,0.603406564932177,0.603126636254031
1.3780000000000001,0.2753999197509945,0.603126636254031,0.6027474903312087
1.3800000000000001,0.27984139301397665,0.6027474903312087,0.6026765474229215
1.3820000000000001,0.28422053803004405,0.6026765474229215,0.6021239159370365
1.3840000000000001,0.288536114016091,0.6021239159370365,0.6023170604638967
1.3860000000000001,0.29278689009939446,0.6023170604638967,0.6021356607196285
1.3880000000000001,0.29697164570842954,0.6021356607196285,0.602440865767706
1.3900000000000001,0.30108917096401155,0.602440865767706,0.6025795537236035
1.3920000000000001,0.30513826707065894,0.6025795537236035,0.6026713842778824
1.3940000000000001,0.3091177467080542,0.6026713842778824,0.603009673960957
1.3960000000000001,0.31302643442249023,0.603009673960957,0.6031537156515906
1.3980000000000001,0.316863167018187,0.6031537156515906,0.6036489342278598
1.4000000000000001,0.32062679394835075,0.6036489342278598,0.6038977717705452
1.4020000000000001,0.3243161777058649,0.6038977717705452,0.6045084094123471
1.4040000000000001,0.327930194213485,0.6045084094123471,0.6047780797360894
1.4060000000000001,0.3314677332134197,0.6047780797360894,0.6046713109883658
1.408,0.33492769865616856,0.6046713109883658,0.6053577110115752
1.41,0.33830900908849865,0.6053577110115752,0.6061778185308554
1.412,0.34161059804042526,0.6061778185308554,0.6066057530015697
1.414,0.34483141441107845,0.6066057530015697,0.6077300581474971
1.416,0.34797042285332214,0.6077300581474971,0.6077529434742536
1.418,0.35102660415699716,0.6077529434742536,0.6086404185259431
1.42,0.35399895563066053,0.6086404185259431,0.6096876527519274
1.422,0.35688649148168694,0.6096876527519274,0.6101714463519827
1.424,0.3596882431946039,0.6101714463519827,0.6115123854042289
1.426,0.3624032599075224,0.6115123854042289,0.6121088119573943
1.428,0.36503060878653815,0.6121088119573943,0.6130010583338281
1.43,0.3675693753979595,0.6130010583338281,0.6142419465733365
1.432,0.37001866407823314,0.6142419465733365,0.6156746645056678
1.434,0.37237759830143063,0.6156746645056678,0.6169276479697527
1.436,0.3746453210441573,0.6169276479697527,0.6177124996885743
1.438,0.37682099514774753,0.6177124996885743,0.6189687242167645
1.44,0.3789038036776095,0.6189687242167645,0.6205724912521792
1.442,0.38089295027957965,0.6205724912521792,0.621523325394298
1.444,0.3827876595331483,0.621523325394298,0.6230932651916901
1.446,0.3845871773014191,0.6230932651916901,0.6246647177930427
1.448,0.38629077107765675,0.6246647177930427,0.6261298866916034
1.45,0.38789773032829195,0.6261298866916034,0.6276772533860971
1.452,0.38940736683223376,0.6276772533860971,0.6296128912303257
1.454,0.39081901501635463,0.6296128912303257,0.6311218615785655
1.456,0.3921320322870053,0.6311218615785655,0.6325897043286405
1.458,0.3933457993574162,0.6325897043286405,0.6345271084827988
1.46,0.39445972057084794,0.6345271084827988,0.636473108811415
1.462,0.3954732242193459,0.636473108811415,0.6391137361980462
1.464,0.39638576285795835,0.6391137361980462,0.6405698764600825
1.466,0.3971968136142767,0.6405698764600825,0.6430141477667236
1.468,0.3979058784931567,0.6430141477667236,0.6448073483840703
1.47,0.39851248467647715,0.6448073483840703,0.646825633622384
1.472,0.3990161848177972,0.646825633622384,0.6490876563850346
1.474,0.39941655733176834,0.6490876563850346,0.6514288661490932
1.476,0.39971320667816285,0.6514288661490932,0.6535231709559147
1.478,0.39990576364037533,0.6535231709559147,0.6560496881445325
1.48,0.399993885598259,0.6560496881445325,0.6580076769771197
1.482,0.39997725679515517,0.6580076769771197,0.6608254105081683
1.484,0.39985558859897785,0.6608254105081683,0.6631356259697238
1.486,0.3996286197572128,0.6631356259697238,0.6654933484915481
1.488,0.39929611664569437,0.6654933484915481,0.6681662508622148
1.49,0.39885787351102053,0.6681662508622148,0.6713364728635521
1.492,0.3983137127064697,0.6713364728635521,0.6733950052615192
1.494,0.3976634849212835,0.6733950052615192,0.6765636157953917
1.496,0.39690706940317855,0.6765636157953917,0.6789765950078814
1.498,0.3960443741739532,0.6789765950078814,0.6821111021605734
1.5,0.3950753362380552,0.6821111021605734,0.6845887307403244
1.502,0.39399992178397664,0.6845887307403244,0.68729968777526
1.504,0.3928181263783459,0.68729968777526,0.6906299895965652
1.506,0.391529975152584,0.6906299895965652,0.6934228691956911
1.508,0.3901355229819956,0.6934228691956911,0.6967052419432669
1.51,0.38863485465716907,0.6967052419432669,0.6997317444701016
1.512,0.38702808504755226,0.6997317444701016,0.702759503329794
1.514,0.38531535925708577,0.702759503329794,0.7059776046152425
1.516,0.38349685277176326,0.7059776046152425,0.7091784959626452
1.518,0.38157277159899716,0.7091784959626452,0.7123840932900478
1.52,0.3795433523986713,0.7123840932900478,0.7152278360057849
1.522,0.3774088626057533,0.7152278360057849,0.7184102342672507
1.524,0.3751696005443574,0.7184102342672507,0.721998409682073
1.526,0.3728258955331347,0.721998409682073,0.7252874677439999
1.528,0.3703781079818759,0.7252874677439999,0.7287916068019689
1.53,0.3678266294792178,0.7287916068019689,0.7321170164351536
1.532,0.36517188287133756,0.7321170164351536,0.7353950575446054
1.534,0.3624143223315292,0.7353950575446054,0.738822033879373
1.536,0.35955443342055116,0.738822033879373,0.7425249696472056
1.538,0.35659273313764456,0.7425249696472056,0.7459742656691806
1.54,0.35352976996211205,0.7459742656691806,0.7491931533417793
1.542,0.3503661238853666,0.7491931533417793,0.7529991901643702
1.544,0.3471024064333402,0.7529991901643702,0.7561682172316548
1.546,0.3437392606791636,0.7561682172316548,0.7602202101701265
1.548,0.34027736124602204,0.7602202101701265,0.7642278583103809
1.55,0.3367174143000936,0.7642278583103809,0.7670807086425316
1.552,0.3330601575334821,0.7670807086425316,0.7711559219452404
1.554,0.3293063601370564,0.7711559219452404,0.7748889234781717
1.556,0.32545682276312027,0.7748889234781717,0.7786585912123087
1.558,0.3215123774778164,0.7786585912123087,0.7824101339233187
1.56,0.3174738877032052,0.7824101339233187,0.7863874484858984
1.562,0.3133422481489259,0.7863874484858984,0.7902345333763249
1.564,0.30911838473337583,0.7902345333763249,0.7941224332630421
1.566,0.3048032544943422,0.7941224332630421,0.7974988747837326
1.568,0.3003978454890069,0.7974988747837326,0.8016622993839099
1.57,0.29590317668327715,0.8016622993839099,0.8055143526634372
1.572,0.2913202978303591,0.8055143526634372,0.8092101021638456
1.574,0.2866502893385489,0.8092101021638456,0.812976142582458
1.576,0.2818942621281531,0.812976142582458,0.8171644447301284
1.578,0.2770533574775133,0.8171644447301284,0.8210199877369194
1.58,0.27212874685807076,0.8210199877369194,0.8249029087491548
1.582,0.2671216317584408,0.8249029087491548,0.8287160613571114
1.584,0.26203324349744606,0.8287160613571114,0.8328958671935116
1.586,0.25686484302607504,0.8328958671935116,0.8366790507423844
1.588,0.2516177207183328,0.8366790507423844,0.8404084667953418
1.59,0.24629319615095904,0.8404084667953418,0.8444718827036382
1.592,0.24089261787197294,0.8444718827036382,0.8486732375710794
1.594,0.23541736315803968,0.8486732375710794,0.8523420415288718
1.596,0.22986883776063044,0.8523420415288718,0.8560316369712835
1.598,0.22424847564096184,0.8560316369712835,0.8601162536347781
1.6,0.21855773869370704,0.8601162536347781,0.8644123659083865
1.602,0.21279811645946559,0.8644123659083865,0.867834596451528
1.604,0.20697112582599742,0.867834596451528,0.871557336897124
1.606,0.20107831071822058,0.871557336897124,0.8759301762288847
1.608,0.19512124177696483,0.8759301762288847,0.8796722726334455
1.61,0.1891015160265146,0.8796722726334455,0.8836235904859765
1.612,0.18302075653093094,0.8836235904859765,0.8873379835583061
1.614,0.17688061203918273,0.8873379835583061,0.8915172425413334
1.616,0.17068275661911084,0.8915172425413334,0.8948248045199109
1.618,0.16442888928024635,0.8948248045199109,0.8989356658765586
1.62,0.1581207335855106,0.8989356658765586,0.9025610696973725
1.622,0.15176003725184098,0.9025610696973725,0.9061155717282463
1.624,0.14534857173977264,0.9061155717282463,0.9102374149311013
1.6260000000000001,0.13888813183203305,0.9102374149311013,0.9140181058313505
1.6280000000000001,0.1323805352011788,0.9140181058313505,0.9173440818042612
1.6300000000000001,0.1258276219663463,0.9173440818042612,0.921742329871663
1.6320000000000001,0.11923125423916048,0.921742329871663,0.9252724949059283
1.6340000000000001,0.11259331565887057,0.9252724949059283,0.9285556569581227
1.6360000000000001,0.10591571091677959,0.9285556569581227,0.9326413653981354
1.6380000000000001,0.09920036527003247,0.9326413653981354,0.9359590159583443
1.6400000000000001,0.09244922404484836,0.9359590159583443,0.9394275917730673
1.6420000000000001,0.08566425212926784,0.9394275917730673,0.9429694571106962
1.6440000000000001,0.07884743345550721,0.9429694571106962,0.9465355692879135
1.6460000000000001,0.07200077047200902,0.9465355692879135,0.9503097781483775
1.6480000000000001,0.06512628360528126,0.9503097781483775,0.9536730276909199
1.6500000000000001,0.05822601071162359,0.9536730276909199,0.957050823255448
1.6520000000000001,0.051302006518853055,0.957050823255448,0.9607006522805084
1.6540000000000001,0.04435634205812416,0.9607006522805084,0.9638176352062372
1.6560000000000001,0.037391104085975686,0.9638176352062372,0.9677876316659639
1.6580000000000001,0.030408394496703923,0.9677876316659639,0.9706114656606321
1.6600000000000001,0.023410329725204928,0.9706114656606321,0.9734093054836183
1.6620000000000001,0.016399040140391008,0.9734093054836183,0.9766694282754558
1.6640000000000001,0.009376669429345086,0.9766694282754558,0.9798669290858023
1.666,0.0023453739723141645,0.9798669290858023,0.983154086318126
1.668,-0.004692677791274687,0.983154086318126,0.9864368197583723
1.67,-0.01173530600566425,0.9864368197583723,0.9898398818898371
1.672,-0.018780320050309066,0.9898398818898371,0.992301928559311
1.674,-0.02582551919995329,0.992301928559311,0.9956164845190896
1.676,-0.03286869329309434,0.9956164845190896,0.9984106254159174
1.678,-0.03990762340865519,0.9984106254159174,1.0013276592537457
1.68,-0.04694008255069074,1.0013276592537457,1.004183869217849
1.682,-0.05396383634096137,1.004183869217849,1.0068683343123512
1.684,-0.06097664371918458,1.0068683343123512,1.009830572423994
1.686,-0.06797625765078677,1.009830572423994,1.012470996357442
1.688,-0.07496042584194962,1.012470996357442,1.0149248590750641
1.69,-0.08192689146177365,1.0149248590750641,1.0173327710271076
1.692,-0.08887339387133959,1.0173327710271076,1.0202903141990924
1.694,-0.09579766935948504,1.0202903141990924,1.0224878559120236
1.696,-0.10269745188506163,1.0224878559120236,1.024820028614818
1.698,-0.10957047382547994,1.024820028614818,1.0275198147204354
1.7,-0.11641446673130905,1.0275198147204354,1.0294751099942254
1.702,-0.12322716208671401,1.0294751099942254,1.0319936516559238
1.704,-0.1300062920755077,1.0319936516559238,1.0340566783417051
1.706,-0.13674959035256637,1.0340566783417051,1.0364460788949883
1.708,-0.1434547928204039,1.0364460788949883,1.038546367722496
1.71,-0.1501196384106222,1.038546367722496,1.0403830370194094
1.712,-0.15674186987003724,1.0403830370194094,1.042207420997901
1.714,-0.1633192345511929,1.042207420997901,1.0446294234391518
1.716,-0.1698494852070329,1.0446294234391518,1.0463281709233507
1.718,-0.1763303807894668,1.0463281709233507,1.0479371763380567
1.72,-0.18275968725155112,1.0479371763380567,1.0494401542801488
1.722,-0.18913517835305818,1.0494401542801488,1.0507956268557512
1.724,-0.1954546364691186,1.0507956268557512,1.0528490433409705
1.726,-0.2017158534016914,1.0528490433409705,1.0544678760427744
1.728,-0.20791663119358003,1.0544678760427744,1.0557959125831564
1.73,-0.21405478294470057,1.0557959125831564,1.0571148235333934
1.732,-0.2201281336303306,1.0571148235333934,1.0582864975455542
1.734,-0.22613452092104153,1.0582864975455542,1.0595106602333348
1.736,-0.2320717960040315,1.0595106602333348,1.061089585093966
1.738,-0.2379378244055444,1.061089585093966,1.0619828396707924
1.74,-0.24373048681409643,1.0619828396707924,1.0627452752472435
1.742,-0.24944767990419706,1.0627452752472435,1.0637605405977224
1.744,-0.25508731716025873,1.0637605405977224,1.0645729335679233
1.746,-0.2606473297003891,1.0645729335679233,1.0653582886797264
1.748,-0.2661256670997511,1.0653582886797264,1.0665111089077288
1.75,-0.27152029821317675,1.0665111089077288,1.066330123056575
1.752,-0.2768292119967235,1.066330123056575,1.0676411298592874
1.754,-0.28205041832784006,1.0676411298592874,1.0681771516474654
1.756,-0.2871819488238304,1.0681771516474654,1.0684014699379556
1.758,-0.29222185765827785,1.0684014699379556,1.0689892802585712
1.76,-0.2971682223751222,1.0689892802585712,1.0691722455240882
1.762,-0.30201914470003294,1.0691722455240882,1.0693893726093375
1.764,-0.3067727513487659,1.0693893726093375,1.06932515247708
1.766,-0.31142719483215986,1.06932515247708,1.0689186189584403
1.768,-0.31598065425744437,1.0689186189584403,1.0691879726835782
1.77,-0.320431336125503,1.0691879726835782,1.0692539492571587
1.772,-0.3247774751237772,1.0692539492571587,1.0690309124482322
1.774,-0.32901733491444535,1.0690309124482322,1.0687424678416428
1.776,-0.33314920891754973,1.0687424678416428,1.0683333177200787
1.778,-0.3371714210887175,1.0683333177200787,1.0685845925573931
1.78,-0.34108232669113603,1.0685845925573931,1.0678334275596506
1.782,-0.34488031306143013,1.0678334275596506,1.0671833107822393
1.784,-0.34856380036909995,1.0671833107822393,1.067272613612348
1.786,-0.35213124236916316,1.067272613612348,1.0666576149586051
1.788,-0.3555811271476581,1.0666576149586051,1.065955390222933
1.79,-0.35891197785965534,1.065955390222933,1.065561867529942
1.792,-0.36212235345942895,1.065561867529942,1.0647372270034254
1.794,-0.36521084942243315,1.0647372270034254,1.0643457357529633
1.796,-0.36817609845874005,1.0643457357529633,1.0637244639889236
1.798,-0.3710167712175812,1.0637244639889236,1.0628564622710313
1.8,-0.373731576982645,1.0628564622710313,1.0617373214197683
1.802,-0.3763192643577831,1.0617373214197683,1.0606726284583192
1.804,-0.37877862194277034,1.0606726284583192,1.0601178229020407
1.806,-0.38110847899877554,1.0601178229020407,1.0586774156963001
1.808,-0.383307706103186,1.0586774156963001,1.0579756134435552
1.81,-0.38537521579344974,1.0579756134435552,1.056545917200095
1.812,-0.3873099631995812,1.056545917200095,1.055553778976422
1.814,-0.3891109466649863,1.055553778976422,1.0541260817172333
1.816,-0.39077720835526786,1.0541260817172333,1.0528551544339022
1.818,-0.3923078348546652,1.0528551544339022,1.0519139266254063
1.82,-0.39370195774978933,1.0519139266254063,1.0500267676184944
1.822,-0.3949587542003158,1.0500267676184944,1.0486588166696722
1.824,-0.3960774474962998,1.0486588166696722,1.0470538406805276
1.826,-0.3970573076017775,1.0470538406805276,1.0457035851863419
1.828,-0.39789765168432417,1.0457035851863419,1.0440254965891065
1.83,-0.3985978446302406,1.0440254965891065,1.041721804528909
1.832,-0.39915729954503987,1.041721804528909,1.0406588233251703
1.834,-0.39957547823891315,1.0406588233251703,1.0387868550584793
1.836,-0.39985189169685414,1.0387868550584793,1.0366869981644347
1.838,-0.39998610053312506,1.0366869981644347,1.0348413441659448
1.84,-0.3999777154297513,1.0348413441659448,1.0323766663104685
1.842,-0.39982639755873584,1.0323766663104685,1.0308952338836805
1.844,-0.399531858987686,1.0308952338836805,1.0292524810007233
1.846,-0.39909386306855255,1.0292524810007233,1.0266303588712151
1.848,-0.3985122248091827,1.0266303588712151,1.0244260787037311
1.85,-0.39778681122739323,1.0244260787037311,1.0223881558531653
1.852,-0.3969175416872763,1.0223881558531653,1.0201445944774632
1.854,-0.3959043882174525,1.0201445944774632,1.0178753358034511
1.856,-0.3947473758109931,1.0178753358034511,1.0154555829773786
1.858,-0.39344658270673516,1.0154555829773786,1.0127982944984721
1.86,-0.3920021406517243,1.0127982944984721,1.0106371523485882
1.862,-0.3904142351445171,1.0106371523485882,1.0078204866409861
1.864,-0.3886831056590887,1.0078204866409861,1.0047349251654962
1.866,-0.38680904584909,1.0047349251654962,1.0025711858734965
1.868,-0.3847924037322114,1.0025711858734965,0.9996560253274686
1.87,-0.38263358185441154,0.9996560253274686,0.9970561314637616
1.872,-0.3803330374337724,0.9970561314637616,0.9944373978339096
1.874,-0.3778912824837635,0.9944373978339096,0.9915976693783529
1.8760000000000001,-0.37530888391568085,0.9915976693783529,0.9884570328393866
1.8780000000000001,-0.37258646362006026,0.9884570328393866,0.9861997938057044
1.8800000000000001,-0.36972469852684275,0.9861997938057044,0.9829550718442974
1.8820000000000001,-0.3667243206441062,0.9829550718442974,0.9800027539738304
1.8840000000000001,-0.3635861170751588,0.9800027539738304,0.9772287409780569
1.8860000000000001,-0.360310930013817,0.9772287409780569,0.9740071208312847
1.8880000000000001,-0.3568996567176812,0.9740071208312847,0.9710754447580109
1.8900000000000001,-0.3533532494592493,0.9710754447580109,0.9681325945099012
1.8920000000000001,-0.3496727154546949,0.9681325945099012,0.9651684302310309
1.8940000000000001,-0.34585911677016634,0.9651684302310309,0.9614954653366029
1.8960000000000001,-0.3419135702054492,0.9614954653366029,0.9583595703134518
1.8980000000000001,-0.3378372471548642,0.9583595703134518,0.955391132408305
1.9000000000000001,-0.333631373445268,0.955391132408305,0.9521446987819906
1.9020000000000001,-0.32929722915103277,0.9521446987819906,0.9493917650911841
1.9040000000000001,-0.3248361483858955,0.9493917650911841,0.945295061648865
1.9060000000000001,-0.3202495190715791,0.945295061648865,0.942042126761484
1.9080000000000001,-0.3155387826830811,0.942042126761484,0.9389974455941753
1.9100000000000001,-0.31070543397055544,0.9389974455941753,0.9355411957344478
1.9120000000000001,-0.3057510206577039,0.9355411957344478,0.932398213001412
1.9140000000000001,-0.3006771431166204,0.932398213001412,0.9288127790132187
1.9160000000000001,-0.2954854540190257,0.9288127790132187,0.9256795937207692
1.9180000000000001,-0.2901776579638446,0.9256795937207692,0.9221993945236382
1.92,-0.28475551108110114,0.9221993945236382,0.9184709896214767
1.922,-0.279220820612088,0.9184709896214767,0.9152417255412229
1.924,-0.27357544446581095,0.9152417255412229,0.9117394859200945
1.926,-0.26782129075169203,0.9117394859200945,0.908224437238311
1.928,-0.2619603172885368,0.908224437238311,0.9046494994110695
1.93,-0.25599453108979014,0.9046494994110695,0.9015937285416885
1.932,-0.24992598782508693,0.9015937285416885,0.8977233923315394
1.934,-0.24375679125815808,0.8977233923315394,0.8942830515420093
1.936,-0.23748909266111978,0.8942830515420093,0.8909595904982848
1.938,-0.23112509020521332,0.8909595904982848,0.8872203984249085
1.94,-0.22466702832805974,0.8872203984249085,0.8834851347700882
1.942,-0.2181171970775124,0.8834851347700882,0.879811311427893
1.944,-0.21147793143219956,0.879811311427893,0.876805346049278
1.946,-0.20475161059885263,0.876805346049278,0.873262184559505
1.948,-0.1979406572865431,0.873262184559505,0.8696049709217525
1.95,-0.19104753695794321,0.8696049709217525,0.86619513441507
1.952,-0.1840747570577538,0.86619513441507,0.8626330130944414
1.954,-0.17702486621844513,0.8626330130944414,0.8594481073990367
1.956,-0.1699004534434691,0.8594481073990367,0.8557058257751478
1.958,-0.16270414726810878,0.8557058257751478,0.8523599948616405
1.96,-0.15543861489816374,0.8523599948616405,0.848660066762096
1.962,-0.14810656132663974,0.848660066762096,0.8452185644553796
1.964,-0.1407107284286787,0.8452185644553796,0.8421300915589431
1.966,-0.13325389403491236,0.8421300915589431,0.8384808313241188
1.968,-0.12573887098350478,0.8384808313241188,0.8351174348502325
1.97,-0.11816850615109574,0.8351174348502325,0.8317164305502576
1.972,-0.11054567946290646,0.8317164305502576,0.8281502857678251
1.974,-0.10287330288228563,0.8281502857678251,0.8246378935932852
1.976,-0.09515431937994412,0.8246378935932852,0.821247934289968
1.978,-0.08739170188319788,0.821247934289968,0.8184874603908182
1.98,-0.07958845220549092,0.8184874603908182,0.8151285620769338
1.982,-0.07174759995652433,0.8151285620769338,0.8116865107165002
1.984,-0.0638722014333159,0.8116865107165002,0.8085849244143204
1.986,-0.05596533849251653,0.8085849244143204,0.8053509402763724
1.988,-0.04803011740433109,0.8053509402763724,0.8021726392895329
1.99,-0.04006966768841259,0.8021726392895329,0.7985770146073198
1.992,-0.0320871409320782,0.7985770146073198,0.7961480410015263
1.994,-0.024085709591249296,0.7961480410015263,0.7929220677653537
1.996,-0.016068565774497095,0.7929220677653537,0.7899398076716554
1.998,-0.008038920010594686,0.7899398076716554,0.7873590897308222
2.0,-1.9594348786357652e-16,0.7873590897308222,0.7841915448124035
2.0020000000000002,0.008044950649314906,0.7841915448124035,0.7807393985536905
2.004,0.016092673701239513,0.7807393985536905,0.7781179270995395
2.0060000000000002,0.024139897585672476,0.7781179270995395,0.7752747604463457
2.008,0.0321833387069626,0.7752747604463457,0.7725499402427977
2.0100000000000002,0.04021970276619549,0.7725499402427977,0.7700253516287192
2.012,0.048245686096819486,0.7700253516287192,0.7674419419410409
2.0140000000000002,0.05625797701315008,0.7674419419410409,0.7646382241266064
2.016,0.0642532571712184,0.7646382241266064,0.7622241976239134
2.0180000000000002,0.07222820294148093,0.7622241976239134,0.7592878470485006
2.02,0.0801794867928482,0.7592878470485006,0.7567964325658718
2.0220000000000002,0.08810377868751518,0.7567964325658718,0.7545962893353725
2.024,0.09599774748602183,0.7545962893353725,0.7519719620326552
2.0260000000000002,0.10385806236205448,0.7519719620326552,0.7497399532987639
2.028,0.11168139422633434,0.7497399532987639,0.7474825322451113
2.0300000000000002,0.11946441715912193,0.7474825322451113,0.7451417424391581
2.032,0.12720380985066967,0.7451417424391581,0.7427319449588993
2.0340000000000003,0.13489625704910368,0.7427319449588993,0.7407759181314352
2.036,0.14253845101508297,0.7407759181314352,0.7393521091391352
2.0380000000000003,0.15012709298266494,0.7393521091391352,0.7367612150345083
2.04,0.15765889462574592,0.7367612150345083,0.7350791986696151
2.0420000000000003,0.16513057952946372,0.7350791986696151,0.7331057936320916
2.044,0.17253888466590447,0.7331057936320916,0.7316720128662163
2.0460000000000003,0.179880561873527,0.7316720128662163,0.7296938247146261
2.048,0.18715237933958595,0.7296938247146261,0.7280608542249833
2.05,0.1943511230849845,0.7280608542249833,0.7265707825563674
2.052,0.2014735984508064,0.7265707825563674,0.7249281216071668
2.054,0.20851663158593695,0.7249281216071668,0.723052411700288
2.056,0.21547707093505053,0.723052411700288,0.7217998384204458
2.058,0.2223517887262955,0.7217998384204458,0.720828788869463
2.06,0.22913768245800914,0.720828788869463,0.7193354571177926
2.062,0.23583167638373484,0.7193354571177926,0.7177692798934467
2.064,0.24243072299487972,0.7177692798934467,0.7167551209368999
2.066,0.24893180450027863,0.7167551209368999,0.7161894737414546
2.068,0.2553319343019836,0.7161894737414546,0.7144494870554706
2.07,0.26162815846654264,0.7144494870554706,0.7140880601899725
2.072,0.26781755719106953,0.7140880601899725,0.7134214976833674
2.074,0.2738972462633674,0.7134214976833674,0.7123752911659899
2.076,0.279864378515403,0.7123752911659899,0.711387042629949
2.078,0.28571614526937233,0.711387042629949,0.7110837350836074
2.08,0.29144977777566833,0.7110837350836074,0.7108960572913107
2.082,0.2970625486419662,0.7108960572913107,0.7101300821296176
2.084,0.3025517732527483,0.7101300821296176,0.7094891076379201
2.086,0.30791481117847264,0.7094891076379201,0.7094696968971547
2.088,0.31314906757369854,0.7094696968971547,0.7095211827123948
2.09,0.3182519945633786,0.7095211827123948,0.7093925764400068
2.092,0.32322109261662574,0.7093925764400068,0.708943295541562
2.094,0.3280539119071606,0.708943295541562,0.7092408870023817
2.096,0.33274805365975113,0.7092408870023817,0.7093841986654085
2.098,0.3373011714818466,0.7093841986654085,0.7096682978380279
2.1,0.3417109726797184,0.7096682978380279,0.7097123231562618
2.102,0.34597521955831323,0.7097123231562618,0.7097470994031241
2.104,0.35009173070413085,0.7097470994031241,0.7104095845823352
2.106,0.35405838225034225,0.7104095845823352,0.7104643930476207
2.108,0.35787310912344944,0.7104643930476207,0.7108260392314717
2.11,0.36153390627072324,0.7108260392314717,0.7117374044458076
2.112,0.36503882986771513,0.7117374044458076,0.7118711767366275
2.114,0.3683859985050892,0.7118711767366275,0.7124484357423023
2.116,0.37157359435407866,0.7124484357423023,0.7128534659594816
2.118,0.37459986430982023,0.7128534659594816,0.7141373073943686
2.12,0.3774631211118688,0.7141373073943686,0.7141551077493878
2.122,0.3801617444411758,0.7141551077493878,0.7151742392058053
2.124,0.38269418199282834,0.7151742392058053,0.7159731551558829
2.126,0.38505895052384576,0.7159731551558829,0.7167281389220506
2.128,0.3872546368753445,0.7167281389220506,0.7177184510152861
2.13,0.3892798989683801,0.7177184510152861,0.7188289678980596
2.132,0.3911334667727941,0.7188289678980596,0.7200576128434332
2.134,0.392814143248381,0.7200576128434332,0.7210467246506682
2.136,0.3943208052577259,0.7210467246506682,0.7220553204824973
2.138,0.3956524044500393,0.7220553204824973,0.7232779028743371
2.14,0.3968079681153583,0.7232779028743371,0.7248769826859711
2.142,0.3977866000084606,0.7248769826859711,0.7260908940708265
2.144,0.3985874811418704,0.7260908940708265,0.7270658171165324
2.146,0.3992098705473337,0.7270658171165324,0.7288627908720184
2.148,0.3996531060051547,0.7288627908720184,0.7306755750328675
2.15,0.3999166047407925,0.7306755750328675,0.7319248649361032
2.152,0.3999998640881332,0.7319248649361032,0.7339282749541662
2.154,0.3999024621188598,0.7339282749541662,0.7354195869882676
2.156,0.3996240582373559,0.7354195869882676,0.7369914627726143
2.158,0.3991643937405922,0.7369914627726143,0.73930324551185
2.16,0.39852329234245554,0.73930324551185,0.7408946815081374
2.162,0.3977006606619966,0.7408946815081374,0.7426883422589439
2.164,0.3966964886750821,0.7426883422589439,0.7443424914480856
2.166,0.3955108501289544,0.7443424914480856,0.7465884882356341
2.168,0.3941439029192141,0.7465884882356341,0.7488310869645601
2.17,0.3925958894287571,0.7488310869645601,0.7511197334998939
2.172,0.3908671368282115,0.7511197334998939,0.7529618979955508
2.174,0.388958057337436,0.7529618979955508,0.7556714469878213
2.176,0.3868691484476582,0.7556714469878213,0.757539458681626
2.178,0.3846009931038461,0.757539458681626,0.7604778811481677
2.18,0.38215425984692325,0.7604778811481677,0.7625685373845029
2.182,0.3795297029154539,0.7625685373845029,0.7651505614556964
2.184,0.3767281623064459,0.7651505614556964,0.7676004442085403
2.186,0.3737505637949348,0.7676004442085403,0.7696728980742278
2.188,0.37059791891202076,0.7696728980742278,0.7723382101089306
2.19,0.36727132488107667,0.7723382101089306,0.7749053416172175
2.192,0.36377196451182026,0.7749053416172175,0.7775418820931488
2.194,0.3601011060520153,0.7775418820931488,0.780164482310698
2.196,0.3562601029965322,0.780164482310698,0.7829149583359176
2.198,0.3522503938535695,0.7829149583359176,0.7855834376110103
2.2,0.34807350186781005,0.7855834376110103,0.788834422934293
2.202,0.3437310347003492,0.788834422934293,0.7917707865107072
2.204,0.3392246840652159,0.7917707865107072,0.7942288500664876
2.206,0.33455622532236556,0.7942288500664876,0.7968383111463014
2.208,0.3297275170269954,0.7968383111463014,0.7999986871701843
2.21,0.32474050043512415,0.7999986871701843,0.80293810896584
2.212,0.3195971989653152,0.80293810896584,0.806159146869411
2.214,0.3142997176165341,0.806159146869411,0.8088605235142196
2.216,0.30885024234206404,0.8088605235142196,0.8116859205773024
2.218,0.30325103937951264,0.8116859205773024,0.8148203149762426
2.22,0.2975044545368867,0.8148203149762426,0.8181291219404642
2.222,0.29161291243480136,0.8181291219404642,0.8213229379296128
2.224,0.28557891570485583,0.8213229379296128,0.8247747171707578
2.226,0.279405044144295,0.8247747171707578,0.8275478576696051
2.228,0.2730939538270118,0.8275478576696051,0.8306015084923063
2.23,0.2666483761710818,0.8306015084923063,0.833900911710949
2.232,0.26007111696293495,0.833900911710949,0.837024852694161
2.234,0.25336505533837156,0.837024852694161,0.8397438275983874
2.236,0.24653314272060542,0.8397438275983874,0.8433836476462738
2.238,0.23957840171558864,0.8433836476462738,0.8461868017149662
2.24,0.2325039249648378,0.8461868017149662,0.8498832655892957
2.242,0.22531287395606864,0.8498832655892957,0.8529382911011739
2.244,0.21800847779190283,0.8529382911011739,0.8562203573539722
2.246,0.21059403191702997,0.8562203573539722,0.8590160985665849
2.248,0.2030728968040962,0.8590160985665849,0.8624847225124893
2.25,0.19544849659878197,0.8624847225124893,0.8657348070033112
2.2520000000000002,0.18772431772439213,0.8657348070033112,0.8690755566973769
2.254,0.1799039074464485,0.8690755566973769,0.8721411487745298
2.2560000000000002,0.17199087239766933,0.8721411487745298,0.8752073009344291
2.258,0.16398887706388776,0.8752073009344291,0.8783494489810332
2.2600000000000002,0.15590164223132286,0.8783494489810332,0.8818206589166891
2.262,0.1477329433958154,0.8818206589166891,0.885041397559783
2.2640000000000002,0.13948660913449934,0.885041397559783,0.8882661608553097
2.266,0.1311665194405495,0.8882661608553097,0.8912644623984819
2.2680000000000002,0.12277660402154777,0.8912644623984819,0.8946509826351969
2.27,0.11432084056215036,0.8946509826351969,0.8975404037011926
2.2720000000000002,0.10580325295162868,0.8975404037011926,0.9011071744486018
2.274,0.09722790947705878,0.9011071744486018,0.9041161621420741
2.2760000000000002,0.08859892098273803,0.9041161621420741,0.9066198216537015
2.278,0.07992043899665764,0.9066198216537015,0.9096402223794694
2.2800000000000002,0.07119665382470089,0.9096402223794694,0.9128356811849243
2.282,0.06243179261337411,0.9128356811849243,0.9161050615505029
2.2840000000000003,0.0536301173818488,0.9161050615505029,0.9191634249015307
2.286,0.0447959230241404,0.9191634249015307,0.9219141985062727
2.2880000000000003,0.035933535282238256,0.9219141985062727,0.9248305335791688
2.29,0.027047308691096485,0.9248305335791688,0.9279675247766238
2.2920000000000003,0.018141624496298137,0.9279675247766238,0.930378053955426
2.294,0.009220888545380303,0.930378053955426,0.9332821832353481
2.2960000000000003,0.00028952915367281396,0.9332821832353481,0.9360238495817853
2.298,-0.008648005054327541,0.9360238495817853,0.9387946276198507
2.3000000000000003,-0.017587247327147462,0.9387946276198507,0.9413064059355998
2.302,-0.026523714991035688,0.9413064059355998,0.9443485519802755
2.3040000000000003,-0.03545291167621092,0.9443485519802755,0.9468372537803522
2.306,-0.0443703295635673,0.9468372537803522,0.9498232041788968
2.308,-0.05327145165084764,0.9498232041788968,0.9517708132713808
2.31,-0.0621517540371629,0.9517708132713808,0.9542902707332123
2.312,-0.07100670822477291,0.9542902707332123,0.9570320827876194
2.314,-0.07983178343705602,0.9570320827876194,0.9592097908934551
2.316,-0.08862244895147076,0.9592097908934551,0.9614251928715225
2.318,-0.09737417644643921,0.9614251928715225,0.9642784152552962
2.32,-0.10608244236091542,0.9642784152552962,0.965938695279703
2.322,-0.11474273026551102,0.965938695279703,0.9683012583181589
2.324,-0.12335053324396,0.9683012583181589,0.970441447353273
2.326,-0.131901356283705,0.970441447353273,0.972389053058319
2.328,-0.14039071867437194,0.972389053058319,0.9743359400942603
2.33,-0.14881415641293202,0.9743359400942603,0.9760887179924229
2.332,-0.15716722461421928,0.9760887179924229,0.9784648761359144
2.334,-0.16544549992561816,0.9784648761359144,0.9802124158475282
2.336,-0.17364458294455407,0.9802124158475282,0.9817461333062942
2.338,-0.18176010063756776,0.9817461333062942,0.9835785029062606
2.34,-0.18978770875959475,0.9835785029062606,0.9855277937886696
2.342,-0.19772309427220894,0.9855277937886696,0.9868595825702766
2.344,-0.20556197775940102,0.9868595825702766,0.9883444748615751
2.346,-0.2133001158396688,0.9883444748615751,0.9894483812478724
2.348,-0.22093330357296725,0.9894483812478724,0.9918310972801878
2.35,-0.2284573768612376,0.9918310972801878,0.9927633364352383
2.352,-0.23586821484108833,0.9927633364352383,0.9939356861827086
2.354,-0.24316174226733317,0.9939356861827086,0.9952532114069591
2.356,-0.25033393188591785,0.9952532114069591,0.9960919230221792
2.358,-0.25738080679493874,0.9960919230221792,0.9973322993071866
2.36,-0.26429844279229575,0.9973322993071866,0.998044406579285
2.362,-0.27108297070865184,0.998044406579285,0.999223992963529
2.364,-0.27773057872423296,0.999223992963529,0.9996844477944254
2.366,-0.2842375146681552,0.9996844477944254,1.0006048005924477
2.368,-0.29060008829878864,1.0006048005924477,1.0010979161824733
2.37,-0.2968146735638435,1.0010979161824733,1.0015676558749882
2.372,-0.3028777108387132,1.0015676558749882,1.0023459796244414
2.374,-0.3087857091417247,1.0023459796244414,1.0027608207369378
2.376,-0.3145352483248478,1.0027608207369378,1.003117518713202
2.378,-0.3201229812385304,1.003117518713202,1.0030304891278123
2.38,-0.32554563586920215,1.0030304891278123,1.003254454094719
2.382,-0.33080001744811677,1.003254454094719,1.0035761115656585
2.384,-0.3358830105301056,1.0035761115656585,1.0031701796227763
2.386,-0.34079158104089935,1.0031701796227763,1.0030594478819508
2.388,-0.3455227782916174,1.0030594478819508,1.0027400940290334
2.39,-0.3500737369590934,1.0027400940290334,1.0028613288836872
2.392,-0.35444167903065604,1.0028613288836872,1.0025957192935955
2.394,-0.3586239157120329,1.0025957192935955,1.0023898446102384
2.396,-0.36261784929704416,1.0023898446102384,1.001633434173803
2.398,-0.36642097499775605,1.001633434173803,1.0012303599670245
2.4,-0.3700308827337828,1.0012303599670245,1.0012991953132921
2.402,-0.37344525887944946,1.0012991953132921,1.0005869539030376
2.404,-0.37666188796750566,1.0005869539030376,0.999967003987825
2.406,-0.3796786543481515,0.999967003987825,0.9993423463210637
2.408,-0.3824935438020934,0.9993423463210637,0.9987592539248047
2.41,-0.3851046451064066,0.9987592539248047,0.9978382747066805
2.412,-0.38751015155197277,0.9978382747066805,0.9972639593151625
2.414,-0.38970836241130563,0.9972639593151625,0.9963989044951899
2.416,-0.3916976843555535,0.9963989044951899,0.9952556284831154
2.418,-0.3934766328195455,0.9952556284831154,0.9946345395620662
2.42,-0.3950438333137105,0.9946345395620662,0.9936844533385962
2.422,-0.3963980226817702,0.9936844533385962,0.9920329347175015
2.424,-0.39753805030308487,0.9920329347175015,0.9911652450192416
2.426,-0.3984628792385956,0.9911652450192416,0.9900339845133616
2.428,-0.3991715873192985,0.9900339845133616,0.9890793686230198
2.43,-0.3996633681762313,0.9890793686230198,0.9875250193367525
2.432,-0.3999375322109675,0.9875250193367525,0.9854450160730767
2.434,-0.39999350750564905,0.9854450160730767,0.984452366105235
2.436,-0.39983084067160773,0.984452366105235,0.9832498795106872
2.438,-0.3994491976356605,0.9832498795106872,0.9815945384369917
2.44,-0.39884836436319,0.9815945384369917,0.9800608208753038
2.442,-0.39802824751715205,0.9800608208753038,0.9780948463709502
2.444,-0.39698887505218405,0.9780948463709502,0.9767792194683377
2.446,-0.39573039674301735,0.9767792194683377,0.9746722419958636
2.448,-0.3942530846464369,0.9746722419958636,0.972877031053062
2.45,-0.39255733349604516,0.972877031053062,0.9706936905420956
2.452,-0.39064366102915526,0.9706936905420956,0.9687576066892951
2.454,-0.3885127082451314,0.9687576066892951,0.9670059133994019
2.456,-0.3861652395945688,0.9670059133994019,0.9647682798488028
2.458,-0.38360214309871066,0.9647682798488028,0.9628566993399209
2.46,-0.3808244303985626,0.9628566993399209,0.9605027796483181
2.462,-0.3778332367331762,0.9605027796483181,0.9584319328900871
2.464,-0.3746298208466421,0.9584319328900871,0.956369398246006
2.466,-0.3712155648233348,0.956369398246006,0.953886167778243
2.468,-0.3675919738510345,0.953886167778243,0.9518499654003963
2.47,-0.3637606759115415,0.9518499654003963,0.9490094160146167
2.472,-0.3597234213984968,0.9490094160146167,0.9467685128666714
2.474,-0.3554820826620974,0.9467685128666714,0.9442223642927792
2.476,-0.3510386534805132,0.9442223642927792,0.9417708190378559
2.478,-0.3463952484577676,0.9417708190378559,0.9394255056333912
2.48,-0.34155410234797556,0.9394255056333912,0.9367901354569633
2.482,-0.3365175693058069,0.9367901354569633,0.9340278765517817
2.484,-0.33128812206311675,0.9340278765517817,0.9312368324087648
2.486,-0.32586835103173445,0.9312368324087648,0.9287970788642043
2.488,-0.3202609633324362,0.9287970788642043,0.9261703290872259
2.49,-0.3144687817501525,0.9261703290872259,0.9233832912179408
2.492,-0.30849474361556867,0.9233832912179408,0.9209606434261308
2.494,-0.3023418996132341,0.9209606434261308,0.9177911463446002
2.496,-0.29601341251642993,0.9177911463446002,0.9152834244037736
2.498,-0.28951255584902164,0.9152834244037736,0.9119923585303568
2.5,-0.2828427124746195,0.9119923585303568,0.9093208346094437
2.5020000000000002,-0.27600737311336915,0.9093208346094437,0.9062860616087908
2.504,-0.26901013478681407,0.9062860616087908,0.9033183172740717
2.5060000000000002,-0.26185469919120674,0.9033183172740717,0.9001794947898839
2.508,-0.254544870999833,0.9001794947898839,0.8977477668080295
2.5100000000000002,-0.2470845560948138,0.8977477668080295,0.894549577264927
2.512,-0.23947775972904647,0.894549577264927,0.8915028457690408
2.5140000000000002,-0.2317285846188354,0.8915028457690408,0.8884749472691289
2.516,-0.2238412289679766,0.8884749472691289,0.8860088480987821
2.5180000000000002,-0.21581998442394565,0.8860088480987821,0.8827306020766502
2.52,-0.20766923396704562,0.8827306020766502,0.8798216491069097
2.5220000000000002,-0.19939344973324763,0.8798216491069097,0.8766773658227615
2.524,-0.19099719077169236,0.8766773658227615,0.8737118859429386
2.5260000000000002,-0.18248510073768354,0.8737118859429386,0.8709260044518501
2.528,-0.17386190552221034,0.8709260044518501,0.8678576319713885
2.5300000000000002,-0.16513241081894978,0.8678576319713885,0.8649207013002927
2.532,-0.1563014996298706,0.8649207013002927,0.8623073698036153
2.5340000000000003,-0.14737412971047878,0.8623073698036153,0.8590020552039288
2.536,-0.13835533095592384,0.8590020552039288,0.8562292052109963
2.5380000000000003,-0.12925020272911045,0.8562292052109963,0.8529607414381309
2.54,-0.12006391113209634,0.8529607414381309,0.8501105848868391
2.5420000000000003,-0.11080168622203342,0.8501105848868391,0.8470975954538045
2.544,-0.10146881917303052,0.8470975954538045,0.8442397509173685
2.5460000000000003,-0.09207065938526003,0.8442397509173685,0.8415048298047278
2.548,-0.08261261154279015,0.8415048298047278,0.8383813092875341
2.5500000000000003,-0.07310013262154835,0.8383813092875341,0.8354869841465703
2.552,-0.06353872884899814,0.8354869841465703,0.8326937301368482
2.5540000000000003,-0.0539339526169941,0.8326937301368482,0.8302567685238589
2.556,-0.044291399349489,0.8302567685238589,0.8271636555609403
2.5580000000000003,-0.034616704326658,0.8271636555609403,0.8245741007549174
2.56,-0.024915539467182942,0.8245741007549174,0.8218788853135182
2.562,-0.015193610070335898,0.8218788853135182,0.8193690108069039
2.564,-0.005456651519689066,0.8193690108069039,0.8163584379867386
2.566,0.004289574049834659,0.8163584379867386,0.8137768353651275
2.568,0.014039281119663256,0.8137768353651275,0.8108925306035275
2.57,0.02378666418822755,0.8108925306035275,0.8086804095888787
2.572,0.033525901202649665,0.8086804095888787,0.8060649473365675
2.574,0.043251157019492455,0.8060649473365675,0.8036941826635109
2.576,0.05295658689267149,0.8036941826635109,0.8012341431889751
2.578,0.0626363399864624,0.8012341431889751,0.7991047821604111
2.58,0.07228456291162631,0.7991047821604111,0.7965173247138926
2.582,0.08189540328253708,0.7965173247138926,0.7942344499239481
2.584,0.09146301329327822,0.7942344499239481,0.7919307613478069
2.586,0.10098155331051982,0.7919307613478069,0.7897443473709299
2.588,0.1104451954811099,0.7897443473709299,0.7877554850634332
2.59,0.11984812735210278,0.7877554850634332,0.7854561369901459
2.592,0.12918455550114122,0.7854561369901459,0.7836157028280707
2.594,0.13844870917485294,0.7836157028280707,0.7813045206668243
2.596,0.1476348439331312,0.7813045206668243,0.7796268828075182
2.598,0.1567372452969195,0.7796268828075182,0.777706648910408
2.6,0.16575023239731407,0.777706648910408,0.7759814645858314
2.602,0.174668161623593,0.7759814645858314,0.7744566069497331
2.604,0.1834854302679343,0.7744566069497331,0.772846299526729
2.606,0.19219648016439483,0.772846299526729,0.7713685825155067
2.608,0.2007958013198842,0.7713685825155067,0.7695665080818996
2.61,0.2092779355346929,0.7695665080818996,0.7680796685655663
2.612,0.21763748001025227,0.7680796685655663,0.766577108016604
2.614,0.2258690909417037,0.766577108016604,0.7651207300286365
2.616,0.23396748709290974,0.7651207300286365,0.7640092536535086
2.618,0.2419274533514651,0.7640092536535086,0.7630915651667028
2.62,0.24974384426135354,0.7630915651667028,0.7617891989200304
2.622,0.25741158753077287,0.7617891989200304,0.7605055050280148
2.624,0.2649256875127718,0.7605055050280148,0.7598118173866216
2.626,0.2722812286562442,0.7598118173866216,0.7591470868938106
2.628,0.2794733789248885,0.7591470868938106,0.7580066372750073
2.63,0.2864973931816863,0.7580066372750073,0.7571135191547994
2.632,0.2933486165365519,0.7571135191547994,0.756856347877026
2.634,0.3000224876546708,0.756856347877026,0.7560385852860801
2.636,0.3065145420232003,0.7560385852860801,0.755271959090739
2.638,0.31282041517390013,0.755271959090739,0.7552209880188142
2.64,0.3189358458593503,0.7552209880188142,0.7551066471361421
2.642,0.3248566791803483,0.7551066471361421,0.7543957157968907
2.644,0.33057886966219435,0.7543957157968907,0.7545028177067132
2.646,0.3360984842774686,0.7545028177067132,0.7542082929305416
2.648,0.34141170541303995,0.7542082929305416,0.754325419233175
2.65,0.34651483377895514,0.754325419233175,0.7546349758858878
2.652,0.35140429125698597,0.7546349758858878,0.7542878064914115
2.654,0.3560766236865312,0.7542878064914115,0.7550860923658427
2.656,0.36052850358567806,0.7550860923658427,0.7553318306557567
2.658,0.3647567328051994,0.7553318306557567,0.7554023194963435
2.66,0.368758245113329,0.7554023194963435,0.7560083069047778
2.662,0.37253010870914033,0.7560083069047778,0.7562337293354536
2.664,0.3760695286624524,0.7562337293354536,0.7568566822754013
2.666,0.3793738492781402,0.7568566822754013,0.7566246972709524
2.668,0.3824405563828361,0.7566246972709524,0.7573463310384981
2.67,0.38526727953198575,0.7573463310384981,0.7583912918499128
2.672,0.38785179413530474,0.7583912918499128,0.7586377142656526
2.674,0.39019202349868315,0.7586377142656526,0.7596961215273197
2.676,0.39228604078067053,0.7596961215273197,0.7602738113537084
2.678,0.3941320708616637,0.7602738113537084,0.7612276945276382
2.68,0.3957284921240191,0.7612276945276382,0.7621300224255777
2.682,0.39707383814131214,0.7621300224255777,0.762855234208114
2.684,0.39816679927504794,0.762855234208114,0.7640468321368311
2.686,0.39900622417715065,0.7640468321368311,0.7649551415857828
2.688,0.3995911211966322,0.7649551415857828,0.7660670047979031
2.69,0.39992065968887464,0.7660670047979031,0.7676514336633066
2.692,0.3999941712260314,0.7676514336633066,0.7687223494971355
2.694,0.3998111507070937,0.7687223494971355,0.7701521871815201
2.696,0.399371257366236,0.7701521871815201,0.7711850469432057
2.698,0.3986743156781074,0.7711850469432057,0.7734874791050751
2.7,0.3977203161587995,0.7734874791050751,0.7742322347321284
2.702,0.3965094160612779,0.7742322347321284,0.7762334406696005
2.704,0.3950419399641327,0.7762334406696005,0.777698233516732
2.706,0.39331838025256444,0.777698233516732,0.7796782394583398
2.708,0.3913393974905874,0.7796782394583398,0.7813243760044966
2.71,0.3891058206834992,0.7813243760044966,0.7830567642782552
2.712,0.38661864742973456,0.7830567642782552,0.784801600682091
2.714,0.38387904396129247,0.784801600682091,0.7867142917383061
2.716,0.38088834507198055,0.7867142917383061,0.788495909446042
2.718,0.37764805393283,0.788495909446042,0.7908661931841168
2.72,0.37415984179404593,0.7908661931841168,0.7926716983774326
2.722,0.37042554757301194,0.7926716983774326,0.7950228749869036
2.724,0.3664471773278437,0.7950228749869036,0.7971216980884457
2.726,0.36222690361617477,0.7971216980884457,0.7993189471443541
2.728,0.3577670647388195,0.7993189471443541,0.8014252069554388
2.73,0.353070163868139,0.8014252069554388,0.8035348238905209
2.732,0.3481388680609231,0.8035348238905209,0.8058682697109582
2.734,0.3429760071557719,0.8058682697109582,0.8083518709029173
2.736,0.3375845725549256,0.8083518709029173,0.810942698794831
2.738,0.3319677158907205,0.810942698794831,0.8132580782805143
2.74,0.32612874757676596,0.8132580782805143,0.815901076050498
2.742,0.32007113524415853,0.815901076050498,0.8185282506571895
2.744,0.31379850206303556,0.8185282506571895,0.8208511644508736
2.746,0.3073146249499217,0.8208511644508736,0.8239105690151091
2.748,0.3006234326613318,0.8239105690151091,0.8259762549932779
2.75,0.2937290037742743,0.8259762549932779,0.8286692889527519
2.7520000000000002,0.28663556455425565,0.8286692889527519,0.8308872300708404
2.754,0.27934748671161674,0.8308872300708404,0.8338110103686978
2.7560000000000002,0.27186928504697744,0.8338110103686978,0.8366291505474195
2.758,0.26420561498674794,0.8366291505474195,0.8392220290891145
2.7600000000000002,0.25636127000969966,0.8392220290891145,0.8418524334474302
2.762,0.24834117896570174,0.8418524334474302,0.8449586544877511
2.7640000000000002,0.24015040328776346,0.8449586544877511,0.8472996828235906
2.766,0.23179413409869795,0.8472996828235906,0.8503421735206448
2.7680000000000002,0.22327768921368227,0.8503421735206448,0.8528875309724863
2.77,0.21460651004020984,0.8528875309724863,0.8558722279423876
2.7720000000000002,0.20578615837687764,0.8558722279423876,0.8587962130012268
2.774,0.19682231311266296,0.8587962130012268,0.8615722438784522
2.7760000000000002,0.1877207668282982,0.8615722438784522,0.8646321110847018
2.778,0.17848742230157794,0.8646321110847018,0.8667285018183842
2.7800000000000002,0.1691282889183466,0.8667285018183842,0.8696258428782572
2.782,0.15964947899116944,0.8696258428782572,0.8726275824855071
2.7840000000000003,0.15005720398761635,0.8726275824855071,0.8755492099316206
2.786,0.14035777067029187,0.8755492099316206,0.8777622213356907
2.7880000000000003,0.13055757715070945,0.8777622213356907,0.8808445620158745
2.79,0.12066310885930479,0.8808445620158745,0.8837479916178819
2.7920000000000003,0.11068093443382934,0.8837479916178819,0.8866159497849796
2.794,0.10061770152857628,0.8866159497849796,0.8888255227452084
2.7960000000000003,0.09048013254684233,0.8888255227452084,0.8920732510320787
2.798,0.08027502029919538,0.8920732510320787,0.8946423099182805
2.8000000000000003,0.07000922359010923,0.8946423099182805,0.8973498098224758
2.802,0.05968966273571426,0.8973498098224758,0.9003665429717768
2.8040000000000003,0.049323315015291566,0.9003665429717768,0.9027775684290475
2.806,0.03891721005945892,0.9027775684290475,0.9052410738303384
2.8080000000000003,0.02847842517779515,0.9052410738303384,0.9079712613950681
2.81,0.018014080628949446,0.9079712613950681,0.9107548930758765
2.8120000000000003,0.007531334836171535,0.9107548930758765,0.9131600915006712
2.814,-0.002962620448627858,0.9131600915006712,0.9156070024949097
2.816,-0.013460565029199692,0.9156070024949097,0.9176809876723385
2.818,-0.023955255194429613,0.9176809876723385,0.920329434029991
2.82,-0.03443942868975208,0.920329434029991,0.9229848961598899
2.822,-0.0449058097272379,0.9229848961598899,0.9250296682351828
2.824,-0.05534711403090621,0.9250296682351828,0.9281350458717494
2.826,-0.06575605391402262,0.9281350458717494,0.9298527001461829
2.828,-0.07612534338476301,0.9298527001461829,0.93239590213008
2.83,-0.08644770327690743,0.93239590213008,0.9339580290647697
2.832,-0.09671586640190812,0.9339580290647697,0.9362816926098625
2.834,-0.1069225827188472,0.9362816926098625,0.9385007763813102
2.836,-0.11706062451859843,0.9385007763813102,0.9405394659266434
2.838,-0.12712279161860496,0.9405394659266434,0.9422349197006517
2.84,-0.1371019165645045,0.9422349197006517,0.9442254640502
2.842,-0.14699086983499773,0.9442254640502,0.9463926939893257
2.844,-0.15678256504607987,0.9463926939893257,0.9477911316371964
2.846,-0.16646996415098655,0.9477911316371964,0.9498388296337227
2.848,-0.17604608263194943,0.9498388296337227,0.9516188785473348
2.85,-0.1855039946800246,0.9516188785473348,0.9531305735177816
2.852,-0.19483683835908994,0.9531305735177816,0.9548991344520692
2.854,-0.20403782075021373,0.9548991344520692,0.9556306788344269
2.856,-0.21310022307244988,0.9556306788344269,0.9575293767509162
2.858,-0.22201740577629062,0.9575293767509162,0.958814977700191
2.86,-0.23078281360574932,0.958814977700191,0.9602724034505409
2.862,-0.2393899806253256,0.9602724034505409,0.96154321044348
2.864,-0.24783253520783247,0.96154321044348,0.9623109393738634
2.866,-0.25610420497928077,0.9623109393738634,0.9633091410024993
2.868,-0.26419882171687664,0.9633091410024993,0.9644044123176643
2.87,-0.2721103261962938,0.9644044123176643,0.9655520443930966
2.872,-0.2798327729842784,0.9655520443930966,0.966293626178016
2.874,-0.28736033517282045,0.966293626178016,0.9672301722358505
2.876,-0.2946873090509456,0.9672301722358505,0.9674845334229965
2.878,-0.3018081187103929,0.9674845334229965,0.9687603977399283
2.88,-0.3087173205812966,0.9687603977399283,0.9688831545356744
2.882,-0.31540960789414174,0.9688831545356744,0.9695477337363152
2.884,-0.32187981506422625,0.9695477337363152,0.969953196537147
2.886,-0.32812292199490545,0.969953196537147,0.9697999423911483
2.888,-0.33413405829593273,0.9697999423911483,0.9702269303863233
2.89,-0.3399085074132626,0.9702269303863233,0.9699958878426483
2.892,-0.34544171066667567,0.9699958878426483,0.9699346881423617
2.894,-0.350729271191697,0.9699346881423617,0.9700125412402957
2.896,-0.3557669577822588,0.9700125412402957,0.9698387858305114
2.898,-0.36055070863066335,0.9698387858305114,0.969671697371887
2.9,-0.3650766349614009,0.969671697371887,0.969474140113463
2.902,-0.36934102455549184,0.969474140113463,0.969108887368254
2.904,-0.3733403451620303,0.969108887368254,0.9688777183428716
2.906,-0.3770712477936958,0.9688777183428716,0.9686168492917928
2.908,-0.3805305699030588,0.9686168492917928,0.9680324981661782
2.91,-0.38371533843657507,0.9680324981661782,0.9676506669733682
2.912,-0.38662277276321394,0.9676506669733682,0.9670263278605329
2.914,-0.38925028747479173,0.9670263278605329,0.9663532162345395
2.916,-0.3915954950550836,0.9663532162345395,0.9658251705472477
2.918,-0.3936562084149408,0.9658251705472477,0.9653647692360819
2.92,-0.39543044329065963,0.9653647692360819,0.9645576659825817
2.922,-0.3969164205029916,0.9645576659825817,0.9635108507127847
2.924,-0.3981125680742094,0.9635108507127847,0.9626386786131627
2.926,-0.39901752320079786,0.9626386786131627,0.9617356569508538
2.928,-0.39963013407937886,0.9617356569508538,0.9603886239035649
2.93,-0.3999494615836086,0.9603886239035649,0.95939979235353
2.932,-0.39997478078986826,0.95939979235353,0.9579067572893791
2.934,-0.39970558234967485,0.9579067572893791,0.9567900497589615
2.936,-0.3991415737068411,0.9567900497589615,0.955368877361954
2.938,-0.3982826801575197,0.955368877361954,0.9543184648478243
2.94,-0.3971290457513734,0.9543184648478243,0.952683626216745
2.942,-0.3956810340322235,0.952683626216745,0.9514762273642495
2.944,-0.39393922861664477,0.9514762273642495,0.9499944705840333
2.946,-0.3919044336090805,0.9499944705840333,0.9480445265035754
2.948,-0.38957767385217995,0.9480445265035754,0.9465983838690794
2.95,-0.38696019501116724,0.9465983838690794,0.9451430282204576
2.952,-0.3840534634911812,0.9451430282204576,0.9437055118052228
2.954,-0.3808591661866365,0.9437055118052228,0.9414626632542522
2.956,-0.3773792100617963,0.9414626632542522,0.9394619586706692
2.958,-0.37361572156185247,0.9394619586706692,0.9379845147480622
2.96,-0.3695710458539563,0.9379845147480622,0.9356677697884566
2.962,-0.365247745897749,0.9356677697884566,0.9338560070428683
2.964,-0.3606486013451048,0.9338560070428683,0.9319734839838884
2.966,-0.35577660726888494,0.9319734839838884,0.9295803521903144
2.968,-0.35063497272067773,0.9295803521903144,0.927532809999762
2.97,-0.3452271191176002,0.927532809999762,0.9250619367352498
2.972,-0.3395566784584054,0.9250619367352498,0.9231554552902799
2.974,-0.3336274913692204,0.9231554552902799,0.920906620958277
2.976,-0.32744360497944996,0.920906620958277,0.9186934789596646
2.978,-0.3210092706284504,0.9186934789596646,0.9163270789460763
2.98,-0.31432894140375145,0.9163270789460763,0.9140535219092747
2.982,-0.30740726951174535,0.9140535219092747,0.9116220459822678
2.984,-0.30024910348188044,0.9116220459822678,0.9089714056784606
2.986,-0.2928594852055175,0.9089714056784606,0.9063908441171311
2.988,-0.285243646810857,0.9063908441171311,0.9037649286176493
2.99,-0.27740700737528073,0.9037649286176493,0.9018807686929562
2.992,-0.26935516947682986,0.9018807686929562,0.8989093871796145
2.994,-0.2610939155864599,0.8989093871796145,0.8962769792853804
2.996,-0.2526292043030355,0.8962769792853804,0.8938286285136587
2.998,-0.24396716643300348,0.8938286285136587,0.8914387024895775
