# {"config": {"dt": 0.002, "kind": "wheel", "torque_limit_nm": 2.0}, "initial_command_history": "zero", "initial_state": "known_rest", "known_initial_rest": true, "name": "calibration_1", "sampling": "position_then_command_then_next_position", "schema": "encoder_position_only", "schema_version": 1, "split": "calibration"}
time_s,command_torque_nm,position_rad,next_position_rad
0.0,0.27961172579016785,3.44118082081155e-05,0.00025170299143672105
0.002,0.28666321967471037,0.00025170299143672105,-0.00023579762428862497
0.004,0.29368597624078524,-0.00023579762428862497,2.8337278612650522e-05
0.006,0.30067290351246667,2.8337278612650522e-05,0.00026616309901599856
0.008,0.3076169273707555,0.00026616309901599856,0.000672439323860251
0.01,0.31451099962152645,0.000672439323860251,0.0003349755178489012
0.012,0.32134810603544833,0.0003349755178489012,0.00097483602483945
0.014,0.32812127435062927,0.00097483602483945,0.0014837318227239737
0.016,0.3348235822287809,0.0014837318227239737,0.0014896201435576541
0.018000000000000002,0.3414481651557477,0.0014896201435576541,0.0022786330335992228
0.02,0.34798822427731346,0.0022786330335992228,0.0024804042568408874
0.022,0.35443703416127015,0.0024804042568408874,0.0030605705173569714
0.024,0.3607879504768194,0.0030605705173569714,0.003917942274155024
0.026000000000000002,0.3670344175824711,0.003917942274155024,0.004383137667194315
0.028,0.3731699760137107,0.004383137667194315,0.005319167003740284
0.03,0.37918826986182025,0.005319167003740284,0.005909590607027776
0.032,0.3850830540353632,0.005909590607027776,0.0064649320923993
0.034,0.39084820139598,0.0064649320923993,0.007681637172262541
0.036000000000000004,0.3964777097602837,0.007681637172262541,0.00874675036222091
0.038,0.4019657087598003,0.00874675036222091,0.009294323593546655
0.04,0.4073064665510612,0.009294323593546655,0.010804079313888593
0.042,0.4124943963681269,0.010804079313888593,0.012054808752146833
0.044,0.41752406291000393,0.012054808752146833,0.01310293716078125
0.046,0.42239018855560584,0.01310293716078125,0.01432706229861429
0.048,0.42708765939910637,0.01432706229861429,0.015881801023195995
0.05,0.4316115310987425,0.015881801023195995,0.017147678636385257
0.052000000000000005,0.43595703453233614,0.017147678636385257,0.018730810493877703
0.054,0.4401195812530283,0.018730810493877703,0.01984909297246571
0.056,0.44409476873894865,0.01984909297246571,0.02208505841887126
0.058,0.4478783854307784,0.02208505841887126,0.02308991663519838
0.06,0.4514664155514128,0.02308991663519838,0.024842142788335093
0.062,0.45485504370217533,0.024842142788335093,0.027098448784425352
0.064,0.45804065923029585,0.027098448784425352,0.028681329704087724
0.066,0.4610198603626282,0.028681329704087724,0.03103972889031444
0.068,0.46378945810084876,0.03103972889031444,0.03275271165746203
0.07,0.46634647987365596,0.03275271165746203,0.03461699981691905
0.07200000000000001,0.4686881729417665,0.03461699981691905,0.037327548795285805
0.074,0.4708120075517912,0.037327548795285805,0.039284913760393905
0.076,0.4727156798353611,0.039284913760393905,0.041259623736689545
0.078,0.4743971144501672,0.041259623736689545,0.04365031589772416
0.08,0.47585446695987477,0.04365031589772416,0.04595037395084672
0.082,0.4770861259501745,0.04595037395084672,0.048741362764337826
0.084,0.47809071487853344,0.048741362764337826,0.05092077380018382
0.08600000000000001,0.47886709365551805,0.05092077380018382,0.0535590090565294
0.088,0.4794143599558702,0.0535590090565294,0.05648858467217014
0.09,0.47973185025782444,0.05648858467217014,0.059035998621938555
0.092,0.4798191406094733,0.059035998621938555,0.06157553304103196
0.094,0.4796760471212958,0.06157553304103196,0.06462765353136381
0.096,0.47930262618428343,0.06462765353136381,0.0673086166313482
0.098,0.4786991744134109,0.0673086166313482,0.07039448258662469
0.1,0.47786622831651715,0.07039448258662469,0.07355605417933558
0.10200000000000001,0.47680456368897584,0.07355605417933558,0.07665303557046008
0.10400000000000001,0.4755151947348526,0.07665303557046008,0.0798316067598844
0.106,0.47399937291555766,0.0798316067598844,0.08278361832446492
0.108,0.4722585855273197,0.08278361832446492,0.08618079839251663
0.11,0.4702945540091162,0.08618079839251663,0.08926350958673979
0.112,0.46810923198300575,0.08926350958673979,0.09254448804519684
0.114,0.4657048030291184,0.09254448804519684,0.09588192213434703
0.116,0.46308367819786045,0.09588192213434703,0.09937650528313394
0.11800000000000001,0.4602484932621987,0.09937650528313394,0.10304530882816032
0.12,0.45720210571318154,0.10304530882816032,0.10649741178593954
0.122,0.4539475915021558,0.10649741178593954,0.11027075201761947
0.124,0.45048824153342476,0.11027075201761947,0.11373082890912428
0.126,0.44682755791138384,0.11373082890912428,0.11796899084947514
0.128,0.44296924994644904,0.11796899084947514,0.12106303860556562
0.13,0.4389172299243751,0.12106303860556562,0.12451683369374057
0.132,0.4346756086438278,0.12451683369374057,0.12901144513763946
0.134,0.43024869072734573,0.12901144513763946,0.1328118304309274
0.136,0.42564096971108506,0.1328118304309274,0.13647444558131716
0.138,0.42085712291899535,0.13647444558131716,0.14060889291374618
0.14,0.41590200612732364,0.14060889291374618,0.14467821031408912
0.14200000000000002,0.410780648025585,0.14467821031408912,0.14871542183356087
0.14400000000000002,0.40549824448037064,0.14871542183356087,0.1523226438922069
0.146,0.40006015260859284,0.1523226438922069,0.1568568349089036
0.148,0.3944718846669847,0.1568568349089036,0.16076104602268376
0.15,0.3887391017648838,0.16076104602268376,0.16509621349418524
0.152,0.3828676074075331,0.16509621349418524,0.1688704258003966
0.154,0.37686334087732526,0.1688704258003966,0.17322811801256896
0.156,0.3707323704606059,0.17322811801256896,0.17750663811593806
0.158,0.36448088652782623,0.17750663811593806,0.18181768473067134
0.16,0.3581151944750058,0.18181768473067134,0.18624749778179542
0.162,0.3516417075346253,0.18624749778179542,0.1904572984938343
0.164,0.3450669394642193,0.1904572984938343,0.19444732214183566
0.166,0.3383974971210778,0.19444732214183566,0.1992153713431911
0.168,0.3316400729316016,0.1992153713431911,0.20330223696357394
0.17,0.3248014372639708,0.20330223696357394,0.20767694999016312
0.17200000000000001,0.31788843071290124,0.20767694999016312,0.21207240102081282
0.17400000000000002,0.3109079563053653,0.21207240102081282,0.21623017842420816
0.176,0.3038669716362395,0.21623017842420816,0.2208322702268909
0.178,0.2967724809429281,0.2208322702268909,0.22539064851369323
0.18,0.28963152712807816,0.22539064851369323,0.22936501014498825
0.182,0.2824511837395606,0.22936501014498825,0.2340870672314414
0.184,0.2752385469169437,0.2340870672314414,0.2385256589970013
0.186,0.26800072731372243,0.2385256589970013,0.2425093400247958
0.188,0.2607448420045931,0.2425093400247958,0.2476773349677775
0.19,0.2534780063870847,0.2476773349677775,0.2515145024981826
0.192,0.24620732608685778,0.2515145024981826,0.25586779936842424
0.194,0.23893988887598408,0.25586779936842424,0.2599167452252315
0.196,0.2316827566135004,0.2599167452252315,0.2649582470474384
0.198,0.22444295721750737,0.2649582470474384,0.2692751532772428
0.2,0.21722747667804398,0.2692751532772428,0.27364612006509675
0.202,0.21004325111992764,0.27364612006509675,0.27781953208625454
0.20400000000000001,0.2028971589246823,0.27781953208625454,0.28210344833271667
0.20600000000000002,0.19579601292062065,0.28210344833271667,0.28670187001864605
0.20800000000000002,0.18874655265005807,0.28670187001864605,0.29108328090113444
0.21,0.18175543672255223,0.29108328090113444,0.29504516644431833
0.212,0.17482923526296096,0.29504516644431833,0.29950557386033155
0.214,0.16797442246300454,0.29950557386033155,0.30363920347905393
0.216,0.16119736924489517,0.30363920347905393,0.30797574458609106
0.218,0.15450433604547037,0.30797574458609106,0.31240574809613897
0.22,0.1479014657291272,0.31240574809613897,0.31673108559143365
0.222,0.14139477663770517,0.31673108559143365,0.32062142478254374
0.224,0.1349901557853107,0.32062142478254374,0.32487845274664856
0.226,0.12869335220590378,0.32487845274664856,0.3288263213254334
0.228,0.12250997046129748,0.3288263213254334,0.33306368382860213
0.23,0.11644546431703258,0.33306368382860213,0.3371634908380714
0.232,0.11050513059339548,0.3371634908380714,0.34134602434019057
0.234,0.10469410319865,0.34134602434019057,0.3453228429626455
0.23600000000000002,0.09901734735133944,0.3453228429626455,0.34951592770581846
0.23800000000000002,0.09347965399830005,0.34951592770581846,0.35329571258028036
0.24,0.08808563443480047,0.35329571258028036,0.35714459336979654
0.242,0.0828397151329893,0.35714459336979654,0.3611260118126675
0.244,0.07774613278459389,0.3611260118126675,0.3650696999863753
0.246,0.07280892956356477,0.3650696999863753,0.36933158253300574
0.248,0.06803194861410988,0.36933158253300574,0.37283421540772255
0.25,0.06341882976929811,0.37283421540772255,0.37625879289770897
0.252,0.058973005505153275,0.37625879289770897,0.3805889322786387
0.254,0.05469769713488129,0.3805889322786387,0.38374128793918133
0.256,0.05059591124760218,0.38374128793918133,0.38727398075656805
0.258,0.046670436395673615,0.38727398075656805,0.3912485073727904
0.26,0.04292384003440844,0.3912485073727904,0.39484129687903935
0.262,0.03935846571769694,0.39484129687903935,0.39833569394048396
0.264,0.03597643055274999,0.39833569394048396,0.40185309368692107
0.266,0.03277962291688122,0.40185309368692107,0.40538106986313766
0.268,0.02976970043894525,0.40538106986313766,0.4091505221955388
0.27,0.026948088247742252,0.4091505221955388,0.41226683469113823
0.272,0.02431597748939404,0.41226683469113823,0.41536546771168503
0.274,0.021874324115384786,0.41536546771168503,0.41921200353032684
0.276,0.01962384794265104,0.41921200353032684,0.42214139157691744
0.278,0.017565031986788493,0.42214139157691744,0.4253491632238687
0.28,0.01569812206913193,0.4253491632238687,0.4280527860255308
0.28200000000000003,0.014023126698147814,0.4280527860255308,0.4316143949892117
0.28400000000000003,0.012539817225262484,0.4316143949892117,0.434684926380282
0.28600000000000003,0.011247728274934754,0.434684926380282,0.4380641245434054
0.28800000000000003,0.010146158448464004,0.4380641245434054,0.4406187683416316
0.29,0.009234171300712163,0.4406187683416316,0.44406921286923023
0.292,0.008510596588600206,0.44406921286923023,0.4471454122574228
0.294,0.00797403178993053,0.4471454122574228,0.4496613382397134
0.296,0.007622843890772307,0.4496613382397134,0.45248324751648095
0.298,0.007455171439340463,0.45248324751648095,0.45535194397434614
0.3,0.00746892686398859,0.45535194397434614,0.45802650131857764
0.302,0.0076617990526369195,0.45802650131857764,0.4608910291725715
0.304,0.008031256190649205,0.4608910291725715,0.46340590385341
0.306,0.008574548853881037,0.46340590385341,0.46639465509779354
0.308,0.009288713353323264,0.46639465509779354,0.4687362607897934
0.31,0.010170575327478754,0.4687362607897934,0.47137095368581783
0.312,0.011216753578321081,0.47137095368581783,0.473685583652837
0.314,0.012423664146407498,0.473685583652837,0.4768156437802369
0.316,0.01378752462044025,0.4768156437802369,0.47890923594588103
0.318,0.0153043586763012,0.47890923594588103,0.4812738557950948
0.32,0.016970000840321242,0.4812738557950948,0.4836573192221297
0.322,0.01878010147128728,0.4836573192221297,0.4865488065761962
0.324,0.020730131955436687,0.4865488065761962,0.48871690988455746
0.326,0.022815390108445507,0.48871690988455746,0.4909290689232995
0.328,0.025031005778178073,0.4909290689232995,0.4931239024071295
0.33,0.02737194664173262,0.4931239024071295,0.49573979889374614
0.332,0.029833024190096882,0.49573979889374614,0.4978641177969484
0.334,0.03240889989350876,0.4978641177969484,0.5002808951188971
0.336,0.03509409154041172,0.5002808951188971,0.5023699971752208
0.338,0.03788297974269168,0.5023699971752208,0.5041653066674018
0.34,0.04076981459969277,0.5041653066674018,0.5065932337521809
0.342,0.043748722513326704,0.5065932337521809,0.5083268165541961
0.34400000000000003,0.046813713146415525,0.5083268165541961,0.5109482026514134
0.34600000000000003,0.04995868651624143,0.5109482026514134,0.5130789778875054
0.34800000000000003,0.05317744021512667,0.5130789778875054,0.5151698767885958
0.35000000000000003,0.05646367674971118,0.5151698767885958,0.5168386681367444
0.352,0.05981101099047064,0.5168386681367444,0.5190700334043886
0.354,0.06321297772287836,0.5190700334043886,0.5207097696944775
0.356,0.06666303929150885,0.5207097696944775,0.522825679119568
0.358,0.07015459332826503,0.522825679119568,0.5247686270985903
0.36,0.07368098055581757,0.5247686270985903,0.5271239554608491
0.362,0.07723549265726082,0.5271239554608491,0.5286539936367182
0.364,0.08081138020290835,0.5286539936367182,0.5303262622982488
0.366,0.08440186062508824,0.5303262622982488,0.5324190948726281
0.368,0.08800012623174533,0.5324190948726281,0.5342884810196247
0.37,0.0915993522496047,0.5342884810196247,0.5361835439255085
0.372,0.0951927048876287,0.5361835439255085,0.5376351973369938
0.374,0.09877334941146304,0.5376351973369938,0.5400865432968287
0.376,0.10233445821956746,0.5400865432968287,0.5421813526725782
0.378,0.10586921891171543,0.5421813526725782,0.543386461736562
0.38,0.10937084234055813,0.543386461736562,0.5456307791213932
0.382,0.11283257063697155,0.5456307791213932,0.5474736609540042
0.384,0.11624768519993123,0.5474736609540042,0.5492267863270619
0.386,0.11960951464169914,0.5492267863270619,0.5509306666169976
0.388,0.12291144267916562,0.5509306666169976,0.5524583760895777
0.39,0.12614691596224156,0.5524583760895777,0.5545411687751857
0.392,0.12930945183027584,0.5545411687751857,0.5561577962728914
0.394,0.1323926459875536,0.5561577962728914,0.5577513158417235
0.396,0.13539018008902065,0.5577513158417235,0.5597392000000024
0.398,0.13829582922749145,0.5597392000000024,0.5616323230564425
0.4,0.14110346931369785,0.5616323230564425,0.563390253270142
0.402,0.14380708434067524,0.563390253270142,0.5652658248691516
0.404,0.14640077352410139,0.5652658248691516,0.5671013542795116
0.406,0.14887875831035433,0.5671013542795116,0.5684828120502295
0.40800000000000003,0.15123538924420715,0.5684828120502295,0.570603198333074
0.41000000000000003,0.15346515268823493,0.570603198333074,0.5723053583506664
0.41200000000000003,0.1555626773861853,0.5723053583506664,0.5740065801517426
0.41400000000000003,0.15752274086273876,0.5740065801517426,0.5757180334398566
0.41600000000000004,0.15934027565227604,0.5757180334398566,0.5774805097593864
0.418,0.16101037534946624,0.5774805097593864,0.5792403769827928
0.42,0.16252830047469394,0.5792403769827928,0.5813619835325464
0.422,0.1638894841475566,0.5813619835325464,0.5831453523019827
0.424,0.16508953756188557,0.5831453523019827,0.5848379732755329
0.426,0.16612425525596994,0.5848379732755329,0.5871274899023684
0.428,0.16698962017190197,0.5871274899023684,0.5885669109294654
0.43,0.1676818084982018,0.5885669109294654,0.5902961912961773
0.432,0.16819719429013175,0.5902961912961773,0.5923936925147968
0.434,0.1685323538623636,0.5923936925147968,0.5940330600100384
0.436,0.16868406994892574,0.5940330600100384,0.5955013465598373
0.438,0.16864933562562612,0.5955013465598373,0.5977001694634957
0.44,0.16842535799041744,0.5977001694634957,0.5999250813037029
0.442,0.1680095615974518,0.5999250813037029,0.60162113585766
0.444,0.16739959164085633,0.60162113585766,0.6037914275666287
0.446,0.16659331688454473,0.6037914275666287,0.6057110549749979
0.448,0.16558883233467936,0.6057110549749979,0.606847325021811
0.45,0.1643844616516869,0.606847325021811,0.6091281309357728
0.452,0.16297875929903805,0.6091281309357728,0.611134143003691
0.454,0.16137051242629666,0.611134143003691,0.6132198217372048
0.456,0.1595587424842579,0.6132198217372048,0.6145781423622266
0.458,0.15754270657029606,0.6145781423622266,0.61697822262724
0.46,0.15532189850235872,0.61697822262724,0.6187321049649894
0.462,0.1528960496203529,0.6187321049649894,0.6205102143955056
0.464,0.150265129313983,0.6205102143955056,0.6226087201046747
0.466,0.14742934527642,0.6226087201046747,0.6244639641999984
0.468,0.14438914348348714,0.6244639641999984,0.6263383750745428
0.47000000000000003,0.14114520789837365,0.6263383750745428,0.6283181220043325
0.47200000000000003,0.13769845990219842,0.6283181220043325,0.6301610059195765
0.47400000000000003,0.13405005745105986,0.6301610059195765,0.6321126289601374
0.47600000000000003,0.1302013939605307,0.6321126289601374,0.6339173907370083
0.47800000000000004,0.12615409691885884,0.6339173907370083,0.6364049561373164
0.48,0.12191002623045791,0.6364049561373164,0.6379335746642794
0.482,0.11747127229157586,0.6379335746642794,0.6400544360862171
0.484,0.11284015380033993,0.6400544360862171,0.6420745563437286
0.486,0.10801921530368408,0.6420745563437286,0.643275484687583
0.488,0.10301122448396163,0.643275484687583,0.6452084091973789
0.49,0.09781916918835436,0.6452084091973789,0.6472957616685996
0.492,0.09244625420447798,0.6472957616685996,0.6490171866348734
0.494,0.08689589778587876,0.6490171866348734,0.6510959804466345
0.496,0.0811717279314075,0.6510959804466345,0.6530510990262463
0.498,0.07527757842273154,0.6530510990262463,0.6550437695900719
0.5,0.06921748462453499,0.6550437695900719,0.6564419629128653
0.502,0.06299567905222078,0.6564419629128653,0.6585076413383217
0.504,0.05661658671220282,0.6585076413383217,0.6607224178367557
0.506,0.050084820220132914,0.6607224178367557,0.6622089716686177
0.508,0.04340517470266843,0.6622089716686177,0.6638818563539239
0.51,0.036582622488630784,0.6638818563539239,0.6654962294729733
0.512,0.02962230759564924,0.6654962294729733,0.6674306100491931
0.514,0.022529540018620967,0.6674306100491931,0.6691848597399428
0.516,0.015309789826545878,0.6691848597399428,0.6709465431970396
0.518,0.007968681074511944,0.6709465431970396,0.6726329157524247
0.52,0.0005119855378299398,0.6726329157524247,0.6741853339248108
0.522,-0.007054383724495503,0.6741853339248108,0.6759264335059452
0.524,-0.014724378969558333,0.6759264335059452,0.6775538254212911
0.526,-0.022491824526028867,0.6775538254212911,0.6788565892990879
0.528,-0.03035042369755868,0.6788565892990879,0.6808333839736079
0.53,-0.03829376580617516,0.6808333839736079,0.6819513029957418
0.532,-0.0463153333675837,0.6819513029957418,0.6835145649810701
0.534,-0.05440850939012665,0.6835145649810701,0.6850725754823421
0.536,-0.06256658478901561,0.6850725754823421,0.6865603634347212
0.538,-0.0707827659073196,0.6865603634347212,0.6875031477835359
0.54,-0.07905018213506433,0.6875031477835359,0.6886967753320121
0.542,-0.08736189361769006,0.6886967753320121,0.6904105097344316
0.544,-0.0957108990450111,0.6904105097344316,0.6915273305314176
0.546,-0.10409014351172509,0.6915273305314176,0.6928723833925192
0.548,-0.11249252644043924,0.6928723833925192,0.6941288851657572
0.55,-0.12091090955811133,0.6941288851657572,0.6950042223433489
0.552,-0.12933812491673521,0.6950042223433489,0.6961124322942066
0.554,-0.1377669829490563,0.6961124322942066,0.6971836757452748
0.556,-0.1461902805500597,0.6971836757452748,0.6982122356101762
0.558,-0.1546008091749412,0.6982122356101762,0.6986691368659932
0.56,-0.162991362944258,0.6986691368659932,0.6996559639765577
0.562,-0.1713547467469399,0.6996559639765577,0.7009335470941831
0.5640000000000001,-0.1796837843318526,0.7009335470941831,0.701588494604893
0.5660000000000001,-0.18797132637861252,0.701588494604893,0.7023300399249904
0.5680000000000001,-0.1962102585383766,0.7023300399249904,0.7032878645660363
0.5700000000000001,-0.20439350943536888,0.7032878645660363,0.7036384563469303
0.5720000000000001,-0.21251405861994208,0.7036384563469303,0.7045092538927563
0.5740000000000001,-0.22056494446404307,0.7045092538927563,0.7049736085003829
0.5760000000000001,-0.22853927198999865,0.7049736085003829,0.7053804102578276
0.578,-0.23643022062363134,0.7053804102578276,0.7056549765718262
0.58,-0.24423105186279453,0.7056549765718262,0.706108934629897
0.582,-0.2519351168525051,0.706108934629897,0.7064699543648008
0.584,-0.2595358638579821,0.7064699543648008,0.7064925172250061
0.586,-0.2670268456269929,0.7064925172250061,0.7063521201564922
0.588,-0.2744017266330483,0.7063521201564922,0.7067775766982197
0.59,-0.2816542901911277,0.7067775766982197,0.7066684863464177
0.592,-0.28877844543774767,0.7066684863464177,0.7062420863326334
0.594,-0.2957682341673635,0.7062420863326334,0.7062045371734872
0.596,-0.30261783751724075,0.7062045371734872,0.7063331264313193
0.598,-0.3093215824931185,0.7063331264313193,0.7059486395791035
0.6,-0.3158739483281654,0.7059486395791035,0.7058422897396407
0.602,-0.32226957266792167,0.7058422897396407,0.7058531679341447
0.604,-0.3285032575741204,0.7058531679341447,0.7054292681510431
0.606,-0.3345699753404932,0.7054292681510431,0.7049569809543832
0.608,-0.3404648741138747,0.7049569809543832,0.7046677522009711
0.61,-0.3461832833141517,0.7046677522009711,0.7038638799494655
0.612,-0.35172071884682793,0.7038638799494655,0.7032910947445891
0.614,-0.3570728881022206,0.7032910947445891,0.7028037816207509
0.616,-0.36223569473554296,0.7028037816207509,0.7020247375301447
0.618,-0.36720524322238635,0.7020247375301447,0.7009276087663222
0.62,-0.3719778431843688,0.7009276087663222,0.7000285248874055
0.622,-0.3765500134799822,0.7000285248874055,0.6994210051380408
0.624,-0.38091848605594436,0.6994210051380408,0.698560947123818
0.626,-0.3850802095546323,0.698560947123818,0.6975513957117413
0.628,-0.3890323526734558,0.6975513957117413,0.6967983654520553
0.63,-0.3927723072723196,0.6967983654520553,0.695127635416814
0.632,-0.39629769122560443,0.695127635416814,0.6939497362862951
0.634,-0.3996063510153997,0.6939497362862951,0.6931306249861591
0.636,-0.4026963640630119,0.6931306249861591,0.691958578434881
0.638,-0.4055660407960765,0.691958578434881,0.6903553420038848
0.64,-0.40821392644890697,0.6903553420038848,0.6890698746678313
0.642,-0.4106388025940175,0.6890698746678313,0.687622709721425
0.644,-0.4128396884030694,0.687622709721425,0.6858629013227115
0.646,-0.4148158416357993,0.6858629013227115,0.6841575014819307
0.648,-0.41656675935580323,0.6841575014819307,0.682441354409536
0.65,-0.4180921783723612,0.682441354409536,0.6808939962073886
0.652,-0.4193920754078061,0.6808939962073886,0.6789951765112088
0.654,-0.4204666669902549,0.6789951765112088,0.677239791167704
0.656,-0.4213164090718343,0.677239791167704,0.6753546746426123
0.658,-0.4219419963728516,0.6753546746426123,0.6736062736479905
0.66,-0.4223443614526772,0.6736062736479905,0.6716258537468569
0.662,-0.42252467350841394,0.6716258537468569,0.6694151650665031
0.664,-0.42248433690275233,0.6694151650665031,0.66769998950377
0.666,-0.42222498942271,0.66769998950377,0.6650736333168136
0.668,-0.42174850027127264,0.6650736333168136,0.6629368192913189
0.67,-0.4210569677942581,0.6629368192913189,0.6604738043215221
0.672,-0.420152716945026,0.6604738043215221,0.6583068844267738
0.674,-0.4190382964899656,0.6583068844267738,0.6560432175744595
0.676,-0.417716475957984,0.6560432175744595,0.6533101204135358
0.678,-0.4161902423375157,0.6533101204135358,0.6512466964336265
0.68,-0.4144627965248662,0.6512466964336265,0.6480709034394131
0.682,-0.41253754952798405,0.6480709034394131,0.6458020127932282
0.684,-0.41041811843004256,0.6458020127932282,0.6429788564254787
0.686,-0.4081083221174835,0.6429788564254787,0.6404807611255334
0.6880000000000001,-0.40561217677744976,0.6404807611255334,0.6376313577796573
0.6900000000000001,-0.40293389116979805,0.6376313577796573,0.6347275833222276
0.6920000000000001,-0.4000778616791413,0.6347275833222276,0.6319022346723308
0.6940000000000001,-0.39704866715262593,0.6319022346723308,0.6288511059738185
0.6960000000000001,-0.3938510635293917,0.6288511059738185,0.6259625825692438
0.6980000000000001,-0.390489978267905,0.6259625825692438,0.6235955952711929
0.7000000000000001,-0.3869705045775887,0.6235955952711929,0.620308441507174
0.7020000000000001,-0.3832978954613933,0.620308441507174,0.6174614411835887
0.704,-0.37947755757617796,0.6174614411835887,0.6141566236870496
0.706,-0.37551504491797105,0.6141566236870496,0.6111584350146783
0.708,-0.371416052339391,0.6111584350146783,0.6078537532342028
0.71,-0.3671864089066927,0.6078537532342028,0.6048302244738678
0.712,-0.36283207110409277,0.6048302244738678,0.6011647468962009
0.714,-0.3583591158932078,0.6011647468962009,0.5985957885107983
0.716,-0.3537737336355937,0.5985957885107983,0.5948738923792775
0.718,-0.3490822208865447,0.5948738923792775,0.5916709117124138
0.72,-0.34429097306845136,0.5916709117124138,0.5880880527010119
0.722,-0.3394064770321563,0.5880880527010119,0.5848141965753444
0.724,-0.3344353035148793,0.5848141965753444,0.5814475150996914
0.726,-0.3293840995033948,0.5814475150996914,0.5776531610326715
0.728,-0.3242595805112607,0.5776531610326715,0.5747793856999267
0.73,-0.31906852277899406,0.5747793856999267,0.5713463480479758
0.732,-0.3138177554061743,0.5713463480479758,0.5675745474561817
0.734,-0.3085141524245406,0.5675745474561817,0.5642001492285669
0.736,-0.3031646248212073,0.5642001492285669,0.5607481046439015
0.738,-0.2977761125211891,0.5607481046439015,0.5570719200833154
0.74,-0.2923555763384667,0.5570719200833154,0.5535368443981131
0.742,-0.286909989904863,0.5535368443981131,0.5498049458279431
0.744,-0.28144633158602794,0.5498049458279431,0.5463839894846103
0.746,-0.2759715763938362,0.5463839894846103,0.5426013501211286
0.748,-0.27049268790451575,0.5426013501211286,0.5387433726345818
0.75,-0.2650166101918133,0.5387433726345818,0.535380152064922
0.752,-0.25955025978448587,0.535380152064922,0.5319177237033715
0.754,-0.25410051765737773,0.5319177237033715,0.5278115810718496
0.756,-0.24867422126531177,0.5278115810718496,0.5246229113174997
0.758,-0.2432781566289597,0.5246229113174997,0.5209328585847149
0.76,-0.23791905048181108,0.5209328585847149,0.5169165758158687
0.762,-0.23260356248728103,0.5169165758158687,0.5137729290265586
0.764,-0.2273382775349177,0.5137729290265586,0.5099701843425261
0.766,-0.22212969812458405,0.5099701843425261,0.5061717910591862
0.768,-0.21698423684737728,0.5061717910591862,0.5027017069062296
0.77,-0.21190820897194887,0.5027017069062296,0.49875417124391513
0.772,-0.2069078251447582,0.49875417124391513,0.4946775132744076
0.774,-0.20198918421266596,0.4946775132744076,0.4915636464209724
0.776,-0.19715826617613227,0.4915636464209724,0.48825829793688913
0.778,-0.19242092528113056,0.48825829793688913,0.4845934532420341
0.78,-0.18778288325773285,0.4845934532420341,0.4808915714324718
0.782,-0.18324972271315065,0.4808915714324718,0.47743027150380685
0.784,-0.178826880686837,0.47743027150380685,0.47373428675734947
0.786,-0.17451964237507298,0.47373428675734947,0.469745217151863
0.788,-0.1703331350322591,0.469745217151863,0.4665742265748346
0.79,-0.166272322055936,0.4665742265748346,0.46261181746493407
0.792,-0.16234199726234372,0.46261181746493407,0.4592464671512522
0.794,-0.158546779359107,0.4592464671512522,0.45574259013335594
0.796,-0.15489110662141498,0.45574259013335594,0.45208245910206013
0.798,-0.15137923177781815,0.45208245910206013,0.44872253461365175
0.8,-0.14801521711153381,0.44872253461365175,0.4451230162863804
0.802,-0.14480292978289758,0.4451230162863804,0.44167014792713055
0.804,-0.1417460373783449,0.44167014792713055,0.4384137517059107
0.806,-0.1388480036910482,0.4384137517059107,0.4350461539135344
0.808,-0.1361120847380631,0.4350461539135344,0.43156513718552447
0.81,-0.1335413250185707,0.43156513718552447,0.4278491458087435
0.812,-0.13113855401752067,0.4278491458087435,0.4245283227921127
0.8140000000000001,-0.12890638295870033,0.4245283227921127,0.42123343117631423
0.8160000000000001,-0.12684720181096623,0.42123343117631423,0.41774299230904416
0.8180000000000001,-0.1249631765510825,0.41774299230904416,0.41464322691717925
0.8200000000000001,-0.12325624668631632,0.41464322691717925,0.41136858484934996
0.8220000000000001,-0.12172812303964137,0.41136858484934996,0.40773659177167104
0.8240000000000001,-0.12038028580009569,0.40773659177167104,0.40460583218915014
0.8260000000000001,-0.11921398284053938,0.40460583218915014,0.40141888756319977
0.8280000000000001,-0.11823022830474345,0.40141888756319977,0.39815078458851955
0.8300000000000001,-0.11742980146543724,0.39815078458851955,0.39509192169996177
0.8320000000000001,-0.11681324585462541,0.39509192169996177,0.3919234130156633
0.834,-0.11638086866717395,0.3919234130156633,0.38875530670421443
0.836,-0.11613274043834926,0.38875530670421443,0.38507259383072684
0.838,-0.1160686949956794,0.38507259383072684,0.3816633036226628
0.84,-0.11618832968518986,0.3816633036226628,0.37876866504153
0.842,-0.11649100587175135,0.37876866504153,0.37571799037950365
0.844,-0.11697584971296035,0.37571799037950365,0.37285440081656357
0.846,-0.11764175320565848,0.37285440081656357,0.36961332581143114
0.848,-0.11848737550388372,0.36961332581143114,0.3669788781918443
0.85,-0.11951114450673214,0.3669788781918443,0.3636563729808547
0.852,-0.12071125871429944,0.3636563729808547,0.3603087645111937
0.854,-0.12208568934956304,0.3603087645111937,0.3575082105647194
0.856,-0.12363218274375676,0.3575082105647194,0.35432955861437393
0.858,-0.12534826298248988,0.35432955861437393,0.3517772565158663
0.86,-0.12723123480956122,0.3517772565158663,0.34858831998532036
0.862,-0.1292781867851191,0.34858831998532036,0.34589191964118315
0.864,-0.13148599469453012,0.34589191964118315,0.34285553016601794
0.866,-0.13385132520402784,0.34285553016601794,0.3401229322935063
0.868,-0.13637063975892683,0.3401229322935063,0.33725750797327264
0.87,-0.139040198719913,0.33725750797327264,0.33445952436075377
0.872,-0.14185606573264295,0.33445952436075377,0.3312982977609616
0.874,-0.14481411232561658,0.3312982977609616,0.328656175639002
0.876,-0.14791002273102727,0.328656175639002,0.32602653340738136
0.878,-0.1511392989230329,0.32602653340738136,0.32279085406143043
0.88,-0.1544972658676447,0.32279085406143043,0.31974557085815
0.882,-0.1579790769781847,0.31974557085815,0.3171988930643295
0.884,-0.161579719770025,0.3171988930643295,0.3143101496050265
0.886,-0.16529402170809737,0.3143101496050265,0.31167879915179664
0.888,-0.1691166562404312,0.31167879915179664,0.30898697452548973
0.89,-0.1730421490107733,0.30898697452548973,0.30616044165040174
0.892,-0.17706488424312972,0.30616044165040174,0.3034242260616187
0.894,-0.18117911129087355,0.3034242260616187,0.30042923761135515
0.896,-0.1853789513428764,0.30042923761135515,0.29757542988148605
0.898,-0.18965840427893216,0.29757542988148605,0.2947062095358229
0.9,-0.19401135566658212,0.2947062095358229,0.29222009166778673
0.902,-0.1984315838912749,0.29222009166778673,0.289389209102243
0.904,-0.20291276741164857,0.289389209102243,0.286693817455087
0.906,-0.2074484921315786,0.286693817455087,0.28396761797596437
0.908,-0.2120322588804926,0.28396761797596437,0.28060886199398516
0.91,-0.21665749099334058,0.28060886199398516,0.2781951600295232
0.912,-0.22131754198148434,0.2781951600295232,0.27540266380828354
0.914,-0.2260057032856675,0.27540266380828354,0.27250459859154025
0.916,-0.2307152121021384,0.27250459859154025,0.2695577220872179
0.918,-0.23543925927290182,0.2695577220872179,0.2671360450935345
0.92,-0.24017099723101795,0.2671360450935345,0.2641488640148214
0.922,-0.24490354799178793,0.2641488640148214,0.2613543638886827
0.924,-0.2496300111806211,0.2613543638886827,0.25815860728797413
0.926,-0.2543434720883374,0.25815860728797413,0.25600980998544376
0.928,-0.25903700974461763,0.25600980998544376,0.252516522359884
0.93,-0.26370370500030604,0.252516522359884,0.24980129202108484
0.932,-0.2683366486092497,0.24980129202108484,0.24695484871217543
0.934,-0.2729289493003625,0.24695484871217543,0.24406008292026174
0.936,-0.2774737418306149,0.24406008292026174,0.24150363131503838
0.9380000000000001,-0.28196419500966785,0.24150363131503838,0.23838260793608432
0.9400000000000001,-0.2863935196869068,0.23838260793608432,0.23511089507820765
0.9420000000000001,-0.2907549766916716,0.23511089507820765,0.2324521162163753
0.9440000000000001,-0.29504188471753207,0.2324521162163753,0.22930132569084702
0.9460000000000001,-0.29924762814152595,0.22930132569084702,0.22611575465334352
0.9480000000000001,-0.3033656647693442,0.22611575465334352,0.22344797773886055
0.9500000000000001,-0.3073895334975467,0.22344797773886055,0.21977159391989648
0.9520000000000001,-0.31131286188396873,0.21977159391989648,0.2176244098089236
0.9540000000000001,-0.31512937361759746,0.2176244098089236,0.2143815918982013
0.9560000000000001,-0.3188328958793166,0.2143815918982013,0.21089771355601591
0.9580000000000001,-0.32241736658502035,0.21089771355601591,0.2074884042285439
0.96,-0.32587684150276697,0.2074884042285439,0.20478508042673776
0.962,-0.32920550123575293,0.20478508042673776,0.2013350618666175
0.964,-0.33239765806306837,0.2013350618666175,0.1984006016772091
0.966,-0.33544776263034404,0.1984006016772091,0.1950359267925576
0.968,-0.33835041048258274,0.1950359267925576,0.1917019873378198
0.97,-0.3411003484316335,0.1917019873378198,0.18840866920193153
0.972,-0.34369248075098235,0.18840866920193153,0.18522712947756664
0.974,-0.3461218751907029,0.18522712947756664,0.18191950575985338
0.976,-0.34838376880564126,0.18191950575985338,0.1785750659931219
0.978,-0.35047357359011355,0.1785750659931219,0.1748029791143502
0.98,-0.3523868819126119,0.1748029791143502,0.1714142932752683
0.982,-0.35411947174426117,0.1714142932752683,0.16859219248029383
0.984,-0.35566731167498744,0.16859219248029383,0.16462926774216902
0.986,-0.3570265657116146,0.16462926774216902,0.1613217711121631
0.988,-0.35819359785236027,0.1613217711121631,0.15775296794648297
0.99,-0.3591649764324405,0.15775296794648297,0.15437195986244936
0.992,-0.3599374782357818,0.15437195986244936,0.15077932218788553
0.994,-0.360508092368086,0.15077932218788553,0.1468021526425762
0.996,-0.36087402388678,0.1468021526425762,0.14337425358285957
0.998,-0.36103269718366204,0.14337425358285957,0.13970940706441484
1.0,-0.36098175911633323,0.13970940706441484,0.13625460181168253
1.002,-0.3607190818848008,0.13625460181168253,0.1322422894075908
1.004,-0.36024276564992674,0.1322422894075908,0.12828432898113618
1.006,-0.35955114089069445,0.12828432898113618,0.12435017681378753
1.008,-0.35864277049756915,0.12435017681378753,0.1209394856154997
1.01,-0.3575164515995268,0.1209394856154997,0.11730565957206948
1.012,-0.3561712171226362,0.11730565957206948,0.11354510028455415
1.014,-0.3546063370783864,0.11354510028455415,0.10932008667837458
1.016,-0.3528213195802625,0.10932008667837458,0.10566405287206544
1.018,-0.3508159115873881,0.10566405287206544,0.10172599095611724
1.02,-0.34859009937436036,0.10172599095611724,0.09777178040710553
1.022,-0.3461441087267293,0.09777178040710553,0.09383706968037887
1.024,-0.34347840486187586,0.09383706968037887,0.09034512363997782
1.026,-0.34059369207537094,0.09034512363997782,0.08558733191953408
1.028,-0.33749091311320445,0.08558733191953408,0.08203184905094524
1.03,-0.3341712482705972,0.08203184905094524,0.0780743488700412
1.032,-0.330636114218413,0.0780743488700412,0.07380841623522075
1.034,-0.32688716255851413,0.07380841623522075,0.06994716343924702
1.036,-0.32292627810970376,0.06994716343924702,0.06572896653650377
1.038,-0.3187555769262141,0.06572896653650377,0.061662672338983156
1.04,-0.3143774040510118,0.061662672338983156,0.05771563914857987
1.042,-0.3097943310064828,0.05771563914857987,0.053519153520089874
1.044,-0.3050091530253815,0.053519153520089874,0.04919492031322894
1.046,-0.30002488602520805,0.04919492031322894,0.04509416920017197
1.048,-0.29484476332948373,0.04509416920017197,0.04112328694722534
1.05,-0.28947223213968865,0.04112328694722534,0.03686344655005951
1.052,-0.28391094976189923,0.03686344655005951,0.032743434411060174
1.054,-0.27816477959246066,0.032743434411060174,0.028474100291118375
1.056,-0.2722377868673005,0.028474100291118375,0.024156623274762635
1.058,-0.2661342341797517,0.024156623274762635,0.02032897680132752
1.06,-0.2598585767720432,0.02032897680132752,0.01576269075514665
1.062,-0.2534154576058496,0.01576269075514665,0.011680901398699102
1.064,-0.24680970221756743,0.011680901398699102,0.007428277849467214
1.066,-0.2400463133642215,0.007428277849467214,0.0034339220115042757
1.068,-0.23313046546614646,0.0034339220115042757,-0.0008227352717893784
1.07,-0.2260674988528315,-0.0008227352717893784,-0.004753764593343266
1.072,-0.21886291381852646,-0.004753764593343266,-0.00904817471860624
1.074,-0.21152236449444536,-0.00904817471860624,-0.013086815210037767
1.076,-0.2040516525446025,-0.013086815210037767,-0.017017718446915252
1.078,-0.1964567206925139,-0.017017718446915252,-0.021290656038940682
1.08,-0.18874364608621674,-0.021290656038940682,-0.025447707792159064
1.082,-0.18091863350920698,-0.025447707792159064,-0.02985159989602656
1.084,-0.17298800844511492,-0.02985159989602656,-0.03334653188232165
1.086,-0.16495821000406757,-0.03334653188232165,-0.03815371635955355
1.088,-0.15683578371887633,-0.03815371635955355,-0.04173657332319328
1.09,-0.14862737421932504,-0.04173657332319328,-0.045823860337459055
1.092,-0.14033971779296306,-0.045823860337459055,-0.049886136290988994
1.094,-0.1319796348409693,-0.049886136290988994,-0.053866968960152535
1.096,-0.12355402223773529,-0.053866968960152535,-0.05798922509221026
1.098,-0.11506984560296102,-0.05798922509221026,-0.06206915200450867
1.1,-0.10653413149513599,-0.06206915200450867,-0.06587523714238464
1.102,-0.09795395953537142,-0.06587523714238464,-0.06977806713494723
1.104,-0.08933645447064485,-0.06977806713494723,-0.07404195746398647
1.106,-0.08068877818556083,-0.07404195746398647,-0.07775591682917021
1.108,-0.0720181216718211,-0.07775591682917021,-0.0809849442568608
1.11,-0.06333169696462523,-0.0809849442568608,-0.08506805710196455
1.112,-0.054636729055259514,-0.08506805710196455,-0.08871080750857864
1.114,-0.045940447789186385,-0.08871080750857864,-0.09205775859136507
1.116,-0.037250079758919453,-0.09205775859136507,-0.09614998919647702
1.118,-0.028572840201019332,-0.09614998919647702,-0.09990334245998309
1.12,-0.019915924906512977,-0.09990334245998309,-0.10369176327425504
1.122,-0.011286502154024242,-0.10369176327425504,-0.10666042902818934
1.124,-0.0026917046749039553,-0.10666042902818934,-0.11040688282212843
1.1260000000000001,0.005861378340432315,-0.11040688282212843,-0.11385924727953994
1.1280000000000001,0.014365709185754819,-0.11385924727953994,-0.11719382738326038
1.1300000000000001,0.022814309522739606,-0.11719382738326038,-0.12056821376243057
1.1320000000000001,0.031200268196105815,-0.12056821376243057,-0.12400021580576367
1.1340000000000001,0.039516748971177296,-0.12400021580576367,-0.12695515755761094
1.1360000000000001,0.04775699818499324,-0.12695515755761094,-0.1304060186312744
1.1380000000000001,0.05591435230216782,-0.1304060186312744,-0.1331834443166188
1.1400000000000001,0.06398224536682046,-0.1331834443166188,-0.13645195007104713
1.1420000000000001,0.07195421634202304,-0.13645195007104713,-0.13912992529001889
1.1440000000000001,0.0798239163283179,-0.13912992529001889,-0.14253182148846422
1.1460000000000001,0.08758511565303315,-0.14253182148846422,-0.14574714825768584
1.1480000000000001,0.09523171082223345,-0.14574714825768584,-0.14837611261251954
1.1500000000000001,0.10275773132733255,-0.14837611261251954,-0.15138886383654782
1.1520000000000001,0.11015734629855002,-0.15138886383654782,-0.15413970870391872
1.154,0.11742487099755876,-0.15413970870391872,-0.1567362459095752
1.156,0.12455477314188729,-0.1567362459095752,-0.15955743459576072
1.158,0.1315416790537864,-0.15955743459576072,-0.16169375353511714
1.16,0.13838037962652447,-0.16169375353511714,-0.1642385355405968
1.162,0.1450658361012504,-0.1642385355405968,-0.16690419408558685
1.164,0.15159318564778557,-0.16690419408558685,-0.16916656618902082
1.166,0.15795774674295046,-0.16916656618902082,-0.17173656098140633
1.168,0.16415502434024262,-0.17173656098140633,-0.17333626703897947
1.17,0.17018071482493236,-0.17333626703897947,-0.17567996489412938
1.172,0.17603071074889887,-0.17567996489412938,-0.1782198546607322
1.174,0.18170110533975972,-0.1782198546607322,-0.18017620869434509
1.176,0.18718819677913298,-0.18017620869434509,-0.18187418355187673
1.178,0.19248849224511622,-0.18187418355187673,-0.18384023983253794
1.18,0.19759871171434645,-0.18384023983253794,-0.18583764287392351
1.182,0.20251579151928883,-0.18583764287392351,-0.18734597961839994
1.184,0.2072368876566656,-0.18734597961839994,-0.1890460335946982
1.186,0.21175937884324347,-0.1890460335946982,-0.19100471651387751
1.188,0.2160808693154718,-0.19100471651387751,-0.1922812918295176
1.19,0.22019919136977034,-0.1922812918295176,-0.1938816933874372
1.192,0.2241124076405566,-0.1938816933874372,-0.19472190538725967
1.194,0.22781881311340882,-0.19472190538725967,-0.1967063361836782
1.196,0.23131693687106436,-0.1967063361836782,-0.1978482007226984
1.198,0.23460554357025867,-0.1978482007226984,-0.1989959714989306
1.2,0.2376836346477229,-0.1989959714989306,-0.2006225536620045
1.202,0.24055044925397032,-0.2006225536620045,-0.2014366168222821
1.204,0.243205464913808,-0.2014366168222821,-0.20237390586382592
1.206,0.2456483979128372,-0.20237390586382592,-0.20310776542129777
1.208,0.24787920340950859,-0.20310776542129777,-0.2040254278305232
1.21,0.24989807527262275,-0.2040254278305232,-0.20501260038668434
1.212,0.2517054456444782,-0.20501260038668434,-0.20558346102413497
1.214,0.2533019842301889,-0.20558346102413497,-0.20653390418276843
1.216,0.2546885973140001,-0.20653390418276843,-0.2065001645583006
1.218,0.25586642650375857,-0.2065001645583006,-0.2069357141181246
1.22,0.2568368472049942,-0.2069357141181246,-0.20790330652170574
1.222,0.2576014668263854,-0.20790330652170574,-0.20830463330549626
1.224,0.2581621227186955,-0.20830463330549626,-0.2084110907702158
1.226,0.2585208798495603,-0.2084110907702158,-0.2086360180793989
1.228,0.2586800282168281,-0.2086360180793989,-0.20886917272826538
1.23,0.2586420800034427,-0.20886917272826538,-0.20878517829813167
1.232,0.25840976647715597,-0.20878517829813167,-0.20877316981536434
1.234,0.2579860346386641,-0.20877316981536434,-0.20851682704723906
1.236,0.2573740436220333,-0.20851682704723906,-0.20860993748848886
1.238,0.2565771608515779,-0.20860993748848886,-0.2088645359097292
1.24,0.2555989579596335,-0.2088645359097292,-0.20853549803889623
1.242,0.2544432064699322,-0.20853549803889623,-0.20839605393428937
1.244,0.2531138732515753,-0.20839605393428937,-0.2081433508977608
1.246,0.25161511574884043,-0.2081433508977608,-0.20749561033177547
1.248,0.24995127699234007,-0.20749561033177547,-0.2074912612870443
1.25,0.24812688039728414,-0.2074912612870443,-0.2073006839155444
1.252,0.2461466243548484,-0.2073006839155444,-0.20744670074067398
1.254,0.24401537662289843,-0.20744670074067398,-0.20615199951021473
1.256,0.24173816852252922,-0.20615199951021473,-0.2059843491737697
1.258,0.2393201889471282,-0.2059843491737697,-0.20566588546394127
1.26,0.23676677819086583,-0.20566588546394127,-0.20472594005059508
1.262,0.23408342160373177,-0.20472594005059508,-0.20439351276253273
1.264,0.2312757430804459,-0.20439351276253273,-0.2038318735778425
1.266,0.22834949839073831,-0.2038318735778425,-0.20253495756405124
1.268,0.22531056835870558,-0.20253495756405124,-0.20230149982202644
1.27,0.22216495189910415,-0.20230149982202644,-0.20150430102899208
1.272,0.2189187589186029,-0.20150430102899208,-0.20076990835023892
1.274,0.2155782030902006,-0.20076990835023892,-0.2000011527493547
1.276,0.21214959450911833,-0.2000011527493547,-0.19946532750648768
1.278,0.20863933223865264,-0.19946532750648768,-0.19842102013228902
1.28,0.20505389675457747,-0.19842102013228902,-0.1976320259284813
1.282,0.20139984229680194,-0.1976320259284813,-0.1967313370202858
1.284,0.19768378913711454,-0.1967313370202858,-0.19573428517262026
1.286,0.19391241577191462,-0.19573428517262026,-0.19482815282761387
1.288,0.19009245104894476,-0.19482815282761387,-0.19383974882832175
1.29,0.18623066623709555,-0.19383974882832175,-0.19268439827930006
1.292,0.18233386704842086,-0.19268439827930006,-0.19203155052855644
1.294,0.1784088856215731,-0.19203155052855644,-0.19081108107121822
1.296,0.17446257247588498,-0.19081108107121822,-0.18972186566581695
1.298,0.17050178844539093,-0.18972186566581695,-0.18868548161697307
1.3,0.16653339660206803,-0.18868548161697307,-0.18794963832594386
1.302,0.1625642541776222,-0.18794963832594386,-0.18671088083722717
1.304,0.15860120449312834,-0.18671088083722717,-0.18543436569787444
1.306,0.1546510689058167,-0.18543436569787444,-0.18424412721217767
1.308,0.15072063878231068,-0.18424412721217767,-0.18311520066631287
1.31,0.14681666750754507,-0.18311520066631287,-0.18211453917346085
1.312,0.14294586253859587,-0.18211453917346085,-0.18067184285373614
1.314,0.13911487751257212,-0.18067184285373614,-0.17988517018787153
1.316,0.13533030441766553,-0.17988517018787153,-0.1787188829519192
1.318,0.13159866583639263,-0.1787188829519192,-0.17752925528569607
1.32,0.12792640726995863,-0.17752925528569607,-0.1763320094138914
1.322,0.12431988955260227,-0.1763320094138914,-0.17515783141155988
1.324,0.12078538136466212,-0.17515783141155988,-0.1737029051665639
1.326,0.11732905185298817,-0.1737029051665639,-0.1729135674788475
1.328,0.11395696336722247,-0.1729135674788475,-0.17148847945589757
1.33,0.11067506432030168,-0.17148847945589757,-0.17059461247761507
1.332,0.10748918218143054,-0.17059461247761507,-0.16924756943423236
1.334,0.10440501660959557,-0.16924756943423236,-0.16782616288261346
1.336,0.10142813273553082,-0.16782616288261346,-0.16688907126091546
1.338,0.09856395459989523,-0.16688907126091546,-0.1652977483183226
1.34,0.09581775875520808,-0.1652977483183226,-0.16419129905297686
1.342,0.09319466803893589,-0.16419129905297686,-0.16287893301057293
1.344,0.09069964552490242,-0.16287893301057293,-0.16194980903808046
1.346,0.08833748865999219,-0.16194980903808046,-0.16043407172855897
1.348,0.08611282359291994,-0.16043407172855897,-0.15960291529775558
1.35,0.08403009970159234,-0.15960291529775558,-0.15833835043246144
1.352,0.08209358432538236,-0.15833835043246144,-0.15766052781436926
1.354,0.0803073577083887,-0.15766052781436926,-0.15587309684709014
1.356,0.07867530815950738,-0.15587309684709014,-0.1548193979770976
1.358,0.07720112743490723,-0.1548193979770976,-0.1536460496331792
1.36,0.07588830634822413,-0.1536460496331792,-0.15249045924004523
1.362,0.07474013061354837,-0.15249045924004523,-0.15135812693392756
1.364,0.07375967692599425,-0.15135812693392756,-0.15043783195095467
1.366,0.07294980928437447,-0.15043783195095467,-0.14885271820676907
1.368,0.07231317556022829,-0.14885271820676907,-0.14797035230364258
1.37,0.07185220431715453,-0.14797035230364258,-0.14718961050454404
1.372,0.07156910188412963,-0.14718961050454404,-0.14570940221380496
1.374,0.07146584968618339,-0.14570940221380496,-0.1444906989872439
1.3760000000000001,0.07154420183551721,-0.1444906989872439,-0.14367119380618548
1.3780000000000001,0.07180568298584947,-0.14367119380618548,-0.14222817834812482
1.3800000000000001,0.07225158645246371,-0.14222817834812482,-0.14114190550281847
1.3820000000000001,0.0728829726001369,-0.14114190550281847,-0.1398593602032306
1.3840000000000001,0.07370066750081147,-0.1398593602032306,-0.13902085691518257
1.3860000000000001,0.07470526186256413,-0.13902085691518257,-0.13791136752241698
1.3880000000000001,0.07589711023111712,-0.13791136752241698,-0.13655536555101758
1.3900000000000001,0.0772763304648168,-0.13655536555101758,-0.13592869659035856
1.3920000000000001,0.0788428034836953,-0.13592869659035856,-0.13465445631096767
1.3940000000000001,0.08059617329291108,-0.13465445631096767,-0.13348248664304826
1.3960000000000001,0.08253584728055288,-0.13348248664304826,-0.13287509555766103
1.3980000000000001,0.08466099678946876,-0.13287509555766103,-0.1319467477972691
1.4000000000000001,0.08697055796247571,-0.1319467477972691,-0.13042492335693692
1.4020000000000001,0.08946323285998092,-0.13042492335693692,-0.12947519386899536
1.4040000000000001,0.09213749084873851,-0.12947519386899536,-0.12825877143906406
1.4060000000000001,0.09499157026015209,-0.12825877143906406,-0.12731639918835222
1.408,0.09802348031621938,-0.12731639918835222,-0.12636925476118083
1.41,0.10123100332091464,-0.12636925476118083,-0.12537264500696718
1.412,0.10461169711448798,-0.12537264500696718,-0.1238027882713144
1.414,0.10816289778786897,-0.1238027882713144,-0.12306901446856482
1.416,0.11188172265405771,-0.12306901446856482,-0.12195803834584129
1.418,0.11576507347308479,-0.12195803834584129,-0.12084396674946792
1.42,0.11980963992684324,-0.12084396674946792,-0.11993127412431782
1.422,0.1240119033397927,-0.11993127412431782,-0.11881008628067602
1.424,0.12836814064126267,-0.11881008628067602,-0.11795312226855124
1.426,0.132874428564804,-0.11795312226855124,-0.11696908362122796
1.428,0.13752664807975368,-0.11696908362122796,-0.11579687560572527
1.43,0.14232048904992745,-0.11579687560572527,-0.11471917865575879
1.432,0.1472514551140771,-0.11471917865575879,-0.1135458227463521
1.434,0.1523148687825025,-0.1135458227463521,-0.11262114403141145
1.436,0.15750587674396335,-0.11262114403141145,-0.11138102278976982
1.438,0.162819455376777,-0.11138102278976982,-0.11018261704709574
1.44,0.1682504164577779,-0.11018261704709574,-0.10978224922683837
1.442,0.1737934130625606,-0.10978224922683837,-0.10802533310133985
1.444,0.17944294565022606,-0.10802533310133985,-0.10671817810035951
1.446,0.18519336832563688,-0.10671817810035951,-0.10563130950775051
1.448,0.19103889527196605,-0.10563130950775051,-0.10427098232309749
1.45,0.1969736073461551,-0.10427098232309749,-0.10322343012027221
1.452,0.20299145882968253,-0.10322343012027221,-0.10201825413447951
1.454,0.20908628432688026,-0.10201825413447951,-0.10096877818220118
1.456,0.21525180580286962,-0.10096877818220118,-0.09928473094298639
1.458,0.22148163975300555,-0.09928473094298639,-0.09849753022744395
1.46,0.22776930449559718,-0.09849753022744395,-0.09697710069161927
1.462,0.23410822757950156,-0.09697710069161927,-0.09542881526460109
1.464,0.24049175329807235,-0.09542881526460109,-0.09444992526054811
1.466,0.24691315030082506,-0.09444992526054811,-0.09283688181731012
1.468,0.253365619294046,-0.09283688181731012,-0.0916925063803856
1.47,0.25984230082150234,-0.0916925063803856,-0.09023271482499598
1.472,0.266336283116286,-0.09023271482499598,-0.08854878505126065
1.474,0.2728406100147621,-0.08854878505126065,-0.08762223830319052
1.476,0.27934828892352237,-0.08762223830319052,-0.08588243037090133
1.478,0.28585229883015983,-0.08588243037090133,-0.08393869447197648
1.48,0.2923455983486668,-0.08393869447197648,-0.08242947160766773
1.482,0.29882113379018027,-0.08242947160766773,-0.08120697523506429
1.484,0.30527184724979606,-0.08120697523506429,-0.07948104780869844
1.486,0.3116906847001494,-0.07948104780869844,-0.0777462461610639
1.488,0.3180706040824345,-0.0777462461610639,-0.07613894767302536
1.49,0.32440458338556954,-0.07613894767302536,-0.07422687749373237
1.492,0.33068562870419344,-0.07422687749373237,-0.07250766453913736
1.494,0.3369067822662284,-0.07250766453913736,-0.07075331372008913
1.496,0.34306113042077463,-0.07075331372008913,-0.06903678688294496
1.498,0.3491418115771299,-0.06903678688294496,-0.06681094380014618
1.5,0.3551420240858145,-0.06681094380014618,-0.06489367779655701
1.502,0.36105503405251305,-0.06489367779655701,-0.06275159063800326
1.504,0.36687418307595787,-0.06275159063800326,-0.0609627984116137
1.506,0.372592895900834,-0.0609627984116137,-0.05906445176520927
1.508,0.3782046879769018,-0.05906445176520927,-0.056963617283010685
1.51,0.38370317291564454,-0.056963617283010685,-0.05453621642309038
1.512,0.3890820698358426,-0.05453621642309038,-0.05200680424060396
1.514,0.3943352105896369,-0.05200680424060396,-0.049957577379151796
1.516,0.3994565468607504,-0.049957577379151796,-0.0480102985027238
1.518,0.4044401571267018,-0.0480102985027238,-0.04534125891945545
1.52,0.4092802534770036,-0.04534125891945545,-0.043039631062318486
1.522,0.413971188279483,-0.043039631062318486,-0.040520892624340825
1.524,0.4185074606870659,-0.040520892624340825,-0.03810728325418391
1.526,0.42288372297752275,-0.03810728325418391,-0.03573477623854605
1.528,0.4270947867188829,-0.03573477623854605,-0.033043356683978925
1.53,0.43113562875342254,-0.033043356683978925,-0.030156351132859454
1.532,0.4350013969933292,-0.030156351132859454,-0.02754545768606303
1.534,0.43868741602138017,-0.02754545768606303,-0.02480006038422863
1.536,0.4421891924901788,-0.02480006038422863,-0.021679973220532903
1.538,0.44550242031373505,-0.021679973220532903,-0.01923792102077722
1.54,0.4486229856454178,-0.01923792102077722,-0.01597803310904711
1.542,0.4515469716365367,-0.01597803310904711,-0.012854587874744475
1.544,0.45427066297008567,-0.012854587874744475,-0.009672718592357034
1.546,0.45679055016441966,-0.009672718592357034,-0.007266569367560134
1.548,0.45910333364190964,-0.007266569367560134,-0.003628045164844826
1.55,0.46120592755789613,-0.003628045164844826,-0.0005405318192439421
1.552,0.4630954633855221,-0.0005405318192439421,0.002895625838450139
1.554,0.4647692932523255,0.002895625838450139,0.005659629606708624
1.556,0.4662249930247409,0.005659629606708624,0.009191059782121374
1.558,0.46746036513696027,0.009191059782121374,0.012141474079501717
1.56,0.46847344116089507,0.012141474079501717,0.016034621680397147
1.562,0.46926248411427346,0.016034621680397147,0.019234424611576678
1.564,0.4698259905042185,0.019234424611576678,0.023263560111525153
1.566,0.4701626921039461,0.023263560111525153,0.026827742075552986
1.568,0.47027155746053806,0.026827742075552986,0.03002600670730784
1.57,0.4701517931320488,0.03002600670730784,0.034104148851451535
1.572,0.46980284465251876,0.034104148851451535,0.03786272679848638
1.574,0.4692243972237793,0.03786272679848638,0.04146995551307445
1.576,0.4684163761332488,0.04146995551307445,0.045507473183767376
1.578,0.46737894689723447,0.045507473183767376,0.04928547872778231
1.58,0.4661125151295713,0.04928547872778231,0.052851211297949535
1.582,0.46461772613574326,0.052851211297949535,0.05711335322184846
1.584,0.46289546423295136,0.05711335322184846,0.06136716121366323
1.586,0.46094685179690414,0.06136716121366323,0.06543579146387736
1.588,0.45877324803642416,0.06543579146387736,0.06951654885669141
1.59,0.4563762474972757,0.06951654885669141,0.07335683619483033
1.592,0.45375767829693114,0.07335683619483033,0.07784207336860115
1.594,0.45091960009229937,0.07784207336860115,0.08187115843897562
1.596,0.447864301782755,0.08187115843897562,0.0863240723091137
1.598,0.44459429895110375,0.0863240723091137,0.09059569157704639
1.6,0.4411123310454217,0.09059569157704639,0.0951837447736522
1.602,0.4374213583050124,0.0951837447736522,0.09907944851357764
1.604,0.433524558434007,0.09907944851357764,0.10390304559905941
1.606,0.4294253230264358,0.10390304559905941,0.10799301413304532
1.608,0.42512725374687826,0.10799301413304532,0.11282158812679931
1.61,0.42063415827107725,0.11282158812679931,0.11716106054161173
1.612,0.4159500459911912,0.11716106054161173,0.12195340898703692
1.614,0.4110791234906135,0.12195340898703692,0.1261167503375171
1.616,0.4060257897935655,0.1261167503375171,0.13069715917947144
1.618,0.4007946313949245,0.13069715917947144,0.13548725922514268
1.62,0.39539041707599404,0.13548725922514268,0.14037480042989905
1.622,0.3898180925121881,0.14037480042989905,0.14476027526130258
1.624,0.38408277467881546,0.14476027526130258,0.1497643526618929
1.6260000000000001,0.37818974606140693,0.1497643526618929,0.15399438474847124
1.6280000000000001,0.37214444867723806,0.15399438474847124,0.1587363345832376
1.6300000000000001,0.3659524779149154,0.1587363345832376,0.16403856262172245
1.6320000000000001,0.3596195761991233,0.16403856262172245,0.168485516143691
1.6340000000000001,0.35315162648779685,0.168485516143691,0.1734611328528991
1.6360000000000001,0.3465546456092171,0.1734611328528991,0.17838584213242198
1.6380000000000001,0.3398347774466774,0.17838584213242198,0.1826119391534238
1.6400000000000001,0.33299828597855613,0.1826119391534238,0.18780262945070658
1.6420000000000001,0.32605154818181187,0.18780262945070658,0.1927504232584512
1.6440000000000001,0.3190010468070426,0.1927504232584512,0.19759761852437577
1.6460000000000001,0.31185336303343214,0.19759761852437577,0.20245791796337004
1.6480000000000001,0.3046151690120231,0.20245791796337004,0.20706818035625021
1.6500000000000001,0.2972932203058844,0.20706818035625021,0.21209205212305365
1.6520000000000001,0.2898943482358815,0.21209205212305365,0.21679389981536576
1.6540000000000001,0.28242545214083187,0.21679389981536576,0.22182867576482412
1.6560000000000001,0.27489349156096143,0.22182867576482412,0.22678112699305836
1.6580000000000001,0.26730547835364077,0.22678112699305836,0.23106486938497045
1.6600000000000001,0.25966846875046656,0.23106486938497045,0.2363352361814624
1.6620000000000001,0.25198955536482964,0.2363352361814624,0.24147182834999742
1.6640000000000001,0.24427585915914488,0.24147182834999742,0.24585522884606661
1.666,0.23653452138099854,0.24585522884606661,0.25068982374659565
1.668,0.22877269547746018,0.25068982374659565,0.2554205846944476
1.67,0.22099753899688557,0.2554205846944476,0.2604760955089254
1.672,0.21321620548749676,0.2604760955089254,0.2651820414631198
1.674,0.2054358364020625,0.2651820414631198,0.2697398392352923
1.676,0.19766355301799235,0.2697398392352923,0.275061696743436
1.678,0.18990644838212936,0.275061696743436,0.27946266261034775
1.68,0.18217157928949654,0.27946266261034775,0.2841809818690722
1.682,0.1744659583052343,0.2841809818690722,0.28863630348855845
1.684,0.16679654583888295,0.28863630348855845,0.2938062995038525
1.686,0.15917024228013715,0.2938062995038525,0.2983939979667978
1.688,0.15159388020510733,0.2983939979667978,0.30256697333918947
1.69,0.14407421666204012,0.30256697333918947,0.3073401935305431
1.692,0.13661792554538554,0.3073401935305431,0.31245212013005913
1.694,0.12923159006695323,0.31245212013005913,0.31645113725309315
1.696,0.1219216953328309,0.31645113725309315,0.3209715882801876
1.698,0.11469462103459122,0.3209715882801876,0.3259323975832901
1.7,0.10755663426318104,0.3259323975832901,0.33004613334117194
1.702,0.10051388245376815,0.33004613334117194,0.3343604518562152
1.704,0.0935723864696366,0.3343604518562152,0.3385597575555913
1.706,0.08673803383309349,0.3385597575555913,0.3432775719886591
1.708,0.08001657211116092,0.3432775719886591,0.34749858087197755
1.71,0.07341360246364863,0.34749858087197755,0.351819465124007
1.712,0.066934573361035,0.351819465124007,0.35615618938958626
1.714,0.06058477447935667,0.35615618938958626,0.3603597613200493
1.716,0.054369330779142855,0.3603597613200493,0.36431139976173127
1.718,0.048293196775174685,0.36431139976173127,0.36844524911680265
1.72,0.042361151003669745,0.36844524911680265,0.37269762227561415
1.722,0.03657779069324013,0.37269762227561415,0.3765034493009818
1.724,0.030947526645741574,0.3765034493009818,0.380434083246592
1.726,0.025474578332903203,0.380434083246592,0.384252108690108
1.728,0.02016296921435612,0.384252108690108,0.3886583435128022
1.73,0.015016522282446848,0.3886583435128022,0.3924034926332732
1.732,0.010038855838945954,0.3924034926332732,0.39600281345091964
1.734,0.0052333795084970325,0.39600281345091964,0.39975933037497713
1.736,0.0006032904933861716,0.39975933037497713,0.40324945909945
1.738,-0.003848429926072816,0.40324945909945,0.40719701412177006
1.74,-0.00811901964152581,0.40719701412177006,0.4107881235895938
1.742,-0.012205938713206688,0.4107881235895938,0.41417970759756584
1.744,-0.016106872109776293,0.41417970759756584,0.41770142445670255
1.746,-0.019819732188227496,0.41770142445670255,0.4210960183900413
1.748,-0.023342660911021024,0.4210960183900413,0.4246236186334939
1.75,-0.02667403179791028,0.4246236186334939,0.4278088707810515
1.752,-0.02981245161022472,0.4278088707810515,0.4311617687307317
1.754,-0.03275676176568856,0.4311617687307317,0.4344535835656268
1.756,-0.03550603948215805,0.4344535835656268,0.4379117086370819
1.758,-0.03805959864898015,0.4379117086370819,0.44063604932463263
1.76,-0.040416990424976484,0.44063604932463263,0.44369100508832315
1.762,-0.04257800356238867,0.44369100508832315,0.44696991818835163
1.764,-0.044542664456420134,0.44696991818835163,0.45005904297619304
1.766,-0.046311236920334925,0.45005904297619304,0.453084668288915
1.768,-0.04788422168638726,0.453084668288915,0.4559566102173241
1.77,-0.04926235563317097,0.4559566102173241,0.45844787897385003
1.772,-0.0504466107402943,0.45844787897385003,0.461432007931028
1.774,-0.051438192771597044,0.461432007931028,0.4640304250755994
1.776,-0.05223853968844329,0.4640304250755994,0.46676459857512265
1.778,-0.0528493197949286,0.46676459857512265,0.4696170810091718
1.78,-0.053272429617154615,0.4696170810091718,0.47201040951641465
1.782,-0.053509991519029465,0.47201040951641465,0.4743718374428279
1.784,-0.053564351057344375,0.4743718374428279,0.4771098064615973
1.786,-0.0534380740792019,0.4771098064615973,0.48004684679242643
1.788,-0.053133943565137925,0.48004684679242643,0.48216013751411585
1.79,-0.052654956221596674,0.48216013751411585,0.48427565236337383
1.792,-0.05200431882669328,0.48427565236337383,0.4862957212949731
1.794,-0.051185444333483474,0.4862957212949731,0.4888754132115022
1.796,-0.050201947735249206,0.4888754132115022,0.4912962037610189
1.798,-0.04905764169756603,0.4912962037610189,0.4934153342783437
1.8,-0.04775653196220386,0.4934153342783437,0.4955907655280371
1.802,-0.04630281252816533,0.4955907655280371,0.4973718478013864
1.804,-0.04470086061542175,0.4973718478013864,0.4994465406439486
1.806,-0.04295523141716416,0.4994465406439486,0.5013935181381989
1.808,-0.041070652646623185,0.5013935181381989,0.5033608436990401
1.81,-0.03905201888475375,0.5033608436990401,0.5055500389785438
1.812,-0.03690438573530694,0.5055500389785438,0.5073598453556704
1.814,-0.03463296379402682,0.5073598453556704,0.5091280405431146
1.816,-0.03224311243894354,0.5091280405431146,0.5107486182152402
1.818,-0.029740333448911582,0.5107486182152402,0.5126172294206933
1.82,-0.027130264457767395,0.5126172294206933,0.5146195371230754
1.822,-0.024418672251655962,0.5146195371230754,0.5159601251719436
1.824,-0.021611445917244565,0.5159601251719436,0.5179686072488063
1.826,-0.018714589848751337,0.5179686072488063,0.5193814046478663
1.828,-0.015734216621830575,0.5193814046478663,0.521059376499922
1.83,-0.01267653974255064,0.521059376499922,0.5230598961724238
1.832,-0.009547866279822168,0.5230598961724238,0.5241661200146962
1.834,-0.006354589389767462,0.5241661200146962,0.5257988953725481
1.836,-0.003103180740667906,0.5257988953725481,0.5271754132784602
1.838,0.00019981715279244333,0.5271754132784602,0.528653465832529
1.84,0.003547798677131467,0.528653465832529,0.5303316632636254
1.842,0.006934102940593125,0.5303316632636254,0.531327395008102
1.844,0.010352021657575865,0.531327395008102,0.5331112123205634
1.846,0.01379480708786476,0.5331112123205634,0.5342061713616634
1.848,0.017255680021520368,0.5342061713616634,0.5349941364779099
1.85,0.020727837800208374,0.5349941364779099,0.5369660135506252
1.852,0.024204462365722917,0.5369660135506252,0.5382731186185806
1.854,0.02767872832642939,0.5382731186185806,0.5398059794541574
1.856,0.031143811032308545,0.5398059794541574,0.5409109597524383
1.858,0.03459289464930923,0.5409109597524383,0.5419491233677345
1.86,0.03801918022368268,0.5419491233677345,0.5430538968441361
1.862,0.04141589372700498,0.5430538968441361,0.544205462622526
1.864,0.04477629407261681,0.544205462622526,0.5454066157993548
1.866,0.04809368109422058,0.5454066157993548,0.5470454551868411
1.868,0.051361403477449705,0.5470454551868411,0.5484250195631556
1.87,0.05457286663525555,0.5484250195631556,0.5491020171637221
1.872,0.05772154051802539,0.5491020171637221,0.5501769529940022
1.874,0.06080096734943867,0.5501769529940022,0.5516880324042285
1.8760000000000001,0.06380476927912132,0.5516880324042285,0.5529768051181725
1.8780000000000001,0.06672665594329175,0.5529768051181725,0.5535021113727293
1.8800000000000001,0.06956043192465945,0.5535021113727293,0.5549273773337181
1.8820000000000001,0.07230000410299081,0.5549273773337181,0.5564338108664448
1.8840000000000001,0.0749393888878491,0.5564338108664448,0.5568684282932266
1.8860000000000001,0.07747271932517241,0.5568684282932266,0.5580823441534304
1.8880000000000001,0.0798942520694979,0.5580823441534304,0.5589890949181311
1.8900000000000001,0.08219837421377565,0.5589890949181311,0.5602783841722011
1.8920000000000001,0.08437960996891118,0.5602783841722011,0.5619776508378106
1.8940000000000001,0.08643262718531106,0.5619776508378106,0.562399796839162
1.8960000000000001,0.08835224370893127,0.562399796839162,0.5636934251083084
1.8980000000000001,0.09013343356447201,0.5636934251083084,0.5646873681941945
1.9000000000000001,0.09177133295860011,0.5646873681941945,0.5657688782453152
1.9020000000000001,0.09326124609626715,0.5657688782453152,0.566774845019641
1.9040000000000001,0.09459865080340674,0.566774845019641,0.567660802960735
1.9060000000000001,0.09577920394953558,0.567660802960735,0.5693060711999505
1.9080000000000001,0.09679874666398164,0.5693060711999505,0.5701571140564697
1.9100000000000001,0.09765330933973232,0.5701571140564697,0.5711668700393095
1.9120000000000001,0.0983391164191185,0.5711668700393095,0.5725130869697005
1.9140000000000001,0.09885259095581274,0.5725130869697005,0.573662261950992
1.9160000000000001,0.09919035894787503,0.573662261950992,0.5744724889938069
1.9180000000000001,0.09934925343683405,0.5744724889938069,0.574952077347005
1.92,0.09932631836807769,0.574952077347005,0.5766729154183279
1.922,0.09911881220808824,0.5766729154183279,0.5776103919987241
1.924,0.09872421131434056,0.5776103919987241,0.5788724501840172
1.926,0.09814021305397486,0.5788724501840172,0.5795539694837012
1.928,0.09736473866762545,0.5795539694837012,0.5809603236823847
1.93,0.09639593587510634,0.5809603236823847,0.5819150727403982
1.932,0.09523218121992652,0.5819150727403982,0.582833463758673
1.934,0.09387208214992603,0.582833463758673,0.5835127890866435
1.936,0.0923144788316199,0.5835127890866435,0.5849410857312416
1.938,0.09055844569614381,0.5849410857312416,0.585701695070686
1.94,0.088603292715009,0.585701695070686,0.586914200696958
1.942,0.08644856640417706,0.586914200696958,0.5880000890728762
1.944,0.08409405055528688,0.5880000890728762,0.5892843817929738
1.946,0.08153976669317141,0.5892843817929738,0.5902725150793683
1.948,0.07878597425912857,0.5902725150793683,0.5913053247552401
1.95,0.0758331705197102,0.5913053247552401,0.5921309121326657
1.952,0.07268209020112466,0.5921309121326657,0.5935084303550233
1.954,0.06933370484965548,0.5935084303550233,0.5945281050711057
1.956,0.06578922191881627,0.5945281050711057,0.5958062410087377
1.958,0.06205008358427824,0.5958062410087377,0.5964237816450456
1.96,0.05811796528791538,0.5964237816450456,0.5975422278445802
1.962,0.053994774012631225,0.5975422278445802,0.5983541406677706
1.964,0.04968264628993492,0.5983541406677706,0.5995097617219307
1.966,0.045183945942545115,0.5995097617219307,0.600931537008618
1.968,0.040501261564603874,0.600931537008618,0.6011690639177781
1.97,0.0356374037423868,0.6011690639177781,0.6023431331772754
1.972,0.03059540201869157,0.6023431331772754,0.6037350366679769
1.974,0.025378501604384623,0.6037350366679769,0.6044396760217915
1.976,0.019990159840875044,0.6044396760217915,0.6055327622870552
1.978,0.014434042417575621,0.6055327622870552,0.6064792128582681
1.98,0.008714019348681629,0.6064792128582681,0.6071118756115126
1.982,0.0028341607138938907,0.6071118756115126,0.6084565434433371
1.984,-0.003201267832033783,0.6084565434433371,0.6092762149657134
1.986,-0.009387809775767364,0.6092762149657134,0.6097346720727705
1.988,-0.0157208226824663,0.6097346720727705,0.6107654902644065
1.99,-0.02219548334780269,0.6107654902644065,0.6117114151361507
1.992,-0.028806793158996175,0.6117114151361507,0.6124233695108446
1.994,-0.03554958365871405,0.6124233695108446,0.6128661292605017
1.996,-0.04241852230545187,0.6128661292605017,0.6138483915422003
1.998,-0.049408118423766884,0.6138483915422003,0.6143386544415754
2.0,-0.056512729337546294,0.6143386544415754,0.6159720233815943
2.0020000000000002,-0.06372656667924731,0.6159720233815943,0.6161166333406491
2.004,-0.07104370286786656,0.6161166333406491,0.6165482610199198
2.0060000000000002,-0.07845807774821546,0.6165482610199198,0.6176491461281278
2.008,-0.08596350538382977,0.6176491461281278,0.6180533223968708
2.0100000000000002,-0.09355368099576314,0.6180533223968708,0.6183799958169302
2.012,-0.10122218803923973,0.6183799958169302,0.6191801240941122
2.0140000000000002,-0.10896250541008491,0.6191801240941122,0.6197959468721783
2.016,-0.11676801477258973,0.6197959468721783,0.6199252436897537
2.0180000000000002,-0.12463200800046395,0.6199252436897537,0.6200222183426765
2.02,-0.13254769472225483,0.6200222183426765,0.6207633902486445
2.0220000000000002,-0.14050820996261337,0.6207633902486445,0.6209579722320607
2.024,-0.14850662187058206,0.6209579722320607,0.6210265260952519
2.0260000000000002,-0.15653593952607625,0.6210265260952519,0.6214616198047594
2.028,-0.16458912081551264,0.6214616198047594,0.6214145600695659
2.0300000000000002,-0.1726590803676127,0.6214145600695659,0.622031772172745
2.032,-0.1807386975401912,0.622031772172745,0.6220927660572834
2.0340000000000003,-0.18882082444880674,0.6220927660572834,0.6220985226909499
2.036,-0.19689829402798556,0.6220985226909499,0.6221600712975888
2.0380000000000003,-0.2049639281158183,0.6221600712975888,0.6218619458895251
2.04,-0.21301054555257667,0.6218619458895251,0.621976778647841
2.0420000000000003,-0.22103097028408616,0.621976778647841,0.6219161770721143
2.044,-0.22901803946049945,0.6219161770721143,0.621673980429987
2.0460000000000003,-0.23696461152121448,0.621673980429987,0.6213895879975097
2.048,-0.24486357425656666,0.6213895879975097,0.6214721596199188
2.05,-0.25270785283711455,0.6214721596199188,0.6213261929841848
2.052,-0.26049041780121823,0.6213261929841848,0.6210287491100244
2.054,-0.26820429299176346,0.6210287491100244,0.6207144937181311
2.056,-0.2758425634329076,0.6207144937181311,0.6202601792501037
2.058,-0.28339838313776633,0.6202601792501037,0.6199850756613852
2.06,-0.29086498283811574,0.6199850756613852,0.619475792088116
2.062,-0.2982356776271516,0.619475792088116,0.6191177953486767
2.064,-0.3055038745065981,0.6191177953486767,0.6184556205494537
2.066,-0.31266307982943026,0.6184556205494537,0.6175455716077439
2.068,-0.3197069066296865,0.6175455716077439,0.6174249379717311
2.07,-0.32662908183092754,0.6174249379717311,0.6165298742470577
2.072,-0.3334234533250777,0.6165298742470577,0.6156403435559049
2.074,-0.3400839969134789,0.6156403435559049,0.6149218871192215
2.076,-0.3466048231022132,0.6149218871192215,0.6140296689054502
2.078,-0.35298018374384743,0.6140296689054502,0.6133235664205109
2.08,-0.3592044785180113,0.6133235664205109,0.6124302345069293
2.082,-0.36527226124329815,0.6124302345069293,0.6114975729611843
2.084,-0.37117824601329763,0.6114975729611843,0.6102267823969135
2.086,-0.3769173131496607,0.6102267823969135,0.6091357259188176
2.088,-0.38248451496537694,0.6091357259188176,0.6086297401136391
2.09,-0.38787508133163145,0.6086297401136391,0.606852794007304
2.092,-0.39308442504185315,0.606852794007304,0.6055414961852029
2.094,-0.398108146966776,0.6055414961852029,0.603843983366207
2.096,-0.40294204099460285,0.603843983366207,0.6025340770397082
2.098,-0.40758209875057727,0.6025340770397082,0.6016028976154736
2.1,-0.4120245140905723,0.6016028976154736,0.5997948308938014
2.102,-0.41626568736348374,0.5997948308938014,0.5980744678650584
2.104,-0.420302229437586,0.5980744678650584,0.5964709668131022
2.106,-0.4241309654861794,0.5964709668131022,0.5948529419510753
2.108,-0.4277489385282085,0.5948529419510753,0.5933055797799981
2.11,-0.43115341271976904,0.5933055797799981,0.5913632210223538
2.112,-0.4343418763927359,0.5913632210223538,0.5896069309595297
2.114,-0.4373120448370105,0.5896069309595297,0.587525266861049
2.116,-0.4400618628232037,0.587525266861049,0.5854711179281893
2.118,-0.4425895068628485,0.5854711179281893,0.5837618181194594
2.12,-0.44489338720356586,0.5837618181194594,0.5812332861139381
2.122,-0.44697214955686926,0.5812332861139381,0.5789666101938947
2.124,-0.4488246765566569,0.5789666101938947,0.5766844900825078
2.126,-0.4504500889466931,0.5766844900825078,0.574475660970588
2.128,-0.45184774649574155,0.574475660970588,0.5722104465993901
2.13,-0.45301724863928816,0.5722104465993901,0.5698789158896089
2.132,-0.4539584348471331,0.5698789158896089,0.5674755451537482
2.134,-0.4546713847164305,0.5674755451537482,0.5648793479072742
2.136,-0.45515641779007776,0.5648793479072742,0.5621099359719125
2.138,-0.4554140931006705,0.5621099359719125,0.5594008310948738
2.14,-0.4554452084405539,0.5594008310948738,0.5568547056458899
2.142,-0.45525079935881774,0.5568547056458899,0.5539478502162731
2.144,-0.45483213788639876,0.5539478502162731,0.5512119522735364
2.146,-0.4541907309907577,0.5512119522735364,0.5482723834626793
2.148,-0.4533283187619257,0.5482723834626793,0.5452574575336774
2.15,-0.4522468723320048,0.5452574575336774,0.5422760202421831
2.152,-0.4509485915305289,0.5422760202421831,0.5392271692606048
2.154,-0.44943590227838875,0.5392271692606048,0.5363568667042043
2.156,-0.4477114537233249,0.5363568667042043,0.5330678702389067
2.158,-0.44577811512029686,0.5330678702389067,0.5296310008285338
2.16,-0.4436389724603116,0.5296310008285338,0.5266070316016093
2.162,-0.44129732485161965,0.5266070316016093,0.5228180755375081
2.164,-0.4387566806574231,0.5228180755375081,0.5199420092117049
2.166,-0.4360207533945697,0.5199420092117049,0.5166988371648406
2.168,-0.4330934573979378,0.5166988371648406,0.5131676959101319
2.17,-0.4299789032555321,0.5131676959101319,0.5100609242394197
2.172,-0.42668139301952235,0.5100609242394197,0.5065948244607009
2.174,-0.4232054151987622,0.5065948244607009,0.5026988414393434
2.176,-0.419555639538547,0.5026988414393434,0.4991996465836731
2.178,-0.4157369115936312,0.4991996465836731,0.49528963380866475
2.18,-0.4117542471007363,0.49528963380866475,0.49192809305368934
2.182,-0.40761282615706884,0.49192809305368934,0.48786388481394144
2.184,-0.403317987211506,0.48786388481394144,0.4845662622521394
2.186,-0.3988752208754127,0.4845662622521394,0.4804187751730353
2.188,-0.3942901635601787,0.4804187751730353,0.47689317545627696
2.19,-0.3895685909488452,0.47689317545627696,0.47270619287570687
2.192,-0.38471641130929357,0.47270619287570687,0.46902303450379945
2.194,-0.3797396586567313,0.46902303450379945,0.4653542298298388
2.196,-0.3746444857733314,0.4653542298298388,0.4610475326343016
2.198,-0.3694371570930723,0.4610475326343016,0.45672080439881396
2.2,-0.3641240414599489,0.45672080439881396,0.45348032774395736
2.202,-0.3587116047679383,0.45348032774395736,0.4490745725029176
2.204,-0.35320640249113483,0.4490745725029176,0.44483994364892676
2.206,-0.34761507211271336,0.44483994364892676,0.4406080520947932
2.208,-0.3419443254613829,0.4406080520947932,0.4368366600907736
2.21,-0.3362009409642125,0.4368366600907736,0.4329117980291346
2.212,-0.33039175582468777,0.4329117980291346,0.42829263255560823
2.214,-0.3245236581350514,0.42829263255560823,0.4241442282088643
2.216,-0.31860357893198166,0.4241442282088643,0.42026216442367365
2.218,-0.312638484204771,0.42026216442367365,0.4160727253397676
2.22,-0.30663536686517673,0.4160727253397676,0.4120673914932693
2.222,-0.30060123868824007,0.4120673914932693,0.40752746576473214
2.224,-0.294543122233285,0.40752746576473214,0.4039275677842701
2.226,-0.2884680427544603,0.4039275677842701,0.3990290313707875
2.228,-0.28238302011007876,0.3990290313707875,0.3949878584035068
2.23,-0.27629506068012943,0.3949878584035068,0.3911488739484643
2.232,-0.27021114930120105,0.3911488739484643,0.38656019124822094
2.234,-0.26413824122815244,0.38656019124822094,0.3821743966475878
2.236,-0.2580832541317533,0.3821743966475878,0.3783279279808408
2.238,-0.25205306014152495,0.3783279279808408,0.37404458080992375
2.24,-0.2460544779429092,0.37404458080992375,0.36987598947554445
2.242,-0.24009426493791458,0.36987598947554445,0.3654068709924261
2.244,-0.23417910947819914,0.3654068709924261,0.3614972842320674
2.246,-0.22831562317958745,0.3614972842320674,0.35712810788805616
2.248,-0.22251033332681522,0.35712810788805616,0.35296547000756867
2.25,-0.21676967537729944,0.35296547000756867,0.34818531809608266
2.2520000000000002,-0.21109998557250226,0.34818531809608266,0.34438974995510796
2.254,-0.20550749366543922,0.34438974995510796,0.3401333657217375
2.2560000000000002,-0.19999831577267438,0.3401333657217375,0.33644813575973687
2.258,-0.19457844735904645,0.33644813575973687,0.3322688218935721
2.2600000000000002,-0.1892537563631705,0.3322688218935721,0.32786991960023987
2.262,-0.1840299764716748,0.32786991960023987,0.3237049570969312
2.2640000000000002,-0.17891270054985303,0.3237049570969312,0.3194929405629786
2.266,-0.17390737423634697,0.3194929405629786,0.3155388065716506
2.2680000000000002,-0.16901928970918156,0.3155388065716506,0.31138684939148265
2.27,-0.16425357963037387,0.31138684939148265,0.30741368969866206
2.2720000000000002,-0.15961521127603495,0.30741368969866206,0.3030400059414627
2.274,-0.1551089808587566,0.3030400059414627,0.2993781635298825
2.2760000000000002,-0.15073950804879352,0.2993781635298825,0.2952381117800218
2.278,-0.1465112307003579,0.2952381117800218,0.2911055172880081
2.2800000000000002,-0.14242839978907226,0.2911055172880081,0.28709737732166246
2.282,-0.13849507456644025,0.28709737732166246,0.2833044106316377
2.2840000000000003,-0.1347151179368659,0.2833044106316377,0.27929791823689587
2.286,-0.13109219206257922,0.27929791823689587,0.27539170478810504
2.2880000000000003,-0.12762975420148723,0.27539170478810504,0.27174381075402043
2.29,-0.12433105278277451,0.27174381075402043,0.26783654612717506
2.2920000000000003,-0.12119912372472891,0.26783654612717506,0.26403792255503045
2.294,-0.1182367869990551,0.26403792255503045,0.26012206903411367
2.2960000000000003,-0.11544664344561101,0.26012206903411367,0.25630720940084223
2.298,-0.11283107184123639,0.25630720940084223,0.25278326206889756
2.3000000000000003,-0.11039222622603256,0.25278326206889756,0.24884079795311712
2.302,-0.1081320334901848,0.24884079795311712,0.24541894300855158
2.3040000000000003,-0.10605219122407483,0.24541894300855158,0.2419372196007628
2.306,-0.10415416583417814,0.2419372196007628,0.23768141942983131
2.308,-0.10243919092688714,0.23768141942983131,0.2344776919512186
2.31,-0.10090826596213373,0.2344776919512186,0.2310053304362868
2.312,-0.09956215517834402,0.2310053304362868,0.22683430498243495
2.314,-0.09840138678995564,0.22683430498243495,0.22343374704647215
2.316,-0.09742625245842806,0.22343374704647215,0.2200870721376034
2.318,-0.09663680703733138,0.2200870721376034,0.21689893714482988
2.32,-0.0960328685918172,0.21689893714482988,0.21313309369360406
2.322,-0.09561401869242864,0.21313309369360406,0.20985526000413898
2.324,-0.09537960298291598,0.20985526000413898,0.20630851122187566
2.326,-0.0953287320213913,0.20630851122187566,0.20276524826589615
2.328,-0.0954602823938483,0.20276524826589615,0.19930067055775344
2.33,-0.09577289809875994,0.19930067055775344,0.19622740640010422
2.332,-0.09626499220115048,0.19622740640010422,0.19308415697933842
2.334,-0.09693474875423594,0.19308415697933842,0.18939910426496398
2.336,-0.09778012498640593,0.18939910426496398,0.18646543541076843
2.338,-0.09879885375102831,0.18646543541076843,0.18296213859889557
2.34,-0.09998844623624892,0.18296213859889557,0.17993454794322886
2.342,-0.10134619493165295,0.17993454794322886,0.17675694265380046
2.344,-0.10286917684837246,0.17675694265380046,0.17371296841279527
2.346,-0.10455425698892507,0.17371296841279527,0.17051613349611208
2.348,-0.10639809206277484,0.17051613349611208,0.16748485715536282
2.35,-0.10839713444333807,0.16748485715536282,0.16427471297536259
2.352,-0.11054763636186232,0.16427471297536259,0.16149541509531976
2.354,-0.11284565433335836,0.16149541509531976,0.15806134498969918
2.356,-0.11528705380945664,0.15806134498969918,0.15520882936256944
2.358,-0.11786751405284934,0.15520882936256944,0.15219242855209367
2.36,-0.12058253322768422,0.15219242855209367,0.14908375557665962
2.362,-0.1234274337000405,0.14908375557665962,0.1461045677598678
2.364,-0.12639736754238423,0.1461045677598678,0.1430299775504277
2.366,-0.1294873222356544,0.1430299775504277,0.1401736715111088
2.368,-0.13269212656240437,0.1401736715111088,0.13756334022262753
2.37,-0.13600645668420885,0.13756334022262753,0.13482173662081914
2.372,-0.13942484239632427,0.13482173662081914,0.13125652476198238
2.374,-0.1429416735524153,0.13125652476198238,0.12838061865408004
2.376,-0.14655120665189986,0.12838061865408004,0.12562374457045797
2.378,-0.1502475715823711,0.12562374457045797,0.12287396612810796
2.38,-0.1540247785092817,0.12287396612810796,0.12001259696819161
2.382,-0.15787672490498378,0.12001259696819161,0.11730668676102561
2.384,-0.16179720270898768,0.11730668676102561,0.11441959879123748
2.386,-0.16577990561122466,0.11441959879123748,0.11186576557307172
2.388,-0.16981843644989306,0.11186576557307172,0.10868416893369248
2.39,-0.1739063147153679,0.10868416893369248,0.10560729683402353
2.392,-0.1780369841515273,0.10560729683402353,0.1032738649184604
2.394,-0.18220382044574923,0.1032738649184604,0.10008840111324617
2.396,-0.18640013899867278,0.10008840111324617,0.09723329145038528
2.398,-0.19061920276482955,0.09723329145038528,0.0947313014322623
2.4,-0.19485423015505018,0.0947313014322623,0.09196724422968995
2.402,-0.19909840299159015,0.09196724422968995,0.08870559635532567
2.404,-0.2033448745067545,0.08870559635532567,0.08605281376872183
2.406,-0.20758677737585163,0.08605281376872183,0.08314178257211358
2.408,-0.21181723177518683,0.08314178257211358,0.08055035369930405
2.41,-0.2160293534558145,0.08055035369930405,0.0776017505499096
2.412,-0.22021626182374746,0.0776017505499096,0.07470646155635821
2.414,-0.224371088017323,0.07470646155635821,0.07211263306221868
2.416,-0.2284869829723728,0.07211263306221868,0.06928101221627073
2.418,-0.23255712546596255,0.06928101221627073,0.06658061933036566
2.42,-0.2365747301293691,0.06658061933036566,0.06356432495498823
2.422,-0.24053305542111564,0.06356432495498823,0.06049330660541323
2.424,-0.24442541155081338,0.06049330660541323,0.058051948345372695
2.426,-0.24824516834473867,0.058051948345372695,0.055001603162089595
2.428,-0.25198576304403525,0.055001603162089595,0.05177919289489305
2.43,-0.2556407080265648,0.05177919289489305,0.049083817480286944
2.432,-0.2592035984435105,0.049083817480286944,0.0460434150288068
2.434,-0.26266811976193105,0.0460434150288068,0.043515037803099996
2.436,-0.2660280552045468,0.043515037803099996,0.04039784314236533
2.438,-0.26927729307822224,0.04039784314236533,0.03729264945701917
2.44,-0.2724098339826486,0.03729264945701917,0.034762667885346966
2.442,-0.2754197978909647,0.034762667885346966,0.03175038920839594
2.444,-0.278301431094097,0.03175038920839594,0.028724399048059908
2.446,-0.28104911300086655,0.028724399048059908,0.02511276123211351
2.448,-0.2836573627859862,0.02511276123211351,0.022630850694176734
2.45,-0.28612084587828746,0.022630850694176734,0.019157297801458213
2.452,-0.28843438028170654,0.019157297801458213,0.016608317162095224
2.454,-0.29059294272173325,0.016608317162095224,0.0132241211082523
2.456,-0.2925916746102234,0.0132241211082523,0.01010763976478513
2.458,-0.2944258878217144,0.01010763976478513,0.006983844646246676
2.46,-0.2960910702745623,0.006983844646246676,0.0036593338597502496
2.462,-0.29758289131048077,0.0036593338597502496,0.00091765955342699
2.464,-0.29889720686624677,0.00091765955342699,-0.0022205664541413645
2.466,-0.30003006443164126,-0.0022205664541413645,-0.005636109435237945
2.468,-0.30097770778787414,-0.005636109435237945,-0.008574963142043611
2.47,-0.30173658152103755,-0.008574963142043611,-0.012321898930209936
2.472,-0.30230333530537795,-0.012321898930209936,-0.01512559380625162
2.474,-0.30267482795143796,-0.01512559380625162,-0.01828330713724369
2.476,-0.3028481312143936,-0.01828330713724369,-0.02181548985294631
2.478,-0.3028205333581898,-0.02181548985294631,-0.02508509684958269
2.48,-0.3025895424713595,-0.02508509684958269,-0.028144711572947154
2.482,-0.30215288953068725,-0.028144711572947154,-0.031537150503023706
2.484,-0.3015085312091804,-0.031537150503023706,-0.034789861957155575
2.486,-0.30065465242510325,-0.034789861957155575,-0.038348094621486944
2.488,-0.29958966862911734,-0.038348094621486944,-0.04176505160611364
2.49,-0.29831222782688627,-0.04176505160611364,-0.04497311762327074
2.492,-0.2968212123347977,-0.04497311762327074,-0.04861098664130049
2.494,-0.29511574026676834,-0.04861098664130049,-0.051810722662002394
2.496,-0.293195166750407,-0.051810722662002394,-0.055349819287672825
2.498,-0.2910590848711093,-0.055349819287672825,-0.058794275602858874
2.5,-0.2887073263430024,-0.058794275602858874,-0.06270295665506397
2.5020000000000002,-0.2861399619059249,-0.06270295665506397,-0.06566980922787684
2.504,-0.28335730144799665,-0.06566980922787684,-0.06946773131618736
2.5060000000000002,-0.2803598938535997,-0.06946773131618736,-0.07275725320332405
2.508,-0.27714852657694267,-0.07275725320332405,-0.07626536674041083
2.5100000000000002,-0.2737242249416771,-0.07626536674041083,-0.07991704930793639
2.512,-0.270088251167361,-0.07991704930793639,-0.08350026654545573
2.5140000000000002,-0.2662421031238643,-0.08350026654545573,-0.08732947361744556
2.516,-0.26218751281515495,-0.08732947361744556,-0.09053078779901452
2.5180000000000002,-0.2579264445941612,-0.09053078779901452,-0.09396131779288835
2.52,-0.2534610931107909,-0.09396131779288835,-0.09785500045241292
2.5220000000000002,-0.2487938809954069,-0.09785500045241292,-0.10103138986638562
2.524,-0.2439274562804593,-0.10103138986638562,-0.10479357859086925
2.5260000000000002,-0.23886468956317508,-0.10479357859086925,-0.10858107007526963
2.528,-0.23360867091259835,-0.10858107007526963,-0.11199475250786181
2.5300000000000002,-0.2281627065244961,-0.11199475250786181,-0.1154394745726191
2.532,-0.22253031512798063,-0.1154394745726191,-0.11942271541622353
2.5340000000000003,-0.2167152241479517,-0.11942271541622353,-0.12296143795178381
2.536,-0.21072136562778512,-0.12296143795178381,-0.12651590309605656
2.5380000000000003,-0.20455287191690952,-0.12651590309605656,-0.12998288058101826
2.54,-0.1982140711282607,-0.12998288058101826,-0.13356763483494044
2.5420000000000003,-0.19170948237077393,-0.13356763483494044,-0.13711546868468347
2.544,-0.18504381076245055,-0.13711546868468347,-0.1405034817703449
2.5460000000000003,-0.17822194222965015,-0.1405034817703449,-0.1442057824695762
2.548,-0.1712489380986445,-0.1442057824695762,-0.14789894979886553
2.5500000000000003,-0.16413002948558975,-0.14789894979886553,-0.1515454112003511
2.552,-0.15687061149140072,-0.1515454112003511,-0.15503108949321207
2.5540000000000003,-0.14947623720814815,-0.15503108949321207,-0.15885785270989997
2.556,-0.14195261154391314,-0.15885785270989997,-0.16208841652524072
2.5580000000000003,-0.13430558487313587,-0.16208841652524072,-0.1654308259880613
2.56,-0.12654114651979997,-0.1654308259880613,-0.16900507862961686
2.562,-0.11866541808088986,-0.16900507862961686,-0.17264174173436694
2.564,-0.11068464659784012,-0.17264174173436694,-0.1760691253088492
2.566,-0.10260519758377976,-0.1760691253088492,-0.17941310631002796
2.568,-0.09443354791458564,-0.17941310631002796,-0.1827102914727128
2.57,-0.08617627859194804,-0.1827102914727128,-0.1862204592764368
2.572,-0.07784006738670221,-0.1862204592764368,-0.18960747856053892
2.574,-0.06943168137093612,-0.18960747856053892,-0.19252382174621163
2.576,-0.06095796934740445,-0.19252382174621163,-0.19619112362118354
2.578,-0.05242585418499217,-0.19619112362118354,-0.1992247100920737
2.58,-0.04384232506898079,-0.1992247100920737,-0.20223938464914204
2.582,-0.035214429675075556,-0.20223938464914204,-0.20555767215530715
2.584,-0.02654926627614304,-0.20555767215530715,-0.2091212513924061
2.586,-0.017853975790755906,-0.2091212513924061,-0.21190318252165624
2.588,-0.009135733782647808,-0.21190318252165624,-0.21516324644115992
2.59,-0.0004017424203232216,-0.21516324644115992,-0.21801155207385267
2.592,0.008340777594004355,-0.21801155207385267,-0.2210369298543802
2.594,0.017084595116810774,-0.2210369298543802,-0.2241269257012013
2.596,0.025822476667757957,-0.2241269257012013,-0.22661340487432413
2.598,0.03454719453690401,-0.22661340487432413,-0.23003505484082307
2.6,0.0432515348853991,-0.23003505484082307,-0.23231045860478228
2.602,0.051928305830276855,-0.23231045860478228,-0.23496199007713506
2.604,0.060570345504114206,-0.23496199007713506,-0.23795659454491544
2.606,0.0691705300802514,-0.23795659454491544,-0.24087700270871776
2.608,0.07772178175440245,-0.24087700270871776,-0.24340747657342818
2.61,0.0862170766734226,-0.24340747657342818,-0.24598656952977443
2.612,0.09464945280219034,-0.24598656952977443,-0.24886804230717985
2.614,0.10301201771950474,-0.24886804230717985,-0.25097194352105806
2.616,0.11129795633409924,-0.25097194352105806,-0.25355350884621974
2.618,0.11950053851183667,-0.25355350884621974,-0.2557891191281866
2.62,0.12761312660540708,-0.2557891191281866,-0.2579429336541193
2.622,0.1356291828777979,-0.2579429336541193,-0.26055331961657313
2.624,0.14354227681106946,-0.26055331961657313,-0.26242587404877477
2.626,0.15134609229198961,-0.26242587404877477,-0.26431783589934954
2.628,0.15903443466633138,-0.26431783589934954,-0.2663875257174481
2.63,0.1666012376536557,-0.2663875257174481,-0.2688659506236299
2.632,0.17404057011471374,-0.2688659506236299,-0.2704978046232653
2.634,0.1813466426636329,-0.2704978046232653,-0.27233692549804694
2.636,0.18851381411734108,-0.27233692549804694,-0.2739474230760246
2.638,0.19553659777477306,-0.2739474230760246,-0.27586057805485975
2.64,0.2024096675187012,-0.27586057805485975,-0.2772190150769213
2.642,0.20912786373313275,-0.2772190150769213,-0.27911379226067545
2.644,0.21568619902952124,-0.27911379226067545,-0.28082662196285957
2.646,0.2220798637751769,-0.28082662196285957,-0.28208799741484236
2.648,0.22830423141757927,-0.28208799741484236,-0.28331487894359836
2.65,0.23435486359841334,-0.28331487894359836,-0.28478584044197697
2.652,0.24022751505153306,-0.28478584044197697,-0.28599082142073795
2.654,0.24591813827916326,-0.28599082142073795,-0.28698658034094093
2.656,0.25142288800102747,-0.28698658034094093,-0.28856195328009215
2.658,0.2567381253712523,-0.28856195328009215,-0.2890278964309396
2.66,0.2618604219582484,-0.2890278964309396,-0.29039947339489475
2.662,0.2667865634829749,-0.29039947339489475,-0.2912437670510757
2.664,0.2715135533113182,-0.2912437670510757,-0.291881511922934
2.666,0.27603861569656374,-0.291881511922934,-0.29277743857471344
2.668,0.2803591987682736,-0.29277743857471344,-0.29320965268088994
2.67,0.28447297726410226,-0.29320965268088994,-0.2942928784273894
2.672,0.2883778550014713,-0.2942928784273894,-0.2949252850630589
2.674,0.2920719670862282,-0.2949252850630589,-0.29485927267208106
2.676,0.29555368185579795,-0.29485927267208106,-0.2950858558846777
2.678,0.29882160255458257,-0.2950858558846777,-0.29551132876538944
2.68,0.30187456873971086,-0.29551132876538944,-0.29562659575003764
2.682,0.3047116574155269,-0.29562659575003764,-0.2958288192488283
2.684,0.30733218389553346,-0.2958288192488283,-0.29591134096253213
2.686,0.3097357023908029,-0.29591134096253213,-0.29597269921042624
2.688,0.3119220063242141,-0.29597269921042624,-0.29591939052597627
2.69,0.31389112837014066,-0.29591939052597627,-0.29558659406692456
2.692,0.3156433402195909,-0.29558659406692456,-0.29526987286633516
2.694,0.31717915207105596,-0.29526987286633516,-0.29544210706527524
2.696,0.31849931184769287,-0.29544210706527524,-0.2948993782111078
2.698,0.31960480414173925,-0.2948993782111078,-0.2942921031057662
2.7,0.32049684888740126,-0.2942921031057662,-0.29439405685284853
2.702,0.3211768997637531,-0.29439405685284853,-0.2937694674601771
2.704,0.32164664232950174,-0.2937694674601771,-0.29317224407411197
2.706,0.3219079918917808,-0.29317224407411197,-0.2925585368561012
2.708,0.32196309111143684,-0.2925585368561012,-0.2921779818690892
2.71,0.32181430734758426,-0.2921779818690892,-0.2914027088453846
2.712,0.32146422974449973,-0.2914027088453846,-0.29040628710294175
2.714,0.3209156660642183,-0.29040628710294175,-0.29016256854808475
2.716,0.3201716392684978,-0.29016256854808475,-0.28931976385689984
2.718,0.31923538385409994,-0.28931976385689984,-0.28851209145005463
2.72,0.31811034194561655,-0.28851209145005463,-0.28730260855129064
2.722,0.3168001591503545,-0.28730260855129064,-0.2863073112951103
2.724,0.3153086801800675,-0.2863073112951103,-0.2853808322712848
2.726,0.3136399442445895,-0.2853808322712848,-0.2842808345340777
2.728,0.3117981802226708,-0.2842808345340777,-0.28294439690192696
2.73,0.3097878016156212,-0.28294439690192696,-0.28196538442537084
2.732,0.3076134012895446,-0.28196538442537084,-0.28105887103348887
2.734,0.30527974601226243,-0.28105887103348887,-0.27956534861670035
2.736,0.30279177079120506,-0.27956534861670035,-0.2788919050013175
2.738,0.3001545730188243,-0.2788919050013175,-0.2771013877907473
2.74,0.29737340643225746,-0.2771013877907473,-0.27558822248057163
2.742,0.2944536748942231,-0.27558822248057163,-0.27430670717098216
2.744,0.29140092600231676,-0.27430670717098216,-0.272845264839426
2.746,0.2882208445340818,-0.272845264839426,-0.2712640723058671
2.748,0.28491924573539024,-0.2712640723058671,-0.27004587916255834
2.75,0.28150206845991754,-0.27004587916255834,-0.2682234703459894
2.7520000000000002,0.27797536816756524,-0.2682234703459894,-0.26706137297241445
2.754,0.27434530978995636,-0.26706137297241445,-0.2650055781427352
2.7560000000000002,0.2706181604711811,-0.2650055781427352,-0.2633603711350777
2.758,0.26680028219220886,-0.2633603711350777,-0.2616661115373059
2.7600000000000002,0.26289812428742615,-0.2616661115373059,-0.2603167809600991
2.762,0.25891821586195146,-0.2603167809600991,-0.258612022256252
2.7640000000000002,0.2548671581184664,-0.258612022256252,-0.2565565987557483
2.766,0.2507516166024008,-0.2565565987557483,-0.2547589326736062
2.7680000000000002,0.24657831337439926,-0.2547589326736062,-0.25310928905061353
2.77,0.2423540191191335,-0.25310928905061353,-0.25135714670646236
2.7720000000000002,0.23808554519949454,-0.25135714670646236,-0.24982299718022835
2.774,0.23377973566538227,-0.24982299718022835,-0.24762794658189502
2.7760000000000002,0.22944345922625012,-0.24762794658189502,-0.24544302072001728
2.778,0.22508360119670853,-0.24544302072001728,-0.2439825221201075
2.7800000000000002,0.22070705542442146,-0.2439825221201075,-0.2419882851764881
2.782,0.21632071620962964,-0.2419882851764881,-0.23975439237569088
2.7840000000000003,0.21193147022560685,-0.23975439237569088,-0.2379478652036439
2.786,0.2075461884493553,-0.2379478652036439,-0.23592512776795224
2.7880000000000003,0.20317171811183282,-0.23592512776795224,-0.2342344924959432
2.79,0.19881487467702066,-0.2342344924959432,-0.23181346188193389
2.7920000000000003,0.19448243385902514,-0.23181346188193389,-0.22983530426940776
2.794,0.19018112368646606,-0.22983530426940776,-0.227695123264603
2.7960000000000003,0.18591761662324435,-0.227695123264603,-0.22618427055164522
2.798,0.18169852175482748,-0.22618427055164522,-0.22386055508682076
2.8000000000000003,0.17753037704899666,-0.22386055508682076,-0.221785591317188
2.802,0.17341964170001836,-0.221785591317188,-0.21993998678313736
2.8040000000000003,0.16937268856504675,-0.21993998678313736,-0.21789006343012912
2.806,0.16539579670147253,-0.21789006343012912,-0.21571751164988875
2.8080000000000003,0.1614951440138171,-0.21571751164988875,-0.21336250564858988
2.81,0.15767680001865142,-0.21336250564858988,-0.21150462085046365
2.8120000000000003,0.15394671873587618,-0.21150462085046365,-0.20936935400222842
2.814,0.15031073171455395,-0.20936935400222842,-0.2076236334865164
2.816,0.14677454120131822,-0.2076236334865164,-0.2051827945025161
2.818,0.14334371345926494,-0.2051827945025161,-0.20313981962112343
2.82,0.14002367224499096,-0.20313981962112343,-0.20131399654089271
2.822,0.13681969245130876,-0.20131399654089271,-0.19925250919899354
2.824,0.1337368939229835,-0.19925250919899354,-0.19699237668332498
2.826,0.13078023545258113,-0.19699237668332498,-0.19493161196229722
2.828,0.12795450896338886,-0.19493161196229722,-0.19296478563435163
2.83,0.12526433388607253,-0.19296478563435163,-0.19073597352076546
2.832,0.12271415173559436,-0.19073597352076546,-0.1889820853968117
2.834,0.12030822089460017,-0.1889820853968117,-0.18657214491274604
2.836,0.11805061160931626,-0.18657214491274604,-0.18455790573367042
2.838,0.1159452012037181,-0.18455790573367042,-0.18265647605541308
2.84,0.11399566951748111,-0.18265647605541308,-0.18089876778502464
2.842,0.11220549457297427,-0.18089876778502464,-0.17824385660319225
2.844,0.1105779484763039,-0.17824385660319225,-0.17702206593586553
2.846,0.10911609355710997,-0.17702206593586553,-0.17434922041501044
2.848,0.10782277875159194,-0.17434922041501044,-0.17271452150646463
2.85,0.10670063623290865,-0.17271452150646463,-0.17037244124538634
2.852,0.10575207829286487,-0.17037244124538634,-0.16853497083620236
2.854,0.10497929447845558,-0.16853497083620236,-0.16664782527195746
2.856,0.10438424898658613,-0.16664782527195746,-0.1647790790382142
2.858,0.10396867831997225,-0.1647790790382142,-0.1624485229588031
2.86,0.10373408920691762,-0.1624485229588031,-0.1607856415351754
2.862,0.10368175678737634,-0.1607856415351754,-0.15879741794251492
2.864,0.10381272306739259,-0.15879741794251492,-0.157038383393196
2.866,0.10412779564370145,-0.157038383393196,-0.15455569290077004
2.868,0.10462754669996588,-0.15455569290077004,-0.15272219592345823
2.87,0.10531231227581017,-0.15272219592345823,-0.15101942901197857
2.872,0.10618219180949909,-0.15101942901197857,-0.14889847731917577
2.874,0.10723704795479119,-0.14889847731917577,-0.14733296167266216
2.876,0.10847650667218509,-0.14733296167266216,-0.1454711081588475
2.878,0.10989995759445872,-0.1454711081588475,-0.14338204302496269
2.88,0.11150655466608167,-0.14338204302496269,-0.14165382124402187
2.882,0.11329521705577941,-0.14165382124402187,-0.13955766878551068
2.884,0.11526463034118808,-0.13955766878551068,-0.13800245672572425
2.886,0.11741324796426025,-0.13800245672572425,-0.13595397621832453
2.888,0.11973929295572966,-0.13595397621832453,-0.13448656101955905
2.89,0.12224075992667699,-0.13448656101955905,-0.13242776660129446
2.892,0.12491541732488345,-0.13242776660129446,-0.1302421411529034
2.894,0.12776080995340347,-0.1302421411529034,-0.1288454120067293
2.896,0.13077426174844267,-0.1288454120067293,-0.1270700061440008
2.898,0.13395287881335802,-0.1270700061440008,-0.12514675771427589
2.9,0.137293552705283,-0.12514675771427589,-0.1231816422838917
2.902,0.14079296397061347,-0.1231816422838917,-0.12126423692960703
2.904,0.1444475859252607,-0.12126423692960703,-0.11979977192493363
2.906,0.14825368867535793,-0.11979977192493363,-0.11797888416888087
2.908,0.15220734337376074,-0.11797888416888087,-0.11585429336710994
2.91,0.1563044267074785,-0.11585429336710994,-0.1139911397537527
2.912,0.16054062561083643,-0.1139911397537527,-0.11231621500824678
2.914,0.1649114421989849,-0.11231621500824678,-0.1102473635090152
2.916,0.1694121989160492,-0.1102473635090152,-0.10878172366517753
2.918,0.17403804389201152,-0.10878172366517753,-0.10682823168933253
2.92,0.17878395650215212,-0.10682823168933253,-0.10491053749372131
2.922,0.18364475312267137,-0.10491053749372131,-0.10310703823535206
2.924,0.1886150930758316,-0.10310703823535206,-0.1013093035285535
2.926,0.1936894847578258,-0.1013093035285535,-0.09941224415911895
2.928,0.19886229194227353,-0.09941224415911895,-0.09763103655020251
2.93,0.20412774025213531,-0.09763103655020251,-0.0951766109131234
2.932,0.20947992379254574,-0.0951766109131234,-0.09338178036695352
2.934,0.2149128119369858,-0.09338178036695352,-0.09157280965601522
2.936,0.2204202562589409,-0.09157280965601522,-0.08984297433047857
2.938,0.22599599760108985,-0.08984297433047857,-0.08790199224295492
2.94,0.2316336732738744,-0.08790199224295492,-0.0860517021207057
2.942,0.23732682437518782,-0.0860517021207057,-0.08398355908226128
2.944,0.24306890322271296,-0.08398355908226128,-0.08182459768456384
2.946,0.24885328089041017,-0.08182459768456384,-0.0796638801313894
2.948,0.25467325484042797,-0.0796638801313894,-0.07799861515695598
2.95,0.26052205664170003,-0.07799861515695598,-0.07597758198351229
2.952,0.26639285976628824,-0.07597758198351229,-0.07392643022503743
2.954,0.27227878745455714,-0.07392643022503743,-0.07138721782005887
2.956,0.27817292064007804,-0.07138721782005887,-0.06944092243438993
2.958,0.2840683059251652,-0.06944092243438993,-0.06726239656574001
2.96,0.2899579635978481,-0.06726239656574001,-0.06540130070866641
2.962,0.29583489568107774,-0.06540130070866641,-0.06276249587049487
2.964,0.3016920940048497,-0.06276249587049487,-0.06062925723058592
2.966,0.30752254829201453,-0.06062925723058592,-0.05877807890168127
2.968,0.31331925424840734,-0.05877807890168127,-0.05610514303387666
2.97,0.3190752216480366,-0.05610514303387666,-0.05364767795380414
2.972,0.3247834824039645,-0.05364767795380414,-0.05149583179084334
2.974,0.3304370986156496,-0.05149583179084334,-0.04911056956111639
2.976,0.3360291705834371,-0.04911056956111639,-0.04684908132619124
2.978,0.3415528447809947,-0.04684908132619124,-0.04432408889320395
2.98,0.3470013217765019,-0.04432408889320395,-0.041745309505454506
2.982,0.35236786409349574,-0.041745309505454506,-0.03925618129204273
2.984,0.35764580400227614,-0.03925618129204273,-0.036678256645897446
2.986,0.36282855123295815,-0.036678256645897446,-0.03430730185176557
2.988,0.367909600601234,-0.03430730185176557,-0.031743851189179724
2.99,0.37288253953811556,-0.031743851189179724,-0.02903798607919771
2.992,0.3777410555149302,-0.02903798607919771,-0.025993273203471796
2.994,0.3824789433550796,-0.025993273203471796,-0.023269711487629068
2.996,0.38709011242409463,-0.023269711487629068,-0.021028540085810756
2.998,0.3915685936897304,-0.021028540085810756,-0.017820497578883723
