time/iterations,time/time_elapsed,time/fps,time/total_timesteps,train/approx_kl,train/clip_fraction,train/explained_variance,train/std,train/entropy_loss,train/n_updates,train/value_loss,train/clip_range,train/learning_rate,train/loss,train/policy_gradient_loss,rollout/ep_len_mean,rollout/ep_rew_mean
1,0,212,128,,,,,,,,,,,,,
2,1,213,256,0.020747488,0.236328125,-7.266828536987305,0.1352851241827011,4.649627685546875,4,0.08499407768249512,0.2,0.0003,-0.007792193442583084,-0.020838475786149502,,
3,1,216,384,0.0096922275,0.046875,-2.20770263671875,0.13524489104747772,4.652470707893372,8,0.06361579895019531,0.2,0.0003,0.004752349108457565,-0.004910117946565151,,
4,2,218,512,0.013572353,0.068359375,-2.3769919872283936,0.13519351184368134,4.654843807220459,12,0.05904726078733802,0.2,0.0003,-0.013713528402149677,-0.014516234863549471,,
5,2,219,640,0.018793134,0.10546875,-1.847975730895996,0.13516375422477722,4.657764673233032,16,0.05461717443540692,0.2,0.0003,-0.014338965527713299,-0.015846529277041554,,
6,3,220,768,0.0066869673,0.025390625,-1.9151420593261719,0.13515707850456238,4.658845067024231,20,0.045349967665970325,0.2,0.0003,0.0075445594266057014,-0.00014566350728273392,,
7,4,220,896,0.0071975,0.02734375,-1.3005244731903076,0.13515883684158325,4.659023880958557,24,0.039201004430651665,0.2,0.0003,-0.0005865972489118576,-0.004088761284947395,,
8,4,220,1024,0.013118837,0.068359375,-1.7254009246826172,0.13515174388885498,4.659067988395691,28,0.0329134245403111,0.2,0.0003,-0.017256369814276695,-0.013493448495864868,,
9,5,220,1152,0.014738959,0.080078125,-0.43253862857818604,0.13513197004795074,4.659718632698059,32,0.02655503642745316,0.2,0.0003,-0.02618544176220894,-0.017878371058031917,,
10,5,220,1280,0.016124187,0.0859375,-1.1117777824401855,0.1350962370634079,4.661323666572571,36,0.026497854851186275,0.2,0.0003,-0.01318704430013895,-0.012762418249621987,,
11,6,220,1408,0.0134707205,0.06640625,-3.88028621673584,0.1350713074207306,4.663298606872559,40,0.024933779146522284,0.2,0.0003,-0.01793164387345314,-0.011588537599891424,,
12,6,220,1536,0.011146231,0.064453125,-1.5373485088348389,0.13504774868488312,4.664707660675049,44,0.021064588567242026,0.2,0.0003,0.00034999381750822067,-0.0021799266105517745,,
13,7,220,1664,0.0059510325,0.017578125,-63.40888214111328,0.13504096865653992,4.665836215019226,48,0.017926670843735337,0.2,0.0003,-0.011086130514740944,-0.006014133803546429,,
14,8,220,1792,0.009634111,0.033203125,-1.2373740673065186,0.1350356489419937,4.666036009788513,52,0.013459737063385546,0.2,0.0003,-0.014971861615777016,-0.00969515461474657,,
15,8,220,1920,0.0143381385,0.07421875,-4.372518062591553,0.13502347469329834,4.6666131019592285,56,0.011467550997622311,0.2,0.0003,-0.02423813007771969,-0.014873034786432981,,
16,9,220,2048,0.012645071,0.0703125,-19.97393798828125,0.1350005567073822,4.667462348937988,60,0.012585970223881304,0.2,0.0003,0.002268055686727166,-0.001233958057127893,,
17,9,220,2176,0.0022532549,0.0,-12.535229682922363,0.13498924672603607,4.668775677680969,64,0.008635820937342942,0.2,0.0003,-0.008869447745382786,-0.003507681656628847,,
18,10,220,2304,0.005885676,0.013671875,-11.938364028930664,0.13497929275035858,4.669234752655029,68,0.007411655155010521,0.2,0.0003,-0.007109090685844421,-0.0038444960955530405,,
19,11,220,2432,0.009220485,0.03515625,-12.790234565734863,0.13496828079223633,4.669945240020752,72,0.006864821072667837,0.2,0.0003,-0.01129482313990593,-0.005695084575563669,,
20,11,221,2560,0.019931825,0.125,-1.5695855617523193,0.13495606184005737,4.67054283618927,76,0.005966104217804968,0.2,0.0003,-0.03902313858270645,-0.023487216793000698,,
21,12,221,2688,0.021753896,0.115234375,-19.414968490600586,0.13493452966213226,4.67153012752533,80,0.005350297666154802,0.2,0.0003,-0.006950655020773411,-0.007002674508839846,,
22,12,221,2816,0.008660439,0.044921875,-4.577120304107666,0.1349046677350998,4.6729336977005005,84,0.0051792910089716315,0.2,0.0003,-0.016673503443598747,-0.008549429941922426,,
23,13,222,2944,0.0089807045,0.04296875,-37.94093704223633,0.13490355014801025,4.674375057220459,88,0.004141918616369367,0.2,0.0003,-0.012837731279432774,-0.0070433905348181725,,
24,13,222,3072,0.009060852,0.02734375,-16.69899559020996,0.13493847846984863,4.673509120941162,92,0.003562713915016502,0.2,0.0003,-0.010542154312133789,-0.004860506393015385,,
25,14,222,3200,0.010215596,0.0546875,-16.618804931640625,0.13496743142604828,4.671404004096985,96,0.003419332264456898,0.2,0.0003,-0.004777814727276564,-0.0032969973981380463,3200.0,58.303329
26,14,222,3328,0.005166539,0.005859375,-13.398946762084961,0.13499929010868073,4.669746398925781,100,0.0030250021954998374,0.2,0.0003,-0.01676608994603157,-0.0064362771809101105,3200.0,58.303329
27,15,222,3456,0.008074794,0.03125,0.7085871696472168,0.13503101468086243,4.66776978969574,104,0.015270529314875603,0.2,0.0003,-0.010278317146003246,-0.0067935362458229065,3200.0,58.303329
28,16,221,3584,0.0078775715,0.025390625,-13.493279457092285,0.13504554331302643,4.666213393211365,108,0.0036042777355760336,0.2,0.0003,-0.01997380331158638,-0.009901631157845259,3200.0,58.303329
29,16,221,3712,0.0060737906,0.017578125,-3.710775375366211,0.13504962623119354,4.665650725364685,112,0.003985527844633907,0.2,0.0003,-0.002802508417516947,-0.00023438828065991402,3200.0,58.303329
30,17,221,3840,0.010102492,0.056640625,-11.53083610534668,0.13507422804832458,4.665072917938232,116,0.0024172652047127485,0.2,0.0003,-0.010295296087861061,-0.006219514179974794,3200.0,58.303329
31,17,221,3968,0.010341706,0.052734375,-17.097312927246094,0.13508522510528564,4.663600325584412,120,0.0021092553215567023,0.2,0.0003,-0.013607477769255638,-0.008196692680940032,3200.0,58.303329
32,18,221,4096,0.011565447,0.046875,-17.037118911743164,0.13507981598377228,4.663547873497009,124,0.0019656881922855973,0.2,0.0003,-0.014520451426506042,-0.007733847945928574,3200.0,58.303329
33,19,221,4224,0.006212897,0.03125,-29.65636444091797,0.1350550353527069,4.664181113243103,128,0.002001253829803318,0.2,0.0003,-0.0003580136690288782,0.0006754170171916485,3200.0,58.303329
34,19,221,4352,0.008442126,0.03515625,-91.031005859375,0.13501840829849243,4.666014075279236,132,0.0018408376490697265,0.2,0.0003,-0.02106255665421486,-0.01045694388449192,3200.0,58.303329
35,20,221,4480,0.010124195,0.041015625,-17.141860961914062,0.13501247763633728,4.667766690254211,136,0.0011493457423057407,0.2,0.0003,-0.011319032870233059,-0.005151638761162758,3200.0,58.303329
36,20,221,4608,0.02563269,0.146484375,-6.297586917877197,0.13500337302684784,4.66787326335907,140,0.0012747505970764905,0.2,0.0003,-0.029011277481913567,-0.018730098847299814,3200.0,58.303329
37,21,222,4736,0.015142977,0.09765625,-27.4903564453125,0.134977787733078,4.66888153553009,144,0.001292012311751023,0.2,0.0003,-0.009836708195507526,-0.005665777949616313,3200.0,58.303329
38,21,222,4864,0.011522371,0.052734375,-54.995121002197266,0.1349683254957199,4.670169711112976,148,0.0011721820628736168,0.2,0.0003,-0.010492048226296902,-0.005883642937988043,3200.0,58.303329
39,22,222,4992,0.009902675,0.0546875,-13.377645492553711,0.13496750593185425,4.670420169830322,152,0.001492661307565868,0.2,0.0003,-0.011004531756043434,-0.0055022642482072115,3200.0,58.303329
40,23,222,5120,0.012728682,0.0546875,-11.788947105407715,0.13497382402420044,4.670416712760925,156,0.001123076246585697,0.2,0.0003,-0.01300175953656435,-0.006487938342615962,3200.0,58.303329
41,23,222,5248,0.017432641,0.091796875,-4.391895771026611,0.13499081134796143,4.669731140136719,160,0.0010484829545021057,0.2,0.0003,-0.02483307011425495,-0.013471848331391811,3200.0,58.303329
42,24,222,5376,0.028387403,0.171875,-15.436067581176758,0.13500364124774933,4.668734073638916,164,0.000920346676139161,0.2,0.0003,-0.017501449212431908,-0.01282908208668232,3200.0,58.303329
43,24,222,5504,0.028603755,0.181640625,-4.2678632736206055,0.1350235641002655,4.667904376983643,168,0.0010891564888879657,0.2,0.0003,-0.02326911874115467,-0.016707504051737487,3200.0,58.303329
44,25,222,5632,0.009880472,0.041015625,-12.435016632080078,0.1350300908088684,4.66682767868042,172,0.0007405158976325765,0.2,0.0003,-0.006809016689658165,-0.002575227990746498,3200.0,58.303329
45,25,222,5760,0.012547136,0.056640625,-2.391447067260742,0.13502606749534607,4.666771650314331,176,0.0006097278965171427,0.2,0.0003,-0.02198786288499832,-0.010280082933604717,3200.0,58.303329
46,26,222,5888,0.02285746,0.126953125,-23.450681686401367,0.13502977788448334,4.666915416717529,180,0.000609571739914827,0.2,0.0003,-0.0052109770476818085,-0.006198551971465349,3200.0,58.303329
47,27,222,6016,0.007917445,0.029296875,-28.215917587280273,0.13501742482185364,4.666814088821411,184,0.0004974459734512493,0.2,0.0003,-0.015927396714687347,-0.0059343371540308,3200.0,58.303329
48,27,222,6144,0.018420408,0.107421875,-5.382341384887695,0.13501226902008057,4.667669296264648,188,0.00044246223842492327,0.2,0.0003,-0.012077911756932735,-0.007795806508511305,3200.0,58.303329
49,28,222,6272,0.013641246,0.07421875,-30.130834579467773,0.13499529659748077,4.667982459068298,192,0.00042767856211867183,0.2,0.0003,-0.007644375320523977,-0.004257122054696083,3200.0,58.303329
50,28,221,6400,0.024398383,0.125,-5.9646687507629395,0.13496467471122742,4.669428586959839,196,0.00045177751599112526,0.2,0.0003,-0.021754220128059387,-0.01355285057798028,3200.0,57.973491499999994
51,29,221,6528,0.01571618,0.091796875,-1.3674867153167725,0.13494186103343964,4.671181797981262,200,0.0006219816132215783,0.2,0.0003,-0.0273906122893095,-0.011965445475652814,3200.0,57.973491499999994
52,30,221,6656,0.015882425,0.083984375,0.8501975536346436,0.1349266767501831,4.672293543815613,204,0.013193201273679733,0.2,0.0003,-0.026226922869682312,-0.015549514908343554,3200.0,57.973491499999994
53,30,221,6784,0.016152106,0.099609375,-2.628093957901001,0.134916752576828,4.673141002655029,208,0.0017154106317320839,0.2,0.0003,-0.004721313249319792,-0.004344914224930108,3200.0,57.973491499999994
54,31,221,6912,0.027684553,0.162109375,-2.133662700653076,0.1348930150270462,4.6738128662109375,212,0.0009098067239392549,0.2,0.0003,-0.01846361719071865,-0.014322267146781087,3200.0,57.973491499999994
55,31,221,7040,0.011080483,0.056640625,-3.644092559814453,0.13485334813594818,4.675643563270569,216,0.0006181944481795654,0.2,0.0003,-0.009751439094543457,-0.006042519584298134,3200.0,57.973491499999994
56,32,222,7168,0.017876465,0.099609375,-14.145180702209473,0.13482925295829773,4.677882432937622,220,0.0007615300128236413,0.2,0.0003,-0.015755679458379745,-0.010433126240968704,3200.0,57.973491499999994
57,32,222,7296,0.025852418,0.154296875,-2.5825061798095703,0.13481438159942627,4.678911089897156,224,0.0004799010930582881,0.2,0.0003,-0.03174988925457001,-0.021786799421533942,3200.0,57.973491499999994
58,33,222,7424,0.021588864,0.1171875,-27.318679809570312,0.13477972149848938,4.680135726928711,228,0.0004359606755315326,0.2,0.0003,-0.02093299850821495,-0.012248230166733265,3200.0,57.973491499999994
59,33,222,7552,0.022146033,0.119140625,-7.437032699584961,0.13471382856369019,4.682910203933716,232,0.00032141065457835793,0.2,0.0003,-0.0022840986493974924,-0.0037998161278665066,3200.0,57.973491499999994
60,34,222,7680,0.007868555,0.033203125,-2.2345521450042725,0.13466516137123108,4.686713814735413,236,0.0003007304694619961,0.2,0.0003,-0.014448159374296665,-0.005523761734366417,3200.0,57.973491499999994
61,35,222,7808,0.02649943,0.162109375,-13.227635383605957,0.1346377283334732,4.689044117927551,240,0.00033157504367409274,0.2,0.0003,-0.009485740214586258,-0.008125301217660308,3200.0,57.973491499999994
62,35,222,7936,0.022034276,0.099609375,-21.468542098999023,0.13462167978286743,4.690353870391846,244,0.00027362003311282024,0.2,0.0003,-0.04163169115781784,-0.021492798579856753,3200.0,57.973491499999994
63,36,222,8064,0.023278646,0.166015625,-19.741893768310547,0.13460862636566162,4.691262483596802,248,0.00023432590751326643,0.2,0.0003,0.008668777532875538,0.001942385919392109,3200.0,57.973491499999994
64,36,222,8192,0.0043847733,0.0078125,-11.911328315734863,0.13458462059497833,4.692125201225281,252,0.00029493687907233834,0.2,0.0003,-0.013088321313261986,-0.004788530990481377,3200.0,57.973491499999994
65,37,223,8320,0.016600206,0.1015625,-4.685714244842529,0.13454589247703552,4.694016456604004,256,0.00026854722455027513,0.2,0.0003,-0.0067701637744903564,-0.004193787928670645,3200.0,57.973491499999994
66,37,223,8448,0.021679748,0.123046875,-12.950601577758789,0.13450446724891663,4.696353077888489,260,0.000335290766088292,0.2,0.0003,-0.02398291975259781,-0.014079751446843147,3200.0,57.973491499999994
67,38,223,8576,0.038829137,0.1796875,-8.870383262634277,0.13448025286197662,4.6986095905303955,264,0.0006183692166814581,0.2,0.0003,-0.023797927424311638,-0.017695378279313445,3200.0,57.973491499999994
68,38,223,8704,0.017485818,0.115234375,-0.7016712427139282,0.13444538414478302,4.69998025894165,268,0.0003860563738271594,0.2,0.0003,-0.014325586147606373,-0.009546675253659487,3200.0,57.973491499999994
69,39,223,8832,0.008710905,0.025390625,-0.8486646413803101,0.13441835343837738,4.702157497406006,272,0.0003544363353285007,0.2,0.0003,-0.01560655701905489,-0.0056577573996037245,3200.0,57.973491499999994
70,40,223,8960,0.018760307,0.08984375,-5.11557149887085,0.1343967467546463,4.703494310379028,276,0.0004540020163403824,0.2,0.0003,-0.028822114691138268,-0.014457550831139088,3200.0,57.973491499999994
71,40,223,9088,0.030603487,0.162109375,-2.8671514987945557,0.13437828421592712,4.704768896102905,280,0.0003705961935338564,0.2,0.0003,-0.015369362197816372,-0.009715965017676353,3200.0,57.973491499999994
72,41,223,9216,0.012188946,0.07421875,-3.494935989379883,0.13436031341552734,4.705812692642212,284,0.00025122626539086923,0.2,0.0003,-0.015989726409316063,-0.00661271158605814,3200.0,57.973491499999994
73,41,223,9344,0.013777806,0.087890625,-12.645136833190918,0.1343572586774826,4.706676959991455,288,0.000145433525176486,0.2,0.0003,-0.013531447388231754,-0.006959000485949218,3200.0,57.973491499999994
74,42,223,9472,0.03502581,0.16796875,-4.331673622131348,0.1343643218278885,4.706523180007935,292,0.00021387176093412563,0.2,0.0003,-0.02785409986972809,-0.017907884903252125,3117.3333333333335,55.162698666666664
75,42,223,9600,0.011709809,0.052734375,-0.15911877155303955,0.1343725323677063,4.706092834472656,296,1.3136005699634552,0.2,0.0003,0.6312510967254639,-0.006666015833616257,3117.3333333333335,55.162698666666664
76,43,223,9728,0.014483688,0.0859375,-2.392650604248047,0.1343720555305481,4.705688834190369,300,0.003769502101931721,0.2,0.0003,-0.016322294250130653,-0.008689598646014929,3117.3333333333335,55.162698666666664
77,44,223,9856,0.018312044,0.099609375,-2.97744083404541,0.13433796167373657,4.706393718719482,304,0.0009981204711948521,0.2,0.0003,-0.012713957577943802,-0.00807827990502119,3117.3333333333335,55.162698666666664
78,44,223,9984,0.015363257,0.0859375,-8.720247268676758,0.1342942863702774,4.708792567253113,308,0.0003841492289211601,0.2,0.0003,-0.013843315653502941,-0.008179797092452645,3117.3333333333335,55.162698666666664
79,45,223,10112,0.017914612,0.109375,-0.14169728755950928,0.13426879048347473,4.7111194133758545,312,0.0003462429085629992,0.2,0.0003,-0.0046116565354168415,-0.005115436390042305,3117.3333333333335,55.162698666666664
80,45,223,10240,0.019836463,0.103515625,0.06209862232208252,0.13424108922481537,4.712505340576172,316,0.00035832450521411374,0.2,0.0003,-0.010200866498053074,-0.007253171876072884,3117.3333333333335,55.162698666666664
81,46,223,10368,0.01822901,0.103515625,0.2355571985244751,0.13419196009635925,4.714560866355896,320,0.0003542163176462054,0.2,0.0003,-0.032157137989997864,-0.01680847629904747,3117.3333333333335,55.162698666666664
82,46,224,10496,0.013063265,0.068359375,-0.4780559539794922,0.13413868844509125,4.717777967453003,324,0.0004293735764804296,0.2,0.0003,-0.010349897667765617,-0.004147119354456663,3117.3333333333335,55.162698666666664
83,47,224,10624,0.030610308,0.169921875,-2.2493767738342285,0.13409626483917236,4.720739364624023,328,0.0008379205246455967,0.2,0.0003,-0.0168665312230587,-0.012209509965032339,3117.3333333333335,55.162698666666664
84,47,224,10752,0.01158498,0.060546875,-7.780825614929199,0.13406705856323242,4.722961902618408,332,0.0005819818543386646,0.2,0.0003,-0.017983293160796165,-0.007685874588787556,3117.3333333333335,55.162698666666664
85,48,224,10880,0.01928981,0.103515625,-24.744768142700195,0.13404040038585663,4.724596619606018,336,0.0004926671463181265,0.2,0.0003,-0.022920075803995132,-0.011972261127084494,3117.3333333333335,55.162698666666664
86,49,224,11008,0.027325924,0.138671875,-14.199175834655762,0.1340201497077942,4.726080656051636,340,0.0006166752864373848,0.2,0.0003,-0.021913597360253334,-0.013144192285835743,3117.3333333333335,55.162698666666664
87,49,224,11136,0.020027995,0.123046875,-3.8304638862609863,0.13399897515773773,4.72731351852417,344,0.0010010185942519456,0.2,0.0003,-0.002223620191216469,-0.002616985235363245,3117.3333333333335,55.162698666666664
88,50,224,11264,0.014310902,0.05859375,-13.214600563049316,0.13395541906356812,4.728830814361572,348,0.001513824739959091,0.2,0.0003,-0.021279102191329002,-0.009864153573289514,3117.3333333333335,55.162698666666664
89,50,224,11392,0.03374126,0.18359375,-4.106998443603516,0.1338987648487091,4.7319852113723755,352,0.0023254433763213456,0.2,0.0003,-0.010444892570376396,-0.01093753520399332,3117.3333333333335,55.162698666666664
90,51,224,11520,0.024574757,0.130859375,-18.428403854370117,0.13385066390037537,4.735156178474426,356,0.002708754676859826,0.2,0.0003,-0.0055229682475328445,-0.00630429363809526,3117.3333333333335,55.162698666666664
91,51,224,11648,0.019170634,0.11328125,-12.602338790893555,0.13381516933441162,4.737758636474609,360,0.0014438780490309,0.2,0.0003,-0.01752714440226555,-0.01168642076663673,3117.3333333333335,55.162698666666664
92,52,224,11776,0.015496355,0.091796875,-6.905173301696777,0.13379976153373718,4.739485144615173,364,0.001097776199458167,0.2,0.0003,-0.012482572346925735,-0.007191358366981149,3117.3333333333335,55.162698666666664
93,52,224,11904,0.022504287,0.115234375,-5.280488014221191,0.1337844580411911,4.740195274353027,368,0.0005795704055344686,0.2,0.0003,-0.03230154514312744,-0.019279770087450743,3117.3333333333335,55.162698666666664
94,53,224,12032,0.019351497,0.130859375,-2.0941059589385986,0.13374966382980347,4.741558074951172,372,0.0009532371768727899,0.2,0.0003,-0.00661340681836009,-0.0024488246999680996,3117.3333333333335,55.162698666666664
95,54,224,12160,0.020781714,0.138671875,-2.6140103340148926,0.13372087478637695,4.743661880493164,376,0.000489450350869447,0.2,0.0003,-0.001297420123592019,-0.0031340920832008123,3025.75,51.996769
96,54,224,12288,0.007128026,0.01953125,-0.16546452045440674,0.13370874524116516,4.7449822425842285,380,1.8665351271629333,0.2,0.0003,0.832571804523468,-0.007642668206244707,3025.75,51.996769
97,55,224,12416,0.014107101,0.06640625,-2.4174656867980957,0.13370555639266968,4.745484948158264,384,0.04278610018081963,0.2,0.0003,0.0226368997246027,-0.007917361101135612,3025.75,51.996769
98,55,224,12544,0.013207419,0.076171875,-4.3768696784973145,0.133687824010849,4.74585235118866,388,0.00817154347896576,0.2,0.0003,-0.003095992375165224,-0.004518847563304007,3025.75,51.996769
99,56,224,12672,0.0067553027,0.0234375,-2.7761168479919434,0.133669912815094,4.747076511383057,392,0.0032469089492224157,0.2,0.0003,-0.01173251774162054,-0.0035319156013429165,3025.75,51.996769
100,56,224,12800,0.016992234,0.10546875,-1.8478977680206299,0.1336653232574463,4.747857570648193,396,0.0016854029963724315,0.2,0.0003,-0.006175333634018898,-0.004964045714586973,3025.75,51.996769
101,57,225,12928,0.015194763,0.07421875,-1.2338449954986572,0.13366535305976868,4.747964382171631,400,0.0017393639136571437,0.2,0.0003,-0.025944607332348824,-0.012971709482371807,3025.75,51.996769
102,57,225,13056,0.02119445,0.126953125,-0.2547929286956787,0.13364985585212708,4.748232364654541,404,0.0009824641601881012,0.2,0.0003,-0.010268036276102066,-0.006620398256927729,3025.75,51.996769
103,58,225,13184,0.022357378,0.130859375,-0.13489234447479248,0.133629709482193,4.749377250671387,408,0.0010413339477963746,0.2,0.0003,-0.023867378011345863,-0.014621334616094828,3025.75,51.996769
104,59,225,13312,0.024080534,0.140625,-0.13736867904663086,0.13359788060188293,4.750763535499573,412,0.0010080231295432895,0.2,0.0003,-0.015609294176101685,-0.011604724917560816,3025.75,51.996769
105,59,225,13440,0.01664401,0.08203125,-0.6993567943572998,0.13357138633728027,4.7526819705963135,416,0.0011580422578845173,0.2,0.0003,-0.024946892634034157,-0.013264830689877272,3025.75,51.996769
106,60,225,13568,0.011693559,0.064453125,-5.385162830352783,0.13352639973163605,4.754482269287109,420,0.0011640909433481283,0.2,0.0003,-0.007005343213677406,-0.002670357236638665,3025.75,51.996769
107,60,225,13696,0.026215829,0.15234375,-8.549439430236816,0.13348844647407532,4.75730574131012,424,0.0008954999939305708,0.2,0.0003,-0.010804717428982258,-0.00861625699326396,3025.75,51.996769
108,61,225,13824,0.01019655,0.044921875,-3.385952949523926,0.13346028327941895,4.759225010871887,428,0.0011017330252798274,0.2,0.0003,-0.024216679856181145,-0.010523719480261207,3025.75,51.996769
109,61,225,13952,0.0201298,0.125,-4.23135232925415,0.13342033326625824,4.761138439178467,432,0.0007283274608198553,0.2,0.0003,-0.00935045164078474,-0.007449325639754534,3025.75,51.996769
110,62,225,14080,0.037891414,0.171875,-20.205280303955078,0.1333823800086975,4.763555407524109,436,0.0016885303193703294,0.2,0.0003,-0.018453450873494148,-0.014900869224220514,3025.75,51.996769
111,62,226,14208,0.010598504,0.0625,-6.7213029861450195,0.1333521157503128,4.76574432849884,440,0.0016642853152006865,0.2,0.0003,-0.01419074460864067,-0.006445772480219603,3025.75,51.996769
112,63,226,14336,0.013368649,0.0703125,-10.145288467407227,0.13331899046897888,4.767505884170532,444,0.0015005278692115098,0.2,0.0003,-0.015485216863453388,-0.00799905986059457,3025.75,51.996769
113,63,226,14464,0.013315367,0.07421875,-7.8585662841796875,0.1332942247390747,4.769455671310425,448,0.0006781633856007829,0.2,0.0003,-0.012484835460782051,-0.007794391363859177,3025.75,51.996769
114,64,226,14592,0.0066332067,0.01953125,-2.679563045501709,0.1332952082157135,4.770433664321899,452,0.00048703762513468973,0.2,0.0003,-0.0028522650245577097,-0.00080459238961339,3025.75,51.996769
115,65,226,14720,0.019578706,0.11328125,-1.0907981395721436,0.13331405818462372,4.769832611083984,456,0.0004289690114092082,0.2,0.0003,-0.019499393180012703,-0.011943433433771133,3025.75,51.996769
116,65,226,14848,0.025052678,0.130859375,-6.116508483886719,0.13332809507846832,4.768803000450134,460,0.000672459602355957,0.2,0.0003,-0.01645955815911293,-0.01013246737420559,3025.75,51.996769
117,66,226,14976,0.047065563,0.23046875,-13.560029983520508,0.1333271563053131,4.768216371536255,464,0.0001951756603375543,0.2,0.0003,-0.01938091591000557,-0.016190960654057562,2984.6,50.483894
118,66,226,15104,0.012590186,0.064453125,-0.05763411521911621,0.13331519067287445,4.768589496612549,468,1.8837768137454987,0.2,0.0003,0.8523368835449219,-0.012252175249159336,2984.6,50.483894
119,67,226,15232,0.018640636,0.12109375,-2.3568732738494873,0.13329949975013733,4.76941704750061,472,0.030702807009220123,0.2,0.0003,0.01931118406355381,-0.0089719882234931,2984.6,50.483894
120,67,226,15360,0.018161044,0.111328125,-2.3934226036071777,0.1332930028438568,4.770241141319275,476,0.006608708179555833,0.2,0.0003,0.0008123870939016342,-0.0040925717912614346,2984.6,50.483894
121,68,226,15488,0.019132333,0.107421875,-0.5154938697814941,0.13330106437206268,4.77030348777771,480,0.002505462267436087,0.2,0.0003,-0.021967798471450806,-0.012512046378105879,2984.6,50.483894
122,68,226,15616,0.016544107,0.087890625,0.2519516348838806,0.1333169937133789,4.769537329673767,484,0.0011255972349317744,0.2,0.0003,-0.027083763852715492,-0.013729951810091734,2984.6,50.483894
123,69,226,15744,0.048174977,0.203125,0.42275822162628174,0.13332682847976685,4.768707036972046,488,0.001387375479680486,0.2,0.0003,-0.021488670259714127,-0.01768013834953308,2984.6,50.483894
124,70,226,15872,0.01263088,0.05078125,-34.228782653808594,0.13334527611732483,4.768023252487183,492,0.0019750569481402636,0.2,0.0003,-0.015429651364684105,-0.006376123987138271,2984.6,50.483894
125,70,226,16000,0.005558882,0.02734375,-0.6561691761016846,0.13337096571922302,4.766668200492859,496,0.0008203305624192581,0.2,0.0003,0.0005646407371386886,0.0037774890661239624,2984.6,50.483894
126,71,226,16128,0.013957957,0.083984375,-1.9612112045288086,0.13338734209537506,4.765286922454834,500,0.0012823169818148017,0.2,0.0003,-0.016209211200475693,-0.009118235437199473,2984.6,50.483894
127,71,226,16256,0.013918804,0.078125,-0.9581819772720337,0.1334061175584793,4.764332056045532,504,0.0007662639764021151,0.2,0.0003,-0.012044581584632397,-0.005733466940000653,2984.6,50.483894
128,72,226,16384,0.009332463,0.04296875,-0.7837672233581543,0.13342081010341644,4.763235092163086,508,0.0008893881313269958,0.2,0.0003,-0.011944146826863289,-0.003663281910121441,2984.6,50.483894
129,72,226,16512,0.017388547,0.099609375,-0.17530810832977295,0.13343217968940735,4.762484788894653,512,0.0005688711098628119,0.2,0.0003,-0.0115633150562644,-0.006489852908998728,2984.6,50.483894
130,73,227,16640,0.015906084,0.103515625,-6.493509769439697,0.13344059884548187,4.761829257011414,516,0.0012876928958576173,0.2,0.0003,-0.0028925577644258738,-0.0031757154501974583,2984.6,50.483894
131,73,227,16768,0.014786845,0.076171875,-5.470155239105225,0.13344605267047882,4.761497139930725,520,0.0006203320226632059,0.2,0.0003,-0.020404018461704254,-0.009947857819497585,2984.6,50.483894
132,74,227,16896,0.02742006,0.166015625,-37.15774154663086,0.1334458440542221,4.7612539529800415,524,0.0003728247538674623,0.2,0.0003,-0.010773731395602226,-0.00857376423664391,2984.6,50.483894
133,74,227,17024,0.019400239,0.109375,-9.882244110107422,0.133442685008049,4.761399507522583,528,0.0005614261463051662,0.2,0.0003,-0.025686027482151985,-0.013670838437974453,2984.6,50.483894
134,75,227,17152,0.021887496,0.123046875,-0.3065822124481201,0.13344012200832367,4.761587142944336,532,0.0012646958930417895,0.2,0.0003,-0.009206590242683887,-0.007820948492735624,2984.6,50.483894
135,76,227,17280,0.01187231,0.060546875,-12.752405166625977,0.13343054056167603,4.761850357055664,536,0.0009603629732737318,0.2,0.0003,-0.01698256842792034,-0.009020220255479217,2984.6,50.483894
136,76,227,17408,0.012163264,0.0625,-0.8632642030715942,0.13339117169380188,4.763023734092712,540,0.00029821238422300667,0.2,0.0003,-0.013554522767663002,-0.005921510048210621,2984.6,50.483894
137,77,227,17536,0.023753941,0.123046875,-1.3674509525299072,0.13334208726882935,4.765772581100464,544,0.0014653037069365382,0.2,0.0003,-0.011355757713317871,-0.008768230210989714,2984.6,50.483894
138,77,227,17664,0.014727399,0.078125,-7.702528953552246,0.13329824805259705,4.768686652183533,548,0.0002755801906459965,0.2,0.0003,-0.019769366830587387,-0.0095258760266006,2984.6,50.483894
139,78,227,17792,0.014062751,0.078125,-10.537410736083984,0.1332576423883438,4.7711392641067505,552,0.00031974820740288123,0.2,0.0003,-0.017080390825867653,-0.008642967324703932,2955.3333333333335,49.2133
140,78,227,17920,0.0101033375,0.048828125,-0.07159006595611572,0.13322244584560394,4.773502230644226,556,1.833397001028061,0.2,0.0003,0.8477489948272705,-0.0045808665454387665,2955.3333333333335,49.2133
141,79,227,18048,0.009533608,0.048828125,-2.3345701694488525,0.13320308923721313,4.775254964828491,560,0.023621516884304583,0.2,0.0003,0.011176672764122486,-0.004704368533566594,2955.3333333333335,49.2133
142,80,227,18176,0.018796165,0.099609375,-2.605231285095215,0.13318714499473572,4.7762593030929565,564,0.005010168009903282,0.2,0.0003,-0.019321616739034653,-0.012196959927678108,2955.3333333333335,49.2133
143,80,227,18304,0.019213825,0.109375,-1.8282086849212646,0.1331707090139389,4.777201294898987,568,0.001868130813818425,0.2,0.0003,-0.011718034744262695,-0.008036136627197266,2955.3333333333335,49.2133
144,81,227,18432,0.026362833,0.140625,-0.21908509731292725,0.13314200937747955,4.778403639793396,572,0.00111633533379063,0.2,0.0003,-0.018941020593047142,-0.012101893546059728,2955.3333333333335,49.2133
145,81,227,18560,0.0323771,0.197265625,-0.1476653814315796,0.13312944769859314,4.779992699623108,576,0.0007130869053071365,0.2,0.0003,-0.015122562646865845,-0.01230604131706059,2955.3333333333335,49.2133
146,82,227,18688,0.010394723,0.05078125,0.33600062131881714,0.1331343799829483,4.7802077531814575,580,0.0008520633564330637,0.2,0.0003,-0.019804254174232483,-0.008322874549776316,2955.3333333333335,49.2133
147,82,227,18816,0.019254012,0.111328125,-1.9408531188964844,0.13314802944660187,4.779732704162598,584,0.001597815498826094,0.2,0.0003,-0.008768027648329735,-0.005344633711501956,2955.3333333333335,49.2133
148,83,227,18944,0.0026340093,0.0,-4.93593692779541,0.13316018879413605,4.778873682022095,588,0.0015035068790894002,0.2,0.0003,-0.005603529512882233,-0.0017755469307303429,2955.3333333333335,49.2133
149,83,227,19072,0.012128994,0.06640625,-0.444430947303772,0.13313975930213928,4.778754115104675,592,0.0008416718847001903,0.2,0.0003,-0.009623930789530277,-0.005481446627527475,2955.3333333333335,49.2133
150,84,227,19200,0.028754646,0.154296875,-1.5787451267242432,0.1331281214952469,4.780071139335632,596,0.0007574659102829173,0.2,0.0003,-0.023746661841869354,-0.017251485493034124,2955.3333333333335,49.2133
151,84,227,19328,0.012997374,0.078125,-2.269242286682129,0.13313661515712738,4.780269742012024,600,0.0007409028621623293,0.2,0.0003,-0.017615746706724167,-0.008671448566019535,2955.3333333333335,49.2133
152,85,227,19456,0.015907899,0.10546875,-1.9058306217193604,0.13315269351005554,4.779576897621155,604,0.0015226602845359594,0.2,0.0003,-0.011193016543984413,-0.007765232352539897,2955.3333333333335,49.2133
153,86,227,19584,0.021651376,0.107421875,-1.0172786712646484,0.1331748515367508,4.778470873832703,608,0.001756449812091887,0.2,0.0003,-0.021976687014102936,-0.013147987658157945,2955.3333333333335,49.2133
154,86,227,19712,0.014249397,0.0625,0.31168192625045776,0.13318735361099243,4.777302026748657,612,0.00041419565968681127,0.2,0.0003,-0.015373769216239452,-0.006737708114087582,2955.3333333333335,49.2133
155,87,227,19840,0.0195542,0.111328125,-3.9954733848571777,0.13318462669849396,4.776902437210083,616,0.0006699251680402085,0.2,0.0003,-0.022460412234067917,-0.01211360888555646,2955.3333333333335,49.2133
156,87,227,19968,0.029730767,0.15234375,-11.560556411743164,0.133186936378479,4.777115345001221,620,0.0013299589045345783,0.2,0.0003,-0.015576578676700592,-0.011028862092643976,2955.3333333333335,49.2133
157,88,227,20096,0.015608774,0.080078125,-10.529586791992188,0.13317516446113586,4.777081489562988,624,0.002985760453157127,0.2,0.0003,-0.0041620261035859585,-0.0036624243948608637,2955.3333333333335,49.2133
158,88,227,20224,0.011355501,0.052734375,-11.104371070861816,0.13316978514194489,4.777883768081665,628,0.0012743450934067369,0.2,0.0003,-0.022438369691371918,-0.010506980586796999,2955.3333333333335,49.2133
159,89,227,20352,0.044501264,0.234375,-1.2005305290222168,0.13315439224243164,4.778098821640015,632,0.00031906204822007567,0.2,0.0003,-0.019901489838957787,-0.01531076617538929,2955.3333333333335,49.2133
160,89,227,20480,0.01893247,0.1015625,-2.2768750190734863,0.13313406705856323,4.779302716255188,636,0.004202426876872778,0.2,0.0003,-0.013518287800252438,-0.009160711197182536,2955.3333333333335,49.2133
161,90,227,20608,0.0057191886,0.013671875,-10.625970840454102,0.13309074938297272,4.7808860540390015,640,0.0005470852483995259,0.2,0.0003,-0.013637817464768887,-0.004834216553717852,2955.3333333333335,49.2133
162,91,227,20736,0.010782823,0.06640625,-3.350048065185547,0.13303066790103912,4.783959269523621,644,0.000474407323054038,0.2,0.0003,-0.006988665089011192,-0.0027179187163710594,2946.1428571428573,48.32499971428571
163,91,227,20864,0.0072656437,0.02734375,0.01613330841064453,0.13298343122005463,4.787409663200378,648,1.5086847841739655,0.2,0.0003,0.7196647524833679,-0.00545555236749351,2946.1428571428573,48.32499971428571
164,92,227,20992,0.02280778,0.154296875,-1.7979023456573486,0.13294155895709991,4.790030598640442,652,0.00885445084713865,0.2,0.0003,0.00039242953062057495,-0.0070049946662038565,2946.1428571428573,48.32499971428571
165,92,227,21120,0.027540185,0.130859375,0.40032869577407837,0.13289691507816315,4.792580962181091,656,0.0026418096385896206,0.2,0.0003,-0.018197573721408844,-0.01238822634331882,2946.1428571428573,48.32499971428571
166,93,227,21248,0.0044390745,0.0078125,0.2679685354232788,0.1328701674938202,4.795024752616882,660,0.0020962769631296396,0.2,0.0003,-0.012769386172294617,-0.003396368585526943,2946.1428571428573,48.32499971428571
167,93,227,21376,0.008378718,0.037109375,0.5092802047729492,0.13285838067531586,4.796193599700928,664,0.0012054441322106868,0.2,0.0003,-0.0021038977429270744,0.0006857579573988914,2946.1428571428573,48.32499971428571
168,94,227,21504,0.009174991,0.04296875,0.1855100393295288,0.1328554004430771,4.796688795089722,668,0.001257859548786655,0.2,0.0003,-0.01902659982442856,-0.008407867746427655,2946.1428571428573,48.32499971428571
169,94,227,21632,0.010819906,0.056640625,-4.5483479499816895,0.13285787403583527,4.796742796897888,672,0.0016758287965785712,0.2,0.0003,-0.010187819600105286,-0.003931790124624968,2946.1428571428573,48.32499971428571
170,95,227,21760,0.012084617,0.048828125,-1.4344019889831543,0.13286621868610382,4.796471953392029,676,0.00372789881657809,0.2,0.0003,-0.028089068830013275,-0.013346139341592789,2946.1428571428573,48.32499971428571
171,96,227,21888,0.011168584,0.0546875,0.717149019241333,0.13286520540714264,4.796074390411377,680,0.001704802009044215,0.2,0.0003,-0.012663898058235645,-0.004184029647149146,2946.1428571428573,48.32499971428571
172,96,227,22016,0.0370214,0.1875,-2.057260036468506,0.13283851742744446,4.796658039093018,684,0.001805399195291102,0.2,0.0003,-0.011862827464938164,-0.011428883066400886,2946.1428571428573,48.32499971428571
173,97,227,22144,0.012674647,0.080078125,-13.675422668457031,0.13280841708183289,4.798554301261902,688,0.001726058719214052,0.2,0.0003,-0.004868086893111467,-0.0033137828577309847,2946.1428571428573,48.32499971428571
174,97,227,22272,0.014972968,0.076171875,-0.6632063388824463,0.1327846795320511,4.800233244895935,692,0.000831096840556711,0.2,0.0003,-0.019915441051125526,-0.011591088492423296,2946.1428571428573,48.32499971428571
175,98,227,22400,0.016213797,0.080078125,-0.3381791114807129,0.13275876641273499,4.801673650741577,696,0.0006238313217181712,0.2,0.0003,-0.022137487307190895,-0.012572938576340675,2946.1428571428573,48.32499971428571
176,98,227,22528,0.017328698,0.091796875,-2.2679362297058105,0.13272838294506073,4.803377032279968,700,0.0008210071828216314,0.2,0.0003,-0.019426938146352768,-0.010092460783198476,2946.1428571428573,48.32499971428571
177,99,227,22656,0.028177962,0.185546875,-2.487135648727417,0.1326843798160553,4.805496335029602,704,0.0006897968123666942,0.2,0.0003,-0.008220930583775043,-0.008857591310516,2946.1428571428573,48.32499971428571
178,99,227,22784,0.007434519,0.025390625,0.2850211262702942,0.13266462087631226,4.8078449964523315,708,0.001102686917874962,0.2,0.0003,-0.01892557181417942,-0.008466160856187344,2946.1428571428573,48.32499971428571
179,100,227,22912,0.006655765,0.029296875,-2.3153131008148193,0.13265331089496613,4.808649182319641,712,0.0008272359264083207,0.2,0.0003,-0.002125395927578211,0.0006993687711656094,2946.1428571428573,48.32499971428571
180,101,227,23040,0.033378422,0.16796875,-5.838383197784424,0.13263680040836334,4.80949592590332,716,0.0029744862695224583,0.2,0.0003,-0.03298003599047661,-0.022008091676980257,2946.1428571428573,48.32499971428571
181,101,227,23168,0.008778607,0.03515625,-10.192139625549316,0.13261443376541138,4.810665011405945,720,0.0003998070606030524,0.2,0.0003,-0.014191708527505398,-0.00649945717304945,2946.1428571428573,48.32499971428571
182,102,227,23296,0.01066638,0.048828125,-0.6244889497756958,0.1325850486755371,4.812151908874512,724,0.0006361512787407264,0.2,0.0003,-0.008413572795689106,-0.0035352539271116257,2946.1428571428573,48.32499971428571
183,102,227,23424,0.013644271,0.0703125,-0.9878602027893066,0.13253828883171082,4.814257860183716,728,0.0014538828691001981,0.2,0.0003,-0.023009872063994408,-0.010982036590576172,2946.1428571428573,48.32499971428571
184,103,227,23552,0.015186878,0.099609375,-1.1957619190216064,0.1324518620967865,4.817924737930298,732,0.0003208132620784454,0.2,0.0003,-0.006010956130921841,-0.004887890303507447,2946.1428571428573,48.32499971428571
185,104,227,23680,0.024205113,0.103515625,-4.071048259735107,0.13238734006881714,4.823053598403931,736,0.0002721481505432166,0.2,0.0003,-0.044650688767433167,-0.025843496434390545,2955.125,48.2396235
186,104,227,23808,0.008100752,0.03125,-0.06375682353973389,0.13234344124794006,4.82624888420105,740,1.976148009300232,0.2,0.0003,0.9022883772850037,-0.0003200115170329809,2955.125,48.2396235
187,105,227,23936,0.011237772,0.056640625,0.022768795490264893,0.13229699432849884,4.828899145126343,744,0.04144382872618735,0.2,0.0003,0.021523669362068176,-0.008958199061453342,2955.125,48.2396235
188,105,227,24064,0.0107466495,0.046875,-0.22942030429840088,0.13223661482334137,4.83201265335083,748,0.006925594934727997,0.2,0.0003,-0.014219850301742554,-0.008882090914994478,2955.125,48.2396235
189,106,227,24192,0.031757593,0.16796875,0.4763966202735901,0.13217578828334808,4.8357696533203125,752,0.0031088966061361134,0.2,0.0003,-0.02014676108956337,-0.014443472027778625,2955.125,48.2396235
190,106,227,24320,0.012966595,0.06640625,-0.16209006309509277,0.1321333348751068,4.839090704917908,756,0.003575972921680659,0.2,0.0003,-0.03001532517373562,-0.014652686659246683,2955.125,48.2396235
191,107,227,24448,0.0214326,0.123046875,-0.8335880041122437,0.13209328055381775,4.841463804244995,760,0.0024671181454323232,0.2,0.0003,-0.009698107838630676,-0.006891906261444092,2955.125,48.2396235
192,108,227,24576,0.0183942,0.103515625,0.5003648996353149,0.13202783465385437,4.8444260358810425,764,0.0016231395566137508,0.2,0.0003,-0.011436634697020054,-0.007595117436721921,2955.125,48.2396235
193,108,227,24704,0.012445437,0.068359375,-0.20983338356018066,0.13197223842144012,4.848447203636169,768,0.0015754512569401413,0.2,0.0003,-0.010974221862852573,-0.006385030224919319,2955.125,48.2396235
194,109,227,24832,0.031112194,0.13671875,-0.5260046720504761,0.13192500174045563,4.851489067077637,772,0.0010503441008040681,0.2,0.0003,-0.014761274680495262,-0.010415049735456705,2955.125,48.2396235
195,109,227,24960,0.007652404,0.025390625,-0.5400338172912598,0.13189317286014557,4.854061007499695,776,0.0012580105103552341,0.2,0.0003,-0.018557487055659294,-0.00670599564909935,2955.125,48.2396235
196,110,227,25088,0.018766837,0.099609375,-0.020704030990600586,0.1318560540676117,4.855969667434692,780,0.000909557449631393,0.2,0.0003,-0.017697734758257866,-0.00944871618412435,2955.125,48.2396235
197,110,227,25216,0.014949558,0.080078125,-0.3406754732131958,0.13181988894939423,4.8582741022109985,784,0.00072165275196312,0.2,0.0003,-0.017561551183462143,-0.008496611611917615,2955.125,48.2396235
198,111,227,25344,0.032921523,0.150390625,0.726402759552002,0.13178591430187225,4.860417008399963,788,0.00041841372149065137,0.2,0.0003,-0.02313266508281231,-0.014939165441319346,2955.125,48.2396235
199,111,227,25472,0.020418921,0.1328125,-0.8988229036331177,0.13174721598625183,4.862503290176392,792,0.0006338740131468512,0.2,0.0003,-0.007619058713316917,-0.0054450081661343575,2955.125,48.2396235
200,112,227,25600,0.019146,0.107421875,-1.0712761878967285,0.13172662258148193,4.864616513252258,796,0.0008796693437034264,0.2,0.0003,-0.03455908223986626,-0.018476963508874178,2955.125,48.2396235
201,113,227,25728,0.028093442,0.15625,-3.205470561981201,0.13172149658203125,4.865394473075867,800,0.0004629813847714104,0.2,0.0003,-0.011671009473502636,-0.009246255969628692,2955.125,48.2396235
202,113,227,25856,0.01758814,0.103515625,-0.457472562789917,0.1317404806613922,4.8652708530426025,804,0.0004191928273939993,0.2,0.0003,-0.01437331736087799,-0.008962091989815235,2955.125,48.2396235
203,114,227,25984,0.01449986,0.064453125,0.04126828908920288,0.13176795840263367,4.863763928413391,808,0.00038382186176022515,0.2,0.0003,-0.019698088988661766,-0.010256145149469376,2955.125,48.2396235
204,114,227,26112,0.014879329,0.107421875,0.08836793899536133,0.13178060948848724,4.8622682094573975,812,0.0008061612024903297,0.2,0.0003,-0.004099400248378515,-0.0034911029506474733,2955.125,48.2396235
205,115,227,26240,0.011041225,0.041015625,-1.5174047946929932,0.13179321587085724,4.861688137054443,816,0.0005313555811881088,0.2,0.0003,-0.024604452773928642,-0.010958004044368863,2955.125,48.2396235
206,115,227,26368,0.01938801,0.10546875,-2.2399284839630127,0.13179872930049896,4.860933184623718,820,0.0003234430041629821,0.2,0.0003,-0.012898536399006844,-0.006217867659870535,2955.125,48.2396235
207,116,227,26496,0.029746316,0.158203125,0.195834219455719,0.13180983066558838,4.860608816146851,824,0.00035542909608921036,0.2,0.0003,-0.02277563512325287,-0.014736466575413942,2955.125,48.2396235
208,117,227,26624,0.024465526,0.140625,-0.7489662170410156,0.13182364404201508,4.859757781028748,828,0.0005187111892155372,0.2,0.0003,-0.013271464966237545,-0.008265915559604764,2955.125,48.2396235
209,117,227,26752,0.012091108,0.0703125,-1.1078481674194336,0.13181807100772858,4.85926079750061,832,0.00033320645889034495,0.2,0.0003,-0.01640709489583969,-0.006776777328923345,2955.125,48.2396235
210,118,227,26880,0.027939389,0.134765625,-1.05604887008667,0.13177241384983063,4.860365152359009,836,0.0002773918822640553,0.2,0.0003,-0.0133693041279912,-0.010243203258141875,2976.777777777778,48.757870555555556
211,118,227,27008,0.0123496335,0.052734375,0.11043459177017212,0.13173778355121613,4.863344311714172,840,1.8223104774951935,0.2,0.0003,0.8238884210586548,-0.0077955713495612144,2976.777777777778,48.757870555555556
212,119,227,27136,0.015666688,0.080078125,-0.0609515905380249,0.13170330226421356,4.86515200138092,844,0.026535363111179322,0.2,0.0003,0.014447057619690895,-0.0074370254296809435,2976.777777777778,48.757870555555556
213,119,227,27264,0.007994166,0.029296875,0.6684830188751221,0.1316727101802826,4.867385268211365,848,0.012140661187004298,0.2,0.0003,-0.005138039588928223,-0.00596525426954031,2976.777777777778,48.757870555555556
214,120,227,27392,0.022078246,0.1328125,0.6839760541915894,0.13165263831615448,4.868935585021973,852,0.005949706886895001,0.2,0.0003,-0.008806118741631508,-0.007129002595320344,2976.777777777778,48.757870555555556
215,120,227,27520,0.010374847,0.048828125,0.5026336312294006,0.13161879777908325,4.870356559753418,856,0.003891671367455274,0.2,0.0003,-0.008603017777204514,-0.0031332606449723244,2976.777777777778,48.757870555555556
216,121,227,27648,0.008797696,0.03515625,-0.10059559345245361,0.13158418238162994,4.872615933418274,860,0.0033291187864961103,0.2,0.0003,-0.011778600513935089,-0.003763637854717672,2976.777777777778,48.757870555555556
217,122,227,27776,0.039313283,0.22265625,0.633807897567749,0.1315726935863495,4.874235153198242,864,0.002444291196297854,0.2,0.0003,-0.013014373369514942,-0.012833811808377504,2976.777777777778,48.757870555555556
218,122,227,27904,0.009366247,0.037109375,0.461566686630249,0.13157978653907776,4.874495148658752,868,0.002280309417983517,0.2,0.0003,-0.01161701325327158,-0.0043591102585196495,2976.777777777778,48.757870555555556
219,123,227,28032,0.026545998,0.138671875,0.8224601149559021,0.1315782070159912,4.874091625213623,872,0.0016798083379399031,0.2,0.0003,-0.03677372261881828,-0.020883322227746248,2976.777777777778,48.757870555555556
220,123,227,28160,0.028916078,0.162109375,0.07964116334915161,0.13156159222126007,4.874558448791504,876,0.0037081164191477,0.2,0.0003,-0.012969359755516052,-0.007745420793071389,2976.777777777778,48.757870555555556
221,124,227,28288,0.016977511,0.08984375,-0.5714266300201416,0.1315254420042038,4.875949382781982,880,0.0028836081182816997,0.2,0.0003,-0.011750155128538609,-0.004897030652500689,2976.777777777778,48.757870555555556
222,124,227,28416,0.010844227,0.056640625,-0.5027174949645996,0.13146063685417175,4.878721356391907,884,0.001976527608348988,0.2,0.0003,-0.008848253637552261,-0.0044137712102383375,2976.777777777778,48.757870555555556
223,125,227,28544,0.022005145,0.134765625,-2.029069185256958,0.1313968449831009,4.882879018783569,888,0.0015007881593191996,0.2,0.0003,-0.03411213681101799,-0.017649665474891663,2976.777777777778,48.757870555555556
224,125,227,28672,0.02985512,0.17578125,-1.9953575134277344,0.13135038316249847,4.886372327804565,892,0.001147395552834496,0.2,0.0003,-0.009631204418838024,-0.00893800612539053,2976.777777777778,48.757870555555556
225,126,227,28800,0.029833045,0.15625,0.45035266876220703,0.13131257891654968,4.888937711715698,896,0.000698862575518433,0.2,0.0003,-0.026673777028918266,-0.017677889205515385,2976.777777777778,48.757870555555556
226,126,227,28928,0.029313263,0.162109375,0.4537471532821655,0.13128629326820374,4.891083002090454,900,0.0006048725263099186,0.2,0.0003,-0.02978190965950489,-0.018921982496976852,2976.777777777778,48.757870555555556
227,127,227,29056,0.036827553,0.1796875,0.1149243712425232,0.1312684565782547,4.892400741577148,904,0.0008217240101657808,0.2,0.0003,-0.012928500771522522,-0.011546067893505096,2976.777777777778,48.757870555555556
228,128,227,29184,0.017403055,0.103515625,0.3614063858985901,0.13124144077301025,4.89368748664856,908,0.0005430352393887006,0.2,0.0003,-0.015773160383105278,-0.00862071430310607,2976.777777777778,48.757870555555556
229,128,227,29312,0.021241028,0.109375,-3.98770809173584,0.13121356070041656,4.895348072052002,912,0.0006545676587847993,0.2,0.0003,-0.02401958964765072,-0.013149162754416466,2976.777777777778,48.757870555555556
230,129,227,29440,0.015924048,0.08984375,-1.4179084300994873,0.13120020925998688,4.896912336349487,916,0.0009616483876015991,0.2,0.0003,-0.01706455647945404,-0.00952883344143629,2976.777777777778,48.757870555555556
231,129,228,29568,0.02254702,0.119140625,-5.966439723968506,0.13118627667427063,4.897484183311462,920,0.0007373359403572977,0.2,0.0003,-0.02373124472796917,-0.013915032846853137,2976.777777777778,48.757870555555556
232,130,228,29696,0.04752337,0.236328125,-4.2987565994262695,0.13116562366485596,4.898587346076965,924,0.00017831447621574625,0.2,0.0003,-0.01792294718325138,-0.016675915569067,2976.777777777778,48.757870555555556
233,130,228,29824,0.022059223,0.130859375,-6.353549003601074,0.13114747405052185,4.899825692176819,928,0.0003149402473354712,0.2,0.0003,-0.013906055130064487,-0.00774172879755497,2976.777777777778,48.757870555555556
234,131,228,29952,0.02059187,0.12109375,-0.03245365619659424,0.13112469017505646,4.901018738746643,932,0.00044173162314109504,0.2,0.0003,-0.010118620470166206,-0.006607847288250923,2976.777777777778,48.757870555555556
235,131,227,30080,0.016249012,0.083984375,-1.5056796073913574,0.13111475110054016,4.902255415916443,936,0.00030722392693860456,0.2,0.0003,-0.02895624004304409,-0.014950433047488332,2999.1,49.5193991
236,132,227,30208,0.017557452,0.099609375,0.22679388523101807,0.1310994178056717,4.902754545211792,940,0.0010876352316699922,0.2,0.0003,-0.02219638042151928,-0.011231380049139261,2999.1,49.5193991
237,133,227,30336,0.033823468,0.18359375,-4.63132381439209,0.13108235597610474,4.903923153877258,944,0.002274402300827205,0.2,0.0003,-0.022561004385352135,-0.016281227581202984,2999.1,49.5193991
238,133,227,30464,0.024057716,0.134765625,-1.9576835632324219,0.13104470074176788,4.905243277549744,948,0.0004172574044787325,0.2,0.0003,-0.00782718975096941,-0.00535203330218792,2999.1,49.5193991
239,134,227,30592,0.014769984,0.072265625,-1.1369988918304443,0.13099519908428192,4.9079777002334595,952,0.0005104224546812475,0.2,0.0003,-0.01267408300191164,-0.0056069390848279,2999.1,49.5193991
240,134,227,30720,0.012327362,0.056640625,-1.5381498336791992,0.13094329833984375,4.910987615585327,956,0.00031442721956409514,0.2,0.0003,-0.013970729894936085,-0.005655909888446331,2999.1,49.5193991
241,135,227,30848,0.016464267,0.083984375,-0.46425557136535645,0.13088983297348022,4.914252042770386,960,0.00035456474870443344,0.2,0.0003,-0.008260098285973072,-0.004336618119850755,2999.1,49.5193991
242,135,227,30976,0.023829948,0.140625,0.22276943922042847,0.1308368742465973,4.917454361915588,964,0.0016901956259971485,0.2,0.0003,-0.01546622347086668,-0.011013631708920002,2999.1,49.5193991
243,136,227,31104,0.026757047,0.12109375,0.6501855254173279,0.13077279925346375,4.920918345451355,968,0.0003955953579861671,0.2,0.0003,-0.02302553877234459,-0.012321955058723688,2999.1,49.5193991
244,136,227,31232,0.019377012,0.140625,-5.584677219390869,0.130705326795578,4.924996852874756,972,0.0006037643397576176,0.2,0.0003,-0.003138402011245489,-0.0024864855222404003,2999.1,49.5193991
245,137,227,31360,0.011958674,0.0546875,-0.4129441976547241,0.13066351413726807,4.928662657737732,976,0.00028282929270062596,0.2,0.0003,-0.02452719397842884,-0.010132862720638514,2999.1,49.5193991
246,138,227,31488,0.012574951,0.08203125,-18.558673858642578,0.13063430786132812,4.930772423744202,980,0.0007806563953636214,0.2,0.0003,-0.0059105283580720425,-0.0003130161203444004,2999.1,49.5193991
247,138,227,31616,0.008496625,0.02734375,-3.1051430702209473,0.13060308992862701,4.93261992931366,984,0.0004322554814280011,0.2,0.0003,-0.011240635998547077,-0.0031365714967250824,2999.1,49.5193991
248,139,227,31744,0.023066897,0.140625,-8.040878295898438,0.130569189786911,4.934618234634399,988,0.0006222978117875755,0.2,0.0003,-0.020920198410749435,-0.013428269885480404,2999.1,49.5193991
249,139,227,31872,0.035692167,0.20703125,-4.191778659820557,0.13053935766220093,4.936616659164429,992,0.0003253316899645142,0.2,0.0003,-0.016383832320570946,-0.013798614963889122,2999.1,49.5193991
250,140,227,32000,0.019860242,0.10546875,-0.04339945316314697,0.1305023729801178,4.93854546546936,996,0.00020013102403027005,0.2,0.0003,-0.019545290619134903,-0.011080733267590404,2999.1,49.5193991
251,140,227,32128,0.026742933,0.146484375,-3.0487470626831055,0.13046449422836304,4.940971612930298,1000,0.00023804386000847444,0.2,0.0003,-0.022399641573429108,-0.011889985529705882,2999.1,49.5193991
252,141,227,32256,0.041825354,0.2265625,-1.0712881088256836,0.13043494522571564,4.943091988563538,1004,0.00035267350904177874,0.2,0.0003,-0.009606844745576382,-0.010282140923663974,2999.1,49.5193991
253,142,227,32384,0.018103952,0.09765625,-0.36829590797424316,0.13040894269943237,4.944786071777344,1008,0.0006167788815218955,0.2,0.0003,-0.011573965661227703,-0.005335963913239539,2999.1,49.5193991
254,142,227,32512,0.040512256,0.20703125,-0.04350626468658447,0.130386620759964,4.946363568305969,1012,0.00041796639561653137,0.2,0.0003,-0.015867585316300392,-0.014396852347999811,2999.1,49.5193991
255,143,227,32640,0.0128495535,0.072265625,-31.4278564453125,0.13037799298763275,4.947532296180725,1016,0.0007511450094170868,0.2,0.0003,-0.014897197484970093,-0.008152155205607414,2999.1,49.5193991
256,143,227,32768,0.011675769,0.052734375,-19.93608856201172,0.13037090003490448,4.947828054428101,1020,0.00026022566817118786,0.2,0.0003,-0.018420981243252754,-0.007847433327697217,2999.1,49.5193991
257,144,227,32896,0.022685418,0.12890625,-1.4922442436218262,0.13032379746437073,4.949069380760193,1024,0.0004538305729511194,0.2,0.0003,-0.007286501582711935,-0.005696743726730347,2999.1,49.5193991
258,144,227,33024,0.015709827,0.080078125,-2.653165102005005,0.1302744299173355,4.952350735664368,1028,0.0003819919002125971,0.2,0.0003,-0.03866605460643768,-0.016945084207691252,2999.1,49.5193991
259,145,227,33152,0.041570246,0.21875,-4.656152248382568,0.13024160265922546,4.95500922203064,1032,0.00018406097296974622,0.2,0.0003,-0.019411886110901833,-0.014550514053553343,2999.1,49.5193991
260,146,227,33280,0.027618736,0.15625,-9.376714706420898,0.13021045923233032,4.956934213638306,1036,0.00018662241200217977,0.2,0.0003,-0.010312570258975029,-0.007561678532510996,3017.3636363636365,50.007631272727274
261,146,227,33408,0.019529626,0.119140625,0.8683831691741943,0.1301834136247635,4.958796739578247,1040,0.0013577999779954553,0.2,0.0003,-0.024097220972180367,-0.012820824747905135,3017.3636363636365,50.007631272727274
262,147,227,33536,0.017200448,0.087890625,-6.527447700500488,0.13015811145305634,4.960372090339661,1044,0.0011578471749089658,0.2,0.0003,-0.009883774444460869,-0.00407076021656394,3017.3636363636365,50.007631272727274
263,147,227,33664,0.022401048,0.125,-5.355579853057861,0.1301301121711731,4.962016224861145,1048,0.0003725992064573802,0.2,0.0003,-0.01720123179256916,-0.010864469688385725,3017.3636363636365,50.007631272727274
264,148,227,33792,0.029723829,0.1484375,-6.741026401519775,0.13009881973266602,4.963818311691284,1052,0.000236553605645895,0.2,0.0003,-0.016503605991601944,-0.01207452965900302,3017.3636363636365,50.007631272727274
265,148,227,33920,0.020064827,0.103515625,-1.1892168521881104,0.13006024062633514,4.965899109840393,1056,0.00015158570386120118,0.2,0.0003,-0.025905806571245193,-0.01311235479079187,3017.3636363636365,50.007631272727274
266,149,227,34048,0.015197763,0.08984375,-1.0591180324554443,0.13002651929855347,4.968285799026489,1060,0.0001841469857026823,0.2,0.0003,-0.010031424462795258,-0.004306479124352336,3017.3636363636365,50.007631272727274
267,150,227,34176,0.025077792,0.15625,-7.515314102172852,0.1300109326839447,4.969938516616821,1064,0.00020066469005541876,0.2,0.0003,-0.009712972678244114,-0.007815457182005048,3017.3636363636365,50.007631272727274
268,150,227,34304,0.017364578,0.087890625,-2.5050036907196045,0.12997668981552124,4.971143841743469,1068,0.0002135535833076574,0.2,0.0003,-0.021075483411550522,-0.010704906657338142,3017.3636363636365,50.007631272727274
269,151,227,34432,0.030793745,0.173828125,-5.116627216339111,0.12994280457496643,4.973486542701721,1072,0.000630747206741944,0.2,0.0003,-0.008810438215732574,-0.006657409481704235,3017.3636363636365,50.007631272727274
270,151,227,34560,0.025296062,0.130859375,-37.79865646362305,0.1299097239971161,4.9754486083984375,1076,0.00019369294750504196,0.2,0.0003,-0.028660940006375313,-0.016475860495120287,3017.3636363636365,50.007631272727274
271,152,227,34688,0.014679205,0.09765625,-10.410876274108887,0.12985877692699432,4.977848529815674,1080,0.00024816229779389687,0.2,0.0003,0.00070328323636204,-0.0010733287781476974,3017.3636363636365,50.007631272727274
272,152,228,34816,0.021014022,0.1171875,-1.3161687850952148,0.1298161745071411,4.980914950370789,1084,0.00037082608469063416,0.2,0.0003,-0.022463086992502213,-0.013433430343866348,3017.3636363636365,50.007631272727274
273,153,228,34944,0.015672645,0.08203125,-0.9578249454498291,0.1297788769006729,4.983322381973267,1088,0.0002828684082487598,0.2,0.0003,-0.01598535291850567,-0.007707981858402491,3017.3636363636365,50.007631272727274
274,153,228,35072,0.034926545,0.19140625,-1.3453648090362549,0.12973685562610626,4.985657095909119,1092,0.0013824927154928446,0.2,0.0003,-0.011510476469993591,-0.010555967222899199,3017.3636363636365,50.007631272727274
275,154,228,35200,0.024077736,0.130859375,-1.5119202136993408,0.12969940900802612,4.988227009773254,1096,0.0010803360637510195,0.2,0.0003,-0.033108457922935486,-0.018005978781729937,3017.3636363636365,50.007631272727274
276,154,228,35328,0.04106703,0.220703125,-1.103391408920288,0.12967467308044434,4.990270972251892,1100,0.0006707865686621517,0.2,0.0003,-0.0017860953230410814,-0.007476523518562317,3017.3636363636365,50.007631272727274
277,155,228,35456,0.0066902423,0.01953125,-1.7178544998168945,0.1296677142381668,4.991380572319031,1104,0.0012660376087296754,0.2,0.0003,-0.02218143455684185,-0.00789588550105691,3017.3636363636365,50.007631272727274
278,155,228,35584,0.027769633,0.173828125,-21.814376831054688,0.1296541690826416,4.9918142557144165,1108,0.0007816527067916468,0.2,0.0003,-0.0023472870234400034,-0.004174374742433429,3017.3636363636365,50.007631272727274
279,156,228,35712,0.013219668,0.05078125,-3.3961195945739746,0.12963645160198212,4.992823600769043,1112,0.000997945899143815,0.2,0.0003,-0.026438191533088684,-0.012868121499195695,3017.3636363636365,50.007631272727274
280,157,228,35840,0.026124792,0.134765625,-11.098878860473633,0.12961602210998535,4.993960976600647,1116,0.0008777967013884336,0.2,0.0003,-0.02959843911230564,-0.018219614401459694,3017.3636363636365,50.007631272727274
281,157,228,35968,0.01865286,0.111328125,-3.3552165031433105,0.1296008825302124,4.995181918144226,1120,0.00028251811454538256,0.2,0.0003,-0.0026818725746124983,-0.0011397162452340126,3017.3636363636365,50.007631272727274
282,158,228,36096,0.028531164,0.154296875,-0.13454961776733398,0.1295851320028305,4.996050477027893,1124,0.0005885548889636993,0.2,0.0003,-0.02073042467236519,-0.013986434554681182,3017.3636363636365,50.007631272727274
283,158,228,36224,0.010354391,0.05859375,-0.14396226406097412,0.1295647770166397,4.997161149978638,1128,0.0004642096027964726,0.2,0.0003,-0.018816184252500534,-0.00703018344938755,3017.3636363636365,50.007631272727274
284,159,227,36352,0.01813815,0.103515625,-0.6809394359588623,0.12955141067504883,4.99832820892334,1132,0.00032607923640171066,0.2,0.0003,-0.0040384093299508095,-0.0026558036915957928,3027.3333333333335,50.11811516666666
285,160,227,36480,0.009783307,0.052734375,-0.03779709339141846,0.12954440712928772,4.998983025550842,1136,1.967258632183075,0.2,0.0003,0.9002828598022461,-0.0070741677191108465,3027.3333333333335,50.11811516666666
286,160,227,36608,0.022936398,0.13671875,0.009682953357696533,0.12954652309417725,4.999248266220093,1140,0.040172504843212664,0.2,0.0003,0.027556445449590683,-0.008749153930693865,3027.3333333333335,50.11811516666666
287,161,227,36736,0.010795616,0.052734375,-9.924761772155762,0.1295536756515503,4.998907685279846,1144,0.009848473710007966,0.2,0.0003,-0.006304576061666012,-0.006337473634630442,3027.3333333333335,50.11811516666666
288,161,227,36864,0.035651375,0.201171875,-1.3158626556396484,0.12956209480762482,4.9985271692276,1148,0.0038189173210412264,0.2,0.0003,-0.03152339532971382,-0.020614106208086014,3027.3333333333335,50.11811516666666
289,162,227,36992,0.011986702,0.060546875,-1.1252038478851318,0.12958750128746033,4.997645616531372,1152,0.002767530269920826,0.2,0.0003,-0.003186090849339962,-0.00045695470180362463,3027.3333333333335,50.11811516666666
290,162,227,37120,0.015127836,0.087890625,-0.8131294250488281,0.12959550321102142,4.996199369430542,1156,0.002020053274463862,0.2,0.0003,-0.01789514720439911,-0.008572269696742296,3027.3333333333335,50.11811516666666
291,163,227,37248,0.0254657,0.158203125,0.2988972067832947,0.12960146367549896,4.995994567871094,1160,0.001523898812592961,0.2,0.0003,-0.015610779635608196,-0.009395729750394821,3027.3333333333335,50.11811516666666
292,163,227,37376,0.022412308,0.1328125,-1.1785120964050293,0.1296004354953766,4.995591878890991,1164,0.002196843212004751,0.2,0.0003,-0.023539157584309578,-0.013377721887081861,3027.3333333333335,50.11811516666666
293,164,227,37504,0.03651867,0.193359375,0.3451111316680908,0.12960076332092285,4.995725393295288,1168,0.0007348429353442043,0.2,0.0003,-0.012443154118955135,-0.010925351176410913,3027.3333333333335,50.11811516666666
294,165,227,37632,0.02456627,0.140625,-9.175704956054688,0.12959937751293182,4.995658874511719,1172,0.0014981236381572671,0.2,0.0003,-0.019347377121448517,-0.012432544026523829,3027.3333333333335,50.11811516666666
295,165,227,37760,0.03159034,0.1796875,-0.8236857652664185,0.1295756846666336,4.996160984039307,1176,0.0009949064478860237,0.2,0.0003,-0.01720350980758667,-0.012367782648652792,3027.3333333333335,50.11811516666666
296,166,228,37888,0.020468155,0.11328125,-4.466096878051758,0.12954138219356537,4.997892260551453,1180,0.0012624023511307314,0.2,0.0003,-0.022645026445388794,-0.01133230549748987,3027.3333333333335,50.11811516666666
297,166,228,38016,0.017229095,0.1015625,0.005426287651062012,0.12949451804161072,5.000330448150635,1184,0.0005222918480285443,0.2,0.0003,-0.0008206840138882399,-0.0018891156651079655,3027.3333333333335,50.11811516666666
298,167,228,38144,0.02736243,0.130859375,-0.825942873954773,0.12946352362632751,5.0030357837677,1188,0.0008678480371600017,0.2,0.0003,-0.02756066806614399,-0.016510275658220053,3027.3333333333335,50.11811516666666
299,167,228,38272,0.012729315,0.060546875,-14.676608085632324,0.12943901121616364,5.004587292671204,1192,0.0009051566012203693,0.2,0.0003,-0.013059642165899277,-0.005297990050166845,3027.3333333333335,50.11811516666666
300,168,228,38400,0.026266567,0.158203125,-5.6977763175964355,0.1294070929288864,5.006274223327637,1196,0.0007927940860099625,0.2,0.0003,-0.017171107232570648,-0.011148295365273952,3027.3333333333335,50.11811516666666
301,168,228,38528,0.029867522,0.185546875,-0.9586286544799805,0.12936773896217346,5.00846540927887,1200,0.00042344327812315896,0.2,0.0003,-0.01949400082230568,-0.014321594848297536,3027.3333333333335,50.11811516666666
302,169,228,38656,0.023905028,0.13671875,0.5752953290939331,0.1293327808380127,5.01076865196228,1204,0.00015438039008586202,0.2,0.0003,-0.019502997398376465,-0.012809226289391518,3027.3333333333335,50.11811516666666
303,170,228,38784,0.031402975,0.162109375,-10.099836349487305,0.12929219007492065,5.013007879257202,1208,0.0004913340017083101,0.2,0.0003,-0.01887676678597927,-0.011965511599555612,3027.3333333333335,50.11811516666666
304,170,228,38912,0.015060389,0.1015625,-10.257452011108398,0.12924383580684662,5.015709400177002,1212,0.00047350658860523254,0.2,0.0003,-0.016720853745937347,-0.008088212925940752,3027.3333333333335,50.11811516666666
305,171,228,39040,0.035275176,0.205078125,-5.559319972991943,0.12919969856739044,5.018700361251831,1216,0.0001569824653415708,0.2,0.0003,-0.009555385448038578,-0.009375113528221846,3027.3333333333335,50.11811516666666
306,171,228,39168,0.014766985,0.076171875,-2.2637600898742676,0.1291281282901764,5.021814346313477,1220,0.0001407213458151091,0.2,0.0003,-0.007834015414118767,-0.004845432471483946,3027.3333333333335,50.11811516666666
307,172,228,39296,0.025091793,0.123046875,-8.894018173217773,0.12905298173427582,5.026589632034302,1224,0.0004699671480921097,0.2,0.0003,-0.0128508061170578,-0.009973867330700159,3027.3333333333335,50.11811516666666
308,172,228,39424,0.020078909,0.130859375,-3.3503875732421875,0.1289825737476349,5.031134605407715,1228,0.000281115630059503,0.2,0.0003,-0.0036768969148397446,-0.00472672563046217,3027.3333333333335,50.11811516666666
309,173,227,39552,0.0067110965,0.015625,-12.100778579711914,0.12892504036426544,5.035242199897766,1232,0.00015819869804545306,0.2,0.0003,-0.013409963808953762,-0.005296877585351467,3039.4615384615386,50.47874884615385
310,174,227,39680,0.015109599,0.0859375,-0.05802619457244873,0.1289028376340866,5.0381680727005005,1236,2.083269238471985,0.2,0.0003,0.9513909816741943,-0.0065263325814157724,3039.4615384615386,50.47874884615385
311,174,227,39808,0.009452275,0.044921875,-0.4518955945968628,0.12888099253177643,5.039191961288452,1240,0.03744893311522901,0.2,0.0003,0.024309620261192322,-0.005444915732368827,3039.4615384615386,50.47874884615385
312,175,227,39936,0.023541413,0.12890625,-2.8112025260925293,0.12884454429149628,5.040988087654114,1244,0.012753690010868013,0.2,0.0003,-0.009935497306287289,-0.013054722920060158,3039.4615384615386,50.47874884615385
313,175,227,40064,0.00949771,0.04296875,-1.1730937957763672,0.1288282573223114,5.042962431907654,1248,0.004750581458210945,0.2,0.0003,-0.009751575067639351,-0.004142428748309612,3039.4615384615386,50.47874884615385
314,176,227,40192,0.01075949,0.048828125,-1.1978628635406494,0.12880536913871765,5.043869733810425,1252,0.002941759623354301,0.2,0.0003,-0.02058301493525505,-0.007239426486194134,3039.4615384615386,50.47874884615385
315,176,227,40320,0.017359307,0.10546875,-0.3958413600921631,0.1287611573934555,5.045821905136108,1256,0.002615972683997825,0.2,0.0003,-0.007060354575514793,-0.004252561368048191,3039.4615384615386,50.47874884615385
316,177,227,40448,0.020011276,0.10546875,-0.611391544342041,0.12872245907783508,5.048537969589233,1260,0.0020841126679442823,0.2,0.0003,-0.04187270253896713,-0.02440454182215035,3039.4615384615386,50.47874884615385
317,178,227,40576,0.023050833,0.126953125,0.11873888969421387,0.12867678701877594,5.050921440124512,1264,0.0013419505703495815,0.2,0.0003,-0.0088117104023695,-0.0048131877556443214,3039.4615384615386,50.47874884615385
318,178,227,40704,0.024315808,0.140625,-0.5709466934204102,0.12862609326839447,5.053915739059448,1268,0.0012658492996706627,0.2,0.0003,-0.023116271942853928,-0.014805890154093504,3039.4615384615386,50.47874884615385
319,179,227,40832,0.01325767,0.080078125,-0.2952069044113159,0.12857428193092346,5.05712890625,1272,0.0012791456902050413,0.2,0.0003,-0.009462621062994003,-0.004495262634009123,3039.4615384615386,50.47874884615385
320,179,227,40960,0.018298224,0.109375,-1.4962282180786133,0.12851139903068542,5.060460686683655,1276,0.0014112456992734224,0.2,0.0003,-0.009953777305781841,-0.007125867996364832,3039.4615384615386,50.47874884615385
321,180,227,41088,0.017614812,0.09765625,-4.714890956878662,0.12846146523952484,5.06432569026947,1280,0.0010388151131337509,0.2,0.0003,-0.029143555089831352,-0.014018633170053363,3039.4615384615386,50.47874884615385
322,180,227,41216,0.011812652,0.056640625,-4.177301406860352,0.12843391299247742,5.066898465156555,1284,0.0009486615454079583,0.2,0.0003,-0.006726705003529787,-0.0018744086846709251,3039.4615384615386,50.47874884615385
323,181,227,41344,0.010531645,0.046875,-2.408811330795288,0.1284417062997818,5.0678911209106445,1288,0.0008700241014594212,0.2,0.0003,-0.006523262709379196,-0.0037625523982569575,3039.4615384615386,50.47874884615385
324,181,228,41472,0.014294809,0.078125,-1.2708313465118408,0.12847858667373657,5.06666374206543,1292,0.0005473637284012511,0.2,0.0003,-0.020061276853084564,-0.010781172662973404,3039.4615384615386,50.47874884615385
325,182,228,41600,0.03134249,0.171875,-2.1089789867401123,0.128504678606987,5.064379930496216,1296,0.0004040373387397267,0.2,0.0003,-0.021223125979304314,-0.015141668729484081,3039.4615384615386,50.47874884615385
326,182,228,41728,0.035232592,0.18359375,-0.017388224601745605,0.1285097748041153,5.0633533000946045,1300,0.0003462352105998434,0.2,0.0003,-0.030182497575879097,-0.019999547861516476,3039.4615384615386,50.47874884615385
327,183,228,41856,0.010097219,0.046875,-0.4933074712753296,0.12852045893669128,5.063050031661987,1304,0.0004207972378935665,0.2,0.0003,-0.010659696534276009,-0.004167243605479598,3039.4615384615386,50.47874884615385
328,184,228,41984,0.032259464,0.19921875,-6.4554853439331055,0.12854409217834473,5.0621267557144165,1308,0.0006165247104945593,0.2,0.0003,-0.01702764816582203,-0.013364314567297697,3039.4615384615386,50.47874884615385
329,184,228,42112,0.018640753,0.103515625,-6.579031944274902,0.12856082618236542,5.060708999633789,1312,0.0005993023805785924,0.2,0.0003,-0.025125902146100998,-0.014244243036955595,3039.4615384615386,50.47874884615385
330,185,228,42240,0.027802367,0.162109375,-3.3247928619384766,0.1285562962293625,5.060192227363586,1316,0.0007003955106483772,0.2,0.0003,-0.008928943425416946,-0.007534530712291598,3039.4615384615386,50.47874884615385
331,185,228,42368,0.04196459,0.20703125,-0.9281129837036133,0.12854228913784027,5.0607335567474365,1320,0.00033918094777618535,0.2,0.0003,-0.015541503205895424,-0.012812087312340736,3039.4615384615386,50.47874884615385
332,186,228,42496,0.013668373,0.072265625,0.12523233890533447,0.12851260602474213,5.061841249465942,1324,0.00032235671096714213,0.2,0.0003,-0.019315311685204506,-0.009739207569509745,3039.4615384615386,50.47874884615385
333,186,228,42624,0.020515246,0.134765625,-3.0472192764282227,0.12849061191082,5.063814163208008,1328,0.00035408352414378896,0.2,0.0003,-0.021176781505346298,-0.013493100181221962,3039.4615384615386,50.47874884615385
334,187,227,42752,0.008868527,0.03515625,-3.695174217224121,0.1284794807434082,5.0648040771484375,1332,0.0005000979654141702,0.2,0.0003,-0.023958997800946236,-0.00866361754015088,3050.9285714285716,50.92943778571429
335,188,227,42880,0.03911731,0.19921875,0.8780173063278198,0.12847164273262024,5.065479755401611,1336,0.0003988163734902628,0.2,0.0003,-0.010393818840384483,-0.01074565714225173,3050.9285714285716,50.92943778571429
336,188,227,43008,0.027790425,0.1796875,0.2526665925979614,0.12845268845558167,5.066155791282654,1340,0.0015300204104278237,0.2,0.0003,-0.02458430826663971,-0.016539148055016994,3050.9285714285716,50.92943778571429
337,189,227,43136,0.012493735,0.05859375,-6.18619441986084,0.1284589022397995,5.0671151876449585,1344,0.0002729284024098888,0.2,0.0003,-0.012789169326424599,-0.005817567463964224,3050.9285714285716,50.92943778571429
338,189,227,43264,0.015486004,0.095703125,-31.510398864746094,0.12845297157764435,5.06660532951355,1348,0.00013990596198709682,0.2,0.0003,-0.015360616147518158,-0.008087494759820402,3050.9285714285716,50.92943778571429
339,190,227,43392,0.014348388,0.072265625,-13.441819190979004,0.12842854857444763,5.067566514015198,1352,0.00011192923193448223,0.2,0.0003,-0.01321769692003727,-0.00669687450863421,3050.9285714285716,50.92943778571429
340,190,227,43520,0.008976974,0.0390625,-2.7800841331481934,0.12842370569705963,5.068820476531982,1356,0.00012212632282171398,0.2,0.0003,2.5623143301345408e-05,-0.0003829845227301121,3050.9285714285716,50.92943778571429
341,191,228,43648,0.009038545,0.03125,0.10071289539337158,0.1284375786781311,5.068657040596008,1360,0.0006430346693377942,0.2,0.0003,-0.022402746602892876,-0.00976212602108717,3050.9285714285716,50.92943778571429
342,191,228,43776,0.012872449,0.07421875,0.7581726312637329,0.12845635414123535,5.067683935165405,1364,0.00039860003016656265,0.2,0.0003,-0.008587891235947609,-0.003962082555517554,3050.9285714285716,50.92943778571429
343,192,228,43904,0.007468653,0.0234375,-0.9845758676528931,0.1284864842891693,5.066293478012085,1368,0.0014117411046754569,0.2,0.0003,-0.008630920201539993,-0.0033324374817311764,3050.9285714285716,50.92943778571429
344,193,228,44032,0.0135325035,0.083984375,0.15799367427825928,0.1285068392753601,5.0645670890808105,1372,0.0021732706809416413,0.2,0.0003,-0.0017256068531423807,-0.0012663931120187044,3050.9285714285716,50.92943778571429
345,193,228,44160,0.035391305,0.1953125,0.8380750417709351,0.12850740551948547,5.063754200935364,1376,0.0006824234806117602,0.2,0.0003,-0.02919629029929638,-0.01995176263153553,3050.9285714285716,50.92943778571429
346,194,228,44288,0.0101695005,0.056640625,-2.98462176322937,0.12850451469421387,5.063966512680054,1380,0.00046349606418516487,0.2,0.0003,-0.011518347077071667,-0.004459101241081953,3050.9285714285716,50.92943778571429
347,194,228,44416,0.011463691,0.060546875,-4.424287796020508,0.1285032033920288,5.064100503921509,1384,0.0003430037904763594,0.2,0.0003,-0.013081712648272514,-0.006138850934803486,3050.9285714285716,50.92943778571429
348,195,228,44544,0.028244093,0.16015625,-2.2317490577697754,0.12850512564182281,5.064165353775024,1388,0.00025505996018182486,0.2,0.0003,-0.02404836006462574,-0.016672444064170122,3050.9285714285716,50.92943778571429
349,195,228,44672,0.02503277,0.138671875,0.09018886089324951,0.12851427495479584,5.063873648643494,1392,0.00021600201216642745,0.2,0.0003,-0.01682637631893158,-0.010794742498546839,3050.9285714285716,50.92943778571429
350,196,228,44800,0.028464472,0.150390625,-0.9175771474838257,0.1285219043493271,5.063284873962402,1396,0.00033738979982445017,0.2,0.0003,-0.041510920971632004,-0.023993495386093855,3050.9285714285716,50.92943778571429
351,196,228,44928,0.016947798,0.12109375,-0.4184260368347168,0.12851843237876892,5.063059329986572,1400,0.000310603736579651,0.2,0.0003,0.0013264819281175733,0.0019110580906271935,3050.9285714285716,50.92943778571429
352,197,228,45056,0.021624248,0.123046875,0.3330308794975281,0.12851490080356598,5.063276886940002,1404,0.0006002427762723528,0.2,0.0003,-0.015150909312069416,-0.009677116060629487,3050.9285714285716,50.92943778571429
353,198,228,45184,0.018911207,0.083984375,-0.9775911569595337,0.1285029798746109,5.063646554946899,1408,0.00024986598509713076,0.2,0.0003,-0.012045314535498619,-0.0075509739108383656,3050.9285714285716,50.92943778571429
354,198,228,45312,0.008119904,0.02734375,-11.897687911987305,0.12852275371551514,5.063928723335266,1412,0.0020388909615576267,0.2,0.0003,-0.01018563099205494,-0.0044144997373223305,3050.9285714285716,50.92943778571429
355,199,228,45440,0.012888684,0.07421875,-1.159832239151001,0.1285305917263031,5.062596440315247,1416,0.000492046179715544,0.2,0.0003,-0.011823812499642372,-0.006329498719424009,3050.9285714285716,50.92943778571429
356,199,228,45568,0.011046704,0.05859375,-8.073967933654785,0.12852059304714203,5.062676429748535,1420,0.00018350540995015763,0.2,0.0003,-0.004375849850475788,0.0006155554438009858,3050.9285714285716,50.92943778571429
357,200,228,45696,0.010803501,0.041015625,-1.017446756362915,0.12851475179195404,5.063286066055298,1424,0.0011369751737220213,0.2,0.0003,-0.01973860338330269,-0.008287320844829082,3050.9285714285716,50.92943778571429
358,200,228,45824,0.015948098,0.08203125,-1.3151016235351562,0.1285383105278015,5.063109993934631,1428,0.00021298587307683192,0.2,0.0003,-0.010364659130573273,-0.005658092675730586,3050.9285714285716,50.92943778571429
359,201,227,45952,0.014484119,0.076171875,-3.0530104637145996,0.12857480347156525,5.0611443519592285,1432,0.00018677911793929525,0.2,0.0003,-0.019922537729144096,-0.00949188880622387,3060.866666666667,51.318923133333335
360,202,227,46080,0.009210578,0.048828125,0.8687191605567932,0.12858209013938904,5.05933940410614,1436,0.0004937629564665258,0.2,0.0003,-0.006346283480525017,-0.002389316214248538,3060.866666666667,51.318923133333335
361,202,227,46208,0.006886206,0.01953125,0.4017000198364258,0.1285695731639862,5.059474349021912,1440,0.0013122212258167565,0.2,0.0003,-0.0196320079267025,-0.006890397518873215,3060.866666666667,51.318923133333335
362,203,227,46336,0.011380522,0.060546875,-4.40870475769043,0.12854699790477753,5.0604588985443115,1444,0.00031432764808414504,0.2,0.0003,-0.008556535467505455,-0.0033088771160691977,3060.866666666667,51.318923133333335
363,203,227,46464,0.017942544,0.07421875,-13.917468070983887,0.12851016223430634,5.06220018863678,1448,0.00013025735643168446,0.2,0.0003,-0.02632499299943447,-0.01479889266192913,3060.866666666667,51.318923133333335
364,204,227,46592,0.022444915,0.14453125,-1.680835485458374,0.1284346580505371,5.0652196407318115,1452,0.0001542198115203064,0.2,0.0003,-0.008902297355234623,-0.0061689079739153385,3060.866666666667,51.318923133333335
365,204,227,46720,0.008307379,0.03125,-0.012463808059692383,0.12834689021110535,5.0705448389053345,1456,0.0001451245479984209,0.2,0.0003,-0.015496315434575081,-0.006854167673736811,3060.866666666667,51.318923133333335
366,205,228,46848,0.022571102,0.138671875,-1.136753797531128,0.12828479707241058,5.075513958930969,1460,0.0001949281977431383,0.2,0.0003,-0.01384932454675436,-0.010105290450155735,3060.866666666667,51.318923133333335
367,206,228,46976,0.008867005,0.03515625,-2.595273971557617,0.12824183702468872,5.078904509544373,1464,0.00015174784130067565,0.2,0.0003,-0.013017668388783932,-0.004396459087729454,3060.866666666667,51.318923133333335
368,206,228,47104,0.036023766,0.193359375,-8.209497451782227,0.1281849592924118,5.081701278686523,1468,0.0001375786741846241,0.2,0.0003,-0.024246683344244957,-0.017647020053118467,3060.866666666667,51.318923133333335
369,207,228,47232,0.006189789,0.017578125,0.4152090549468994,0.1281488835811615,5.085097074508667,1472,0.00018673832528293133,0.2,0.0003,-0.009394091553986073,-0.0024148686788976192,3060.866666666667,51.318923133333335
370,207,228,47360,0.03861495,0.203125,-0.7634563446044922,0.12811894714832306,5.0869163274765015,1476,0.0001533488557470264,0.2,0.0003,-0.0004382191691547632,-0.004565301351249218,3060.866666666667,51.318923133333335
371,208,228,47488,0.009792313,0.041015625,-6.377169609069824,0.1280973106622696,5.088747262954712,1480,0.00014231209570425563,0.2,0.0003,-0.012666342779994011,-0.006132286740466952,3060.866666666667,51.318923133333335
372,208,228,47616,0.009768176,0.041015625,0.6462997198104858,0.12805823981761932,5.090399742126465,1484,0.0001407782456226414,0.2,0.0003,-0.013954037800431252,-0.0055777532979846,3060.866666666667,51.318923133333335
373,209,228,47744,0.021367323,0.12890625,-14.952329635620117,0.12802448868751526,5.092947959899902,1488,0.00011331971472827718,0.2,0.0003,-0.014816129580140114,-0.009883509250357747,3060.866666666667,51.318923133333335
374,209,228,47872,0.028550379,0.162109375,0.4407755136489868,0.12799231708049774,5.094826936721802,1492,0.0004965705302311108,0.2,0.0003,-0.01368001289665699,-0.011204689741134644,3060.866666666667,51.318923133333335
375,210,228,48000,0.008833313,0.037109375,-2.896757125854492,0.12795192003250122,5.097032189369202,1496,0.0003451776356087066,0.2,0.0003,-0.02286715991795063,-0.009779833490028977,3060.866666666667,51.318923133333335
376,210,228,48128,0.014252866,0.078125,0.5993742942810059,0.1278967708349228,5.099811434745789,1500,0.00015458892812603153,0.2,0.0003,-0.012153170071542263,-0.005800735903903842,3060.866666666667,51.318923133333335
377,211,228,48256,0.010796522,0.048828125,0.7603802680969238,0.12783510982990265,5.103509545326233,1504,0.00034543225774541497,0.2,0.0003,-0.012428279966115952,-0.004756519105285406,3060.866666666667,51.318923133333335
378,211,228,48384,0.020283917,0.1171875,-21.0945987701416,0.12777966260910034,5.107173919677734,1508,0.00017040998136508279,0.2,0.0003,-0.01401800848543644,-0.00962461857125163,3060.866666666667,51.318923133333335
379,212,228,48512,0.019698348,0.109375,-1.3269033432006836,0.12773564457893372,5.110394477844238,1512,0.0002453061861160677,0.2,0.0003,-0.01676427200436592,-0.008445212384685874,3060.866666666667,51.318923133333335
380,213,228,48640,0.024027685,0.119140625,-2.510899305343628,0.1277054250240326,5.112827897071838,1516,0.0007742693123873323,0.2,0.0003,-0.0203250739723444,-0.011098187416791916,3060.866666666667,51.318923133333335
381,213,228,48768,0.02197443,0.130859375,-3.655362129211426,0.1276845782995224,5.114413022994995,1520,0.00015787878510309383,0.2,0.0003,-0.0186767578125,-0.009204742033034563,3060.866666666667,51.318923133333335
382,214,228,48896,0.022690631,0.126953125,-3.6766128540039062,0.12768542766571045,5.1153459548950195,1524,0.00021682627266272902,0.2,0.0003,-0.02148728258907795,-0.013719229027628899,3060.866666666667,51.318923133333335
383,214,228,49024,0.010094328,0.03125,0.162791907787323,0.12769335508346558,5.114887714385986,1528,0.0007950253784656525,0.2,0.0003,-0.010626548901200294,-0.004260343732312322,3060.866666666667,51.318923133333335
384,215,228,49152,0.022285087,0.103515625,-0.07325077056884766,0.12768280506134033,5.114715099334717,1532,0.00015734496264485642,0.2,0.0003,-0.029513603076338768,-0.01708741905167699,3069.5625,51.7370291875
385,215,228,49280,0.014986816,0.08203125,0.850050687789917,0.12766589224338531,5.115625858306885,1536,0.0006323437410173938,0.2,0.0003,-0.015011722221970558,-0.007660681381821632,3069.5625,51.7370291875
386,216,228,49408,0.008370564,0.029296875,0.4165933132171631,0.1276598423719406,5.116487741470337,1540,0.0012061813031323254,0.2,0.0003,-0.013482252135872841,-0.005360197275876999,3069.5625,51.7370291875
387,217,228,49536,0.024163418,0.162109375,-0.4727756977081299,0.12765996158123016,5.116647243499756,1544,0.00010982769526890479,0.2,0.0003,-0.0020814496092498302,-0.003825624007731676,3069.5625,51.7370291875
388,217,228,49664,0.016900808,0.095703125,-7.036627769470215,0.1276533454656601,5.116777181625366,1548,0.0001314300679950975,0.2,0.0003,-0.030549243092536926,-0.018335410626605153,3069.5625,51.7370291875
389,218,228,49792,0.037786774,0.169921875,-6.0772199630737305,0.12764960527420044,5.117212653160095,1552,0.00013147066783858463,0.2,0.0003,-0.04156116023659706,-0.026247481117025018,3069.5625,51.7370291875
390,218,228,49920,0.012814783,0.080078125,-20.22344398498535,0.12763936817646027,5.117477536201477,1556,0.00011419316251704004,0.2,0.0003,-0.0012496120762079954,9.107356891036034e-05,3069.5625,51.7370291875
391,219,228,50048,0.009857154,0.041015625,-0.3374587297439575,0.12761935591697693,5.1183987855911255,1560,0.00011926445040444378,0.2,0.0003,-0.022746484726667404,-0.009719343855977058,3069.5625,51.7370291875
392,219,228,50176,0.013252685,0.072265625,-2.1631217002868652,0.12759914994239807,5.119710206985474,1564,0.00011282515879429411,0.2,0.0003,-0.008367355912923813,-0.004051596159115434,3069.5625,51.7370291875
393,220,228,50304,0.014832679,0.07421875,-1.6808879375457764,0.1275908201932907,5.120721340179443,1568,0.00012951439930475317,0.2,0.0003,-0.010268847458064556,-0.004951746203005314,3069.5625,51.7370291875
394,220,228,50432,0.024065413,0.138671875,0.16697365045547485,0.12757672369480133,5.1211934089660645,1572,0.0001506039589003194,0.2,0.0003,-0.02847670204937458,-0.017877505626529455,3069.5625,51.7370291875
395,221,228,50560,0.016960347,0.08984375,-0.27024590969085693,0.12754787504673004,5.122478485107422,1576,0.0001627326309971977,0.2,0.0003,-0.008175142109394073,-0.005512662930414081,3069.5625,51.7370291875
396,221,228,50688,0.035520267,0.17578125,-0.7674641609191895,0.12749910354614258,5.12458074092865,1580,0.00011247856491536368,0.2,0.0003,-0.008232557214796543,-0.009694369975477457,3069.5625,51.7370291875
397,222,228,50816,0.013128238,0.052734375,-0.8698183298110962,0.12747851014137268,5.127378940582275,1584,0.00016737432815716602,0.2,0.0003,-0.00916960183531046,-0.004469710169360042,3069.5625,51.7370291875
398,223,228,50944,0.020278107,0.11328125,-2.2687430381774902,0.12746167182922363,5.128136515617371,1588,0.00013837253573001362,0.2,0.0003,-0.01728949323296547,-0.011110189370810986,3069.5625,51.7370291875
399,223,228,51072,0.014142064,0.083984375,-8.503921508789062,0.12744367122650146,5.129368424415588,1592,0.0002072735696856398,0.2,0.0003,-0.011344680562615395,-0.006277796113863587,3069.5625,51.7370291875
400,224,228,51200,0.020300709,0.11328125,-14.878938674926758,0.12746329605579376,5.129812717437744,1596,0.00016642407717881724,0.2,0.0003,-0.013253733515739441,-0.008460501325316727,3069.5625,51.7370291875
401,224,228,51328,0.016326526,0.0859375,-0.6184419393539429,0.12749657034873962,5.12803041934967,1600,0.00017543003195896745,0.2,0.0003,-0.024197645485401154,-0.013590742484666407,3069.5625,51.7370291875
402,225,228,51456,0.019593315,0.10546875,-1.098107099533081,0.1275111734867096,5.126342177391052,1604,0.0002844759619620163,0.2,0.0003,-0.0034054869320243597,-0.0029493372421711683,3069.5625,51.7370291875
403,225,228,51584,0.028335579,0.1328125,-2.79087233543396,0.12751266360282898,5.125829219818115,1608,0.00019406176943448372,0.2,0.0003,-0.018196599557995796,-0.011944910977035761,3069.5625,51.7370291875
404,226,228,51712,0.008139785,0.0390625,-0.8732844591140747,0.12749335169792175,5.126204967498779,1612,9.191944627673365e-05,0.2,0.0003,-0.010135424323379993,-0.0037275608628988266,3069.5625,51.7370291875
405,226,228,51840,0.007752375,0.03125,-4.701777935028076,0.12747333943843842,5.127634286880493,1616,0.0005009824089938775,0.2,0.0003,-0.02366289682686329,-0.009021684527397156,3069.5625,51.7370291875
406,227,228,51968,0.019921584,0.11328125,-10.813590049743652,0.12745237350463867,5.128841996192932,1620,0.00020349058104329742,0.2,0.0003,-0.009816279634833336,-0.006629565265029669,3069.5625,51.7370291875
407,228,228,52096,0.017959107,0.09765625,-4.297014236450195,0.12743358314037323,5.130118131637573,1624,9.235481957148295e-05,0.2,0.0003,-0.024025805294513702,-0.013755962601862848,3069.5625,51.7370291875
408,228,228,52224,0.013715431,0.076171875,-0.4154047966003418,0.12742877006530762,5.130982041358948,1628,0.0005893192937946878,0.2,0.0003,-0.015754414722323418,-0.0069355793530121446,3069.5625,51.7370291875
409,229,228,52352,0.0067655495,0.03125,-7.2676191329956055,0.12740860879421234,5.131389856338501,1632,0.00010033678881882224,0.2,0.0003,-0.0023108553141355515,0.00021720770746469498,3077.235294117647,52.126015411764705
410,229,228,52480,0.007728507,0.029296875,0.9127438068389893,0.1273794174194336,5.13308846950531,1636,0.0004055700919707306,0.2,0.0003,-0.017087245360016823,-0.006843587150797248,3077.235294117647,52.126015411764705
411,230,228,52608,0.010232903,0.0390625,-0.8495475053787231,0.12735310196876526,5.134826898574829,1640,0.0015938720607664436,0.2,0.0003,-0.012664896436035633,-0.004264377290382981,3077.235294117647,52.126015411764705
412,230,228,52736,0.043090604,0.21875,-4.882908344268799,0.12730582058429718,5.136904716491699,1644,0.00027943934765062295,0.2,0.0003,-0.018825402483344078,-0.014824989717453718,3077.235294117647,52.126015411764705
413,231,228,52864,0.027894635,0.1328125,-3.327634334564209,0.1272692084312439,5.1398842334747314,1648,0.00016040260015870444,0.2,0.0003,-0.033085115253925323,-0.019384736195206642,3077.235294117647,52.126015411764705
414,232,228,52992,0.019337442,0.12109375,-2.4559688568115234,0.1272381842136383,5.141905665397644,1652,0.00017482748808106408,0.2,0.0003,-0.003299508709460497,-0.0033384826965630054,3077.235294117647,52.126015411764705
415,232,228,53120,0.025050092,0.138671875,0.2514612674713135,0.1272026002407074,5.143996715545654,1656,0.0003457573438936379,0.2,0.0003,-0.021513212472200394,-0.0117958621121943,3077.235294117647,52.126015411764705
416,233,228,53248,0.016141567,0.0859375,-0.04396176338195801,0.12715335190296173,5.146459579467773,1660,0.00013527162627724465,0.2,0.0003,-0.015933198854327202,-0.00807712774258107,3077.235294117647,52.126015411764705
417,233,228,53376,0.02329132,0.13671875,-2.7758893966674805,0.12711980938911438,5.149484157562256,1664,0.00012294930820644367,0.2,0.0003,-0.006200407166033983,-0.005706857074983418,3077.235294117647,52.126015411764705
418,234,228,53504,0.008394433,0.03125,-0.2614337205886841,0.12711851298809052,5.150791168212891,1668,0.0001471617397328373,0.2,0.0003,-0.010567675344645977,-0.004500478971749544,3077.235294117647,52.126015411764705
419,234,228,53632,0.010736232,0.046875,-4.2363505363464355,0.12712064385414124,5.150599360466003,1672,0.00020002323435619473,0.2,0.0003,-0.013342930935323238,-0.006050611846148968,3077.235294117647,52.126015411764705
420,235,228,53760,0.018696496,0.115234375,-0.7245111465454102,0.12711435556411743,5.150618672370911,1676,0.00010240652409265749,0.2,0.0003,-0.02472229115664959,-0.014954534824937582,3077.235294117647,52.126015411764705
421,235,228,53888,0.020855207,0.126953125,0.06408041715621948,0.12712667882442474,5.150754451751709,1680,8.805005927570164e-05,0.2,0.0003,-0.004499336238950491,-0.004660568374674767,3077.235294117647,52.126015411764705
422,236,228,54016,0.0068283184,0.021484375,-6.225850582122803,0.12711915373802185,5.150147199630737,1684,0.00015812159472261555,0.2,0.0003,-0.012037406675517559,-0.003928735386580229,3077.235294117647,52.126015411764705
423,237,228,54144,0.012196687,0.07421875,0.8407930135726929,0.12712235748767853,5.150740265846252,1688,0.00022965519747231156,0.2,0.0003,-0.015193847008049488,-0.00756383640691638,3077.235294117647,52.126015411764705
424,237,228,54272,0.0175956,0.126953125,0.08873546123504639,0.1271110475063324,5.150550127029419,1692,0.00013524439054890536,0.2,0.0003,-0.0037365795578807592,-0.0025090393610298634,3077.235294117647,52.126015411764705
425,238,228,54400,0.0047977157,0.017578125,0.5916838645935059,0.12708836793899536,5.151659369468689,1696,0.00011275522228970658,0.2,0.0003,-0.01810833066701889,-0.006596924620680511,3077.235294117647,52.126015411764705
426,238,228,54528,0.026837723,0.146484375,0.39220452308654785,0.12704820930957794,5.153424382209778,1700,0.0002832932223100215,0.2,0.0003,-0.00575800659134984,-0.007382102194242179,3077.235294117647,52.126015411764705
427,239,228,54656,0.016192514,0.068359375,-4.0988922119140625,0.12700653076171875,5.1561360359191895,1704,0.0002059765138255898,0.2,0.0003,-0.022934917360544205,-0.012889981037005782,3077.235294117647,52.126015411764705
428,239,228,54784,0.012807383,0.0625,-5.26176118850708,0.12696485221385956,5.158699035644531,1708,0.00026591496862238273,0.2,0.0003,-0.023376332595944405,-0.010924847330898046,3077.235294117647,52.126015411764705
429,240,228,54912,0.012356258,0.06640625,-0.07396042346954346,0.12691479921340942,5.161534667015076,1712,0.0012978833401575685,0.2,0.0003,-0.004410783760249615,-0.0007392645347863436,3077.235294117647,52.126015411764705
430,241,228,55040,0.013182985,0.076171875,-3.9168195724487305,0.1268433928489685,5.165042996406555,1716,0.0001098807970265625,0.2,0.0003,-0.011705500073730946,-0.006849551107734442,3077.235294117647,52.126015411764705
431,241,228,55168,0.01554854,0.087890625,-0.8927072286605835,0.12677553296089172,5.169769883155823,1720,0.00014842689779470675,0.2,0.0003,-0.024354776367545128,-0.013056921074166894,3077.235294117647,52.126015411764705
432,242,228,55296,0.028045991,0.15234375,0.36436671018600464,0.12673510611057281,5.173408269882202,1724,0.0014913702907506377,0.2,0.0003,-0.018302835524082184,-0.012861914467066526,3077.235294117647,52.126015411764705
433,242,228,55424,0.012338597,0.05078125,-2.7312698364257812,0.12670502066612244,5.175561308860779,1728,0.0003155990307277534,0.2,0.0003,-0.010836783796548843,-0.0029893177561461926,3077.235294117647,52.126015411764705
434,243,228,55552,0.029753972,0.173828125,-5.893957138061523,0.12667538225650787,5.17746889591217,1732,0.00011331011046422645,0.2,0.0003,-0.011417877860367298,-0.0094063775613904,3079.3888888888887,52.20923622222222
435,244,228,55680,0.004628738,0.015625,-0.00026488304138183594,0.1266498565673828,5.179212331771851,1736,0.9776873290538788,0.2,0.0003,0.4700563848018646,-0.004073012620210648,3079.3888888888887,52.20923622222222
436,244,228,55808,0.014962199,0.080078125,-1.9508388042449951,0.12658876180648804,5.181397080421448,1740,0.0018566182116046548,0.2,0.0003,-0.006657255347818136,-0.004832434002310038,3079.3888888888887,52.20923622222222
437,245,228,55936,0.031245705,0.142578125,-10.291749000549316,0.12653154134750366,5.185585618019104,1744,0.00017524092982057482,0.2,0.0003,-0.015421144664287567,-0.010696865152567625,3079.3888888888887,52.20923622222222
438,245,228,56064,0.018093213,0.109375,-1.3368165493011475,0.12649302184581757,5.188581585884094,1748,8.472059744235594e-05,0.2,0.0003,-0.02116634137928486,-0.012089944444596767,3079.3888888888887,52.20923622222222
439,246,228,56192,0.012388306,0.0625,-5.595802307128906,0.1264425367116928,5.191186189651489,1752,0.0001751212366798427,0.2,0.0003,-0.007418032269924879,-0.0034273562487214804,3079.3888888888887,52.20923622222222
440,246,228,56320,0.021715194,0.126953125,-5.155157566070557,0.12638536095619202,5.194571137428284,1756,0.00012582161980390083,0.2,0.0003,-0.010501600801944733,-0.008541813120245934,3079.3888888888887,52.20923622222222
441,247,228,56448,0.018908754,0.123046875,-10.922367095947266,0.12635114789009094,5.197784066200256,1760,0.00012477779637265485,0.2,0.0003,-0.01169812586158514,-0.008188599022105336,3079.3888888888887,52.20923622222222
442,247,228,56576,0.018097665,0.08984375,0.016974449157714844,0.12633225321769714,5.199458718299866,1764,9.727436372486409e-05,0.2,0.0003,-0.024602610617876053,-0.014665441354736686,3079.3888888888887,52.20923622222222
443,248,228,56704,0.0151554905,0.0859375,0.28191983699798584,0.12629660964012146,5.200863718986511,1768,0.0001578731753397733,0.2,0.0003,-0.022049283608794212,-0.01124505721963942,3079.3888888888887,52.20923622222222
444,248,228,56832,0.02125609,0.142578125,-4.55897855758667,0.12626506388187408,5.20331335067749,1772,0.0003070650200243108,0.2,0.0003,-0.0050243656150996685,-0.004801159491762519,3079.3888888888887,52.20923622222222
445,249,228,56960,0.0180746,0.09765625,-6.423295497894287,0.12624777853488922,5.204942464828491,1776,0.00010739446952356957,0.2,0.0003,-0.020158914849162102,-0.009776507271453738,3079.3888888888887,52.20923622222222
446,250,228,57088,0.014810541,0.064453125,-0.31315863132476807,0.12624862790107727,5.205667614936829,1780,0.0002736326387093868,0.2,0.0003,-0.021159032359719276,-0.009604730643332005,3079.3888888888887,52.20923622222222
447,250,228,57216,0.009645151,0.046875,-2.3158352375030518,0.12624473869800568,5.205543041229248,1784,0.0008248697413364425,0.2,0.0003,-0.0018676185281947255,0.0012868109624832869,3079.3888888888887,52.20923622222222
448,251,228,57344,0.01729269,0.09765625,-1.8338251113891602,0.1262054741382599,5.206487536430359,1788,0.0003234594551031478,0.2,0.0003,-0.023853305727243423,-0.014301958959549665,3079.3888888888887,52.20923622222222
449,251,228,57472,0.023273397,0.138671875,-8.918350219726562,0.12614846229553223,5.209622144699097,1792,0.0004209998369333334,0.2,0.0003,-0.014846746809780598,-0.010152092203497887,3079.3888888888887,52.20923622222222
450,252,228,57600,0.00922583,0.048828125,-1.140045404434204,0.12611675262451172,5.212884426116943,1796,0.0003636829351307824,0.2,0.0003,-0.01201047096401453,-0.004105328815057874,3079.3888888888887,52.20923622222222
451,252,228,57728,0.020795267,0.123046875,-1.626821517944336,0.1261061280965805,5.21428644657135,1800,0.00027864949515787885,0.2,0.0003,-0.023329395800828934,-0.015181549359112978,3079.3888888888887,52.20923622222222
452,253,228,57856,0.010892627,0.0546875,-2.729869842529297,0.12610195577144623,5.214771151542664,1804,0.00018292666572961025,0.2,0.0003,-0.01452070102095604,-0.005907160695642233,3079.3888888888887,52.20923622222222
453,253,228,57984,0.0108278915,0.046875,-1.5421667098999023,0.12606635689735413,5.215563774108887,1808,0.00024097386267385446,0.2,0.0003,-0.014063863083720207,-0.0054636995773762465,3079.3888888888887,52.20923622222222
454,254,228,58112,0.030486416,0.169921875,-1.1973752975463867,0.1260201781988144,5.21838104724884,1812,0.000131015423903591,0.2,0.0003,-0.007933804765343666,-0.008185158541891724,3079.3888888888887,52.20923622222222
455,255,228,58240,0.020061452,0.119140625,-0.8717337846755981,0.12598386406898499,5.221056222915649,1816,0.00014566865684173536,0.2,0.0003,-0.020899202674627304,-0.0131355298217386,3079.3888888888887,52.20923622222222
456,255,228,58368,0.027565937,0.15234375,0.31995469331741333,0.12594175338745117,5.223411321640015,1820,0.00020050626335432753,0.2,0.0003,-0.014428715221583843,-0.011566102039068937,3079.3888888888887,52.20923622222222
457,256,228,58496,0.00654817,0.01953125,-0.9872097969055176,0.12590646743774414,5.226057767868042,1824,0.00022295107191894203,0.2,0.0003,-0.013013114221394062,-0.003921481431461871,3079.3888888888887,52.20923622222222
458,256,228,58624,0.02013476,0.109375,-4.758419036865234,0.12585721909999847,5.228344798088074,1828,0.0001821046789700631,0.2,0.0003,-0.020075367763638496,-0.01119124237447977,3083.842105263158,52.37181742105263
459,257,228,58752,0.010540245,0.060546875,-0.019062280654907227,0.12580466270446777,5.231765031814575,1832,2.183341145515442,0.2,0.0003,1.0060982704162598,-0.004908101167529821,3083.842105263158,52.37181742105263
460,257,228,58880,0.012201412,0.05859375,-0.04254317283630371,0.12576289474964142,5.234785676002502,1836,0.021376208344008774,0.2,0.0003,0.008118348196148872,-0.0070867701433598995,3083.842105263158,52.37181742105263
461,258,228,59008,0.020594928,0.12890625,-1.153463363647461,0.12573759257793427,5.23710572719574,1840,0.0040041608735919,0.2,0.0003,-0.00036239903420209885,-0.0033708522096276283,3083.842105263158,52.37181742105263
462,259,228,59136,0.025851745,0.130859375,0.2544708251953125,0.12570421397686005,5.238622188568115,1844,0.001548339510918595,0.2,0.0003,-0.015907805413007736,-0.010909402277320623,3083.842105263158,52.37181742105263
463,259,228,59264,0.012213353,0.0546875,0.24170148372650146,0.1256621927022934,5.241108775138855,1848,0.0011569182388484478,0.2,0.0003,-0.015447433106601238,-0.007496008183807135,3083.842105263158,52.37181742105263
464,260,228,59392,0.005618797,0.013671875,0.2541019320487976,0.12561152875423431,5.24391770362854,1852,0.0008920044710976072,0.2,0.0003,-0.008051454089581966,-0.0018185699009336531,3083.842105263158,52.37181742105263
465,260,228,59520,0.019632058,0.10546875,0.5038612484931946,0.1255587786436081,5.247215628623962,1856,0.0008694281787029468,0.2,0.0003,-0.0048044282011687756,-0.004413714865222573,3083.842105263158,52.37181742105263
466,261,228,59648,0.021442087,0.099609375,-0.7677620649337769,0.125522181391716,5.250210285186768,1860,0.0005932075073360465,0.2,0.0003,-0.016230707988142967,-0.01035526697523892,3083.842105263158,52.37181742105263
467,261,228,59776,0.022060372,0.126953125,0.21336066722869873,0.12548954784870148,5.2523263692855835,1864,0.0007764723995933309,0.2,0.0003,-0.011243877932429314,-0.008187300059944391,3083.842105263158,52.37181742105263
468,262,228,59904,0.023545748,0.1328125,-0.5249617099761963,0.12547728419303894,5.254133701324463,1868,0.0008556911561754532,0.2,0.0003,-0.020192857831716537,-0.01280053611844778,3083.842105263158,52.37181742105263
469,262,228,60032,0.01802953,0.09765625,-2.344313144683838,0.12548065185546875,5.2543487548828125,1872,0.0007265004132932518,0.2,0.0003,-0.01859481818974018,-0.00954592926427722,3083.842105263158,52.37181742105263
470,263,228,60160,0.019177457,0.107421875,-0.5488765239715576,0.12547153234481812,5.254349946975708,1876,0.0005846028216183186,0.2,0.0003,-0.01603616774082184,-0.010122941806912422,3083.842105263158,52.37181742105263
471,263,228,60288,0.019803576,0.107421875,-2.437926769256592,0.1254303902387619,5.2556010484695435,1880,0.0006353088974719867,0.2,0.0003,-0.010798420757055283,-0.005831676069647074,3083.842105263158,52.37181742105263
472,264,228,60416,0.007894744,0.029296875,0.3068188428878784,0.1253620982170105,5.259017825126648,1884,0.0002459279294271255,0.2,0.0003,-0.013434693217277527,-0.004977041855454445,3083.842105263158,52.37181742105263
473,265,228,60544,0.020542223,0.087890625,-0.22497785091400146,0.1252962350845337,5.263471364974976,1888,0.000421058513893513,0.2,0.0003,-0.03745735064148903,-0.017701709759421647,3083.842105263158,52.37181742105263
474,265,228,60672,0.025959406,0.158203125,-5.202415943145752,0.12524110078811646,5.267414212226868,1892,0.0003723136796907056,0.2,0.0003,-0.0013979629147797823,-0.003279884345829487,3083.842105263158,52.37181742105263
475,266,228,60800,0.014995082,0.07421875,-1.4388070106506348,0.12520065903663635,5.270621299743652,1896,0.0005954398075118661,0.2,0.0003,-0.024775967001914978,-0.013452925719320774,3083.842105263158,52.37181742105263
476,266,228,60928,0.018285403,0.08203125,-23.120948791503906,0.12516145408153534,5.273060202598572,1900,0.00037540411176451016,0.2,0.0003,-0.023779481649398804,-0.010808178689330816,3083.842105263158,52.37181742105263
477,267,228,61056,0.018041395,0.107421875,0.36297160387039185,0.12512405216693878,5.27561891078949,1904,0.00020880604643025436,0.2,0.0003,-0.005344409961253405,-0.003325412515550852,3083.842105263158,52.37181742105263
478,267,228,61184,0.0063443664,0.021484375,-21.532394409179688,0.12509644031524658,5.277750134468079,1908,0.0002469624778314028,0.2,0.0003,-0.010189581662416458,-0.0035386921372264624,3083.842105263158,52.37181742105263
479,268,228,61312,0.019816974,0.091796875,-5.172959804534912,0.12507875263690948,5.279267072677612,1912,0.00029755640571238473,0.2,0.0003,-0.018657483160495758,-0.009524737484753132,3083.842105263158,52.37181742105263
480,268,228,61440,0.009307928,0.048828125,-9.02133846282959,0.12505802512168884,5.280381441116333,1916,0.0002057816782325972,0.2,0.0003,-0.008480938151478767,-0.0020561167038977146,3083.842105263158,52.37181742105263
481,269,228,61568,0.012500476,0.060546875,-30.206098556518555,0.1250302791595459,5.281926155090332,1920,0.00017732516425894573,0.2,0.0003,-0.014918236993253231,-0.006889614276587963,3083.842105263158,52.37181742105263
482,269,228,61696,0.007936927,0.0390625,-0.3834962844848633,0.1250106543302536,5.283594250679016,1924,0.0003604276353144087,0.2,0.0003,-0.0047269114293158054,-0.0009664071258157492,3083.842105263158,52.37181742105263
483,270,228,61824,0.025138527,0.12109375,-0.6773000955581665,0.12499719113111496,5.284647703170776,1928,0.0001576043650857173,0.2,0.0003,-0.016788939014077187,-0.009399288101121783,3089.65,52.725871
484,271,228,61952,0.009437523,0.044921875,0.34720712900161743,0.1249743402004242,5.285704493522644,1932,0.00035183667932869866,0.2,0.0003,-0.02519822120666504,-0.011187957134097815,3089.65,52.725871
485,271,228,62080,0.028510008,0.1796875,0.6943027973175049,0.12494015693664551,5.287478089332581,1936,0.0005475642974488437,0.2,0.0003,-0.017559166997671127,-0.013029981520958245,3089.65,52.725871
486,272,228,62208,0.027080059,0.138671875,-13.722249984741211,0.12491396069526672,5.289583444595337,1940,0.0003075016356888227,0.2,0.0003,-0.03303208574652672,-0.019665811210870743,3089.65,52.725871
487,272,228,62336,0.024767224,0.134765625,-5.913616180419922,0.12487801909446716,5.291305780410767,1944,0.0001350314632873051,0.2,0.0003,-0.006513293832540512,-0.0055569070391356945,3089.65,52.725871
488,273,228,62464,0.006904021,0.025390625,-2.4730401039123535,0.12484510987997055,5.293785095214844,1948,0.00013934250091551803,0.2,0.0003,-0.012502679601311684,-0.004720231285318732,3089.65,52.725871
489,273,228,62592,0.022563884,0.13671875,-2.5535812377929688,0.124814972281456,5.295718789100647,1952,0.00013980092990095727,0.2,0.0003,-0.015263638459146023,-0.009355610935017467,3089.65,52.725871
490,274,228,62720,0.011107132,0.046875,-3.6840763092041016,0.12479501217603683,5.297532796859741,1956,8.189826439775061e-05,0.2,0.0003,-0.01735294796526432,-0.008387693436816335,3089.65,52.725871
491,274,228,62848,0.026425641,0.14453125,0.5722160339355469,0.12479345500469208,5.298453330993652,1960,0.00018304935656487942,0.2,0.0003,-0.01962687075138092,-0.01195259764790535,3089.65,52.725871
492,275,228,62976,0.024969447,0.150390625,-0.19412243366241455,0.12477909028530121,5.298624396324158,1964,0.00017069327441276982,0.2,0.0003,-0.008983009494841099,-0.006526395212858915,3089.65,52.725871
493,276,228,63104,0.019487683,0.107421875,-0.8870252370834351,0.12474009394645691,5.300226449966431,1968,0.00011979901319136843,0.2,0.0003,-0.018529599532485008,-0.012048631673678756,3089.65,52.725871
494,276,228,63232,0.017152727,0.1015625,-11.125761985778809,0.12469767034053802,5.302958130836487,1972,0.0001248630287591368,0.2,0.0003,-0.010814529843628407,-0.005562429316341877,3089.65,52.725871
495,277,228,63360,0.019548684,0.103515625,-16.426881790161133,0.12465779483318329,5.305569887161255,1976,0.00011583545347093605,0.2,0.0003,-0.01991540752351284,-0.011867170920595527,3089.65,52.725871
496,277,228,63488,0.017608099,0.09375,-0.2783852815628052,0.12460304796695709,5.308372974395752,1980,0.00010783471407194156,0.2,0.0003,-0.02436600625514984,-0.012859960086643696,3089.65,52.725871
497,278,228,63616,0.022224281,0.115234375,-0.6878664493560791,0.12454720586538315,5.312086343765259,1984,0.00015530905511695892,0.2,0.0003,-0.016484469175338745,-0.00990569544956088,3089.65,52.725871
498,278,228,63744,0.031361565,0.173828125,-14.833619117736816,0.12451620399951935,5.315138936042786,1988,0.00011287630877632182,0.2,0.0003,-0.025825344026088715,-0.01703055528923869,3089.65,52.725871
499,279,228,63872,0.027981414,0.177734375,0.1211128830909729,0.1245119720697403,5.3164613246917725,1992,0.0001298888528253883,0.2,0.0003,-0.020900443196296692,-0.01327152131125331,3089.65,52.725871
500,279,228,64000,0.021410534,0.134765625,-0.43597733974456787,0.12448487430810928,5.31697690486908,1996,0.00012387558672344312,0.2,0.0003,-0.011184236966073513,-0.007857407443225384,3089.65,52.725871
501,280,228,64128,0.013648116,0.080078125,-20.248586654663086,0.12444908171892166,5.319180011749268,2000,0.00013013085481361486,0.2,0.0003,-0.017373336479067802,-0.008549646940082312,3089.65,52.725871
502,280,228,64256,0.018935911,0.1171875,-2.1276047229766846,0.1244245320558548,5.321300625801086,2004,0.00025138026830973104,0.2,0.0003,-0.010473087430000305,-0.007835892960429192,3089.65,52.725871
503,281,228,64384,0.011505131,0.046875,-6.493950366973877,0.12440724670886993,5.3226635456085205,2008,0.0002545806528360117,0.2,0.0003,-0.020945940166711807,-0.008927841205149889,3089.65,52.725871
504,281,228,64512,0.016913678,0.1171875,-2.6766345500946045,0.12437744438648224,5.323993563652039,2012,0.0005129271448822692,0.2,0.0003,-0.0032102835830301046,-0.0037609124556183815,3089.65,52.725871
505,282,228,64640,0.016588219,0.083984375,-0.8769184350967407,0.1243518590927124,5.325904488563538,2016,0.00010903548172791488,0.2,0.0003,-0.03356695920228958,-0.017859901301562786,3089.65,52.725871
506,283,228,64768,0.012182299,0.0625,-7.522879600524902,0.1243259608745575,5.327449321746826,2020,0.000145758967846632,0.2,0.0003,-0.011819790117442608,-0.004693354479968548,3089.65,52.725871
507,283,228,64896,0.010152275,0.041015625,-0.4806867837905884,0.12429852038621902,5.329180836677551,2024,0.000550210737856105,0.2,0.0003,-0.014168625697493553,-0.005700320121832192,3089.65,52.725871
508,284,228,65024,0.020516986,0.107421875,-2.6672544479370117,0.12427841126918793,5.330805540084839,2028,0.00017643799947109073,0.2,0.0003,-0.010019241832196712,-0.007311566732823849,3094.904761904762,52.99363514285714
509,284,228,65152,0.009010944,0.03515625,0.8065117597579956,0.12426823377609253,5.331745624542236,2032,0.0004512996965786442,0.2,0.0003,-0.01335417665541172,-0.006033698096871376,3094.904761904762,52.99363514285714
510,285,228,65280,0.0061408314,0.0234375,0.5075529217720032,0.1242428869009018,5.332619071006775,2036,0.0008155219547916204,0.2,0.0003,-0.005773583892732859,-0.0010593110928311944,3094.904761904762,52.99363514285714
511,285,228,65408,0.0071478155,0.01953125,-2.3524062633514404,0.12420147657394409,5.334713697433472,2040,0.00021008945986977778,0.2,0.0003,-0.012450236827135086,-0.004676515236496925,3094.904761904762,52.99363514285714
512,286,228,65536,0.017403875,0.083984375,-15.229799270629883,0.12417902797460556,5.33711838722229,2044,0.0001703385241853539,0.2,0.0003,-0.007924588397145271,-0.004811556544154882,3094.904761904762,52.99363514285714
,,,,0.018438999,0.12890625,-5.993091583251953,0.1241278424859047,5.33892297744751,2048,0.000150346744703711,0.2,0.0003,0.00012881630391348153,-0.0021483043674379587,,
