# {"config": {"dt": 0.002, "kind": "wheel", "torque_limit_nm": 2.0}, "initial_command_history": "zero", "name": "calibration_0", "sampling": "state_then_command_then_next_state", "schema_version": 1, "split": "calibration"}
time_s,command_torque_nm,position_rad,velocity_rad_s,next_position_rad,next_velocity_rad_s
0.0,0.0,2.4603067149651487e-07,0.0005974910750169397,-5.482757107244352e-05,-0.0017811836775145484
0.002,0.0020136267223173797,-5.482757107244352e-05,-0.0017811836775145484,-9.093415703434452e-05,-0.0019832931099929246
0.004,0.004033233967048353,-9.093415703434452e-05,-0.0019832931099929246,1.2028720519487697e-05,0.002680430491109067
0.006,0.006058769554950871,1.2028720519487697e-05,0.002680430491109067,-9.801965144996835e-05,-0.001030123669491089
0.008,0.008090180381304015,-9.801965144996835e-05,-0.001030123669491089,9.961366989293977e-05,0.0013255778141213858
0.01,0.010127412410430385,9.961366989293977e-05,0.0013255778141213858,2.5096798096999185e-05,-0.0006765918686567301
0.012,0.012170410670259268,2.5096798096999185e-05,-0.0006765918686567301,1.9870702213962686e-06,0.003302349597232323
0.014,0.014219119246931792,1.9870702213962686e-06,0.003302349597232323,-0.0002554474531970462,0.0018637792508791923
0.016,0.01627348127944934,-0.0002554474531970462,0.0018637792508791923,-0.00035930363449281674,0.001193653124120989
0.018000000000000002,0.018333438954366465,-0.00035930363449281674,0.001193653124120989,-0.0003376442320839329,0.004410748741381348
0.02,0.02039893350052946,-0.0003376442320839329,0.004410748741381348,-0.00021060051175365749,0.006635533247978215
0.022,0.022469905183862073,-0.00021060051175365749,0.006635533247978215,8.903820552289736e-05,0.007025739942224678
0.024,0.024546293302199387,8.903820552289736e-05,0.007025739942224678,-0.00042807882246934293,0.007715179956660444
0.026000000000000002,0.02662803618017134,-0.00042807882246934293,0.007715179956660444,8.610265162756434e-05,0.010491478478516107
0.028,0.02871507116413713,8.610265162756434e-05,0.010491478478516107,-0.00018660329722304853,0.010855001033057877
0.03,0.030807334617171823,-0.00018660329722304853,0.010855001033057877,-4.943091054115993e-05,0.011806850117217684
0.032,0.032904761914106455,-4.943091054115993e-05,0.011806850117217684,0.00038865836204515477,0.013487796798221709
0.034,0.03500728743662303,0.00038865836204515477,0.013487796798221709,0.0002036590287843518,0.018611145937524817
0.036000000000000004,0.03711484456840573,0.0002036590287843518,0.018611145937524817,0.0001307246468203305,0.01841727789859918
0.038,0.03922736569034968,0.0001307246468203305,0.01841727789859918,0.000310530038652264,0.0206238018651986
0.04,0.04134478217582875,0.000310530038652264,0.0206238018651986,8.824239785250044e-05,0.022560457027589662
0.042,0.043467024386023484,8.824239785250044e-05,0.022560457027589662,0.0006537708515001873,0.02128201265166333
0.044,0.045594021665310985,0.0006537708515001873,0.02128201265166333,0.0006066847775744584,0.026639744460522682
0.046,0.04772570233671786,0.0006066847775744584,0.026639744460522682,0.00036348090538867073,0.03248420521267296
0.048,0.049861993697437566,0.00036348090538867073,0.03248420521267296,0.0007054765846410719,0.02822625120279676
0.05,0.05200282201441402,0.0007054765846410719,0.02822625120279676,0.0006335827158999457,0.03398079312810214
0.052000000000000005,0.0541481125199923,0.0006335827158999457,0.03398079312810214,0.0006511102105385358,0.03645940326590674
0.054,0.05629778940763849,0.0006511102105385358,0.03645940326590674,0.0007504155790147816,0.03876069883965816
0.056,0.05845177582772975,0.0007504155790147816,0.03876069883965816,0.001131080607820679,0.03847719872038065
0.058,0.060609993883416036,0.001131080607820679,0.03847719872038065,0.0009686120747716112,0.0413775164490436
0.06,0.0627723646265554,0.0009686120747716112,0.0413775164490436,0.0010431518943373706,0.04248254064355721
0.062,0.06493880805372379,0.0010431518943373706,0.04248254064355721,0.0009968200826253244,0.0470987029712183
0.064,0.06710924310230125,0.0009968200826253244,0.0470987029712183,0.0013928552690220864,0.05250149035298116
0.066,0.06928358764663599,0.0013928552690220864,0.05250149035298116,0.0010544397528117627,0.05143212362133027
0.068,0.07146175849428753,0.0010544397528117627,0.05143212362133027,0.0015603799405598214,0.051942132799912624
0.07,0.07364367138235094,0.0015603799405598214,0.051942132799912624,0.0014562305956882285,0.05873808246544224
0.07200000000000001,0.07582924097386327,0.0014562305956882285,0.05873808246544224,0.0019243544879056296,0.06342226968592335
0.074,0.07801838085429413,0.0019243544879056296,0.06342226968592335,0.0017380376675339166,0.0645272777768454
0.076,0.0802110035281216,0.0017380376675339166,0.0645272777768454,0.0018906424552600153,0.07164765069353439
0.078,0.08240702041549527,0.0018906424552600153,0.07164765069353439,0.001999190397738598,0.07144956466805623
0.08,0.084606341848988,0.001999190397738598,0.07144956466805623,0.0023065898045318894,0.0753967615206594
0.082,0.08680887707043788,0.0023065898045318894,0.0753967615206594,0.002355314030935538,0.07712130844062072
0.084,0.08901453422788198,0.002355314030935538,0.07712130844062072,0.0025588563187435042,0.08230770546531696
0.08600000000000001,0.09122322037258385,0.0025588563187435042,0.08230770546531696,0.0029687438832070607,0.08848503481430346
0.088,0.09343484145615567,0.0029687438832070607,0.08848503481430346,0.0029133004282698065,0.09264217349792318
0.09,0.09564930232777757,0.0029133004282698065,0.09264217349792318,0.0030413116668282876,0.09768246586641621
0.092,0.09786650673151494,0.0030413116668282876,0.09768246586641621,0.003308206874576195,0.1011673694781622
0.094,0.10008635730373594,0.003308206874576195,0.1011673694781622,0.0032602592674594207,0.10526892500455565
0.096,0.1023087555706306,0.0032602592674594207,0.10526892500455565,0.0033994084838043937,0.10523503748691215
0.098,0.10453360194583335,0.0033994084838043937,0.10523503748691215,0.003904540362011784,0.11239335992298763
0.1,0.10676079572815025,0.003904540362011784,0.11239335992298763,0.00423672621955172,0.12372947468057445
0.10200000000000001,0.10899023509939328,0.00423672621955172,0.12372947468057445,0.004286465819335278,0.12319951043132166
0.10400000000000001,0.11122181712232278,0.004286465819335278,0.12319951043132166,0.004753524498721741,0.13080265352837833
0.106,0.11345543773869976,0.004753524498721741,0.13080265352837833,0.0049478593192283,0.13493655078981825
0.108,0.11569099176745042,0.0049478593192283,0.13493655078981825,0.005405719512605719,0.1420830098601471
0.11,0.11792837290294361,0.005405719512605719,0.1420830098601471,0.005352294008915905,0.14674276423728433
0.112,0.12016747371338399,0.005352294008915905,0.14674276423728433,0.0058719307315189375,0.1508131239839021
0.114,0.12240818563932164,0.0058719307315189375,0.1508131239839021,0.0062350526639780215,0.1573898280739
0.116,0.12465039899228059,0.0062350526639780215,0.1573898280739,0.006708401201542025,0.1658369998829442
0.11800000000000001,0.1268940029535076,0.006708401201542025,0.1658369998829442,0.006875766456195042,0.1707765928355946
0.12,0.1291388855728432,0.006875766456195042,0.1707765928355946,0.007191435721697219,0.17463077112994901
0.122,0.1313849337677163,0.007191435721697219,0.17463077112994901,0.007359782823378094,0.18617899510335129
0.124,0.1336320333222646,0.007359782823378094,0.18617899510335129,0.007545228225175735,0.19413187507169175
0.126,0.13588006888658272,0.007545228225175735,0.19413187507169175,0.008020884442078335,0.20109452881180503
0.128,0.13812892397609874,0.008020884442078335,0.20109452881180503,0.008614762693835088,0.20843716379760394
0.13,0.14037848097108216,0.008614762693835088,0.20843716379760394,0.009238715684245967,0.21125800127844374
0.132,0.14262862111628472,0.009238715684245967,0.21125800127844374,0.009906229383420109,0.22482050970074988
0.134,0.14487922452071508,0.009906229383420109,0.22482050970074988,0.010102626634568424,0.22914615858567933
0.136,0.14713017015755028,0.010102626634568424,0.22914615858567933,0.010559015954010816,0.23565056107268154
0.138,0.1493813358641852,0.010559015954010816,0.23565056107268154,0.01130201910749843,0.24457042030759102
0.14,0.1516325983424216,0.01130201910749843,0.24457042030759102,0.011579780622964813,0.2522718821716444
0.14200000000000002,0.15388383315879905,0.011579780622964813,0.2522718821716444,0.011989216355041346,0.25965068443781614
0.14400000000000002,0.1561349147450692,0.011989216355041346,0.25965068443781614,0.012907240101415524,0.27038945669721903
0.146,0.15838571639881532,0.012907240101415524,0.27038945669721903,0.01340767338105016,0.27935805850970286
0.148,0.16063611028421917,0.01340767338105016,0.27935805850970286,0.013651820165850058,0.2874525365231146
0.15,0.16288596743297612,0.013651820165850058,0.2874525365231146,0.014272693788175233,0.29703548164095844
0.152,0.16513515774536158,0.014272693788175233,0.29703548164095844,0.014921828263773149,0.3054709732844798
0.154,0.16738354999144966,0.014921828263773149,0.3054709732844798,0.015351682906420002,0.3136444139140811
0.156,0.16963101181248608,0.015351682906420002,0.3136444139140811,0.016607369094738093,0.32323740443290855
0.158,0.17187740972241752,0.016607369094738093,0.32323740443290855,0.01673380793561642,0.3347092067467054
0.16,0.1741226091095785,0.01673380793561642,0.3347092067467054,0.01791332233226586,0.34071255100175624
0.162,0.17636647423853846,0.01791332233226586,0.34071255100175624,0.01829683643055157,0.35207234881576593
0.164,0.17860886825211025,0.01829683643055157,0.35207234881576593,0.01871269803714146,0.3646504193210734
0.166,0.18084965317352186,0.01871269803714146,0.3646504193210734,0.01980651592195538,0.37329427051829156
0.168,0.1830886899087539,0.01980651592195538,0.37329427051829156,0.0204272371519529,0.38415693871382683
0.17,0.18532583824904356,0.0204272371519529,0.38415693871382683,0.021256773921748587,0.3931811661850229
0.17200000000000001,0.18756095687355798,0.021256773921748587,0.3931811661850229,0.021950598536731016,0.401376446240218
0.17400000000000002,0.18979390335223792,0.021950598536731016,0.401376446240218,0.023267898802865027,0.4132566589097755
0.176,0.1920245341488143,0.023267898802865027,0.4132566589097755,0.023908832672656328,0.4247845039205376
0.178,0.1942527046239988,0.023908832672656328,0.4247845039205376,0.02463336909209137,0.43453484368864503
0.18,0.19647826903885077,0.02463336909209137,0.43453484368864503,0.02574034540515583,0.4457616419023865
0.182,0.19870108055832236,0.02574034540515583,0.4457616419023865,0.026498628931645035,0.4573388303206786
0.184,0.20092099125498272,0.026498628931645035,0.4573388303206786,0.027700891856233895,0.4696972874013659
0.186,0.2031378521129247,0.027700891856233895,0.4696972874013659,0.02850108921138624,0.47836234004186673
0.188,0.2053515130318541,0.02850108921138624,0.47836234004186673,0.02912968043709926,0.49265157149342786
0.19,0.20756182283136507,0.02912968043709926,0.49265157149342786,0.03060361125862254,0.5018424085406588
0.192,0.20976862925540127,0.03060361125862254,0.5018424085406588,0.031545902397101866,0.5151647846091666
0.194,0.21197177897690717,0.031545902397101866,0.5151647846091666,0.032654132932520084,0.5270279735494575
0.196,0.2141711176026688,0.032654132932520084,0.5270279735494575,0.03347051696374771,0.5399021719117555
0.198,0.21636648967834748,0.03347051696374771,0.5399021719117555,0.03440964474928519,0.5503848796851838
0.2,0.21855773869370765,0.03440964474928519,0.5503848796851838,0.035878852390617076,0.5622985451613475
0.202,0.2207447070880401,0.035878852390617076,0.5622985451613475,0.03730094828461647,0.5755092151398579
0.20400000000000001,0.22292723625578348,0.03730094828461647,0.5755092151398579,0.037865365169138916,0.5812496205292911
0.20600000000000002,0.22510516655234483,0.037865365169138916,0.5812496205292911,0.039451397770463255,0.5947796792061086
0.20800000000000002,0.2272783373001216,0.039451397770463255,0.5947796792061086,0.04050371292886271,0.610766478923868
0.21,0.22944658679472593,0.04050371292886271,0.610766478923868,0.041420349340810465,0.6172374413190636
0.212,0.23160975231141445,0.041420349340810465,0.6172374413190636,0.04306880725002337,0.6340080892333972
0.214,0.23376767011172372,0.04306880725002337,0.6340080892333972,0.04426072932785299,0.6465483176142672
0.216,0.23592017545031396,0.04426072932785299,0.6465483176142672,0.045456010165161445,0.6560846834382169
0.218,0.23806710258202257,0.045456010165161445,0.6560846834382169,0.04693846045179277,0.6698956502848663
0.22,0.24020828476912928,0.04693846045179277,0.6698956502848663,0.048012398980547474,0.6856632736732197
0.222,0.24234355428883403,0.048012398980547474,0.6856632736732197,0.049723912880208526,0.6983617375048949
0.224,0.24447274244095007,0.049723912880208526,0.6983617375048949,0.05095938931810618,0.7092117326655297
0.226,0.24659567955581319,0.05095938931810618,0.7092117326655297,0.05240461549306065,0.7218146123225396
0.228,0.24871219500240938,0.05240461549306065,0.7218146123225396,0.05411696026611228,0.7351613427961907
0.23,0.25082211719672204,0.05411696026611228,0.7351613427961907,0.055648980963027325,0.750624023201274
0.232,0.2529252736103004,0.055648980963027325,0.750624023201274,0.05750927595489126,0.7604524480342535
0.234,0.2550214907790518,0.05750927595489126,0.7604524480342535,0.05883503684766662,0.7764273313684078
0.23600000000000002,0.25711059431225697,0.05883503684766662,0.7764273313684078,0.06023474607513689,0.7871480968879242
0.23800000000000002,0.25919240890181294,0.06023474607513689,0.7871480968879242,0.06175263535099657,0.8050474407160971
0.24,0.26126675833170315,0.06175263535099657,0.8050474407160971,0.06346246731751548,0.8173065479295362
0.242,0.26333346548769637,0.06346246731751548,0.8173065479295362,0.06508241259370579,0.833105608447452
0.244,0.2653923523672774,0.06508241259370579,0.833105608447452,0.0668252926150718,0.8401147679823285
0.246,0.26744324008980863,0.0668252926150718,0.8401147679823285,0.06840777320338122,0.8543626992836572
0.248,0.26948594890692745,0.06840777320338122,0.8543626992836572,0.0696401980482204,0.8710887782222552
0.25,0.2715202982131767,0.0696401980482204,0.8710887782222552,0.07232931811584456,0.8861544470644168
0.252,0.27354610655687367,0.07232931811584456,0.8861544470644168,0.07362816169287692,0.8981509445305476
0.254,0.2755631916512162,0.07362816169287692,0.8981509445305476,0.07591692123000848,0.9143791280470789
0.256,0.277571370385629,0.07591692123000848,0.9143791280470789,0.07755670493562095,0.9280463280973555
0.258,0.2795704588373507,0.07755670493562095,0.9280463280973555,0.07943938299089473,0.9439097369314461
0.26,0.2815602722832634,0.07943938299089473,0.9439097369314461,0.08145521508864341,0.9569307546943165
0.262,0.2835406252119658,0.08145521508864341,0.9569307546943165,0.0830776338717544,0.9717751745799222
0.264,0.28551133133609213,0.0830776338717544,0.9717751745799222,0.08511947453777181,0.9872458964007523
0.266,0.2874722036048761,0.08511947453777181,0.9872458964007523,0.08700094085125742,0.999138289163416
0.268,0.28942305421696446,0.08700094085125742,0.999138289163416,0.08928131410774763,1.0111680836005303
0.27,0.29136369463347783,0.08928131410774763,1.0111680836005303,0.09168371643943492,1.031188986363384
0.272,0.2932939355913228,0.09168371643943492,1.031188986363384,0.09333213407842032,1.0443078023703942
0.274,0.295213587116755,0.09333213407842032,1.0443078023703942,0.09561519478136624,1.0520772494183348
0.276,0.29712245853919517,0.09561519478136624,1.0520772494183348,0.0977333124250477,1.0717639390203229
0.278,0.299020358505299,0.0977333124250477,1.0717639390203229,0.09987289541919463,1.0843558135141214
0.28,0.3009070949932813,0.09987289541919463,1.0843558135141214,0.10200472574127098,1.1008150834809052
0.28200000000000003,0.30278247532749747,0.10200472574127098,1.1008150834809052,0.10452795631710247,1.1165400156932537
0.28400000000000003,0.3046463061932813,0.10452795631710247,1.1165400156932537,0.1065504397950761,1.133664603724131
0.28600000000000003,0.30649839365204085,0.1065504397950761,1.133664603724131,0.10873125426189673,1.1445976627566663
0.28800000000000003,0.30833854315661424,0.10873125426189673,1.1445976627566663,0.11079931115268743,1.1633173652454605
0.29,0.3101665595668856,0.11079931115268743,1.1633173652454605,0.113705554557583,1.1768466605834538
0.292,0.311982247165662,0.113705554557583,1.1768466605834538,0.11602622050024555,1.1900966606813608
0.294,0.3137854096748124,0.11602622050024555,1.1900966606813608,0.11834507410875408,1.2042637418001942
0.296,0.31557585027167034,0.11834507410875408,1.2042637418001942,0.12070062731649556,1.2197941475846936
0.298,0.3173533716057002,0.12070062731649556,1.2197941475846936,0.12351296954018054,1.2357394939174382
0.3,0.31911777581542844,0.12351296954018054,1.2357394939174382,0.12569809938012344,1.2484350996028233
0.302,0.3208688645456399,0.12569809938012344,1.2484350996028233,0.12811195416693907,1.2677866395954487
0.304,0.322606438964842,0.12811195416693907,1.2677866395954487,0.1308994684155084,1.2797236462373962
0.306,0.3243302997829938,0.1308994684155084,1.2797236462373962,0.13331812301960017,1.2923961098604577
0.308,0.32604024726950565,0.13331812301960017,1.2923961098604577,0.13599330033158,1.3114039435905838
0.31,0.3277360812715049,0.13599330033158,1.3114039435905838,0.1385775935093093,1.324259672635397
0.312,0.32941760123237235,0.1385775935093093,1.324259672635397,0.14129146445756147,1.3400043733222349
0.314,0.33108460621054775,0.14129146445756147,1.3400043733222349,0.14372680531575024,1.3543972851211101
0.316,0.33273689489860614,0.14372680531575024,1.3543972851211101,0.14661445082855734,1.3717303904095277
0.318,0.3343742656426043,0.14661445082855734,1.3717303904095277,0.1494013361325605,1.386217061337271
0.32,0.3359965164616994,0.1494013361325605,1.386217061337271,0.15266068673619088,1.3995444963634522
0.322,0.3376034450680388,0.15266068673619088,1.3995444963634522,0.15506605548503402,1.4156686094248487
0.324,0.3391948488869221,0.15506605548503402,1.4156686094248487,0.1580467719183425,1.4284162615081002
0.326,0.3407705250772357,0.1580467719183425,1.4284162615081002,0.16103040819088985,1.4495543240483997
0.328,0.34233027055216075,0.16103040819088985,1.4495543240483997,0.16380788888901882,1.4602377377702696
0.33,0.34387388200015323,0.16380788888901882,1.4602377377702696,0.16660204975892778,1.4764006146881918
0.332,0.345401155906198,0.16660204975892778,1.4764006146881918,0.1695433978799318,1.4886646185671701
0.334,0.34691188857333666,0.1695433978799318,1.4886646185671701,0.17306070650196487,1.5041790552425967
0.336,0.3484058761444678,0.17306070650196487,1.5041790552425967,0.17606323500073964,1.5241439356461965
0.338,0.34988291462442245,0.17606323500073964,1.5241439356461965,0.1789712139623512,1.5372993747969381
0.34,0.35134279990231265,0.1789712139623512,1.5372993747969381,0.1824123596834056,1.5508869551020772
0.342,0.3527853277741534,0.1824123596834056,1.5508869551020772,0.1850360223549461,1.5636505477035123
0.34400000000000003,0.3542102939657593,0.1850360223549461,1.5636505477035123,0.18832580635681404,1.5843790016270138
0.34600000000000003,0.3556174941559139,0.18832580635681404,1.5843790016270138,0.19170232370995105,1.594585663980215
0.34800000000000003,0.3570067239998132,0.19170232370995105,1.594585663980215,0.19456233501906436,1.6104943886213265
0.35000000000000003,0.35837777915278196,0.19456233501906436,1.6104943886213265,0.19804489908350958,1.6261070627356116
0.352,0.3597304552942633,0.19804489908350958,1.6261070627356116,0.20131236230733227,1.6421065043726482
0.354,0.36106454815208117,0.20131236230733227,1.6421065043726482,0.20452269092872116,1.6564067160234004
0.356,0.3623798535269749,0.20452269092872116,1.6564067160234004,0.20796664034222567,1.67127017095575
0.358,0.3636761673174055,0.20796664034222567,1.67127017095575,0.21139875498394295,1.6901062236274884
0.36,0.36495328554463435,0.21139875498394295,1.6901062236274884,0.21481897417467347,1.7013760744804054
0.362,0.3662110043780722,0.21481897417467347,1.7013760744804054,0.21779562870481087,1.7169122700540065
0.364,0.3674491201608983,0.21779562870481087,1.7169122700540065,0.2212054737040852,1.7281604103053818
0.366,0.36866742943595043,0.2212054737040852,1.7281604103053818,0.22525731547182892,1.747201587568551
0.368,0.3698657289718829,0.22525731547182892,1.747201587568551,0.22857753295461403,1.7571465442620124
0.37,0.3710438157895936,0.22857753295461403,1.7571465442620124,0.23208386928429137,1.7739516400564346
0.372,0.3722014871889185,0.23208386928429137,1.7739516400564346,0.2358655372503937,1.794530517813907
0.374,0.37333854077559253,0.2358655372503937,1.794530517813907,0.23939092054445835,1.8031240505938078
0.376,0.37445477448847697,0.23939092054445835,1.8031240505938078,0.24275204463844718,1.8191980602586721
0.378,0.37554998662705086,0.24275204463844718,1.8191980602586721,0.24661858843812717,1.8315930278419874
0.38,0.37662397587916685,0.24661858843812717,1.8315930278419874,0.2503740949321881,1.8461365770672558
0.382,0.3776765413490692,0.2503740949321881,1.8461365770672558,0.25429911641880226,1.8650608409149587
0.384,0.3787074825856739,0.25429911641880226,1.8650608409149587,0.25804841671320017,1.8764376469010298
0.386,0.37971659961110843,0.25804841671320017,1.8764376469010298,0.261717945175521,1.8915231623478215
0.388,0.3807036929495112,0.261717945175521,1.8915231623478215,0.26534955559274415,1.9054601797693285
0.39,0.3816685636560882,0.26534955559274415,1.9054601797693285,0.26900825000226264,1.9175497985306325
0.392,0.382611013346426,0.26900825000226264,1.9175497985306325,0.2732964214808936,1.9343002621166547
0.394,0.3835308442260594,0.2732964214808936,1.9343002621166547,0.27707858820766657,1.950875778138211
0.396,0.3844278591202928,0.27707858820766657,1.950875778138211,0.28061468606404627,1.9614364026565887
0.398,0.38530186150427265,0.28061468606404627,1.9614364026565887,0.2849505353541524,1.9778621007783022
0.4,0.3861526555333096,0.2849505353541524,1.9778621007783022,0.2888222342213358,1.9931487214437202
0.402,0.3869800460734497,0.2888222342213358,1.9931487214437202,0.292949808653356,2.0026135128093783
0.404,0.3877838387322911,0.292949808653356,2.0026135128093783,0.29675942873265,2.0205368532499994
0.406,0.3885638398900455,0.29675942873265,2.0205368532499994,0.3011038388219928,2.0289473989487266
0.40800000000000003,0.38931985673084213,0.3011038388219928,2.0289473989487266,0.305373609717712,2.0476934171811347
0.41000000000000003,0.3900516972742721,0.305373609717712,2.0476934171811347,0.3094930952349878,2.0594122884923496
0.41200000000000003,0.39075917040717095,0.3094930952349878,2.0594122884923496,0.31331286690495913,2.0715378417190577
0.41400000000000003,0.3914420859156379,0.31331286690495913,2.0715378417190577,0.31805405168761397,2.08697790373017
0.41600000000000004,0.39210025451728797,0.31805405168761397,2.08697790373017,0.3220657566329979,2.099497525594185
0.418,0.39273348789373697,0.3220657566329979,2.099497525594185,0.3260093760360679,2.110836196536758
0.42,0.3933415987233146,0.3260093760360679,2.110836196536758,0.3301550092384611,2.129454945123371
0.422,0.393924400714005,0.3301550092384611,2.129454945123371,0.3342626658280885,2.142860416584355
0.424,0.3944817086366107,0.3342626658280885,2.142860416584355,0.3388881876129961,2.151774827461544
0.426,0.3950133383581391,0.3388881876129961,2.151774827461544,0.3430542725710168,2.166007856384339
0.428,0.3955191068754068,0.3430542725710168,2.166007856384339,0.3475044961289327,2.1788316976777526
0.43,0.3959988323488606,0.3475044961289327,2.1788316976777526,0.3517345323598329,2.192185796331283
0.432,0.3964523341366113,0.3517345323598329,2.192185796331283,0.3561058063823084,2.2030181418729007
0.434,0.3968794328286783,0.3561058063823084,2.2030181418729007,0.36073816684266424,2.2200746530188993
0.436,0.3972799502814408,0.36073816684266424,2.2200746530188993,0.3649037844978079,2.2309353661357516
0.438,0.3976537096522934,0.3649037844978079,2.2309353661357516,0.3695665751613141,2.241499489847191
0.44,0.398000535434503,0.3695665751613141,2.241499489847191,0.374379020826277,2.254847108351688
0.442,0.39832025349226263,0.374379020826277,2.254847108351688,0.379044424836491,2.2666559233436727
0.444,0.39861269109594066,0.379044424836491,2.2666559233436727,0.3833829618902259,2.279993929798274
0.446,0.39887767695751997,0.3833829618902259,2.279993929798274,0.38774001789366686,2.293755732080849
0.448,0.3991150412662253,0.38774001789366686,2.293755732080849,0.3924690447704627,2.3058159359541883
0.45,0.3993246157243342,0.3924690447704627,2.3058159359541883,0.3971236512828931,2.3143625171188167
0.452,0.3995062335831679,0.3971236512828931,2.3143625171188167,0.4017694008223633,2.328456453671302
0.454,0.3996597296792592,0.4017694008223633,2.328456453671302,0.4066616331703187,2.3382504162560434
0.456,0.3997849404706927,0.4066616331703187,2.3382504162560434,0.4111654018938934,2.348219885041718
0.458,0.3998817040736131,0.4111654018938934,2.348219885041718,0.41602987221645454,2.360989903970246
0.46,0.3999498602988998,0.41602987221645454,2.360989903970246,0.4202873595009705,2.374410466732114
0.462,0.39998925068899993,0.4202873595009705,2.374410466732114,0.4256413483968404,2.3827411060638775
0.464,0.3999997185549198,0.4256413483968404,2.3827411060638775,0.429996473161838,2.395447887121808
0.466,0.3999811090133673,0.429996473161838,2.395447887121808,0.43480410191361496,2.4087193377605183
0.468,0.39993326902404225,0.43480410191361496,2.4087193377605183,0.43970626057098966,2.417423379084669
0.47000000000000003,0.3998560474270707,0.43970626057098966,2.417423379084669,0.4448436961252314,2.4281394634862385
0.47200000000000003,0.3997492949805773,0.4448436961252314,2.4281394634862385,0.4496942130922646,2.4383682432630005
0.47400000000000003,0.39961286439839244,0.4496942130922646,2.4383682432630005,0.45426692187642004,2.4471753546989303
0.47600000000000003,0.39944661038788865,0.45426692187642004,2.4471753546989303,0.4598040991309722,2.460613979099133
0.47800000000000004,0.39925038968794196,0.4598040991309722,2.460613979099133,0.46442371331537385,2.47147193507917
0.48,0.3990240611070127,0.46442371331537385,2.47147193507917,0.469370285306206,2.481782529468967
0.482,0.39876748556134184,0.469370285306206,2.481782529468967,0.47470333668385917,2.489622307425137
0.484,0.39848052611325635,0.47470333668385917,2.489622307425137,0.4790133675478789,2.4995594272029726
0.486,0.3981630480095799,0.4790133675478789,2.4995594272029726,0.4840805802043196,2.5128249426913554
0.488,0.39781491872014296,0.4840805802043196,2.5128249426913554,0.48955348061883575,2.5190188542381433
0.49,0.3974360079763863,0.48955348061883575,2.5190188542381433,0.4941721439413037,2.529703466527792
0.492,0.3970261878100543,0.4941721439413037,2.529703466527792,0.4998079439918528,2.5341049210050284
0.494,0.3965853325919705,0.4998079439918528,2.5341049210050284,0.5047329101859612,2.5467812974853623
0.496,0.39611331907089126,0.5047329101859612,2.5467812974853623,0.5099516135250013,2.555821783885681
0.498,0.39561002641243137,0.5099516135250013,2.555821783885681,0.5148202106586266,2.563864305987089
0.5,0.3950753362380551,0.5148202106586266,2.563864305987089,0.5198330999409552,2.5784005218185855
0.502,0.3945091326641287,0.5198330999409552,2.5784005218185855,0.5253611310754045,2.583428577281581
0.504,0.3939113023410258,0.5253611310754045,2.583428577281581,0.5302083497125589,2.588896809913603
0.506,0.3932817344922823,0.5302083497125589,2.588896809913603,0.5355056223062639,2.600922924516987
0.508,0.3926203209537927,0.5355056223062639,2.600922924516987,0.5407858051691342,2.608943612172549
0.51,0.3919269562130419,0.5407858051691342,2.608943612172549,0.5458124984903585,2.616989639780684
0.512,0.39120153744836783,0.5458124984903585,2.616989639780684,0.5512790379009959,2.6275372046250607
0.514,0.3904439645682456,0.5512790379009959,2.6275372046250607,0.5569253817813712,2.63235727874505
0.516,0.38965414025058953,0.5569253817813712,2.63235727874505,0.5616790661104665,2.6400161408409475
0.518,0.3888319699820644,0.5616790661104665,2.6400161408409475,0.567005801088627,2.6460141538565978
0.52,0.38797736209740036,0.567005801088627,2.6460141538565978,0.5724249721321717,2.652601800576874
0.522,0.3870902278187043,0.5724249721321717,2.652601800576874,0.577881348872961,2.661504848988609
0.524,0.3861704812947606,0.577881348872961,2.661504848988609,0.5831472696889712,2.6682043723626143
0.526,0.38521803964031487,0.5831472696889712,2.6682043723626143,0.5883023362452899,2.6733636344511105
0.528,0.38423282297533345,0.5883023362452899,2.6733636344511105,0.5937638899716495,2.6806814982121256
0.53,0.38321475446423064,0.5937638899716495,2.6806814982121256,0.5992343796237523,2.6881182288915384
0.532,0.3821637603550579,0.5992343796237523,2.6881182288915384,0.6043037424604479,2.6944364690599443
0.534,0.3810797700186466,0.6043037424604479,2.6944364690599443,0.6097082374926045,2.699069927749024
0.536,0.37996271598769754,0.6097082374926045,2.699069927749024,0.6153301939196466,2.7019769861729426
0.538,0.37881253399580883,0.6153301939196466,2.7019769861729426,0.6208309154428168,2.7120766225767365
0.54,0.3776291630164359,0.6208309154428168,2.7120766225767365,0.6262154945991989,2.7163941077745983
0.542,0.37641254530177437,0.6262154945991989,2.7163941077745983,0.6316174392894666,2.7205772128649466
0.544,0.37516262642155973,0.6316174392894666,2.7205772128649466,0.6370934915758932,2.7265305905683888
0.546,0.37387935530177435,0.6370934915758932,2.7265305905683888,0.642630884387627,2.7301495574461687
0.548,0.3725626842632551,0.642630884387627,2.7301495574461687,0.648134255028706,2.737581306694069
0.55,0.37121256906019223,0.648134255028706,2.737581306694069,0.6535425154276302,2.740967063934896
0.552,0.36982896891851313,0.6535425154276302,2.740967063934896,0.6591737123650571,2.742878992834941
0.554,0.36841184657414117,0.6591737123650571,2.742878992834941,0.6646560982557728,2.7508676757226884
0.556,0.3669611683111223,0.6646560982557728,2.7508676757226884,0.6701294113718629,2.7551308877909833
0.558,0.36547690399961036,0.6701294113718629,2.7551308877909833,0.6754583167697482,2.7576358487388313
0.56,0.36395902713370304,0.6754583167697482,2.7576358487388313,0.6812399607547095,2.762612997187865
0.562,0.36240751486912015,0.6812399607547095,2.762612997187865,0.6866841990886464,2.7621250830556052
0.5640000000000001,0.36082234806071484,0.6866841990886464,2.7621250830556052,0.6922871527731167,2.7706983492750847
0.5660000000000001,0.3592035112998094,0.6922871527731167,2.7706983492750847,0.6979242444618867,2.771835162666581
0.5680000000000001,0.3575509929513478,0.6979242444618867,2.771835162666581,0.7029591271845511,2.77606146062535
0.5700000000000001,0.3558647851908536,0.7029591271845511,2.77606146062535,0.708794781904776,2.7717199241278445
0.5720000000000001,0.3541448840411874,0.708794781904776,2.7717199241278445,0.7144580580331041,2.7762075166151994
0.5740000000000001,0.35239128940909253,0.7144580580331041,2.7762075166151994,0.7196861199391088,2.780125833547843
0.5760000000000001,0.35060400512152035,0.7196861199391088,2.780125833547843,0.7257667169725756,2.7826536502172154
0.578,0.3487830389617269,0.7257667169725756,2.7826536502172154,0.7311367757490372,2.788685283172951
0.58,0.3469284027051296,0.7311367757490372,2.788685283172951,0.7369749363901581,2.786569796236875
0.582,0.34504011215491753,0.7369749363901581,2.786569796236875,0.7421841373450492,2.7856338146490502
0.584,0.34311818717740367,0.7421841373450492,2.7856338146490502,0.7476722004712569,2.7901759850111327
0.586,0.34116265173710886,0.7476722004712569,2.7901759850111327,0.7534708070745505,2.790504894510014
0.588,0.33917353393157174,0.7534708070745505,2.790504894510014,0.7591726848505254,2.7894870623859442
0.59,0.33715086602586974,0.7591726848505254,2.7894870623859442,0.7645456416519426,2.7930287044603372
0.592,0.33509468448684687,0.7645456416519426,2.7930287044603372,0.7702574591439655,2.794028394921757
0.594,0.33300503001703335,0.7702574591439655,2.794028394921757,0.7758040170330244,2.791372689364543
0.596,0.3308819475882516,0.7758040170330244,2.791372689364543,0.7813808115032392,2.7898748593648746
0.598,0.3287254864748954,0.7813808115032392,2.7898748593648746,0.7865635832728591,2.7927123875523137
0.6,0.3265357002868736,0.7865635832728591,2.7927123875523137,0.7924624538106587,2.7916201882803775
0.602,0.3243126470022101,0.7924624538106587,2.7916201882803775,0.7977144168725812,2.789505706013835
0.604,0.3220563889992849,0.7977144168725812,2.789505706013835,0.8035124776543972,2.787519241667521
0.606,0.31976699308871254,0.8035124776543972,2.787519241667521,0.8087575210942437,2.7873677622321247
0.608,0.3174445305448422,0.8087575210942437,2.7873677622321247,0.8149611938066934,2.7873664222057184
0.61,0.3150890771368719,0.8149611938066934,2.7873664222057184,0.8202314384267105,2.784917647848433
0.612,0.31270071315956627,0.8202314384267105,2.784917647848433,0.8260691186209836,2.777544592420856
0.614,0.3102795234635669,0.8260691186209836,2.777544592420856,0.8314547663568024,2.7820439309081975
0.616,0.3078255974852844,0.8314547663568024,2.7820439309081975,0.8371733448815646,2.7820242055910724
0.618,0.3053390292763629,0.8371733448815646,2.7820242055910724,0.8428160485508929,2.776685254947368
0.62,0.30281991753270515,0.8428160485508929,2.776685254947368,0.8481959721364654,2.7748426507802995
0.622,0.30026836562304826,0.8481959721364654,2.7748426507802995,0.853568207005807,2.7701673586467805
0.624,0.2976844816170791,0.853568207005807,2.7701673586467805,0.8593913125467992,2.770911061143819
0.626,0.29506837831307925,0.8593913125467992,2.770911061143819,0.8647052376968388,2.763416404522122
0.628,0.2924201732650872,0.8647052376968388,2.763416404522122,0.870296383194849,2.762484406441174
0.63,0.28973998880956875,0.870296383194849,2.762484406441174,0.8757623239553052,2.7587884480386893
0.632,0.2870279520915839,0.8757623239553052,2.7587884480386893,0.881078390372053,2.751295527166437
0.634,0.28428419509043906,0.881078390372053,2.751295527166437,0.8867265904464818,2.748823842588269
0.636,0.2815088546448134,0.8867265904464818,2.748823842588269,0.8924604728905743,2.7395797799635937
0.638,0.27870207247735057,0.8924604728905743,2.7395797799635937,0.897543818048152,2.738384084025328
0.64,0.27586399521870136,0.897543818048152,2.738384084025328,0.9030602733469032,2.7295403958318034
0.642,0.27299477443100817,0.9030602733469032,2.7295403958318034,0.9088541532652027,2.7282105375271026
0.644,0.2700945666308213,0.9088541532652027,2.7282105375271026,0.9141883362734631,2.7206708602135943
0.646,0.26716353331143267,0.9141883362734631,2.7206708602135943,0.9197270526086859,2.7153021520879403
0.648,0.26420184096461957,0.9197270526086859,2.7153021520879403,0.9251599578537035,2.7078796096413167
0.65,0.26120966110178423,0.9251599578537035,2.7078796096413167,0.9301766112290528,2.7037930866465523
0.652,0.25818717027447974,0.9301766112290528,2.7037930866465523,0.9356006198132136,2.6981748640224907
0.654,0.2551345500943105,0.9356006198132136,2.6981748640224907,0.9411731497874823,2.688177055706013
0.656,0.2520519872521962,0.9411731497874823,2.688177055706013,0.9465016660521872,2.6822777912944225
0.658,0.2489396735369876,0.9465016660521872,2.6822777912944225,0.9520216505176956,2.674430403964672
0.66,0.24579780585342415,0.9520216505176956,2.674430403964672,0.9570869853635472,2.67059048920155
0.662,0.24262658623942013,0.9570869853635472,2.67059048920155,0.9629433334920773,2.6643954331219235
0.664,0.2394262218826696,0.9629433334920773,2.6643954331219235,0.9678130259953912,2.6528209988293097
0.666,0.23619692513655852,0.9678130259953912,2.6528209988293097,0.9733953236061589,2.6438763707090773
0.668,0.23293891353537274,0.9733953236061589,2.6438763707090773,0.9781646078435218,2.635856649818357
0.67,0.2296524098087901,0.9781646078435218,2.635856649818357,0.9837039328685185,2.6252176214958287
0.672,0.22633764189564626,0.9837039328685185,2.6252176214958287,0.9885201512633304,2.615010530579957
0.674,0.22299484295696168,0.9885201512633304,2.615010530579957,0.9941997769785146,2.6071300619922786
0.676,0.2196242513882196,0.9941997769785146,2.6071300619922786,0.9992367499708127,2.5995892511720498
0.678,0.21622611083088425,0.9992367499708127,2.5995892511720498,1.0045677189852538,2.588765904476555
0.68,0.21280067018314594,1.0045677189852538,2.588765904476555,1.0097025566205695,2.5776812149349575
0.682,0.20934818360988316,1.0097025566205695,2.5776812149349575,1.0146689523345793,2.567191998445247
0.684,0.20586891055183157,1.0146689523345793,2.567191998445247,1.020085196662797,2.5587198734486045
0.686,0.20236311573394483,1.020085196662797,2.5587198734486045,1.0248071034063666,2.5473560985879087
0.6880000000000001,0.19883106917294258,1.0248071034063666,2.5473560985879087,1.0299848214893488,2.538502180383083
0.6900000000000001,0.19527304618402724,1.0299848214893488,2.538502180383083,1.0347618296875842,2.5238204571806193
0.6920000000000001,0.1916893273867624,1.0347618296875842,2.5238204571806193,1.0400342194498906,2.519506600155862
0.6940000000000001,0.18808019871010248,1.0400342194498906,2.519506600155862,1.045306461660784,2.502519587679413
0.6960000000000001,0.18444595139656003,1.045306461660784,2.502519587679413,1.0502393185934389,2.4949112696788434
0.6980000000000001,0.18078688200550186,1.0502393185934389,2.4949112696788434,1.0550073774074764,2.477870931249165
0.7000000000000001,0.17710329241556064,1.0550073774074764,2.477870931249165,1.0602288442080954,2.4671530043059655
0.7020000000000001,0.17339548982615274,1.0602288442080954,2.4671530043059655,1.0650276805187158,2.452462749301672
0.704,0.16966378675809363,1.0650276805187158,2.452462749301672,1.0701593495568056,2.4439667029460264
0.706,0.16590850105329308,1.0701593495568056,2.4439667029460264,1.074742438101481,2.4287383863609286
0.708,0.1621299558735274,1.074742438101481,2.4287383863609286,1.079051688874471,2.415221672193571
0.71,0.15832847969827366,1.079051688874471,2.415221672193571,1.0842188735167577,2.4011449040532655
0.712,0.15450440632159418,1.0842188735167577,2.4011449040532655,1.0891669122997525,2.385680008054067
0.714,0.15065807484806495,1.0891669122997525,2.385680008054067,1.0934367301488135,2.3729387948639276
0.716,0.14678982968773308,1.0934367301488135,2.3729387948639276,1.0983421473444512,2.3571383948588096
0.718,0.14290002055009646,1.0983421473444512,2.3571383948588096,1.1030558224329055,2.3424670148819704
0.72,0.13898900243709197,1.1030558224329055,2.3424670148819704,1.1073713353677765,2.330691473007074
0.722,0.13505713563508392,1.1073713353677765,2.330691473007074,1.1125101516865032,2.315344251929976
0.724,0.13110478570584358,1.1125101516865032,2.315344251929976,1.1174509353202615,2.297787430375975
0.726,0.12713232347650621,1.1174509353202615,2.297787430375975,1.1212587205839648,2.2803326667160086
0.728,0.12314012502849772,1.1212587205839648,2.2803326667160086,1.1259103400682315,2.2652528153527114
0.73,0.11912857168542293,1.1259103400682315,2.2652528153527114,1.1306679529045391,2.246146797723368
0.732,0.11509804999990039,1.1306679529045391,2.246146797723368,1.1351881281115963,2.230784138694482
0.734,0.11104895173934007,1.1351881281115963,2.230784138694482,1.1396135425175906,2.21699924376091
0.736,0.10698167387064889,1.1396135425175906,2.21699924376091,1.1438921271176348,2.20024586410952
0.738,0.10289661854385777,1.1438921271176348,2.20024586410952,1.1482135511905933,2.18210177124629
0.74,0.09879419307466125,1.1482135511905933,2.18210177124629,1.1523170019983437,2.1659639867592646
0.742,0.09467480992585686,1.1523170019983437,2.1659639867592646,1.1573196245981257,2.1524432798674673
0.744,0.09053888668767796,1.1573196245981257,2.1524432798674673,1.1614762906778289,2.1321162544612102
0.746,0.08638684605701265,1.1614762906778289,2.1321162544612102,1.1653020134386796,2.115576654064183
0.748,0.08221911581549213,1.1653020134386796,2.115576654064183,1.169614969261821,2.094304903587238
0.75,0.07803612880645144,1.169614969261821,2.094304903587238,1.173719869453513,2.076143977383801
0.752,0.07383832291074154,1.173719869453513,2.076143977383801,1.1778055604602284,2.057076715994023
0.754,0.06962614102139446,1.1778055604602284,2.057076715994023,1.1817522762204817,2.037548973430978
0.756,0.06540003101712663,1.1817522762204817,2.037548973430978,1.186463541568873,2.018977928271977
0.758,0.06116044573467333,1.186463541568873,2.018977928271977,1.1899591136886847,2.000772511936272
0.76,0.05690784293995082,1.1899591136886847,2.000772511936272,1.1941086087941217,1.9778417763526916
0.762,0.05264268529802962,1.1941086087941217,1.9778417763526916,1.1978459584254462,1.9620394277947812
0.764,0.04836544034191958,1.1978459584254462,1.9620394277947812,1.2018215768937417,1.9403535010472077
0.766,0.04407658044015487,1.2018215768937417,1.9403535010472077,1.2059179941895286,1.918435098420491
0.768,0.039776582763170004,1.2059179941895286,1.918435098420491,1.2094222343235568,1.8982071270336336
0.77,0.035465929248464305,1.2094222343235568,1.8982071270336336,1.2134607080816349,1.8745769248436517
0.772,0.031145106564544386,1.2134607080816349,1.8745769248436517,1.2167436023674931,1.8564338214530576
0.774,0.026814606073637018,1.2167436023674931,1.8564338214530576,1.2206829047062389,1.8374955884596507
0.776,0.02247492379316901,1.2206829047062389,1.8374955884596507,1.224458945058299,1.8117066466386833
0.778,0.01812656035600393,1.224458945058299,1.8117066466386833,1.2279164183213334,1.7926219969094235
0.78,0.01377002096943223,1.2279164183213334,1.7926219969094235,1.231175890279743,1.772425140900356
0.782,0.009405815372906553,1.231175890279743,1.772425140900356,1.234623524458549,1.7451146973600862
0.784,0.005034457794517431,1.234623524458549,1.7451146973600862,1.2381874639248396,1.7239820820607625
0.786,0.0006564669062024225,1.2381874639248396,1.7239820820607625,1.2415406741521164,1.7052179563807324
0.788,-0.0037276342223148216,1.2415406741521164,1.7052179563807324,1.2450963808127897,1.684935572566084
0.79,-0.008117318170863964,1.2450963808127897,1.684935572566084,1.2483117299574558,1.655773358407674
0.792,-0.012512053217446188,1.2483117299574558,1.655773358407674,1.251471864025477,1.6338724765305694
0.794,-0.016911303388143558,1.251471864025477,1.6338724765305694,1.2546042726355913,1.6132478696295085
0.796,-0.021314528508314994,1.2546042726355913,1.6132478696295085,1.2578964700413753,1.5848846752093606
0.798,-0.025721184255092303,1.2578964700413753,1.5848846752093606,1.2612951008043503,1.5648770142415533
0.8,-0.030130722211173296,1.2612951008043503,1.5648770142415533,1.2643094042545644,1.541371720673122
0.802,-0.034542589919919424,1.2643094042545644,1.541371720673122,1.2673984127284528,1.5170985288587073
0.804,-0.03895623094176365,1.2673984127284528,1.5170985288587073,1.270504699049962,1.4935383514016225
0.806,-0.04337108491192476,1.270504699049962,1.4935383514016225,1.2732721918284655,1.46897960909611
0.808,-0.04778658759944232,1.2732721918284655,1.46897960909611,1.2757893285776785,1.4431096396985432
0.81,-0.05220217096752272,1.2757893285776785,1.4431096396985432,1.2788658477930466,1.4189425758245002
0.812,-0.05661726323520935,1.2788658477930466,1.4189425758245002,1.2814328274875948,1.3966958443026158
0.8140000000000001,-0.06103128894037575,1.2814328274875948,1.3966958443026158,1.2844617267961875,1.365718736369891
0.8160000000000001,-0.06544366900404014,1.2844617267961875,1.365718736369891,1.2867844133762856,1.3421082782350464
0.8180000000000001,-0.06985382079600892,1.2867844133762856,1.3421082782350464,1.2897422920791293,1.3155816121847574
0.8200000000000001,-0.07426115820184893,1.2897422920791293,1.3155816121847574,1.2923610210806569,1.2899032251442841
0.8220000000000001,-0.07866509169118738,1.2923610210806569,1.2899032251442841,1.2949832803764294,1.263726121871335
0.8240000000000001,-0.0830650283873453,1.2949832803764294,1.263726121871335,1.2973432273442986,1.2409470099624735
0.8260000000000001,-0.08746037213829744,1.2973432273442986,1.2409470099624735,1.3002905216474507,1.2106149543892688
0.8280000000000001,-0.09185052358897101,1.3002905216474507,1.2106149543892688,1.3020554868282568,1.1844205843071538
0.8300000000000001,-0.09623488025486987,1.3020554868282568,1.1844205843071538,1.3046240575186299,1.157105537389494
0.8320000000000001,-0.10061283659703524,1.3046240575186299,1.157105537389494,1.306635394601321,1.1324778755151967
0.834,-0.10498378409833442,1.306635394601321,1.1324778755151967,1.3087475477327288,1.1035940650080394
0.836,-0.10934711134108446,1.3087475477327288,1.1035940650080394,1.3110047970966654,1.0741182363519073
0.838,-0.11370220408600047,1.3110047970966654,1.0741182363519073,1.3129127676101953,1.0501447214844633
0.84,-0.1180484453524765,1.3129127676101953,1.0501447214844633,1.3152784419336692,1.0230947564234338
0.842,-0.12238521550019013,1.3152784419336692,1.0230947564234338,1.316885618379863,0.9948805836314747
0.844,-0.12671189231203264,1.316885618379863,0.9948805836314747,1.3193360977360102,0.9691107755631222
0.846,-0.13102785107836198,1.3193360977360102,0.9691107755631222,1.3210407438214264,0.9382668531613286
0.848,-0.13533246468257398,1.3210407438214264,0.9382668531613286,1.3230066136456669,0.910780630909765
0.85,-0.13962510368799116,1.3230066136456669,0.910780630909765,1.324413905602627,0.8820880833523576
0.852,-0.14390513642606173,1.324413905602627,0.8820880833523576,1.3266480368472444,0.855746612960273
0.854,-0.14817192908587218,1.3266480368472444,0.855746612960273,1.3282437825489912,0.8258240021195135
0.856,-0.15242484580496185,1.3282437825489912,0.8258240021195135,1.3297958121092428,0.7969215434247843
0.858,-0.15666324876143742,1.3297958121092428,0.7969215434247843,1.3311153662646618,0.7743074490511695
0.86,-0.1608864982673876,1.3311153662646618,0.7743074490511695,1.3327811137973842,0.7394138254773934
0.862,-0.16509395286358375,1.3327811137973842,0.7394138254773934,1.3340334637429603,0.7120241867624091
0.864,-0.169284969415467,1.3340334637429603,0.7120241867624091,1.335656927947935,0.681226173449738
0.866,-0.1734589032104179,1.335656927947935,0.681226173449738,1.336372407152909,0.6523579862729005
0.868,-0.17761510805629308,1.336372407152909,0.6523579862729005,1.3379707746003797,0.6237323454958797
0.87,-0.1817529363812338,1.3379707746003797,0.6237323454958797,1.339419026559272,0.5946288857008832
0.872,-0.1858717393347304,1.339419026559272,0.5946288857008832,1.3404470061316913,0.5621648752763878
0.874,-0.18997086688993978,1.3404470061316913,0.5621648752763878,1.3415272654017936,0.5388236230355844
0.876,-0.1940496679472453,1.3415272654017936,0.5388236230355844,1.3425178488172262,0.5052980389737617
0.878,-0.19810749043905562,1.3425178488172262,0.5052980389737617,1.343343763681229,0.47842382666364597
0.88,-0.20214368143582773,1.343343763681229,0.47842382666364597,1.3440171502814586,0.4445880625788239
0.882,-0.206157587253309,1.3440171502814586,0.4445880625788239,1.345123980847803,0.41616437775487947
0.884,-0.21014855356098894,1.345123980847803,0.41616437775487947,1.345713376092423,0.3850658149639904
0.886,-0.21411592549174863,1.345713376092423,0.3850658149639904,1.3464535333677206,0.35437893747871096
0.888,-0.2180590477526995,1.3464535333677206,0.35437893747871096,1.3471301797892836,0.32145702932808345
0.89,-0.22197726473720014,1.3471301797892836,0.32145702932808345,1.3477388978755078,0.2950155506212198
0.892,-0.2258699206380399,1.3477388978755078,0.2950155506212198,1.3480751260449397,0.26222237187030106
0.894,-0.2297363595617796,1.3480751260449397,0.26222237187030106,1.3488656331651805,0.22993399430690542
0.896,-0.23357592564423266,1.3488656331651805,0.22993399430690542,1.3491719501481891,0.19925240456136664
0.898,-0.23738796316708122,1.3491719501481891,0.19925240456136664,1.3497035612228885,0.17523196378082787
0.9,-0.24117181667561002,1.3497035612228885,0.17523196378082787,1.3501606524288887,0.13934476330344311
0.902,-0.2449268310975434,1.3501606524288887,0.13934476330344311,1.3501220878912847,0.10916534220546906
0.904,-0.2486523518629784,1.3501220878912847,0.10916534220546906,1.350150643537908,0.08118266070068209
0.906,-0.2523477250253922,1.350150643537908,0.08118266070068209,1.3499613111595397,0.04957294723610817
0.908,-0.2560122973837156,1.3499613111595397,0.04957294723610817,1.350250507317114,0.02039480192559242
0.91,-0.25964541660545387,1.350250507317114,0.02039480192559242,1.3502766354944027,-0.011902191750224392
0.912,-0.26324643135084175,1.3502766354944027,-0.011902191750224392,1.3502219998466563,-0.03483659046830877
0.914,-0.26681469139801517,1.3502219998466563,-0.03483659046830877,1.3500531252150147,-0.05932356900364918
0.916,-0.27034954776918535,1.3500531252150147,-0.05932356900364918,1.3497747630586046,-0.0877049610254332
0.918,-0.27385035285779685,1.3497747630586046,-0.0877049610254332,1.3498465784690403,-0.10486385125720805
0.92,-0.27731646055665504,1.3498465784690403,-0.10486385125720805,1.3494381614638036,-0.1288871615781051
0.922,-0.28074722638700117,1.3494381614638036,-0.1288871615781051,1.3493121311783784,-0.15274109463746707
0.924,-0.28414200762852176,1.3493121311783784,-0.15274109463746707,1.3486141425300875,-0.17508844041310356
0.926,-0.28750016345027035,1.3486141425300875,-0.17508844041310356,1.3485978867397421,-0.20046524637231572
0.928,-0.29082105504248607,1.3485978867397421,-0.20046524637231572,1.348156896260914,-0.22204702552860844
0.93,-0.29410404574928567,1.348156896260914,-0.22204702552860844,1.3472104977233148,-0.24142179589348187
0.932,-0.2973485012022123,1.3472104977233148,-0.24142179589348187,1.3468768534752287,-0.2698079332646209
0.934,-0.3005537894546211,1.3468768534752287,-0.2698079332646209,1.3462433635760744,-0.28869854828941394
0.936,-0.3037192811168759,1.3462433635760744,-0.28869854828941394,1.345925531670288,-0.3148508754248267
0.9380000000000001,-0.3068443494923458,1.345925531670288,-0.3148508754248267,1.3450933597767891,-0.33608243413226124
0.9400000000000001,-0.3099283707141669,1.3450933597767891,-0.33608243413226124,1.3441609754544215,-0.3603873637520514
0.9420000000000001,-0.3129707238827601,1.3441609754544215,-0.3603873637520514,1.3435140208632168,-0.3858242023193635
0.9440000000000001,-0.31597079120407234,1.3435140208632168,-0.3858242023193635,1.3426050274253627,-0.4083356479009917
0.9460000000000001,-0.31892795812852515,1.3426050274253627,-0.4083356479009917,1.341844937561288,-0.4333760541778419
0.9480000000000001,-0.32184161349064194,1.341844937561288,-0.4333760541778419,1.3408416315147274,-0.45384648926776305
0.9500000000000001,-0.3247111496493352,1.3408416315147274,-0.45384648926776305,1.3400096881350652,-0.47817872545560286
0.9520000000000001,-0.327535962628825,1.3400096881350652,-0.47817872545560286,1.339199552662213,-0.5026895615828744
0.9540000000000001,-0.3303154522601661,1.339199552662213,-0.5026895615828744,1.3383577193342229,-0.5294736802029768
0.9560000000000001,-0.3330490223233565,1.3383577193342229,-0.5294736802029768,1.3369616013949188,-0.552447585568104
0.9580000000000001,-0.33573608069000666,1.3369616013949188,-0.552447585568104,1.336019422486912,-0.5724259407895531
0.96,-0.3383760394665367,1.336019422486912,-0.5724259407895531,1.3340576945288196,-0.6018022669933657
0.962,-0.34096831513787834,1.3340576945288196,-0.6018022669933657,1.3333335606986916,-0.6223395899243144
0.964,-0.3435123287116554,1.3333335606986916,-0.6223395899243144,1.3320520388167685,-0.6481278021544726
0.966,-0.3460075058628132,1.3320520388167685,-0.6481278021544726,1.3306516308342273,-0.6707536092394184
0.968,-0.34845327707866997,1.3306516308342273,-0.6707536092394184,1.3291527625393436,-0.6940803340950554
0.97,-0.35084907780436203,1.3291527625393436,-0.6940803340950554,1.3272760237487211,-0.7189392103149224
0.972,-0.35319434858865295,1.3272760237487211,-0.7189392103149224,1.3260325724861637,-0.7423527393451091
0.974,-0.35548853523007745,1.3260325724861637,-0.7423527393451091,1.3246570067374825,-0.7700972676221247
0.976,-0.35773108892339267,1.3246570067374825,-0.7700972676221247,1.3231928231501184,-0.794173118841266
0.978,-0.3599214664063025,1.3231928231501184,-0.794173118841266,1.3213027746795127,-0.8194918185848118
0.98,-0.3620591301064275,1.3213027746795127,-0.8194918185848118,1.3197993169383866,-0.8393412377954822
0.982,-0.3641435482884884,1.3197993169383866,-0.8393412377954822,1.3182807071384264,-0.8645617297965082
0.984,-0.3661741952016711,1.3182807071384264,-0.8645617297965082,1.3165093084725763,-0.8881463332064355
0.986,-0.3681505512271428,1.3165093084725763,-0.8881463332064355,1.3144569963616264,-0.9108945606365642
0.988,-0.3700721030256835,1.3144569963616264,-0.9108945606365642,1.3128156297568085,-0.9365342970282646
0.99,-0.3719383436854052,1.3128156297568085,-0.9365342970282646,1.3106359861933103,-0.9599280047503767
0.992,-0.3737487728695204,1.3106359861933103,-0.9599280047503767,1.3087346897575842,-0.9851021091771728
0.994,-0.37550289696413003,1.3087346897575842,-0.9851021091771728,1.3069098748467758,-1.007731967975223
0.996,-0.37720022922599417,1.3069098748467758,-1.007731967975223,1.3047357807621676,-1.0321417271197135
0.998,-0.37884028993025265,1.3047357807621676,-1.0321417271197135,1.3026071027225472,-1.0531918833818132
1.0,-0.3804226065180614,1.3026071027225472,-1.0531918833818132,1.3002964478641268,-1.0733371143835269
1.002,-0.38194671374410505,1.3002964478641268,-1.0733371143835269,1.2982533978542494,-1.0971432838967075
1.004,-0.38341215382395594,1.2982533978542494,-1.0971432838967075,1.2961231682270395,-1.1252492594846213
1.006,-0.3848184765812392,1.2961231682270395,-1.1252492594846213,1.2935607900790849,-1.1461842958869761
1.008,-0.386165239594569,1.2935607900790849,-1.1461842958869761,1.2913092871031935,-1.1699885004118553
1.01,-0.38745200834421895,1.2913092871031935,-1.1699885004118553,1.2888537868115333,-1.196629349920143
1.012,-0.38867835635848924,1.2888537868115333,-1.196629349920143,1.286434288568901,-1.2202625953394444
1.014,-0.389843865359733,1.286434288568901,-1.2202625953394444,1.2840766905565228,-1.2399763429845305
1.016,-0.39094812541000395,1.2840766905565228,-1.2399763429845305,1.281337041352944,-1.2615395798849642
1.018,-0.39199073505628695,1.281337041352944,-1.2615395798849642,1.2789675560696836,-1.2864155612324473
1.02,-0.392971301475272,1.2789675560696836,-1.2864155612324473,1.275951559499635,-1.3080030631825446
1.022,-0.39388944061763426,1.275951559499635,-1.3080030631825446,1.2732368260177465,-1.329987806699333
1.024,-0.39474477735177904,1.2732368260177465,-1.329987806699333,1.271263155971748,-1.3522092503044387
1.026,-0.3955369456070126,1.271263155971748,-1.3522092503044387,1.2683312766793615,-1.3747351302474726
1.028,-0.39626558851609905,1.2683312766793615,-1.3747351302474726,1.2654733467035226,-1.3943759533111104
1.03,-0.39693035855716197,1.2654733467035226,-1.3943759533111104,1.2625709101125846,-1.4141874464696191
1.032,-0.3975309176948909,1.2625709101125846,-1.4141874464696191,1.2600606157474723,-1.436363060941514
1.034,-0.3980669375210113,1.2600606157474723,-1.436363060941514,1.2568182115434952,-1.459960720031644
1.036,-0.39853809939397666,1.2568182115434952,-1.459960720031644,1.2539517984119832,-1.4795967808105701
1.038,-0.39894409457784014,1.2539517984119832,-1.4795967808105701,1.2510014927907183,-1.5001069622910694
1.04,-0.3992846243802658,1.2510014927907183,-1.5001069622910694,1.2481417547915317,-1.5247196986897968
1.042,-0.39955940028963544,1.2481417547915317,-1.5247196986897968,1.2446516582837717,-1.5395397842058194
1.044,-0.3997681441112084,1.2446516582837717,-1.5395397842058194,1.2415175169580819,-1.563245725289902
1.046,-0.3999105881022936,1.2415175169580819,-1.563245725289902,1.238370829340782,-1.5845848252797208
1.048,-0.3999864751063875,1.238370829340782,-1.5845848252797208,1.2352442187281867,-1.596907820360238
1.05,-0.39999555868623843,1.2352442187281867,-1.596907820360238,1.2322063383475372,-1.6237659811914922
1.052,-0.3999376032557896,1.2322063383475372,-1.6237659811914922,1.228520468021635,-1.6419073605136787
1.054,-0.3998123842109612,1.228520468021635,-1.6419073605136787,1.2255751517113003,-1.6620768501919312
1.056,-0.399619688059224,1.2255751517113003,-1.6620768501919312,1.2218771197817098,-1.6777817112601614
1.058,-0.39935931254792273,1.2218771197817098,-1.6777817112601614,1.2187912060438775,-1.6991928971791386
1.06,-0.39903106679130285,1.2187912060438775,-1.6991928971791386,1.2149604999686798,-1.7202109287605327
1.062,-0.39863477139619796,1.2149604999686798,-1.7202109287605327,1.2115731643398766,-1.740006200952468
1.064,-0.3981702585863316,1.2115731643398766,-1.740006200952468,1.2083554426824676,-1.7550018909861234
1.066,-0.3976373723251887,1.2083554426824676,-1.7550018909861234,1.2047583434803384,-1.7679603295229542
1.068,-0.3970359684374122,1.2047583434803384,-1.7679603295229542,1.2013178716783839,-1.7917083749419371
1.07,-0.39636591472867877,1.2013178716783839,-1.7917083749419371,1.1976433928273242,-1.8045490394092332
1.072,-0.3956270911040085,1.1976433928273242,-1.8045490394092332,1.1936721347189356,-1.825975097583144
1.074,-0.39481938968446295,1.1936721347189356,-1.825975097583144,1.1901174417017262,-1.8442158173795906
1.076,-0.3939427149221855,1.1901174417017262,-1.8442158173795906,1.186718139461998,-1.8625045321142077
1.078,-0.3929969837137394,1.186718139461998,-1.8625045321142077,1.182454417604915,-1.8746458223651243
1.08,-0.39198212551169487,1.182454417604915,-1.8746458223651243,1.1788498669550402,-1.8899151090321589
1.082,-0.3908980824344231,1.1788498669550402,-1.8899151090321589,1.1751373509609846,-1.9065387870577104
1.084,-0.3897448093740473,1.1751373509609846,-1.9065387870577104,1.1714670482896792,-1.925973863001516
1.086,-0.3885222741025073,1.1714670482896792,-1.925973863001516,1.1673656504390442,-1.9384230108722773
1.088,-0.3872304573756902,1.1673656504390442,-1.9384230108722773,1.1634881787489604,-1.9515621202720412
1.09,-0.3858693530355807,1.1634881787489604,-1.9515621202720412,1.1593458694286172,-1.9680023270007199
1.092,-0.38443896811038614,1.1593458694286172,-1.9680023270007199,1.1557244721952395,-1.9804420641262395
1.094,-0.3829393229125891,1.1557244721952395,-1.9804420641262395,1.1514393873751922,-1.9911791121196074
1.096,-0.38137045113487916,1.1514393873751922,-1.9911791121196074,1.1480191273185276,-2.0119975617999515
1.098,-0.3797323999439234,1.1480191273185276,-2.0119975617999515,1.1435724957683426,-2.0175595174017675
1.1,-0.3780252300719219,1.1435724957683426,-2.0175595174017675,1.1395973772022825,-2.0353275296327165
1.102,-0.37624901590590887,1.1395973772022825,-2.0353275296327165,1.1353016955844626,-2.0497276512272733
1.104,-0.3744038455747483,1.1353016955844626,-2.0497276512272733,1.1311784028355083,-2.062302046375895
1.106,-0.3724898210337802,1.1311784028355083,-2.062302046375895,1.127223023614219,-2.0742282240677374
1.108,-0.37050705814707247,1.127223023614219,-2.0742282240677374,1.1228151404552345,-2.087739913809266
1.11,-0.36845568676722973,1.1228151404552345,-2.087739913809266,1.1186996367675517,-2.0986962509511744
1.112,-0.36633585081271525,1.1186996367675517,-2.0986962509511744,1.11445711349451,-2.1060619759804458
1.114,-0.36414770834264165,1.11445711349451,-2.1060619759804458,1.1103283587287636,-2.1180354377876016
1.116,-0.36189143162897913,1.1103283587287636,-2.1180354377876016,1.1060671871263574,-2.1294840510874353
1.118,-0.3595672072261455,1.1060671871263574,-2.1294840510874353,1.1016908737900077,-2.140430367563754
1.12,-0.35717523603792073,1.1016908737900077,-2.140430367563754,1.0975688056238737,-2.1518470866360513
1.122,-0.3547157333816545,1.0975688056238737,-2.1518470866360513,1.0933667453886866,-2.1591225192075454
1.124,-0.35218892904970844,1.0933667453886866,-2.1591225192075454,1.088612165324663,-2.169326026489591
1.1260000000000001,-0.3495950673680994,1.088612165324663,-2.169326026489591,1.084272214089996,-2.176826203274257
1.1280000000000001,-0.34693440725229385,1.084272214089996,-2.176826203274257,1.07989287513674,-2.1832999499004613
1.1300000000000001,-0.3442072222601093,1.07989287513674,-2.1832999499004613,1.0754928010004963,-2.1982025171701842
1.1320000000000001,-0.34141380064168175,1.0754928010004963,-2.1982025171701842,1.0711002022788028,-2.205380453182143
1.1340000000000001,-0.3385544453864537,1.0711002022788028,-2.205380453182143,1.0668210300114316,-2.206580781944186
1.1360000000000001,-0.33562947426713835,1.0668210300114316,-2.206580781944186,1.062527232401825,-2.218336848897064
1.1380000000000001,-0.3326392198806215,1.062527232401825,-2.218336848897064,1.0578007327346763,-2.218691058319791
1.1400000000000001,-0.32958402968575146,1.0578007327346763,-2.218691058319791,1.0535599734185834,-2.228448089691436
1.1420000000000001,-0.32646426603798373,1.0535599734185834,-2.228448089691436,1.049238917644026,-2.229377520273769
1.1440000000000001,-0.32328030622082937,1.049238917644026,-2.229377520273769,1.0448075682971576,-2.239446914563287
1.1460000000000001,-0.3200325424740724,1.0448075682971576,-2.239446914563287,1.0401296272475304,-2.243547855071999
1.1480000000000001,-0.31672138201871264,1.0401296272475304,-2.243547855071999,1.0354372512357768,-2.251566777572685
1.1500000000000001,-0.31334724707859113,1.0354372512357768,-2.251566777572685,1.0310628301265752,-2.2556197350597356
1.1520000000000001,-0.3099105748986638,1.0310628301265752,-2.2556197350597356,1.0265248326235656,-2.257415355172228
1.154,-0.3064118177598777,1.0265248326235656,-2.257415355172228,1.0224831446934717,-2.2627960391281206
1.156,-0.30285144299061045,1.0224831446934717,-2.2627960391281206,1.0174622151796962,-2.264510737281608
1.158,-0.2992299329746424,1.0174622151796962,-2.264510737281608,1.013040294962632,-2.2647766064034713
1.16,-0.29554778515561275,1.013040294962632,-2.2647766064034713,1.0083164248379792,-2.2707983628864703
1.162,-0.2918055120379266,1.0083164248379792,-2.2707983628864703,1.0035443054854596,-2.272889373822864
1.164,-0.2880036411840758,1.0035443054854596,-2.272889373822864,0.9994347116376606,-2.2724207748667014
1.166,-0.2841427152083397,0.9994347116376606,-2.2724207748667014,0.9945771783884516,-2.2743246766092176
1.168,-0.28022329176681926,0.9945771783884516,-2.2743246766092176,0.9902380869194664,-2.273229070899017
1.17,-0.2762459435437856,0.9902380869194664,-2.273229070899017,0.9855641489549811,-2.2749831322950334
1.172,-0.2722112582342896,0.9855641489549811,-2.2749831322950334,0.9807705108575717,-2.2766177822590272
1.174,-0.2681198385230155,0.9807705108575717,-2.2766177822590272,0.9769102745748839,-2.2781094618411966
1.176,-0.26397230205933137,0.9769102745748839,-2.2781094618411966,0.971973700300132,-2.2722969198360143
1.178,-0.2597692814285103,0.971973700300132,-2.2722969198360143,0.9674237508583264,-2.272936366680158
1.18,-0.25551142411909267,0.9674237508583264,-2.272936366680158,0.9629474328013473,-2.269496030586552
1.182,-0.25119939248634715,0.9629474328013473,-2.269496030586552,0.9584087605180509,-2.2709876786360406
1.184,-0.24683386371181415,0.9584087605180509,-2.2709876786360406,0.9538665884931132,-2.266267615547095
1.186,-0.24241552975888792,0.9538665884931132,-2.266267615547095,0.9492636011166942,-2.261006513997037
1.188,-0.23794509732441815,0.9492636011166942,-2.261006513997037,0.9449854130152321,-2.2561469585919762
1.19,-0.23342328778629834,0.9449854130152321,-2.2561469585919762,0.9402499913313658,-2.252148655633734
1.192,-0.22885083714701115,0.9402499913313658,-2.252148655633734,0.9360847632237672,-2.247354836910516
1.194,-0.22422849597310815,0.9360847632237672,-2.247354836910516,0.9316383029896119,-2.2451255227081988
1.196,-0.21955702933059698,0.9316383029896119,-2.2451255227081988,0.9268462946776675,-2.2379640690249434
1.198,-0.21483721671620815,0.9268462946776675,-2.2379640690249434,0.9221398809747214,-2.2335487533730514
1.2,-0.21006985198451847,0.9221398809747214,-2.2335487533730514,0.917851285986449,-2.228631604533674
1.202,-0.20525574327091017,0.917851285986449,-2.228631604533674,0.9131663087989752,-2.2231741367756412
1.204,-0.20039571291033953,0.9131663087989752,-2.2231741367756412,0.9090815841096526,-2.212687490157252
1.206,-0.1954905973518956,0.9090815841096526,-2.212687490157252,0.9048694724554472,-2.2072685319392056
1.208,-0.19054124706912767,0.9048694724554472,-2.2072685319392056,0.9002349626833948,-2.2009847497365502
1.21,-0.18554852646612224,0.9002349626833948,-2.2009847497365502,0.8959710698180466,-2.191606074095602
1.212,-0.1805133137793105,0.8959710698180466,-2.191606074095602,0.8916468343607417,-2.1789671592614734
1.214,-0.1754365009749896,0.8916468343607417,-2.1789671592614734,0.8871723776633295,-2.176397108013396
1.216,-0.1703189936425371,0.8871723776633295,-2.176397108013396,0.8826788690257507,-2.166823065095359
1.218,-0.16516171088331139,0.8826788690257507,-2.166823065095359,0.8783036491955811,-2.151373448999211
1.22,-0.1599655851952152,0.8783036491955811,-2.151373448999211,0.8743011340582941,-2.146674843793956
1.222,-0.15473156235291133,0.8743011340582941,-2.146674843793956,0.8701208109562535,-2.1303380605293283
1.224,-0.1494606012836796,0.8701208109562535,-2.1303380605293283,0.8656747945016801,-2.123009536618413
1.226,-0.14415367393890527,0.8656747945016801,-2.123009536618413,0.8614592309914781,-2.1094622265755425
1.228,-0.1388117651611833,0.8614592309914781,-2.1094622265755425,0.8574587380290082,-2.095616833833027
1.23,-0.13343587254703526,0.8574587380290082,-2.095616833833027,0.8534022237703884,-2.08313712717911
1.232,-0.128027006305225,0.8534022237703884,-2.08313712717911,0.8492868875532577,-2.0712896555725018
1.234,-0.12258618911067719,0.8492868875532577,-2.0712896555725018,0.8445897302673034,-2.059557767824933
1.236,-0.11711445595397832,0.8445897302673034,-2.059557767824933,0.8408675770178815,-2.0463255889365115
1.238,-0.11161285398646781,0.8408675770178815,-2.0463255889365115,0.8369242366997391,-2.0321246212434314
1.24,-0.10608244236091507,0.8369242366997391,-2.0321246212434314,0.8325231715718479,-2.0139431774601455
1.242,-0.10052429206777214,0.8325231715718479,-2.0139431774601455,0.8288378347539467,-2.0014050353591957
1.244,-0.0949394857670114,0.8288378347539467,-2.0014050353591957,0.8249170936091014,-1.9843159821093863
1.246,-0.08932911761554524,0.8249170936091014,-1.9843159821093863,0.820858707056279,-1.9755412712002989
1.248,-0.08369429309022858,0.820858707056279,-1.9755412712002989,0.8167465820411731,-1.9553131396480328
1.25,-0.0780361288064515,0.8167465820411731,-1.9553131396480328,0.8128093297719283,-1.9373676353100224
1.252,-0.07235575233231917,0.8128093297719283,-1.9373676353100224,0.8094031645560219,-1.9216927219201003
1.254,-0.06665430199843746,0.8094031645560219,-1.9216927219201003,0.8051312060460168,-1.8992197051284656
1.256,-0.06093292670329939,0.8051312060460168,-1.8992197051284656,0.8014970336396379,-1.8878916393962464
1.258,-0.05519278571428913,0.8014970336396379,-1.8878916393962464,0.7979005067341767,-1.866323573138999
1.26,-0.049435048464309655,0.7979005067341767,-1.866323573138999,0.7940149097062603,-1.8469448728791407
1.262,-0.043660894344049156,0.7940149097062603,-1.8469448728791407,0.7903994945373027,-1.8313265514489439
1.264,-0.03787151248989799,0.7903994945373027,-1.8313265514489439,0.7869125924829532,-1.8085005199016237
1.266,-0.032068101567527145,0.7869125924829532,-1.8085005199016237,0.7831696787881989,-1.7895513602932105
1.268,-0.026251869551150938,0.7831696787881989,-1.7895513602932105,0.7797377607330047,-1.7643461454765317
1.27,-0.020424033498486524,0.7797377607330047,-1.7643461454765317,0.7761159630041173,-1.7466237170668222
1.272,-0.014585819321428967,0.7761159630041173,-1.7466237170668222,0.7727903923868777,-1.7286601718995331
1.274,-0.008738461552467455,0.7727903923868777,-1.7286601718995331,0.7695311111363319,-1.7052537841374065
1.276,-0.0028832031068576707,0.7695311111363319,-1.7052537841374065,0.7662695802471938,-1.6846431940404534
1.278,0.0029787049594226043,0.7662695802471938,-1.6846431940404534,0.7625697257909316,-1.664261317268343
1.28,0.008846003695907989,0.7625697257909316,-1.664261317268343,0.7595103324599918,-1.6395398237928198
1.282,0.014717426508048588,0.7595103324599918,-1.6395398237928198,0.7564523106829074,-1.617013802612676
1.284,0.020591699411749355,0.7564523106829074,-1.617013802612676,0.7531954609270671,-1.591603068306711
1.286,0.02646754129201336,0.7531954609270671,-1.591603068306711,0.7498742613350096,-1.5740341412592682
1.288,0.03234366416567445,0.7498742613350096,-1.5740341412592682,0.7465111786920489,-1.5500091641135816
1.29,0.038218773448158626,0.7465111786920489,-1.5500091641135816,0.7440196482621221,-1.5245467789045155
1.292,0.044091568224265985,0.7440196482621221,-1.5245467789045155,0.7409512543476189,-1.497050611868279
1.294,0.049960741522924006,0.7409512543476189,-1.497050611868279,0.7381014441892283,-1.4712416476989902
1.296,0.055824980595875574,0.7381014441892283,-1.4712416476989902,0.7348420497743549,-1.4483333295322387
1.298,0.06168296720026776,0.7348420497743549,-1.4483333295322387,0.7320349923783731,-1.4219319742030327
1.3,0.06753337788509384,0.7320349923783731,-1.4219319742030327,0.7291192106392703,-1.3963649870396284
1.302,0.07337488428145116,0.7291192106392703,-1.3963649870396284,0.7268072448338309,-1.3733935526539849
1.304,0.079206153396573,0.7268072448338309,-1.3733935526539849,0.7238503673923291,-1.3451694341152356
1.306,0.08502584791157862,0.7238503673923291,-1.3451694341152356,0.7212032712324914,-1.314723262696234
1.308,0.09083262648290515,0.7212032712324914,-1.314723262696234,0.7185760694000493,-1.2875902160551131
1.31,0.09662514404737103,0.7185760694000493,-1.2875902160551131,0.7157465038722961,-1.2593458635585983
1.312,0.10240205213080877,0.7157465038722961,-1.2593458635585983,0.7134764885332647,-1.2324338692496561
1.314,0.10816199916023256,0.7134764885332647,-1.2324338692496561,0.7112226088715207,-1.210668689092776
1.316,0.11390363077947221,0.7112226088715207,-1.210668689092776,0.7086808636044797,-1.1765803950399294
1.318,0.11962559016822778,0.7086808636044797,-1.1765803950399294,0.7068463611535695,-1.1476807091872472
1.32,0.12532651836448105,0.7068463611535695,-1.1476807091872472,0.7043486967681056,-1.1220295407313168
1.322,0.13100505459020761,0.7043486967681056,-1.1220295407313168,0.702403640163556,-1.0862592299596905
1.324,0.13665983658033007,0.702403640163556,-1.0862592299596905,0.7000025895189653,-1.0607076710518608
1.326,0.1422895009148468,0.7000025895189653,-1.0607076710518608,0.6976122768611167,-1.0286272109130457
1.328,0.14789268335407788,0.6976122768611167,-1.0286272109130457,0.6964760308347627,-0.9988216911776251
1.33,0.15346801917695918,0.6964760308347627,-0.9988216911776251,0.6942485959174884,-0.9687757032958206
1.332,0.15901414352230972,0.6942485959174884,-0.9687757032958206,0.6919204293469413,-0.9365379995393018
1.334,0.16452969173302495,0.6919204293469413,-0.9365379995393018,0.6900538855255708,-0.9087373392065139
1.336,0.1700132997031,0.6900538855255708,-0.9087373392065139,0.6886022115678417,-0.8754138239901832
1.338,0.17546360422742804,0.6886022115678417,-0.8754138239901832,0.686938022156674,-0.845034428625058
1.34,0.18087924335429179,0.686938022156674,-0.845034428625058,0.6850741128060744,-0.8167860447416898
1.342,0.18625885674047596,0.6850741128060744,-0.8167860447416898,0.6836739400268387,-0.7838036528415616
1.344,0.1916010860089263,0.6836739400268387,-0.7838036528415616,0.6818994026367367,-0.7528739583607783
1.346,0.1969045751088626,0.6818994026367367,-0.7528739583607783,0.6806267543324681,-0.7217950252442267
1.348,0.20216797067828574,0.6806267543324681,-0.7217950252442267,0.6790840204800661,-0.6889031771920495
1.35,0.20738992240878226,0.6790840204800661,-0.6889031771920495,0.6780840111533428,-0.6521615115651784
1.352,0.212569083412542,0.6780840111533428,-0.6521615115651784,0.677208727498963,-0.6231250367284725
1.354,0.21770411059151717,0.677208727498963,-0.6231250367284725,0.675497186223684,-0.5852716226515904
1.356,0.2227936650086152,0.675497186223684,-0.5852716226515904,0.6744819816428553,-0.5545386016838086
1.358,0.2278364122608607,0.6744819816428553,-0.5545386016838086,0.6738261706483697,-0.5211766603947325
1.36,0.23283102285441315,0.6738261706483697,-0.5211766603947325,0.6722791992742351,-0.4895831097197253
1.362,0.23777617258136396,0.6722791992742351,-0.4895831097197253,0.6716710981624132,-0.45262899186888267
1.364,0.2426705428982155,0.6716710981624132,-0.45262899186888267,0.6704908640772439,-0.4213481658401214
1.366,0.24751282130594454,0.6704908640772439,-0.4213481658401214,0.6701014075225349,-0.3842152446196583
1.368,0.2523017017315557,0.6701014075225349,-0.3842152446196583,0.6691633733649136,-0.34997917426498537
1.37,0.257035884911027,0.6691633733649136,-0.34997917426498537,0.6687724970186186,-0.32051200373436844
1.372,0.2617140787735479,0.6687724970186186,-0.32051200373436844,0.6680306262871586,-0.2817132807738156
1.374,0.26633499882694794,0.6680306262871586,-0.2817132807738156,0.6674823762169675,-0.2523017036619783
1.3760000000000001,0.2708973685442144,0.6674823762169675,-0.2523017036619783,0.6671136000836758,-0.2118899783957328
1.3780000000000001,0.2753999197509945,0.6671136000836758,-0.2118899783957328,0.6671289587336184,-0.1830442710791047
1.3800000000000001,0.27984139301397665,0.6671289587336184,-0.1830442710791047,0.667047860473384,-0.14609497875438351
1.3820000000000001,0.28422053803004405,0.667047860473384,-0.14609497875438351,0.6664986874118681,-0.10648308714058696
1.3840000000000001,0.288536114016091,0.6664986874118681,-0.10648308714058696,0.666355764389972,-0.07376691692223238
1.3860000000000001,0.29278689009939446,0.666355764389972,-0.07376691692223238,0.6658480083971716,-0.038181382542016286
1.3880000000000001,0.29697164570842954,0.6658480083971716,-0.038181382542016286,0.6659255843741707,-0.010875849978522496
1.3900000000000001,0.30108917096401155,0.6659255843741707,-0.010875849978522496,0.6666852326502734,0.026827161046081942
1.3920000000000001,0.30513826707065894,0.6666852326502734,0.026827161046081942,0.6665912982788634,0.05229171920300132
1.3940000000000001,0.3091177467080542,0.6665912982788634,0.05229171920300132,0.6666841216548125,0.08464885679831459
1.3960000000000001,0.31302643442249023,0.6666841216548125,0.08464885679831459,0.6669182361224774,0.10831015105706569
1.3980000000000001,0.316863167018187,0.6669182361224774,0.10831015105706569,0.6666371145941337,0.13478576703880096
1.4000000000000001,0.32062679394835075,0.6666371145941337,0.13478576703880096,0.666760986538712,0.15856265451274504
1.4020000000000001,0.3243161777058649,0.666760986538712,0.15856265451274504,0.6675976747279715,0.18689050820651423
1.4040000000000001,0.327930194213485,0.6675976747279715,0.18689050820651423,0.6679781357765717,0.2156510884578106
1.4060000000000001,0.3314677332134197,0.6679781357765717,0.2156510884578106,0.6688830730778842,0.24554651339841688
1.408,0.33492769865616856,0.6688830730778842,0.24554651339841688,0.6690281792175583,0.2725308321735176
1.41,0.33830900908849865,0.6690281792175583,0.2725308321735176,0.669475903553612,0.29667243003136035
1.412,0.34161059804042526,0.669475903553612,0.29667243003136035,0.6704631753722654,0.3221588426908477
1.414,0.34483141441107845,0.6704631753722654,0.3221588426908477,0.6709293183803368,0.34935031615726764
1.416,0.34797042285332214,0.6709293183803368,0.34935031615726764,0.6717673826953712,0.3826518754155573
1.418,0.35102660415699716,0.6717673826953712,0.3826518754155573,0.67240710429513,0.40726948856409884
1.42,0.35399895563066053,0.67240710429513,0.40726948856409884,0.6732466107053574,0.43197660848080155
1.422,0.35688649148168694,0.6732466107053574,0.43197660848080155,0.6741024087926407,0.46466130967498326
1.424,0.3596882431946039,0.6741024087926407,0.46466130967498326,0.6758005398931594,0.4902031385739879
1.426,0.3624032599075224,0.6758005398931594,0.4902031385739879,0.6762182391306334,0.5181322459811912
1.428,0.36503060878653815,0.6762182391306334,0.5181322459811912,0.6773830311327915,0.5458018534947261
1.43,0.3675693753979595,0.6773830311327915,0.5458018534947261,0.6786514102641857,0.5722172575445359
1.432,0.37001866407823314,0.6786514102641857,0.5722172575445359,0.6799128464623237,0.5979308696775055
1.434,0.37237759830143063,0.6799128464623237,0.5979308696775055,0.6809634898855192,0.6230436086664479
1.436,0.3746453210441573,0.6809634898855192,0.6230436086664479,0.6822636647674406,0.6509929374145574
1.438,0.37682099514774753,0.6822636647674406,0.6509929374145574,0.6836853732110392,0.6792201356591875
1.44,0.3789038036776095,0.6836853732110392,0.6792201356591875,0.685151297384432,0.7092770033731575
1.442,0.38089295027957965,0.685151297384432,0.7092770033731575,0.686318094057895,0.7339074776815679
1.444,0.3827876595331483,0.686318094057895,0.7339074776815679,0.6879386901821369,0.7641099820481773
1.446,0.3845871773014191,0.6879386901821369,0.7641099820481773,0.6900478459318038,0.7913135551419788
1.448,0.38629077107765675,0.6900478459318038,0.7913135551419788,0.6912697009249094,0.8194356048406216
1.45,0.38789773032829195,0.6912697009249094,0.8194356048406216,0.6927233500444157,0.8462921567316098
1.452,0.38940736683223376,0.6927233500444157,0.8462921567316098,0.694634859077588,0.8644045771419104
1.454,0.39081901501635463,0.694634859077588,0.8644045771419104,0.697089286706491,0.8996679660614247
1.456,0.3921320322870053,0.697089286706491,0.8996679660614247,0.6981985988008548,0.923262911097573
1.458,0.3933457993574162,0.6981985988008548,0.923262911097573,0.7002604662490799,0.9493997382324244
1.46,0.39445972057084794,0.7002604662490799,0.9493997382324244,0.701957337590234,0.9739513811405798
1.462,0.3954732242193459,0.701957337590234,0.9739513811405798,0.704350133901134,1.001718775761028
1.464,0.39638576285795835,0.704350133901134,1.001718775761028,0.7065505166372537,1.0272231458487435
1.466,0.3971968136142767,0.7065505166372537,1.0272231458487435,0.7088858662650895,1.0512450332145173
1.468,0.3979058784931567,0.7088858662650895,1.0512450332145173,0.7106240950378215,1.0742706799685655
1.47,0.39851248467647715,0.7106240950378215,1.0742706799685655,0.7125282729796963,1.10599257493112
1.472,0.3990161848177972,0.7125282729796963,1.10599257493112,0.7148470682112471,1.129425929994796
1.474,0.39941655733176834,0.7148470682112471,1.129425929994796,0.7173296385764876,1.1510928936921623
1.476,0.39971320667816285,0.7173296385764876,1.1510928936921623,0.7196279015158568,1.176750844098901
1.478,0.39990576364037533,0.7196279015158568,1.176750844098901,0.7220043744772691,1.203655356555049
1.48,0.399993885598259,0.7220043744772691,1.203655356555049,0.7246848768218958,1.2251252786326674
1.482,0.39997725679515517,0.7246848768218958,1.2251252786326674,0.7268733213228146,1.2507316609540537
1.484,0.39985558859897785,0.7268733213228146,1.2507316609540537,0.7295823397401624,1.2758570343899958
1.486,0.3996286197572128,0.7295823397401624,1.2758570343899958,0.7327277463319176,1.2988582465100842
1.488,0.39929611664569437,0.7327277463319176,1.2988582465100842,0.7348302908608153,1.3199305606747957
1.49,0.39885787351102053,0.7348302908608153,1.3199305606747957,0.7373520964151997,1.3412858165634713
1.492,0.3983137127064697,0.7373520964151997,1.3412858165634713,0.7400540280213509,1.3648472717364803
1.494,0.3976634849212835,0.7400540280213509,1.3648472717364803,0.7429450485517217,1.3893705201245072
1.496,0.39690706940317855,0.7429450485517217,1.3893705201245072,0.7457703307395899,1.409431751425172
1.498,0.3960443741739532,0.7457703307395899,1.409431751425172,0.748469397593754,1.4347500793959407
1.5,0.3950753362380552,0.748469397593754,1.4347500793959407,0.7517200060271199,1.4563559195072069
1.502,0.39399992178397664,0.7517200060271199,1.4563559195072069,0.7547255273911723,1.4767500156850772
1.504,0.3928181263783459,0.7547255273911723,1.4767500156850772,0.757505314878122,1.4958653968388558
1.506,0.391529975152584,0.757505314878122,1.4958653968388558,0.7611256170218421,1.512304613441357
1.508,0.3901355229819956,0.7611256170218421,1.512304613441357,0.7638892198627535,1.5381210503370562
1.51,0.38863485465716907,0.7638892198627535,1.5381210503370562,0.7668468799763691,1.555874619414738
1.512,0.38702808504755226,0.7668468799763691,1.555874619414738,0.7701657844488037,1.5722609568850057
1.514,0.38531535925708577,0.7701657844488037,1.5722609568850057,0.7731783200513668,1.5907140653672034
1.516,0.38349685277176326,0.7731783200513668,1.5907140653672034,0.7761785937464672,1.609739599005553
1.518,0.38157277159899716,0.7761785937464672,1.609739599005553,0.7795458545674379,1.6294320848993618
1.52,0.3795433523986713,0.7795458545674379,1.6294320848993618,0.7829614601276774,1.643970818769054
1.522,0.3774088626057533,0.7829614601276774,1.643970818769054,0.7866026411039703,1.6665833205777527
1.524,0.3751696005443574,0.7866026411039703,1.6665833205777527,0.7897083120593912,1.6804236821719796
1.526,0.3728258955331347,0.7897083120593912,1.6804236821719796,0.7929367131884394,1.698809840978096
1.528,0.3703781079818759,0.7929367131884394,1.698809840978096,0.7964668667046128,1.7103599678975632
1.53,0.3678266294792178,0.7964668667046128,1.7103599678975632,0.7999934228341627,1.7354706321643616
1.532,0.36517188287133756,0.7999934228341627,1.7354706321643616,0.8029524237683822,1.7467967437952392
1.534,0.3624143223315292,0.8029524237683822,1.7467967437952392,0.8069259535633747,1.7593568745340438
1.536,0.35955443342055116,0.8069259535633747,1.7593568745340438,0.8106796024274795,1.77154586293157
1.538,0.35659273313764456,0.8106796024274795,1.77154586293157,0.8140074453249517,1.79091743276437
1.54,0.35352976996211205,0.8140074453249517,1.79091743276437,0.8175364092328741,1.8005427816562303
1.542,0.3503661238853666,0.8175364092328741,1.8005427816562303,0.8212292858368919,1.8135172145898388
1.544,0.3471024064333402,0.8212292858368919,1.8135172145898388,0.8251775165644634,1.8251325174488122
1.546,0.3437392606791636,0.8251775165644634,1.8251325174488122,0.8287172537316336,1.8365189619823215
1.548,0.34027736124602204,0.8287172537316336,1.8365189619823215,0.8323768094733419,1.85049815867589
1.55,0.3367174143000936,0.8323768094733419,1.85049815867589,0.8354319732094467,1.8618430191500364
1.552,0.3330601575334821,0.8354319732094467,1.8618430191500364,0.839488672673803,1.871598346148193
1.554,0.3293063601370564,0.839488672673803,1.871598346148193,0.8437896970506624,1.880381472263275
1.556,0.32545682276312027,0.8437896970506624,1.880381472263275,0.8470400979625924,1.8953124441163458
1.558,0.3215123774778164,0.8470400979625924,1.8953124441163458,0.8510849741749454,1.9046928333922342
1.56,0.3174738877032052,0.8510849741749454,1.9046928333922342,0.8549480406247767,1.9083780502076222
1.562,0.3133422481489259,0.8549480406247767,1.9083780502076222,0.8587045910855812,1.9208809618603
1.564,0.30911838473337583,0.8587045910855812,1.9208809618603,0.862763726983444,1.9260025123249158
1.566,0.3048032544943422,0.862763726983444,1.9260025123249158,0.8664465187009882,1.9329006133057698
1.568,0.3003978454890069,0.8664465187009882,1.9329006133057698,0.8701970419402811,1.9437144633410837
1.57,0.29590317668327715,0.8701970419402811,1.9437144633410837,0.8742091118609792,1.9435031079702707
1.572,0.2913202978303591,0.8742091118609792,1.9435031079702707,0.878012323706897,1.9528806345587004
1.574,0.2866502893385489,0.878012323706897,1.9528806345587004,0.8821551458439904,1.9561313724278
1.576,0.2818942621281531,0.8821551458439904,1.9561313724278,0.8858075918918317,1.9609538270138271
1.578,0.2770533574775133,0.8858075918918317,1.9609538270138271,0.8895306210364212,1.9621807452065267
1.58,0.27212874685807076,0.8895306210364212,1.9621807452065267,0.8939755768432565,1.9672836514086893
1.582,0.2671216317584408,0.8939755768432565,1.9672836514086893,0.8978306665116164,1.9736415852707472
1.584,0.26203324349744606,0.8978306665116164,1.9736415852707472,0.9018340651943733,1.9734988648243945
1.586,0.25686484302607504,0.9018340651943733,1.9734988648243945,0.9060885327118886,1.9765998191473413
1.588,0.2516177207183328,0.9060885327118886,1.9765998191473413,0.909530934155575,1.97795033614334
1.59,0.24629319615095904,0.909530934155575,1.97795033614334,0.9136419126079987,1.9753485704834421
1.592,0.24089261787197294,0.9136419126079987,1.9753485704834421,0.9175274772994907,1.9768762263271755
1.594,0.23541736315803968,0.9175274772994907,1.9768762263271755,0.9210616913005399,1.9764092523881687
1.596,0.22986883776063044,0.9210616913005399,1.9764092523881687,0.9253592938257856,1.9748502842014224
1.598,0.22424847564096184,0.9253592938257856,1.9748502842014224,0.9290276400161376,1.9734479403396126
1.6,0.21855773869370704,0.9290276400161376,1.9734479403396126,0.9333017775499451,1.9722488872385147
1.602,0.21279811645946559,0.9333017775499451,1.9722488872385147,0.937015138858176,1.9706368584068938
1.604,0.20697112582599742,0.937015138858176,1.9706368584068938,0.9409308113259207,1.965607327242736
1.606,0.20107831071822058,0.9409308113259207,1.965607327242736,0.9453735399838868,1.9608078064870709
1.608,0.19512124177696483,0.9453735399838868,1.9608078064870709,0.9489158625446273,1.9600340263674834
1.61,0.1891015160265146,0.9489158625446273,1.9600340263674834,0.9528476296983802,1.952244245790971
1.612,0.18302075653093094,0.9528476296983802,1.952244245790971,0.9568666704528143,1.9494699974472645
1.614,0.17688061203918273,0.9568666704528143,1.9494699974472645,0.9602506779691818,1.9394998754753905
1.616,0.17068275661911084,0.9602506779691818,1.9394998754753905,0.9643656640692698,1.932292976067567
1.618,0.16442888928024635,0.9643656640692698,1.932292976067567,0.9682516339781188,1.9255488612597615
1.62,0.1581207335855106,0.9682516339781188,1.9255488612597615,0.9723279396834723,1.9176286446313464
1.622,0.15176003725184098,0.9723279396834723,1.9176286446313464,0.976113343374134,1.9118878638044885
1.624,0.14534857173977264,0.976113343374134,1.9118878638044885,0.979742833672605,1.9023766474506252
1.6260000000000001,0.13888813183203305,0.979742833672605,1.9023766474506252,0.9840131186586484,1.8932453713373343
1.6280000000000001,0.1323805352011788,0.9840131186586484,1.8932453713373343,0.9873120090525938,1.8823620096810874
1.6300000000000001,0.1258276219663463,0.9873120090525938,1.8823620096810874,0.9909986952481407,1.8723936311014195
1.6320000000000001,0.11923125423916048,0.9909986952481407,1.8723936311014195,0.9950840124145649,1.8589435773987042
1.6340000000000001,0.11259331565887057,0.9950840124145649,1.8589435773987042,0.998562407481125,1.851111423034947
1.6360000000000001,0.10591571091677959,0.998562407481125,1.851111423034947,1.0021764852859045,1.836877294786997
1.6380000000000001,0.09920036527003247,1.0021764852859045,1.836877294786997,1.0057161363859626,1.8219164875606648
1.6400000000000001,0.09244922404484836,1.0057161363859626,1.8219164875606648,1.0094409293765683,1.8144823743003395
1.6420000000000001,0.08566425212926784,1.0094409293765683,1.8144823743003395,1.0130560405668783,1.7950543729600736
1.6440000000000001,0.07884743345550721,1.0130560405668783,1.7950543729600736,1.0165883040539458,1.7812148775397048
1.6460000000000001,0.07200077047200902,1.0165883040539458,1.7812148775397048,1.0203649840727782,1.766806625607216
1.6480000000000001,0.06512628360528126,1.0203649840727782,1.766806625607216,1.0241468843687926,1.7511892812659338
1.6500000000000001,0.05822601071162359,1.0241468843687926,1.7511892812659338,1.0274939045028493,1.735104541794812
1.6520000000000001,0.051302006518853055,1.0274939045028493,1.735104541794812,1.0307611379735073,1.7149118005404276
1.6540000000000001,0.04435634205812416,1.0307611379735073,1.7149118005404276,1.0340156269614444,1.7003706931460107
1.6560000000000001,0.037391104085975686,1.0340156269614444,1.7003706931460107,1.0373578140841502,1.6783775599742807
1.6580000000000001,0.030408394496703923,1.0373578140841502,1.6783775599742807,1.0409111839746303,1.6635524977036267
1.6600000000000001,0.023410329725204928,1.0409111839746303,1.6635524977036267,1.0439383304636907,1.6449324800199903
1.6620000000000001,0.016399040140391008,1.0439383304636907,1.6449324800199903,1.0472323996109054,1.6268495571117416
1.6640000000000001,0.009376669429345086,1.0472323996109054,1.6268495571117416,1.0502360261135777,1.6042464734913915
1.666,0.0023453739723141645,1.0502360261135777,1.6042464734913915,1.0537196927023935,1.5859579052840995
1.668,-0.004692677791274687,1.0537196927023935,1.5859579052840995,1.0567156638975375,1.5635665832415853
1.67,-0.01173530600566425,1.0567156638975375,1.5635665832415853,1.0597106224000403,1.5431395303496895
1.672,-0.018780320050309066,1.0597106224000403,1.5431395303496895,1.0631562480173966,1.5191809895392179
1.674,-0.02582551919995329,1.0631562480173966,1.5191809895392179,1.066222449107141,1.500529950457175
1.676,-0.03286869329309434,1.066222449107141,1.500529950457175,1.0687789850155267,1.477462282339772
1.678,-0.03990762340865519,1.0687789850155267,1.477462282339772,1.0714813268834353,1.4490017520192282
1.68,-0.04694008255069074,1.0714813268834353,1.4490017520192282,1.074373658802527,1.427734350544068
1.682,-0.05396383634096137,1.074373658802527,1.427734350544068,1.0773748706131656,1.4031383917649385
1.684,-0.06097664371918458,1.0773748706131656,1.4031383917649385,1.080218467726846,1.3750449830733482
1.686,-0.06797625765078677,1.080218467726846,1.3750449830733482,1.0830056525602847,1.3511611439828002
1.688,-0.07496042584194962,1.0830056525602847,1.3511611439828002,1.0854308690903351,1.3274025652503947
1.69,-0.08192689146177365,1.0854308690903351,1.3274025652503947,1.0879358115793392,1.2992652483164746
1.692,-0.08887339387133959,1.0879358115793392,1.2992652483164746,1.0905165238710786,1.2753194014326308
1.694,-0.09579766935948504,1.0905165238710786,1.2753194014326308,1.0933322226253694,1.2493714630734676
1.696,-0.10269745188506163,1.0933322226253694,1.2493714630734676,1.0954567547134597,1.2191302114816955
1.698,-0.10957047382547994,1.0954567547134597,1.2191302114816955,1.097857055118835,1.1936610399497545
1.7,-0.11641446673130905,1.097857055118835,1.1936610399497545,1.0999624804127952,1.166871027088177
1.702,-0.12322716208671401,1.0999624804127952,1.166871027088177,1.1025442425356338,1.1340524811687167
1.704,-0.1300062920755077,1.1025442425356338,1.1340524811687167,1.1049219832383574,1.108509722352296
1.706,-0.13674959035256637,1.1049219832383574,1.108509722352296,1.1070763629012603,1.0789823742684082
1.708,-0.1434547928204039,1.1070763629012603,1.0789823742684082,1.109128567141267,1.0493838412378396
1.71,-0.1501196384106222,1.109128567141267,1.0493838412378396,1.1113839183881882,1.0163965436854845
1.712,-0.15674186987003724,1.1113839183881882,1.0163965436854845,1.1133945232128146,0.9862272947850977
1.714,-0.1633192345511929,1.1133945232128146,0.9862272947850977,1.1150337403193893,0.9529968727088501
1.716,-0.1698494852070329,1.1150337403193893,0.9529968727088501,1.116805465478707,0.9249850677594681
1.718,-0.1763303807894668,1.116805465478707,0.9249850677594681,1.1183840453785008,0.8929758883105584
1.72,-0.18275968725155112,1.1183840453785008,0.8929758883105584,1.1204354754336836,0.8601438643232006
1.722,-0.18913517835305818,1.1204354754336836,0.8601438643232006,1.121578803908636,0.826968566306355
1.724,-0.1954546364691186,1.121578803908636,0.826968566306355,1.1237386434596406,0.7929186452770477
1.726,-0.2017158534016914,1.1237386434596406,0.7929186452770477,1.1251498655337095,0.7566502213556388
1.728,-0.20791663119358003,1.1251498655337095,0.7566502213556388,1.1267222222800997,0.726744873856519
1.73,-0.21405478294470057,1.1267222222800997,0.726744873856519,1.128151103159706,0.6907584761235361
1.732,-0.2201281336303306,1.128151103159706,0.6907584761235361,1.12943636285036,0.6600649226759
1.734,-0.22613452092104153,1.12943636285036,0.6600649226759,1.130712157387086,0.6245122078544424
1.736,-0.2320717960040315,1.130712157387086,0.6245122078544424,1.1316108017811797,0.5964131819777303
1.738,-0.2379378244055444,1.1316108017811797,0.5964131819777303,1.1326829880122329,0.555830573681205
1.74,-0.24373048681409643,1.1326829880122329,0.555830573681205,1.1338382953580481,0.520271544128796
1.742,-0.24944767990419706,1.1338382953580481,0.520271544128796,1.1351060240850543,0.49061050777995413
1.744,-0.25508731716025873,1.1351060240850543,0.49061050777995413,1.1356306801126168,0.4483322347166683
1.746,-0.2606473297003891,1.1356306801126168,0.4483322347166683,1.136838293657772,0.418415216643713
1.748,-0.2661256670997511,1.136838293657772,0.418415216643713,1.1375290566681946,0.382726339162054
1.75,-0.27152029821317675,1.1375290566681946,0.382726339162054,1.1378800987157451,0.3441024767581566
1.752,-0.2768292119967235,1.1378800987157451,0.3441024767581566,1.1383933569021363,0.3054512013880424
1.754,-0.28205041832784006,1.1383933569021363,0.3054512013880424,1.1394103355521572,0.2706244073245438
1.756,-0.2871819488238304,1.1394103355521572,0.2706244073245438,1.1401410146175517,0.23564086424212313
1.758,-0.29222185765827785,1.1401410146175517,0.23564086424212313,1.1399547586771714,0.20046744114270307
1.76,-0.2971682223751222,1.1399547586771714,0.20046744114270307,1.1407673332844295,0.16309084826453923
1.762,-0.30201914470003294,1.1407673332844295,0.16309084826453923,1.1404141566474828,0.12599443996962947
1.764,-0.3067727513487659,1.1404141566474828,0.12599443996962947,1.141109344542119,0.08733314223413363
1.766,-0.31142719483215986,1.141109344542119,0.08733314223413363,1.1407824584239128,0.0535138385673976
1.768,-0.31598065425744437,1.1407824584239128,0.0535138385673976,1.1409958052763567,0.01310737222520317
1.77,-0.320431336125503,1.1409958052763567,0.01310737222520317,1.1408542635453147,-0.020310756294518846
1.772,-0.3247774751237772,1.1408542635453147,-0.020310756294518846,1.1408893493819012,-0.04983923932499494
1.774,-0.32901733491444535,1.1408893493819012,-0.04983923932499494,1.1409009322972445,-0.07820705006336723
1.776,-0.33314920891754973,1.1409009322972445,-0.07820705006336723,1.140140914523096,-0.10779680230245346
1.778,-0.3371714210887175,1.140140914523096,-0.10779680230245346,1.1403580516410934,-0.13656631383756218
1.78,-0.34108232669113603,1.1403580516410934,-0.13656631383756218,1.140051913250717,-0.16748108313407783
1.782,-0.34488031306143013,1.140051913250717,-0.16748108313407783,1.1392650068497656,-0.1935039117686731
1.784,-0.34856380036909995,1.1392650068497656,-0.1935039117686731,1.138793222100457,-0.2287481652997404
1.786,-0.35213124236916316,1.138793222100457,-0.2287481652997404,1.1387042355170665,-0.2550181231609129
1.788,-0.3555811271476581,1.1387042355170665,-0.2550181231609129,1.1378724124137398,-0.28557089579307965
1.79,-0.35891197785965534,1.1378724124137398,-0.28557089579307965,1.1370444554954704,-0.3143454982191313
1.792,-0.36212235345942895,1.1370444554954704,-0.3143454982191313,1.1365547726630136,-0.34058919160343987
1.794,-0.36521084942243315,1.1365547726630136,-0.34058919160343987,1.1354260349897243,-0.36914835389285644
1.796,-0.36817609845874005,1.1354260349897243,-0.36914835389285644,1.13484921767694,-0.4021225852050157
1.798,-0.3710167712175812,1.13484921767694,-0.4021225852050157,1.1343625322526856,-0.4294773350785628
1.8,-0.373731576982645,1.1343625322526856,-0.4294773350785628,1.1330023662074575,-0.45496491980796344
1.802,-0.3763192643577831,1.1330023662074575,-0.45496491980796344,1.1321616183124297,-0.4874605337399968
1.804,-0.37877862194277034,1.1321616183124297,-0.4874605337399968,1.1313392840129406,-0.514395690775676
1.806,-0.38110847899877554,1.1313392840129406,-0.514395690775676,1.1301153106745687,-0.5444145714117866
1.808,-0.383307706103186,1.1301153106745687,-0.5444145714117866,1.1289069075276144,-0.5733352470729948
1.81,-0.38537521579344974,1.1289069075276144,-0.5733352470729948,1.1276933850097268,-0.6053761664145154
1.812,-0.3873099631995812,1.1276933850097268,-0.6053761664145154,1.1269579059546977,-0.6330007024864833
1.814,-0.3891109466649863,1.1269579059546977,-0.6330007024864833,1.1252756336649012,-0.6580312888285942
1.816,-0.39077720835526786,1.1252756336649012,-0.6580312888285942,1.1239433908103078,-0.6929134720452572
1.818,-0.3923078348546652,1.1239433908103078,-0.6929134720452572,1.1225782064074143,-0.7222826957068993
1.82,-0.39370195774978933,1.1225782064074143,-0.7222826957068993,1.121160109925598,-0.7460051394336016
1.822,-0.3949587542003158,1.121160109925598,-0.7460051394336016,1.1192663311363045,-0.7780176266167963
1.824,-0.3960774474962998,1.1192663311363045,-0.7780176266167963,1.1178063420079924,-0.8049125979416221
1.826,-0.3970573076017775,1.1178063420079924,-0.8049125979416221,1.1159096200443834,-0.8318056181500534
1.828,-0.39789765168432417,1.1159096200443834,-0.8318056181500534,1.1139752784694967,-0.8616176984201259
1.83,-0.3985978446302406,1.1139752784694967,-0.8616176984201259,1.1125261473642416,-0.8889055568712484
1.832,-0.39915729954503987,1.1125261473642416,-0.8889055568712484,1.1108368792210965,-0.91820660344871
1.834,-0.39957547823891315,1.1108368792210965,-0.91820660344871,1.109007308909781,-0.9432745814745225
1.836,-0.39985189169685414,1.109007308909781,-0.9432745814745225,1.1068198867915882,-0.9725715918604114
1.838,-0.39998610053312506,1.1068198867915882,-0.9725715918604114,1.1047202893507495,-0.9957887548833694
1.84,-0.3999777154297513,1.1047202893507495,-0.9957887548833694,1.1027183081877068,-1.0227882003447604
1.842,-0.39982639755873584,1.1027183081877068,-1.0227882003447604,1.101025379528549,-1.0469822507783397
1.844,-0.399531858987686,1.101025379528549,-1.0469822507783397,1.0989752816763685,-1.0754829133376682
1.846,-0.39909386306855255,1.0989752816763685,-1.0754829133376682,1.0962453061248365,-1.0983921214871006
1.848,-0.3985122248091827,1.0962453061248365,-1.0983921214871006,1.0942729279578414,-1.1234164744297879
1.85,-0.39778681122739323,1.0942729279578414,-1.1234164744297879,1.091912073717056,-1.1481810503987506
1.852,-0.3969175416872763,1.091912073717056,-1.1481810503987506,1.0897288488131747,-1.1737127450337448
1.854,-0.3959043882174525,1.0897288488131747,-1.1737127450337448,1.087261530433855,-1.1985773374089213
1.856,-0.3947473758109931,1.087261530433855,-1.1985773374089213,1.0847609479570097,-1.2227907188655296
1.858,-0.39344658270673516,1.0847609479570097,-1.2227907188655296,1.0824188920376931,-1.2477677978605464
1.86,-0.3920021406517243,1.0824188920376931,-1.2477677978605464,1.0800282588539614,-1.2700781310101261
1.862,-0.3904142351445171,1.0800282588539614,-1.2700781310101261,1.0772930041221873,-1.292777554162116
1.864,-0.3886831056590887,1.0772930041221873,-1.292777554162116,1.0744167397485667,-1.3108628847869268
1.866,-0.38680904584909,1.0744167397485667,-1.3108628847869268,1.0717305121444873,-1.339400356587946
1.868,-0.3847924037322114,1.0717305121444873,-1.339400356587946,1.0689328801324256,-1.3589767245558657
1.87,-0.38263358185441154,1.0689328801324256,-1.3589767245558657,1.0667479227721663,-1.3789925694390675
1.872,-0.3803330374337724,1.0667479227721663,-1.3789925694390675,1.0637037727061065,-1.4020303876518587
1.874,-0.3778912824837635,1.0637037727061065,-1.4020303876518587,1.0607469605467978,-1.418852611953702
1.8760000000000001,-0.37530888391568085,1.0607469605467978,-1.418852611953702,1.0581569615544266,-1.4412939036525985
1.8780000000000001,-0.37258646362006026,1.0581569615544266,-1.4412939036525985,1.0549990643142981,-1.4585297029702329
1.8800000000000001,-0.36972469852684275,1.0549990643142981,-1.4585297029702329,1.0517182503607314,-1.477925471931953
1.8820000000000001,-0.3667243206441062,1.0517182503607314,-1.477925471931953,1.048877604190112,-1.500797796261102
1.8840000000000001,-0.3635861170751588,1.048877604190112,-1.500797796261102,1.0460222185987456,-1.5128267122355332
1.8860000000000001,-0.360310930013817,1.0460222185987456,-1.5128267122355332,1.042752381917936,-1.5338350724561922
1.8880000000000001,-0.3568996567176812,1.042752381917936,-1.5338350724561922,1.0400403640832112,-1.5473584849004325
1.8900000000000001,-0.3533532494592493,1.0400403640832112,-1.5473584849004325,1.0368195358512986,-1.5612755150508584
1.8920000000000001,-0.3496727154546949,1.0368195358512986,-1.5612755150508584,1.033352481199829,-1.57814220883614
1.8940000000000001,-0.34585911677016634,1.033352481199829,-1.57814220883614,1.0302186461584808,-1.5950183950223566
1.8960000000000001,-0.3419135702054492,1.0302186461584808,-1.5950183950223566,1.027030815975986,-1.609471068815492
1.8980000000000001,-0.3378372471548642,1.027030815975986,-1.609471068815492,1.0240237630388151,-1.6232363951501674
1.9000000000000001,-0.333631373445268,1.0240237630388151,-1.6232363951501674,1.0204963594660392,-1.6374855660822298
1.9020000000000001,-0.32929722915103277,1.0204963594660392,-1.6374855660822298,1.017295756249164,-1.6515960342905753
1.9040000000000001,-0.3248361483858955,1.017295756249164,-1.6515960342905753,1.0138027652868908,-1.6622027843232872
1.9060000000000001,-0.3202495190715791,1.0138027652868908,-1.6622027843232872,1.0104425248433297,-1.6740381859205966
1.9080000000000001,-0.3155387826830811,1.0104425248433297,-1.6740381859205966,1.0070637221061327,-1.6809005979693818
1.9100000000000001,-0.31070543397055544,1.0070637221061327,-1.6809005979693818,1.0040608626925498,-1.694513562822083
1.9120000000000001,-0.3057510206577039,1.0040608626925498,-1.694513562822083,1.000373707396476,-1.7009281938326275
1.9140000000000001,-0.3006771431166204,1.000373707396476,-1.7009281938326275,0.9970198394161335,-1.714764823808202
1.9160000000000001,-0.2954854540190257,0.9970198394161335,-1.714764823808202,0.9935693705440917,-1.7226398964825862
1.9180000000000001,-0.2901776579638446,0.9935693705440917,-1.7226398964825862,0.9903282368322066,-1.731323918294078
1.92,-0.28475551108110114,0.9903282368322066,-1.731323918294078,0.9869886616501375,-1.7404523453118832
1.922,-0.279220820612088,0.9869886616501375,-1.7404523453118832,0.983216699698978,-1.7474571684192188
1.924,-0.27357544446581095,0.983216699698978,-1.7474571684192188,0.9799381565337346,-1.7522377874699648
1.926,-0.26782129075169203,0.9799381565337346,-1.7522377874699648,0.9760489924815058,-1.7552045294580965
1.928,-0.2619603172885368,0.9760489924815058,-1.7552045294580965,0.9727879423193441,-1.7641018303381
1.93,-0.25599453108979014,0.9727879423193441,-1.7641018303381,0.9689355470891139,-1.7688374940937304
1.932,-0.24992598782508693,0.9689355470891139,-1.7688374940937304,0.9654931244413761,-1.7697604832408254
1.934,-0.24375679125815808,0.9654931244413761,-1.7697604832408254,0.9618510673572583,-1.7737735473231713
1.936,-0.23748909266111978,0.9618510673572583,-1.7737735473231713,0.9582945031905362,-1.7760776299297303
1.938,-0.23112509020521332,0.9582945031905362,-1.7760776299297303,0.9549252865063977,-1.7730632725622149
1.94,-0.22466702832805974,0.9549252865063977,-1.7730632725622149,0.9508794839641924,-1.7771646110752453
1.942,-0.2181171970775124,0.9508794839641924,-1.7771646110752453,0.9476278051047635,-1.7761099259849666
1.944,-0.21147793143219956,0.9476278051047635,-1.7761099259849666,0.9439679286315403,-1.7768715839480447
1.946,-0.20475161059885263,0.9439679286315403,-1.7768715839480447,0.9403995982623511,-1.773989272394179
1.948,-0.1979406572865431,0.9403995982623511,-1.773989272394179,0.9370803623380874,-1.773827592506647
1.95,-0.19104753695794321,0.9370803623380874,-1.773827592506647,0.9335926589562002,-1.7714359874580556
1.952,-0.1840747570577538,0.9335926589562002,-1.7714359874580556,0.9296724642645693,-1.7665049937969306
1.954,-0.17702486621844513,0.9296724642645693,-1.7665049937969306,0.9265133547518071,-1.7640720309276285
1.956,-0.1699004534434691,0.9265133547518071,-1.7640720309276285,0.9231343967567598,-1.7567074824416704
1.958,-0.16270414726810878,0.9231343967567598,-1.7567074824416704,0.9192112797696949,-1.755399889200948
1.96,-0.15543861489816374,0.9192112797696949,-1.755399889200948,0.9162435064835139,-1.74500571234616
1.962,-0.14810656132663974,0.9162435064835139,-1.74500571234616,0.9123040477539844,-1.7435229624338417
1.964,-0.1407107284286787,0.9123040477539844,-1.7435229624338417,0.9088566280160844,-1.734788659248654
1.966,-0.13325389403491236,0.9088566280160844,-1.734788659248654,0.9052158550428115,-1.7256743243158585
1.968,-0.12573887098350478,0.9052158550428115,-1.7256743243158585,0.9018426422062482,-1.719415889796236
1.97,-0.11816850615109574,0.9018426422062482,-1.719415889796236,0.8988667614051901,-1.708935312280798
1.972,-0.11054567946290646,0.8988667614051901,-1.708935312280798,0.8952743267590565,-1.6962013699173712
1.974,-0.10287330288228563,0.8952743267590565,-1.6962013699173712,0.8920779283826966,-1.6873427538580605
1.976,-0.09515431937994412,0.8920779283826966,-1.6873427538580605,0.8885737102925877,-1.676849197689603
1.978,-0.08739170188319788,0.8885737102925877,-1.676849197689603,0.8855882610142876,-1.6617509612949761
1.98,-0.07958845220549092,0.8855882610142876,-1.6617509612949761,0.8817176797104671,-1.650220588333992
1.982,-0.07174759995652433,0.8817176797104671,-1.650220588333992,0.8788075684762986,-1.635775941879686
1.984,-0.0638722014333159,0.8788075684762986,-1.635775941879686,0.8757855478212128,-1.619827532384624
1.986,-0.05596533849251653,0.8757855478212128,-1.619827532384624,0.8720963638290365,-1.6079226995023335
1.988,-0.04803011740433109,0.8720963638290365,-1.6079226995023335,0.868763406914441,-1.591756057817015
1.99,-0.04006966768841259,0.868763406914441,-1.591756057817015,0.8658977033553691,-1.5707010590629686
1.992,-0.0320871409320782,0.8658977033553691,-1.5707010590629686,0.8627683986016206,-1.5634942861019117
1.994,-0.024085709591249296,0.8627683986016206,-1.5634942861019117,0.8595307487352527,-1.541634075669476
1.996,-0.016068565774497095,0.8595307487352527,-1.541634075669476,0.8563664313265765,-1.5255002391173307
1.998,-0.008038920010594686,0.8563664313265765,-1.5255002391173307,0.8535344391630996,-1.5043504069059876
2.0,-1.9594348786357652e-16,0.8535344391630996,-1.5043504069059876,0.8506031603797398,-1.4874472363563336
2.0020000000000002,0.008044950649314906,0.8506031603797398,-1.4874472363563336,0.8478624136240833,-1.466754977298096
2.004,0.016092673701239513,0.8478624136240833,-1.466754977298096,0.8447148941004441,-1.447820057212794
2.0060000000000002,0.024139897585672476,0.8447148941004441,-1.447820057212794,0.8418098924578604,-1.4225265882850815
2.008,0.0321833387069626,0.8418098924578604,-1.4225265882850815,0.8388395839487292,-1.4021326602577031
2.0100000000000002,0.04021970276619549,0.8388395839487292,-1.4021326602577031,0.8365475638898019,-1.3803022648587675
2.012,0.048245686096819486,0.8365475638898019,-1.3803022648587675,0.8337389562791525,-1.3587439428604464
2.0140000000000002,0.05625797701315008,0.8337389562791525,-1.3587439428604464,0.8312872847134501,-1.3306824205569576
2.016,0.0642532571712184,0.8312872847134501,-1.3306824205569576,0.8284549727508776,-1.312188257105926
2.0180000000000002,0.07222820294148093,0.8284549727508776,-1.312188257105926,0.8256308826555432,-1.2819454994553565
2.02,0.0801794867928482,0.8256308826555432,-1.2819454994553565,0.8236655893059763,-1.257961786701025
2.0220000000000002,0.08810377868751518,0.8236655893059763,-1.257961786701025,0.8211071193300393,-1.2338702957510221
2.024,0.09599774748602183,0.8211071193300393,-1.2338702957510221,0.8184073645847879,-1.2062044677539
2.0260000000000002,0.10385806236205448,0.8184073645847879,-1.2062044677539,0.8161714216886505,-1.1822774582841773
2.028,0.11168139422633434,0.8161714216886505,-1.1822774582841773,0.8139715295097247,-1.1490580050545003
2.0300000000000002,0.11946441715912193,0.8139715295097247,-1.1490580050545003,0.8113063173327371,-1.1263765686985303
2.032,0.12720380985066967,0.8113063173327371,-1.1263765686985303,0.8094159407734212,-1.0964264298158852
2.0340000000000003,0.13489625704910368,0.8094159407734212,-1.0964264298158852,0.8067395254441756,-1.0644515178691734
2.036,0.14253845101508297,0.8067395254441756,-1.0644515178691734,0.8051717530595447,-1.0374818962609935
2.0380000000000003,0.15012709298266494,0.8051717530595447,-1.0374818962609935,0.8035503072934144,-1.0062300621427624
2.04,0.15765889462574592,0.8035503072934144,-1.0062300621427624,0.801024898351727,-0.9758147319178965
2.0420000000000003,0.16513057952946372,0.801024898351727,-0.9758147319178965,0.7990774367665014,-0.9465902854482428
2.044,0.17253888466590447,0.7990774367665014,-0.9465902854482428,0.7975353864194129,-0.9147767769123305
2.0460000000000003,0.179880561873527,0.7975353864194129,-0.9147767769123305,0.7956042534757461,-0.8784948945021884
2.048,0.18715237933958595,0.7956042534757461,-0.8784948945021884,0.794167234998749,-0.8479658725740333
2.05,0.1943511230849845,0.794167234998749,-0.8479658725740333,0.7924672760707174,-0.8159278527935014
2.052,0.2014735984508064,0.7924672760707174,-0.8159278527935014,0.7910851920200314,-0.7838579369859054
2.054,0.20851663158593695,0.7910851920200314,-0.7838579369859054,0.78966427513874,-0.7522541665808267
2.056,0.21547707093505053,0.78966427513874,-0.7522541665808267,0.7878091526079778,-0.719263276841738
2.058,0.2223517887262955,0.7878091526079778,-0.719263276841738,0.786426814584547,-0.6812585936523341
2.06,0.22913768245800914,0.786426814584547,-0.6812585936523341,0.7854903541459439,-0.6490588652697697
2.062,0.23583167638373484,0.7854903541459439,-0.6490588652697697,0.783975507400512,-0.613547551953025
2.064,0.24243072299487972,0.783975507400512,-0.613547551953025,0.782671527963735,-0.579978035857184
2.066,0.24893180450027863,0.782671527963735,-0.579978035857184,0.781747268461233,-0.545519991860534
2.068,0.2553319343019836,0.781747268461233,-0.545519991860534,0.7807448203104131,-0.5061703700912226
2.07,0.26162815846654264,0.7807448203104131,-0.5061703700912226,0.7796509974802142,-0.4721038772644542
2.072,0.26781755719106953,0.7796509974802142,-0.4721038772644542,0.7786383281418765,-0.42993631407840127
2.074,0.2738972462633674,0.7786383281418765,-0.42993631407840127,0.7778527614745577,-0.3939014506822961
2.076,0.279864378515403,0.7778527614745577,-0.3939014506822961,0.7775209693266012,-0.36083779832045465
2.078,0.28571614526937233,0.7775209693266012,-0.36083779832045465,0.7765235772926592,-0.32088686961834556
2.08,0.29144977777566833,0.7765235772926592,-0.32088686961834556,0.776529687918205,-0.2874855400910853
2.082,0.2970625486419662,0.776529687918205,-0.2874855400910853,0.7756278862816653,-0.24595793047800923
2.084,0.3025517732527483,0.7756278862816653,-0.24595793047800923,0.7753341564495334,-0.2063178507444374
2.086,0.30791481117847264,0.7753341564495334,-0.2063178507444374,0.7748081644880334,-0.17131861738341772
2.088,0.31314906757369854,0.7748081644880334,-0.17131861738341772,0.7744033321420002,-0.1301460375085476
2.09,0.3182519945633786,0.7744033321420002,-0.1301460375085476,0.7743151258318994,-0.1005778048743439
2.092,0.32322109261662574,0.7743151258318994,-0.1005778048743439,0.7743200326349472,-0.05828313882117315
2.094,0.3280539119071606,0.7743200326349472,-0.05828313882117315,0.7746876013426646,-0.021026838814241645
2.096,0.33274805365975113,0.7746876013426646,-0.021026838814241645,0.7743328644075528,0.01663993585836226
2.098,0.3373011714818466,0.7743328644075528,0.01663993585836226,0.7747492104458856,0.04815511721244452
2.1,0.3417109726797184,0.7747492104458856,0.04815511721244452,0.7747983066024909,0.08026352643094399
2.102,0.34597521955831323,0.7747983066024909,0.08026352643094399,0.7747502297531046,0.10968800702578554
2.104,0.35009173070413085,0.7747502297531046,0.10968800702578554,0.7750946414837331,0.13788289468092665
2.106,0.35405838225034225,0.7750946414837331,0.13788289468092665,0.7756715107820551,0.1671627210967434
2.108,0.35787310912344944,0.7756715107820551,0.1671627210967434,0.7760634649283131,0.20213709497678162
2.11,0.36153390627072324,0.7760634649283131,0.20213709497678162,0.7762718168263354,0.22906687837924392
2.112,0.36503882986771513,0.7762718168263354,0.22906687837924392,0.7767672030776414,0.2619762577271849
2.114,0.3683859985050892,0.7767672030776414,0.2619762577271849,0.7775441232732141,0.29208558321081796
2.116,0.37157359435407866,0.7775441232732141,0.29208558321081796,0.7782379877906387,0.3209095998905829
2.118,0.37459986430982023,0.7782379877906387,0.3209095998905829,0.7787915800929239,0.34941545328497803
2.12,0.3774631211118688,0.7787915800929239,0.34941545328497803,0.7796635460247924,0.3833842924044303
2.122,0.3801617444411758,0.7796635460247924,0.3833842924044303,0.7802548758482238,0.41590808015437314
2.124,0.38269418199282834,0.7802548758482238,0.41590808015437314,0.7813644088196194,0.4384236646171422
2.126,0.38505895052384576,0.7813644088196194,0.4384236646171422,0.7821830311765283,0.47156542051393663
2.128,0.3872546368753445,0.7821830311765283,0.47156542051393663,0.7833980369392698,0.5098033683964045
2.13,0.3892798989683801,0.7833980369392698,0.5098033683964045,0.7841511760831997,0.5352380687883714
2.132,0.3911334667727941,0.7841511760831997,0.5352380687883714,0.785335175644477,0.565951413182375
2.134,0.392814143248381,0.785335175644477,0.565951413182375,0.7867048744325966,0.5978655229811892
2.136,0.3943208052577259,0.7867048744325966,0.5978655229811892,0.7876288729478257,0.6283395622488401
2.138,0.3956524044500393,0.7876288729478257,0.6283395622488401,0.788949951753608,0.6555028324444772
2.14,0.3968079681153583,0.788949951753608,0.6555028324444772,0.7907370332184407,0.6859580803311195
2.142,0.3977866000084606,0.7907370332184407,0.6859580803311195,0.7917454607195277,0.7125250613663794
2.144,0.3985874811418704,0.7917454607195277,0.7125250613663794,0.7933269574152269,0.7430216054616026
2.146,0.3992098705473337,0.7933269574152269,0.7430216054616026,0.7951930152198249,0.7695168643189975
2.148,0.3996531060051547,0.7951930152198249,0.7695168643189975,0.7966586495303751,0.8020622745100479
2.15,0.3999166047407925,0.7966586495303751,0.8020622745100479,0.7983356337009287,0.8302659761912071
2.152,0.3999998640881332,0.7983356337009287,0.8302659761912071,0.8002427547581894,0.8585332054008533
2.154,0.3999024621188598,0.8002427547581894,0.8585332054008533,0.8018814812228213,0.8866262130017893
2.156,0.3996240582373559,0.8018814812228213,0.8866262130017893,0.8038949963287174,0.909342584652136
2.158,0.3991643937405922,0.8038949963287174,0.909342584652136,0.8056737378316444,0.9399491154758777
2.16,0.39852329234245554,0.8056737378316444,0.9399491154758777,0.8072961138856861,0.9655316172899553
2.162,0.3977006606619966,0.8072961138856861,0.9655316172899553,0.8089667682057359,0.9933612310868231
2.164,0.3966964886750821,0.8089667682057359,0.9933612310868231,0.8112438872829915,1.0214076707377817
2.166,0.3955108501289544,0.8112438872829915,1.0214076707377817,0.8131795703100588,1.049201656234779
2.168,0.3941439029192141,0.8131795703100588,1.049201656234779,0.8156721444923871,1.0713716541659017
2.17,0.3925958894287571,0.8156721444923871,1.0713716541659017,0.8176698564551211,1.0954172864961864
2.172,0.3908671368282115,0.8176698564551211,1.0954172864961864,0.8198291169322685,1.1206078986673316
2.174,0.388958057337436,0.8198291169322685,1.1206078986673316,0.8223482801887535,1.1456131433920818
2.176,0.3868691484476582,0.8223482801887535,1.1456131433920818,0.8244037551216676,1.1692596388449543
2.178,0.3846009931038461,0.8244037551216676,1.1692596388449543,0.8268943219897702,1.1934727025746381
2.18,0.38215425984692325,0.8268943219897702,1.1934727025746381,0.82987796704273,1.2172890928140294
2.182,0.3795297029154539,0.82987796704273,1.2172890928140294,0.831919284847333,1.2351863173572124
2.184,0.3767281623064459,0.831919284847333,1.2351863173572124,0.8342196254265469,1.2569572799416642
2.186,0.3737505637949348,0.8342196254265469,1.2569572799416642,0.8372111837430642,1.2801797423505865
2.188,0.37059791891202076,0.8372111837430642,1.2801797423505865,0.8396836314700994,1.3013166555801312
2.19,0.36727132488107667,0.8396836314700994,1.3013166555801312,0.8423350917476132,1.3256738647437314
2.192,0.36377196451182026,0.8423350917476132,1.3256738647437314,0.8448651172139429,1.341945069885441
2.194,0.3601011060520153,0.8448651172139429,1.341945069885441,0.8475644735482467,1.3635671148802864
2.196,0.3562601029965322,0.8475644735482467,1.3635671148802864,0.8502814620766762,1.3781656255840993
2.198,0.3522503938535695,0.8502814620766762,1.3781656255840993,0.8530059854273958,1.3956393058971848
2.2,0.34807350186781005,0.8530059854273958,1.3956393058971848,0.8562094581048892,1.4210188583626846
2.202,0.3437310347003492,0.8562094581048892,1.4210188583626846,0.8587815911623236,1.4345966858716652
2.204,0.3392246840652159,0.8587815911623236,1.4345966858716652,0.8619286566893606,1.446680382578047
2.206,0.33455622532236556,0.8619286566893606,1.446680382578047,0.8647519805964592,1.4639767793678593
2.208,0.3297275170269954,0.8647519805964592,1.4639767793678593,0.8676278960195427,1.483219159448835
2.21,0.32474050043512415,0.8676278960195427,1.483219159448835,0.8703720533262553,1.4943825940560382
2.212,0.3195971989653152,0.8703720533262553,1.4943825940560382,0.8738340238104783,1.5060615046859895
2.214,0.3142997176165341,0.8738340238104783,1.5060615046859895,0.8768379180879596,1.5219045102038837
2.216,0.30885024234206404,0.8768379180879596,1.5219045102038837,0.8799033590050217,1.5332318821696538
2.218,0.30325103937951264,0.8799033590050217,1.5332318821696538,0.8830993061061373,1.5398917587937182
2.22,0.2975044545368867,0.8830993061061373,1.5398917587937182,0.8863660331085919,1.5593734899475522
2.222,0.29161291243480136,0.8863660331085919,1.5593734899475522,0.8893964610105005,1.5669995873953717
2.224,0.28557891570485583,0.8893964610105005,1.5669995873953717,0.8920674812556547,1.5741774689433836
2.226,0.279405044144295,0.8920674812556547,1.5741774689433836,0.8953529933874139,1.581961360891318
2.228,0.2730939538270118,0.8953529933874139,1.581961360891318,0.8988910686052203,1.5895217355679727
2.23,0.2666483761710818,0.8988910686052203,1.5895217355679727,0.9018684190490206,1.5945718806235485
2.232,0.26007111696293495,0.9018684190490206,1.5945718806235485,0.9050725688490316,1.605088004446301
2.234,0.25336505533837156,0.9050725688490316,1.605088004446301,0.9081846579758703,1.609240610443784
2.236,0.24653314272060542,0.9081846579758703,1.609240610443784,0.9119343019970799,1.613281212620762
2.238,0.23957840171558864,0.9119343019970799,1.613281212620762,0.9145868214211927,1.6183456839942127
2.24,0.2325039249648378,0.9145868214211927,1.6183456839942127,0.9182836377227733,1.6276676291264065
2.242,0.22531287395606864,0.9182836377227733,1.6276676291264065,0.921362706564219,1.6247641017778507
2.244,0.21800847779190283,0.921362706564219,1.6247641017778507,0.9244670492765545,1.6302918020913186
2.246,0.21059403191702997,0.9244670492765545,1.6302918020913186,0.927629084435295,1.6322570244019212
2.248,0.2030728968040962,0.927629084435295,1.6322570244019212,0.9313541381398529,1.6299026619963173
2.25,0.19544849659878197,0.9313541381398529,1.6299026619963173,0.934458833598646,1.6308920427829101
2.2520000000000002,0.18772431772439213,0.934458833598646,1.6308920427829101,0.9378969285467935,1.6261365558913596
2.254,0.1799039074464485,0.9378969285467935,1.6261365558913596,0.9410749289974446,1.6255503158866162
2.2560000000000002,0.17199087239766933,0.9410749289974446,1.6255503158866162,0.9439322852266641,1.6237800228825758
2.258,0.16398887706388776,0.9439322852266641,1.6237800228825758,0.947283088083469,1.6180847727467755
2.2600000000000002,0.15590164223132286,0.947283088083469,1.6180847727467755,0.9502380008313308,1.6138707982900062
2.262,0.1477329433958154,0.9502380008313308,1.6138707982900062,0.9540692578326021,1.614584874262789
2.2640000000000002,0.13948660913449934,0.9540692578326021,1.614584874262789,0.9571183572082848,1.6071456167349418
2.266,0.1311665194405495,0.9571183572082848,1.6071456167349418,0.960081161812352,1.5979429398449252
2.2680000000000002,0.12277660402154777,0.960081161812352,1.5979429398449252,0.9634223428118087,1.5884681507714997
2.27,0.11432084056215036,0.9634223428118087,1.5884681507714997,0.9663325514091995,1.582569543222859
2.2720000000000002,0.10580325295162868,0.9663325514091995,1.582569543222859,0.9696131434224349,1.571204869063385
2.274,0.09722790947705878,0.9696131434224349,1.571204869063385,0.972881516387425,1.56297631827604
2.2760000000000002,0.08859892098273803,0.972881516387425,1.56297631827604,0.9761142608280772,1.5528796759637333
2.278,0.07992043899665764,0.9761142608280772,1.5528796759637333,0.978932920816913,1.5417513817851685
2.2800000000000002,0.07119665382470089,0.978932920816913,1.5417513817851685,0.9820172330973518,1.5279877476119683
2.282,0.06243179261337411,0.9820172330973518,1.5279877476119683,0.9850039922192584,1.5178756622122593
2.2840000000000003,0.0536301173818488,0.9850039922192584,1.5178756622122593,0.9882190043065815,1.5052312190254986
2.286,0.0447959230241404,0.9882190043065815,1.5052312190254986,0.990727449841275,1.4873876519967744
2.2880000000000003,0.035933535282238256,0.990727449841275,1.4873876519967744,0.9939289867811395,1.473270155133767
2.29,0.027047308691096485,0.9939289867811395,1.473270155133767,0.9968353145369178,1.4558957031588777
2.2920000000000003,0.018141624496298137,0.9968353145369178,1.4558957031588777,0.999962672141708,1.4405217592901594
2.294,0.009220888545380303,0.999962672141708,1.4405217592901594,1.0024181302043558,1.4253319385598586
2.2960000000000003,0.00028952915367281396,1.0024181302043558,1.4253319385598586,1.0056595939388688,1.4032723406839969
2.298,-0.008648005054327541,1.0056595939388688,1.4032723406839969,1.0083973879034436,1.3839738192963167
2.3000000000000003,-0.017587247327147462,1.0083973879034436,1.3839738192963167,1.0111877545708183,1.365305871702875
2.302,-0.026523714991035688,1.0111877545708183,1.365305871702875,1.013492685940488,1.3445735566318686
2.3040000000000003,-0.03545291167621092,1.013492685940488,1.3445735566318686,1.0161484614788678,1.3245708460212764
2.306,-0.0443703295635673,1.0161484614788678,1.3245708460212764,1.0189413486988816,1.3024216555152721
2.308,-0.05327145165084764,1.0189413486988816,1.3024216555152721,1.0213546419775381,1.2724965436478102
2.31,-0.0621517540371629,1.0213546419775381,1.2724965436478102,1.0239977350127805,1.252808942766903
2.312,-0.07100670822477291,1.0239977350127805,1.252808942766903,1.0264934203790734,1.2349689970013324
2.314,-0.07983178343705602,1.0264934203790734,1.2349689970013324,1.0289156524773397,1.2073674472417522
2.316,-0.08862244895147076,1.0289156524773397,1.2073674472417522,1.0311907560924565,1.1826620065487286
2.318,-0.09737417644643921,1.0311907560924565,1.1826620065487286,1.0334310096795487,1.1558956167711159
2.32,-0.10608244236091542,1.0334310096795487,1.1558956167711159,1.0356172032617879,1.1329385494752302
2.322,-0.11474273026551102,1.0356172032617879,1.1329385494752302,1.038005744377073,1.1053488312925575
2.324,-0.12335053324396,1.038005744377073,1.1053488312925575,1.0401102384377459,1.0758411427722774
2.326,-0.131901356283705,1.0401102384377459,1.0758411427722774,1.0422208832160857,1.0482812216739132
2.328,-0.14039071867437194,1.0422208832160857,1.0482812216739132,1.0444571361282347,1.0189040353866285
2.33,-0.14881415641293202,1.0444571361282347,1.0189040353866285,1.0461348787351452,0.98735657761366
2.332,-0.15716722461421928,1.0461348787351452,0.98735657761366,1.0485191638907236,0.9582838321177793
2.334,-0.16544549992561816,1.0485191638907236,0.9582838321177793,1.0499855493534116,0.9311500149756177
2.336,-0.17364458294455407,1.0499855493534116,0.9311500149756177,1.0520554583984536,0.8981258679103574
2.338,-0.18176010063756776,1.0520554583984536,0.8981258679103574,1.0534887513150146,0.870078622466789
2.34,-0.18978770875959475,1.0534887513150146,0.870078622466789,1.0553135776988483,0.8342701305716674
2.342,-0.19772309427220894,1.0553135776988483,0.8342701305716674,1.056801730407184,0.7976557312091918
2.344,-0.20556197775940102,1.056801730407184,0.7976557312091918,1.05810362210211,0.7681253971823653
2.346,-0.2133001158396688,1.05810362210211,0.7681253971823653,1.059916285177685,0.7331923916250854
2.348,-0.22093330357296725,1.059916285177685,0.7331923916250854,1.061002747366757,0.6966991011018164
2.35,-0.2284573768612376,1.061002747366757,0.6966991011018164,1.0625016280557271,0.662144775774689
2.352,-0.23586821484108833,1.0625016280557271,0.662144775774689,1.0640072052711544,0.6324173372501244
2.354,-0.24316174226733317,1.0640072052711544,0.6324173372501244,1.0655827558015978,0.5965200174105137
2.356,-0.25033393188591785,1.0655827558015978,0.5965200174105137,1.06601643394557,0.5572841188101166
2.358,-0.25738080679493874,1.06601643394557,0.5572841188101166,1.0664904997422726,0.5217309684805314
2.36,-0.26429844279229575,1.0664904997422726,0.5217309684805314,1.0681183706976058,0.4883956710152644
2.362,-0.27108297070865184,1.0681183706976058,0.4883956710152644,1.0691754102837059,0.45083908948477164
2.364,-0.27773057872423296,1.0691754102837059,0.45083908948477164,1.0699209057400374,0.41386680322378444
2.366,-0.2842375146681552,1.0699209057400374,0.41386680322378444,1.0709179507952433,0.372995534000517
2.368,-0.29060008829878864,1.0709179507952433,0.372995534000517,1.0712118126463566,0.33464390104640107
2.37,-0.2968146735638435,1.0712118126463566,0.33464390104640107,1.0722259045397797,0.3020436154949261
2.372,-0.3028777108387132,1.0722259045397797,0.3020436154949261,1.0725750895282355,0.2588330060308608
2.374,-0.3087857091417247,1.0725750895282355,0.2588330060308608,1.0729047817510013,0.2223107686619032
2.376,-0.3145352483248478,1.0729047817510013,0.2223107686619032,1.073254595881226,0.1837426043440313
2.378,-0.3201229812385304,1.073254595881226,0.1837426043440313,1.0736329581811863,0.1444788926233023
2.38,-0.32554563586920215,1.0736329581811863,0.1444788926233023,1.0739124109562777,0.10674740913071387
2.382,-0.33080001744811677,1.0739124109562777,0.10674740913071387,1.0738172898021907,0.06698038405391604
2.384,-0.3358830105301056,1.0738172898021907,0.06698038405391604,1.0738446915719437,0.030079776841510017
2.386,-0.34079158104089935,1.0738446915719437,0.030079776841510017,1.0738608912365988,-0.008222679474024384
2.388,-0.3455227782916174,1.0738608912365988,-0.008222679474024384,1.0737505090958335,-0.046067263782906084
2.39,-0.3500737369590934,1.0737505090958335,-0.046067263782906084,1.0738598810080777,-0.07728119628861144
2.392,-0.35444167903065604,1.0738598810080777,-0.07728119628861144,1.073601618277886,-0.10559671584782526
2.394,-0.3586239157120329,1.073601618277886,-0.10559671584782526,1.0728594931146742,-0.13943250379398534
2.396,-0.36261784929704416,1.0728594931146742,-0.13943250379398534,1.072750528669699,-0.17031693864775388
2.398,-0.36642097499775605,1.072750528669699,-0.17031693864775388,1.072217179715934,-0.19839727595970766
2.4,-0.3700308827337828,1.072217179715934,-0.19839727595970766,1.071943398681931,-0.23037566927075492
2.402,-0.37344525887944946,1.071943398681931,-0.23037566927075492,1.0713802602854463,-0.26185823584720586
2.404,-0.37666188796750566,1.0713802602854463,-0.26185823584720586,1.0707284843253322,-0.293876769040573
2.406,-0.3796786543481515,1.0707284843253322,-0.293876769040573,1.07034470129151,-0.3251010406204657
2.408,-0.3824935438020934,1.07034470129151,-0.3251010406204657,1.0694238090268509,-0.35872386239317106
2.41,-0.3851046451064066,1.0694238090268509,-0.35872386239317106,1.0687729957369887,-0.3871910736803203
2.412,-0.38751015155197277,1.0687729957369887,-0.3871910736803203,1.0678494738870363,-0.420700324453687
2.414,-0.38970836241130563,1.0678494738870363,-0.420700324453687,1.0671089185844571,-0.44540843875173003
2.416,-0.3916976843555535,1.0671089185844571,-0.44540843875173003,1.0659769278570512,-0.4808173835263898
2.418,-0.3934766328195455,1.0659769278570512,-0.4808173835263898,1.065087903105926,-0.5176308014985661
2.42,-0.3950438333137105,1.065087903105926,-0.5176308014985661,1.0639504524025984,-0.5447853253234606
2.422,-0.3963980226817702,1.0639504524025984,-0.5447853253234606,1.063054430445301,-0.5746015141377441
2.424,-0.39753805030308487,1.063054430445301,-0.5746015141377441,1.061412703388649,-0.6050781480057403
2.426,-0.3984628792385956,1.061412703388649,-0.6050781480057403,1.0603315333310361,-0.6361145263640082
2.428,-0.3991715873192985,1.0603315333310361,-0.6361145263640082,1.0589574206621999,-0.6678422703378654
2.43,-0.3996633681762313,1.0589574206621999,-0.6678422703378654,1.0575328251673168,-0.6934873349327351
2.432,-0.3999375322109675,1.0575328251673168,-0.6934873349327351,1.0565223326008497,-0.7232758257558547
2.434,-0.39999350750564905,1.0565223326008497,-0.7232758257558547,1.0546747557950513,-0.7516970296058357
2.436,-0.39983084067160773,1.0546747557950513,-0.7516970296058357,1.0532578986928154,-0.7798183457214927
2.438,-0.3994491976356605,1.0532578986928154,-0.7798183457214927,1.051646780821038,-0.8121493824403293
2.44,-0.39884836436319,1.051646780821038,-0.8121493824403293,1.049801243188263,-0.8399896697559397
2.442,-0.39802824751715205,1.049801243188263,-0.8399896697559397,1.0480731219477823,-0.8680291371493511
2.444,-0.39698887505218405,1.0480731219477823,-0.8680291371493511,1.0460639284614102,-0.9003472148323668
2.446,-0.39573039674301735,1.0460639284614102,-0.9003472148323668,1.0442391592786917,-0.9275116789293728
2.448,-0.3942530846464369,1.0442391592786917,-0.9275116789293728,1.0424863465886711,-0.9503610441592423
2.45,-0.39255733349604516,1.0424863465886711,-0.9503610441592423,1.0401839338229362,-0.9754766854386585
2.452,-0.39064366102915526,1.0401839338229362,-0.9754766854386585,1.0386866401136676,-1.0026984098839564
2.454,-0.3885127082451314,1.0386866401136676,-1.0026984098839564,1.0367898749120315,-1.024720091443662
2.456,-0.3861652395945688,1.0367898749120315,-1.024720091443662,1.034108032389877,-1.0514818209743702
2.458,-0.38360214309871066,1.034108032389877,-1.0514818209743702,1.0322811045972253,-1.0773114442746892
2.46,-0.3808244303985626,1.0322811045972253,-1.0773114442746892,1.0301753749323321,-1.103663131931854
2.462,-0.3778332367331762,1.0301753749323321,-1.103663131931854,1.0276184740085663,-1.1274218110200183
2.464,-0.3746298208466421,1.0276184740085663,-1.1274218110200183,1.0252884430506928,-1.1489595083913702
2.466,-0.3712155648233348,1.0252884430506928,-1.1489595083913702,1.0228066776078948,-1.1732819966667447
2.468,-0.3675919738510345,1.0228066776078948,-1.1732819966667447,1.0208264748192781,-1.1931785654672717
2.47,-0.3637606759115415,1.0208264748192781,-1.1931785654672717,1.0183589899153624,-1.21806362310799
2.472,-0.3597234213984968,1.0183589899153624,-1.21806362310799,1.015655787141927,-1.2360314263174539
2.474,-0.3554820826620974,1.015655787141927,-1.2360314263174539,1.0133092086209068,-1.2561006369449943
2.476,-0.3510386534805132,1.0133092086209068,-1.2561006369449943,1.0109407587730157,-1.274409457352921
2.478,-0.3463952484577676,1.0109407587730157,-1.274409457352921,1.0081715171038848,-1.2929737116285254
2.48,-0.34155410234797556,1.0081715171038848,-1.2929737116285254,1.0056876358005458,-1.3119810219776336
2.482,-0.3365175693058069,1.0056876358005458,-1.3119810219776336,1.0031137368254017,-1.3274702036506376
2.484,-0.33128812206311675,1.0031137368254017,-1.3274702036506376,1.0002299749963488,-1.3449617569788637
2.486,-0.32586835103173445,1.0002299749963488,-1.3449617569788637,0.9975812489620566,-1.3589589372036537
2.488,-0.3202609633324362,0.9975812489620566,-1.3589589372036537,0.9949138708710787,-1.3754596834235628
2.49,-0.3144687817501525,0.9949138708710787,-1.3754596834235628,0.9921187125127032,-1.390461583271491
2.492,-0.30849474361556867,0.9921187125127032,-1.390461583271491,0.9893849891166884,-1.4044920554594156
2.494,-0.3023418996132341,0.9893849891166884,-1.4044920554594156,0.9858846194433017,-1.4147461241556702
2.496,-0.29601341251642993,0.9858846194433017,-1.4147461241556702,0.983461944061137,-1.4319788842474899
2.498,-0.28951255584902164,0.983461944061137,-1.4319788842474899,0.9805185829400737,-1.4428407481588463
2.5,-0.2828427124746195,0.9805185829400737,-1.4428407481588463,0.9780748273207824,-1.4507257488036867
2.5020000000000002,-0.27600737311336915,0.9780748273207824,-1.4507257488036867,0.9744179002897537,-1.4604791306272666
2.504,-0.26901013478681407,0.9744179002897537,-1.4604791306272666,0.9717106641723898,-1.4667816139924927
2.5060000000000002,-0.26185469919120674,0.9717106641723898,-1.4667816139924927,0.96862218519993,-1.4833378807099358
2.508,-0.254544870999833,0.96862218519993,-1.4833378807099358,0.965873399570656,-1.486945447317648
2.5100000000000002,-0.2470845560948138,0.965873399570656,-1.486945447317648,0.962791259830534,-1.497106856920645
2.512,-0.23947775972904647,0.962791259830534,-1.497106856920645,0.9599628153561672,-1.4952150554973078
2.5140000000000002,-0.2317285846188354,0.9599628153561672,-1.4952150554973078,0.9564887337764988,-1.5011124992491016
2.516,-0.2238412289679766,0.9564887337764988,-1.5011124992491016,0.9537418043716449,-1.502799914298022
2.5180000000000002,-0.21581998442394565,0.9537418043716449,-1.502799914298022,0.9509213790865443,-1.5110608090732915
2.52,-0.20766923396704562,0.9509213790865443,-1.5110608090732915,0.9480292309082153,-1.5119594167469832
2.5220000000000002,-0.19939344973324763,0.9480292309082153,-1.5119594167469832,0.9446607184992217,-1.5130519964231204
2.524,-0.19099719077169236,0.9446607184992217,-1.5130519964231204,0.94164694263076,-1.518640920728879
2.5260000000000002,-0.18248510073768354,0.94164694263076,-1.518640920728879,0.9391258352749001,-1.5154816504906183
2.528,-0.17386190552221034,0.9391258352749001,-1.5154816504906183,0.9355704639718205,-1.512947588021386
2.5300000000000002,-0.16513241081894978,0.9355704639718205,-1.512947588021386,0.9323571622182237,-1.5142962483761928
2.532,-0.1563014996298706,0.9323571622182237,-1.5142962483761928,0.9295518138776914,-1.5097121296577694
2.5340000000000003,-0.14737412971047878,0.9295518138776914,-1.5097121296577694,0.92665637233846,-1.5026292514449382
2.536,-0.13835533095592384,0.92665637233846,-1.5026292514449382,0.9235468026681778,-1.4992076136334629
2.5380000000000003,-0.12925020272911045,0.9235468026681778,-1.4992076136334629,0.9207726594161657,-1.496796974173075
2.54,-0.12006391113209634,0.9207726594161657,-1.496796974173075,0.9177216788754412,-1.4900666773218068
2.5420000000000003,-0.11080168622203342,0.9177216788754412,-1.4900666773218068,0.9149270646045051,-1.4799412578753957
2.544,-0.10146881917303052,0.9149270646045051,-1.4799412578753957,0.9117723050549958,-1.4753197110434846
2.5460000000000003,-0.09207065938526003,0.9117723050549958,-1.4753197110434846,0.9088651028294678,-1.4650837573835866
2.548,-0.08261261154279015,0.9088651028294678,-1.4650837573835866,0.9060759335917885,-1.4538205348610247
2.5500000000000003,-0.07310013262154835,0.9060759335917885,-1.4538205348610247,0.9028867928357237,-1.440888621903421
2.552,-0.06353872884899814,0.9028867928357237,-1.440888621903421,0.9003315160171422,-1.432212966508742
2.5540000000000003,-0.0539339526169941,0.9003315160171422,-1.432212966508742,0.8975827227643753,-1.419042692230313
2.556,-0.044291399349489,0.8975827227643753,-1.419042692230313,0.8944784815545002,-1.4047550581336261
2.5580000000000003,-0.034616704326658,0.8944784815545002,-1.4047550581336261,0.8916083819506244,-1.391584867991585
2.56,-0.024915539467182942,0.8916083819506244,-1.391584867991585,0.8889757165212051,-1.3724875960111647
2.562,-0.015193610070335898,0.8889757165212051,-1.3724875960111647,0.886588645551627,-1.3600661272547536
2.564,-0.005456651519689066,0.886588645551627,-1.3600661272547536,0.88392538556017,-1.342795369085091
2.566,0.004289574049834659,0.88392538556017,-1.342795369085091,0.8810293412542726,-1.3232692910094948
2.568,0.014039281119663256,0.8810293412542726,-1.3232692910094948,0.8783985568409973,-1.3017085570680975
2.57,0.02378666418822755,0.8783985568409973,-1.3017085570680975,0.8758143678960454,-1.2896194997706618
2.572,0.033525901202649665,0.8758143678960454,-1.2896194997706618,0.873492590299974,-1.2679253910504698
2.574,0.043251157019492455,0.873492590299974,-1.2679253910504698,0.8706782806770063,-1.2521622266646106
2.576,0.05295658689267149,0.8706782806770063,-1.2521622266646106,0.8684904018991327,-1.2228299137437202
2.578,0.0626363399864624,0.8684904018991327,-1.2228299137437202,0.8660460582084873,-1.2000183909011666
2.58,0.07228456291162631,0.8660460582084873,-1.2000183909011666,0.8638670249574483,-1.178806702192481
2.582,0.08189540328253708,0.8638670249574483,-1.178806702192481,0.8614069553352371,-1.1561841202347316
2.584,0.09146301329327822,0.8614069553352371,-1.1561841202347316,0.8588888076777008,-1.1278185402761538
2.586,0.10098155331051982,0.8588888076777008,-1.1278185402761538,0.8568289253305471,-1.1071005052149987
2.588,0.1104451954811099,0.8568289253305471,-1.1071005052149987,0.8546665386830407,-1.0785797017031964
2.59,0.11984812735210278,0.8546665386830407,-1.0785797017031964,0.8523279680669511,-1.0504171668745963
2.592,0.12918455550114122,0.8523279680669511,-1.0504171668745963,0.850363474593255,-1.0268037755909238
2.594,0.13844870917485294,0.850363474593255,-1.0268037755909238,0.8482314265985651,-0.9918206990735923
2.596,0.1476348439331312,0.8482314265985651,-0.9918206990735923,0.8462178940362295,-0.9659433130480253
2.598,0.1567372452969195,0.8462178940362295,-0.9659433130480253,0.8447693563551605,-0.9354889454854904
2.6,0.16575023239731407,0.8447693563551605,-0.9354889454854904,0.8425892316641911,-0.9071526645286846
2.602,0.174668161623593,0.8425892316641911,-0.9071526645286846,0.8411112323978998,-0.8740310530014125
2.604,0.1834854302679343,0.8411112323978998,-0.8740310530014125,0.8392657725759011,-0.8464761043743977
2.606,0.19219648016439483,0.8392657725759011,-0.8464761043743977,0.8379711210829788,-0.8098689272065747
2.608,0.2007958013198842,0.8379711210829788,-0.8098689272065747,0.8362857433686155,-0.7806562821839048
2.61,0.2092779355346929,0.8362857433686155,-0.7806562821839048,0.8348005912495103,-0.7460263480833372
2.612,0.21763748001025227,0.8348005912495103,-0.7460263480833372,0.8334617330555849,-0.7150140249714756
2.614,0.2258690909417037,0.8334617330555849,-0.7150140249714756,0.8319609207703457,-0.6785874799117355
2.616,0.23396748709290974,0.8319609207703457,-0.6785874799117355,0.8304286835714164,-0.643092854287208
2.618,0.2419274533514651,0.8304286835714164,-0.643092854287208,0.8294410057367162,-0.6091197897369497
2.62,0.24974384426135354,0.8294410057367162,-0.6091197897369497,0.8283680012392659,-0.5754509341473222
2.622,0.25741158753077287,0.8283680012392659,-0.5754509341473222,0.8272050941072346,-0.535623683378284
2.624,0.2649256875127718,0.8272050941072346,-0.535623683378284,0.8262727491002319,-0.49778561306726266
2.626,0.2722812286562442,0.8262727491002319,-0.49778561306726266,0.8250497442040184,-0.46600516572519524
2.628,0.2794733789248885,0.8250497442040184,-0.46600516572519524,0.8244864606362492,-0.4247495104537608
2.63,0.2864973931816863,0.8244864606362492,-0.4247495104537608,0.8240866708762558,-0.3867372601561831
2.632,0.2933486165365519,0.8240866708762558,-0.3867372601561831,0.8227880315052472,-0.3483304169798753
2.634,0.3000224876546708,0.8227880315052472,-0.3483304169798753,0.8221705008928499,-0.31456879305218927
2.636,0.3065145420232003,0.8221705008928499,-0.31456879305218927,0.8223155350572228,-0.2723043698006991
2.638,0.31282041517390013,0.8223155350572228,-0.2723043698006991,0.821468622816122,-0.23291399525448755
2.64,0.3189358458593503,0.821468622816122,-0.23291399525448755,0.821298298293534,-0.1943066624893366
2.642,0.3248566791803483,0.821298298293534,-0.1943066624893366,0.8208684586707756,-0.15753650493813934
2.644,0.33057886966219435,0.8208684586707756,-0.15753650493813934,0.8201146949406457,-0.11304284872168083
2.646,0.3360984842774686,0.8201146949406457,-0.11304284872168083,0.8205357113612458,-0.07517240896504578
2.648,0.34141170541303995,0.8205357113612458,-0.07517240896504578,0.820212651424373,-0.036318293778317495
2.65,0.34651483377895514,0.820212651424373,-0.036318293778317495,0.8200333159614547,0.004832337556315286
2.652,0.35140429125698597,0.8200333159614547,0.004832337556315286,0.8203773714290967,0.03833532038343871
2.654,0.3560766236865312,0.8203773714290967,0.03833532038343871,0.8204615067244048,0.07243902803273984
2.656,0.36052850358567806,0.8204615067244048,0.07243902803273984,0.8206920212179498,0.10385996307249463
2.658,0.3647567328051994,0.8206920212179498,0.10385996307249463,0.8206255748414535,0.13519049522263205
2.66,0.368758245113329,0.8206255748414535,0.13519049522263205,0.821628766153065,0.16494537120194253
2.662,0.37253010870914033,0.821628766153065,0.16494537120194253,0.8215612746615988,0.19964117963124486
2.664,0.3760695286624524,0.8215612746615988,0.19964117963124486,0.8222380855423872,0.23104109117692506
2.666,0.3793738492781402,0.8222380855423872,0.23104109117692506,0.8222466421497578,0.2627721071103674
2.668,0.3824405563828361,0.8222466421497578,0.2627721071103674,0.8229209541768306,0.29211403487080584
2.67,0.38526727953198575,0.8229209541768306,0.29211403487080584,0.8239188043854361,0.3251606259457307
2.672,0.38785179413530474,0.8239188043854361,0.3251606259457307,0.8246865391577688,0.3640067507929279
2.674,0.39019202349868315,0.8246865391577688,0.3640067507929279,0.8254592771535026,0.3910589894392946
2.676,0.39228604078067053,0.8254592771535026,0.3910589894392946,0.8259675675799736,0.42015003762273784
2.678,0.3941320708616637,0.8259675675799736,0.42015003762273784,0.8268402883519591,0.45208863507912456
2.68,0.3957284921240191,0.8268402883519591,0.45208863507912456,0.8278041547994747,0.48342286066155765
2.682,0.39707383814131214,0.8278041547994747,0.48342286066155765,0.8290131141778021,0.5141755193665779
2.684,0.39816679927504794,0.8290131141778021,0.5141755193665779,0.8298659044545167,0.5447097378725828
2.686,0.39900622417715065,0.8298659044545167,0.5447097378725828,0.8313974799136183,0.5786054012779079
2.688,0.3995911211966322,0.8313974799136183,0.5786054012779079,0.8327305081594821,0.611401079776764
2.69,0.39992065968887464,0.8327305081594821,0.611401079776764,0.8337369672976238,0.6412275812461625
2.692,0.3999941712260314,0.8337369672976238,0.6412275812461625,0.8348573667664182,0.6747539439320546
2.694,0.3998111507070937,0.8348573667664182,0.6747539439320546,0.836784931126874,0.6997596288629521
2.696,0.399371257366236,0.836784931126874,0.6997596288629521,0.8377729491146746,0.7306294643838278
2.698,0.3986743156781074,0.8377729491146746,0.7306294643838278,0.8391499814839,0.7576449891784518
2.7,0.3977203161587995,0.8391499814839,0.7576449891784518,0.8412500862598852,0.7883201772440547
2.702,0.3965094160612779,0.8412500862598852,0.7883201772440547,0.842635628924862,0.8186450406314593
2.704,0.3950419399641327,0.842635628924862,0.8186450406314593,0.8442159027283223,0.8454732309668661
2.706,0.39331838025256444,0.8442159027283223,0.8454732309668661,0.8460693079063625,0.8709329971506032
2.708,0.3913393974905874,0.8460693079063625,0.8709329971506032,0.8480613505988949,0.8979074612692791
2.71,0.3891058206834992,0.8480613505988949,0.8979074612692791,0.8502024297441947,0.9255090700794876
2.712,0.38661864742973456,0.8502024297441947,0.9255090700794876,0.8521259167016224,0.9507741837122466
2.714,0.38387904396129247,0.8521259167016224,0.9507741837122466,0.8538065888762608,0.9763237924005045
2.716,0.38088834507198055,0.8538065888762608,0.9763237924005045,0.8554250554414072,1.004259565880365
2.718,0.37764805393283,0.8554250554414072,1.004259565880365,0.8578859772815861,1.0260447803733972
2.72,0.37415984179404593,0.8578859772815861,1.0260447803733972,0.8600926195457937,1.0510671103743279
2.722,0.37042554757301194,0.8600926195457937,1.0510671103743279,0.8620342895726745,1.0768870088740228
2.724,0.3664471773278437,0.8620342895726745,1.0768870088740228,0.864324920202522,1.0953737913850854
2.726,0.36222690361617477,0.864324920202522,1.0953737913850854,0.8667720349667073,1.122292874663762
2.728,0.3577670647388195,0.8667720349667073,1.122292874663762,0.8686486208936037,1.1406602655076388
2.73,0.353070163868139,0.8686486208936037,1.1406602655076388,0.8707220636944647,1.1608463588399205
2.732,0.3481388680609231,0.8707220636944647,1.1608463588399205,0.8735373328215034,1.1830514161134245
2.734,0.3429760071557719,0.8735373328215034,1.1830514161134245,0.8756084108951359,1.2021306097691065
2.736,0.3375845725549256,0.8756084108951359,1.2021306097691065,0.8785913471100355,1.2212439086235816
2.738,0.3319677158907205,0.8785913471100355,1.2212439086235816,0.8806413943144652,1.2425808929477637
2.74,0.32612874757676596,0.8806413943144652,1.2425808929477637,0.8833648463426408,1.2571805819656674
2.742,0.32007113524415853,0.8833648463426408,1.2571805819656674,0.885697965731935,1.270422231660058
2.744,0.31379850206303556,0.885697965731935,1.270422231660058,0.8881637537459852,1.288209146625237
2.746,0.3073146249499217,0.8881637537459852,1.288209146625237,0.8909619508805423,1.3047193697379351
2.748,0.3006234326613318,0.8909619508805423,1.3047193697379351,0.8937522766652347,1.3184696926904704
2.75,0.2937290037742743,0.8937522766652347,1.3184696926904704,0.8963484211385204,1.329192809479827
2.7520000000000002,0.28663556455425565,0.8963484211385204,1.329192809479827,0.8985604811774016,1.3425046126223787
2.754,0.27934748671161674,0.8985604811774016,1.3425046126223787,0.9015106570854241,1.3537221281038054
2.7560000000000002,0.27186928504697744,0.9015106570854241,1.3537221281038054,0.9043778551400491,1.363152288361856
2.758,0.26420561498674794,0.9043778551400491,1.363152288361856,0.9069614076494765,1.3751712652422028
2.7600000000000002,0.25636127000969966,0.9069614076494765,1.3751712652422028,0.9099750925141347,1.3829023413356536
2.762,0.24834117896570174,0.9099750925141347,1.3829023413356536,0.9128359097899903,1.391718273891599
2.7640000000000002,0.24015040328776346,0.9128359097899903,1.391718273891599,0.9153306529760952,1.3992728700194796
2.766,0.23179413409869795,0.9153306529760952,1.3992728700194796,0.9187217355152384,1.403958749917657
2.7680000000000002,0.22327768921368227,0.9187217355152384,1.403958749917657,0.9213994826978086,1.4132565267343506
2.77,0.21460651004020984,0.9213994826978086,1.4132565267343506,0.9242954098012525,1.4131161104165872
2.7720000000000002,0.20578615837687764,0.9242954098012525,1.4131161104165872,0.9272350187716333,1.4183159510808343
2.774,0.19682231311266296,0.9272350187716333,1.4183159510808343,0.9296221077018284,1.4200000530755528
2.7760000000000002,0.1877207668282982,0.9296221077018284,1.4200000530755528,0.9326369574320515,1.4219908755296262
2.778,0.17848742230157794,0.9326369574320515,1.4219908755296262,0.9353259879535121,1.4249294606097118
2.7800000000000002,0.1691282889183466,0.9353259879535121,1.4249294606097118,0.9380605703727525,1.4197915208011864
2.782,0.15964947899116944,0.9380605703727525,1.4197915208011864,0.9412046077910678,1.4218391268769428
2.7840000000000003,0.15005720398761635,0.9412046077910678,1.4218391268769428,0.9441008263827855,1.4158776527175527
2.786,0.14035777067029187,0.9441008263827855,1.4158776527175527,0.9469276016408248,1.4156102793156184
2.7880000000000003,0.13055757715070945,0.9469276016408248,1.4156102793156184,0.949884444885372,1.4078066493058865
2.79,0.12066310885930479,0.949884444885372,1.4078066493058865,0.9523855627270085,1.4044372946811219
2.7920000000000003,0.11068093443382934,0.9523855627270085,1.4044372946811219,0.9548213893550292,1.3972841651975376
2.794,0.10061770152857628,0.9548213893550292,1.3972841651975376,0.958147692423791,1.3905306057023088
2.7960000000000003,0.09048013254684233,0.958147692423791,1.3905306057023088,0.9605442753536979,1.3849941553127092
2.798,0.08027502029919538,0.9605442753536979,1.3849941553127092,0.963634736978656,1.3760569585528803
2.8000000000000003,0.07000922359010923,0.963634736978656,1.3760569585528803,0.9660069201750217,1.3638325855144362
2.802,0.05968966273571426,0.9660069201750217,1.3638325855144362,0.9690767041971063,1.3515446913391227
2.8040000000000003,0.049323315015291566,0.9690767041971063,1.3515446913391227,0.9714023301911486,1.3424684920487249
2.806,0.03891721005945892,0.9714023301911486,1.3424684920487249,0.9745203046741148,1.3255151054819267
2.8080000000000003,0.02847842517779515,0.9745203046741148,1.3255151054819267,0.9763160891800694,1.310983331022391
2.81,0.018014080628949446,0.9763160891800694,1.310983331022391,0.9792311370812429,1.2987370005104757
2.8120000000000003,0.007531334836171535,0.9792311370812429,1.2987370005104757,0.9821232200059515,1.2829182943816855
2.814,-0.002962620448627858,0.9821232200059515,1.2829182943816855,0.9843929589296547,1.2667950735945117
2.816,-0.013460565029199692,0.9843929589296547,1.2667950735945117,0.9868383558315339,1.2487578339562562
2.818,-0.023955255194429613,0.9868383558315339,1.2487578339562562,0.9893630368679412,1.235670875451991
2.82,-0.03443942868975208,0.9893630368679412,1.235670875451991,0.992076454762418,1.2092033781862224
2.822,-0.0449058097272379,0.992076454762418,1.2092033781862224,0.994094813555849,1.1896751552378533
2.824,-0.05534711403090621,0.994094813555849,1.1896751552378533,0.9963039360429703,1.1678943455983628
2.826,-0.06575605391402262,0.9963039360429703,1.1678943455983628,0.9987798583430775,1.1490642012406502
2.828,-0.07612534338476301,0.9987798583430775,1.1490642012406502,1.0010909570401798,1.122805576899349
2.83,-0.08644770327690743,1.0010909570401798,1.122805576899349,1.0031094619976912,1.0982857538751822
2.832,-0.09671586640190812,1.0031094619976912,1.0982857538751822,1.0055164175570235,1.075636542622958
2.834,-0.1069225827188472,1.0055164175570235,1.075636542622958,1.007857907005911,1.0494256954546697
2.836,-0.11706062451859843,1.007857907005911,1.0494256954546697,1.009891903706402,1.0250193369838876
2.838,-0.12712279161860496,1.009891903706402,1.0250193369838876,1.0116742304485584,0.9935287599307785
2.84,-0.1371019165645045,1.0116742304485584,0.9935287599307785,1.0133567871156874,0.9713034410528181
2.842,-0.14699086983499773,1.0133567871156874,0.9713034410528181,1.0157770568928473,0.9417599814565902
2.844,-0.15678256504607987,1.0157770568928473,0.9417599814565902,1.0174742819742066,0.9113263511415763
2.846,-0.16646996415098655,1.0174742819742066,0.9113263511415763,1.019011950733594,0.8808962786790207
2.848,-0.17604608263194943,1.019011950733594,0.8808962786790207,1.0209843733628554,0.8522919396792084
2.85,-0.1855039946800246,1.0209843733628554,0.8522919396792084,1.0223832253306948,0.8196560100110276
2.852,-0.19483683835908994,1.0223832253306948,0.8196560100110276,1.0241180816074085,0.7890068791596014
2.854,-0.20403782075021373,1.0241180816074085,0.7890068791596014,1.0253519111528426,0.7592014996457968
2.856,-0.21310022307244988,1.0253519111528426,0.7592014996457968,1.0270148444323335,0.7225805093911933
2.858,-0.22201740577629062,1.0270148444323335,0.7225805093911933,1.0286363984373916,0.690799361159833
2.86,-0.23078281360574932,1.0286363984373916,0.690799361159833,1.0296320798147691,0.6554379123053908
2.862,-0.2393899806253256,1.0296320798147691,0.6554379123053908,1.030674527411134,0.6181432591269366
2.864,-0.24783253520783247,1.030674527411134,0.6181432591269366,1.0316043574573264,0.586391069189714
2.866,-0.25610420497928077,1.0316043574573264,0.586391069189714,1.0327726705482938,0.549327096940152
2.868,-0.26419882171687664,1.0327726705482938,0.549327096940152,1.0340091983285429,0.5095324905330353
2.87,-0.2721103261962938,1.0340091983285429,0.5095324905330353,1.035085430043734,0.47508408046618233
2.872,-0.2798327729842784,1.035085430043734,0.47508408046618233,1.036121198843629,0.44071392785866387
2.874,-0.28736033517282045,1.036121198843629,0.44071392785866387,1.0368692457257969,0.4011350739529586
2.876,-0.2946873090509456,1.0368692457257969,0.4011350739529586,1.0374001885038706,0.3626091384238515
2.878,-0.3018081187103929,1.0374001885038706,0.3626091384238515,1.038195784916455,0.3216960615966054
2.88,-0.3087173205812966,1.038195784916455,0.3216960615966054,1.038713375202468,0.28359583968160923
2.882,-0.31540960789414174,1.038713375202468,0.28359583968160923,1.0392597942761583,0.24530246237360384
2.884,-0.32187981506422625,1.0392597942761583,0.24530246237360384,1.0395297675291475,0.20350604193098315
2.886,-0.32812292199490545,1.0395297675291475,0.20350604193098315,1.040111462232837,0.1618180542565884
2.888,-0.33413405829593273,1.040111462232837,0.1618180542565884,1.0400887350495875,0.12830946714559377
2.89,-0.3399085074132626,1.0400887350495875,0.12830946714559377,1.0398409990773692,0.08364501395293433
2.892,-0.34544171066667567,1.0398409990773692,0.08364501395293433,1.0406097843918505,0.041600306709768886
2.894,-0.350729271191697,1.0406097843918505,0.041600306709768886,1.041003065985408,0.00042171641665109897
2.896,-0.3557669577822588,1.041003065985408,0.00042171641665109897,1.0407084841022058,-0.028017991842424716
2.898,-0.36055070863066335,1.0407084841022058,-0.028017991842424716,1.040474398407738,-0.0654653098610524
2.9,-0.3650766349614009,1.040474398407738,-0.0654653098610524,1.0401672116741187,-0.09947045026168647
2.902,-0.36934102455549184,1.0401672116741187,-0.09947045026168647,1.0399975868918172,-0.13226676662639805
2.904,-0.3733403451620303,1.0399975868918172,-0.13226676662639805,1.0394562106438119,-0.1603757661726442
2.906,-0.3770712477936958,1.0394562106438119,-0.1603757661726442,1.0388985955043943,-0.19549320954417765
2.908,-0.3805305699030588,1.0388985955043943,-0.19549320954417765,1.0386998814640087,-0.2298973700593749
2.91,-0.38371533843657507,1.0386998814640087,-0.2298973700593749,1.0383805147891771,-0.2590125563893448
2.912,-0.38662277276321394,1.0383805147891771,-0.2590125563893448,1.0372601647050128,-0.2922727332229712
2.914,-0.38925028747479173,1.0372601647050128,-0.2922727332229712,1.0367589364486975,-0.32595472437986095
2.916,-0.3915954950550836,1.0367589364486975,-0.32595472437986095,1.036215256607299,-0.3584672993715887
2.918,-0.3936562084149408,1.036215256607299,-0.3584672993715887,1.0356140599081598,-0.39078434892720226
2.92,-0.39543044329065963,1.0356140599081598,-0.39078434892720226,1.03477431495908,-0.4216798164581184
2.922,-0.3969164205029916,1.03477431495908,-0.4216798164581184,1.0338417844495076,-0.454753807967638
2.924,-0.3981125680742094,1.0338417844495076,-0.454753807967638,1.03259840775523,-0.4878880141405886
2.926,-0.39901752320079786,1.03259840775523,-0.4878880141405886,1.0317804607356815,-0.5154241962784493
2.928,-0.39963013407937886,1.0317804607356815,-0.5154241962784493,1.0309911165842685,-0.5462119946424058
2.93,-0.3999494615836086,1.0309911165842685,-0.5462119946424058,1.0294571653258273,-0.5804567819246547
2.932,-0.39997478078986826,1.0294571653258273,-0.5804567819246547,1.0282629552580123,-0.6110527920109912
2.934,-0.39970558234967485,1.0282629552580123,-0.6110527920109912,1.0271946041751123,-0.6397649528180217
2.936,-0.3991415737068411,1.0271946041751123,-0.6397649528180217,1.0253906086380764,-0.6733492663577636
2.938,-0.3982826801575197,1.0253906086380764,-0.6733492663577636,1.024427549945334,-0.7013174897522321
2.94,-0.3971290457513734,1.024427549945334,-0.7013174897522321,1.022644731963926,-0.7291322104532836
2.942,-0.3956810340322235,1.022644731963926,-0.7291322104532836,1.0210922427772506,-0.7612206502092538
2.944,-0.39393922861664477,1.0210922427772506,-0.7612206502092538,1.0194987752875577,-0.7932993474548968
2.946,-0.3919044336090805,1.0194987752875577,-0.7932993474548968,1.0181286137480914,-0.8200417917978734
2.948,-0.38957767385217995,1.0181286137480914,-0.8200417917978734,1.0161512671312491,-0.8468660812190342
2.95,-0.38696019501116724,1.0161512671312491,-0.8468660812190342,1.0146651740175714,-0.8727520545435603
2.952,-0.3840534634911812,1.0146651740175714,-0.8727520545435603,1.012724242396771,-0.9026673248277194
2.954,-0.3808591661866365,1.012724242396771,-0.9026673248277194,1.0108528028412946,-0.928387084078088
2.956,-0.3773792100617963,1.0108528028412946,-0.928387084078088,1.0090297918879634,-0.9502354350685959
2.958,-0.37361572156185247,1.0090297918879634,-0.9502354350685959,1.0070130966124855,-0.9718019025271613
2.96,-0.3695710458539563,1.0070130966124855,-0.9718019025271613,1.005121783494491,-0.9989775503433114
2.962,-0.365247745897749,1.005121783494491,-0.9989775503433114,1.0029971215046274,-1.0241747549672837
2.964,-0.3606486013451048,1.0029971215046274,-1.0241747549672837,1.0010683906133855,-1.044523237298261
2.966,-0.35577660726888494,1.0010683906133855,-1.044523237298261,0.9984770584296978,-1.0668492504152693
2.968,-0.35063497272067773,0.9984770584296978,-1.0668492504152693,0.9966591263703304,-1.0885429857944569
2.97,-0.3452271191176002,0.9966591263703304,-1.0885429857944569,0.9944271494490211,-1.1137125580725606
2.972,-0.3395566784584054,0.9944271494490211,-1.1137125580725606,0.9918368961961231,-1.1275679222326906
2.974,-0.3336274913692204,0.9918368961961231,-1.1275679222326906,0.9898211158722234,-1.1532587048861165
2.976,-0.32744360497944996,0.9898211158722234,-1.1532587048861165,0.9875026046215947,-1.1695506856670699
2.978,-0.3210092706284504,0.9875026046215947,-1.1695506856670699,0.9846914842417052,-1.1909859706971875
2.98,-0.31432894140375145,0.9846914842417052,-1.1909859706971875,0.9823333456075546,-1.202600458149903
2.982,-0.30740726951174535,0.9823333456075546,-1.202600458149903,0.9802062148916464,-1.219523123944279
2.984,-0.30024910348188044,0.9802062148916464,-1.219523123944279,0.9778047018566347,-1.232829293843105
2.986,-0.2928594852055175,0.9778047018566347,-1.232829293843105,0.9748309674768352,-1.2487509329309932
2.988,-0.285243646810857,0.9748309674768352,-1.2487509329309932,0.9725631639288683,-1.263827442857072
2.99,-0.27740700737528073,0.9725631639288683,-1.263827442857072,0.9700719975353287,-1.2739002781949487
2.992,-0.26935516947682986,0.9700719975353287,-1.2739002781949487,0.967558135517564,-1.2879248256591385
2.994,-0.2610939155864599,0.967558135517564,-1.2879248256591385,0.9649239147902067,-1.2913993920865552
2.996,-0.2526292043030355,0.9649239147902067,-1.2913993920865552,0.9621998555314946,-1.3082632823726423
2.998,-0.24396716643300348,0.9621998555314946,-1.3082632823726423,0.9598390583993208,-1.3121849511110768
