time_s,measured_position_rad,measured_velocity_rad_s,nominal_position_rad,nominal_velocity_rad_s,fitted_position_rad,fitted_velocity_rad_s
0.0,2.4603067149651487e-07,0.0005974910750169397,2.4603067149651487e-07,0.0005974910750169397,2.4603067149651487e-07,0.0005974910750169397
0.002,-5.482757107244352e-05,-0.0017811836775145484,1.3260033903585193e-06,0.0005399863594310022,1.320802608846629e-06,0.0005373859686750571
0.004,-9.093415703434452e-05,-0.0019832931099929246,2.9703338449668645e-06,0.0008221652273041726,2.2874561030688733e-06,0.0004833267471111222
0.006,1.2028720519487697e-05,0.002680430491109067,5.794996662750983e-06,0.0014123314088920593,3.1568668688700543e-06,0.0004347053829005904
0.008,-9.801965144996835e-05,-0.001030123669491089,1.035868915145031e-05,0.002281846244349664,4.360398306565354e-06,0.0006017657188476498
0.01,9.961366989293977e-05,0.0013255778141213858,1.7168435606212975e-05,0.0034048732273813326,6.2872747069484536e-06,0.00096343820019155
0.012,2.5096798096999185e-05,-0.0006765918686567301,2.6684801195541237e-05,0.004758182794664131,9.288818459884374e-06,0.0015007718764679606
0.014,1.9870702213962686e-06,0.003302349597232323,3.932683062652982e-05,0.006321014715494292,1.368228216885261e-05,0.002196731854484117
0.016,-0.0002554474531970462,0.0018637792508791923,5.547680618819085e-05,0.008074987780830519,1.9754334526116268e-05,0.003036026178631829
0.018000000000000002,-0.00035930363449281674,0.001193653124120989,7.548489228614442e-05,0.010004043048976787,2.7764254774656474e-05,0.004004960124270103
0.02,-0.0003376442320839329,0.004410748741381348,9.967370472612096e-05,0.012094406219988267,3.794688287346529e-05,0.005091314049404409
0.022,-0.00021060051175365749,0.006635533247978215,0.00012834281647121555,0.0143345558725473,5.0515363518456466e-05,0.006284240322495588
0.024,8.903820552289736e-05,0.007025739942224678,0.00016177318977214704,0.016715186650465737,6.566371337766678e-05,0.007574174929605157
0.026000000000000002,-0.00042807882246934293,0.007715179956660444,0.00020023150872549347,0.019229159476673217,8.356923307256061e-05,0.00895275984744692
0.028,8.610265162756434e-05,0.010491478478516107,0.00024397437672543955,0.021871433999973038,0.00010439477897143636,0.010412772949437876
0.03,-0.00018660329722304853,0.010855001033057877,0.0002932523393586895,0.024638981316624994,0.00012829090488806336,0.011948062958313499
0.032,-4.943091054115993e-05,0.011806850117217684,0.0003483136938469438,0.027530677244127156,0.00015539788025633575,0.013553487684136202
0.034,0.00038865836204515477,0.013487796798221709,0.00040940804964281264,0.030547177897934423,0.00018584758912344097,0.015224854433552608
0.036000000000000004,0.0002036590287843518,0.018611145937524817,0.0004767896097007144,0.03369078002895091,0.0002197653131445435,0.016958862010551263
0.038,0.0001307246468203305,0.01841727789859918,0.0005507201469964644,0.03696526864787495,0.00025727140141350465,0.018753044134480572
0.04,0.000310530038652264,0.0206238018651986,0.0006314716552079306,0.04037575410573313,0.00029848283016568785,0.0206057143760916
0.042,8.824239785250044e-05,0.022560457027589662,0.0007193286557405096,0.04392850026628949,0.00034351465589869,0.022515912866501075
0.044,0.0006537708515001873,0.02128201265166333,0.0008145901456011092,0.0476307449302998,0.0003924813660678925,0.02448335508460123
0.046,0.0006066847775744584,0.026639744460522682,0.0009175711724798427,0.051490513439366774,0.00044549813206246427,0.0265083829972859
0.048,0.00036348090538867073,0.03248420521267296,0.0010286040255030474,0.05551642651160232,0.0005026819695363809,0.02859191873695833
0.05,0.0007054765846410719,0.02822625120279676,0.0011480390332463746,0.059717503871663594,0.0005641528112847168,0.03073542087416791
0.052000000000000005,0.0006335827158999457,0.03398079312810214,0.0012762449654022396,0.06410296607793252,0.000630034497683462,0.032940843199372564
0.054,0.0006511102105385358,0.03645940326590674,0.001413609041375634,0.06868203798669711,0.0007004556892492821,0.03521059578291006
0.056,0.0007504155790147816,0.03876069883965816,0.0015605365580484843,0.07346375833642514,0.000775550705147338,0.037547507949027954
0.058,0.001131080607820679,0.03847719872038065,0.0017174501595809573,0.07845680076623647,0.0008554602905231732,0.039954792687917545
0.06,0.0009686120747716112,0.0413775164490436,0.001884788783570393,0.0836693119947178,0.0009403323144156716,0.04243601194624917
0.062,0.0010431518943373706,0.04248254064355721,0.0020630063290214364,0.08910877272552167,0.0010303223987895192,0.04499504218692384
0.064,0.0009968200826253244,0.0470987029712183,0.0022525701011260483,0.09478188605230586,0.0011255944779823659,0.047636039596423374
0.066,0.0013928552690220864,0.05250149035298116,0.002453959094636787,0.10069449675536948,0.001226321286674137,0.050363404345885564
0.068,0.0010544397528117627,0.05143212362133027,0.0026676621807773344,0.10685154307027366,0.0013326847734367788,0.053181743381320964
0.07,0.0015603799405598214,0.051942132799912624,0.00289417626177199,0.11325704049732771,0.0014448764360953047,0.05609583132926294
0.07200000000000001,0.0014562305956882285,0.05873808246544224,0.0031340044523199733,0.1199140952739916,0.001563097574604756,0.05911056925472567
0.074,0.0019243544879056296,0.06342226968592335,0.0033876543393055927,0.12682494349280976,0.0016875594569932437,0.062230941194243855
0.076,0.0017380376675339166,0.0645272777768454,0.0036556363606912055,0.13399101069280633,0.0018184833941942767,0.06546196860051648
0.078,0.0018906424552600153,0.07164765069353439,0.0039384623330282744,0.14141298616853465,0.0019561007203260463,0.06880866306588478
0.08,0.001999190397738598,0.07144956466805623,0.004236644145468738,0.14909090622023194,0.002100652676176595,0.07227597792527425
0.082,0.0023065898045318894,0.0753967615206594,0.00455069262751959,0.15702424102542595,0.0022523901952931353,0.07586875955827027
0.084,0.002355314030935538,0.07712130844062072,0.004881116588745369,0.16521198061288905,0.0024115735940852374,0.07959169939605097
0.08600000000000001,0.0025588563187435042,0.08230770546531696,0.005228422021571594,0.17365271641311278,0.0025784721696323685,0.08344928777356565
0.088,0.0029687438832070607,0.08848503481430346,0.005593111453380908,0.18234471590465673,0.0027533637113016382,0.08744577083463496
0.09,0.0029133004282698065,0.09264217349792318,0.005975683431101287,0.19128598886018955,0.002936533934674211,0.09158511168628641
0.092,0.0030413116668282876,0.09768246586641621,0.006376632120188436,0.2004743445435743,0.0031282758484822977,0.09587095690404325
0.094,0.003308206874576195,0.1011673694781622,0.006796446999948506,0.20990743988003518,0.003328889067113171,0.10030660931543682
0.096,0.0032602592674594207,0.10526892500455565,0.007235612638160387,0.21958281910594063,0.003538679082605723,0.10489500774627594
0.098,0.0033994084838043937,0.10523503748691215,0.0076946085295922515,0.22949794571593218,0.00375795651084964,0.1096387141219587
0.1,0.003904540362011784,0.11239335992298763,0.008173908984971076,0.23965022768941177,0.003987036326846188,0.11453990799827424
0.10200000000000001,0.00423672621955172,0.12372947468057445,0.00867398305902732,0.2500370370281218,0.0042262371034040135,0.11960038827891238
0.10400000000000001,0.004286465819335278,0.12319951043132166,0.009195294508236059,0.26065572460436964,0.004475880266575182,0.12482158158558432
0.106,0.004753524498721741,0.13080265352837833,0.009738301770705357,0.2715036312346487,0.004736289379580639,0.13020455650272839
0.108,0.0049478593192283,0.13493655078981825,0.010303457962265374,0.28257809578000864,0.0050077894650559,0.13575004273763067
0.11,0.005405719512605719,0.1420830098601471,0.010891210884166738,0.2938764609506822,0.00529070637330896,0.14145845412652988
0.112,0.005352294008915905,0.14674276423728433,0.011502003038908346,0.30539607737080376,0.005585366202066124,0.14732991437858203
0.114,0.0058719307315189375,0.1508131239839021,0.012136271651603206,0.3171343063474306,0.0058920947710192455,0.15336428447656084
0.116,0.0062350526639780215,0.1573898280739,0.012794448694984547,0.3290885216906705,0.0062112171524892805,0.15956119073501762
0.11800000000000001,0.006708401201542025,0.1658369998829442,0.013476960916684533,0.3412561108499928,0.0065430572577681425,0.16592005263943094
0.12,0.006875766456195042,0.1707765928355946,0.014184229867815385,0.353634475565426,0.006887937477245481,0.1724401097386695
0.122,0.007191435721697219,0.17463077112994901,0.014916671932175218,0.3662210321799168,0.007246178371292496,0.1791204470235071
0.124,0.007359782823378094,0.18617899510335129,0.01567469835561266,0.37901321171872165,0.007618098408059443,0.18596001838347376
0.126,0.007545228225175735,0.19413187507169175,0.01645871527523514,0.39200845981123805,0.008004013743825755,0.1929576678831559
0.128,0.008020884442078335,0.20109452881180503,0.01726912374825149,0.40520423650817455,0.008404238041286293,0.2001121487302688
0.13,0.008614762693835088,0.20843716379760394,0.01810631978031275,0.418598016030631,0.008819082321121038,0.20742213991737282
0.132,0.009238715684245967,0.21125800127844374,0.018970694353264796,0.432187286476022,0.009248854842331962,0.2148862606054618
0.134,0.009906229383420109,0.22482050970074988,0.01986263345226002,0.4459695494976114,0.009693861007094521,0.22250308238127964
0.136,0.010102626634568424,0.22914615858567933,0.020782518092197597,0.4599423199687886,0.010154403286220581,0.23027113956303008
0.138,0.010559015954010816,0.23565056107268154,0.02173072434347635,0.47410312563937695,0.010630781161728461,0.2381889377539402
0.14,0.01130201910749843,0.24457042030759102,0.022707623357053733,0.48844950678869054,0.0111232910834348,0.24625496085316886
0.14200000000000002,0.011579780622964813,0.2522718821716444,0.02371358138881043,0.5029790158783473,0.01163222643689906,0.25446767673213
0.14400000000000002,0.011989216355041346,0.25965068443781614,0.024748959823223893,0.5176892172067319,0.012157877520448161,0.26282554177455086
0.146,0.012907240101415524,0.27038945669721903,0.025814115196356457,0.5325776865662825,0.012700531529374686,0.2713270044632621
0.148,0.01340767338105016,0.27935805850970286,0.026909399218165084,0.5476420109043126,0.013260472545730947,0.27997050817813063
0.15,0.013651820165850058,0.2874525365231146,0.028035158794140674,0.5628797879877951,0.013837981532430002,0.2887544933495277
0.152,0.014272693788175233,0.29703548164095844,0.029191736046285374,0.5782886260723494,0.014433336330613302,0.29767739909164986
0.154,0.014921828263773149,0.3054709732844798,0.030379468333436507,0.5938661435755662,0.015046811659455015,0.30673766442085626
0.156,0.015351682906420002,0.3136444139140811,0.031598688270945974,0.6096099687547347,0.01567867911774815,0.31593372914656714
0.158,0.016607369094738093,0.32323740443290855,0.03284972374972397,0.6255177393889968,0.016329207186761247,0.3252640345065483
0.16,0.01673380793561642,0.3347092067467054,0.03413289795465583,0.641587102465929,0.016998661233970678,0.3347270236047145
0.162,0.01791332233226586,0.34071255100175624,0.03544852938240091,0.6578157138725397,0.01768730351736651,0.3443211416979149
0.164,0.01829683643055157,0.35207234881576593,0.03679693185858223,0.6742012380906603,0.018395393190103304,0.3540448363683971
0.166,0.01871269803714146,0.3646504193210734,0.03817841455437564,0.6907413478967056,0.019123186305324533,0.36389655761061396
0.168,0.01980651592195538,0.37329427051829156,0.039593282002507196,0.7074337240657753,0.019870935821033577,0.373874757854522
0.17,0.0204272371519529,0.38415693871382683,0.04104183411266734,0.7242760550800702,0.020638891604918212,0.3839778919423175
0.17200000000000001,0.021256773921748587,0.3931811661850229,0.042524366186350526,0.7412660368415921,0.021427300439061107,0.39420441707144754
0.17400000000000002,0.021950598536731016,0.401376446240218,0.04404116893112873,0.7584013723891019,0.022236406024488172,0.4045527927135331
0.176,0.023267898802865027,0.4132566589097755,0.04559252847436734,0.7756797716193059,0.023066448985520918,0.41502148051637244
0.178,0.023908832672656328,0.4247845039205376,0.047178726376391825,0.7930989510122444,0.023917666873909543,0.4256089441943119
0.18,0.02463336909209137,0.43453484368864503,0.04880003964311353,0.8106566333608548,0.024790294172731243,0.43631364941085077
0.182,0.02574034540515583,0.4457616419023865,0.050456740738122896,0.8283505475046841,0.025684562300043814,0.4471340636562859
0.184,0.026498628931645035,0.4573388303206786,0.05214909759425834,0.8461784280677238,0.026600699612288642,0.45806865612241393
0.186,0.027700891856233895,0.4696972874013659,0.05387737362465903,0.8641380152003447,0.027538931407440112,0.4691158975757351
0.188,0.02850108921138624,0.47836234004186673,0.05564182773330964,0.8822270543253043,0.02849947992790047,0.4802742602301793
0.19,0.02912968043709926,0.49265157149342786,0.05744271432508525,0.9004432958878059,0.02948256436314062,0.4915422176200755
0.192,0.03060361125862254,0.5018424085406588,0.05928028331530442,0.9187844951095845,0.030488400852088354,0.5029182444738667
0.194,0.031545902397101866,0.5151647846091666,0.061154780138798416,0.9372484117469981,0.03151720248526619,0.5144008165889195
0.196,0.032654132932520084,0.5270279735494575,0.06306644575850462,0.9558328098531024,0.03256917930668153,0.5259884107076696
0.198,0.03347051696374771,0.5399021719117555,0.065015516673592,0.9745354575436864,0.03364453831547207,0.5376795043952673
0.2,0.03440964474928519,0.5503848796851838,0.0670022249271265,0.9933541267672509,0.03474348346730974,0.549472575918836
0.202,0.035878852390617076,0.5622985451613475,0.06902679811328431,1.012286593078907,0.035866215675566575,0.5613661041284187
0.20400000000000001,0.03730094828461647,0.5755092151398579,0.07108945938412066,1.031330635418176,0.03701293281224591,0.5733585683396649
0.20600000000000002,0.037865365169138916,0.5812496205292911,0.07319042745590201,1.0504840358906735,0.03818382970868249,0.5854484482182917
0.20800000000000002,0.039451397770463255,0.5947796792061086,0.07532991661500933,1.0697445795536562,0.039379098156015174,0.5976342236663416
0.21,0.04050371292886271,0.610766478923868,0.07750813672342016,1.0891100542054148,0.04059892690543568,0.6099143747102537
0.212,0.041420349340810465,0.6172374413190636,0.07972529322377715,1.1085782501784975,0.041843501668217195,0.6222873813907583
0.214,0.04306880725002337,0.6340080892333972,0.08198158714405064,1.1281469601367435,0.0431130051155264,0.6347517236546019
0.216,0.04426072932785299,0.6465483176142672,0.08427721510180287,1.1478139788761133,0.04440761687802261,0.6473058812481074
0.218,0.045456010165161445,0.6560846834382169,0.08661236930806147,1.1675771031292983,0.04572751354524776,0.6599483336125753
0.22,0.04693846045179277,0.6698956502848663,0.08898723757080966,1.1874341313740955,0.047072868664810814,0.6726775597815264
0.222,0.048012398980547474,0.6856632736732197,0.09140200329810072,1.2073828636455306,0.0484438527413704,0.6854920382797905
0.224,0.049723912880208526,0.6983617375048949,0.09385684550080416,1.227421101351717,0.049840633235419284,0.6983902470244426
0.226,0.05095938931810618,0.7092117326655297,0.09635193879499103,1.2475466470934353,0.051263374561874464,0.7113706632275888
0.228,0.05240461549306065,0.7218146123225396,0.09888745340396587,1.267757304487422,0.05271223808847647,0.7244317633010044
0.23,0.05411696026611228,0.7351613427961907,0.10146355515995258,1.2880508779933508,0.054187382134001726,0.7375720227626271
0.232,0.055648980963027325,0.750624023201274,0.10408040550544156,1.3084251727444975,0.055688961966291535,0.7507899161449056
0.234,0.05750927595489126,0.7604524480342535,0.10673816149420572,1.328877994382074,0.05721712980010155,0.7640839169050089
0.23600000000000002,0.05883503684766662,0.7764273313684078,0.10943697579199216,1.349407148893221,0.058772034794775344,0.7774524973368963
0.23800000000000002,0.06023474607513689,0.7871480968879242,0.11217699667689746,1.3700104424526476,0.06035382305174585,0.7908941284852528
0.24,0.06175263535099657,0.8050474407160971,0.11495836803943327,1.3906856812679063,0.06196263761186843,0.8044072800612913
0.242,0.06346246731751548,0.8173065479295362,0.11778122938228985,1.4114306714282947,0.06359861845258928,0.8179904203604254
0.244,0.06508241259370579,0.833105608447452,0.1206457158198046,1.4322432187573715,0.06526190248495291,0.8316420161818158
0.246,0.0668252926150718,0.8401147679823285,0.12355195807714275,1.4531211286690788,0.06695262355045249,0.8453605327497928
0.248,0.06840777320338122,0.8543626992836572,0.12650008248919767,1.4740622060274613,0.06867091241772681,0.8591444336371599
0.25,0.0696401980482204,0.8710887782222552,0.12949021099921762,1.4950642550099718,0.07041689677910758,0.8729921806903793
0.252,0.07232931811584456,0.8861544470644168,0.13252246115716634,1.5161250789743566,0.07219070124702087,0.8869022339566466
0.254,0.07362816169287692,0.8981509445305476,0.13559694611782458,1.5372424803291118,0.07399244735024658,0.900873051612854
0.256,0.07591692123000848,0.9143791280470789,0.13871377463863957,1.5584142604075018,0.07582225353003949,0.9149030898964501
0.258,0.07755670493562095,0.9280463280973555,0.14187305107732984,1.5796382193451324,0.07768023513611588,0.9289908030381971
0.26,0.07943938299089473,0.9439097369314461,0.14507487538925198,1.6009121559610737,0.07956650442250955,0.943134643196831
0.262,0.08145521508864341,0.9569307546943165,0.14831934312453704,1.6222338676425236,0.08148117054330081,0.9573330603956285
0.264,0.0830776338717544,0.9717751745799222,0.15160654542500304,1.643601150233005,0.08342433954822258,0.9715845024608849
0.266,0.08511947453777181,0.9872458964007523,0.15493656902085123,1.665011797924092,0.08539611437814719,0.9858874149623074
0.268,0.08700094085125742,0.999138289163416,0.15830949622715254,1.6864636031506595,0.08739659486045785,1.0002402411553282
0.27,0.08928131410774763,1.0111680836005303,0.16172540494013182,1.707954356489648,0.08942587770430853,1.0146414219253415
0.272,0.09168371643943492,1.031188986363384,0.1651843686332565,1.7294818465623407,0.09148405649577628,1.0290893957338705
0.274,0.09333213407842032,1.0443078023703942,0.16868645635313678,1.7510438599401474,0.09357122169290961,1.043582598566667
0.276,0.09561519478136624,1.0520772494183348,0.17223173271524456,1.7726381810538885,0.09568746062067711,1.0581194638837494
0.278,0.0977333124250477,1.0717639390203229,0.1758202578994577,1.7942625921065773,0.09783285746581988,1.0726984225713854
0.28,0.09987289541919463,1.0843558135141214,0.1794520876454371,1.8159148729896943,0.10000749327161192,1.0873179028960207
0.28200000000000003,0.10200472574127098,1.1008150834809052,0.183127273247843,1.83759280120295,0.10221144593253224,1.1019763304601633
0.28400000000000003,0.10452795631710247,1.1165400156932537,0.18684586155139807,1.8592941517775334,0.10444479018885269,1.1166721281602243
0.28600000000000003,0.1065504397950761,1.133664603724131,0.19060789494580374,1.8810166972028406,0.10670759762114534,1.131403716146323
0.28800000000000003,0.10873125426189673,1.1445976627566663,0.1944134113605171,1.9027582073566813,0.10899993664471347,1.1461695117840613
0.29,0.11079931115268743,1.1633173652454605,0.19826244425939502,1.9245164494389613,0.11132187250395001,1.16096792961827
0.292,0.113705554557583,1.1768466605834538,0.20215502263521268,1.946289187908835,0.11367346726662748,1.1757973813387366
0.294,0.11602622050024555,1.1900966606813608,0.20609117100406332,1.9680741844253287,0.11605477981812332,1.1906562757479162
0.296,0.11834507410875408,1.2042637418001942,0.21007090939964618,1.9898691977914282,0.11846586585558458,1.2055430187306335
0.298,0.12070062731649556,1.2197941475846936,0.21409425336744944,2.011671983901633,0.12090677788203613,1.2204560132257791
0.3,0.12351296954018054,1.2357394939174382,0.2181612139588354,2.0334802956929696,0.12337756520043615,1.2353936592000077
0.302,0.12569809938012344,1.2484350996028233,0.22227179772503433,2.055291883099469,0.12587827390768302,1.2503543536234418
0.304,0.12811195416693907,1.2677866395954487,0.22642600671105453,2.077104493010097,0.1284089468885778,1.2653364904473892
0.306,0.1308994684155084,1.2797236462373962,0.2306238384495148,2.0989158692301446,0.13096962380974594,1.2803384605840755
0.308,0.13331812301960017,1.2923961098604577,0.23486528595440695,2.1207237524460725,0.13356034111352275,1.2953586518884028
0.31,0.13599330033158,1.3114039435905838,0.23915033771479458,2.1425258801938076,0.1361811320118062,1.3103954491417342
0.312,0.1385775935093093,1.324259672635397,0.24347897768845556,2.1643199868304936,0.13883202647988163,1.3254472340377152
0.314,0.14129146445756147,1.3400043733222349,0.24785118529547495,2.186103803509692,0.1415130512502219,1.3405123851701342
0.316,0.14372680531575024,1.3543972851211101,0.252266935411795,2.2078750581600306,0.14422422980626756,1.3555892780228282
0.318,0.14661445082855734,1.3717303904095277,0.25672619836272964,2.229631475467306,0.14696558237619084,1.3706762849616418
0.32,0.1494013361325605,1.386217061337271,0.2612289399164497,2.2513707768600284,0.14973712592664773,1.3857717752284413
0.322,0.15266068673619088,1.3995444963634522,0.2657751212774465,2.2730906804984192,0.15253887415652212,1.4008741149371924
0.324,0.15506605548503402,1.4156686094248487,0.27036469907998023,2.294788901266851,0.15537083749066632,1.415981667072107
0.326,0.1580467719183425,1.4284162615081002,0.27499762538151973,2.316463150769736,0.15823302307364204,1.431092791487863
0.328,0.16103040819088985,1.4495543240483997,0.2796738476561815,2.3381111373308605,0.16112543476346586,1.4462058449119046
0.33,0.16380788888901882,1.4602377377702696,0.2843933087881738,2.3597305659961623,0.1640480731253635,1.4613191809488268
0.332,0.16660204975892778,1.4764006146881918,0.2891559470652537,2.3813191385399546,0.1670009354255372,1.4764311500868528
0.334,0.1695433978799318,1.4886646185671701,0.2939616961722029,2.4028745534745934,0.16998401562495002,1.4915400997064052
0.336,0.17306070650196487,1.5041790552425967,0.2988104851843301,2.4243945060635905,0.1729973043731316,1.506644374090782
0.338,0.17606323500073964,1.5241439356461965,0.3037022385610065,2.4458766883381666,0.17604078900200948,1.521742314438937
0.34,0.1789712139623512,1.5372993747969381,0.30863687613924096,2.4673187891172526,0.17911445351977023,1.5368322588803762
0.342,0.1824123596834056,1.5508869551020772,0.3136143131273028,2.4887184940309295,0.18221827860475456,1.5519125424921698
0.34400000000000003,0.1850360223549461,1.5636505477035123,0.31863446009839747,2.510073485547315,0.18535224159939073,1.5669814973180896
0.34600000000000003,0.18832580635681404,1.5843790016270138,0.32369722298440323,2.5313814430028896,0.18851631650417047,1.5820374523898744
0.34800000000000003,0.19170232370995105,1.594585663980215,0.3288025030696758,2.5526400426362663,0.19171047397167174,1.59707873375063
0.35000000000000003,0.19456233501906436,1.6104943886213265,0.3339501969849266,2.573846957625403,0.19493468130063246,1.6121036644803681
0.352,0.19804489908350958,1.6261070627356116,0.3391401967011831,2.594999858128255,0.19818890243007983,1.62711056472369
0.354,0.20131236230733227,1.6421065043726482,0.34437238952383686,2.61609641132687,0.20147309793351909,1.6420977517196198
0.356,0.20452269092872116,1.6564067160234004,0.3496466580867867,2.6371342814749226,0.20478722501318627,1.6570635398335911
0.358,0.20796664034222567,1.67127017095575,0.35496288034668405,2.65811112994869,0.20813123749436946,1.6720062405915948
0.36,0.21139875498394295,1.6901062236274884,0.360320929577287,2.679024615301468,0.21150508581980243,1.6869241627164886
0.362,0.21481897417467347,1.7013760744804054,0.36572067436392985,2.6998723933214257,0.2149087170441354,1.7018156121664776
0.364,0.21779562870481087,1.7169122700540065,0.37116197859811567,2.720652117092897,0.21834207482848692,1.7166788921757665
0.366,0.2212054737040852,1.7281604103053818,0.3766447014722379,2.741361437061113,0.2218050994350817,1.731512303297391
0.368,0.22525731547182892,1.747201587568551,0.3821686974744386,2.761998001100369,0.22529772772197815,1.7463141434482294
0.37,0.22857753295461403,1.7571465442620124,0.3877338163836099,2.7825594545856274,0.22881989313789056,1.7610827079562046
0.372,0.23208386928429137,1.7739516400564346,0.393339903264545,2.803043440467557,0.2323715257171099,1.7758162896096719
0.374,0.2358655372503937,1.794530517813907,0.39898679846324697,2.823447599351004,0.2359525520745279,1.790513178709006
0.376,0.23939092054445835,1.8031240505938078,0.4046743376024008,2.8437695695768976,0.23956289540076867,1.8051716631203847
0.378,0.24275204463844718,1.8191980602586721,0.41040235157701593,2.8640069873075826,0.2432024754574322,1.819790028331774
0.38,0.24661858843812717,1.8315930278419874,0.4161706665502471,2.8841574866155866,0.24687120857245445,1.834366557511123
0.382,0.2503740949321881,1.8461365770672558,0.4219791039493987,2.904218699575809,0.250569007635588,1.848899531566765
0.384,0.25429911641880226,1.8650608409149587,0.427827480462121,2.9241882563611403,0.25429578209400805,1.8633872292100333
0.386,0.25804841671320017,1.8764376469010298,0.433715608032804,2.944063785341502,0.25805143794804825,1.8778279270200948
0.388,0.261717945175521,1.8915231623478215,0.4396432938591766,2.963842913186309,0.26183587774707023,1.8922198995110002
0.39,0.26534955559274415,1.9054601797693285,0.4456103403891173,2.9835232649703505,0.26564900058547214,1.9065614192009597
0.392,0.26900825000226264,1.9175497985306325,0.45161654531768347,3.0031024642830864,0.2694907020988398,1.9208507566838413
0.394,0.2732964214808936,1.9343002621166547,0.4576617015843662,3.022578133341358,0.2733608744602456,1.9350861807029
0.396,0.27707858820766657,1.950875778138211,0.46374559737057724,3.0419478931055104,0.27725940637669905,1.9492659582267349
0.398,0.28061468606404627,1.9614364026565887,0.46986801609737505,3.0612093633989166,0.281186183085754,1.9633883545274797
0.4,0.2849505353541524,1.9778621007783022,0.47602873642343685,3.080360163030912,0.2851410863522765,1.977451633261229
0.402,0.2888222342213358,1.9931487214437202,0.4822275322432831,3.099397909923125,0.2891239944653779,1.9914540565507004
0.404,0.292949808653356,2.0026135128093783,0.4884641726857615,3.1183202212392027,0.29313478223551814,2.0053938850701343
0.406,0.29675942873265,2.0205368532499994,0.49473842211279734,3.1371247135179314,0.297173320991783,2.019269378132435
0.40800000000000003,0.3011038388219928,2.0289473989487266,0.5010500401184168,3.155809002809742,0.30123947857934014,2.0330787937785533
0.41000000000000003,0.305373609717712,2.0476934171811347,0.50739878152805,3.1743707048165977,0.30533311935707835,2.046820388869109
0.41200000000000003,0.3094930952349878,2.0594122884923496,0.5137843963981205,3.1928074350352613,0.3094541041954349,2.0604924191782614
0.41400000000000003,0.31331286690495913,2.0715378417190577,0.5202066300159284,3.2111168089039333,0.3136022904744145,2.074093139489817
0.41600000000000004,0.31805405168761397,2.08697790373017,0.5266652228998329,3.229296441952256,0.3177775320818057,2.0876208036955886
0.418,0.3220657566329979,2.099497525594185,0.5331599107997422,3.2473439499546797,0.3219796794115977,2.1010736648959947
0.42,0.3260093760360679,2.110836196536758,0.5396904246979166,3.265256949087184,0.32620857936260356,2.114449975502906
0.422,0.3301550092384611,2.129454945123371,0.5462564908100913,3.283033056087344,0.33046407533729305,2.127747987344735
0.424,0.3342626658280885,2.142860416584355,0.5528578305869268,3.3006698884177417,0.3347460072408406,2.14096595177377
0.426,0.3388881876129961,2.151774827461544,0.5594941607157923,3.3181650644327085,0.3390542114803921,2.154102119775753
0.428,0.3430542725710168,2.166007856384339,0.566165193122889,3.335516203548396,0.3433885209645555,2.167154742081699
0.43,0.3475044961289327,2.1788316976777526,0.5728706349757213,3.3527209264161653,0.3477487651031194,2.1801220692819583
0.432,0.3517345323598329,2.192185796331283,0.5796101886859198,3.3697768550992855,0.3521347698070045,2.1930023519425177
0.434,0.3561058063823084,2.2030181418729007,0.5863835519124257,3.3866816132529363,0.35654635748845154,2.205793840723538
0.436,0.36073816684266424,2.2200746530188993,0.5931904175650408,3.4034328263075015,0.3609833470614518,2.218494786500129
0.438,0.3649037844978079,2.2309353661357516,0.6000304738083511,3.420028121655149,0.3654455539424225,2.2311034404853607
0.44,0.3695665751613141,2.241499489847191,0.6069034040660304,3.43646512883968,0.3699327900511335,2.2436180543554998
0.442,0.374379020826277,2.254847108351688,0.6138088870255297,3.4527414797496476,0.37444486381188846,2.2560368803774797
0.444,0.379044424836491,2.2666559233436727,0.6207465966431591,3.4688548088147253,0.37898158015496564,2.2683581715385936
0.446,0.3833829618902259,2.279993929798274,0.6277162021495698,3.4848027532053183,0.38354274051832243,2.2805801816784093
0.448,0.38774001789366686,2.293755732080849,0.6347173680556406,3.500582953035407,0.38812814284956826,2.2927011656229004
0.45,0.3924690447704627,2.3058159359541883,0.6417497541587778,3.5161930515686093,0.3927375816082099,2.304719379320796
0.452,0.3971236512828931,2.3143625171188167,0.6488130155496327,3.5316306954274483,0.39737084776817416,2.316633079982134
0.454,0.4017694008223633,2.328456453671302,0.6559068026192443,3.546893534805817,0.4020277288206122,2.3284405262190244
0.456,0.4066616331703187,2.3382504162560434,0.6630307610666135,3.561979223684623,0.4067080087769894,2.3401399781886076
0.458,0.4111654018938934,2.348219885041718,0.6701845319067147,3.5768854200506,0.4114114681724659,2.351729697738212
0.46,0.41602987221645454,2.360989903970246,0.6773677514789512,3.5916097861182745,0.41613788406957125,2.3632079485526956
0.462,0.4202873595009705,2.374410466732114,0.6845800514560614,3.6061499885550705,0.4208870300621792,2.3745729963039754
0.464,0.4256413483968404,2.3827411060638775,0.6918210588534804,3.6205036987095385,0.42565867627978465,2.385823108802729
0.466,0.429996473161838,2.395447887121808,0.6990903960391658,3.634668592842693,0.4304525893920892,2.3969565561522663
0.468,0.43480410191361496,2.4087193377605183,0.7063876807438907,3.648642352362443,0.4352685326138983,2.4079716109045672
0.47000000000000003,0.43970626057098966,2.417423379084669,0.7137125260720129,3.662422664061096,0.44010626571033523,2.4188665482184706
0.47200000000000003,0.4448436961252314,2.4281394634862385,0.7210645405127247,3.676007220355926,0.4449655450023753,2.4296396460200125
0.47400000000000003,0.4496942130922646,2.4383682432630005,0.7284433279517902,3.6893937195327777,0.4498461233727051,2.4402891851649042
0.47600000000000003,0.45426692187642004,2.4471753546989303,0.7358484876837756,3.7025798659926954,0.45474775027191133,2.450813449603139
0.47800000000000004,0.4598040991309722,2.460613979099133,0.7432796144247787,3.7155633705015587,0.4596701717250028,2.4612107265457226
0.48,0.46442371331537385,2.47147193507917,0.7507362983256641,3.7283419504427013,0.46461313033826984,2.471479306633516
0.482,0.469370285306206,2.481782529468967,0.7582181249858091,3.740913330072496,0.4695763653064862,2.481617484108178
0.484,0.47470333668385917,2.489622307425137,0.7657246754673669,3.7532752407788856,0.47455961242045663,2.4916235569852065
0.486,0.4790133675478789,2.4995594272029726,0.7732555263100526,3.7654254213428375,0.47956260407491474,2.5014958272290557
0.488,0.4840805802043196,2.5128249426913554,0.780810249546458,3.7773616182027023,0.4845850692767754,2.5112326009303287
0.49,0.48955348061883575,2.5190188542381433,0.7883884127179008,3.789081585721452,0.4896267336537455,2.5208321884850284
0.492,0.4941721439413037,2.529703466527792,0.7959895788908143,3.8005830864567787,0.4946873194632972,2.530292904775858
0.494,0.4998079439918528,2.5341049210050284,0.8036133066736824,3.8118638914340255,0.4997665456020083,2.5396130693555565
0.496,0.5047329101859612,2.5467812974853623,0.8112591502345262,3.822921780421932,0.5048641276152728,2.548791006632258
0.498,0.5099516135250013,2.555821783885681,0.8189266593189486,3.8337545422111643,0.5099797777073865,2.5578250460568626
0.5,0.5148202106586266,2.563864305987089,0.8266153792687398,3.844359974895607,0.5151132047520113,2.5667135223124036
0.502,0.5198330999409552,2.5784005218185855,0.8343248510410526,3.8547358861563934,0.5202641143030221,2.575454775505399
0.504,0.5253611310754045,2.583428577281581,0.8420546112281498,3.8648800935486425,0.5254322086057405,2.5840471513591714
0.506,0.5302083497125589,2.588896809913603,0.8498041920777316,3.874790424790881,0.5306171866085587,2.5924890014091218
0.508,0.5355056223062639,2.600922924516987,0.8575731215138459,3.8844647180571195,0.5358187439749587,2.6007786831999438
0.51,0.5407858051691342,2.608943612172549,0.865360923158389,3.893900822271556,0.5410365730959282,2.6089145604847617
0.512,0.5458124984903585,2.616989639780684,0.8731671163532008,3.903096597405878,0.5462703631027805,2.6168950034261735
0.514,0.5512790379009959,2.6275372046250607,0.880991216182759,3.9120499147791317,0.5515197998803789,2.6247183887991867
0.516,0.5569253817813712,2.63235727874505,0.8888327334974793,3.9207586573601296,0.556784566080771,2.6323831001960274
0.518,0.5616790661104665,2.6400161408409475,0.896691174937624,3.9292207200723666,0.5620643411372366,2.6398875282328067
0.52,0.567005801088627,2.6460141538565978,0.9045660429578268,3.937434010101411,0.5673588012787526,2.647230070758022
0.522,0.5724249721321717,2.652601800576874,0.9124568358522364,3.9453964472047383,0.5726676195448783,2.6544091330628827
0.524,0.577881348872961,2.661504848988609,0.9203630477802843,3.953105964023975,0.5779904658010652,2.661423128093432
0.526,0.5831472696889712,2.6682043723626143,0.9282841687930834,3.960560506399522,0.5833270067543941,2.6682704766644543
0.528,0.5883023362452899,2.6733636344511105,0.9362196848604585,3.9677580336875145,0.5886769059697443,2.6749496076751402
0.53,0.5937638899716495,2.6806814982121256,0.9441690778986167,3.974696519079094,0.5940398238863973,2.6814589583264943
0.532,0.5992343796237523,2.6881182288915384,0.9521318257984606,3.9813739499219496,0.5994154178350782,2.687796974340463
0.534,0.6043037424604479,2.6944364690599443,0.9601074024545487,3.987788328044093,0.6048033420554397,2.69396211018076
0.536,0.6097082374926045,2.699069927749024,0.9680952777947084,3.993937670079832,0.6102032477139905,2.699952829275368
0.538,0.6153301939196466,2.7019769861729426,0.9760949178103042,3.999820007797903,0.6156147829224718,2.7057676042406955
0.54,0.6208309154428168,2.7120766225767365,0.9841057845871677,4.005433388431722,0.6210375927566866,2.711404917107363
0.542,0.6262154945991989,2.7163941077745983,0.9921273363371911,4.0107758750117215,0.6264713192757818,2.7168632595475968
0.544,0.6316174392894666,2.7205772128649466,1.0001590274305905,4.01584554669972,0.6319156015419902,2.722141133104208
0.546,0.6370934915758932,2.7265305905683888,1.0082003084288411,4.020640499125297,0.6373700756408325,2.727237049421127
0.548,0.642630884387627,2.7301495574461687,1.0162506261182893,4.025158844724127,0.6428343747017834,2.7321495304754735
0.55,0.648134255028706,2.737581306694069,1.0243094235444457,4.029398713078223,0.6483081289194057,2.7368771088111346
0.552,0.6535425154276302,2.740967063934896,1.0323761400469618,4.033358251258054,0.6537909655749533,2.7414183277738227
0.554,0.6591737123650571,2.742878992834941,1.0404502112952947,4.037035624166493,0.6592825090584485,2.7457717417475904
0.556,0.6646560982557728,2.7508676757226884,1.0485310693250638,4.040429014884545,0.6647823808912341,2.749935916392771
0.558,0.6701294113718629,2.7551308877909833,1.0566181425751013,4.043536625018811,0.6702901997490047,2.753909428885319
0.56,0.6754583167697482,2.7576358487388313,1.0647108559252025,4.0463566750506486,0.6758055814853198,2.7576908681575247
0.562,0.6812399607547095,2.762612997187865,1.0728086307345766,4.048887404686965,0.6813281391555999,2.761278835140066
0.5640000000000001,0.6866841990886464,2.7621250830556052,1.0809108848810018,4.05112707321262,0.6868574830416107,2.764671943005377
0.5660000000000001,0.6922871527731167,2.7706983492750847,1.0890170328006905,4.053073959844362,0.6923932206764353,2.7678688174122987
0.5680000000000001,0.6979242444618867,2.771835162666581,1.097126485528863,4.054726364086268,0.6979349568699392,2.7708680967519785
0.5700000000000001,0.7029591271845511,2.77606146062535,1.105238650741036,4.056082606086632,0.7034822937347293,2.773668432394996
0.5720000000000001,0.708794781904776,2.7717199241278445,1.1133529327950287,4.057141026996242,0.7090348307126086,2.7762684889396727
0.5740000000000001,0.7144580580331041,2.7762075166151994,1.1214687327736848,4.057899989328004,0.7145921646015317,2.7786669444615404
0.5760000000000001,0.7196861199391088,2.780125833547843,1.1295854485283205,4.0583578773178575,0.7201538895830596,2.7808624907639348
0.578,0.7257667169725756,2.7826536502172154,1.1377024747228943,4.058513097286924,0.725719597250319,2.7828538336296758
0.58,0.7311367757490372,2.788685283172951,1.145819202878904,4.0583640780048436,0.7312888766364666,2.7846396930738075
0.582,0.7369749363901581,2.786569796236875,1.1539350214210125,4.057909271054231,0.7368613142436613,2.786218803597357
0.584,0.7421841373450492,2.7856338146490502,1.1620493157234049,4.057147151196209,0.7424364940725454,2.787589914442081
0.586,0.7476722004712569,2.7901759850111327,1.1701614681568788,4.056076216736951,0.7480139976522377,2.7887517898461605
0.588,0.7534708070745505,2.790504894510014,1.1782708581366692,4.054694989895183,0.7535934040708394,2.789703209300814
0.59,0.7591726848505254,2.7894870623859442,1.1863768621710105,4.053002017170581,0.759174290006455,2.7904429678077816
0.592,0.7645456416519426,2.7930287044603372,1.1944788539104365,4.050995869713006,0.7647562297587303,2.7909698761376536
0.594,0.7702574591439655,2.794028394921757,1.2025762041978216,4.048675143692521,0.7703387952809082,2.7912827610889956
0.596,0.7758040170330244,2.791372689364543,1.2106682811191618,4.04603846067012,0.7759215562124047,2.7913804657482415
0.598,0.7813808115032392,2.7898748593648746,1.2187544500551,4.043084467969113,0.7815040799119053,2.791261849750304
0.6,0.7865635832728591,2.7927123875523137,1.2268340737331942,4.039811839047105,0.787085931490985,2.7909257895398705
0.602,0.7924624538106587,2.7916201882803775,1.2349065122809313,4.036219273868504,0.7926666738482517,2.7903711786333436
0.604,0.7977144168725812,2.789505706013835,1.2429711232794862,4.0323054992774905,0.7982458677040145,2.789596927881379
0.606,0.8035124776543972,2.787519241667521,1.251027261818229,4.028069269371388,0.8038230716354785,2.788601965731985
0.608,0.8087575210942437,2.7873677622321247,1.2590742805499777,4.023509365874364,0.8093978421124668,2.787385238494139
0.61,0.8149611938066934,2.7873664222057184,1.2671115297470006,4.018624598511406,0.8149697335336705,2.78594571060188
0.612,0.8202314384267105,2.784917647848433,1.2751383573577655,4.0134138053824815,0.8205382982634282,2.7842823648788273
0.614,0.8260691186209836,2.777544592420856,1.2831541090644392,4.0078758533368415,0.8261030866690343,2.7823942028030917
0.616,0.8314547663568024,2.7820439309081975,1.291158128341134,4.002009638347378,0.8316636471585793,2.7802802447725243
0.618,0.8371733448815646,2.7820242055910724,1.299149756512904,3.9958140858849736,0.8372195262193198,2.7779395303702636
0.62,0.8428160485508929,2.776685254947368,1.3071283328154895,3.9892881512927714,0.8427702684565809,2.7753711186305345
0.622,0.8481959721364654,2.7748426507802995,1.31509319445581,3.982430820160291,0.8483154166331902,2.7725740883046486
0.624,0.853568207005807,2.7701673586467805,1.3230436766732045,3.9752411086973236,0.8538545117094445,2.769547538127165
0.626,0.8593913125467992,2.770911061143819,1.3309791128014197,3.967718064107524,0.8593870928836088,2.7662905870821577
0.628,0.8647052376968388,2.763416404522122,1.338898834331343,3.9598607649616344,0.8649126976329479,2.7628023746695476
0.63,0.870296383194849,2.762484406441174,1.3468021709744835,3.9516683215702604,0.8704308617552907,2.759082061171443
0.632,0.8757623239553052,2.7587884480386893,1.3546884507271957,3.9431398763561214,0.8759411194111276,2.755128827918446
0.634,0.881078390372053,2.751295527166437,1.362556999935647,3.934274604225705,0.8814430031662394,2.7509418775558703
0.636,0.8867265904464818,2.748823842588269,1.3704071433615275,3.9250717129402406,0.886936044034859,2.7465204343098235
0.638,0.8924604728905743,2.7395797799635937,1.3782382042484993,3.915530443485922,0.8924197715233653,2.741863744253097
0.64,0.897543818048152,2.738384084025328,1.386049504389386,3.9056500704432913,0.8978937136745069,2.7369710755708176
0.642,0.9030602733469032,2.7295403958318034,1.3938403641940973,3.8954299023557124,0.9033573971121585,2.731841718825807
0.644,0.9088541532652027,2.7282105375271026,1.401610102758291,3.8848692820968482,0.9088103470866057,2.726474987223593
0.646,0.9141883362734631,2.7206708602135943,1.409358037932765,3.8739675872370625,0.9142520875203597,2.720870216877024
0.648,0.9197270526086859,2.7153021520879403,1.4170834863935824,3.862724230408664,0.9196821410545005,2.715026767070426
0.65,0.9251599578537035,2.7078796096413167,1.4247857637129222,3.8511386596699104,0.925100029095547,2.7089440205232553
0.652,0.9301766112290528,2.7037930866465523,1.4324641844306576,3.8392103588676854,0.9305052718628534,2.702621383653189
0.654,0.9356006198132136,2.6981748640224907,1.4401180621266552,3.8269388479987714,0.9358973884365306,2.6960582868385905
0.656,0.9411731497874823,2.688177055706013,1.4477467094937944,3.814323683569625,0.9412758968058912,2.689254184680306
0.658,0.9465016660521872,2.6822777912944225,1.4553494384117036,3.801364458954574,0.9466403139184166,2.6822085562627254
0.66,0.9520216505176956,2.674430403964672,1.4629255600212083,3.78806080475235,0.9519901557292447,2.6749209054140533
0.662,0.9570869853635472,2.67059048920155,1.47047438479949,3.7744123891408643,0.9573249372511762,2.6673907609657355
0.664,0.9629433334920773,2.6643954331219235,1.4779952226359505,3.7604189182301466,0.9626441726051981,2.659617677010977
0.666,0.9678130259953912,2.6528209988293097,1.4854873829087771,3.74608013641335,0.9679473750715226,2.6516012331622947
0.668,0.9733953236061589,2.6438763707090773,1.4929501745622087,3.7313958267157403,0.9732340571411388,2.643341034808048
0.67,0.9781646078435218,2.635856649818357,1.5003829061844918,3.716365811141572,0.9785037305678745,2.6348367133678807
0.672,0.9837039328685185,2.6252176214958287,1.5077848860865293,3.700989951018767,0.9837559064209686,2.6260879265470223
0.674,0.9885201512633304,2.615010530579957,1.5151554223812118,3.6852681473413034,0.9889900951381473,2.617094358589379
0.676,0.9941997769785146,2.6071300619922786,1.5224938230634302,3.669200341109215,0.994205806579206,2.6078557205293587
0.678,0.9992367499708127,2.5995892511720498,1.5297993960907623,3.6527865136661206,0.9994025500800907,2.5983717504423662
0.68,1.0045677189852538,2.588765904476555,1.5370714494648308,3.6360266870341795,1.0045798345074786,2.588642213693904
0.682,1.0097025566205695,2.5776812149349575,1.5443092913133236,3.6189209242463867,1.009737168313853,2.5786669031872176
0.684,1.0146689523345793,2.567191998445247,1.5515122299726758,3.6014693296761067,1.0148740595930719,2.568445639609422
0.686,1.020085196662797,2.5587198734486045,1.5586795740714032,3.583672049363757,1.019990016136424,2.557978271676045
0.6880000000000001,1.0248071034063666,2.5473560985879087,1.5658106326140844,3.5655292713405404,1.0250845454891717,2.5472646763739215
0.6900000000000001,1.0299848214893488,2.538502180383083,1.5729047150659827,3.547041225949132,1.0301571550075765,2.536304759202374
0.6920000000000001,1.0347618296875842,2.5238204571806193,1.579961131438305,3.5282081861612244,1.0352073519164018,2.5250984544126163
0.6940000000000001,1.0400342194498906,2.519506600155862,1.5869791923740888,3.5090304678918334,1.0402346433668923,2.5136457252453104
0.6960000000000001,1.045306461660784,2.502519587679413,1.5939582092347093,3.4895084303102624,1.0452385364952248,2.501946564166215
0.6980000000000001,1.0502393185934389,2.4949112696788434,1.6008974941870047,3.4696424761476354,1.0502185384814244,2.490000993099854
0.7000000000000001,1.0550073774074764,2.477870931249165,1.6077963602910064,3.4494330520008893,1.0551741566087467,2.4778090636611423
0.7020000000000001,1.0602288442080954,2.4671530043059655,1.6146541215882726,3.4288806486331347,1.0601048983235164,2.465370857384896
0.704,1.0650276805187158,2.452462749301672,1.6214700931908133,3.4079858012702773,1.0650102712954228,2.452686485953166
0.706,1.0701593495568056,2.4439667029460264,1.6282435913706008,3.3867490898938075,1.0698897834782635,2.4397560914203176
0.708,1.074742438101481,2.4287383863609286,1.63497393364966,3.3651711395296497,1.074742943171135,2.426579846435797
0.71,1.079051688874471,2.415221672193571,1.6416604388907259,3.3432526205329736,1.079569259080064,2.4131579544645065
0.712,1.0842188735167577,2.4011449040532655,1.6483024273884637,3.320994248868867,1.0843682403800736,2.399490650004727
0.714,1.0891669122997525,2.385680008054067,1.6548992209612412,3.2983967863887633,1.0891393967776806,2.38557819880351
0.716,1.0934367301488135,2.3729387948639276,1.6614501430434463,3.2754610411025245,1.0938822385738196,2.3714208980694744
0.718,1.0983421473444512,2.3571383948588096,1.6679545187783384,3.2521878674460756,1.0985962767271855,2.357019076682936
0.72,1.1030558224329055,2.3424670148819704,1.6744116751114275,3.2285781665444864,1.1032810229179921,2.3423730954032984
0.722,1.1073713353677765,2.330691473007074,1.6808209408843684,3.2046328864703977,1.1079359896121395,2.3274833470736307
0.724,1.1125101516865032,2.315344251929976,1.6871816469293637,3.1803530224976875,1.1125606901257843,2.312350256822369
0.726,1.1174509353202615,2.297787430375975,1.6934931261640642,3.1557396173502714,1.1171546386903084,2.2969742822620605
0.728,1.1212587205839648,2.2803326667160086,1.6997547136869562,3.130793761445936,1.1217173505176785,2.2813559136850823
0.73,1.1259103400682315,2.2652528153527114,1.7059657468732263,3.105516593135093,1.126248341866191,2.2654956742562646
0.732,1.1306679529045391,2.246146797723368,1.712125565471095,3.0799092989343615,1.1307471301065957,2.2493941202023393
0.734,1.1351881281115963,2.230784138694482,1.7182335116986047,3.053973113754856,1.135213233788592,2.2330518409981477
0.736,1.1396135425175906,2.21699924376091,1.7242889303408548,3.02770932112509,1.1396461727076912,2.216469459549529
0.738,1.1438921271176348,2.20024586410952,1.7302911688476716,3.00111925340838,1.1440454679724368,2.1996476323728205
0.74,1.1482135511905933,2.18210177124629,1.736239577431701,2.9742042920146465,1.1484106420719786,2.182587049770891
0.742,1.1523170019983437,2.1659639867592646,1.742133509166914,2.9469658676065054,1.1527412189439898,2.1652884360056373
0.744,1.1573196245981257,2.1524432798674673,1.747972320087513,2.9194054602995436,1.1570367240429236,2.14775254946687
0.746,1.1614762906778289,2.1321162544612102,1.7537553692872263,2.8915245998566745,1.1612966844085986,2.12998018283751
0.748,1.1653020134386796,2.115576654064183,1.7594820190189793,2.86332486587646,1.1655206287351085,2.111972163255026
0.75,1.169614969261821,2.094304903587238,1.7651516347949299,2.8348078879753005,1.1697080874400465,2.093729352469038
0.752,1.173719869453513,2.076143977383801,1.7707635854868566,2.805975345963382,1.1738585927340366,2.0752526469950077
0.754,1.1778055604602284,2.057076715994023,1.7763172434268852,2.776828970014272,1.1779716786905645,2.0565429782639453
0.756,1.1817522762204817,2.037548973430978,1.7818119845085414,2.7473705408280624,1.1820468813161007,2.03760131276806
0.758,1.186463541568873,2.018977928271977,1.7872471882881173,2.7176018897879466,1.1860837386205052,2.0184286522022705
0.76,1.1899591136886847,2.000772511936272,1.7926222380863377,2.6875248991101293,1.1900817906877081,1.9990260336015102
0.762,1.1941086087941217,1.9778417763526916,1.7979365210903115,2.6571415019869598,1.1940405797466556,1.979394529473746
0.764,1.1978459584254462,1.9620394277947812,1.803189428455758,2.626453682723183,1.197959650242513,1.9595352479286376
0.766,1.2018215768937417,1.9403535010472077,1.8083803554094884,2.5954634768652003,1.2018385489081165,1.939449332801762
0.768,1.2059179941895286,1.918435098420491,1.813508701352135,2.5641729713232375,1.205676824835665,1.9191379637743278
0.77,1.2094222343235568,1.8982071270336336,1.8185738699611076,2.5325843044863086,1.2094740295486417,1.898602356488305
0.772,1.2134607080816349,1.8745769248436517,1.8235752692937672,2.500699666329875,1.2132297170739554,1.8778437626568936
0.774,1.2167436023674931,1.8564338214530576,1.8285123118907993,2.4685212985160896,1.2169434440142959,1.8568634701702573
0.776,1.2206829047062389,1.8374955884596507,1.8333844148797724,2.436051494486527,1.2206147696206888,1.835662803196448
0.778,1.224458945058299,1.8117066466386833,1.838191000078867,2.4032925995472825,1.2242432558652436,1.8142431222774422
0.78,1.2279164183213334,1.7926219969094235,1.8429314941007597,2.3702470109463527,1.227828467514084,1.7926058244202212
0.782,1.231175890279743,1.772425140900356,1.847605328456646,2.3369171779431746,1.2313699722004496,1.7707523431828134
0.784,1.234623524458549,1.7451146973600862,1.8522119396603864,2.303305601870234,1.23486734049796,1.7486841487552287
0.786,1.2381874639248396,1.7239820820607625,1.8567507693327596,2.2694148361866313,1.2383201459940305,1.7264027480352098
0.788,1.2415406741521164,1.7052179563807324,1.8612212643058066,2.2352474865235017,1.2417279653634279,1.7039096846987238
0.79,1.2450963808127897,1.684935572566084,1.865622876727249,2.2008062107211916,1.2450903784419582,1.6812065392651236
0.792,1.2483117299574558,1.655773358407674,1.8699550641649652,2.1660937188580855,1.248406968300272,1.6582949291569027
0.794,1.251471864025477,1.6338724765305694,1.874217289711507,2.1311127732709805,1.25167732131778,1.6351765087539702
0.796,1.2546042726355913,1.6132478696295085,1.878409022088641,2.095866188566909,1.2549010272566647,1.6118529694423744
0.798,1.2578964700413753,1.5848846752093606,1.8825297357518935,2.06035683162631,1.2580776793359796,1.5883260396573986
0.8,1.2612951008043503,1.5648770142415533,1.8865789109950883,2.0245876215974445,1.2612068743058216,1.5645974849209605
0.802,1.2643094042545644,1.541371720673122,1.8905560340548522,1.988561529881961,1.264288212521568,1.5406691078732386
0.804,1.2673984127284528,1.5170985288587073,1.8944605972150752,1.9522815801115072,1.267321298018165,1.516542748298457
0.806,1.270504699049962,1.4935383514016225,1.8982920989113057,1.9157508481152934,1.2703057385844545,1.4922202831447535
0.808,1.2732721918284655,1.46897960909611,1.9020500438350627,1.878972461878508,1.2732411458375306,1.4677036265380625
0.81,1.2757893285776785,1.4431096396985432,1.9057339430380458,1.8419496014914893,1.2761271352971104,1.4429947297899406
0.812,1.2788658477930466,1.4189425758245002,1.9093433140362248,1.8046854990895576,1.278963326459909,1.4180955813992626
0.8140000000000001,1.2814328274875948,1.3966958443026158,1.9128776809137917,1.7671834387834116,1.2817493428740043,1.393008207047721
0.8160000000000001,1.2844617267961875,1.365718736369891,1.9163365744269518,1.7294467565799976,1.2844848122131824,1.3677346695890564
0.8180000000000001,1.2867844133762856,1.3421082782350464,1.9197195321075393,1.691478840293754,1.2871693663512465,1.3422770690319519
0.8200000000000001,1.2897422920791293,1.3155816121847574,1.9230260983664356,1.6532831294481427,1.2898026414362795,1.3166375425165202
0.8220000000000001,1.2923610210806569,1.2899032251442841,1.9262558245967702,1.6148631151673736,1.2923842779648482,1.2908182642843173
0.8240000000000001,1.2949832803764294,1.263726121871335,1.9294082692768868,1.5762223400582318,1.2949139208561318,1.2648214456418154
0.8260000000000001,1.2973432273442986,1.2409470099624735,1.9324829980730507,1.5373643980819196,1.2973912195259663,1.2386493349172656
0.8280000000000001,1.3002905216474507,1.2106149543892688,1.9354795839418824,1.498292934415824,1.299815827960788,1.212304217410886
0.8300000000000001,1.3020554868282568,1.1844205843071538,1.9383976072324927,1.4590116453051207,1.3021874047914648,1.1857884153383094
0.8320000000000001,1.3046240575186299,1.157105537389494,1.941236655788301,1.4195242779041326,1.3045056133669992,1.1591042877672233
0.834,1.306635394601321,1.1324778755151967,1.9439963250485157,1.3798346301073534,1.3067701218280936,1.1322542305471408
0.836,1.3087475477327288,1.1035940650080394,1.9466762181492558,1.3399465503700558,1.308980603180558,1.1052406762322355
0.838,1.3110047970966654,1.0741182363519073,1.9492759460242925,1.2998639375183993,1.3111367353685524,1.0780660939971798
0.84,1.3129127676101953,1.0501447214844633,1.9517951275053904,1.2595907405489584,1.3132382013476442,1.0507329895459219
0.842,1.3152784419336692,1.0230947564234338,1.9542333894222257,1.2191309584175898,1.3152846891576708,1.023243905013342
0.844,1.316885618379863,0.9948805836314747,1.9565903667018607,1.1784886398175611,1.3172758919953902,0.9956014188597262
0.846,1.3193360977360102,0.9691107755631222,1.9588657024677545,1.1376678829468627,1.3192115082869063,0.9678081457579968
0.848,1.3210407438214264,0.9382668531613286,1.9610590481382837,1.0966728352646273,1.3210912417598535,0.9398667364736415
0.85,1.3230066136456669,0.910780630909765,1.9631700635247569,1.0555076932365837,1.322914801515328,0.911779877737283
0.852,1.324413905602627,0.8820880833523576,1.9651984169288959,1.0141767020694707,1.3246819020995477,0.8835502921098303
0.854,1.3266480368472444,0.855746612960273,1.9671437852397646,0.9726841554343413,1.326392263575228,0.8551807378401566
0.856,1.3282437825489912,0.8258240021195135,1.969005854030122,0.9310343951786846,1.3280456115926587,0.826674008715248
0.858,1.3297958121092428,0.7969215434247843,1.9707843176521767,0.889231811027301,1.3296416774604642,0.7980329339027675
0.86,1.3311153662646618,0.7743074490511695,1.9724788793327204,0.8472808402718617,1.3311801982160363,0.7692603777859819
0.862,1.3327811137973842,0.7394138254773934,1.9740892512676185,0.8051859674490881,1.3326609166956183,0.7403592397909979
0.864,1.3340334637429603,0.7120241867624091,1.9756151547156335,0.7629517240074883,1.3340835816040308,0.7113324542062578
0.866,1.335656927947935,0.681226173449738,1.9770563200915587,0.72058268796259,1.3354479475840193,0.682182989994242
0.868,1.336372407152909,0.6523579862729005,1.97841248705864,0.678083483540609,1.3367537752852099,0.6529138505953332
0.87,1.3379707746003797,0.6237323454958797,1.979683404620261,0.6354587808105032,1.3380008314326575,0.623528073723797
0.872,1.339419026559272,0.5946288857008832,1.9808688312108698,0.592713295304375,1.3391888888949692,0.5940287311558454
0.874,1.3404470061316913,0.5621648752763878,1.9819685347861224,0.5498517876262976,1.3403177267519888,0.5644189285097878
0.876,1.3415272654017936,0.5388236230355844,1.982982292912223,0.5068790630502205,1.3413871303620255,0.5347018050183803
0.878,1.3425178488172262,0.5052980389737617,1.9839098928544447,0.46379997111087373,1.3423968914286133,0.5048805332938562
0.88,1.343343763681229,0.47842382666364597,1.9847511316648647,0.42061940520999114,1.343346808066788,0.4749583190873437
0.882,1.3440171502814586,0.4445880625788239,1.9855058162695933,0.3773423023642598,1.344236684868885,0.4449384010484747
0.884,1.345123980847803,0.41616437775487947,1.9861737635572183,0.33397364381248973,1.3450663329698944,0.414824050504757
0.886,1.345713376092423,0.3850658149639904,1.9867548004783526,0.29051846056719915,1.3458355701125477,0.38461857132669314
0.888,1.3464535333677206,0.35437893747871096,1.9872487642128394,0.2469818672433963,1.346544220712751,0.3543253001015929
0.89,1.3471301797892836,0.32145702932808345,1.987655502728469,0.20336925781487786,1.347192115927494,0.32394760737152334
0.892,1.3477388978755078,0.2950155506212198,1.9879748775895645,0.15968743054773296,1.3477790937324992,0.2934889025026246
0.894,1.3480751260449397,0.26222237187030106,1.9882067796772642,0.11595104384985155,1.3483049990343685,0.2629526509346453
0.896,1.3488656331651805,0.22993399430690542,1.9883512181797776,0.07221925125661731,1.3487696839017784,0.2323424337049726
0.898,1.3491719501481891,0.19925240456136664,1.988408795593031,0.028788706626701466,1.3491730082050457,0.20166215163364185
0.9,1.3497035612228885,0.17523196378082787,1.9883825112411502,-0.01314217594041222,1.3495148416558551,0.17091672540472902
0.902,1.3501606524288887,0.13934476330344311,1.9882786657329614,-0.05192275409438798,1.3497950706474293,0.1401144957870571
0.904,1.3501220878912847,0.10916534220546906,1.988101359724279,-0.08865300434119551,1.3500136214899492,0.1092754212598832
0.906,1.350150643537908,0.08118266070068209,1.9878517148526131,-0.1248224358328674,1.3501705386307432,0.07845857039698095
0.908,1.3499613111595397,0.04957294723610817,1.9875298182629995,-0.16094829480681858,1.3502662350943306,0.047848231793683735
0.91,1.350250507317114,0.02039480192559242,1.9871354982531482,-0.19716000492559901,1.350302163315141,0.01796411040519478
0.912,1.3502766354944027,-0.011902191750224392,1.9866685307624854,-0.2334837453314268,1.3502817762651003,-0.010193525020435409
0.914,1.3502219998466563,-0.03483659046830877,1.9861286898660546,-0.269920448215354,1.3502098154312636,-0.03598041691832267
0.916,1.3500531252150147,-0.05932356900364918,1.9855157598522406,-0.3064650069070209,1.3500898110739756,-0.060002178643955545
0.918,1.3497747630586046,-0.0877049610254332,1.9848295381013907,-0.3431108754249365,1.3499234821952166,-0.0831644393795308
0.92,1.3498465784690403,-0.10486385125720805,1.9840698357846411,-0.3798511583748138,1.349711460496402,-0.10601084940727448
0.922,1.3494381614638036,-0.1288871615781051,1.983236478049033,-0.41667886780401187,1.3494538755949401,-0.12879245073092668
0.924,1.3493121311783784,-0.15274109463746707,1.9823293040816508,-0.4535869836911109,1.3491506471888053,-0.15161420306747275
0.926,1.3486141425300875,-0.17508844041310356,1.9813481671448336,-0.49056846840856183,1.3488016134784269,-0.1745168551892132
0.928,1.3485978867397421,-0.20046524637231572,1.9802929346039166,-0.5276162704584484,1.3484065851401819,-0.1975141691225454
0.93,1.348156896260914,-0.22204702552860844,1.9791634879524593,-0.5647233257286188,1.3479653675743015,-0.22060878294016154
0.932,1.3472104977233148,-0.24142179589348187,1.9779597228360852,-0.6018825581870786,1.3474777699857052,-0.24379879429816775
0.934,1.3468768534752287,-0.2698079332646209,1.976681549075168,-0.6390868804586871,1.3469436090722866,-0.26708045670933583
0.936,1.3462433635760744,-0.28869854828941394,1.9753288906863948,-0.6763291943865133,1.3463627105226776,-0.2904492748044671
0.9380000000000001,1.345925531670288,-0.3148508754248267,1.9739016859031921,-0.7136023916013144,1.345734909629407,-0.31390044663535627
0.9400000000000001,1.3450933597767891,-0.33608243413226124,1.9723998871949833,-0.7508993541044587,1.3450600515463997,-0.3374290415036112
0.9420000000000001,1.3441609754544215,-0.3603873637520514,1.9708234612852524,-0.7882129548654477,1.344337991403865,-0.361030071267458
0.9440000000000001,1.3435140208632168,-0.3858242023193635,1.9691723891683839,-0.8255360584342462,1.343568594365945,-0.3846985189599673
0.9460000000000001,1.3426050274253627,-0.4083356479009917,1.967446666125247,-0.862861521568405,1.3427517356651824,-0.4084293503812886
0.9480000000000001,1.341844937561288,-0.4333760541778419,1.9656463017374972,-0.9001821938749126,1.3418873006273169,-0.43221751893278687
0.9500000000000001,1.3408416315147274,-0.45384648926776305,1.9637713199005637,-0.9374909184666941,1.3409751846917506,-0.45605796778310465
0.9520000000000001,1.3400096881350652,-0.47817872545560286,1.9618217588352964,-0.9747805326336753,1.3400152934297735,-0.47994563098848586
0.9540000000000001,1.339199552662213,-0.5026895615828744,1.9597976710982399,-1.0120438685283224,1.339007542561357,-0.5038754342083086
0.9560000000000001,1.3383577193342229,-0.5294736802029768,1.9576991235905088,-1.0492737538655665,1.337951857970821,-0.5278422952680845
0.9580000000000001,1.3369616013949188,-0.552447585568104,1.9555261975652347,-1.0864630126370176,1.3368481757214832,-0.5518411246688393
0.96,1.336019422486912,-0.5724259407895531,1.953278988633556,-1.1236044658393731,1.3356964420693203,-0.5758668260815157
0.962,1.3340576945288196,-0.6018022669933657,1.950957606769122,-1.1606909322169188,1.3344966134756373,-0.5999142968414278
0.964,1.3333335606986916,-0.6223395899243144,1.948562176311086,-1.1977152290180182,1.3332486566187403,-0.6239784284485776
0.966,1.3320520388167685,-0.6481278021544726,1.9460928359655552,-1.2346701727654867,1.3319525484045882,-0.6480541070760552
0.968,1.3306516308342273,-0.6707536092394184,1.9435497388054737,-1.2715485800407382,1.3306082759764135,-0.6721362140873457
0.97,1.3291527625393436,-0.6940803340950554,1.9409330522689106,-1.3083432682815914,1.3292158367232878,-0.696219626562831
0.972,1.3272760237487211,-0.7189392103149224,1.9382429581557232,-1.345047056593622,1.3277752382876167,-0.7202992178355564
0.974,1.3260325724861637,-0.7423527393451091,1.9354796526225733,-1.3816527665749387,1.3262864985715441,-0.7443698580362561
0.976,1.3246570067374825,-0.7700972676221247,1.9326433461762647,-1.4181532231542633,1.324749645742249,-0.7684264146475948
0.978,1.3231928231501184,-0.794173118841266,1.9297342636653803,-1.4545412554421848,1.323164718236114,-0.7924637530675691
0.98,1.3213027746795127,-0.8194918185848118,1.9267526442701892,-1.4908096975954637,1.32153176476175,-0.8164767371820066
0.982,1.3197993169383866,-0.8393412377954822,1.9236987414908007,-1.5269513896942486,1.3198508443018577,-0.8404602299460945
0.984,1.3182807071384264,-0.8645617297965082,1.9205728231335366,-1.5629591786320733,1.318122026113908,-0.8644090939748682
0.986,1.3165093084725763,-0.8881463332064355,1.9173751712954996,-1.5988259190184917,1.3163453897296227,-0.8883181921425876
0.988,1.3144569963616264,-0.9108945606365642,1.9141060823473113,-1.63454447409421,1.3145210249532409,-0.9121823881909242
0.99,1.3128156297568085,-0.9365342970282646,1.9107658669139942,-1.670107716658569,1.312649031858549,-0.9359965473458829
0.992,1.3106359861933103,-0.9599280047503767,1.9073548498539759,-1.7055085300092245,1.3107295207846623,-0.9597555369433763
0.994,1.3087346897575842,-0.9851021091771728,1.903873370236188,-1.740739808893878,1.3087626123305356,-0.9834542270633706
0.996,1.3069098748467758,-1.007731967975223,1.9003217813152402,-1.7757944604738933,1.3067484373481906,-1.0070874911725154
0.998,1.3047357807621676,-1.0321417271197135,1.896700450504641,-1.810665405299645,1.3046871369346402,-1.0306502067751713
1.0,1.3026071027225472,-1.0531918833818132,1.8930097593480462,-1.8453455782974306,1.3025788624224948,-1.054137256072744
1.002,1.3002964478641268,-1.0733371143835269,1.8892501034885105,-1.8798279297677813,1.3004237753692323,-1.0775435266312319
1.004,1.2982533978542494,-1.0971432838967075,1.8854218926357205,-1.9141054263949975,1.2982220475451185,-1.1008639120568913
1.006,1.2961231682270395,-1.1252492594846213,1.881525550531185,-1.948171052267736,1.2959738609197586,-1.1240933126799213
1.008,1.2935607900790849,-1.1461842958869761,1.877561514911364,-1.98201780991047,1.2936794076472664,-1.1472266362460675
1.01,1.2913092871031935,-1.1699885004118553,1.8735302374687128,-2.0156387213256384,1.2913388900500344,-1.1702587986160398
1.012,1.2888537868115333,-1.196629349920143,1.8694321838106203,-2.049026829046299,1.2889525206010892,-1.1931847244726408
1.014,1.286434288568901,-1.2202625953394444,1.865267833416222,-2.0821751971990983,1.2865205219050182,-1.2159993480354931
1.016,1.2840766905565228,-1.2399763429845305,1.8610376795910673,-2.115076912577356,1.2840431266774517,-1.238697613783256
1.018,1.281337041352944,-1.2615395798849642,1.8567422294196192,-2.1477250857240824,1.2815205777230854,-1.2612744771832154
1.02,1.2789675560696836,-1.2864155612324473,1.8523820037155698,-2.1801128520247084,1.278953127912229,-1.2837249054281337
1.022,1.275951559499635,-1.3080030631825446,1.8479575369699512,-2.212233372809341,1.2763410401558686,-1.3060438781802357
1.024,1.2732368260177465,-1.329987806699333,1.8434693772970225,-2.2440798364643246,1.2736845873792242,-1.3282263883222116
1.026,1.271263155971748,-1.3522092503044387,1.8389180863779166,-2.2756454595528988,1.2709840524937939,-1.3502674427151107
1.028,1.2683312766793615,-1.3747351302474726,1.8343042394020272,-2.3069234879447396,1.268239728367868,-1.3721620629629983
1.03,1.2654733467035226,-1.3943759533111104,1.829628425006119,-2.33790719795416,1.2654519177954995,-1.3939052861842463
1.032,1.2625709101125846,-1.4141874464696191,1.8248912452111454,-2.3685898974867503,1.262620933463921,-1.415492165789323
1.034,1.2600606157474723,-1.436363060941514,1.820093315356757,-2.398964927194224,1.259747097919391,-1.4369177722649469
1.036,1.2568182115434952,-1.459960720031644,1.8152352640334823,-2.4290256616372488,1.256830743531462,-1.458177193964467
1.038,1.2539517984119832,-1.4795967808105701,1.8103177330125704,-2.4587655104560167,1.2538722124556534,-1.4792655379043265
1.04,1.2510014927907183,-1.5001069622910694,1.8053413771734736,-2.4881779195483205,1.2508718565945205,-1.500177930566466
1.042,1.2481417547915317,-1.5247196986897968,1.800306864428964,-2.5172563722548937,1.2478300375571074,-1.5209095187065216
1.044,1.2446516582837717,-1.5395397842058194,1.7952148756478603,-2.545994390551767,1.244747126616772,-1.541455470167666
1.046,1.2415175169580819,-1.563245725289902,1.7900661045753616,-2.574385536249386,1.241623504667372,-1.5618109746999405
1.048,1.238370829340782,-1.5845848252797208,1.784861257750965,-2.6024234121982492,1.2384595621778023,-1.5819712447849248
1.05,1.2352442187281867,-1.596907820360238,1.7796010544239635,-2.6301016635007906,1.235255699144871,-1.6019315164655836
1.052,1.2322063383475372,-1.6237659811914922,1.774286226466505,-2.6574139787292625,1.2320123250445087,-1.6216870501811333
1.054,1.228520468021635,-1.6419073605136787,1.7689175182842063,-2.6843540911493418,1.2287298587812951,-1.6412331316067623
1.056,1.2255751517113003,-1.6620768501919312,1.763495686724308,-2.7109157799491945,1.2254087286362991,-1.6605650724980396
1.058,1.2218771197817098,-1.6777817112601614,1.7580215009813605,-2.7370928714737297,1.2220493722132195,-1.6796782115398454
1.06,1.2187912060438775,-1.6991928971791386,1.7524957425004328,-2.7628792404637563,1.2186522363828203,-1.6985679151996482
1.062,1.2149604999686798,-1.7202109287605327,1.7469192048778333,-2.788268811299775,1.2152177772256503,-1.7172295785849574
1.064,1.2115731643398766,-1.740006200952468,1.741292693759333,-2.8132555592501105,1.2117464599730408,-1.7356586263047726
1.066,1.2083554426824676,-1.7550018909861234,1.7356170267358868,-2.8378335117231046,1.208238758946371,-1.7538505133348519
1.068,1.2047583434803384,-1.7679603295229542,1.7298930332368407,-2.861996749523074,1.2046951574945979,-1.7718007258866144
1.07,1.2013178716783839,-1.7917083749419371,1.7241215544206212,-2.885739408109739,1.201116147930039,-1.7895047822794938
1.072,1.1976433928273242,-1.8045490394092332,1.7183034430628996,-2.909055678860827,1.1975022314624058,-1.806958233816555
1.074,1.1936721347189356,-1.825975097583144,1.7124395634422245,-2.931939810337546,1.1938539181310794,-1.8241566656631827
1.076,1.1901174417017262,-1.8442158173795906,1.7065307912231191,-2.9543861095526234,1.1901717267356222,-1.8410956977286492
1.078,1.186718139461998,-1.8625045321142077,1.700578013336638,-2.976388943240603,1.1864561847645214,-1.857770985550368
1.08,1.182454417604915,-1.8746458223651243,1.6945821278583777,-2.9979427391300826,1.1827078283221601,-1.87417822118063
1.082,1.1788498669550402,-1.8899151090321589,1.6885440438839425,-3.019041987217583,1.178927202054009,-1.8903131340756265
1.084,1.1751373509609846,-1.9065387870577104,1.6824646814018571,-3.039681241042722,1.1751148590700358,-1.9061714919865538
1.086,1.1714670482896792,-1.925973863001516,1.6763449711639284,-3.0598551189643763,1.1712713608663305,-1.9217491018525907
1.088,1.1673656504390442,-1.9384230108722773,1.6701858545530535,-3.0795583054375006,1.1673972772449395,-1.9370418106955458
1.09,1.1634881787489604,-1.9515621202720412,1.663988283448473,-3.0987855522902774,1.1634931862319076,-1.9520455065159579
1.092,1.1593458694286172,-1.9680023270007199,1.6577532200884704,-3.1175316800012625,1.1595596739935268,-1.9667561191904404
1.094,1.1557244721952395,-1.9804420641262395,1.651481636930518,-3.13579157897619,1.1555973347507866,-1.9811696213700498
1.096,1.1514393873751922,-1.9911791121196074,1.6451745165088698,-3.153560210824101,1.1516067706920277,-1.9952820293794638
1.098,1.1480191273185276,-2.0119975617999515,1.6388328512896049,-3.170832609632448,1.1475885918837943,-2.009089404116743
1.1,1.1435724957683426,-2.0175595174017675,1.6324576435231233,-3.1876038832408327,1.1435434161798874,-2.022587851953459
1.102,1.1395973772022825,-2.0353275296327165,1.6260499050940973,-3.2038692145130274,1.1394718691286174,-2.0357735256349567
1.104,1.1353016955844626,-2.0497276512272733,1.6196106573688835,-3.21962386260693,1.1353745838782563,-2.048642625180527
1.106,1.1311784028355083,-2.062302046375895,1.6131409310403995,-3.234863164242092,1.1312522010806898,-2.061191398783259
1.108,1.127223023614219,-2.0742282240677374,1.6066417659704706,-3.249582534964474,1.127105368793271,-2.0734161437093355
1.11,1.1228151404552345,-2.087739913809266,1.6001142110296545,-3.263777470408049,1.122934742378878,-2.085313207196543
1.112,1.1186996367675517,-2.0986962509511744,1.5935593239345487,-3.277443547552912,1.1187409844041745,-2.0968789873517504
1.114,1.11445711349451,-2.1060619759804458,1.5869781710825897,-3.2905764259795096,1.1145247645360803,-2.108109934047128
1.116,1.1103283587287636,-2.1180354377876016,1.5803718273843523,-3.303171849118638,1.1102867594364505,-2.1190025498148515
1.118,1.1060671871263574,-2.1294840510874353,1.5737413760933587,-3.3152256454968225,1.1060276526549704,-2.1295533907400617
1.12,1.1016908737900077,-2.140430367563754,1.5670879086334053,-3.3267337299767163,1.1017481345202667,-2.1397590673518208
1.122,1.0975688056238737,-2.1518470866360513,1.560412524423421,-3.3376921049921338,1.097448902029243,-2.1496162455118286
1.124,1.0933667453886866,-2.1591225192075454,1.5537163306998663,-3.3480968617773454,1.0931306587346419,-2.1591216473006405
1.1260000000000001,1.088612165324663,-2.169326026489591,1.5470004423366857,-3.357944181590247,1.0887941146308395,-2.1682720519011376
1.1280000000000001,1.084272214089996,-2.176826203274257,1.5402659816628277,-3.3672303369290226,1.0844399860378815,-2.177064296479
1.1300000000000001,1.07989287513674,-2.1832999499004613,1.5335140782773438,-3.375951692741916,1.0800689954837617,-2.1854952770599185
1.1320000000000001,1.0754928010004963,-2.1982025171701842,1.5267458688620843,-3.384104707629718,1.075681871584955,-2.1935619494032945
1.1340000000000001,1.0711002022788028,-2.205380453182143,1.5199624969920031,-3.391685935040584,1.0712793489252106,-2.2012613298721666
1.1360000000000001,1.0668210300114316,-2.206580781944186,1.5131651129430896,-3.3986920244567855,1.0668621679326125,-2.2085904962991
1.1380000000000001,1.062527232401825,-2.218336848897064,1.5063548734979437,-3.4051197225730037,1.0624310747549168,-2.21554658884778
1.1400000000000001,1.0578007327346763,-2.218691058319791,1.4995329417490122,-3.4109658744657674,1.0579868211331767,-2.2221268108700416
1.1420000000000001,1.0535599734185834,-2.228448089691436,1.4927004868995049,-3.4162274247536373,1.0535301642736605,-2.228328429758071
1.1440000000000001,1.049238917644026,-2.229377520273769,1.4858586840620094,-3.4209014187477367,1.0490618667180776,-2.2341487777915123
1.1460000000000001,1.0448075682971576,-2.239446914563287,1.479008714054825,-3.4249850035922282,1.0445826962121192,-2.2395852529792046
1.1480000000000001,1.0401296272475304,-2.243547855071999,1.4721517631960364,-3.4284754293943305,1.0400934255723286,-2.2446353198952878
1.1500000000000001,1.0354372512357768,-2.251566777572685,1.4652890230953495,-3.4313700503434754,1.0355948325513098,-2.2492965105093954
1.1520000000000001,1.0310628301265752,-2.2556197350597356,1.458421690443711,-3.433666325819194,1.0310876997012886,-2.2535664250106677
1.154,1.0265248326235656,-2.257415355172228,1.4515509668007365,-3.435361821487327,1.026572814236038,-2.2574427326253086
1.156,1.0224831446934717,-2.2627960391281206,1.444678058379968,-3.436454210384154,1.022050967891183,-2.260923172427408
1.158,1.0174622151796962,-2.264510737281608,1.4378041758319922,-3.436941273988025,1.0175229567828976,-2.264005554142756
1.16,1.013040294962632,-2.2647766064034713,1.430930534025436,-3.4368209032780914,1.012989581265007,-2.2666877589453684
1.162,1.0083164248379792,-2.2707983628864703,1.4240583518258765,-3.436091099779718,1.008451645784514,-2.2689677402464437
1.164,1.0035443054854596,-2.272889373822864,1.417188851872684,-3.434749976596171,1.003909958735563,-2.2708435244754743
1.166,0.9994347116376606,-2.2724207748667014,1.4103232603538318,-3.4327957594261624,0.9993653323118566,-2.272313211853228
1.168,0.9945771783884516,-2.2743246766092176,1.403462806778698,-3.430226787566841,0.9948185823575441,-2.273374977156317
1.17,0.9902380869194664,-2.273229070899017,1.3966087237488944,-3.427041514901815,0.9902705282165979,-2.274027070473075
1.172,0.9855641489549811,-2.2749831322950334,1.3897622467271469,-3.4232385108737935,0.9857219925806969,-2.2742678179504554
1.174,0.9807705108575717,-2.2766177822590272,1.3829246138042641,-3.418816461441428,0.9811738013356336,-2.2740956225316666
1.176,0.9769102745748839,-2.2781094618411966,1.3760970654642242,-3.413774170019942,0.9766267834062651,-2.2735089646842646
1.178,0.971973700300132,-2.2722969198360143,1.3692808443474138,-3.408110558405138,0.9720817706000282,-2.272506403118408
1.18,0.9674237508583264,-2.272936366680158,1.362477195012053,-3.401824667680352,0.9675395974490382,-2.271086575494999
1.182,0.9629474328013473,-2.269496030586552,1.3556873636938411,-3.3949156591059637,0.9630011010507913,-2.26924819912342
1.184,0.9584087605180509,-2.2709876786360406,1.348912598063859,-3.387382814991026,0.9584671209074941,-2.266990071648576
1.186,0.9538665884931132,-2.266267615547095,1.3421541469847658,-3.379225539546612,0.9539384987640401,-2.2643110717269637
1.188,0.9492636011166942,-2.261006513997037,1.3354132602653248,-3.370443359720465,0.9494160784446571,-2.261210159691475
1.19,0.9449854130152321,-2.2561469585919762,1.3286911884132997,-3.3610359260125318,0.9449007056882478,-2.257686378204648
1.192,0.9402499913313658,-2.252148655633734,1.3219891823867578,-3.3510030132709767,0.9403932279824476,-2.253738852900083
1.194,0.9360847632237672,-2.247354836910516,1.3153084933438213,-3.3403445214682566,0.9358944943964241,-2.2493667930117285
1.196,0.9316383029896119,-2.2451255227081988,1.3086503723909075,-3.3290604764568514,0.9314053554124426,-2.244569491990762
1.198,0.9268462946776675,-2.2379640690249434,1.302016070329499,-3.317151030704241,0.926926662756223,-2.239346328109769
1.2,0.9221398809747214,-2.2335487533730514,1.2954068374014855,-3.3046164640067146,0.9224592692261152,-2.233696765053936
1.202,0.917851285986449,-2.228631604533674,1.2888239230331222,-3.2914571841816165,0.9180040285211173,-2.2276203524989797
1.204,0.9131663087989752,-2.2231741367756412,1.282268575577647,-3.2776737277376133,0.9135617950677662,-2.2211167266755174
1.206,0.9090815841096526,-2.212687490157252,1.275742042056602,-3.263266760522584,0.9091334238459271,-2.214185610919598
1.208,0.9048694724554472,-2.2072685319392056,1.2692455678999044,-3.2482370783487307,0.9047197702135089,-2.206826816209112
1.21,0.9002349626833948,-2.2009847497365502,1.2627803966847153,-3.232585607594511,0.9003216897301374,-2.199040241685792
1.212,0.8959710698180466,-2.191606074095602,1.2563477698731493,-3.216313405782992,0.8959400379798124,-2.1908258751625294
1.214,0.8916468343607417,-2.1789671592614734,1.2499489265488768,-3.1994216621362326,0.8915756703925809,-2.182183793615718
1.216,0.8871723776633295,-2.176397108013396,1.2435851031526661,-3.1819116981052993,0.8872294420652562,-2.1731141636623463
1.218,0.8826788690257507,-2.166823065095359,1.2372575332169151,-3.163784967875527,0.8829022075812131,-2.163617242021566
1.22,0.8783036491955811,-2.151373448999211,1.2309674470992218,-3.1450430588466354,0.8785948208292922,-2.153693375960447
1.222,0.8743011340582941,-2.146674843793956,1.2247160717150471,-3.125687692087314,0.8743081348218449,-2.143343003723654
1.224,0.8701208109562535,-2.1303380605293283,1.2185046302695193,-3.105720722763897,0.8700430015119514,-2.1325666549467632
1.226,0.8656747945016801,-2.123009536618413,1.2123343419884338,-3.0851441405427464,0.8658002716098455,-2.1213649510529438
1.228,0.8614592309914781,-2.1094622265755425,1.2062064218485018,-3.063960069965964,0.86158079439858,-2.1097386056327383
1.23,0.8574587380290082,-2.095616833833027,1.2001220803069017,-3.0421707708000665,0.8573854175489667,-2.0976884248066674
1.232,0.8534022237703884,-2.08313712717911,1.1940825230301872,-3.0197786383572494,0.8532149869338259,-2.0852153075703908
1.234,0.8492868875532577,-2.0712896555725018,1.1880889506226096,-2.9967862037888735,0.8490703464415816,-2.072320246122158
1.236,0.8445897302673034,-2.059557767824933,1.182142558353908,-2.973196134350813,0.8449523377892371,-2.059004326172286
1.238,0.8408675770178815,-2.0463255889365115,1.1762445358866274,-2.949011233640309,0.8408618003347683,-2.0452687272343977
1.24,0.8369242366997391,-2.0321246212434314,1.1703960670030193,-2.92423444180397,0.8367995708889719,-2.031114722898166
1.242,0.8325231715718479,-2.0139431774601455,1.1645983293315862,-2.8988688357165753,0.8327664835268054,-2.0165436810832973
1.244,0.8288378347539467,-2.0014050353591957,1.1588524940733256,-2.872917629130327,0.8287633693982563,-2.00155706427451
1.246,0.8249170936091014,-1.9843159821093863,1.153159725727737,-2.8463841727942216,0.8247910565387818,-1.9861564297372443
1.248,0.820858707056279,-1.9755412712002989,1.1475211818186506,-2.819271954543191,0.8208503696793541,-1.9703434297138573
1.25,0.8167465820411731,-1.9553131396480328,1.1419380126199372,-2.7915845993566943,0.816942130056154,-1.9541198116000587
1.252,0.8128093297719283,-1.9373676353100224,1.1364113608811643,-2.763325869386426,0.8130671552199513,-1.9374874181013353
1.254,0.8094031645560219,-1.9216927219201003,1.1309423615532588,-2.734499663952819,0.809226258845213,-1.9204481873691277
1.256,0.8051312060460168,-1.8992197051284656,1.1255321415142387,-2.705110019510032,0.80542025053898,-1.9030041531165172
1.258,0.8014970336396379,-1.8878916393962464,1.1201818192950805,-2.675161109579106,0.8016499356495537,-1.8851574447131885
1.26,0.7979005067341767,-1.866323573138999,1.1148925048057825,-2.6446572446489824,0.7979161150750348,-1.8669102872594352
1.262,0.7940149097062603,-1.8469448728791407,1.1096652990616924,-2.6136028720450937,0.7942195850717568,-1.8482650016389777
1.264,0.7903994945373027,-1.8313265514489439,1.104501293910162,-2.582002575765219,0.7905611370626561,-1.8292240045503694
1.266,0.7869125924829532,-1.8085005199016237,1.0994015717575973,-2.549861076282331,0.7869415574456226,-1.809789808516767
1.268,0.7831696787881989,-1.7895513602932105,1.094367205296969,-2.517183230314141,0.7833616274018749,-1.789965021873848
1.27,0.7797377607330047,-1.7643461454765317,1.0893992572358508,-2.4839740305590774,0.7798221227044035,-1.76975234873566
1.272,0.7761159630041173,-1.7466237170668222,1.084498780025054,-2.4502386053984244,0.7763238135265271,-1.7491545889381888
1.274,0.7727903923868777,-1.7286601718995331,1.0796668155879254,-2.415982218564357,0.7728674642506063,-1.7281746379604428
1.276,0.7695311111363319,-1.7052537841374065,1.0749043950503783,-2.381210268773624,0.7694538332769606,-1.7068154868228453
1.278,0.7662695802471938,-1.6846431940404534,1.070212538471725,-2.3459282893266273,0.7660836728330351,-1.6850802219627412
1.28,0.7625697257909316,-1.664261317268343,1.0655922545763816,-2.310141947671658,0.7627577287828615,-1.6629720250868196
1.282,0.7595103324599918,-1.6395398237928198,1.0610445404865134,-2.2738570449340543,0.759476740436861,-1.6404941730002653
1.284,0.7564523106829074,-1.617013802612676,1.0565703814556933,-2.2370795154100613,0.7562414403620361,-1.6176500374124525
1.286,0.7531954609270671,-1.591603068306711,1.0521707506036428,-2.199815426025166,0.7530525541925981,-1.5944430847189999
1.288,0.7498742613350096,-1.5740341412592682,1.0478466086521294,-2.1620709757567056,0.749910800441078,-1.5708768757600116
1.29,0.7465111786920489,-1.5500091641135816,1.0435989036620883,-2.1238524950205426,0.7468168903099693,-1.546955065554333
1.292,0.7440196482621221,-1.5245467789045155,1.039428570772045,-2.0851664450216125,0.74377152750395,-1.5226814030096552
1.294,0.7409512543476189,-1.497050611868279,1.0353365319379086,-2.0460194170681607,0.7407754080427335,-1.4980597306083063
1.296,0.7381014441892283,-1.4712416476989902,1.0313236956742096,-2.0064181318494874,0.7378292200745963,-1.4730939840685757
1.298,0.7348420497743549,-1.4483333295322387,1.0273909567968555,-1.9663694386770367,0.7349336436906334,-1.4477881919814182
1.3,0.7320349923783731,-1.4219319742030327,1.0235391961674782,-1.9258803146886643,0.7320893507397886,-1.4221464754223947
1.302,0.7291192106392703,-1.3963649870396284,1.0197692804394463,-1.8849578640159372,0.7292970046447113,-1.3961730475387106
1.304,0.7268072448338309,-1.3733935526539849,1.0160820618056177,-1.8436093169143213,0.7265572602184889,-1.3698722131112144
1.306,0.7238503673923291,-1.3451694341152356,1.0124783777479054,-1.8018420288561217,0.7238707634823064,-1.3432483680912328
1.308,0.7212032712324914,-1.314723262696234,1.0089590507887334,-1.759663479586057,0.7212381514840821,-1.3163059991121167
1.31,0.7185760694000493,-1.2875902160551131,1.0055248882444547,-1.7170812721393496,0.7186600521181313,-1.2890496829753826
1.312,0.7157465038722961,-1.2593458635585983,1.0021766819808102,-1.6741031318222273,0.7161370839459087,-1.2614840861113406
1.314,0.7134764885332647,-1.2324338692496561,0.9989152081705007,-1.630736905154744,0.7136698560178805,-1.2336139640141013
1.316,0.7112226088715207,-1.210668689092776,0.9957412270529491,-1.5869905587758335,0.7112589676965787,-1.205444160650867
1.318,0.7086808636044797,-1.1765803950399294,0.9926554826963281,-1.5428721783105197,0.7089050084808879,-1.1769796078454144
1.32,0.7068463611535695,-1.1476807091872472,0.9896587027619297,-1.498389967199222,0.7066085578316165,-1.1482253246356835
1.322,0.7043486967681056,-1.1220295407313168,0.9867515982709515,-1.4535522454890983,0.7043701849984056,-1.1191864166053935
1.324,0.702403640163556,-1.0862592299596905,0.9839348633737767,-1.4083674485873854,0.7021904488480264,-1.0898680751896166
1.326,0.7000025895189653,-1.0607076710518608,0.9812091751218233,-1.3628441259766992,0.7000698976941179,-1.0602755769542402
1.328,0.6976122768611167,-1.0286272109130457,0.9785751932420387,-1.3169909398922781,0.6980090691284193,-1.0304142828492644
1.33,0.6964760308347627,-0.9988216911776251,0.9760335599141163,-1.2708166639611516,0.6960084898535476,-1.0002896374358787
1.332,0.6942485959174884,-0.9687757032958206,0.9735848995505099,-1.2243301818032388,0.6940686755173731,-0.969907168087278
1.334,0.6919204293469413,-0.9365379995393018,0.9712298185793211,-1.1775404855943867,0.6921901305490467,-0.9392724841631773
1.336,0.6900538855255708,-0.9087373392065139,0.9689689052301383,-1.1304566745913665,0.6903733479967307,-0.9083912761579991
1.338,0.6886022115678417,-0.8754138239901832,0.9668027293229006,-1.083087953618866,0.6886188093670853,-0.877269314822707
1.34,0.686938022156674,-0.845034428625058,0.9647318420598635,-1.0354436315185218,0.6869269844665647,-0.8459124502602744
1.342,0.6850741128060744,-0.8167860447416898,0.9627567758207434,-0.9875331195600454,0.6852983312445752,-0.8143266109947788
1.344,0.6836739400268387,-0.7838036528415616,0.9608780439611143,-0.9393659298145158,0.6837332956385469,-0.7825178030141223
1.346,0.6818994026367367,-0.7528739583607783,0.9590961406141345,-0.8909516734899146,0.6822323114209742,-0.7504921087863877
1.348,0.6806267543324681,-0.7217950252442267,0.9574115404956766,-0.8423000592289996,0.6807958000484745,-0.7182556862498438
1.35,0.6790840204800661,-0.6889031771920495,0.9558246987129373,-0.7934208913696198,0.6794241705129213,-0.6858147677766265
1.352,0.6780840111533428,-0.6521615115651784,0.9543360505766021,-0.7443240681675868,0.678117819194701,-0.6531756591101279
1.354,0.677208727498963,-0.6231250367284725,0.9529460114166376,-0.6950195799822366,0.6768771297181487,-0.6203447382761389
1.356,0.675497186223684,-0.5852716226515904,0.951654976401788,-0.6455175074248214,0.6757024728092131,-0.5873284544678182
1.358,0.6744819816428553,-0.5545386016838086,0.9504633203628482,-0.5958280194699092,0.6745942061554039,-0.5541333269046298
1.36,0.6738261706483697,-0.5211766603947325,0.949371397619788,-0.5459613715301098,0.6735526742680725,-0.5207659436656522
1.362,0.6722791992742351,-0.4895831097197253,0.948379541812797,-0.49592790349543925,0.6725782083470753,-0.4872329604986306
1.364,0.6716710981624132,-0.45262899186888267,0.9474880657373052,-0.44573803774593845,0.6716711261478555,-0.4535410996098863
1.366,0.6704908640772439,-0.4213481658401214,0.9466972611829034,-0.39540227720083687,0.6708317318509459,-0.4196971484547958
1.368,0.6701014075225349,-0.3842152446196583,0.9460073987751446,-0.34493120387939474,0.6700603159337343,-0.38570795860583307
1.37,0.6691633733649136,-0.34997917426498537,0.9454187278120109,-0.29433548156688877,0.6693571550437318,-0.3515804450012147
1.372,0.6687724970186186,-0.32051200373436844,0.9449314760322176,-0.24362588989663972,0.6687225118701848,-0.3173215867734793
1.374,0.6680306262871586,-0.2817132807738156,0.944545848835684,-0.19281359826681108,0.6681566350013299,-0.28293843442742317
1.3760000000000001,0.6674823762169675,-0.2523017036619783,0.9442620242859794,-0.14191227485233848,0.6676597587164959,-0.24843814241703058
1.3780000000000001,0.6671136000836758,-0.2118899783957328,0.9440801158622654,-0.0909542118570211,0.6672321025094758,-0.21382810350998638
1.3800000000000001,0.6671289587336184,-0.1830442710791047,0.9439998963124566,-0.040109774904379114,0.6668738695249226,-0.17911649227662776
1.3820000000000001,0.667047860473384,-0.14609497875438351,0.9440191376051154,0.009620646329367842,0.6665852406123794,-0.14431445627155942
1.3840000000000001,0.6664986874118681,-0.10648308714058696,0.9441308758376108,0.05586911624773226,0.6663663507616638,-0.10944492535780481
1.3860000000000001,0.666355764389972,-0.07376691692223238,0.9443301994330978,0.09966179774352232,0.6662171958636958,-0.07457744898403598
1.3880000000000001,0.6658480083971716,-0.038181382542016286,0.9446160546827218,0.14292762481198268,0.6661372838998605,-0.039955981917619426
1.3900000000000001,0.6659255843741707,-0.010875849978522496,0.9449884336461821,0.18618948173016156,0.6661246055447582,-0.006339177551163332
1.3920000000000001,0.6666852326502734,0.026827161046081942,0.945447509496279,0.22953792504842627,0.6661744957021898,0.024945078715835962
1.3940000000000001,0.6665912982788634,0.05229171920300132,0.9459934671746655,0.27297883919326815,0.6662818794766048,0.05369188720748438
1.3960000000000001,0.6666841216548125,0.08464885679831459,0.9466264726142448,0.3165027197896812,0.666444032729264,0.08107662632963343
1.3980000000000001,0.6669182361224774,0.10831015105706569,0.9473466672095764,0.3600972976658049,0.666660000418072,0.10798384440400152
1.4000000000000001,0.6666371145941337,0.13478576703880096,0.9481541668013912,0.4037497959074064,0.6669295855110665,0.13479254649725644
1.4020000000000001,0.666760986538712,0.15856265451274504,0.9490490614655348,0.44744733207182275,0.6672528622176168,0.16163835327517112
1.4040000000000001,0.6675976747279715,0.18689050820651423,0.9500314154478916,0.4911769911783764,0.6676299895765606,0.18856367947190975
1.4060000000000001,0.6679781357765717,0.2156510884578106,0.9511012671290402,0.5349258405742798,0.6680611446180851,0.21557752076224435
1.408,0.6688830730778842,0.24554651339841688,0.9522586289982425,0.5786809346011987,0.6685464989593753,0.24267717064510688
1.41,0.6690281792175583,0.2725308321735176,0.9535034876332413,0.622429317499413,0.669086210686935,0.2698558637798065
1.412,0.669475903553612,0.29667243003136035,0.9548358036852999,0.6661580260292419,0.6696804215460712,0.29710542956814723
1.414,0.6704631753722654,0.3221588426908477,0.956255511869436,0.7098540920680678,0.6703292559597926,0.3244172068607097
1.416,0.6709293183803368,0.34935031615726764,0.9577625209598911,0.7535045452275453,0.6710328206762469,0.3517823582271313
1.418,0.6717673826953712,0.3826518754155573,0.9593567137908876,0.7970964154982619,0.6717912046326314,0.3791919781922733
1.42,0.67240710429513,0.40726948856409884,0.9610379472627328,0.8406167359226038,0.6726044788949004,0.4066371311344815
1.422,0.6732466107053574,0.43197660848080155,0.9628060523533237,0.884052545295435,0.6734726966254677,0.43410886528369386
1.424,0.6741024087926407,0.46466130967498326,0.9646608341351077,0.927390890891992,0.6743958930627448,0.46159821863854245
1.426,0.6758005398931594,0.4902031385739879,0.9666020717975524,0.9706188312223444,0.6753740855070833,0.48909622216924314
1.428,0.6762182391306334,0.5181322459811912,0.9686295186751759,1.0137234388117546,0.6764072733113238,0.5165939021201992
1.43,0.6773830311327915,0.5458018534947261,0.9707429022811884,1.0566918030062573,0.6774954378753703,0.5440822820232303
1.432,0.6786514102641857,0.5722172575445359,0.9729419243467939,1.0995110328027615,0.6786385426446231,0.5715523846263953
1.434,0.6799128464623237,0.5979308696775055,0.9752262608661999,1.142168259702969,0.6798365331122367,0.5989952338068161
1.436,0.6809634898855192,0.6230436086664479,0.9775955621473806,1.1846506405903872,0.6810893368252169,0.6264018564900846
1.438,0.6822636647674406,0.6509929374145574,0.9800494528686401,1.2269453606297036,0.6823968633943839,0.6537632845834992
1.44,0.6836853732110392,0.6792201356591875,0.9825875321410157,1.2690396361877732,0.6837590045082343,0.681070556925238
1.442,0.685151297384432,0.7092770033731575,0.9852093735765666,1.310920717775458,0.6851756339507341,0.7083147212498649
1.444,0.686318094057895,0.7339074776815679,0.9879145253625857,1.3525758930095502,0.6866466076230741,0.7354868361699827
1.446,0.6879386901821369,0.7641099820481773,0.9907025103417737,1.3939924895939861,0.6881717635694213,0.7625779731736497
1.448,0.6900478459318038,0.7913135551419788,0.9935728260984128,1.4351578783195602,0.6897509220066955,0.7895792186371053
1.45,0.6912697009249094,0.8194356048406216,0.9965249450505754,1.4760594760813213,0.6913838853584001,0.816481675852318
1.452,0.6927233500444157,0.8462921567316098,0.999558314548401,1.5166847489128317,0.6930704382925378,0.8432764670688537
1.454,0.694634859077588,0.8644045771419104,1.002672356978474,1.5570212150364529,0.6948103477636369,0.8699547355495528
1.456,0.697089286706491,0.8996679660614247,1.0058664698743316,1.5970564479288072,0.6966033630589159,0.8965076476394906
1.458,0.6981985988008548,0.923262911097573,1.0091400260331327,1.6367780794005573,0.6984492158486113,0.9229263948476916
1.46,0.7002604662490799,0.9493997382324244,1.0124923736385119,1.6761738026896313,0.7003476202404935,0.949202195941054
1.462,0.701957337590234,0.9739513811405798,1.015922836389646,1.7152313755670074,0.7022982728385934,0.9753262990499367
1.464,0.704350133901134,1.001718775761028,1.0194307136365544,1.753938623454163,0.7043008528061631,1.0012899837848477
1.466,0.7065505166372537,1.0272231458487435,1.023015280521657,1.7922834425512817,0.7063550219328903,1.0270845633636687
1.468,0.7088858662650895,1.0512450332145173,1.0266757881276076,1.8302538029752977,0.708460424706388,1.0527013867488393
1.47,0.7106240950378215,1.0742706799685655,1.0304114636314212,1.867837751906847,0.7106166883879759,1.078131840793914
1.472,0.7125282729796963,1.10599257493112,1.0342215104649115,1.905023416745185,0.7128234230927737,1.1033673523989038
1.474,0.7148470682112471,1.129425929994796,1.0381051084814517,1.941799008270117,0.7150802218741212,1.1283993906737966
1.476,0.7173296385764876,1.1510928936921623,1.0420614141290716,1.9781528238099804,0.7173866608123405,1.1532194691096493
1.478,0.7196279015158568,1.176750844098901,1.046089560629901,2.0140732504147,0.7197422991078537,1.177819147756635
1.48,0.7220043744772691,1.203655356555049,1.050188658165967,2.049548768032937,0.7221466791786705,1.2021900354084172
1.482,0.7246848768218958,1.2251252786326674,1.0543577940713516,2.0845679526923364,0.7245993267622549,1.226323791792219
1.484,0.7268733213228146,1.2507316609540537,1.0585960330307154,2.1191194796818644,0.7270997510217828,1.2502121297639477
1.486,0.7295823397401624,1.2758570343899958,1.0629024172841859,2.1531921267352243,0.7296474446567982,1.2738468175077233
1.488,0.7327277463319176,1.2988582465100842,1.0672759668386145,2.186774777214329,0.7322418840182765,1.2972196807391563
1.49,0.7348302908608153,1.3199305606747957,1.071715679685198,2.2198564232917914,0.7348825292280999,1.320322604911711
1.492,0.7373520964151997,1.3412858165634713,1.0762205320234608,2.2524261691313945,0.7375688243029509,1.3431475374254824
1.494,0.7400540280213509,1.3648472717364803,1.0807894784915917,2.284473234065487,0.7403001972826263,1.3656864898377112
1.496,0.7429450485517217,1.3893705201245072,1.0854214524031283,2.3159869557682473,0.743076060362775,1.3879315400743475
1.498,0.7457703307395899,1.409431751425172,1.0901153659899758,2.3469567934237423,0.745895810032059,1.4098748346419763
1.5,0.748469397593754,1.4347500793959407,1.0948701106517513,2.3773723308877104,0.7487588272137378,1.431508590839403
1.502,0.7517200060271199,1.4563559195072069,1.0996845572114353,2.4072232798419786,0.7516644774116742,1.452825098968195
1.504,0.7547255273911723,1.4767500156850772,1.1045575561773162,2.4364994829404236,0.7546121108607571,1.4738167245414686
1.506,0.757505314878122,1.4958653968388558,1.109487938011207,2.465190916945379,0.7576010626817374,1.4944759104902015
1.508,0.7611256170218421,1.512304613441357,1.1144745134029137,2.493287695853376,0.7606306530404702,1.5147951793663503
1.51,0.7638892198627535,1.5381210503370562,1.119516073550932,2.52078007400911,0.7637001873115542,1.534767135542042
1.512,0.7668468799763691,1.555874619414738,1.1246113904493449,2.5476584492065117,0.7668089562463624,1.5543844674041034
1.514,0.7701657844488037,1.5722609568850057,1.1297592171808966,2.5739133657757884,0.7699562361454487,1.5736399495431894
1.516,0.7731783200513668,1.5907140653672034,1.1349582882162073,2.5995355176553168,0.7731412890353222,1.5925264449367647
1.518,0.7761785937464672,1.609739599005553,1.1402073197191018,2.6245157514472375,0.7763633628495725,1.6110369071251853
1.52,0.7795458545674379,1.6294320848993618,1.145505009858013,2.6488450694556125,0.7796216916143328,1.629164382380127
1.522,0.7829614601276774,1.643970818769054,1.150850039123425,2.672514632705997,0.782915495638062,1.6469020118645978
1.524,0.7866026411039703,1.6665833205777527,1.1562410706513155,2.6955157639452714,0.7862439817056295,1.6642430337837706
1.526,0.7897083120593912,1.6804236821719796,1.1616767505525567,2.7178399506205784,0.7896063432766812,1.6811807855258658
1.528,0.7929367131884394,1.698809840978096,1.1671557082482291,2.7394788478362,0.7930017606882659,1.6977087057923108
1.53,0.7964668667046128,1.7103599678975632,1.1726765568108035,2.760424281287212,0.7964294013616987,1.7138203367163982
1.532,0.7999934228341627,1.7354706321643616,1.178237893311141,2.7806682501687474,0.799888420013638,1.7295093259696626
1.534,0.8029524237683822,1.7467967437952392,1.1838382991712604,2.800202930059695,0.8033779588713484,1.7447694288551903
1.536,0.8069259535633747,1.7593568745340438,1.1894763405228197,2.819020675779665,0.8068971478921226,1.7595945103870758
1.538,0.8106796024274795,1.77154586293157,1.1951505685712558,2.837114024218036,0.8104451049868331,1.7739785473552319
1.54,0.8140074453249517,1.79091743276437,1.2008595199655236,2.8544756971339154,0.8140209362475826,1.7879156303747619
1.542,0.8175364092328741,1.8005427816562303,1.2066017171733754,2.8710986039258253,0.8176237361794209,1.8013999659190976
1.544,0.8212292858368919,1.8135172145898388,1.2123756688621152,2.8869758443699416,0.821252587936093,1.8144258783361038
1.546,0.8251775165644634,1.8251325174488122,1.2181798702847666,2.902100711325696,0.8249065635597858,1.8269878118463505
1.548,0.8287172537316336,1.8365189619823215,1.2240128036715818,2.916466693407566,0.8285847242248312,1.8390803325227496
1.55,0.8323768094733419,1.85049815867589,1.2298729386268257,2.930067477621869,0.8322861204853327,1.850698130250753
1.552,0.8354319732094467,1.8618430191500364,1.2357587325307604,2.94289695196738,0.8360097925266693,1.861836020668308
1.554,0.839488672673803,1.871598346148193,1.2416686309467575,2.954949207998593,0.8397547704208388,1.8724889470847628
1.556,0.8437896970506624,1.880381472263275,1.2476010680334584,2.9662185433504433,0.8435200743855946,1.8826519823779169
1.558,0.8470400979625924,1.8953124441163458,1.253554466961905,2.9766994642233233,0.8473047150473314,1.8923203308684096
1.56,0.8510849741749454,1.9046928333922342,1.2595272403375595,2.9863866878272063,0.8511076937076727,1.901489330170638
1.562,0.8549480406247767,1.9083780502076222,1.2655177906271269,2.995275144783713,0.8549280026137115,1.9101544530194001
1.564,0.8587045910855812,1.9208809618603,1.2715245105900967,3.0033599814849476,0.8587646252318544,1.9183113090714536
1.566,0.862763726983444,1.9260025123249158,1.2775457837149127,3.0106365624079423,0.8626165365252167,1.9259556466811867
1.568,0.8664465187009882,1.9329006133057698,1.2835799846596798,3.0171004723835413,0.8664827032345159,1.933083354649595
1.57,0.8701970419402811,1.9437144633410837,1.289625479697317,3.022747518818576,0.8703620841624075,1.9396904639457615
1.572,0.8742091118609792,1.9435031079702707,1.2956806271650574,3.0275737338701707,0.8742536304612075,1.945773149400037
1.574,0.878012323706897,1.9528806345587004,1.3017437779181995,3.031575376571035,0.8781562859239438,1.95132773136812
1.576,0.8821551458439904,1.9561313724278,1.3078132757880088,3.0347489349046017,0.8820689872786742,1.9563506773652413
1.578,0.8858075918918317,1.9609538270138271,1.3138874580436666,3.037091127828875,0.8859906644860135,1.9608386036696517
1.58,0.8895306210364212,1.9621807452065267,1.3199646558581624,3.0385989072478554,0.8899202410398027,1.9647882768946268
1.582,0.8939755768432565,1.9672836514086893,1.3260431947780211,3.0392694599294283,0.8938566342708592,1.9681966155281938
1.584,0.8978306665116164,1.9736415852707472,1.3321213951967583,3.039100209368593,0.8977987556537388,1.9710606914397968
1.586,0.9018340651943733,1.9734988648243945,1.3381975728319482,3.038088817594934,0.9017455111164451,1.9733777313531158
1.588,0.9060885327118886,1.9765998191473413,1.3442700392057947,3.0362331869232304,0.9056958013530136,1.9751451182842625
1.59,0.909530934155575,1.97795033614334,1.3503371021290869,3.0335314616461204,0.9096485221389028,1.976360392944578
1.592,0.9136419126079987,1.9753485704834421,1.3563970661884224,3.029982029667738,0.9136025646491173,1.9770212551072617
1.594,0.9175274772994907,1.9768762263271755,1.3624482332365768,3.0255835240772555,0.9175568157789914,1.9771255649370665
1.596,0.9210616913005399,1.9764092523881687,1.3684889028858993,3.0203348246612727,0.921510158467556,1.9766713442823043
1.598,0.9253592938257856,1.9748502842014224,1.3745173730046074,3.014235059354003,0.9254614720234128,1.975656777928402
1.6,0.9290276400161376,1.9734479403396126,1.3805319402158558,3.0072836056242247,0.9294096324530373,1.9740802148122654
1.602,0.9333017775499451,1.9722488872385147,1.3865309003994517,2.999480091797971,0.9333535127914308,1.9719401691967064
1.604,0.937015138858176,1.9706368584068938,1.3925125491960837,2.9908243983159455,0.9372919834350392,1.9692353218041998
1.606,0.9409308113259207,1.965607327242736,1.398475182513933,2.981316658924665,0.9412239124768577,1.9659645209092407
1.608,0.9453735399838868,1.9608078064870709,1.4044170970375336,2.970957261800352,0.9451481660436348,1.9621267833885832
1.61,0.9489158625446273,1.9600340263674834,1.4103365907387428,2.9597468506045894,0.9490636086350921,1.9577212957286445
1.612,0.9528476296983802,1.952244245790971,1.4162319633896845,2.9476863254708006,0.9529691034650708,1.9527474149893744
1.614,0.9568666704528143,1.9494699974472645,1.4221015170775257,2.934776843920595,0.9568635128045185,1.9472046697238858
1.616,0.9602506779691818,1.9394998754753905,1.427943556720944,2.9210198217090637,0.9607456983262249,1.941092760853166
1.618,0.9643656640692698,1.932292976067567,1.4337563905881403,2.906416933598111,0.9646145214512153,1.934411562495184
1.62,0.9682516339781188,1.9255488612597615,1.4395383308162542,2.8909701140569295,0.9684688436967107,1.9271611227477252
1.622,0.9723279396834723,1.9176286446313464,1.4452876939320316,2.8746815578887377,0.9723075270255593,1.9193416644242955
1.624,0.976113343374134,1.9118878638044885,1.4510028013735974,2.857553720782926,0.9761294341970442,1.9109535857424418
1.6260000000000001,0.979742833672605,1.9023766474506252,1.456681980013181,2.8395893197917648,0.979933429118972,1.9019974609638508
1.6280000000000001,0.9840131186586484,1.8932453713373343,1.4623235626806426,2.8207913337308534,0.9837183772009431,1.892474040985596
1.6300000000000001,0.9873120090525938,1.8823620096810874,1.4679258886876476,2.801163003502508,0.987483145708707,1.8823842538819153
1.6320000000000001,0.9909986952481407,1.8723936311014195,1.4734873043523302,2.780707832341297,0.9912266041194988,1.871729205395913
1.6340000000000001,0.9950840124145649,1.8589435773987042,1.4790061635242922,2.7594295859809668,0.99494762447826,1.86051017938059
1.6360000000000001,0.998562407481125,1.851111423034947,1.484480828109776,2.73733229274201,0.9986450817546373,1.8487286381886217
1.6380000000000001,1.0021764852859045,1.836877294786997,1.4899096685968545,2.7144202435391507,1.0023178542006579,1.8363862230103085
1.6400000000000001,1.0057161363859626,1.8219164875606648,1.4952910645804707,2.6906979918080465,1.0059648237089762,1.8234847541591481
1.6420000000000001,1.0094409293765683,1.8144823743003395,1.5006234052871716,2.666170353350531,1.009584876171585,1.8100262313044793
1.6440000000000001,1.0130560405668783,1.7950543729600736,1.5059050900993671,2.640842406097732,1.0131769018388865,1.7960128336506676
1.6460000000000001,1.0165883040539458,1.7812148775397048,1.511134529078948,2.614719489790435,1.0167397956790112,1.7814469200623184
1.6480000000000001,1.0203649840727782,1.766806625607216,1.5163101434901,2.587807205576081,1.0202724577372813,1.7663310291350098
1.6500000000000001,1.0241468843687926,1.7511892812659338,1.5214303663211437,2.560111415521808,1.0237737934957034,1.7506678792110602
1.6520000000000001,1.0274939045028493,1.735104541794812,1.5264936428052296,2.531638242042977,1.0272427142323832,1.7344603683398545
1.6540000000000001,1.0307611379735073,1.7149118005404276,1.5314984309397228,2.5023940672466383,1.0306781373807479,1.7177115741822728
1.6560000000000001,1.0340156269614444,1.7003706931460107,1.5364432020041017,2.472385532189432,1.0340789868884654,1.7004247538587736
1.6580000000000001,1.0373578140841502,1.6783775599742807,1.5413264410762004,2.4416195360494286,1.0374441935759469,1.6826033437407095
1.6600000000000001,1.0409111839746303,1.6635524977036267,1.5461466475466232,2.4101032352114524,1.0407726954943157,1.6642509591844612
1.6620000000000001,1.0439383304636907,1.6449324800199903,1.5509023356311542,2.377844042265453,1.0440634382827316,1.6453713942079937
1.6640000000000001,1.0472323996109054,1.6268495571117416,1.5555920348809893,2.3448496249175146,1.0473153755249505,1.6259686211094602
1.666,1.0502360261135777,1.6042464734913915,1.5602142906906156,2.3111279048131266,1.0505274691050055,1.6060467900274893
1.668,1.0537196927023935,1.5859579052840995,1.5647676648031603,2.2766870562723587,1.0536986895618912,1.5856102284428142
1.67,1.0567156638975375,1.5635665832415853,1.5692507358130336,2.2415355049366226,1.056828016443133,1.5646634406209166
1.672,1.0597106224000403,1.5431395303496895,1.5736620996656872,2.205681926326721,1.0599144386571238,1.5432111069953776
1.674,1.0631562480173966,1.5191809895392179,1.578000370154311,2.1691352443119194,1.0629569548241071,1.5212580834916478
1.676,1.066222449107141,1.500529950457175,1.5822641794132906,2.131904629489806,1.065954573625689,1.4988094007909636
1.678,1.0687789850155267,1.477462282339772,1.586452178408244,2.0939994974767333,1.0689063141527573,1.4758702635341587
1.68,1.0714813268834353,1.4490017520192282,1.5905630374224613,2.055429507108662,1.0718112062516876,1.4524460494651392
1.682,1.074373658802527,1.427734350544068,1.5945954465395658,2.0162045585522708,1.0746682908687153,1.4285423085138076
1.684,1.0773748706131656,1.4031383917649385,1.5985481161222181,1.9763347913262104,1.0774766203923518,1.4041647618182431
1.686,1.080218467726846,1.3750449830733482,1.602419777286683,1.935830582232426,1.0802352589937239,1.379319300685966
1.688,1.0830056525602847,1.3511611439828002,1.606209182373078,1.8947025431974938,1.082943282964712,1.3540119854941324
1.69,1.0854308690903351,1.3274025652503947,1.6099151054111258,1.852961519023958,1.0855997810537692,1.3282490445285267
1.692,1.0879358115793392,1.2992652483164746,1.6135363425812292,1.8106185850516805,1.0882038547992916,1.3020368727612435
1.694,1.0905165238710786,1.2753194014326308,1.6170717126706877,1.7676850447292554,1.0907546188604256,1.2753820305669652
1.696,1.0933322226253694,1.2493714630734676,1.6205200575248788,1.7241724270955645,1.0932512013451812,1.2482912423777706
1.698,1.0954567547134597,1.2191302114816955,1.623880242493222,1.6800924841715947,1.095692744135734,1.220771395276425
1.7,1.097857055118835,1.1936610399497545,1.6271511568697472,1.6354571882626636,1.0980784032107902,1.1928295375281284
1.702,1.0999624804127952,1.166871027088177,1.6303317143280898,1.5902787291712372,1.1004073489648916,1.1644728770507198
1.704,1.1025442425356338,1.1340524811687167,1.6334208533507308,1.54456951132056,1.1026787665245383,1.135708779823356
1.706,1.1049219832383574,1.108509722352296,1.6364175376523096,1.4983421507893475,1.1048918560610057,1.1065447682337097
1.708,1.1070763629012603,1.0789823742684082,1.6393207565968253,1.4516094722578345,1.1070458330997333,1.0769885193637505
1.71,1.109128567141267,1.0493838412378396,1.6421295256085562,1.404384505865496,1.1091399288261616,1.0470478632141975
1.712,1.1113839183881882,1.0163965436854845,1.644842886576518,1.3566804839808086,1.111173390387897,1.0167307808677584
1.714,1.1133945232128146,0.9862272947850977,1.6474599082522847,1.3085108378834407,1.1131454811930797,0.9860454025912864
1.716,1.1150337403193893,0.9529968727088501,1.6499796866410033,1.2598891943593074,1.1150554812048337,0.9550000058770183
1.718,1.116805465478707,0.9249850677594681,1.6524013453854212,1.2108293722089574,1.1169026872316798,0.9236030134230735
1.72,1.1183840453785008,0.8929758883105584,1.6547240361427606,1.1613453786697951,1.1186864132137866,0.891862991053424
1.722,1.1204354754336836,0.8601438643232006,1.656946938954266,1.1114514057526825,1.1204059905049417,0.8597886455775661
1.724,1.121578803908636,0.826968566306355,1.659069262607253,1.0611618264934948,1.122060768150122,0.8273888225901479
1.726,1.1237386434596406,0.7929186452770477,1.6610902449894935,1.0104911911202494,1.1236501131585437,0.7946725042108386
1.728,1.1251498655337095,0.7566502213556388,1.6630091534357665,0.9594542231364602,1.1251734107720732,0.7616488067647385
1.73,1.1267222222800997,0.726744873856519,1.6648252850664094,0.9080658153214055,1.1266300647288805,0.7283269784036649
1.732,1.128151103159706,0.6907584761235361,1.6665379671177054,0.8563410256480395,1.1280194975222178,0.6947163966686685
1.734,1.12943636285036,0.6600649226759,1.668146557263944,0.8042950731193127,1.1293411506542061,0.6608265659941607
1.736,1.130712157387086,0.6245122078544424,1.6696504439309914,0.7519433335237042,1.1305944848845142,0.626667115154065
1.738,1.1316108017811797,0.5964131819777303,1.671049046601213,0.6993013351108065,1.131778980473815,0.5922477946504427
1.74,1.1326829880122329,0.555830573681205,1.6723418161095887,0.6463847541878464,1.1328941374219053,0.557578474045131
1.742,1.1338382953580481,0.520271544128796,1.6735282349308649,0.5932094106380812,1.1339394757003756,0.5226691392352096
1.744,1.1351060240850543,0.49061050777995413,1.6746078174575894,0.539791263362217,1.1349145354797239,0.4875298896741745
1.746,1.1356306801126168,0.4483322347166683,1.6755801102688803,0.4861464056454829,1.135818877350814,0.4521709355450327
1.748,1.136838293657772,0.418415216643713,1.6764446923898113,0.4322910604655105,1.1366520825406332,0.416602594909637
1.75,1.1375290566681946,0.382726339162054,1.6772011755415406,0.3782415758646017,1.137413753122503,0.3808352909349063
1.752,1.1378800987157451,0.3441024767581566,1.677849204384457,0.32401442145820447,1.1381035122217449,0.3448795496209697
1.754,1.1383933569021363,0.3054512013880424,1.678388456775457,0.26962619549994243,1.138721004221433,0.30874599984411183
1.756,1.1394103355521572,0.2706244073245438,1.6788186442271638,0.21509372585341774,1.1392658949884358,0.2724453835013561
1.758,1.1401410146175517,0.23564086424212313,1.6791395142393117,0.1604350060740348,1.1397378722072427,0.23598860940347877
1.76,1.1399547586771714,0.20046744114270307,1.67935086938197,0.10567757132921776,1.140136646201381,0.19938699706919438
1.762,1.1407673332844295,0.16309084826453923,1.679452733535174,0.050932076601967996,1.1404619528972535,0.16265334793614786
1.764,1.1404141566474828,0.12599443996962947,1.6794466256410125,-0.0030539470807556535,1.1407135661533243,0.12580662803535492
1.766,1.141109344542119,0.08733314223413363,1.6793392907201716,-0.053667460420422426,1.1408913507354657,0.08889229107072094
1.768,1.1407824584239128,0.0535138385673976,1.6791365824689264,-0.10135412562261689,1.140995484909407,0.052067086970676454
1.77,1.1409958052763567,0.01310737222520317,1.678839709218489,-0.14843662521869028,1.141027271611336,0.01589335096449871
1.772,1.1408542635453147,-0.020310756294518846,1.6784486832598358,-0.19551297932667733,1.1409907510321933,-0.018260289571403583
1.774,1.1408893493819012,-0.04983923932499494,1.6779633491016726,-0.24266707908158364,1.1408916112559544,-0.04956988811944024
1.776,1.1409009322972445,-0.07820705006336723,1.677383557224107,-0.2898959387828494,1.1407332665499643,-0.07917235299504491
1.778,1.140140914523096,-0.10779680230245346,1.6767091911403882,-0.3371830418593234,1.140516902610057,-0.10818196995368436
1.78,1.1403580516410934,-0.13656631383756218,1.6759401715779705,-0.38450978120881174,1.1402427611970194,-0.13707070651881798
1.782,1.140051913250717,-0.16748108313407783,1.6750764571479058,-0.4318572150323844,1.1399107723657849,-0.16599441561723652
1.784,1.1392650068497656,-0.1935039117686731,1.6741180444706483,-0.4792063386287666,1.139520781376491,-0.19499549464691607
1.786,1.138793222100457,-0.2287481652997404,1.6730649682099052,-0.5265381303714796,1.1390726237548219,-0.22407881083458098
1.788,1.1387042355170665,-0.2550181231609129,1.6719173010829007,-0.5738335635022386,1.1385661494689039,-0.2532371429589923
1.79,1.1378724124137398,-0.28557089579307965,1.6706751538573013,-0.6210736127997316,1.1380012306429834,-0.2824594129602077
1.792,1.1370444554954704,-0.3143454982191313,1.6693386753362718,-0.6682392605147208,1.1373777640174447,-0.3117333127693958
1.794,1.1365547726630136,-0.34058919160343987,1.667908052331808,-0.7153115022319727,1.1366956717418444,-0.3410461378002235
1.796,1.1354260349897243,-0.36914835389285644,1.6663835096262944,-0.7622713527567949,1.1359549016382404,-0.3703850518019813
1.798,1.13484921767694,-0.4021225852050157,1.664765309922216,-0.8090998520392026,1.1351554272932438,-0.39973717249832963
1.8,1.1343625322526856,-0.4294773350785628,1.663053753779944,-0.8557780711359597,1.1342972480911993,-0.4290896010222683
1.802,1.1330023662074575,-0.45496491980796344,1.6612491795435262,-0.9022871182087915,1.1333803892235836,-0.4584294338078478
1.804,1.1321616183124297,-0.4874605337399968,1.6593519632544127,-0.948608144556748,1.132404901685508,-0.4877437690377896
1.806,1.1313392840129406,-0.514395690775676,1.6573625185530514,-0.9947223506806221,1.131370862262669,-0.5170197114195278
1.808,1.1301153106745687,-0.5444145714117866,1.6552812965682968,-1.0406109923772888,1.1302783735097455,-0.5462443764617961
1.81,1.1289069075276144,-0.5733352470729948,1.6531087857945732,-1.0862553868618046,1.1291275637205167,-0.5754048946143988
1.812,1.1276933850097268,-0.6053761664145154,1.6508455119567431,-1.1316369189150735,1.1279185868897517,-0.6044884153824861
1.814,1.1269579059546977,-0.6330007024864833,1.6484920378626333,-1.1767370470548606,1.1266516226668541,-0.6334821114487812
1.816,1.1252756336649012,-0.6580312888285942,1.6460489632431776,-1.2215373097279045,1.1253268763012279,-0.6623731828131124
1.818,1.1239433908103078,-0.6929134720452572,1.643516924580136,-1.2660193315208537,1.1239445785793256,-0.691148860951143
1.82,1.1225782064074143,-0.7222826957068993,1.6408965949213605,-1.3101648293877244,1.1225049857533418,-0.7197964129918746
1.822,1.121160109925598,-0.7460051394336016,1.6381886836835775,-1.353955618891555,1.1210083794615162,-0.7483031459127699
1.824,1.1192663311363045,-0.7780176266167963,1.6353939364426617,-1.3973736204579,1.119455066640014,-0.7766564107511057
1.826,1.1178063420079924,-0.8049125979416221,1.6325131347113861,-1.4404008656377905,1.1178453794263539,-0.8048436068300744
1.828,1.1159096200443834,-0.8318056181500534,1.6295470957046307,-1.4830195033777567,1.1161796750543576,-0.8328521859981184
1.83,1.1139752784694967,-0.8616176984201259,1.6264966720920417,-1.5252118062944906,1.1144583357405977,-0.8606696568799524
1.832,1.1125261473642416,-0.8889055568712484,1.6233627517381384,-1.566960176951701,1.1126817685623223,-0.8882835891377117
1.834,1.1108368792210965,-0.91820660344871,1.620146257429865,-1.608247154136692,1.1108504053268409,-0.9156816177406433
1.836,1.109007308909781,-0.9432745814745225,1.6168481465915967,-1.6490554191341784,1.1089647024323575,-0.9428514472417445
1.838,1.1068198867915882,-0.9725715918604114,1.613469410987607,-1.689367801994826,1.107025140720238,-0.9697808560597307
1.84,1.1047202893507495,-0.9957887548833694,1.610011076412015,-1.7291672877959898,1.1050322253187086,-0.9964577007647029
1.842,1.1027183081877068,-1.0227882003447604,1.6064742023662308,-1.7684370228921042,1.102986485477977,-1.0228699203658678
1.844,1.101025379528549,-1.0469822507783397,1.6028598817239266,-1.807160321152158,1.1008884743967777,-1.04900554059965
1.846,1.0989752816763685,-1.0754829133376682,1.5991692403835631,-1.8453206701816776,1.0987387690403447,-1.074852678216517
1.848,1.0962453061248365,-1.0983921214871006,1.59540343690851,-1.8829017375266162,1.096537969949815,-1.1003995452648314
1.85,1.0942729279578414,-1.1234164744297879,1.5915636621547968,-1.9198873768565428,1.094286701043075,-1.1256344533700213
1.852,1.091912073717056,-1.1481810503987506,1.5876511388865477,-1.9562616341245,1.0919856094070604,-1.1505458180073576
1.854,1.0897288488131747,-1.1737127450337448,1.583667121379146,-1.9920087537008973,1.0896353650815271,-1.1751221627666062
1.856,1.087261530433855,-1.1985773374089213,1.5796128950101884,-2.027113184478782,1.0872366608343136,-1.199352123606816
1.858,1.0847609479570097,-1.2227907188655296,1.5754897758382929,-2.0615595859478337,1.0847902119281145,-1.2232244530994911
1.86,1.0824188920376931,-1.2477677978605464,1.5712991101698242,-2.095332834234404,1.0822967558787977,-1.2467280246583845
1.862,1.0800282588539614,-1.2700781310101261,1.5670422741136143,-2.1284180281049214,1.0797570522052895,-1.2698518367541431
1.864,1.0772930041221873,-1.292777554162116,1.5627206731237544,-2.1608004949299744,1.0771718821710654,-1.2925850171120221
1.866,1.0744167397485667,-1.3108628847869268,1.5583357415305417,-2.1924657966063736,1.0745420485172836,-1.3149168268908786
1.868,1.0717305121444873,-1.339400356587946,1.5538889420596727,-2.2233997354344894,1.0718683751876004,-1.3368366648416488
1.87,1.0689328801324256,-1.3589767245558657,1.5493817653397763,-2.2535883599481616,1.0691517070447134,-1.358334071443501
1.872,1.0667479227721663,-1.3789925694390675,1.5448157293983875,-2.2830179706944635,1.0663929095786817,-1.3793987330158586
1.874,1.0637037727061065,-1.4020303876518587,1.5401923791464662,-2.3116751259606114,1.0635928686070728,-1.400020485804469
1.8760000000000001,1.0607469605467978,-1.418852611953702,1.5355132858515756,-2.3395466474452995,1.0607524899669933,-1.4201893200397018
1.8780000000000001,1.0581569615544266,-1.4412939036525985,1.5307800465998322,-2.366619625871744,1.0578726991990628,-1.4398953839652473
1.8800000000000001,1.0549990643142981,-1.4585297029702329,1.5259942837467528,-2.3928814265397222,1.054954441223392,-1.459128987835385
1.8820000000000001,1.0517182503607314,-1.477925471931953,1.521157644357125,-2.4183196948138894,1.051998680007634,-1.4778806078789881
1.8840000000000001,1.048877604190112,-1.500797796261102,1.5162717996340338,-2.442922361545661,1.0490063982271771,-1.4961408902284299
1.8860000000000001,1.0460222185987456,-1.5128267122355332,1.5113384443371818,-2.4666776484259536,1.045978596917554,-1.5139006548115532
1.8880000000000001,1.042752381917936,-1.5338350724561922,1.5063592961906496,-2.489574073266086,1.0429162951191442,-1.531150899204866
1.8900000000000001,1.0400403640832112,-1.5473584849004325,1.5013360952802413,-2.5116004552041296,1.039820529514252,-1.5478828024461242
1.8920000000000001,1.0368195358512986,-1.5612755150508584,1.4962706034405733,-2.53274591983404,1.036692354056643,-1.5640877288044657
1.8940000000000001,1.033352481199829,-1.57814220883614,1.4911646036320636,-2.5529999042548694,1.0335328395936305,-1.579757231506259
1.8960000000000001,1.0302186461584808,-1.5950183950223566,1.4860198993079887,-2.572352162037404,1.0303430734808008,-1.5948830564148329
1.8980000000000001,1.027030815975986,-1.609471068815492,1.4808383137717775,-2.5907927681055583,1.0271241591894762,-1.6094571456622597
1.9000000000000001,1.0240237630388151,-1.6232363951501674,1.4756216895247178,-2.6083121235298847,1.0238772159070135,-1.623471641231362
1.9020000000000001,1.0204963594660392,-1.6374855660822298,1.4703718876042566,-2.6249009602305633,1.0206033781300412,-1.6369188884861245
1.9040000000000001,1.017295756249164,-1.6515960342905753,1.465090786913082,-2.640550345587254,1.0173037952507438,-1.6497914396486952
1.9060000000000001,1.0138027652868908,-1.6622027843232872,1.4597802835391755,-2.6552516869532092,1.0139796311363014,-1.6620820572211648
1.9080000000000001,1.0104425248433297,-1.6740381859205966,1.4544422900670335,-2.6689967360710622,1.0106320637016009,-1.6737837173503238
1.9100000000000001,1.0070637221061327,-1.6809005979693818,1.449078734880258,-2.6817775933877286,1.0072622844753336,-1.6848896131336037
1.9120000000000001,1.0040608626925498,-1.694513562822083,1.4436915614557264,-2.6935867122658697,1.0038714981596049,-1.6953931578644168
1.9140000000000001,1.000373707396476,-1.7009281938326275,1.4382827276495476,-2.704416903089398,1.0004609221831746,-1.705287988215119
1.9160000000000001,0.9970198394161335,-1.714764823808202,1.4328542049750266,-2.7142613372605227,0.997031786248463,-1.7145679673558336
1.9180000000000001,0.9935693705440917,-1.7226398964825862,1.4274079778728548,-2.7231135510858553,0.9935853318724482,-1.7232271880073802
1.92,0.9903282368322066,-1.731323918294078,1.4219460429737565,-2.7309674495491256,0.9901228119215951,-1.7312599754265707
1.922,0.9869886616501375,-1.7404523453118832,1.4164704083538204,-2.73781730996808,0.9866454901409508,-1.738660890322145
1.924,0.983216699698978,-1.7474571684192188,1.410983092782754,-2.7436577855331636,0.9831546406775515,-1.745424731699632
1.926,0.9799381565337346,-1.7522377874699648,1.4054861249653028,-2.748483908725623,0.9796515475982847,-1.7515465396334404
1.928,0.9760489924815058,-1.7552045294580965,1.3999815427760773,-2.75229109461268,0.9761375044023557,-1.757021597964495
1.93,0.9727879423193441,-1.7641018303381,1.3944713924880423,-2.7550751440174834,0.9726138135285122,-1.7618454369217562
1.932,0.9689355470891139,-1.7688374940937304,1.3889577279949192,-2.756832246561555,0.9690817858571802,-1.766013835665973
1.934,0.9654931244413761,-1.7697604832408254,1.3834426100277641,-2.757558983577492,0.9655427402076721,-1.7695228247540404
1.936,0.9618510673572583,-1.7737735473231713,1.3779281053659846,-2.7572523308897297,0.9619980028306273,-1.7723686885223566
1.938,0.9582945031905362,-1.7760776299297303,1.3724162860430622,-2.75590966146119,0.9584489068958522,-1.7745479673875835
1.94,0.9549252865063977,-1.7730632725622149,1.3669092285472548,-2.7535287479036916,0.9548967919757256,-1.7760574600632495
1.942,0.9508794839641924,-1.7771646110752453,1.3614090130175547,-2.750107764850032,0.9513430035243443,-1.776894225690647
1.944,0.9476278051047635,-1.7761099259849666,1.3559177224351833,-2.745645291185697,0.9477888923525793,-1.7770555858825015
1.946,0.9439679286315403,-1.7768715839480447,1.3504374418109069,-2.74014031213819,0.9442358140992235,-1.7765391266779138
1.948,0.9403995982623511,-1.773989272394179,1.3449702573684628,-2.7335922212220205,0.9406851286984094,-1.7753427004071034
1.95,0.9370803623380874,-1.773827592506647,1.3395182557243879,-2.7260008220374337,0.9371381998434803,-1.7734644274645044
1.952,0.9335926589562002,-1.7714359874580556,1.3340835230645458,-2.717366329921015,0.9335963944475028,-1.7709026979887925
1.954,0.9296724642645693,-1.7665049937969306,1.3286681443176531,-2.707689373446344,0.9300610821006059,-1.7676561734484493
1.956,0.9265133547518071,-1.7640720309276285,1.3232742023261073,-2.69697099577292,0.9265336345243429,-1.7637237881314998
1.958,0.9231343967567598,-1.7567074824416704,1.317903777014424,-2.685212655841643,0.9230154250232667,-1.7591047505380863
1.96,0.9192112797696949,-1.755399889200948,1.3125589445555936,-2.6724162294151714,0.9195078279339176,-1.7537985446745734
1.962,0.9162435064835139,-1.74500571234616,1.3072417765356705,-2.658584009961534,0.9160122180714217,-1.7478049312479083
1.964,0.9123040477539844,-1.7435229624338417,1.3019543391169117,-2.643718709379438,0.9125299701739038,-1.7411239487589942
1.966,0.9088566280160844,-1.734788659248654,1.2966986921997843,-2.627823458563752,0.9090624583449161,-1.733755914493869
1.968,0.9052158550428115,-1.7256743243158585,1.2914768885841648,-2.610901807809712,0.905611055494093,-1.725701425411508
1.97,0.9018426422062482,-1.719415889796236,1.2862909731300558,-2.5929577270544555,0.9021771327762388,-1.716961358927113
1.972,0.8988667614051901,-1.708935312280798,1.2811429819181468,-2.5739956059545346,0.8987620590290593,-1.7075368735897793
1.974,0.8952743267590565,-1.6962013699173712,1.2760349414105505,-2.5540202537981394,0.8953672002097524,-1.6974294096534697
1.976,0.8920779283826966,-1.6873427538580605,1.270968867612049,-2.533036899250803,0.8919939188306718,-1.6866406895402632
1.978,0.8885737102925877,-1.676849197689603,1.265946765232182,-2.511051189933436,0.888643573394282,-1.675172718194883
1.98,0.8855882610142876,-1.6617509612949761,1.2609706268485188,-2.4880691918315914,0.8853175178276229,-1.6630277833295435
1.982,0.8817176797104671,-1.650220588333992,1.256042432071449,-2.4640973885349395,0.8820171009165065,-1.6502084555582035
1.984,0.8788075684762986,-1.635775941879686,1.251164146710837,-2.4391426803059746,0.8787436657396679,-1.6367175884193443
1.986,0.8757855478212128,-1.619827532384624,1.2463377219448828,-2.413212382977067,0.875498549103095,-1.622558318286439
1.988,0.8720963638290365,-1.6079226995023335,1.2415650934915328,-2.386314226675024,0.8722830809747644,-1.6077340641653148
1.99,0.868763406914441,-1.591756057817015,1.236848180782788,-2.3584563543723966,0.869098583920009,-1.592248527377662
1.992,0.8658977033553691,-1.5707010590629686,1.2321888861422583,-2.3296473202648436,0.8659463725377491,-1.5761056911299742
1.994,0.8627683986016206,-1.5634942861019117,1.2275890939663106,-2.2998960879739254,0.8628277528978145,-1.5593098199672604
1.996,0.8595307487352527,-1.541634075669476,1.223050669909161,-2.2692120285747817,0.8597440219795928,-1.541865459110906
1.998,0.8563664313265765,-1.5255002391173307,1.2185754600722647,-2.23760491844821,0.8566964671122326,-1.52377743368011
2.0,0.8535344391630996,-1.5043504069059876,1.2141652901983513,-2.205084936956744,0.8536863654166399,-1.505050847796368
2.0020000000000002,0.8506031603797398,-1.4874472363563336,1.2098219648704625,-2.1716626639443954,0.8507149832494989,-1.4856910835705226
2.004,0.8478624136240833,-1.466754977298096,1.205547266716343,-2.137349077059811,0.847783575649555,-1.4657037999719436
2.0060000000000002,0.8447148941004441,-1.447820057212794,1.2013429556185375,-2.1021555489026578,0.8448933857863961,-1.4450949315794563
2.008,0.8418098924578604,-1.4225265882850815,1.1972107679305513,-2.066093843993137,0.8420456444119687,-1.4238706872136784
2.0100000000000002,0.8388395839487292,-1.4021326602577031,1.193152415699422,-2.0291761155646006,0.8392415693150678,-1.4020375484504786
2.012,0.8365475638898019,-1.3803022648587675,1.1891695858950633,-1.9914149021793217,0.8364823647790371,-1.3796022680153202
2.0140000000000002,0.8337389562791525,-1.3587439428604464,1.1852639396467282,-1.9528231241675538,0.8337692210429205,-1.3565718680583032
2.016,0.8312872847134501,-1.3306824205569576,1.181437111486948,-1.9134140798900863,0.831103313766301,-1.3329536383097693
2.0180000000000002,0.8284549727508776,-1.312188257105926,1.1776907086032988,-1.8732014418245921,0.8284858034980682,-1.3087551341163854
2.02,0.8256308826555432,-1.2819454994553565,1.1740263100983466,-1.8321992524761388,0.8259178351493529,-1.283984174357676
2.0220000000000002,0.8236655893059763,-1.257961786701025,1.1704454662581218,-1.7904219201123164,0.8234005374708668,-1.2586488392430253
2.024,0.8211071193300393,-1.2338702957510221,1.1669496978294749,-1.7478842143235216,0.8209350225348884,-1.232757467989224
2.0260000000000002,0.8184073645847879,-1.2062044677539,1.1635404953066568,-1.7046012614090196,0.8185223852221309,-1.2063186563786896
2.028,0.8161714216886505,-1.1822774582841773,1.1602193182274778,-1.6605885395894795,0.8161637027137338,-1.1793412541985444
2.0300000000000002,0.8139715295097247,-1.1490580050545003,1.1569875944793842,-1.6158618740467812,0.8138600339886123,-1.1518343625607876
2.032,0.8113063173327371,-1.1263765686985303,1.1538467196158002,-1.570437431791955,0.8116124193264046,-1.1238073311038546
2.0340000000000003,0.8094159407734212,-1.0964264298158852,1.1507980561830757,-1.5243317163622176,0.8094218798162528,-1.0952697550759145
2.036,0.8067395254441756,-1.0644515178691734,1.1478429330583795,-1.4775615623481404,0.8072894168716522,-1.0662314723003077
2.0380000000000003,0.8051717530595447,-1.0374818962609935,1.1449826447988753,-1.43014412975208,0.8052160117516051,-1.036702560023585
2.04,0.8035503072934144,-1.0062300621427624,1.1422184510025173,-1.3820968981790822,0.8032026250883118,-1.0066933316466666
2.0420000000000003,0.801024898351727,-0.9758147319178965,1.1395515756807941,-1.3334376608615568,0.8012501964216323,-0.9762143333396941
2.044,0.7990774367665014,-0.9465902854482428,1.136983206643756,-1.284184518519108,0.7993596437405499,-0.9452763405412083
2.0460000000000003,0.7975353864194129,-0.9147767769123305,1.134514494897646,-1.2343558730549942,0.7975318630318652,-0.9138903543423409
2.048,0.7956042534757461,-0.8784948945021884,1.1321465540554645,-1.1839704210907673,0.7957677278363516,-0.8820675977567652
2.05,0.794167234998749,-0.8479658725740333,1.129880459760783,-1.133047147340746,0.7940680888125972,-0.8498195118772147
2.052,0.7924672760707174,-0.8159278527935014,1.1277172491251268,-1.0816053178280418,0.7924337733087583,-0.8171577519194262
2.054,0.7910851920200314,-0.7838579369859054,1.125657920179239,-1.0296644729439663,0.7908655849424494,-0.784094183154434
2.056,0.78966427513874,-0.7522541665808267,1.1237034313385335,-0.9772444203527151,0.789364303188989,-0.7506408767301891
2.058,0.7878091526079778,-0.719263276841738,1.1218547008830468,-0.9243652277433239,0.7879306829782219,-0.7168101053835448
2.06,0.786426814584547,-0.6812585936523341,1.120112606452185,-0.8710472154309736,0.7865654543001345,-0.6826143390437032
2.062,0.7854903541459439,-0.6490588652697697,1.1184779845545654,-0.8173109488098055,0.785269321819478,-0.6480662403282789
2.064,0.783975507400512,-0.613547551953025,1.1169516300932463,-0.7631772306594985,0.7840429644996115,-0.6131786599332046
2.066,0.782671527963735,-0.579978035857184,1.1155342959066303,-0.708667093307944,0.782887035235776,-0.5779646319177831
2.068,0.781747268461233,-0.545519991860534,1.1142266923253255,-0.6538017906524415,0.7818021604980032,-0.5424373688863732
2.07,0.7807448203104131,-0.5061703700912226,1.1130294867452415,-0.5986027900419398,0.7807889399838657,-0.50661025706875
2.072,0.7796509974802142,-0.4721038772644542,1.1119433032171953,-0.54309176402308,0.7798479462812589,-0.47049685130338936
2.074,0.7786383281418765,-0.42993631407840127,1.1109687220532867,-0.4872905819542498,0.7789797245413843,-0.4341108699372967
2.076,0.7778527614745577,-0.3939014506822961,1.110106279450277,-0.4312213015048126,0.7781847921619905,-0.39746618969687564
2.078,0.7775209693266012,-0.36083779832045465,1.109356467129919,-0.3749061601790281,0.777463638480461,-0.36057684076478885
2.08,0.7765235772926592,-0.32088686961834556,1.108719731993566,-0.3183675681765284,0.7768167244742571,-0.3234570031019486
2.082,0.776529687918205,-0.2874855400910853,1.1081964757631027,-0.26162811523168256,0.7762444824569241,-0.28612100866646756
2.084,0.7756278862816653,-0.24595793047800923,1.1077870543343449,-0.20471071437884042,0.7757473157158631,-0.24858337053052745
2.086,0.7753341564495334,-0.2063178507444374,1.1074917741627812,-0.14764008578187,0.7753255978471086,-0.21085893437723338
2.088,0.7748081644880334,-0.17131861738341772,1.1073108594188203,-0.09045737198046619,0.7749796706689355,-0.17296358908660975
2.09,0.7744033321420002,-0.1301460375085476,1.1072441405423548,-0.03335943823278412,0.7747098355866874,-0.13491754112403725
2.092,0.7743151258318994,-0.1005778048743439,1.1072887698174796,0.022314637562443326,0.7745163149617865,-0.09676031245041615
2.094,0.7743200326349472,-0.05828313882117315,1.107436604634989,0.07391740875471835,0.7743990797263186,-0.05861761773396502
2.096,0.7746876013426646,-0.021026838814241645,1.1076838770074786,0.1236361862448341,0.7743571570578033,-0.020961334257690388
2.098,0.7743328644075528,0.01663993585836226,1.1080301219142148,0.17312245336805804,0.7743869171609127,0.014880051554717742
2.1,0.7747492104458856,0.04815511721244452,1.1084754356179332,0.22265685185919903,0.774482442191019,0.04776251505319755
2.102,0.7747983066024909,0.08026352643094399,1.109019952441536,0.27225841180147686,0.774639932232965,0.0787450209729686
2.104,0.7747502297531046,0.10968800702578554,1.109663768724898,0.3219081416810167,0.7748580849054211,0.10907633622800937
2.106,0.7750946414837331,0.13788289468092665,1.110406932169915,0.37158172250851407,0.7751366448586503,0.13927997661461453
2.108,0.7756715107820551,0.1671627210967434,1.1112494403387756,0.4212540844302811,0.7754756826642902,0.1695189028199832
2.11,0.7760634649283131,0.20213709497678162,1.1121912404356242,0.4709000484243228,0.7758753470372554,0.19983218648255818
2.112,0.7762718168263354,0.22906687837924392,1.1132322292823666,0.5204944233712151,0.7763357870252985,0.23021999402154286
2.114,0.7767672030776414,0.2619762577271849,1.1143722533386486,0.5700120281410163,0.776857128246222,0.260670610461774
2.116,0.7775441232732141,0.29208558321081796,1.1156111087455116,0.6194277034315341,0.7774394656996307,0.2911687267043956
2.118,0.7782379877906387,0.3209095998905829,1.1169485413900127,0.6687163222504972,0.7780828615948632,0.3216979476162111
2.12,0.7787915800929239,0.34941545328497803,1.1183842469905276,0.7178528002574919,0.7787873446920388,0.35224154858781015
2.122,0.7796635460247924,0.3833842924044303,1.1199178712027844,0.7668121061283933,0.7795529101038731,0.38278270591711916
2.124,0.7802548758482238,0.41590808015437314,1.1215490097467058,0.8155692719606499,0.7803795192439756,0.4133045700512899
2.126,0.7813644088196194,0.4384236646171422,1.1232772085541416,0.8640994037179528,0.7812670998282184,0.44379029212140575
2.128,0.7821830311765283,0.47156542051393663,1.1251019639375617,0.9123776917100554,0.7822155459015392,0.47422303666039606
2.13,0.7833980369392698,0.5098033683964045,1.1270227227797678,0.9603794211030799,0.7832247178820622,0.5045859902614926
2.132,0.7841511760831997,0.5352380687883714,1.129038882744679,1.0080799824555466,0.7842944426201856,0.5348623690616927
2.134,0.785335175644477,0.565951413182375,1.1311497925092295,1.0554548822753065,0.7854245134719845,0.565035425899457
2.136,0.7867048744325966,0.5978655229811892,1.1333547520164144,1.1024797535925055,0.7866146903867739,0.5950884573947162
2.138,0.7876288729478257,0.6283395622488401,1.1356530127495017,1.1491303665436683,0.7878647000088179,0.6250048110220087
2.14,0.788949951753608,0.6555028324444772,1.1380437780274255,1.195382638961938,0.7891742357932087,0.6547678921953561
2.142,0.7907370332184407,0.6859580803311195,1.1405262033213626,1.2412126469684768,0.7905429581359449,0.6843611713680915
2.144,0.7917454607195277,0.7125250613663794,1.1430993965924825,1.2865966355599816,0.7919704945182375,0.713768191146299
2.146,0.7933269574152269,0.7430216054616026,1.145762418650857,1.3315110291872416,0.7934564396650639,0.7429725734131636
2.148,0.7951930152198249,0.7695168643189975,1.1485142835354962,1.3759324423196202,0.7950003557179861,0.7719580264611023
2.15,0.7966586495303751,0.8020622745100479,1.1513539589154769,1.4198376899903182,0.796601772422243,0.8007083521284037
2.152,0.7983356337009287,0.8302659761912071,1.1542803665121113,1.4632037983172392,0.798260187328117,0.829207452937041
2.154,0.8002427547581894,0.8585332054008533,1.1572923825420998,1.5060080149942505,0.7999750660065735,0.8574393392282841
2.156,0.8018814812228213,0.8866262130017893,1.160388838181595,1.548227819747607,0.8017458422791589,0.8853881362927103
2.158,0.8038949963287174,0.909342584652136,1.1635685200510995,1.589840934752282,0.8035719184621413,0.9130380914911865
2.16,0.8056737378316444,0.9399491154758777,1.1668301707211053,1.6308253350029256,0.8054526656248681,0.9403735813633735
2.162,0.8072961138856861,0.9655316172899553,1.1701724892383736,1.6711592586341515,0.8073874238623087,0.9673791187202814
2.164,0.8089667682057359,0.9933612310868231,1.1735941316727432,1.7108212171848394,0.8093755025817434,0.9940393597173873
2.166,0.8112438872829915,1.0214076707377817,1.1770937116843454,1.7497900058011218,0.811416180803553,1.0203391109048052
2.168,0.8131795703100588,1.049201656234779,1.1806698011110908,1.7880447133727146,0.813508707476055,1.0462633362509843
2.17,0.8156721444923871,1.0713716541659017,1.1843209305762852,1.8255647325972406,0.8156523018043278,1.0717971641363966
2.172,0.8176698564551211,1.0954172864961864,1.1880455901162195,1.8623297699671886,0.8178461535929551,1.0969258943136606
2.174,0.8198291169322685,1.1206078986673316,1.1918422298275677,1.8983198556741456,0.8200894236026162,1.1216350048305368
2.176,0.8223482801887535,1.1456131433920818,1.1957092605344175,1.9335153534249399,0.8223812439204407,1.145910158912221
2.178,0.8244037551216676,1.1692596388449543,1.1996450544747461,1.967896970164331,0.8247207183440394,1.1697372117993523
2.18,0.8268943219897702,1.1934727025746381,1.203647946006144,2.001445765698891,0.8271069227791157,1.1931022175381494
2.182,0.82987796704273,1.2172890928140294,1.2077162323305775,2.0341431622167216,0.8295389056505539,1.2159914357190778
2.184,0.831919284847333,1.2351863173572124,1.2118481742379728,2.0659709536976676,0.8320156883268748,1.2383913381604557
2.186,0.8342196254265469,1.2569572799416642,1.2160419968683902,2.096911315208694,0.8345362655579416,1.2602886155333963
2.188,0.8372111837430642,1.2801797423505865,1.2202958904925485,2.1269468120791104,0.8370996059257906,1.2816701839244944
2.19,0.8396836314700994,1.3013166555801312,1.2246080113104492,2.156060408950349,0.8397046523084559,1.3025231913326576
2.192,0.8423350917476132,1.3256738647437314,1.2289764822678393,2.1842354786950104,0.8423503223566489,1.3228350240964961
2.194,0.8448651172139429,1.341945069885441,1.2333993938902392,2.2114558111999316,0.8450355089831463,1.3425933132486834
2.196,0.8475644735482467,1.3635671148802864,1.2378748051342554,2.2377056220080416,0.8477590808647337,1.3617859407937136
2.198,0.8502814620766762,1.3781656255840993,1.242400744255883,2.262969560813806,0.8505198829565447,1.3804010459054883
2.2,0.8530059854273958,1.3956393058971848,1.2469752096954974,2.2872327198071,0.8533167370186271,1.3984270310411782
2.202,0.8562094581048892,1.4210188583626846,1.251596170979218,2.3104806418603667,0.8561484421545628,1.415852567967818
2.204,0.8587815911623236,1.4345966858716652,1.256261569636326,2.332699328553975,0.859013775361959,1.4326666036981108
2.206,0.8619286566893606,1.446680382578047,1.2609693201323955,2.353875248034719,0.8619114920946228,1.4488583663319312
2.208,0.8647519805964592,1.4639767793678593,1.2657173108178004,2.373995342702451,0.8648403268362229,1.4644173708000423
2.21,0.8676278960195427,1.483219159448835,1.27050340489124,2.3930470367198833,0.867798993685236,1.479333424506556
2.212,0.8703720533262553,1.4943825940560382,1.2753254413779214,2.4110182433406444,0.8707861869509694,1.4935966328666959
2.214,0.8738340238104783,1.5060615046859895,1.2801812361220228,2.42789737205073,0.8738005817604423,1.507197404736443
2.216,0.8768379180879596,1.5219045102038837,1.28506858279306,2.443673335518543,0.8768408346759037,1.5201264577306728
2.218,0.8799033590050217,1.5332318821696538,1.2899852539057575,2.458335556348775,0.8799055843227566,1.5323748234264247
2.22,0.8830993061061373,1.5398917587937182,1.2949290018530284,2.471873973635441,0.8829934520276524,1.5439338524479704
2.222,0.8863660331085919,1.5593734899475522,1.2998975599516474,2.4842790493094524,0.8861030424665132,1.5547952194303862
2.224,0.8893964610105005,1.5669995873953717,1.3048886435001996,2.4955417742761674,0.8892329443222299,1.564950927858368
2.226,0.8920674812556547,1.5741774689433836,1.3098999508488764,2.50565367433844,0.892381730951784,1.5743933147770628
2.228,0.8953529933874139,1.581961360891318,1.314929164480678,2.5146068159007573,0.8955479610625274,1.5831150553717337
2.23,0.8988910686052203,1.5895217355679727,1.3199739521035783,2.522393811450128,0.8987301793973537,1.5911091674131133
2.232,0.9018684190490206,1.5945718806235485,1.3250319677531972,2.5290078248094714,0.9019269174284844,1.5983690155653467
2.234,0.9050725688490316,1.605088004446301,1.3301008529055158,2.5344425761593317,0.9051366940595913,1.6048883155534668
2.236,0.9081846579758703,1.609240610443784,1.3351782375991634,2.5386923468238343,0.9083580163359661,1.6106611381873965
2.238,0.9119343019970799,1.613281212620762,1.3402617415667972,2.541751983816877,0.9115893801624452,1.615681913239518
2.24,0.9145868214211927,1.6183456839942127,1.3453489753750865,2.543616904144656,0.914829271028791,1.6199454331729017
2.242,0.9182836377227733,1.6276676291264065,1.3504375415728078,2.5442830988607077,0.9180761647422256,1.6234468567173428
2.244,0.921362706564219,1.6247641017778507,1.3555250358465474,2.5437471368697455,0.9213285281668064,1.6261817122904028
2.246,0.9244670492765545,1.6302918020913186,1.3606090481835007,2.5420061684766777,0.9245848199693278,1.6281459012607198
2.248,0.927629084435295,1.6322570244019212,1.3656871640408552,2.5390579286772867,0.9278434913714296,1.6293357010509006
2.25,0.9313541381398529,1.6299026619963173,1.3707569655212295,2.5349007401871564,0.9311029869075844,1.6297477680773738
2.2520000000000002,0.934458833598646,1.6308920427829101,1.3758160325536406,2.529533516205545,0.9343617451886337,1.629379140524648
2.254,0.9378969285467935,1.6261365558913596,1.3808619440794627,2.522955762911006,0.9376181996705366,1.6282272409514789
2.2560000000000002,0.9410749289974446,1.6255503158866162,1.385892279242834,2.5151675816856858,0.9408707794279897,1.6262898787265183
2.258,0.9439322852266641,1.6237800228825758,1.3909046185849647,2.5061696710653143,0.9441179099325718,1.6235652522910888
2.2600000000000002,0.947283088083469,1.6180847727467755,1.3958965452417889,2.495963328412061,0.9473580138350655,1.6200519512467944
2.262,0.9502380008313308,1.6138707982900062,1.4008656461444038,2.484550451307513,0.950589511751597,1.615748958265751
2.2640000000000002,0.9540692578326021,1.614584874262789,1.40580951322173,2.4719335386631878,0.9538108230532396,1.6106556508212997
2.266,0.9571183572082848,1.6071456167349418,1.4107257446048223,2.4581156915460842,0.9570203666587138,1.60477180273713
2.2680000000000002,0.960081161812352,1.5979429398449252,1.4156119458322562,2.4431006137169424,0.9602165618298195,1.5980975855528325
2.27,0.9634223428118087,1.5884681507714997,1.4204657310560143,2.4268926118789773,0.9633978289692274,1.5906335697039673
2.2720000000000002,0.9663325514091995,1.582569543222859,1.4252847242472844,2.4094965956350114,0.966562590420257,1.5823807255148248
2.274,0.9696131434224349,1.571204869063385,1.4300665604015865,2.3909180771510483,0.9697092712682613,1.5733404240021305
2.2760000000000002,0.972881516387425,1.56297631827604,1.4348088867426354,2.3711631705244804,0.9728363001432374,1.5635144374880383
2.278,0.9761142608280772,1.5528796759637333,1.439509363924346,2.3502385908552537,0.9759421100232791,1.5529049400208337
2.2800000000000002,0.978932920816913,1.5417513817851685,1.4441656672303829,2.3281516530184576,0.9790251390384829,1.5415145076018657
2.282,0.9820172330973518,1.5279877476119683,1.4487754877706567,2.304910270136958,0.9820838312749175,1.5293461182173063
2.2840000000000003,0.9850039922192584,1.5178756622122593,1.4533365336741624,2.2805229517528254,0.9851166375782644,1.5164031516734349
2.286,0.9882190043065815,1.5052312190254986,1.4578465312775553,2.254998801696466,0.9881220163567329,1.5026893892342321
2.2880000000000003,0.990727449841275,1.4873876519967744,1.4623032263088602,2.2283475156525197,0.9910984343828533,1.4882090130601646
2.29,0.9939289867811395,1.473270155133767,1.4667043850657036,2.2005793784217182,0.9940443675937476,1.472966605447135
2.2920000000000003,0.9968353145369178,1.4558957031588777,1.4710477955874597,2.1717052608780825,0.996958301889477,1.4569671478646709
2.294,0.999962672141708,1.4405217592901594,1.4753312688207016,2.141736616620961,0.999838733929062,1.4402160197925198
2.2960000000000003,1.0024181302043558,1.4253319385598586,1.4795526397773449,2.11068547832159,1.0026841719237718,1.4227189973549261
2.298,1.0056595939388688,1.4032723406839969,1.4837097686848728,2.0785644537640087,1.0054931364272757,1.4044822517519513
2.3000000000000003,1.0083973879034436,1.3839738192963167,1.4878005421280334,2.045386721580317,1.0082641611222503,1.3855123474873163
2.302,1.0111877545708183,1.365305871702875,1.4918228741813941,2.0111660266804314,1.010995793603035,1.3658162403923382
2.3040000000000003,1.013492685940488,1.3445735566318686,1.4957747075321475,1.9759166753766548,1.0136865961539263,1.34540127544564
2.306,1.0161484614788678,1.3245708460212764,1.4996540145925545,1.939653530203539,1.016335146522703,1.324275184388419
2.308,1.0189413486988816,1.3024216555152721,1.5034587986014218,1.9023920044336868,1.0189400386889733,1.3024460831351643
2.31,1.0213546419775381,1.2724965436478102,1.5071870947140025,1.8641480562903041,1.021499883626933,1.2799224689798179
2.312,1.0239977350127805,1.252808942766903,1.5108369710797174,1.8249381828574784,1.0240133100621278,1.2567132175974918
2.314,1.0264934203790734,1.2349689970013324,1.5144065299070961,1.7847794136893362,1.0264789652218118,1.2328275798419512
2.316,1.0289156524773397,1.2073674472417522,1.517893908515335,1.7436893041193882,1.0288955155784902,1.2082751783391896
2.318,1.0311907560924565,1.1826620065487286,1.521297280371878,1.7016859282715553,1.0312616475862453,1.1830660038775351
2.32,1.0334310096795487,1.1558956167711159,1.5246148561154271,1.6587878717745255,1.0335760684094348,1.1572104115948312
2.322,1.0356172032617879,1.1329385494752302,1.5278448845637898,1.6150142241812748,1.0358375066433616,1.1307191169633544
2.324,1.038005744377073,1.1053488312925575,1.5309856537059812,1.5703845710957491,1.038044713026508,1.10360319157324
2.326,1.0401102384377459,1.0758411427722774,1.534035491677999,1.5249189860088783,1.0401964611439387,1.0758740587153026
2.328,1.0422208832160857,1.0482812216739132,1.5369927677216915,1.4786380218462671,1.0422915481214672,1.04754348876425
2.33,1.0444571361282347,1.0189040353866285,1.5398558931261517,1.4315627022300836,1.044328795310194,1.0186235943634068
2.332,1.0461348787351452,0.98735657761366,1.5426233221510672,1.3837145124578272,1.0463070489610184,0.9891268254121719
2.334,1.0485191638907236,0.9582838321177793,1.5452935529314689,1.3351153902008468,1.0482251808887335,0.9590659638575617
2.336,1.0499855493534116,0.9311500149756177,1.5478651283633202,1.2857877159256392,1.0500820891253162,0.9284541182912889
2.338,1.0520554583984536,0.8981258679103574,1.5503366369694025,1.2357543030411395,1.051876698562024,0.8973047183539596
2.34,1.0534887513150146,0.870078622466789,1.5527067137449533,1.1850383877753827,1.05360796157992,0.8656315089480737
2.342,1.0553135776988483,0.8342701305716674,1.5549740409825235,1.1336636187850904,1.0552748586684433,0.8334485442616392
2.344,1.056801730407184,0.7976557312091918,1.5571373490755274,1.081654046501904,1.0568763990316519,0.8007701816043185
2.346,1.05810362210211,0.7681253971823653,1.5591954172999658,1.029034112219168,1.0584116211817682,0.7676110750581487
2.348,1.059916285177685,0.7331923916250854,1.5611470745738125,0.9758286369233182,1.059879593519658,0.733986168944985
2.35,1.061002747366757,0.6966991011018164,1.5629912001935609,0.9220628098741228,1.061279414901884,0.6999106911129407
2.352,1.0625016280557271,0.662144775774689,1.5647267245474372,0.8677621769381703,1.0626102151939725,0.6654001460442053
2.354,1.0640072052711544,0.6324173372501244,1.5663526298047976,0.8129526286801866,1.063871155809546,0.6304703077867472
2.356,1.0655827558015978,0.5965200174105137,1.5678679505812314,0.7576603882169125,1.065061430234971,0.5951372127125303
2.358,1.06601643394557,0.5572841188101166,1.5692717745789082,0.7019119988384533,1.0661802645391811,0.5594171521050542
2.36,1.0664904997422726,0.5217309684805314,1.5705632432017125,0.6457343114021683,1.06722691786834,0.5233266645793918
2.362,1.0681183706976058,0.4883956710152644,1.571741552144721,0.5891544715043623,1.0682006829250184,0.4868825283391533
2.364,1.0691754102837059,0.45083908948477164,1.5728059519575919,0.5321999064354186,1.069100886431578,0.4501017532799028
2.366,1.0699209057400374,0.41386680322378444,1.5737557485814446,0.47489831192640314,1.06992688957752,0.4130015729710186
2.368,1.0709179507952433,0.372995534000517,1.5745903038588795,0.41727763871750256,1.0706780884508182,0.375599436649074
2.37,1.0712118126463566,0.33464390104640107,1.5753090360172863,0.35936607920337704,1.0713539144544526,0.3379130018171485
2.372,1.0722259045397797,0.3020436154949261,1.5759114201307007,0.3011920567071804,1.0719538347147957,0.2999601301714834
2.374,1.0725750895282355,0.2588330060308608,1.5763969886179967,0.24278424364801995,1.0724773525137439,0.26175889947410125
2.376,1.0729047817510013,0.2223107686619032,1.5767653323815163,0.18417188175975077,1.0729240078945959,0.22332769042601525
2.378,1.073254595881226,0.1837426043440313,1.5770161089100903,0.1253882642870259,1.0732933791487225,0.18468562706329822
2.38,1.0736329581811863,0.1444788926233023,1.5771491233534474,0.06650722167858222,1.0735850885327263,0.14585469200195225
2.382,1.0739124109562777,0.10674740913071387,1.577165114559042,0.007995602797335681,1.073798828104917,0.10686978609530595
2.384,1.0738172898021907,0.06698038405391604,1.577069789210471,-0.04766267428544515,1.0739344796459624,0.06782577052283348
2.386,1.0738446915719437,0.030079776841510017,1.5768704040603478,-0.09969257506159979,1.073992635958604,0.02907815632083568
2.388,1.0738608912365988,-0.008222679474024384,1.576568556246386,-0.1509239069809265,1.073976201561378,-0.008217198612938778
2.39,1.0737505090958335,-0.046067263782906084,1.576164298335711,-0.202128955337572,1.0738910854465997,-0.042558057389203534
2.392,1.0738598810080777,-0.07728119628861144,1.5756575139027091,-0.2533922165009051,1.0737417535135243,-0.07466596653766339
2.394,1.073601618277886,-0.10559671584782526,1.5750481188256868,-0.3046975385111028,1.0735298236127215,-0.10596495040137105
2.396,1.0728594931146742,-0.13943250379398534,1.5743360878533872,-0.3560154861497843,1.073255637640812,-0.13709298595476357
2.398,1.072750528669699,-0.17031693864775388,1.5735214580657328,-0.40731489382718394,1.072919146924193,-0.1682453583095551
2.4,1.072217179715934,-0.19839727595970766,1.5726043293130916,-0.4585643763206544,1.0725202142156605,-0.1994663542662322
2.402,1.071943398681931,-0.23037566927075492,1.5715848642387946,-0.509732537148508,1.072058705704778,-0.2307542554412903
2.404,1.0713802602854463,-0.26185823584720586,1.5704632882205736,-0.560788009110572,1.071534518139544,-0.2620937826169525
2.406,1.0707284843253322,-0.293876769040573,1.5692398892739374,-0.6116994733181215,1.0709475867299407,-0.29346570480160883
2.408,1.07034470129151,-0.3251010406204657,1.5679150179229007,-0.6624356755183552,1.0702978874397036,-0.3248496451185593
2.41,1.0694238090268509,-0.35872386239317106,1.5664890870386612,-0.7129654421197418,1.0695854376419662,-0.35622489886870917
2.412,1.0687729957369887,-0.3871910736803203,1.564962571646222,-0.7632576962194905,1.0688102962896875,-0.3875706761393941
2.414,1.0678494738870363,-0.420700324453687,1.5633360086988937,-0.8132814736642691,1.0679725639320754,-0.4188661788060508
2.416,1.0671089185844571,-0.44540843875173003,1.5616099968206125,-0.8630059391405352,1.0670723826718875,-0.4500906300939088
2.418,1.0659769278570512,-0.4808173835263898,1.5597851960160398,-0.9124004022863065,1.0661099360906652,-0.4812232906111353
2.42,1.065087903105926,-0.5176308014985661,1.5578623273484087,-0.9614343338155464,1.0650854491495674,-0.5122434705488902
2.422,1.0639504524025984,-0.5447853253234606,1.5558421725851164,-1.010077381646195,1.0639991880679467,-0.5431305408103547
2.424,1.063054430445301,-0.5746015141377441,1.5537255738110707,-1.0582993870227968,1.0628514601802441,-0.5738639438513167
2.426,1.061412703388649,-0.6050781480057403,1.5515134330098215,-1.1060704006246158,1.0616426137713424,-0.6044232044508481
2.428,1.0603315333310361,-0.6361145263640082,1.5492067116125214,-1.1533606986500677,1.0603730378904024,-0.6347879404700434
2.43,1.0589574206621999,-0.6678422703378654,1.546806430014785,-1.20014079886825,1.0590431621431802,-0.6649378736110682
2.432,1.0575328251673168,-0.6934873349327351,1.5443136670615285,-1.2463814766282983,1.0576534564628288,-0.694852840175719
2.434,1.0565223326008497,-0.7232758257558547,1.541729559499894,-1.2920537808172594,1.056204430859191,-0.7245128018189475
2.436,1.0546747557950513,-0.7516970296058357,1.5390553014003798,-1.3371290497571284,1.0546966351466076,-0.7538978562916989
2.438,1.0532578986928154,-0.7798183457214927,1.5362921435463164,-1.3815789270316685,1.0531306586502736,-0.7829882481670783
2.44,1.051646780821038,-0.8121493824403293,1.533441392791849,-1.4253753772336022,1.051507129891186,-0.8117643795437315
2.442,1.049801243188263,-0.8399896697559397,1.5305044113886037,-1.4684907016227415,1.0498267162497454,-0.8402068207202735
2.444,1.0480731219477823,-0.8680291371493511,1.5274826162812325,-1.5108975536856066,1.0480901236080764,-0.8682963208345629
2.446,1.0460639284614102,-0.9003472148323668,1.5243774783720583,-1.5525689545870707,1.0462980959711532,-0.8960138184615903
2.448,1.0442391592786917,-0.9275116789293728,1.5211905217550492,-1.5934783085045636,1.0444514150668258,-0.9233404521637316
2.45,1.0424863465886711,-0.9503610441592423,1.5179233229193785,-1.6335994178353643,1.0425508999248516,-0.9502575709870941
2.452,1.0401839338229362,-0.9754766854386585,1.5145775099228433,-1.6729064982675186,1.0405974064350563,-0.9767467448976733
2.454,1.0386866401136676,-1.0026984098839564,1.5111547615354335,-1.7113741937049272,1.0385918268847543,-1.0027897751510266
2.456,1.0367898749120315,-1.024720091443662,1.507656806353359,-1.7489775910371659,1.036535089475576,-1.0283687045891585
2.458,1.034108032389877,-1.0514818209743702,1.5040854218838697,-1.7856922347446222,1.0344281578198593,-1.0534658278583178
2.46,1.0322811045972253,-1.0773114442746892,1.5004424336012105,-1.8214941413295571,1.0322720304167765,-1.078063701541396
2.462,1.0301753749323321,-1.103663131931854,1.4967297139740832,-1.8563598135637371,1.0300677401083793,-1.1021451541986318
2.464,1.0276184740085663,-1.1274218110200183,1.4929491814649964,-1.890266254543318,1.0278163535157587,-1.125693296310323
2.466,1.0252884430506928,-1.1489595083913702,1.489102799501913,-1.9231909815417085,1.025518970455528,-1.148691530115268
2.468,1.0228066776078948,-1.1732819966667447,1.4851925754226107,-1.9551120396511898,1.0231767233368507,-1.1711235593386693
2.47,1.0208264748192781,-1.1931785654672717,1.4812205593922025,-1.9860080152041264,1.0207907765392443,-1.19297339880325
2.472,1.0183589899153624,-1.21806362310799,1.4771888432942732,-2.0158580489646627,1.0183623257714096,-1.2142253839173618
2.474,1.015655787141927,-1.2360314263174539,1.4730995595961096,-2.044641849081873,1.0158925974113417,-1.234864180033883
2.476,1.0133092086209068,-1.2561006369449943,1.4689548801885188,-2.0723397037953992,1.0133828478279943,-1.2548747916737444
2.478,1.0109407587730157,-1.274409457352921,1.4647570152007494,-2.098932493884699,1.0108343626847784,-1.274242571607946
2.48,1.0081715171038848,-1.2929737116285254,1.4605082117910433,-2.124401704853106,1.0082484562251945,-1.2929532297919741
2.482,1.0056876358005458,-1.3119810219776336,1.4562107529133672,-2.148729438838001,1.0056264705409015,-1.3109928421465677
2.484,1.0031137368254017,-1.3274702036506376,1.4518669560608903,-2.171898426238489,1.002969774822544,-1.3283478591788265
2.486,1.0002299749963488,-1.3449617569788637,1.447479171986786,-2.193892037052078,1.0002797645936685,-1.3450051144377095
2.488,0.9975812489620566,-1.3589589372036537,1.443049783402962,-2.21469429191197,0.9975578609280724,-1.3609518327980241
2.49,0.9949138708710787,-1.3754596834235628,1.4385812036573287,-2.2342898728166936,0.9948055096509383,-1.3761756385670632
2.492,0.9921187125127032,-1.390461583271491,1.4340758753902407,-2.2526641335439135,0.9920241805241221,-1.390664563408111
2.494,0.9893849891166884,-1.4044920554594156,1.4295362691707598,-2.2698031097404003,0.9892153664159719,-1.4044070540751088
2.496,0.9858846194433017,-1.4147461241556702,1.4249648821133993,-2.285693528680267,0.9863805824560662,-1.4173919799528336
2.498,0.983461944061137,-1.4319788842474899,1.4203642364760318,-2.3003228186837115,0.9835213651752721,-1.429608640397026
2.5,0.9805185829400737,-1.4428407481588463,1.4157368782396544,-2.313679118188671,0.9806392716315342,-1.4410467718689748
2.5020000000000002,0.9780748273207824,-1.4507257488036867,1.4110853756707187,-2.3257512844679176,0.9777358785218159,-1.4516965548591543
2.504,0.9744179002897537,-1.4604791306272666,1.40641231786675,-2.336528901984304,0.9748127812806267,-1.4615486205945913
2.5060000000000002,0.9717106641723898,-1.4667816139924927,1.401720313285996,-2.3460022903770223,0.9718715931655771,-1.4705940575247325
2.508,0.96862218519993,-1.4833378807099358,1.3970119882618521,-2.3541625120719,0.9689139443304158,-1.4788244175806726
2.5100000000000002,0.965873399570656,-1.486945447317648,1.3922899855028343,-2.361001379508948,0.9659414808860104,-1.4862317222027108
2.512,0.962791259830534,-1.497106856920645,1.3875569625788733,-2.366511461980536,0.9629558639497479,-1.492808468131291
2.5140000000000002,0.9599628153561672,-1.4952150554973078,1.3828155903947257,-2.3706860920737722,0.9599587686838349,-1.4985476329565008
2.516,0.9564887337764988,-1.5011124992491016,1.378068551651304,-2.3735193717108416,0.9569518833229921,-1.5034426804214043
2.5180000000000002,0.9537418043716449,-1.502799914298022,1.3733185392957414,-2.3750061777812617,0.9539369081920429,-1.5074875654746012
2.52,0.9509213790865443,-1.5110608090732915,1.368568254961021,-2.375142167360211,0.9509155547139079,-1.5106767390675209
2.5220000000000002,0.9480292309082153,-1.5119594167469832,1.3638204073960063,-2.3739237825072963,0.9478895444085237,-1.5130051526920807
2.524,0.9446607184992217,-1.5130519964231204,1.3590777108867256,-2.3713482546403277,0.9448606078832148,-1.5144682626544606
2.5260000000000002,0.94164694263076,-1.518640920728879,1.3543428836697677,-2.3674136084789,0.9418304838150531,-1.5150620340808783
2.528,0.9391258352749001,-1.5154816504906183,1.3496186463386621,-2.3621186655527864,0.9388009179257504,-1.5147829446513754
2.5300000000000002,0.9355704639718205,-1.512947588021386,1.3449077202441213,-2.355463047270389,0.9357736619496348,-1.5136279880577652
2.532,0.9323571622182237,-1.5142962483761928,1.3402128258890358,-2.3474471775427146,0.9327504725952708,-1.5115946771820257
2.5340000000000003,0.9295518138776914,-1.5097121296577694,1.3355366813191185,-2.3380722849585838,0.9297331105012876,-1.5086810469915697
2.536,0.92665637233846,-1.5026292514449382,1.3308820005101045,-2.3273404045070154,0.9267233391869917,-1.5048856571479643
2.5380000000000003,0.9235468026681778,-1.4992076136334629,1.3262514917524186,-2.315254378842988,0.92372292399834,-1.5002075943258228
2.54,0.9207726594161657,-1.496796974173075,1.3216478560342326,-2.301817859093011,0.9207336310498625,-1.4946464742387426
2.5420000000000003,0.9177216788754412,-1.4900666773218068,1.3170737854238381,-2.2870353051972083,0.9177572261631238,-1.488202443369321
2.544,0.9149270646045051,-1.4799412578753957,1.3125319614522684,-2.270911985784859,0.914795473802323,-1.4808761804004338
2.5460000000000003,0.9117723050549958,-1.4753197110434846,1.3080250534971072,-2.2534539775806217,0.9118501360076327,-1.4726688973451283
2.548,0.9088651028294678,-1.4650837573835866,1.3035557171684293,-2.2346681643389132,0.9089229713268874,-1.463582340372641
2.5500000000000003,0.9060759335917885,-1.4538205348610247,1.2991265926978208,-2.2145622353041983,0.9060157337462309,-1.4536187903282234
2.552,0.9028867928357237,-1.440888621903421,1.2947403033314304,-2.193144683195208,0.9031301716203417,-1.442781062944623
2.5540000000000003,0.9003315160171422,-1.432212966508742,1.2903994537280077,-2.170424801711399,0.9002680266028552,-1.4310725087432432
2.556,0.8975827227643753,-1.419042692230313,1.2861066283628872,-2.146412682560217,0.8974310325776088,-1.4184970126231804
2.5580000000000003,0.8944784815545002,-1.4047550581336261,1.281864389938879,-2.121119212004042,0.8946209145913357,-1.4050589931365134
2.56,0.8916083819506244,-1.391584867991585,1.277675277805027,-2.094556066925959,0.891839387788439,-1.3907634014484012
2.562,0.8889757165212051,-1.3724875960111647,1.2735418063841994,-2.06673571041379,0.8890881563484775,-1.3756157199807266
2.564,0.886588645551627,-1.3600661272547536,1.269466463610475,-2.037671386862127,0.8863689124270011,-1.3596219607382112
2.566,0.88392538556017,-1.342795369085091,1.2654517093772903,-2.0073771165923793,0.8836833351003689,-1.3427886633161097
2.568,0.8810293412542726,-1.3232692910094948,1.261499973997308,-1.9758676899911678,0.8810330893151913,-1.3251228925887846
2.57,0.8783985568409973,-1.3017085570680975,1.2576136566749727,-1.9431586611676772,0.878419824843034,-1.3066322360786538
2.572,0.8758143678960454,-1.2896194997706618,1.253795123992711,-1.909266341130897,0.8758451752410237,-1.2873248010051899
2.574,0.873492590299974,-1.2679253910504698,1.250046708411735,-1.874207790487968,0.873310756818996,-1.2672092110138555
2.576,0.8706782806770063,-1.2521622266646106,1.2463707067884047,-1.8380008116651705,0.8708181676138258,-1.2462946025850477
2.578,0.8684904018991327,-1.2228299137437202,1.242769378907098,-1.8006639406533869,0.8683689863715791,-1.2245906211233215
2.58,0.8660460582084873,-1.2000183909011666,1.2392449460305375,-1.7622164382801813,0.8659647715381243,-1.2021074167273718
2.582,0.8638670249574483,-1.178806702192481,1.2357995894685156,-1.7226782810109509,0.8636070602588415,-1.17885563964144
2.584,0.8614069553352371,-1.1561841202347316,1.232435449165952,-1.6820701512819105,0.8612973673880634,-1.154846435389028
2.586,0.8588888076777008,-1.1278185402761538,1.229154622311216,-1.6404134273679807,0.8590371845088834,-1.1300914395899904
2.588,0.8568289253305471,-1.1071005052149987,1.225959161965638,-1.597730172788967,0.8568279789639589,-1.104602772462296
2.59,0.8546665386830407,-1.0785797017031964,1.2228510757151225,-1.5540431252577214,0.854671192897939,-1.0783930330099385
2.592,0.8523279680669511,-1.0504171668745963,1.219832324344774,-1.5093756851742979,0.8525682423121417,-1.051475292898696
2.594,0.850363474593255,-1.0268037755909238,1.216904820537433,-1.4637519036704152,0.8505205161320984,-1.0238630900216328
2.596,0.8482314265985651,-0.9918206990735923,1.2140704275970153,-1.4171964702088646,0.8485293752885855,-0.9955704217564575
2.598,0.8462178940362295,-0.9659433130480253,1.2113309581975298,-1.3697346997427955,0.8465961518127514,-0.9666117379170408
2.6,0.8447693563551605,-0.9354889454854904,1.2086881731586494,-1.3213925194401395,0.8447221479459481,-0.9370019334016243
2.602,0.8425892316641911,-0.9071526645286846,1.2061437802486918,-1.2721964549787277,0.8429086352648673,-0.9067563405404382
2.604,0.8411112323978998,-0.8740310530014125,1.203699433015856,-1.222173616417979,0.8411568538225759,-0.8758907211456711
2.606,0.8392657725759011,-0.8464761043743977,1.2013567296485492,-1.1713516836533298,0.839468011306042,-0.8444212582669285
2.608,0.8379711210829788,-0.8098689272065747,1.1991172118656295,-1.119758891459895,0.8378432822107309,-0.812364547655533
2.61,0.8362857433686155,-0.7806562821839048,1.1969823638373651,-1.067424014132147,0.8362838070328484,-0.7797375889412181
2.612,0.8348005912495103,-0.7460263480833372,1.1949536111379118,-1.0143763497267015,0.8347906914797985,-0.7465577765249798
2.614,0.8334617330555849,-0.7150140249714756,1.1930323197300805,-0.960645703915606,0.8333650056994144,-0.7128428901920483
2.616,0.8319609207703457,-0.6785874799117355,1.1912197949831649,-0.9062623734578156,0.8320077835285161,-0.6786110854491543
2.618,0.8304286835714164,-0.643092854287208,1.1895172807245713,-0.8512571292968439,0.8307200217613352,-0.643880883590462
2.62,0.8294410057367162,-0.6091197897369497,1.1879259583259856,-0.7956611992928675,0.8295026794383417,-0.6086711614967569
2.622,0.8283680012392659,-0.5754509341473222,1.18644694582479,-0.7395062505978467,0.8283566771559963,-0.5730011411727061
2.624,0.8272050941072346,-0.535623683378284,1.1850812970814248,-0.682824371682525,0.8272828963979415,-0.5368903790273648
2.626,0.8262727491002319,-0.49778561306726266,1.183830000973376,-0.6256480540244437,0.8262821788881336,-0.5003587549039566
2.628,0.8250497442040184,-0.46600516572519524,1.1826939806264432,-0.5680101734664528,0.8253553259663974,-0.46342646086810474
2.63,0.8244864606362492,-0.4247495104537608,1.181674092683931,-0.5099439712560077,0.824503097986843,-0.4261139897772138
2.632,0.8240866708762558,-0.3867372601561831,1.1807711266143683,-0.45148303478141905,0.8237262137394131,-0.38844212371493114
2.634,0.8227880315052472,-0.3483304169798753,1.179985804058208,-0.3926612780801515,0.8230253498940978,-0.35043192265767037
2.636,0.8221705008928499,-0.31456879305218927,1.1793187782125722,-0.33351292281792333,0.8224011404639647,-0.31210471506655524
2.638,0.8223155350572228,-0.2723043698006991,1.178770633238292,-0.2740724871401761,0.8218541762671993,-0.27348209838276055
2.64,0.821468622816122,-0.23291399525448755,1.178341883513035,-0.2143748626283859,0.8213850042922395,-0.23458598747991072
2.642,0.821298298293534,-0.1943066624893366,1.1780329707968933,-0.15445635807091662,0.8209941265035563,-0.19543889434159056
2.644,0.8208684586707756,-0.15753650493813934,1.1778442380306193,-0.09436638313701468,0.820681995846649,-0.15606532845364823
2.646,0.8201146949406457,-0.11304284872168083,1.1777756510175845,-0.03429350651737915,0.8204489985457599,-0.11649865044457575
2.648,0.8205357113612458,-0.07517240896504578,1.1778244611788424,0.024405080628907137,0.8202953701344738,-0.07681420564306235
2.65,0.820212651424373,-0.036318293778317495,1.1779821776733623,0.07885824725999807,0.8202208103056312,-0.037279914421329274
2.652,0.8200333159614547,0.004832337556315286,1.1782451864491912,0.13150438791441338,0.8202231050462478,0.001147370308292442
2.654,0.8203773714290967,0.03833532038343871,1.1786131191413862,0.1839663460975302,0.8202966483876177,0.03677167068496588
2.656,0.8204615067244048,0.07243902803273984,1.1790860583339418,0.23646959627780334,0.8204363181794359,0.0698348959090476
2.658,0.8206920212179498,0.10385996307249463,1.1796640782659937,0.2890099660260246,0.8206400965438817,0.10188918222291019
2.66,0.8206255748414535,0.13519049522263205,1.180347186098591,0.34155391629864534,0.8209075218463051,0.1337126512116909
2.662,0.821628766153065,0.16494537120194253,1.181135314650173,0.39406427579106257,0.8212386113348649,0.16554474427988644
2.664,0.8215612746615988,0.19964117963124486,1.1820283215352716,0.4465034425492197,0.8216334886811137,0.19743867312442331
2.666,0.8222380855423872,0.23104109117692506,1.1830259891282493,0.49883379648882875,0.8220922725542393,0.22939193656276932
2.668,0.8222466421497578,0.2627721071103674,1.1841280246676824,0.5510177697165685,0.8226150445972589,0.2613860215097592
2.67,0.8229209541768306,0.29211403487080584,1.1853340604178044,0.6030178750610313,0.8232018403526687,0.29339787770493375
2.672,0.8239188043854361,0.3251606259457307,1.1866436538769116,0.6547967295535578,0.8238526467169421,0.325403182136672
2.674,0.8246865391577688,0.3640067507929279,1.1880562880315806,0.7063170773344669,0.8245674012519718,0.35737726751485
2.676,0.8254592771535026,0.3910589894392946,1.1895713716566179,0.7575418125186778,0.8253459920374285,0.3892953927283693
2.678,0.8259675675799736,0.42015003762273784,1.1911882396607643,0.8084340020731892,0.8261882576955368,0.42113282905417315
2.68,0.8268402883519591,0.45208863507912456,1.192906153478164,0.858956908699887,0.8270939874855415,0.45286489500234295
2.682,0.8278041547994747,0.48342286066155765,1.1947243015055837,0.9090740137098275,0.8280629214393377,0.48446697689806173
2.684,0.8290131141778021,0.5141755193665779,1.196641799585332,0.958749039874158,0.82909475053038,0.5159145455211585
2.686,0.8298659044545167,0.5447097378725828,1.1986576915338052,1.0079459742366406,0.8301891168737064,0.54718317166327
2.688,0.8313974799136183,0.5786054012779079,1.2007709497155505,1.0566290908726579,0.8313456139564849,0.5782485413892416
2.69,0.8327305081594821,0.611401079776764,1.2029804756627096,1.1047629735795084,0.8325637868989127,0.6090864712139448
2.692,0.8337369672976238,0.6412275812461625,1.205285100739675,1.1523125384827446,0.8338431327454048,0.6396729232460227
2.694,0.8348573667664182,0.6747539439320546,1.2076835868527616,1.1992430565432581,0.8351831007860162,0.669984020305717
2.696,0.836784931126874,0.6997596288629521,1.2101746272046612,1.2455201759497811,0.8365830929080393,0.6999960610115589
2.698,0.8377729491146746,0.7306294643838278,1.212756847093424,1.2911099443814438,0.8380424639776938,0.729685534827232
2.7,0.8391499814839,0.7576449891784518,1.215428804755674,1.3359788311250131,0.8395605222518115,0.7590291370589125
2.702,0.8412500862598852,0.7883201772440547,1.218188992253737,1.3800937490314287,0.8411365298193977,0.7880037837930871
2.704,0.842635628924862,0.8186450406314593,1.2210358364063296,1.423422076296257,0.8427697030729272,0.8165866267647465
2.706,0.8442159027283223,0.8454732309668661,1.223967699762427,1.4659316780486986,0.8444592132092188,0.8447550681458075
2.708,0.8460693079063625,0.8709329971506032,1.2269828816178945,1.5075909277338062,0.846204186759706,0.8724867752435972
2.71,0.8480613505988949,0.8979074612692791,1.2300796190744396,1.5483687282726073,0.8480037061499044,0.8997596950992214
2.712,0.8502024297441947,0.9255090700794876,1.2332560881404093,1.588234532984871,0.8498568102878556,0.9265520689756382
2.714,0.8521259167016224,0.9507741837122466,1.2365104048729278,1.6271583662593128,0.8517624951813062,0.9528424467252639
2.716,0.8538065888762608,0.9763237924005045,1.2398406265608402,1.6651108439560993,0.85371971458336,0.9786097010269478
2.718,0.8554250554414072,1.004259565880365,1.2432447529478934,1.7020631935265933,0.8557273806663244,1.0038330414821761
2.72,0.8578859772815861,1.0260447803733972,1.246720727495564,1.7379872738353659,0.8577843647234451,1.0284920285603885
2.722,0.8600926195457937,1.0510671103743279,1.2502664386849032,1.772855594669603,0.8598894978982118,1.0525665873833234
2.724,0.8620342895726745,1.0768870088740228,1.2538797213567454,1.8066413359211442,0.8620415719408885,1.0760370213383545
2.726,0.864324920202522,1.0953737913850854,1.2575583580895984,1.8393183664265107,0.8642393399919102,1.09888402551082
2.728,0.8667720349667073,1.122292874663762,1.2613000806144992,1.8708612624504155,0.8664815173917609,1.121088699925411
2.73,0.8686486208936037,1.1406602655076388,1.265102571266096,1.9012453257983857,0.8687667825169344,1.1426325625867357
2.732,0.8707220636944647,1.1608463588399205,1.2689634644691845,1.9304466015442867,0.8710937776415529,1.1634975623092594
2.734,0.8735373328215034,1.1830514161134245,1.2728803482599018,1.9584418953586997,0.8734611098242067,1.1836660913268837
2.736,0.8756084108951359,1.2021306097691065,1.2768507658407504,1.985208790424281,0.8758673518195517,1.2031209976725217
2.738,0.8785913471100355,1.2212439086235816,1.2808722171685993,2.010725663924413,0.8783110430141878,1.2218455973181097
2.74,0.8806413943144652,1.2425808929477637,1.2849421605747826,2.0349717030916668,0.8807906903863191,1.2398236860656033
2.742,0.8833648463426408,1.2571805819656674,1.2890580144163881,2.0579269208027884,0.8833047694886783,1.2570395511795995
2.744,0.885697965731935,1.270422231660058,1.2932171587578025,2.079572170707152,0.885851725454183,1.2734779827523515
2.746,0.8881637537459852,1.288209146625237,1.2974169370815543,2.099889161875849,0.8884299740237671,1.2891242847920532
2.748,0.8909619508805423,1.3047193697379351,1.301654658027472,2.118860472958817,0.8910379025958179,1.3039642860254053
2.75,0.8937522766652347,1.3184696926904704,1.3059275971591473,2.136469565837678,0.8936738712966291,1.3179843504056012
2.7520000000000002,0.8963484211385204,1.329192809479827,1.3102329987566717,2.1527007987621958,0.8963362140712632,1.3311713873170226
2.754,0.8985604811774016,1.3425046126223787,1.3145680776345887,2.167539438958554,0.8990232397941993,1.3435128614680718
2.7560000000000002,0.9015106570854241,1.3537221281038054,1.3189300209839845,2.1809716746979277,0.9017332333991268,1.3549968024637369
2.758,0.9043778551400491,1.363152288361856,1.3233159902376128,2.192984626814112,0.9044644570272261,1.3656118140496338
2.7600000000000002,0.9069614076494765,1.3751712652422028,1.3277231229569313,2.2035663596592854,0.907215151193265,1.3753470830194532
2.762,0.9099750925141347,1.3829023413356536,1.3321485347399058,2.212705891487277,0.9099835359688209,1.384192387777907
2.7640000000000002,0.9128359097899903,1.391718273891599,1.336589321148414,2.220393204254058,0.9127678121819238,1.3921381065514569
2.766,0.9153306529760952,1.3992728700194796,1.341042559654065,2.2266192528254765,0.9155661626324024,1.399175225239298
2.7680000000000002,0.9187217355152384,1.403958749917657,1.34550531160123,2.231375973582623,0.9183767533221969,1.4052953448972674
2.77,0.9213994826978086,1.4132565267343506,1.3499746241860613,2.2346562924155497,0.921197734699892,1.4104906888475472
2.7720000000000002,0.9242954098012525,1.4131161104165872,1.354447532450254,2.2364541320964335,0.9240272429187064,1.4147541094072502
2.774,0.9272350187716333,1.4183159510808343,1.3589210612883014,2.2367644190236318,0.9268634011071648,1.4180790942291832
2.7760000000000002,0.9296221077018284,1.4200000530755528,1.3633922274669583,2.235583089328475,0.9297043206516614,1.420459772248315
2.778,0.9326369574320515,1.4219908755296262,1.3678580416556323,2.2329070943370035,0.9325481024901168,1.4218909192276974
2.7800000000000002,0.9353259879535121,1.4249294606097118,1.3723155104663909,2.2287344053792766,0.9353928384159125,1.4223679628978314
2.782,0.9380605703727525,1.4197915208011864,1.3767616385022694,2.223064017939256,0.9382366123912799,1.4218869876837015
2.7840000000000003,0.9412046077910678,1.4218391268769428,1.3811934304125468,2.2158959551387047,0.9410775018693078,1.4204447390139607
2.786,0.9441008263827855,1.4158776527175527,1.3856078929536446,2.2072312705489425,0.9439135791237218,1.4180386272069907
2.7880000000000003,0.9469276016408248,1.4156102793156184,1.390002037054294,2.1970720503247314,0.9467429125855794,1.4146667309288288
2.79,0.949884444885372,1.4078066493058865,1.3943728798836041,2.1854214146549986,0.9495635681860158,1.4103278002182114
2.7920000000000003,0.9523855627270085,1.4044372946811219,1.3987174469206551,2.1722835185255462,0.9523736107041644,1.4050212590742592
2.794,0.9548213893550292,1.3972841651975376,1.4030327740242339,2.157663551789341,0.9551711051193695,1.398747207602598
2.7960000000000003,0.958147692423791,1.3905306057023088,1.4073159095013148,2.141567738540434,0.9579541179668015,1.3915064237159942
2.798,0.9605442753536979,1.3849941553127092,1.4115639161728908,2.1240033357880197,0.9607207186955733,1.3833003643858655
2.8000000000000003,0.963634736978656,1.3760569585528803,1.4157738734357461,2.1049786314276147,0.9634689810284559,1.3741311664413194
2.802,0.9660069201750217,1.3638325855144362,1.4199428793187596,2.084502941506795,0.9661969843222812,1.364001646912665
2.8040000000000003,0.9690767041971063,1.3515446913391227,1.4240680525323264,2.062586606783431,0.9689028149281145,1.352915302916641
2.806,0.9714023301911486,1.3424684920487249,1.428146534509476,2.039240988574817,0.9715845675502763,1.3408763110809079
2.8080000000000003,0.9745203046741148,1.3255151054819267,1.432175491437269,2.014478463896599,0.9742403466032876,1.327889526505661
2.81,0.9763160891800694,1.310983331022391,1.4361521162770507,1.988312419890885,0.9768682675658087,1.313960481260523
2.8120000000000003,0.9792311370812429,1.2987370005104757,1.4400736307721376,1.9607572475434276,0.9794664583306391,1.2990953824152025
2.814,0.9821232200059515,1.2829182943816855,1.4439372874415182,1.9318283346902587,0.9820330605498445,1.2833011096027098
2.816,0.9843929589296547,1.2667950735945117,1.4477403715581476,1.9015420583146694,0.984566230974073,1.2665852121142527
2.818,0.9868383558315339,1.2487578339562562,1.4514802031104195,1.869915776135927,0.9870641427851236,1.2489559055252522
2.82,0.9893630368679412,1.235670875451991,1.4551541387454028,1.8369678174916402,0.989524986920828,1.2304220678522508
2.822,0.992076454762418,1.2092033781862224,1.4587595736924353,1.8027174735161862,0.9919469733913097,1.2109932352408095
2.824,0.994094813555849,1.1896751552378533,1.4622939436656714,1.7671849866181326,0.9943283325856793,1.1906795971848283
2.826,0.9963039360429703,1.1678943455983628,1.4657547267441917,1.7303915392601112,0.9966673165682355,1.1694919912780581
2.828,0.9987798583430775,1.1490642012406502,1.469139445228282,1.6923592420450964,0.9989622003632332,1.147441897498901
2.83,1.0010909570401798,1.122805576899349,1.472445667470509,1.6531111211135905,1.0012112832272932,1.1245414320299472
2.832,1.0031094619976912,1.0982857538751822,1.4756710096802226,1.61267110485671,1.0034128899085213,1.1008033406140247
2.834,1.0055164175570235,1.075636542622958,1.478813137700124,1.5710640099507056,1.005565371891419,1.0762409914488862
2.836,1.007857907005911,1.0494256954546697,1.4818697687535618,1.5283155267189599,1.007667108626665,1.0508683676229937
2.838,1.009891903706402,1.0250193369838876,1.4848386731612178,1.4844522038280283,1.0097165087448554,1.0247000590952147
2.84,1.0116742304485584,0.9935287599307785,1.4877176760258675,1.4395014323248074,1.0117120112532985,0.9977512542215712
2.842,1.0133567871156874,0.9713034410528181,1.4905046588839124,1.3934914290224383,1.0136520867149637,0.9700377308325447
2.844,1.0157770568928473,0.9417599814565902,1.4931975613223984,1.346451219243054,1.015535238408693,0.9415758468647675
2.846,1.0174742819742066,0.9113263511415763,1.4957943825602504,1.2984106189260138,1.0173600034697956,0.912382530551288
2.848,1.019011950733594,0.8808962786790207,1.498293182992472,1.2494002161107607,1.0191249540101455,0.8824752701749312
2.85,1.0209843733628554,0.8522919396792084,1.50069208569608,1.1994513518039616,1.0208286982169248,0.8518721033896235
2.852,1.0223832253306948,0.8196560100110276,1.5029892778965621,1.1485961002410847,1.0224698814291546,0.8205916061148899
2.854,1.0241180816074085,0.7890068791596014,1.5051830123936683,1.0968672485530802,1.0240471871911727,0.7886528810090747
2.856,1.0253519111528426,0.7592014996457968,1.5072716089453668,1.0442982758493178,1.025559338282227,0.7560755455271712
2.858,1.0270148444323335,0.7225805093911933,1.5092534556088237,0.9909233317284448,1.027005097721366,0.7228797195694886
2.86,1.0286363984373916,0.690799361159833,1.5111270100372822,0.9367772142292947,1.0283832697468216,0.6890860127277149
2.862,1.0296320798147691,0.6554379123053908,1.5128908007317512,0.8818953472344858,1.0296927007690921,0.6547155111352733
2.864,1.030674527411134,0.6181432591269366,1.5145434282464307,0.8263137573398048,1.0309322802969505,0.6197897639291982
2.866,1.0316043574573264,0.586391069189714,1.5160835663468366,0.7700690502029605,1.0321009418356126,0.5843307693311168
2.868,1.0327726705482938,0.549327096940152,1.517509963119608,0.7131983863857453,1.0331976637563234,0.5483609603553288
2.87,1.0340091983285429,0.5095324905330353,1.5188214420330164,0.6557394567041147,1.0342214701366288,0.5119031901527239
2.872,1.035085430043734,0.47508408046618233,1.5200169029472186,0.5977304571011494,1.0351714315706317,0.4749807170014462
2.874,1.036121198843629,0.44071392785866387,1.5210953230733355,0.5392100630584928,1.0360466659485597,0.43761718896395624
2.876,1.0368692457257969,0.4011350739529586,1.5220557578804637,0.48021740356403747,1.0368463392050982,0.3998366282692859
2.878,1.0374001885038706,0.3626091384238515,1.5228973419498095,0.4207920346729681,1.0375696660364204,0.36166341566108884
2.88,1.038195784916455,0.3216960615966054,1.5236192897756209,0.3609739129056951,1.0382159105880444,0.3231222758120099
2.882,1.038713375202468,0.28359583968160923,1.5242208965176316,0.3008033710053741,1.0387843871260993,0.2842382690274218
2.884,1.0392597942761583,0.24530246237360384,1.5247015387658487,0.2403211241085783,1.0392744607550133,0.24503681445694794
2.886,1.0395297675291475,0.20350604193098315,1.525060676013091,0.17956862362110118,1.039685548491079,0.2055438680328119
2.888,1.040111462232837,0.1618180542565884,1.5252978607745442,0.1185923807266798,1.0400171222170063,0.16578686296361717
2.89,1.0400887350495875,0.12830946714559377,1.5254128476441848,0.05749343482035113,1.0402687210763988,0.12579942969620672
2.892,1.0398409990773692,0.08364501395293433,1.5254067116540837,-0.0030679950505370646,1.0404400106451295,0.0856447843653908
2.894,1.0406097843918505,0.041600306709768886,1.525286517560034,-0.060097047024809336,1.0405310644118135,0.045526883342074595
2.896,1.041003065985408,0.00042171641665109897,1.5250584380950234,-0.1140397325053146,1.0405434881428106,0.006211865498500849
2.898,1.0407084841022058,-0.028017991842424716,1.5247234372991574,-0.16750039793301177,1.0404823445822562,-0.030571780277248238
2.9,1.040474398407738,-0.0654653098610524,1.5242814980824155,-0.22096960837087365,1.0403533278794186,-0.0645083514187772
2.902,1.0401672116741187,-0.09947045026168647,1.5237325560022463,-0.2744710400846424,1.04015894382703,-0.09719202619430992
2.904,1.0399975868918172,-0.13226676662639805,1.5230766184003193,-0.3279688009635688,1.0398998121370013,-0.12956584501433016
2.906,1.0394562106438119,-0.1603757661726442,1.52231377862114,-0.38141988958959794,1.0395759575633616,-0.16192728681990604
2.908,1.0388985955043943,-0.19549320954417765,1.5214442176343996,-0.434780493370253,1.0391872720269555,-0.19434276820303542
2.91,1.0386998814640087,-0.2298973700593749,1.5204682041157807,-0.48800675930951193,1.038733651621652,-0.2268102026516821
2.912,1.0383805147891771,-0.2590125563893448,1.5193860942922033,-0.5410549117886454,1.0382150352718917,-0.25930817488022495
2.914,1.0372601647050128,-0.2922727332229712,1.5181983317050871,-0.5938812935580361,1.0376314154517485,-0.2918099100716144
2.916,1.0367589364486975,-0.32595472437986095,1.5169054469095893,-0.6464423977489647,1.036982841111567,-0.3242871700908617
2.918,1.036215256607299,-0.3584672993715887,1.5155080571118766,-0.6986948988563033,1.036269418430172,-0.3567113406974557
2.92,1.0356140599081598,-0.39078434892720226,1.5140068657446624,-0.750595683607113,1.035491310942312,-0.38905374392995606
2.922,1.03477431495908,-0.4216798164581184,1.5124026619810567,-0.8021018818028184,1.0346487394661605,-0.42128573807579084
2.924,1.0338417844495076,-0.454753807967638,1.5106963201868064,-0.8531708971250639,1.0337419819468592,-0.45337875965066576
2.926,1.03259840775523,-0.4878880141405886,1.508888799311039,-0.9037604378837113,1.0327713732476715,-0.48530434959383206
2.928,1.0317804607356815,-0.5154241962784493,1.506981142215671,-0.9538285476839728,1.0317373048973246,-0.517034175173436
2.93,1.0309911165842685,-0.5462119946424058,1.5049744749436922,-1.0033336359894198,1.0306402247958864,-0.5485400507191038
2.932,1.0294571653258273,-0.5804567819246547,1.5028700059265772,-1.052234508557522,1.029480636879849,-0.5797939580186795
2.934,1.0282629552580123,-0.6110527920109912,1.5006690251311285,-1.1004903977243192,1.0282591007466573,-0.6107680665958606
2.936,1.0271946041751123,-0.6397649528180217,1.498372903146099,-1.1480609925147907,1.0269762312388238,-0.6414347539167307
2.938,1.0253906086380764,-0.6733492663577636,1.4959830902089881,-1.1949064685554731,1.0256326979877695,-0.6717666255271768
2.94,1.024427549945334,-0.7013174897522321,1.4935011151734563,-1.2409875177658831,1.0242292249175482,-0.7017365351105863
2.942,1.022644731963926,-0.7291322104532836,1.4909285844178457,-1.286265377805312,1.0227665897086446,-0.7313176044517379
2.944,1.0210922427772506,-0.7612206502092538,1.4882671806953425,-1.330701861251606,1.021245623222061,-0.7604832432918317
2.946,1.0194987752875577,-0.7932993474548968,1.4855186619263652,-1.3742593844885975,1.0196672088839425,-0.7892071690593249
2.948,1.0181286137480914,-0.8200417917978734,1.4826848599338074,-1.4169009962789259,1.0180322820310201,-0.817463426461164
2.95,1.0161512671312491,-0.8468660812190342,1.4797676791218093,-1.4585904059990804,1.0163418292171822,-0.8452264069189944
2.952,1.0146651740175714,-0.8727520545435603,1.476769095098782,-1.4992920115136092,1.0145968874815123,-0.8724708678349418
2.954,1.012724242396771,-0.9026673248277194,1.4736911532454509,-1.5389709266655671,1.0127985435781692,-0.8991719516715915
2.956,1.0108528028412946,-0.928387084078088,1.47053596722873,-1.5775930083604193,1.0109479331685076,-0.9253052048308384
2.958,1.0090297918879634,-0.9502354350685959,1.4673057174622883,-1.6151248832207918,1.009046239975875,-0.9508465963163345
2.96,1.0070130966124855,-0.9718019025271613,1.4640026495147092,-1.6515339737896382,1.0070946949035464,-0.9757725361643305
2.962,1.005121783494491,-0.9989775503433114,1.46062907246619,-1.6867885242595977,1.0050945751162907,-1.0000598936277931
2.964,1.0029971215046274,-1.0241747549672837,1.4571873572147769,-1.7208576257065442,1.0030472030860933,-1.023686015098769
2.966,1.0010683906133855,-1.044523237298261,1.4536799347331657,-1.7537112408055642,1.000953945602585,-1.0466287417540732
2.968,0.9984770584296978,-1.0668492504152693,1.45010929427715,-1.7853202280078608,0.9988162127487661,-1.0688664269095018
2.97,0.9966591263703304,-1.0885429857944569,1.4464779815468354,-1.8156563651573638,0.9966354568426303,-1.0903779530678945
2.972,0.9944271494490211,-1.1137125580725606,1.442788596801783,-1.8446923725261142,0.9944131713453372,-1.1111427486465189
2.974,0.9918368961961231,-1.1275679222326906,1.4390437929312874,-1.872401935247816,0.9921508897365985,-1.1311408043694013
2.976,0.9898211158722234,-1.1532587048861165,1.4352462734810287,-1.8987597251292732,0.9898501843579777,-1.1503526893104
2.978,0.9875026046215947,-1.1695506856670699,1.431398790637389,-1.9237414218197846,0.9875126652248317,-1.1687595665729904
2.98,0.9846914842417052,-1.1909859706971875,1.4275041431707511,-1.9473237333189433,0.9851399788076458,-1.1863432085929324
2.982,0.9823333456075546,-1.202600458149903,1.4235651743391438,-1.9694844158036637,0.9827338067835455,-1.2030860120501836
2.984,0.9802062148916464,-1.219523123944279,1.4195847697536323,-1.9902022927556773,0.9802958647587922,-1.218971012376649
2.986,0.9778047018566347,-1.232829293843105,1.41556585520689,-2.0094572733711518,0.977827900963099,-1.2339818978465775
2.988,0.9748309674768352,-1.2487509329309932,1.4115113944664208,-2.02723037023453,0.9753316949166257,-1.2481030232366617
2.99,0.9725631639288683,-1.263827442857072,1.4074243870339425,-2.0435037162391505,0.9728090560705395,-1.2613194230431461
2.992,0.9700719975353287,-1.2739002781949487,1.4033078658724671,-2.0582605807376715,0.9702618224220525,-1.2736168242435117
2.994,0.967558135517564,-1.2879248256591385,1.3991648951026554,-2.0714853849058255,0.9676918591048713,-1.284981658590587
2.996,0.9649239147902067,-1.2913993920865552,1.3949985676700483,-2.08316371630353,0.9651010569560169,-1.2954010744272118
2.998,0.9621998555314946,-1.3082632823726423,1.3908120029848123,-2.0932823426179117,0.9624913310599971,-1.3048629480098892
3.0,0.9598390583993208,-1.3121849511110768,1.3866083445356656,-2.101829224573326,0.9598646192713367,-1.3133558943301638
