time_s,measured_position_rad,measured_velocity_rad_s,nominal_position_rad,nominal_velocity_rad_s,fitted_position_rad,fitted_velocity_rad_s
0.0,6.947235373208621e-05,-0.004675712311912167,6.947235373208621e-05,-0.004675712311912167,6.947235373208621e-05,-0.004675712311912167
0.002,-6.77715665930241e-05,-0.001366177638633724,9.651639296434429e-05,0.013522019616129036,6.058369795459264e-05,-0.004444327888746787
0.004,0.00013258532441610336,9.539166791142663e-05,0.00015952138954879278,0.03150249829222424,5.213572447667677e-05,-0.004223986738957932
0.006,-0.0004194587904077839,0.015929785694994574,0.0002582495173277101,0.04936406388945866,7.348739723856922e-05,0.010675836380946229
0.008,-0.00016910620991402196,0.02844460249606088,0.00039276320202987327,0.06725684235108158,0.00012388505247302485,0.025198827617227817
0.01,-0.0001714222888327697,0.044319352608328796,0.0005633758269990422,0.0853063124845845,0.00020275129387108907,0.039433120699032105
0.012,0.0003392088521162321,0.05778773899000782,0.0007705592616923506,0.10359171734665415,0.00030978605403254406,0.053517380080727484
0.014,0.0005354057119795376,0.06843759373542153,0.0010148687027142387,0.12215472051094405,0.0004449552291087508,0.06758458753810338
0.016,0.0008661820694129912,0.08461539295195165,0.0012968950757572424,0.14101318652150185,0.0006084281526339562,0.08173646176260269
0.018000000000000002,0.0004970328732013991,0.10069469222176115,0.0016172380312511339,0.1601714777469457,0.0008005103763494904,0.09604111185776709
0.02,0.0007033301619398872,0.11374186004701375,0.001976491353780135,0.17962666126450055,0.0010215900974649746,0.1105398605577421
0.022,0.001129237274495272,0.12879177189875526,0.002375235164644593,0.19937190543222896,0.0012721006809017195,0.12525529171837246
0.024,0.0015861228034275946,0.14381151861855157,0.002814031655705181,0.21939824553029397,0.0015524961742825049,0.1401977466903927
0.026000000000000002,0.0022108970220008992,0.1562358894792444,0.0032934226048572887,0.23969547457605386,0.0018632359056953113,0.15536986570640324
0.028,0.002377514985226554,0.175630671012766,0.0038139277752960287,0.2602525852193701,0.002204774976821906,0.17076953556329727
0.03,0.002466611010543956,0.19235899670972434,0.004376043751114276,0.28105798790912384,0.002577558416670859,0.18639171992447662
0.032,0.0028284444913682857,0.20223273114184823,0.004980242991196872,0.3020996200412977,0.002982017543261833,0.20222956329548697
0.034,0.003745613355452412,0.2204592742430626,0.005626972997278636,0.32336500304088156,0.0034185676307606576,0.21827504374941223
0.036000000000000004,0.0036888563951108333,0.24014919191369088,0.006316655547457788,0.3448412750895762,0.0038876063382316628,0.23451935373550264
0.038,0.004264102167433135,0.2553096774521136,0.0070496859729583285,0.36651521275027,0.004389512579703109,0.2509531207357234
0.04,0.0053351895838277315,0.2715142623481055,0.007826432468403952,0.388373247722812,0.004924645650388346,0.2675665353426181
0.042,0.005232127981482619,0.28622221158646327,0.008647235431639975,0.4104014816180118,0.005493344503788004,0.28434942669982943
0.044,0.006150421454682114,0.30340195190647085,0.009512406831768093,0.4325857000640591,0.006095927120757786,0.3012913084848907
0.046,0.007077351691382581,0.3223629439446278,0.01042222960523047,0.4549113867311886,0.006732689938107496,0.3183814086748554
0.048,0.007414809755678046,0.33920013764931706,0.011376957080285606,0.47736373752756833,0.007403907319207649,0.33560869055007675
0.05,0.008070573820752377,0.3539041339944143,0.012376812430423859,0.49992767506912655,0.008109831057362706,0.3529618690775282
0.052000000000000005,0.009110742099549126,0.37479381506352927,0.013421988157341674,0.5225878634589071,0.008850689907250521,0.3704294249439076
0.054,0.009826202595775062,0.39213657666372703,0.01451264560410524,0.5453287233817828,0.009626689142182834,0.3879996174661562
0.056,0.010968550773147217,0.4095428008402193,0.01564891449911962,0.5681344475071913,0.010438010136249214,0.4056604970331904
0.058,0.011410078828522118,0.42626962191687806,0.016830892531492978,0.5909890161866792,0.011284809971090073,0.42339991742042926
0.06,0.012794221334034225,0.4461303558601269,0.018058644958353656,0.6138762134303385,0.012167221067391328,0.4412055481506275
0.062,0.013189065064072063,0.4616680400884413,0.01933220424464343,0.6367796431448876,0.013085350841361197,0.45906488698493436
0.064,0.014363449855206462,0.47792218306916184,0.020651569735874255,0.6596827456154136,0.014039281386522688,0.4769652725807458
0.066,0.01505051831435349,0.4960516762504196,0.022016707364298897,0.6825688142123213,0.015029069181178838,0.4948938973280751
0.068,0.016093167507335682,0.5127089560030563,0.02342754938890826,0.7054210123046815,0.01605474482190522,0.5128378203631916
0.07,0.0175383816924529,0.531446500330966,0.02488399416963003,0.7282223903608853,0.017116312783408243,0.5307839807515112
0.07200000000000001,0.01835010279432286,0.554399909844427,0.02638590597606455,0.7509559032172601,0.0182137512050646,0.5487192108281799
0.074,0.019508932262773677,0.5718461570107936,0.027933114831054706,0.7736044274950787,0.01934701170443041,0.5666302496829055
0.076,0.020591771848029697,0.5851825628577573,0.02952541638934711,0.7961507791462016,0.020516019217979558,0.5845037567745738
0.078,0.02164426458293406,0.6070669872700521,0.031162571851561936,0.8185777311074127,0.02172067186930074,0.6023263256605904
0.08,0.023046954742165032,0.6190052115442826,0.03284430791364866,0.8408680310433612,0.022960840864951832,0.6200844978255469
0.082,0.024175278276345177,0.6403456724173473,0.03457031675196444,0.8630044191578905,0.02423637041813897,0.6377647765935697
0.084,0.025582635013146175,0.6565767760085551,0.036340256044071303,0.884969646053433,0.02554707770035609,0.6553536411085589
0.08600000000000001,0.02716763147727554,0.6763626048765762,0.03815374902530743,0.9067464906180618,0.0268927528210889,0.672837560366405
0.088,0.028603980461631758,0.6921222002359773,0.0400103845811469,0.9283177779197351,0.028273158835655277,0.6902030072831883
0.09,0.030029389894652782,0.7104315965279047,0.041909717375321356,0.9496663970872292,0.029688031781221896,0.7074364727833091
0.092,0.031904892661495945,0.7281646968160298,0.04385126801363585,0.970775319157245,0.031137080741004807,0.7245244798914546
0.094,0.03270015086140256,0.7446126017263377,0.045834523243370215,0.9916276148671832,0.032619987936629395,0.7414535978122944
0.096,0.03440232695458951,0.7608901415203787,0.04785893618811645,1.0122064723731172,0.03413640884859299,0.7582104559817956
0.098,0.03569526410550369,0.7749558691735453,0.049923926617861554,1.0324952148725526,0.03568597236474113,0.7747817580740697
0.1,0.03736809995532601,0.7903470034523612,0.05202888125408484,1.052477318111643,0.037268280956636535,0.7911542959477015
0.10200000000000001,0.03886683761146997,0.8082235259853908,0.05417315410959812,1.0721364277566408,0.03888291088366767,0.8073149635155685
0.10400000000000001,0.04085287104458976,0.8224443823475711,0.0563560668628171,1.0914563766094885,0.04052941242471214,0.8232507705222356
0.106,0.04230265119670792,0.8414223445041553,0.05857690926611233,1.1104212016476145,0.04220731013713835,0.838948856213103
0.108,0.044028985405801684,0.8591531694797558,0.06083493958784868,1.1290151608681749,0.04391610314289755,0.8543965028796016
0.11,0.04565366391276081,0.8716450140977102,0.06312938508768305,1.1472227499171839,0.04565526544142727,0.8695811492648579
0.112,0.04796151135663645,0.883959096155358,0.06545944252465145,1.1650287184842036,0.04742424624905608,0.8844904038144036
0.114,0.04932749588992993,0.9029365901484189,0.06782427869753849,1.1824180864435154,0.04922247036456942,0.8991120577566712
0.116,0.05119558950238356,0.9133940270082022,0.07022303101698442,1.199376159722966,0.05104933856056583,0.9134340979982041
0.11800000000000001,0.05314180876784345,0.9269486505361086,0.07265480810874839,1.2158885458819813,0.05290422800020325,0.9274447198187128
0.12,0.05478872258642704,0.9461651005060402,0.0751186904475095,1.2319411693805606,0.05478649267890592,0.9411323393513324
0.122,0.056917425033702826,0.9571067093470652,0.07761373102055232,1.247520286521408,0.05669546389057326,0.9544856058336734
0.124,0.058891023185323875,0.9702128166838657,0.08013895602064776,1.2626125000477209,0.058630450717804296,0.967493413615516
0.126,0.0607042788966507,0.9844628426122387,0.08269336556740686,1.2772047733795506,0.06059074054562284,0.980144913909272
0.128,0.06289276493515383,0.9937641061671639,0.08527593445635097,1.2912844444720502,0.0625755995981621,0.992429526269627
0.13,0.06480565808833015,1.004368418805635,0.08788561293490971,1.3048392392793666,0.06458427349774026,1.0043369497890833
0.132,0.06677850282789878,1.0183334459727502,0.09052132750452646,1.3178572848083798,0.06661598784573317,1.0158571739964481
0.134,0.06932440233841144,1.029997709680708,0.09318198174802039,1.3303271217469674,0.06866994882462446,1.0269804894456476
0.136,0.07103763283973236,1.039148084631436,0.09586645718132432,1.3422377166519661,0.07074534382058967,1.0376974979826026
0.138,0.07294447160568146,1.0488813697030568,0.09857361412868934,1.3535784736825145,0.07284134206594621,1.047999122678273
0.14,0.07548434859633797,1.0556480033288798,0.10130229262041933,1.364339245864991,0.07495709530077892,1.0578766174163563
0.14200000000000002,0.07712598155766524,1.0724410272292966,0.10405131331217196,1.374510345876313,0.07709173845302798,1.0673215761245298
0.14400000000000002,0.07942517205913169,1.0797689751448385,0.10681947842483781,1.384082556332928,0.07924439033630505,1.0763259416385318
0.146,0.08158273965868469,1.0856390731232253,0.10960557270398463,1.3930471395734114,0.08141415436468266,1.0848820141888051
0.148,0.08396331614856606,1.095126613129922,0.112408364397831,1.4013958469231875,0.08360011928368238,1.0929824594998645
0.15,0.08588052774236662,1.0995644325584553,0.115226606252692,1.4091209274305017,0.08580135991666837,1.100620316492993
0.152,0.08798841490328213,1.108098549494716,0.1180590365248188,1.416215136063404,0.08801693792583506,1.1077890045833436
0.154,0.09066654935518975,1.1159038843615245,0.1209043800075351,1.422671741358146,0.09024590258696102,1.1144823305629825
0.156,0.09299115881804945,1.1221935705656603,0.12376134907255519,1.4284845325100461,0.09248729157708484,1.1206944950619055
0.158,0.0949476180427819,1.1313627173850374,0.12662864472435229,1.4336478258985526,0.09474013177424392,1.1264200985795414
0.16,0.09711017897076946,1.1369000778954212,0.12950495766643008,1.4381564710389003,0.09700344006840345,1.1316541470797639
0.162,0.09973014665200718,1.1382160214701351,0.132388969378337,1.442005855953458,0.09927622418268933,1.1363920571429422
0.164,0.10194727568722169,1.1407823461675308,0.1352793532022501,1.4451919119565482,0.10155748350402749,1.1406296606690802
0.166,0.10436973605006632,1.1471198744102684,0.13817477543794457,1.4477111178472348,0.10384620992228072,1.1443632091266167
0.168,0.10659374175847279,1.1493282774115672,0.14107389644495513,1.4495605035052817,0.10614138867696471,1.147589377341997
0.17,0.10887645024328195,1.1508048736828793,0.14397537175072753,1.4507376528861997,0.10844199921061602,1.1503052668256584
0.17200000000000001,0.11118646098169868,1.1508458901737353,0.1468778531635516,1.4512407064120314,0.11074701602787726,1.1525084086306214
0.17400000000000002,0.11354180981982856,1.1565195941286264,0.14977998988906208,1.451068362755236,0.11305540955935811,1.1541967657404242
0.176,0.11586338670595825,1.1574270523957624,0.15268042964908962,1.4502198800137776,0.11536614702932549,1.155368734983688
0.178,0.1179218432440557,1.157307351472731,0.1555778198016421,1.4486950762762418,0.11767819332627182,1.1560231484731622
0.18,0.12027879579454562,1.156882926052272,0.15847080846079517,1.4464943295765433,0.11999051187540712,1.1561592745676492
0.182,0.12249237348638281,1.1602197894161033,0.1613580456152722,1.4436185772385106,0.12230206551211867,1.1557768183557735
0.184,0.12496288017390125,1.154462352399639,0.16423818424449493,1.4400693146113706,0.1246118173554409,1.1548759216611164
0.186,0.12726842719606737,1.1539809372711374,0.1671098814308907,1.4358485931978766,0.12691873168057852,1.1534571625688026
0.188,0.1293723644565054,1.1515163946741152,0.1699717994672458,1.4309590181775504,0.12922177478952687,1.151521554474179
0.19,0.1316049619440109,1.1502442121524035,0.17282260695790225,1.4254037453282236,0.13151991587883646,1.149070544654792
0.192,0.13433329079943845,1.14639672852603,0.17566097991260182,1.4191864773497807,0.1338121279035713,1.1461060123674212
0.194,0.1368993286439084,1.145656086645376,0.17848560283179124,1.412311459594708,0.13609738843651628,1.1426302664724861
0.196,0.13870884893174049,1.1381908291548226,0.18129516978221275,1.4047834752107562,0.13837468052169366,1.1386460425886897
0.198,0.140700462634991,1.137072613099133,0.18408838546161616,1.3966078397017099,0.14064299352125628,1.1341564997813125
0.2,0.1430412001783579,1.1309088605730309,0.18686396625144203,1.387790394912941,0.14290132395483252,1.1291652167881134
0.202,0.14536248899196605,1.1260107161896409,0.1896206412563402,1.3783375024490947,0.14514867633040718,1.1236761877873283
0.20400000000000001,0.14743197321473503,1.1171054263778841,0.19235715332940403,1.36825603653191,0.14738406396583276,1.1176938177127895
0.20600000000000002,0.14976424712791628,1.1118034483006891,0.1950722600820177,1.3575533763068344,0.1496065098000762,1.1112229171217147
0.20800000000000002,0.15221948104336813,1.105655781209935,0.19776473487723312,1.3462373976077129,0.15181504719331865,1.1042686966212287
0.21,0.1545579903448505,1.095174745480746,0.20043336780561205,1.3343164641894694,0.15400872071503902,1.09683676086019
0.212,0.15665531911865085,1.0884559924235628,0.20307696664249061,1.3217994184392867,0.15618658691922582,1.0889331020933968
0.214,0.15866665660348644,1.0801035869439017,0.2056943577856454,1.3086955715773991,0.15834771510587728,1.0805640933257343
0.216,0.16073775277119637,1.0728143637555339,0.20828438717236375,1.2950146933591755,0.1604911880679659,1.0717364810443106
0.218,0.16302934896723292,1.064769120331791,0.21084592117494522,1.280767001290737,0.16261610282306008,1.062457377547094
0.22,0.16533042666164535,1.0515789445047872,0.21337784747368702,1.2659631493708936,0.16472157132881413,1.0527342528770285
0.222,0.1671110101576033,1.045167038002592,0.21587907590643243,1.2506142163727065,0.16680672118155623,1.042574926371052
0.224,0.16872242317383293,1.0316564823136531,0.21834853929378942,1.2347316936784951,0.16887069629722398,1.0319875578338746
0.226,0.17097209075440734,1.0230071807845995,0.2207851942391546,1.2183274726825897,0.1709126575739176,1.0209806383468039
0.228,0.17299729359936084,1.0083318116513247,0.2231880219027078,1.2014138317766052,0.17293178353536223,1.009562980722309
0.23,0.17533645012821353,0.99887581243765,0.22555602874857272,1.1840034229324572,0.17492727095459307,0.9977437096154199
0.232,0.17741473262961469,0.9822129352201718,0.22788824726437026,1.1661092578987746,0.17689833545719993,0.9855322513034348
0.234,0.1793229562742452,0.9765274333364629,0.2301837366524238,1.1477446940267715,0.1788442121034915,0.9729383231457841
0.23600000000000002,0.18120626577051815,0.9620535449660648,0.23244158349190785,1.1289234197420288,0.180764155948964,0.9599719227362523
0.23800000000000002,0.18297575123405574,0.9490859528712292,0.23466090237126588,1.1096594396790098,0.1826574425824842,0.9466433167600998
0.24,0.18485239497870642,0.9318430883714834,0.23684083649025683,1.089967059495475,0.1845233686416221,0.9329630295689508
0.242,0.18666086603348656,0.9180982283913796,0.23898055823102543,1.0698608703842927,0.18636125230459535,0.918941831486626
0.244,0.18835981704128385,0.9047349690583308,0.24107926969762633,1.0493557333004495,0.18817043375831413,0.9045907268593881
0.246,0.19035707705876123,0.8897308361663008,0.24313620322346902,1.0284667629213382,0.18995027564204284,0.8899209418643514
0.248,0.19192678419176887,0.8749524176090508,0.24515062184618638,1.007209311358677,0.19170016346622296,0.8749439120900621
0.25,0.19319942471293705,0.8623012218550541,0.24712181974946767,0.9855989516406437,0.19341950600602997,0.8596712699035057
0.252,0.1951561029792232,0.8429175660461214,0.24904912267143373,0.9636514609830316,0.19510773566926604,0.8441148316180248
0.254,0.1971380220324533,0.8283877581256582,0.25093188827917057,0.941382803868433,0.19676430883821971,0.828286584476838
0.256,0.1987420118576491,0.8134313940660801,0.2527695065090758,0.9188091149526278,0.1983887061851538,0.8121986734670514
0.258,0.20042436565727967,0.7964380834065536,0.2545613998727108,0.8959466818175107,0.19998043296111226,0.7958633879792252
0.26,0.20136046191076287,0.7783387123518254,0.2563070237278909,0.8728119275900222,0.2015390192577677,0.7792931483277199
0.262,0.20322840832971734,0.7622721520473449,0.2580058665147842,0.8494213934466603,0.20306402024206208,0.7625004921471894
0.264,0.20507109794255401,0.7443972049467634,0.25965744995683065,0.8257917210232361,0.2045550163634235,0.7454980606807106
0.266,0.20648830160932813,0.7238369868235058,0.2612613292263299,0.8019396347496061,0.2060116135333738,0.728298584975148
0.268,0.2075968463242683,0.7108082022641019,0.2628170930745882,0.7778819241291616,0.20743344327737268,0.7109148719994408
0.27,0.20892772216715005,0.6951792714506154,0.26432436392655395,0.7536354259828757,0.2088201628587758,0.6933597907015697
0.272,0.21084527845308743,0.6782725587552062,0.2657827979399094,0.7292170066777186,0.21017145537481585,0.6756462580200181
0.274,0.21224523664988082,0.6569807436832548,0.26719208502862785,0.7046435443592295,0.211487029824547,0.6577872248655758
0.276,0.21317104075193444,0.6391714863447183,0.26855194885104383,0.6799319112080003,0.21276662114872572,0.639795662089354
0.278,0.214250634712999,0.6221564022434509,0.26986214676252335,0.6550989557397655,0.21400999024163148,0.6216845464528797
0.28,0.21559513466153038,0.6011498783203811,0.27112246973286075,0.6301614851687147,0.21521692393486372,0.603466846616126
0.28200000000000003,0.2169179002947971,0.5837356324595665,0.27233274222856785,0.6051362478535498,0.21638723495318232,0.5851555091592973
0.28400000000000003,0.21781590495181918,0.564970672279349,0.2734928220602592,0.5800399158456895,0.2175207618424906,0.566763444654144
0.28600000000000003,0.21877911687713764,0.5448504871236759,0.274602600195377,0.554889067558902,0.21861736887009164,0.5483035138005194
0.28800000000000003,0.22007201688733866,0.5268222962133103,0.27566200053653606,0.5297001705795147,0.2196769458973793,0.5297885136438191
0.29,0.2210094434690668,0.509870791820663,0.27667097966580856,0.50448956463626,0.22069940822515705,0.511231163888871
0.292,0.22178180321234528,0.49331798709962943,0.27762952655530626,0.4792734447488503,0.22168469641180863,0.4926440933257933
0.294,0.22302813004129268,0.4739973594473404,0.27853766224445586,0.4540678445747917,0.2226327760645753,0.47403982638333186
0.296,0.22409879212656475,0.45708950525728537,0.27939543948440676,0.4288886199754354,0.22354363760422594,0.4554307698253276
0.298,0.22525619011819334,0.43592225300448295,0.28020294235006016,0.4037514328266852,0.2244172960034387,0.43682919960638883
0.3,0.22560083670536138,0.4163751779051359,0.28096028582028443,0.3786717351121409,0.22525379049924651,0.41824724790390594
0.302,0.2264395060295875,0.39802821114574055,0.2816676153270247,0.35366475337013725,0.22605318427993837,0.39969689034592587
0.304,0.22685181832682438,0.38222129098921054,0.2823251062743381,0.32874547365668594,0.2268155641468574,0.3811899334595241
0.306,0.2282834712237466,0.36430520730625104,0.28293296352919317,0.3039286274275318,0.2275410401516075,0.3627380023750446
0.308,0.22861464296294876,0.3438854835092628,0.28349142088795304,0.2792286793799402,0.228229745209295,0.34435252884375267
0.31,0.22891393146413377,0.32933668682208145,0.28400074052788515,0.2546598199660552,0.2288818346886385,0.3260447396717529
0.312,0.22981536001199443,0.30897347044943024,0.2844612124671559,0.2302359696353554,0.2294974859801681,0.30782564576478283
0.314,0.23021983777644905,0.2872869839094165,0.28487315409328084,0.20597081306248088,0.23007689804449372,0.28970603216281016
0.316,0.2306616590409125,0.2715822689392537,0.28523690991364364,0.18187791018139837,0.23062029094411501,0.2716964498106533
0.318,0.231669268839608,0.25156472050096124,0.2855528519192241,0.1579710027902248,0.2311279053651885,0.2538072105367528
0.32,0.2319523898332947,0.23454410338690568,0.2858213815460828,0.134264813429346,0.23160000214145768,0.2360483881345758
0.322,0.23269099128456686,0.21415845733424693,0.28604293566511363,0.11077705951542188,0.23203686180386268,0.21842983120249732
0.324,0.2328133233521555,0.20024695186633465,0.28621800238244377,0.08753335866508093,0.2324387842012725,0.20096119870490883
0.326,0.23314834122211753,0.18262433946229312,0.286347159319373,0.06457846846460297,0.23280608827987115,0.1836520392993174
0.328,0.2336831574951387,0.16278095145550114,0.2864311566873386,0.041998683982815394,0.23313911218859484,0.16651195436184363
0.33,0.2336978057279096,0.14836472474173165,0.28647106053188315,0.01995192227228364,0.23343821402734946,0.1495509193773139
0.332,0.234118544064013,0.13001979979034012,0.28646838279415465,-0.0013388688642354957,0.23370377382834787,0.13277990049919952
0.334,0.23461280209466853,0.11516710540505734,0.2864249694679898,-0.02170666308244029,0.23393619784678,0.1162120092160647
0.336,0.23443778652512198,0.09544462329738695,0.28634260096299896,-0.04118425249542649,0.23413592705432693,0.09986460377347184
0.338,0.23449949887685442,0.08073086543969538,0.2862227019605916,-0.05994950120369992,0.23430345296404403,0.08376295485855
0.34,0.23484437371461053,0.06920236150862216,0.2860663477013482,-0.07817712962168179,0.23443934534667613,0.06794619131604099
0.342,0.2353657875306662,0.05256351195028009,0.2858743886673929,-0.09597951697764699,0.23454429669904775,0.05247567618580943
0.34400000000000003,0.23481722780906722,0.03350390764050342,0.28564755683933524,-0.11341591402883842,0.23461918359315295,0.03744344705259708
0.34600000000000003,0.2349632263854032,0.022021330819298912,0.28538652922222757,-0.1305138085538208,0.23466512888522872,0.022972646037879144
0.34800000000000003,0.23533999864274344,0.009370878643064847,0.28509196103652973,-0.14728409284892618,0.23468352246145535,0.009196788113307867
0.35000000000000003,0.23483973468201277,-0.0021312775541342316,0.28476450196004566,-0.16372953824204126,0.23467595237724123,-0.003785042107059393
0.352,0.23505304697103993,-0.021253531072056214,0.2844048036779203,-0.1798491410626763,0.23464405326652,-0.015949555360616686
0.354,0.23514785379017847,-0.024986181195991067,0.28401352311474914,-0.1956402815855895,0.23458935157297173,-0.027350846774126813
0.356,0.23498874128450986,-0.03712957349219373,0.2835913235407201,-0.21109978701452561,0.2345131799471663,-0.038085812902708564
0.358,0.23483602882532967,-0.051604787637771106,0.283138874629173,-0.22622445577356437,0.23441666607971864,-0.04825693372383436
0.36,0.2347163966918952,-0.05810873018736496,0.2826568519933628,-0.24101131790508074,0.23430076251800105,-0.05795178085879648
0.362,0.234518982924701,-0.06812452739911833,0.2821459364621632,-0.25545776559981753,0.2341662874829176,-0.06723751754172273
0.364,0.2340891395677945,-0.08050539144500102,0.28160681322372877,-0.2695616192172064,0.23401396187775628,-0.07616280258066489
0.366,0.23430216291859216,-0.08338091763613276,0.2810401709020676,-0.2833211608305646,0.23384443811218242,-0.08476188278692319
0.368,0.2340177614650342,-0.09590767631110966,0.280446700599827,-0.2967351511202924,0.23365832096413983,-0.0930585740212909
0.37,0.2337463451406719,-0.10362132195043999,0.2798270949248222,-0.30980283750241205,0.2334561820858008,-0.10106943916951902
0.372,0.23372037470155196,-0.1108323176882894,0.2791820470098953,-0.3225239574634727,0.23323856984078545,-0.10880612250767666
0.374,0.2333933658000783,-0.11722716804961301,0.2785122495316503,-0.3348987391224787,0.23300601584712982,-0.11627699682780641
0.376,0.23315588407488924,-0.1222300283078797,0.27781839373153067,-0.346927900059826,0.23275903924189487,-0.12348830261748409
0.378,0.2326402776651691,-0.13552394793389738,0.2771011684416201,-0.3586126449552864,0.23249814938485824,-0.13044492851830586
0.38,0.23254664925985002,-0.13718416325498675,0.2763612591169765,-0.36995466232177726,0.23222384749671743,-0.13715094407040393
0.382,0.23238992636346717,-0.14199499134352853,0.27559934687599746,-0.38095612048952965,0.2319366275703457,-0.14360996318586705
0.384,0.23197283984499345,-0.1526923457292914,0.27481610755014485,-0.3916196629263117,0.23163697678557643,-0.14982539238463682
0.386,0.23196828785810578,-0.15985720521466976,0.2740122107442586,-0.4019484029431317,0.23132537558447983,-0.15580060054830316
0.388,0.23129758224429733,-0.16310692936633983,0.2731883189086271,-0.4119459178157407,0.23100229751435813,-0.16153903506085032
0.39,0.2308903649243782,-0.16946865534321348,0.27234508642394273,-0.4216162423422008,0.23066820891206813,-0.1670443011449961
0.392,0.23076558666815797,-0.1712166651488347,0.2714831587002396,-0.43096386185157404,0.2303235684805225,-0.17232021577282589
0.394,0.2303959941340689,-0.18113549073877028,0.27060317129088723,-0.43999370467617255,0.2299688267927646,-0.17737084387894816
0.396,0.22988959881284854,-0.1834568024306006,0.26970574902269,-0.4487111340986236,0.22960442574846796,-0.18220052214831803
0.398,0.22931802464414347,-0.18689079562448077,0.26879150514312083,-0.4571219397845872,0.22923079800047969,-0.186813873994141
0.4,0.2290111337207493,-0.18927681079301564,0.26786104048569687,-0.4652323287119774,0.22884836636404057,-0.19121581821955536
0.402,0.22846721201351824,-0.20106108804172654,0.2669149426544813,-0.4730489156077896,0.22845754321785278,-0.19541157309390467
0.404,0.22830492264924954,-0.20017717785911482,0.26595378522867325,-0.48057871290401244,0.22805872990374682,-0.19940665705297886
0.406,0.2281531494540281,-0.20550209470291017,0.26497812698822415,-0.4878291202245491,0.22765231612999817,-0.20320688687431523
0.40800000000000003,0.22763200923221882,-0.21171623439594772,0.26398851116139305,-0.49480791341555425,0.22723867938213593,-0.20681837393111493
0.41000000000000003,0.22737774565670443,-0.21092479257475327,0.2629854646951289,-0.5015232331320839,0.2268181843442232,-0.21024751895636135
0.41200000000000003,0.22668388011936805,-0.21202225146998366,0.26196949754914,-0.507983572994453,0.22639118233296604,-0.21350100562858912
0.41400000000000003,0.22592669645160462,-0.21919796964054525,0.2609411020144836,-0.5141977673281829,0.2259580107465533,-0.21658579320636245
0.41600000000000004,0.22606484236802468,-0.2249901394330671,0.2599007520574798,-0.5201749785019045,0.22551899252979546,-0.21950910837892007
0.418,0.2253066915150098,-0.2256528874903732,0.2588489026897237,-0.5259246838780455,0.2250744356568792,-0.2222784364581314
0.42,0.2248907314962705,-0.22530138803456903,0.2577859893649405,-0.5314566623915861,0.22462463263286578,-0.22490151200671776
0.422,0.22394647323806846,-0.22648177908988554,0.2567124274033953,-0.5367809807726035,0.22416986001491368,-0.22738630897604784
0.424,0.22399051783974253,-0.2333783269322559,0.2556286114445378,-0.5419079794287427,0.2237103779540912,-0.22974103041123298
0.426,0.2235440321340207,-0.23109714703449774,0.2545349149285295,-0.5468482580041532,0.22324642975855125,-0.23197409776998115
0.428,0.22314845793276755,-0.23634322281726877,0.25343168960726586,-0.5516126606318146,0.22277824147876427,-0.23409413989349517
0.43,0.22255500513509616,-0.23915915476842659,0.2523192650854728,-0.556212260896535,0.22230602151544077,-0.23610998166175454
0.432,0.22209380399294384,-0.23775963748856363,0.2511979483924203,-0.5606583465262486,0.2218299602507184,-0.23803063236118327
0.434,0.22164678289710824,-0.24137824967318708,0.2500680235847612,-0.5649624038295646,0.22135022970313933,-0.2398652737895391
0.436,0.22094073568642186,-0.2434349840679162,0.24892975138096557,-0.5691361018978159,0.22086698320689824,-0.24162324812054387
0.438,0.22067796043173601,-0.24519258299209068,0.2477833688277853,-0.5731912765901406,0.22038035511580006,-0.24331404554908373
0.44,0.2198682180382932,-0.24501488092845877,0.2466290889991445,-0.577139914320385,0.21989046053232691,-0.24494729173657065
0.442,0.21981091669637923,-0.2459926097013536,0.2454671007278148,-0.5809941356648554,0.2193973950621766,-0.24653273507515747
0.444,0.21931731106690217,-0.2524745765448759,0.24429756837019448,-0.5847661788101566,0.2189012345945989,-0.2480802337888412
0.446,0.21836620217346395,-0.24961794271169002,0.24312063160447336,-0.588468382860552,0.21840203510882086,-0.24959974288901385
0.448,0.21826135917583178,-0.25174803139953705,0.2419364052624245,-0.5921131710244423,0.21789983250681752,-0.2511013010016723
0.45,0.21750072542615087,-0.25526819415078617,0.24074497919502508,-0.5957130336997108,0.21739464247265103,-0.25259501708324555
0.452,0.21737592709390693,-0.25640396697049467,0.23954641817206948,-0.599280511477804,0.2168864603585674,-0.2540910570418103
0.454,0.21657983933953318,-0.2607085846352254,0.23834076181589645,-0.6028281780865123,0.21637526109800675,-0.25559963028032195
0.456,0.21598940400760458,-0.25804625447123714,0.23712802456931345,-0.6063686232914972,0.21586099914565,-0.25713097617837755
0.458,0.21550980859808858,-0.26025127391933667,0.23590819569776014,-0.6099144357766569,0.21534360844459213,-0.25869535052892995
0.46,0.21524485359652898,-0.2632471729487094,0.23468123932571322,-0.6134781860234557,0.21482300242069954,-0.2603030119462899
0.462,0.21433430464272718,-0.26559738864382937,0.23344709450729453,-0.6170724092093435,0.2142990740041762,-0.2619642082616693
0.464,0.2139199691331591,-0.2630964151632408,0.23220567533100378,-0.6207095881453757,0.21377169567833132,-0.2636891629224376
0.466,0.21374012999812722,-0.26653235188818564,0.23095687105845758,-0.6244021362730997,0.21324071955550897,-0.2654880614111779
0.468,0.21302783355559313,-0.26761173278495703,0.22970054629697617,-0.6281623807407075,0.2127059774801079,-0.2673710377005365
0.47000000000000003,0.21259946898546883,-0.27085881417347407,0.22843654120581944,-0.6320025455783672,0.21216728115858835,-0.26934816075976425
0.47200000000000003,0.2116609713820448,-0.27222904507532186,0.22716467173583438,-0.6359347349925296,0.21162442231633086,-0.27142942112874496
0.47400000000000003,0.2113262026229595,-0.26944934657936354,0.22588472990223663,-0.639970916798874,0.21107717288118047,-0.2736247175751962
0.47600000000000003,0.2108287112570074,-0.2787962554468226,0.22459648409020982,-0.6441229060133952,0.21052528519347924,-0.27594384385061504
0.47800000000000004,0.20998574731752642,-0.27610525683479464,0.2232996793929679,-0.6484023486209547,0.2099684922423584,-0.27839647556042185
0.48,0.20910946864883603,-0.2822280400088546,0.22199403798188708,-0.6528207055404128,0.20940650792803114,-0.2809921571636299
0.482,0.20883373324611096,-0.2837411337299071,0.2206792595082766,-0.6573892368052336,0.20883902734979667,-0.28374028911724003
0.484,0.20831501102672448,-0.2892024977866236,0.2193550215363202,-0.662118985978206,0.20826572711943583,-0.28665011518042
0.486,0.20785954265462173,-0.2919339460931631,0.21802098000668288,-0.6670207648186532,0.20768626569964907,-0.28973070989338356
0.488,0.2075395115571323,-0.29326628050076964,0.21667676973024244,-0.6721051382202151,0.2071002837671576,-0.292990966245723
0.49,0.20687513191540696,-0.3009543995565425,0.2153220049113685,-0.6773824094369705,0.20650740460006006,-0.29643958354877603
0.492,0.2063952910303604,-0.3023033443653739,0.2139562797001378,-0.68286260561534,0.20590723448900725,-0.3000850555264141
0.494,0.20588082213933298,-0.3057124861052046,0.2125791687728401,-0.688555463648853,0.2052993631717304,-0.3039356586384231
0.496,0.20461839036263604,-0.3095280694035758,0.21119022794009512,-0.6944704163724928,0.20468336429042958,-0.3079994406504052
0.498,0.20405375257320996,-0.3143729434418698,0.20978899478186924,-0.7006165791129415,0.20405879587150186,-0.3122842094638616
0.5,0.20368424786656122,-0.3217779583084909,0.20837498930864798,-0.7070027366106362,0.20342520082706222,-0.3167975222198142
0.502,0.20295801551858986,-0.31868920541218354,0.20694771464798972,-0.7136373303291217,0.20278210747768424,-0.3215466746889964
0.504,0.20204342974193762,-0.3291177985109016,0.20550665775565624,-0.720528446166737,0.20212903009576166,-0.3265386909612825
0.506,0.20119517786075478,-0.3332033259634496,0.20405129015048581,-0.7276838025852107,0.20146546946886837,-0.3317803134466423
0.508,0.20064266384570784,-0.3395634486235397,0.20258106867214729,-0.7351107391692638,0.20079091348246939,-0.33727799319949753
0.51,0.2007502612720719,-0.34360497268628587,0.20109543626088566,-0.7428162056308182,0.20010483772131352,-0.34303788057793205
0.512,0.19982947886322627,-0.3508536696842851,0.19959382275834386,-0.7508067512709031,0.19940670608881597,-0.3490658162487681
0.514,0.19897495980661759,-0.3596877424142006,0.1980756457285202,-0.7590885149118256,0.19869597144371784,-0.35536732254906994
0.516,0.1981193351568274,-0.3608300379279759,0.19654031129789695,-0.7676672153116287,0.19797207625328947,-0.361947595214185
0.518,0.1972601229316994,-0.37074390420535,0.19498721501375232,-0.7765481420723132,0.19723445326232553,-0.3688114954819744
0.52,0.196932619240749,-0.3800073378130702,0.19341574271964687,-0.7857361470527284,0.19648252617716067,-0.3759635425824311
0.522,0.19602213697993345,-0.38203270558397556,0.19182527144705394,-0.7952356362964643,0.1957157103639178,-0.3834079066214295
0.524,0.19474729536199345,-0.39105730647251064,0.190215170322085,-0.8050505624844826,0.194933413560184,-0.3911484018668976
0.526,0.1942215879950227,-0.39823162853804067,0.18858480148624174,-0.8151844179216308,0.19413503659929351,-0.39918848044525085
0.528,0.19335761391639159,-0.40627169675585945,0.1869335210301106,-0.8256402280655667,0.19331997414638258,-0.40753122645547313
0.53,0.19267120737930968,-0.4181223745434852,0.18526067993889858,-0.8364205456060069,0.19248761544536702,-0.4161793505077733
0.532,0.19172140454280176,-0.42726672302680063,0.18356562504869542,-0.847527445101579,0.19163734507598046,-0.4251351846932842
0.534,0.19081195063552406,-0.43743458281119635,0.18184770001233355,-0.8589625181809267,0.19076854371999885,-0.43440067799080057
0.536,0.19001163989627032,-0.4458668560962778,0.18010624627370542,-0.8707268693140686,0.1898805889357667,-0.44397739211607545
0.538,0.18915357575109118,-0.4588228298458144,0.1783406040493867,-0.8828211121593633,0.18897285594012928,-0.4538664978187075
0.54,0.18783848827028432,-0.46295218761801815,0.17655011331640516,-0.8952453664907774,0.18804471839686696,-0.4640687716311555
0.542,0.18694558461288266,-0.4741474586020692,0.17473411480498618,-0.9079992557094912,0.18709554921071914,-0.47458459307391054
0.544,0.18626948452180425,-0.48578038914331484,0.17289195099509977,-0.9210819049432123,0.18612472132607846,-0.4854139423203437
0.546,0.18516966629172937,-0.49784583503866486,0.17102296711562798,-0.9344919397358936,0.18513160852943,-0.49655639832422477
0.548,0.1840603943161722,-0.5092192070366521,0.1691265121449682,-0.948227485329888,0.18411558625460525,-0.5080111374123822
0.55,0.1833504398719071,-0.5180842862352206,0.16720193981188444,-0.962286166541887,0.18307603238991638,-0.5197769323444419
0.552,0.1822999342498054,-0.5307137841103903,0.1652486095954178,-0.9766651082333235,0.18201232808623427,-0.531852151841048
0.554,0.181022058814519,-0.5495543787192869,0.1632658877226673,-0.9913609363752346,0.1809238585650714,-0.5442347605814316
0.556,0.17987127682254286,-0.5572020907520971,0.1612531481632535,-1.0063697797069073,0.1798100139257301,-0.5569223196706554
0.558,0.17872627721347628,-0.5717346716328248,0.1592097736192796,-1.0216872719869514,0.17867018995057746,-0.5699119875763238
0.56,0.1780436955368026,-0.5828045095980637,0.15713515650961007,-1.0373085548347671,0.17750378890750942,-0.5832005215340097
0.562,0.17609212301079988,-0.597628057512277,0.15502869994729065,-1.0532282811597051,0.1763102203486692,-0.5967842794201149
0.5640000000000001,0.17496688263679822,-0.6101374188907955,0.15288981870894158,-1.0694406191745396,0.1750889019044885,-0.6106592220903445
0.5660000000000001,0.17406184577914316,-0.6271473314144898,0.15071794019496315,-1.085939256989213,0.1738392600721256,-0.6248209161814455
0.5680000000000001,0.1724684827177993,-0.6371830915037607,0.14851250537940286,-1.1027174077801438,0.17256073099737895,-0.6392645373733311
0.5700000000000001,0.17123909344049457,-0.6574671918659882,0.1462729697483434,-1.1197678155297306,0.17125276124916258,-0.6539848741081868
0.5720000000000001,0.1699458064659861,-0.6709432536101014,0.14399880422568334,-1.1370827613300314,0.16991480858563732,-0.6689763317626347
0.5740000000000001,0.16856120784972856,-0.6848653833318016,0.14168949608519543,-1.1546540702439512,0.16854634271110028,-0.6842329372685145
0.5760000000000001,0.16730910579438224,-0.7023917376838115,0.13934454984776218,-1.172473118716626,0.16714684602274563,-0.6997483441773305
0.578,0.1659306624316777,-0.7173010939111413,0.13696348816270407,-1.1905308425290617,0.16571581434641983,-0.7155158381629069
0.58,0.16423389884094713,-0.7345506139967761,0.13454585267213315,-1.2088177452854576,0.16425275766050723,-0.7315283429562961
0.582,0.16245320543749456,-0.748768491244373,0.1320912048572831,-1.2273239074250268,0.16275720080709424,-0.7477784267064889
0.584,0.16147279725679914,-0.7634142625097418,0.12959912686578606,-1.2460389957485214,0.16122868418957426,-0.7642583087599923
0.586,0.15956194515554528,-0.7822652499557351,0.12706922231888793,-1.2649522734490655,0.15966676445587052,-0.7809598668518628
0.588,0.1579568972825068,-0.7996625139954435,0.12450111709761529,-1.284052610636319,0.1580710151664699,-0.7978746447003086
0.59,0.1561782385158584,-0.8180099943725163,0.12189446010693046,-1.303328495342411,0.15644102744647687,-0.8149938599965186
0.592,0.1548977202596096,-0.8361073087922892,0.11924892401693542,-1.322768044997521,0.15477641062091502,-0.8323084127809186
0.594,0.15308969500316483,-0.8514808877093865,0.11656420598021056,-1.342359018362434,0.1530767928325218,-0.8498088941966134
0.596,0.15128636463280007,-0.8715534258069599,0.11384002832440085,-1.3620888279048506,0.1513418216413011,-0.867485595610342
0.598,0.1498487231980094,-0.8864534493707786,0.11107613921918942,-1.3819445526057113,0.1495711646051194,-0.8853285180908471
0.6,0.1479690088741441,-0.9064113303626076,0.10827231331682685,-1.4019129511812813,0.1477645098406511,-0.9033273822341513
0.602,0.14584669783380458,-0.9204083046471399,0.10542835236541437,-1.421980475706241,0.14592156656400143,-0.9214716383248289
0.604,0.14413880761034692,-0.9404216543405888,0.10254408579416928,-1.4421332856225477,0.14404206561035748,-0.9397504768219751
0.606,0.141914878527774,-0.9572763561584603,0.09961937126993255,-1.462357262118365,0.1421257599320411,-0.9581528391581972
0.608,0.1401244075853859,-0.9771078672606958,0.09665409522421073,-1.482638022860908,0.14017242507436192,-0.9766674288395871
0.61,0.13845678549015028,-0.9997205439666433,0.0936481733500775,-1.502960937066616,0.13818185962869337,-0.9952827228342844
0.612,0.1361785023202465,-1.0118637546516476,0.0906015510682942,-1.5233111408916473,0.13615388566221956,-1.013986983236899
0.614,0.1342019436289728,-1.0337695073222322,0.08751420396204361,-1.5436735531252956,0.13408834912382808,-1.0327682691957416
0.616,0.13185906936517744,-1.0522667173215512,0.08438613817970653,-1.564032891168542,0.1319851202256491,-1.0516144490894945
0.618,0.13013778840687334,-1.0711497452367866,0.08121739080514732,-1.5843736872796008,0.12984409379976977,-1.0705132129396662
0.62,0.12776981754016462,-1.0915687977616666,0.07800803019501139,-1.6046803050679694,0.12766518962968001,-1.0894520850448837
0.622,0.1256838788144255,-1.1102641316743362,0.07475815628257504,-1.6249369562181744,0.1254483527560344,-1.108418436822819
0.624,0.12303361111929663,-1.126929484248512,0.07146790084772683,-1.6451277174241021,0.12319355375634382,-1.1273994998452876
0.626,0.1208759175606431,-1.1427660118771075,0.06813742775269778,-1.6652365475145239,0.12090078899824017,-1.1463823790518284
0.628,0.11826795365580912,-1.166024489097304,0.06476693314319745,-1.68524730475016,0.11857008086598647,-1.1653540661268496
0.63,0.11611185885978369,-1.185849496647944,0.06135664561465266,-1.7051437642723961,0.11620147795993602,-1.1843014530252276
0.632,0.11363878279577395,-1.2029077088126718,0.05790682634328557,-1.724909635683546,0.11379505526867391,-1.2032113456310556
0.634,0.11144103792855747,-1.2222764168857618,0.05441776918180885,-1.7445285807383606,0.11135091431360576,-1.2220704775340712
0.636,0.10928460760724872,-1.2430217790594684,0.05088980071955622,-1.7639842311263139,0.10886918326578948,-1.24086552390814
0.638,0.1062808214875086,-1.25830492103666,0.04732328030690811,-1.7832602063240524,0.1063500170348374,-1.2595831154760375
0.64,0.10383825505240714,-1.2789357813114077,0.04371860004391358,-1.8023401314972656,0.1037935973297481,-1.2782098525446501
0.642,0.10156528441145452,-1.2992484791813501,0.040076184733051294,-1.821207655431142,0.10120013269155885,-1.2967323190946243
0.644,0.09875240789961472,-1.3145851005292575,0.0363964917961143,-1.839846468468494,0.09856985849774205,-1.315137096908401
0.646,0.09568375867344583,-1.3361912062268864,0.03268001115524512,-1.8582403204345928,0.09590303693830102,-1.3334107797205186
0.648,0.0930988978744913,-1.3525790394046011,0.028927265078189678,-1.8763730385277195,0.09319995696355299,-1.3515399873740122
0.65,0.09082331874085912,-1.3715907967885044,0.025138807987880776,-1.8942285451544498,0.09046093420361954,-1.3695113799667182
0.652,0.08800991830973012,-1.3847747254761245,0.021315226236503372,-1.911790875688703,0.08768631085967699,-1.38731167197128
0.654,0.08468125479872242,-1.4040783316880385,0.017457137844236078,-1.9290441961336477,0.08487645556705167,-1.4049276463126572
0.656,0.08204494362511251,-1.421790481510492,0.013565192202904825,-1.945972820665626,0.08203176323027771,-1.42234616838698
0.658,0.07902449682211847,-1.4381089532732965,0.009640069744826101,-1.9625612290393621,0.07915265483026646,-1.4395542000056225
0.66,0.0759514313465957,-1.457342690607453,0.00568248157715839,-1.9787940838338556,0.07623957720376956,-1.456538813248448
0.662,0.0735572686476271,-1.473457766218132,0.0016931690821213891,-1.9946562475185003,0.07329300279534905,-1.4732872042102554
0.664,0.0700773488910957,-1.4901254688531547,-0.0023270965165169454,-2.0101327993191673,0.07031342938209992,-1.4897867066245627
0.666,0.06726873430042808,-1.508258326577031,-0.006377514620245311,-2.0252090518641825,0.06730137977140195,-1.5060248053489855
0.668,0.06402245261789287,-1.5257864324595036,-0.010457255755426047,-2.039870567590368,0.06425740147200873,-1.5219891496966078
0.67,0.06115678622031743,-1.5399826127846523,-0.0145654621052052,-2.054103174889577,0.06118206633881292,-1.5376675665979043
0.672,0.05797681666947755,-1.5516766977753684,-0.018701248073158053,-2.0678929839764266,0.05807597019165703,-1.5530480735779477
0.674,0.05489040622640485,-1.5704384327926568,-0.022863700878074558,-2.0812264024582525,0.054939732408589355,-1.5681188915338367
0.676,0.05182545224296661,-1.5829648053738008,-0.02705188117925183,-2.094090150588635,0.051773995493994376,-1.5828684572974876
0.678,0.04828084632749517,-1.5999331329710043,-0.03126482373162425,-2.106471276186211,0.04857942462205603,-1.5972854359691742
0.68,0.04522702423676781,-1.6121059342898856,-0.035501538070025984,-2.118357169200868,0.04535670715604115,-1.6113587330074415
0.682,0.04205323017217648,-1.626593507928282,-0.039761009221845625,-2.1297355759098195,0.04210655214391855,-1.6250775060612979
0.684,0.03894817480442108,-1.6350227671310824,-0.04404219844729864,-2.1405946127265074,0.03882968979085681,-1.6384311765308683
0.686,0.0357376592564898,-1.6534326243832682,-0.04834404400651006,-2.1509227796057098,0.03552687090917082,-1.6514094408429978
0.6880000000000001,0.03221617864198409,-1.6693546234827767,-0.05266546195256753,-2.160708973028734,0.03219886634631359,-1.6640022814286153
0.6900000000000001,0.028856541261628513,-1.6734192959425904,-0.05700534694967364,-2.1699424985530547,0.02884646639153558,-1.676199977389004
0.6920000000000001,0.02546362149014391,-1.690196556171154,-0.06136257311549622,-2.178613082911292,0.025470480161858627,-1.6879931148384761
0.6940000000000001,0.021830531155727285,-1.6977924571952543,-0.06573599488678615,-2.186710885644962,0.02207173496803598,-1.6993725969113227
0.6960000000000001,0.018920293573500398,-1.7112420395663326,-0.07012444790730414,-2.1942265102589937,0.0186510756611934,-1.7103296534212893
0.6980000000000001,0.015358146899727974,-1.7237342176146089,-0.07452674993707133,-2.201151014883592,0.01520936396086894,-1.720855850162231
0.7000000000000001,0.011873682980146657,-1.7312576878514319,-0.07894170178193258,-2.207475922430622,0.01174747776519091,-1.7309430978390148
0.7020000000000001,0.008272576944657531,-1.7417267756106392,-0.08336808824239722,-2.213193230232321,0.008266310443954586,-1.7405836606181622
0.704,0.004716123193197951,-1.7523839645750459,-0.08780467908069874,-2.2182954191507585,0.004766770115378243,-1.7497701642881716
0.706,0.0009568251534005673,-1.758067924036977,-0.09225023000499302,-2.2227754621471427,0.001249778907338418,-1.7584956040199122
0.708,-0.0022495097472265344,-1.7659632642779322,-0.09670348366959447,-2.226626832300721,-0.002283727796097482,-1.76675335171795
0.71,-0.005974062805573489,-1.7740272437513311,-0.10116317069012988,-2.229843510267703,-0.00583280212200577,-1.7745371629541442
0.712,-0.009726671518478254,-1.7834397733527232,-0.10562801067247257,-2.2324199911713465,-0.00939648448895647,-1.7818411834753494
0.714,-0.013466933125121,-1.789543359396515,-0.11009671325430262,-2.234351290915026,-0.012973804399511572,-1.7886599552775513
0.716,-0.0168991032870349,-1.7929934896763928,-0.11456797915812432,-2.2356329519108495,-0.016563781243990144,-1.794988422239286
0.718,-0.020274412597167654,-1.8030501834923183,-0.1190405012545585,-2.236261048217092,-0.020165425114605555,-1.8008219353077062
0.72,-0.02419930973871403,-1.8102535424938593,-0.12351296563471544,-2.2362321900784665,-0.02377773762906794,-1.806156257231193
0.722,-0.027615724594422388,-1.811081343644339,-0.1279840526904434,-2.235543527863991,-0.02739971276273384,-1.8109875668329496
0.724,-0.030968219435851534,-1.8153624524832983,-0.1324524382012393,-2.234192755397955,-0.03103033768837495,-1.8153124628205546
0.726,-0.03483139151547501,-1.8204700267540723,-0.13691679442659982,-2.232178112680256,-0.03466859362262898,-1.8191279671270146
0.728,-0.038284397025059584,-1.8223568461533406,-0.14137579120258606,-2.229498387993124,-0.038313456678187786,-1.8224315277794025
0.73,-0.042142351013840014,-1.8290183484838307,-0.14582809704137012,-2.2261529193920238,-0.04196389872077127,-1.8252210212917421
0.732,-0.045645306414100306,-1.8299731846097065,-0.15027238023252867,-2.222141595579282,-0.04561888822992999,-1.8274947545793603
0.734,-0.04878515841222455,-1.8317710581852986,-0.1547073099448482,-2.2174648561597547,-0.049277391162715,-1.8292514663925032
0.736,-0.052542209165720416,-1.8328523801832932,-0.15913155732740542,-2.2121236912786126,-0.05293837181925017,-1.8304903282675882
0.738,-0.05661419319885145,-1.8283760040997643,-0.1635437966086896,-2.2061196406420844,-0.056600793709240246,-1.831210944995036
0.74,-0.060578508329452774,-1.8331456285320176,-0.16794270619253512,-2.199454791922761,-0.06026362041844667,-1.8314133546032108
0.742,-0.06418754707869584,-1.8338287529973032,-0.17232696974963874,-2.192131778551809,-0.0639258164741638,-1.8310980278585691
0.744,-0.06778667547362315,-1.8294817391871947,-0.17669527730344115,-2.1841537769012036,-0.0675863482087292,-1.8302658672827017
0.746,-0.07133047275718873,-1.8299042614171184,-0.1810463263091608,-2.175524502859824,-0.07124418462010426,-1.8289182056875248
0.748,-0.0748558437955481,-1.8257783076562892,-0.1853788227247768,-2.1662482078079957,-0.07489829822856518,-1.8270568042304578
0.75,-0.07874954699182099,-1.82608377992246,-0.18969148207276837,-2.1563296739957933,-0.07854766592854916,-1.82468384999199
0.752,-0.0822963164799996,-1.8232230481060474,-0.19398303049143062,-2.1457742093311243,-0.0821912698347064,-1.8218019530786174
0.754,-0.0861068081402133,-1.8229715069595975,-0.1982522057745993,-2.1345876415843352,-0.08582809812121578,-1.8184141432546872
0.756,-0.08999029303253268,-1.8147013326756383,-0.20249775839863282,-2.1227763120167666,-0.08945714585343029,-1.8145238661072516
0.758,-0.09314315581045085,-1.813640614437206,-0.20671845253551557,-2.110347068441371,-0.09307741581092746,-1.810134978748588
0.76,-0.0968891718234635,-1.804738220604451,-0.2109130670509639,-2.0973072577241743,-0.09668791930105064,-1.8052517450615893
0.762,-0.10031102878420498,-1.7994676465450965,-0.21508039648643595,-2.0836647177360166,-0.10028767696203818,-1.7998788304937656
0.764,-0.10392271687976541,-1.7914179910122778,-0.21921925202396525,-2.069427768764652,-0.10387571955485046,-1.7940212964061406
0.766,-0.10752858041785467,-1.7865490886074595,-0.22332846243276105,-2.0546052043979053,-0.10745108874281814,-1.787684593983839
0.768,-0.1111970576145556,-1.7815345909795093,-0.22740687499653944,-2.0392062818891903,-0.11101283785824952,-1.7808745577156866
0.77,-0.11440874694564282,-1.7750860122469656,-0.23145335642057402,-2.0232407120172917,-0.1145600326551508,-1.7735973984506423
0.772,-0.11827075173108716,-1.766920919266215,-0.23546679371747978,-2.0067186484528743,-0.11809175204722956,-1.7658596960393833
0.774,-0.12161241446311383,-1.7571599371191373,-0.23944609507076925,-1.9896506766447417,-0.12160708883036925,-1.7576683915698401
0.776,-0.12521156334466996,-1.7501492921130701,-0.24339019067524806,-1.972047802239402,-0.12510515038878117,-1.7490307792059592
0.778,-0.12871710664673308,-1.740295281795408,-0.24729803355334407,-1.9539214390480035,-0.12858505938406,-1.739954497639423
0.78,-0.1321012773793114,-1.7269027808551136,-0.25116860034649446,-1.935283396575209,-0.13204595442638903,-1.730447521164509
0.782,-0.13550646589791318,-1.7202295802593481,-0.25500089208074456,-1.9161458671250375,-0.13548699072716242,-1.7205181503866998
0.784,-0.13871713127168017,-1.7096839756459663,-0.2587939349057429,-1.8965214124991663,-0.13890734073231456,-1.7101750025760778
0.786,-0.14219682991404595,-1.7000009058343537,-0.2625467808063501,-1.8764229503036052,-0.14230619473566844,-1.6994270016769433
0.788,-0.14545405937827724,-1.6893180104286054,-0.26625850828611025,-1.8558637398800744,-0.14568276147163942,-1.6882833679854832
0.79,-0.14944382604563353,-1.6777141550900383,-0.26992822302186786,-1.8348573678787947,-0.14903626868665482,-1.676753607507696
0.792,-0.1523645694721151,-1.6634352168097382,-0.2735550584888474,-1.8134177334897725,-0.15236596368867508,-1.6648475010101365
0.794,-0.15589480562961236,-1.6527662124539126,-0.2771381765555474,-1.7915590333499944,-0.15567111387422786,-1.652575092776385
0.796,-0.15902171699526219,-1.6380002431802632,-0.280676768047836,-1.7692957461442764,-0.15895100723239283,-1.6399466790824813
0.798,-0.16239027097672626,-1.6295317905283533,-0.2841700532816716,-1.746642616917802,-0.16220495282520256,-1.6269727964048641
0.8,-0.16526599564107605,-1.613842165271286,-0.28761728256390895,-1.7236146411186628,-0.16543228124395187,-1.6136642093746572
0.802,-0.16864741538849173,-1.6016205114304463,-0.29101773666068687,-1.7002270483889652,-0.16863234504093672,-1.600031898492419
0.804,-0.17170033468889648,-1.580870036312915,-0.29437072723293345,-1.676495286123296,-0.17180451913617217,-1.5860870476177298
0.806,-0.17518770503799655,-1.5710753910358546,-0.2976755972385605,-1.6524350028135477,-0.17494820119866863,-1.5718410312482352
0.808,-0.17829290512441012,-1.559952050971586,-0.3009317213009591,-1.6280620311992884,-0.1780628120018746,-1.5573054016029833
0.81,-0.18111604620535038,-1.5415936483872765,-0.3041385060434451,-1.6033923712430198,-0.1811477957529248,-1.542491875525106
0.812,-0.1843855860317484,-1.5301553356896471,-0.3072953903893447,-1.5784421729498122,-0.18420262039536295,-1.5274123212190756
0.8140000000000001,-0.18725267615955252,-1.5109220920778972,-0.31040184582744657,-1.5532277190509138,-0.18722677788503883,-1.5120787448379394
0.8160000000000001,-0.1907305964614637,-1.496198819349986,-0.31345737664258866,-1.5277654075710374,-0.19021978443891102,-1.4965032769360909
0.8180000000000001,-0.19315968108324247,-1.4857609103970435,-0.31646152011118683,-1.5020717342990888,-0.19318118075651755,-1.4806981588032584
0.8200000000000001,-0.1959676829884728,-1.468298184140188,-0.31941384666155115,-1.476163275182163,-0.1961105322139086,-1.4646757286955179
0.8220000000000001,-0.19917672487673987,-1.4483839822367495,-0.32231395999887646,-1.450056668662657,-0.19900742902986704,-1.4484484079792217
0.8240000000000001,-0.2018070822831207,-1.4349609965908807,-0.32516149719483317,-1.4237685979783605,-0.20187148640427469,-1.4320286872038215
0.8260000000000001,-0.205118317918274,-1.4130733289468904,-0.3279561287417239,-1.3973157734453716,-0.20470234462851392,-1.4154291121196145
0.8280000000000001,-0.20795121872519984,-1.400929402564178,-0.33069755857121125,-1.3707149147436513,-0.2074996691678269,-1.398662269656487
0.8300000000000001,-0.2102530366957663,-1.3823009381640574,-0.3333855240376612,-1.3439827332249774,-0.21026315071558638,-1.3817407738797503
0.8320000000000001,-0.2134060744479537,-1.3621723765843008,-0.3360197958661872,-1.3171359142629857,-0.21299250521946472,-1.3646772519391661
0.834,-0.21577614639042156,-1.352365291137945,-0.33860017806551695,-1.2901910996648869,-0.21568747387951923,-1.3474843300272463
0.836,-0.21842775340194256,-1.3296185273230159,-0.34112650780584564,-1.263164870164342,-0.21834782311824497,-1.3301746193628756
0.838,-0.22111610549142724,-1.312606394586467,-0.34359865526187533,-1.2360737280148386,-0.22097334452267747,-1.3127607022162597
0.84,-0.22360827527401161,-1.2982842916051667,-0.34601652342128086,-1.2089340797027601,-0.22356385475865972,-1.2952551179911287
0.842,-0.22606176781530146,-1.2777128294449274,-0.3483800478588792,-1.1817622187991723,-0.22611919545741982,-1.2776703493800405
0.844,-0.2285991353452175,-1.261755195607364,-0.3506891964768175,-1.1545743089691558,-0.22863923307463688,-1.2600188086085282
0.846,-0.2311816508462905,-1.2463505973468092,-0.35294396921113214,-1.127386367157309,-0.23112385872220428,-1.2423128237837084
0.848,-0.23406119088010433,-1.2289609836457547,-0.3551443977050678,-1.1002142469678189,-0.23357298797292994,-1.224564625362835
0.85,-0.2360928076661551,-1.2061860294123712,-0.3572905449495823,-1.0730736222572521,-0.2359865606384442,-1.2067863327571249
0.852,-0.23867326198967176,-1.1912754118570221,-0.3593825048914982,-1.0459799709579607,-0.23836454052061623,-1.1889899410860105
0.854,-0.24072881341174812,-1.1716510201203174,-0.36142040200979764,-1.0189485591497136,-0.2407069151368098,-1.1711873080967883
0.856,-0.24323007824522258,-1.1563672200360684,-0.3634043908605914,-0.9919944253968758,-0.24301369541933865,-1.1533901412644219
0.858,-0.2450625034157211,-1.1387281872104251,-0.36533465559132766,-0.965132365368141,-0.24528491538951075,-1.135609985086048
0.86,-0.24758532126590438,-1.1182143533695228,-0.36721140942483865,-0.9383769167554984,-0.24752063180667971,-1.1178582085844868
0.862,-0.24959705725191575,-1.100385749510067,-0.3690348941138562,-0.9117423445087703,-0.24972092379274935,-1.1001459930348167
0.864,-0.2522707025481638,-1.0832704446624843,-0.3708053793666596,-0.885242626401698,-0.25188589243260495,-1.0824843199277991
0.866,-0.25398574960886666,-1.066014875632876,-0.37252316224454995,-0.8588914389451789,-0.2540156603509723,-1.064883959183664
0.868,-0.25635321429099206,-1.0478735387920266,-0.3741885665318757,-0.832702143662871,-0.2561103712662312,-1.047355457629469
0.87,-0.2586018330415059,-1.0306668084382185,-0.3758019420793637,-0.8066877737439726,-0.2581701895217371,-1.0299091277529342
0.872,-0.25993587207191066,-1.0099233333478994,-0.3773636641215388,-0.7808610210875739,-0.26019529959522775,-1.0125550367453349
0.874,-0.2624148240381947,-0.9975814358795713,-0.3788741325690439,-0.7552342237525382,-0.2621859055869191,-0.9953029958456955
0.876,-0.26394937439616833,-0.976874063438888,-0.38033377127669676,-0.7298193538264306,-0.2641422306869155,-0.9781625499981788
0.878,-0.26622722404331706,-0.9593488367335357,-0.38174302728814985,-0.7046280057265516,-0.2660645166225839,-0.9611429678342028
0.88,-0.26828371721389144,-0.9501296055617213,-0.38310237005804115,-0.6796713849456605,-0.26795302308656477,-0.9442532319904443
0.882,-0.2696122478921629,-0.9293393964128801,-0.3844122906525501,-0.6549602972544926,-0.26980802714611174,-0.9275020297734986
0.884,-0.2719182191885114,-0.9109111529132329,-0.38567330092929547,-0.6305051383726757,-0.2716298226344749,-0.9108977441815715
0.886,-0.273180789138309,-0.8963523721670795,-0.38688593269753374,-0.6063158841191478,-0.2734187195250612,-0.8944484452931676
0.888,-0.2752782355671991,-0.8770051999368593,-0.38805073685963903,-0.5824020810526589,-0.27517504328912584,-0.8781618820323204
0.89,-0.27697655140757893,-0.8611791453356076,-0.38916828253486385,-0.5587728376124202,-0.2768991342377648,-0.862045474319482
0.892,-0.2787210603628143,-0.8460518144311507,-0.39023915616640076,-0.5354368157684395,-0.2785913468489983,-0.8461063056167478
0.894,-0.28063692416948777,-0.8342442744684948,-0.3912639606127819,-0.5124022231905748,-0.2802520490807496,-0.8303511158756457
0.896,-0.28192189109281096,-0.8149839673548627,-0.3922433142246717,-0.4896768059448819,-0.2818816216705401,-0.8147862948952599
0.898,-0.28365335425045257,-0.8017302656880589,-0.39317784990812266,-0.46726784172549607,-0.2834804574227361,-0.7994178760979962
0.9,-0.2852204982472993,-0.7817045926060313,-0.3940682141753832,-0.44518213363025705,-0.2850489604841957,-0.7842515307298185
0.902,-0.2865683835197447,-0.7707425394758325,-0.394915066184361,-0.42342600448891654,-0.2865875456091783,-0.7692925624913085
0.904,-0.28839239830268487,-0.7542433878921033,-0.39571907676787077,-0.4020052917548753,-0.2880966374143891,-0.7545459026054107
0.906,-0.289686221583352,-0.7433773749394654,-0.39648092745382413,-0.3809253429766653,-0.2895766696250436,-0.7400161053272307
0.908,-0.2910256733652509,-0.7273600169740356,-0.3972013094775788,-0.3601910118773392,-0.2910280843128451,-0.7257073439007561
0.91,-0.29242194177680736,-0.713214398776469,-0.3978809227877702,-0.3398066550956936,-0.29245133112677885,-0.7116234069668598
0.912,-0.293932653906533,-0.6903076921288936,-0.39852047504716437,-0.31977612969709385,-0.29384686651763176,-0.6977676954264412
0.914,-0.29489128190801595,-0.68043845729698,-0.3991206806305073,-0.30010279167148807,-0.29521515295715584,-0.6841432197620395
0.916,-0.29643149109371875,-0.6734074391577778,-0.39968225962221837,-0.28078949585551477,-0.2965566581527973,-0.6707525978207387
0.918,-0.29794711980199023,-0.6614988040884325,-0.4002059368185084,-0.2618385981450321,-0.2978718542589186,-0.6575980530606618
0.92,-0.29913109917167574,-0.6439186449788177,-0.4006924407418866,-0.24325196168909574,-0.29916121708544424,-0.6446814132628252
0.922,-0.30018010971902875,-0.632535130941367,-0.40114250268250645,-0.22503097030992106,-0.30042522530486343,-0.6320041097096011
0.924,-0.3019605445675236,-0.6184258407038755,-0.4015568557930316,-0.2071765552625696,-0.30166435965852445,-0.6195671768305026
0.926,-0.30286729105201693,-0.6070259018631021,-0.40193623428630953,-0.18968924663898473,-0.30287910216315544,-0.6073712523154835
0.928,-0.3041236307553447,-0.5949212671709068,-0.40228137282611487,-0.1725692699026604,-0.30406993531854626,-0.5954165776954097
0.93,-0.3052134078377547,-0.5860616714217529,-0.4025930062738284,-0.15581672385676815,-0.30523734131732394,-0.5837029993888326
0.932,-0.30660676396889036,-0.5736061176117085,-0.4028718700791714,-0.1394319026715183,-0.3063818012577513,-0.5722299702136668
0.934,-0.30775043483271686,-0.5587155837204311,-0.4031187018115861,-0.12341586620734779,-0.307503794360475,-0.5609965513618447
0.936,-0.3089012426045618,-0.5498253589289953,-0.4033342446574987,-0.10777142295628223,-0.30860379719014397,-0.5500014148344987
0.9380000000000001,-0.3102225363109317,-0.5390437435257665,-0.4035192541794447,-0.09250476097300865,-0.30968228288281335,-0.5392428463346972
0.9400000000000001,-0.31056191942847916,-0.5286750979000662,-0.4036745101799816,-0.07762800026848424,-0.31073972038004183,-0.5287187486142405
0.9420000000000001,-0.31203569150642624,-0.5182990512537435,-0.403800835795538,-0.06316280777817117,-0.31177657367058287,-0.5184266452705101
0.9440000000000001,-0.3129081306869875,-0.507598649497947,-0.40389912500190306,-0.049144603182532595,-0.3127933010405606,-0.5083636849888499
0.9460000000000001,-0.31427518295496815,-0.49876689926385115,-0.403970375742787,-0.03562537044196851,-0.3137903543330115,-0.49852664622545456
0.9480000000000001,-0.3147632557989538,-0.48947741582501,-0.4040157174988233,-0.02267087801815336,-0.31476817821766195,-0.4889119423252389
0.9500000000000001,-0.3156413712953225,-0.47589316169427326,-0.40403641298592613,-0.010347743551395184,-0.3157272094717993,-0.4795156270686665
0.9520000000000001,-0.31673133350964366,-0.47171998373422547,-0.40403381659538623,0.00129819526996168,-0.31666787627308135,-0.47033340064103124
0.9540000000000001,-0.3174452589156253,-0.4575953661898252,-0.4040092963094441,0.01226014297107678,-0.31759059750511576,-0.4613606160172017
0.9560000000000001,-0.3187089360675865,-0.4536701297028367,-0.4039641522963594,0.022572006542359514,-0.3184957820766245,-0.4525922857543709
0.9580000000000001,-0.3197135329164469,-0.44274825456645,-0.40389956402950916,0.03229413342513211,-0.3193838282549943,-0.4440230891848873
0.96,-0.3203057071764212,-0.43724025124113625,-0.4038165735131035,0.0414952582028312,-0.32025512301499587,-0.4356473800007916
0.962,-0.3214329029508621,-0.43124708340161777,-0.4037160934306091,0.05024004124720345,-0.32111004140343835,-0.4274591942212397
0.964,-0.3216683347215184,-0.4166035397642432,-0.40359892601683134,0.05858370688887409,-0.3219489459205055,-0.4194522585335606
0.966,-0.3228162754449711,-0.40840875511608665,-0.4034657833547598,0.06657133103578322,-0.32277218591850204,-0.41161999899827745
0.968,-0.3235273028913412,-0.4046572345208395,-0.40331730493762336,0.07423920856823352,-0.32358009701871804,-0.4039555501080108
0.97,-0.3244622334451478,-0.39437680259996866,-0.40315407140373216,0.08161676694560663,-0.3243730005470976,-0.3964517641897919
0.972,-0.3252786265753761,-0.39161113248556934,-0.40297661470660284,0.08872834856465091,-0.3251512029893775,-0.38910122113993195
0.974,-0.3259834593731218,-0.38111890724200054,-0.4027854254059649,0.09559465031897467,-0.32591499546633795,-0.38189623848023335
0.976,-0.3270611990269544,-0.37226078201310697,-0.4025809577855672,0.10223381019887001,-0.32666465322978594,-0.37482888172398193
0.978,-0.3273610910686223,-0.36791426949292727,-0.40236363338836867,0.10866219859926655,-0.3274004351798656,-0.3678909750398377
0.98,-0.3286142095979401,-0.36163937956176206,-0.40213384342200076,0.11489498318394344,-0.3281225834042685,-0.361074112201439
0.982,-0.3288854654800084,-0.3563491205541264,-0.40189195036715936,0.12094652742070822,-0.328831322739889,-0.3543696678102603
0.984,-0.32945491706210367,-0.3477172865400927,-0.4016382890279075,0.12683066962592698,-0.32952686035744705,-0.34776880877902144
0.986,-0.33008456263386,-0.3396696297425081,-0.40137316719371,0.13256091709874046,-0.3302093853695725,-0.3412625060627373
0.988,-0.33065429395493934,-0.33493327272510093,-0.4010968660333562,0.1381505801769181,-0.33087906846282117,-0.3348415466243349
0.99,-0.33161098430796127,-0.32786694707279623,-0.40080964030576793,0.14361286379413662,-0.33153606155406445,-0.32849654562165626
0.992,-0.332308602042722,-0.32064072853631176,-0.40051171844796096,0.14896092890347254,-0.3321804974716697,-0.32221795880262377
0.994,-0.3329166639314127,-0.3150952002567645,-0.40020330258306475,0.15420793244809575,-0.3328124896618605,-0.31599609509539234
0.996,-0.33378957472140247,-0.31150427067047387,-0.3998845684791027,0.1593670519810107,-0.33343213192062143,-0.3098211293804681
0.998,-0.3339444024481895,-0.303965158421065,-0.39955566548062993,0.16445149923638538,-0.3340394981514856,-0.30368311543208043
1.0,-0.33481733101874495,-0.2988655829887501,-0.39921671642922985,0.1694745257000534,-0.33463464214951877,-0.29757199901659126
1.002,-0.3353451723927046,-0.29131611270248686,-0.3988678175845302,0.17444942234982624,-0.33521759741179175,-0.291477631136488
1.004,-0.3356414412769167,-0.2869877667413494,-0.3985090385542874,0.17938951512142956,-0.335788376974611,-0.2853897814096254
1.006,-0.3365669700954859,-0.2778965584701617,-0.39814042223984136,0.1843081572230077,-0.336346973277761,-0.279298151574987
1.008,-0.3369777552611234,-0.27088410475124314,-0.39776198480161157,0.18921871911490543,-0.336893358055998,-0.27319238911852306
1.01,-0.33705254168850457,-0.2650867298386803,-0.39737371564810425,0.19413457675365223,-0.3374274822580297,-0.26706210101585126
1.012,-0.33769193057078783,-0.2573482945451417,-0.3969755774510176,0.1990690985433476,-0.33794927599321606,-0.26089686759316677
1.014,-0.3385486143067554,-0.25469011507712414,-0.3965675061883663,0.2040356313256614,-0.33845864850624435,-0.25468625651415533
1.016,-0.33894137830609,-0.2464715585276793,-0.39614941121704894,0.20904748565866896,-0.33895548818006405,-0.24841983690983657
1.018,-0.3394780445021657,-0.24025773524486888,-0.3957211753758973,0.21411792057581594,-0.3394396625674266,-0.24208719368126544
1.02,-0.34009093899555903,-0.23380735982781875,-0.3952826551199509,0.2192601279731811,-0.3399110184514738,-0.23567794202360642
1.022,-0.34025045715330204,-0.22935589155419053,-0.394833680686468,0.2244872167414435,-0.34036938193596744,-0.2291817422468172
1.024,-0.3406065500705044,-0.22137160747803084,-0.39437405629299715,0.2298121967354186,-0.3408145585659811,-0.22258831500681797
1.026,-0.3414999360931214,-0.21296782392945476,-0.39390356036768426,0.23524796265645637,-0.34124633348021555,-0.21588745711723892
1.028,-0.34189628846918474,-0.20879558272331264,-0.3934219458118647,0.2408072779097841,-0.34166447159660385,-0.20906905819413843
1.03,-0.3423180447184308,-0.20247639888087493,-0.39292894029488695,0.24650275848886288,-0.34206871783361853,-0.20212311850734505
1.032,-0.342634484964182,-0.19492933908960303,-0.3924242465810246,0.25234685693117065,-0.3424587973708023,-0.195039768591883
1.034,-0.3428919777055553,-0.18436533450232445,-0.39190754288825674,0.25835184638391506,-0.3428344159536848,-0.1878092914412527
1.036,-0.34344297017251335,-0.18194989559894084,-0.3913784832786296,0.2645298048135705,-0.3431952602506992,-0.18042214850718416
1.038,-0.34362505656455083,-0.16858596710053433,-0.3908366980798506,0.2708925993895025,-0.34354099827337686,-0.17286901133883645
1.04,-0.34361392815698627,-0.16733113957973295,-0.39028179433771254,0.27745187106904795,-0.3438712798766128,-0.16514080161796565
1.042,-0.3446467429887344,-0.15479797432481188,-0.38971335629889436,0.2842190194090916,-0.3441857373641224,-0.15722874375479784
1.044,-0.344279970808709,-0.1451515503951513,-0.3891309459236398,0.29120518762728087,-0.3444839862368486,-0.1491244363631263
1.046,-0.34430127032117125,-0.1374506669530105,-0.38853410342777084,0.2984212479344652,-0.3447656261413095,-0.14081995223045038
1.048,-0.3448125892637731,-0.1333180059602166,-0.38792234785345353,0.30587778715865116,-0.3450302421041804,-0.13230798143543454
1.05,-0.34542793263738336,-0.119331688286934,-0.3872951776680942,0.3135850926796797,-0.3452774061839818,-0.12358203990069261
1.052,-0.34552528895251866,-0.11355854475977128,-0.38665207139070834,0.32155313869290747,-0.3455066797381036,-0.1146367770609099
1.054,-0.3458886114749975,-0.10367479148403631,-0.3859924882450696,0.3297915728193791,-0.3457176166037066,-0.10546843280149584
1.056,-0.3457201820785221,-0.09472041950197017,-0.38531586883891106,0.3383097030792748,-0.3459097676362189,-0.09607551625615819
1.058,-0.3461988456806753,-0.08785979403096518,-0.38462163586842146,0.34711648524478533,-0.34608268724810254,-0.08645980594183025
1.06,-0.34662547237940144,-0.07739262165503374,-0.3839091948472455,0.3562205105879807,-0.34623594283456727,-0.07662779323237541
1.062,-0.3463414797032915,-0.06739936267006176,-0.3831779348591681,0.3656299940386824,-0.3463691281990619,-0.06659268224731327
1.064,-0.34611038195221383,-0.053280720916483976,-0.3824272293336345,0.3753527627668035,-0.3464818821070153,-0.05637695397670937
1.066,-0.34636930722449816,-0.045192212852318024,-0.3816564368432283,0.3853962452030784,-0.3465739124621707,-0.04601517757769527
1.068,-0.34671988876405346,-0.03263790326852754,-0.3808649019222052,0.39576746051155215,-0.34664502456639895,-0.03555605211412839
1.07,-0.34669527610685036,-0.02266208631221104,-0.3800519559051519,0.4064730085266365,-0.3466951477812238,-0.025061607412423643
1.072,-0.3467086903949312,-0.01492765796390272,-0.379216917784818,0.41751906016695856,-0.34672434936515617,-0.014600791966179924
1.074,-0.34653439231380145,-0.0034349112813900555,-0.3783590950881427,0.42891134833763245,-0.3467328215008755,-0.004236067859643096
1.076,-0.346664974811752,0.00716155134683636,-0.37747778476947874,0.44065515933197125,-0.3467208341545872,0.005993673144130074
1.078,-0.34679429213505125,0.01618074752255786,-0.37657227411999267,0.45275532474303215,-0.34668866300817314,0.0160855732070265
1.08,-0.3468681556256888,0.02441383439273964,-0.37564184169220316,0.4652162138947506,-0.3466365159973728,0.02607350540019162
1.082,-0.34657654884511613,0.037488203069786355,-0.3746857582385996,0.47804172680177465,-0.34656448065540246,0.03601767098515616
1.084,-0.3464683711590901,0.04219887521347613,-0.3737032876632667,0.491235287666462,-0.34647250054375,0.045990055826232536
1.086,-0.34642396612169746,0.05590324676315213,-0.372693687985425,0.5047998389208475,-0.3463603760920866,0.05606222583169933
1.088,-0.3463044036407174,0.06395072958674461,-0.37165621231378354,0.5187378358207347,-0.34622778022121886,0.06629793543385663
1.09,-0.3459622404787967,0.07335236512202153,-0.3705901098305867,0.5330512415984102,-0.3460742801873545,0.07675001693220224
1.092,-0.34594463469216025,0.08882308078557355,-0.36949462678422706,0.5477415231798196,-0.34589936008269995,0.08746005232726597
1.094,-0.34585240266211686,0.09868790918743273,-0.36836900748928425,0.5628096474713947,-0.34570244109598547,0.09845949335724882
1.096,-0.34530334496751286,0.11040700119169719,-0.3672124953328421,0.5782560782210594,-0.3454828984081765,0.10977134390448984
1.098,-0.3456934645395403,0.1198556780671209,-0.3660243337859275,0.5940807734572906,-0.3452400745999722,0.12141190410215513
1.1,-0.34509653746495444,0.13266586778972472,-0.36480376741890863,0.6102831835094544,-0.3449732899353525,0.13339233230985362
1.102,-0.3446029410297727,0.14743022380376225,-0.3635500429196847,0.6268622496119808,-0.34468185006857355,0.14571993338945333
1.104,-0.3444126304243281,0.1602926961854011,-0.3622624101134961,0.6438164030942877,-0.3443650517402421,0.15839916416572092
1.106,-0.3444049123617189,0.16976480502466623,-0.3609401229831807,0.6611435651577088,-0.34402218696728143,0.17143238648033718
1.108,-0.3438435920596012,0.1886279551931923,-0.3595824406887006,0.6788411472400255,-0.343652546141519,0.18482041288120235
1.11,-0.34322708739046476,0.20138479350267313,-0.3581886285847655,0.6969060519675506,-0.34325542035908513,0.1985628912169558
1.112,-0.34272971047158657,0.2111750496001444,-0.3567579592353774,0.715334674694058,-0.34283010322058677,0.21265856924918144
1.114,-0.3424699369816529,0.22686263758199343,-0.35528971342412696,0.7341229056252044,-0.3423758922747469,0.22710547291994265
1.116,-0.3415087445136459,0.24070280661557544,-0.3537831811590741,0.753266132526439,-0.3418920902261464,0.24190102430024044
1.118,-0.34115368411311553,0.25887214141739046,-0.3522376626710506,0.7727592440117523,-0.3413780059891021,0.25704211852213976
1.12,-0.34042174045830137,0.2740482323394916,-0.35065246940423067,0.7925966334099749,-0.34083295564205074,0.27252517352570077
1.122,-0.3401873597883737,0.2954663977912624,-0.3490269249978213,0.8127722032046969,-0.3402562633175692,0.2883461622407816
1.124,-0.3401473246991474,0.30396531023102336,-0.3473603662577348,0.8332793700432485,-0.33964726205013224,0.3045006337184718
1.1260000000000001,-0.3390085738036871,0.32260564300621697,-0.3456521441171157,0.85411107030955,-0.3390052945950995,0.32098372751636867
1.1280000000000001,-0.3383771763475495,0.33797094453221443,-0.34390162458460566,0.875259766255022,-0.3383297142268678,0.3377901841158318
1.1300000000000001,-0.3376701230504733,0.3529914185747677,-0.3421081896792434,0.8967174526811261,-0.3376198855206187,0.3549143531245406
1.1320000000000001,-0.3368924999086602,0.374242411206859,-0.3402712383509104,0.9184756641665001,-0.33687518511992504,0.37235020034683775
1.1340000000000001,-0.3359582137313766,0.3898432116286301,-0.3383901873852483,0.9405254828310483,-0.33609500249117386,0.3900913143755911
1.1360000000000001,-0.3351190244279686,0.40959335222047166,-0.3364644722919908,0.9628575466287547,-0.335278740664991,0.4081309130914237
1.1380000000000001,-0.33459464355217955,0.4274706278502869,-0.33449354817567,0.9854620581603991,-0.3344258169644084,0.4264618502913357
1.1400000000000001,-0.33344526387053236,0.4474731782104287,-0.33247689058767643,1.008328793996783,-0.33353566371926724,0.44507662257057384
1.1420000000000001,-0.33265637204062887,0.4654208648029253,-0.3304139963586714,1.0314471145025017,-0.3326077289662195,0.46396737652388015
1.1440000000000001,-0.33170106973627883,0.48210549402941455,-0.3283043844103719,1.0548059741497424,-0.3316414771336217,0.48312591629889146
1.1460000000000001,-0.3306120553707374,0.4974977807958062,-0.3261475965457498,1.078393932311044,-0.3306363897105908,0.5025437115154618
1.1480000000000001,-0.32953816397578367,0.5217990524761524,-0.32394319821671097,1.1021991645194154,-0.3295919658994828,0.5222119055539737
1.1500000000000001,-0.3286337367649944,0.5420731452970315,-0.3216907792683436,1.1262094741836832,-0.3285077232510634,0.5421213242096911
1.1520000000000001,-0.32738414866398263,0.5652450476123685,-0.3193899546588507,1.1504123047464343,-0.3273831982816498,0.5622624847068116
1.154,-0.3261963430791669,0.5853221840986886,-0.3170403651543079,1.1747947522714066,-0.326217947071522,0.5826256050638959
1.156,-0.3252309579468931,0.6023197864563063,-0.3146416779974145,1.199343578446706,-0.3250115458439197,0.603200613801152
1.158,-0.3235340510035464,0.6245934148004036,-0.312193587549435,1.2240452239897426,-0.3237635915239612,0.623977159979255
1.16,-0.32273806126641186,0.6456868367708559,-0.30969581590455636,1.248885822439327,-0.32247370227684363,0.6449446235588058
1.162,-0.3212560369176761,0.661319731270786,-0.30714811347591653,1.2738512143199108,-0.3211415180247055,0.6660921260690713
1.164,-0.3197729080043061,0.6890193997245833,-0.30455025955259146,1.298926961662533,-0.31976670094155696,0.6874085415742514
1.166,-0.31862553948843086,0.706799209358336,-0.3019020628268582,1.3240983628666094,-0.3183489359257066,0.7088825079251613
1.168,-0.3166754878619844,0.7256242760413387,-0.2992033618910856,1.3493504678863026,-0.31688793104913887,0.7305024382838867
1.17,-0.31511177361524306,0.7546849243731213,-0.29645402570363594,1.374668093724823,-0.3153834179833216,0.7522565329086517
1.172,-0.31381499869764334,0.7721891338866131,-0.29365395402319666,1.400035840219639,-0.3138351524009499,0.7741327911858479
1.174,-0.3123587995956168,0.7959951531312336,-0.29080307781099424,1.4254381061012251,-0.3122429143531581,0.7961190238958873
1.176,-0.3104895333060346,0.8209442782137282,-0.287901359600379,1.4508591053076354,-0.31060650862175954,0.8182028656992764
1.178,-0.3090191171787293,0.8408569999582401,-0.28494879383330524,1.476282883536869,-0.3089257650461014,0.8403717878290549
1.18,-0.30722640892483455,0.8601026101092626,-0.2819454071632678,1.5016933350187003,-0.3072005388241504,0.8626131109755057
1.182,-0.30591564904343976,0.8857463246074662,-0.2788912587242931,1.5270742194873503,-0.30543071078745276,0.884914018348819
1.184,-0.30349697953250704,0.9112426322314082,-0.27578644036562083,1.5524091793361237,-0.3036161876496424,0.9072615689051835
1.186,-0.30220914160439183,0.9281128224999436,-0.2726310768517511,1.577681756934877,-0.3017569022281992,0.9296427107215889
1.188,-0.2999053490987804,0.9521676550881699,-0.26942532602756913,1.6028754120909685,-0.2998528136391903,0.9520442945044411
1.19,-0.29792537317496787,0.9730309960205121,-0.2661693789483009,1.6279735396341208,-0.2979039074647564,0.9744530872169335
1.192,-0.2955128465805229,0.9982227122463467,-0.26286345997409,1.652959487105451,-0.2959101958931365,0.99685578580997
1.194,-0.2941651559673419,1.0205574009348104,-0.2595078268290285,1.6778165725307475,-0.29387171783105387,1.0192390310413064
1.196,-0.29190679498044747,1.0405163006363534,-0.25610277062451264,1.702528102257933,-0.29178853898831897,1.0415894213674601
1.198,-0.28965225853640725,1.0622236314898885,-0.2526486158468356,1.7270773888385234,-0.2896607519345333,1.0638935268928467
1.2,-0.28732271383504776,1.0852743351482204,-0.24914572030897003,1.7514477689327905,-0.28748847612781225,1.0861379033605127
1.202,-0.2853321211820498,1.104133755693902,-0.2455944750665335,1.775622621218258,-0.2852718579154747,1.1083091061687784
1.204,-0.28291248076646097,1.129757511267099,-0.2419953042979713,1.7995853842810927,-0.2830110705066786,1.130393704398049
1.206,-0.28042820830385734,1.1540344245049379,-0.23834866514903147,1.8233195744699267,-0.28070631391701456,1.152378294832028
1.208,-0.278332780026994,1.1758262217052613,-0.23465504754164823,1.8468088036916195,-0.2783578148850995,1.1742495159575517
1.21,-0.275962735811096,1.1950295430571853,-0.23091497394739124,1.8700367971284901,-0.2759658267612449,1.1959940619272627
1.212,-0.2733308498768241,1.2167994322324678,-0.2271289991256781,1.8929874108565703,-0.2735306293683062,1.2175986964693704
1.214,-0.27096326385985536,1.2402163644316893,-0.22329770982698913,1.9156446493444932,-0.27105252883484865,1.2390502667287742
1.216,-0.268589501844095,1.2598805630679704,-0.2194217244613637,1.9379926828127059,-0.2685318574008009,1.2603357170238894
1.218,-0.2659759762410193,1.2779142421350929,-0.2155016927324981,1.9600158644328003,-0.2659689731957937,1.2814421025035827
1.22,-0.2631888368144615,1.3027274162348985,-0.21153829523780435,1.9816987473468823,-0.2633642599904163,1.3023566026887166
1.222,-0.2606799769461667,1.323026278884995,-0.20753224303483025,2.0030261014870514,-0.2607181269206505,1.323066534882911
1.224,-0.25770938180479075,1.3451217837194245,-0.20348427717447978,2.0239829301752374,-0.258031008185776,1.3435593674372523
1.226,-0.25528890046052544,1.363435893793367,-0.1993951682015121,2.044554486483842,-0.25530336272006837,1.363822732853826
1.228,-0.2524606862988636,1.3846584120323202,-0.19526571562283637,2.0647262893378566,-0.25253567383864217,1.3838444407131025
1.23,-0.249793642745214,1.403603899793288,-0.1910967473441576,2.08448413933938,-0.2497284488578214,1.4036124904103942
1.232,-0.2469792813801841,1.4249746042783469,-0.18688911907556616,2.103814134295723,-0.24688221869044782,1.4231150836867807
1.234,-0.2442543991740063,1.442166466592987,-0.18264371370670096,2.1227026844326016,-0.24399753741656757,1.4423406369401248
1.236,-0.24122980356447174,1.4621376753536348,-0.1783614406521525,2.141136527274224,-0.24107498182996354,1.4612777933020182
1.238,-0.23818264605338893,1.4753886548120816,-0.17404323516780765,2.159102742172437,-0.23811515096103003,1.4799154344667511
1.24,-0.23485366618251433,1.4970047610892836,-0.16969005763887274,2.1765887644674575,-0.23511866557651273,1.4982426922586514
1.242,-0.2320550266056382,1.517283332905953,-0.1653028928403465,2.1935823992631183,-0.23208616765666387,1.5162489599244262
1.244,-0.22897001764817967,1.5352347818446266,-0.16088274917074658,2.210071834799966,-0.229018319850389,1.5339239031374263
1.246,-0.2259501167069551,1.5502675345643644,-0.1564306578599266,2.226045655409992,-0.22591580490898688,1.551257470701068
1.248,-0.22295414251056517,1.5672030209539047,-0.15194767215185212,2.241492854037242,-0.22277932509910894,1.568239904938971
1.25,-0.21957356411907406,1.58465740315413,-0.14743486646323406,2.256402844309036,-0.2196096015955895,1.584861751759713
1.252,-0.21587830823788562,1.6007841636587028,-0.14289333551894798,2.2707654721430357,-0.2164073738548206,1.6011138703844598
1.254,-0.213114661661037,1.615965967881729,-0.13832419346519614,2.2845710268759207,-0.21317339896936838,1.6169874427261
1.256,-0.20976585450852087,1.6349221966409255,-0.13372857296139615,2.2978102518999974,-0.20990845100455058,1.6324739824088965
1.258,-0.20698558003464182,1.6476663491791128,-0.1291076242518069,2.3104743547946183,-0.20661332031771443,1.6475653434180761
1.26,-0.20330688985131481,1.6634567803749258,-0.12446251421792713,2.322555016939891,-0.20328881286097605,1.6622537283691814
1.262,-0.19973198999667768,1.6765911320862463,-0.11979442541272561,2.3340444026007585,-0.19993574946820117,1.6765316963874446
1.264,-0.19662368510516703,1.6896334879762713,-0.1151045550777853,2.3449351674701577,-0.19655496512702542,1.6903921705878808
1.266,-0.19313378662066272,1.7042417751406063,-0.11039411414446408,2.3552204666606116,-0.19314730823673093,1.7038284451472478
1.268,-0.18989744914250137,1.7181281920665383,-0.10566432622019556,2.3648939621342646,-0.18971363985281195,1.7168341919594907
1.27,-0.18619690199671832,1.7321067055614467,-0.10091642656107146,2.3739498295620507,-0.18625483291907843,1.729403466866757
1.272,-0.18285522996652512,1.7406384182062844,-0.09615166103186472,2.3823827646033706,-0.18277177148816132,1.7415307154585635
1.274,-0.17955878838852232,1.7525607660715365,-0.09137128505466799,2.3901879885983623,-0.17926534993129695,1.7532107784321864
1.276,-0.17602979854428577,1.7653783956800961,-0.08657656254733687,2.3973612536655593,-0.17573647213828122,1.7644388965078566
1.278,-0.17248260271868382,1.7749358851241688,-0.08176876485293993,2.403898847198467,-0.17218605070849552,1.7752107148928564
1.28,-0.1686977571658783,1.7859157181951268,-0.0769491696614293,2.4097975957553195,-0.16861500613391722,1.7855222872891423
1.282,-0.1651031024285397,1.796297246464185,-0.07211905992475523,2.415054868337034,-0.16502426597503794,1.7953700794396414
1.284,-0.16135226493175672,1.8064707575202332,-0.06727972276665697,2.419668579049126,-0.1614147640306201,1.8047509722089226
1.286,-0.15757102829589173,1.8149647775609927,-0.06243244838836872,2.423637189144128,-0.15778743950223115,1.813662264194475
1.288,-0.15435184125549672,1.8244616600378067,-0.057578528971485105,2.4269597084418075,-0.15414323615450037,1.8221016738653908
1.29,-0.15014007401476545,1.8303616470628308,-0.05271925757923457,2.4296356961252683,-0.1504831014720488,1.8300673412257953
1.292,-0.14703241579735338,1.835818896142759,-0.047855927057410985,2.43166526091179,-0.14680798581404692,1.8375578290009404
1.294,-0.14361849057607054,1.8436395811946265,-0.042989828936214905,2.4330490605980417,-0.14311884156735805,1.8445721233444314
1.296,-0.13936633821012234,1.8512694554317026,-0.03812225233425472,2.4337883009800905,-0.13941662229922677,1.8511096340656326
1.298,-0.13578748863286252,1.8597609683800944,-0.033254482865955906,2.433884734149407,-0.13570228191047304,1.857170194376865
1.3,-0.1317767204795419,1.8639609237084616,-0.028387801553622208,2.433340656166849,-0.13197677379015188,1.862754060160582
1.302,-0.128461821114443,1.8690506792819694,-0.02352348374538744,2.432158904117384,-0.12824104997263733,1.8678619087572796
1.304,-0.12460178689928862,1.8744199441413414,-0.01866279804028928,2.43034285254908,-0.12449606029808638,1.8724948372754708
1.306,-0.12082478151560391,1.8783200743615203,-0.013807005221687922,2.4278964093006787,-0.12074275157723513,1.8766543604256276
1.308,-0.11695044612541934,1.8799864365702383,-0.008957357200242303,2.42482401072281,-0.11698206676147402,1.8803424078805593
1.31,-0.1135484007845798,1.8846751964910913,-0.004115095967644966,2.4211306162986683,-0.11321494411914348,1.8835613211652675
1.312,-0.1093709063691273,1.8864512822407427,0.0007185474376965022,2.416821702670734,-0.10944231641898372,1.88631385007988
1.314,-0.10575974095014173,1.8903856481277714,0.005542353951858167,2.4119032570808323,-0.10566511012166407,1.888603148659825
1.316,-0.1018819731977891,1.8903940648536686,0.01035511749232132,2.4063817702315764,-0.10188424458030815,1.8904327706779664
1.318,-0.09818035757409105,1.8951601566697875,0.015155645949477197,2.4002642285779388,-0.09810063125092021,1.8918066646939677
1.32,-0.0948611319976597,1.8954678029514,0.01994276216159401,2.393558106058406,-0.09431517291360682,1.8927291686566945
1.322,-0.0903648437767999,1.8929654836386176,0.024715304872145717,2.386271355275855,-0.0905287629054748,1.8932050040660076
1.324,-0.08679720360099562,1.8951360689737446,0.02947212966842365,2.3784123981389658,-0.08674228436607316,1.8932392697008233
1.326,-0.08318646636149456,1.89281655285634,0.03421210990037493,2.3699901159756394,-0.08295660949623149,1.8928374349208394
1.328,-0.07950316685021526,1.8899293197448246,0.03893413757863601,2.3610138391305364,-0.07917259883113181,1.8920053325498358
1.33,-0.07542614562480479,1.8919691806681092,0.04363712425075494,2.3514933360594634,-0.07539110052843388,1.890749151348965
1.332,-0.07169412124535336,1.8851395871491572,0.04832000185462283,2.3414388019339487,-0.07161294967225602,1.8890754280889313
1.334,-0.0677667213568885,1.885750489836731,0.05298172354816269,2.3308608467699283,-0.06783896759379514,1.8869910392304454
1.336,-0.06394568366826343,1.8844684468010124,0.05762126451435275,2.3197704830950303,-0.06406996120934953,1.8845031922228028
1.338,-0.060202475314204015,1.8848642379529688,0.06223762274069172,2.308179113169484,-0.06030672237648774,1.8816194164308961
1.34,-0.05641184995451614,1.8805165911921966,0.06682981977224414,2.2960985157762126,-0.05655002726908492,1.878347553701409
1.342,-0.053123016080911356,1.875407183161775,0.07139690143743645,2.283540832596155,-0.05280063577192617,1.8746957485793732
1.344,-0.04885536262838386,1.8715028220615726,0.07593793854580716,2.270518554185353,-0.049059290895552804,1.8706724381866833
1.346,-0.04527194286291818,1.867384397940863,0.08045202755694873,2.257044505570786,-0.045326718212003674,1.866286341774564
1.348,-0.041666103631586945,1.8607093638785694,0.08493829121991348,2.2431318314823687,-0.04160362531207893,1.8615464499623713
1.35,-0.037908549542381556,1.858839731624448,0.08939587918239135,2.2287939812389346,-0.037890701284727976,1.8564620136754784
1.352,-0.03448951070011637,1.8524966898892636,0.09382396856900417,2.214044693306413,-0.03418861621913727,1.8510425327953532
1.354,-0.030403681814737685,1.846900899781891,0.0982217645280977,2.198897979546758,-0.030498020730066733,1.845297744535267
1.356,-0.02678876134194712,1.8403579908789247,0.10258850074645075,2.1833681091765293,-0.02681954550695594,1.8392376115553968
1.358,-0.02327699006622417,1.8308081978560207,0.1069234399313594,2.167469592454327,-0.023153800887293154,1.8328723098313924
1.36,-0.01993091105298964,1.8290456956316912,0.11122587425959254,2.151217164116569,-0.019501376454711648,1.826212216290753
1.362,-0.016063870961066738,1.821793554281367,0.11549512579275524,2.134625766581351,-0.01586284066224837,1.819267896231639
1.364,-0.0121885314328984,1.8111322193768895,0.11973054685863598,2.1177105329403667,-0.012238740481170402,1.8120500905389845
1.366,-0.008548075363046413,1.803954079060786,0.12393152039815412,2.100486769759072,-0.008629601075744378,1.8045697027130116
1.368,-0.005285341799790456,1.7964587764546605,0.12809746027756502,2.082969939705449,-0.005035925504293453,1.7968377857254627
1.37,-0.0013769234871502528,1.7896569302892495,0.1322278115656208,2.0651756440278892,-0.0014581944468553486,1.788865528719052
1.372,0.0019180950785113522,1.7826155268229722,0.1363220507754265,2.047119604902847,0.002103134040276294,1.7806642435658213
1.374,0.005529574882024334,1.7692061206990373,0.1403796860707725,2.0288176476730007,0.005647624742876766,1.7722453513002359
1.3760000000000001,0.009533178355950118,1.7641754721366671,0.14440025743676604,2.0102856829967646,0.00917486547976275,1.7636203684429919
1.3780000000000001,0.012500523206210735,1.7526419607366628,0.1483833368146261,1.9915396889300225,0.012684467266226001,1.754800893231626
1.3800000000000001,0.01594400139005417,1.7482082511819652,0.1523285282005481,1.9725956929609987,0.016176064449774225,1.7457985917741115
1.3820000000000001,0.019489586447494236,1.7389708326845765,0.15623546770858646,1.9534697540191819,0.01964931481805764,1.7366251841417077
1.3840000000000001,0.023246130445343956,1.728715664101567,0.16010382359754485,1.9341779444791931,0.0231038996788924,1.727292430417381
1.3860000000000001,0.026370669773729496,1.7200260368666245,0.16393329626190575,1.9147363321804503,0.02653952391232472,1.7178121167161595
1.3880000000000001,0.029850755131435314,1.7089641557521829,0.16772361818687256,1.8951609624834085,0.029955915994712326,1.7081960411938026
1.3900000000000001,0.033465559196861595,1.6956759770634187,0.17147455386763868,1.8754678403830662,0.03335282799483264,1.6984560000601585
1.3920000000000001,0.036519445532953373,1.6911464113732535,0.1751858996930393,1.8556729127003093,0.03673003554205979,1.6886037736135735
1.3940000000000001,0.03987809737463055,1.6783551531900158,0.17885748379378236,1.8357920503715297,0.040087337766685126,1.6786511123126693
1.3960000000000001,0.04364238735557851,1.6703243401731929,0.18248916585549593,1.8158410308567925,0.043424557212488626,1.6686097229017505
1.3980000000000001,0.046874440336235085,1.6584661815583877,0.18608083689686922,1.7958355206866417,0.04674153972170068,1.658491254606024
1.4000000000000001,0.04979180351711782,1.646913738859375,0.18963241901320407,1.7757910581674319,0.050038154292526116,1.6483072854127179
1.4020000000000001,0.053482642792902574,1.6397462811061512,0.19314386508573378,1.7557230362648462,0.05331429290943426,1.6380693084540723
1.4040000000000001,0.05664494093019172,1.625498863212555,0.1966151584571038,1.7356466856850121,0.05656987034645034,1.6277887185080377
1.4060000000000001,0.05943600337469692,1.6199366484616242,0.20004631257344854,1.7155770581723624,0.05980482394371508,1.6174767986323688
1.408,0.06308785887912641,1.6078752375061747,0.20343737059353473,1.6955290100430969,0.06301911335761033,1.6071447069476295
1.41,0.06648372396627589,1.5954147584973914,0.20678840496548032,1.675517185972795,0.0662127202847792,1.5968034635844364
1.412,0.06961230086538969,1.5857589618317316,0.21009951697159313,1.6555560030564047,0.06938564816039934,1.5864639378100662
1.414,0.07258209722442331,1.574656102519078,0.21337083624191008,1.6356596351584802,0.07253792183109799,1.576136835349324
1.416,0.07526162858364535,1.562748420917243,0.21660252023705245,1.61584199757119,0.07566958720292666,1.5658326859143372
1.418,0.07857793157600557,1.555098007270201,0.2197947537010469,1.59611673199722,0.07878071086484202,1.5555618309576793
1.42,0.08199958108460195,1.5428222525971937,0.2229477480847955,1.5764971918743105,0.08187137968816793,1.5453344116629548
1.422,0.08489497378056932,1.5336225248546946,0.226061740940911,1.556996428057742,0.08494170040254131,1.535160357186694
1.424,0.08779746806758547,1.5272988494999669,0.2291369952906643,1.5376271748766568,0.08799179914887151,1.5250493731650954
1.426,0.09126202111896628,1.513654164433461,0.23217379896382362,1.518401836579652,0.09102182100986919,1.5150109304988413
1.428,0.09422330041139385,1.5055394176574461,0.23517246391219285,1.499332474184621,0.09403192951872694,1.505054254428875
1.43,0.0972517087975974,1.4952243827349334,0.2381333254976875,1.4804307927473346,0.0970223061465583,1.49518831391568
1.432,0.10004287602276382,1.4879812950442532,0.24105674175581304,1.46170812906277,0.09999314976922678,1.4854218113342434
1.434,0.10305946266635607,1.4727649784633634,0.2439430926354384,1.4431754398126806,0.1029446761142198,1.4757631724965055
1.436,0.10575285672980009,1.4646265759653925,0.24679277921578316,1.4248432901723833,0.10587711718824523,1.4662205370127146
1.438,0.10868395223089303,1.4602559849302283,0.24960622290156156,1.4067218428892092,0.10879072068625063,1.4568017490027012
1.44,0.11173804408506613,1.4455953810184168,0.2523838645972506,1.388820847844515,0.11168574938258598,1.4475143481676729
1.442,0.11452967552785971,1.4382088268737714,0.2551261638614718,1.371149632110598,0.1145624805050514,1.4383655612327124
1.444,0.11743652816173114,1.4295699885067807,0.2578335980424984,1.3537170905132891,0.11742120509259082,1.4293622937697161
1.446,0.12060408936031855,1.422442341910104,0.2605066613959192,1.3365316767104185,0.12026222733741097,1.4205111224100733
1.448,0.12321443055423853,1.411421067893744,0.2631458641855107,1.3196013947957628,0.12308586391232282,1.4118182874559224
1.45,0.12627151176999835,1.4042407571868354,0.2657517317683857,1.3029337914374817,0.12589244328411953,1.4032896858983606
1.452,0.1287637388898156,1.3902230927190944,0.2683248036655046,1.2865359485594456,0.12868230501382052,1.394930864850502
1.454,0.13126224289026414,1.3854679325973838,0.2708656326186511,1.270414476573242,0.13145579904462612,1.3867470154028017
1.456,0.13420599100373667,1.3803920421282438,0.27337478363498713,1.2545755081680208,0.13421328497844126,1.3787429669075637
1.458,0.13716636416636244,1.368214972133298,0.27585283302031655,1.239024692664717,0.1369551313418394,1.3709231816990621
1.46,0.13986059560274766,1.3666475552584754,0.2783003674021976,1.2237671909405392,0.13968171484234976,1.3632917502551845
1.462,0.14228092476459306,1.3581919838376617,0.28071798274405557,1.2088076709289817,0.14239341961596177,1.355852386806007
1.464,0.1450707086696648,1.350616087866399,0.2831062833514555,1.1941503036999632,0.14509063646675013,1.348608425394184
1.466,0.1478109016005383,1.3379663357433893,0.2854658808717036,1.1797987601240438,0.14777376209953316,1.341562816391513
1.468,0.15064523903134674,1.331477617768093,0.2877973932879516,1.1657562081240123,0.15044319834648417,1.3347181234755097
1.47,0.15284484215890376,1.3235930876644095,0.29010144390898457,1.1520253105164813,0.15309935138862277,1.3280765210692904
1.472,0.15553023013651276,1.3223113543325256,0.2923786603558755,1.1386082234454575,0.15574263097311783,1.321639792247529
1.474,0.1582789546823106,1.3171493545732165,0.2946296735466939,1.1255065954091938,0.15837344962733924,1.3154093271107092
1.476,0.16098777100628578,1.3106842621198176,0.29685511668045583,1.1127215668809591,0.16099222187059795,1.3093861216293612
1.478,0.16375441972637284,1.303673377551623,0.2990556242215032,1.1002537705237,0.16359936342451678,1.3035707769594158
1.48,0.16665023455554706,1.2980427038476476,0.301231830885499,1.0881033319978932,0.16619529042297534,1.2979634992292788
1.482,0.16848586313410852,1.2890670476974964,0.30338437062822143,1.0762698713612255,0.1687804186225727,1.2925640997986723
1.484,0.17116377103574995,1.288612175216104,0.3055138756383376,1.0647525050580724,0.1713551626145502,1.2873719959887509
1.486,0.17388644151125907,1.2801699129360846,0.3076209753353297,1.053549848496079,0.1739199350391151,1.282386212282455
1.488,0.17662759478404974,1.2789602166422944,0.3097062953737427,1.042660019206489,0.17647514580310214,1.2776053819935196
1.49,0.17895343938340835,1.2698051471868717,0.31177045665491115,1.0320806405842071,0.17902120130190619,1.2730277494020188
1.492,0.1816823362600223,1.2726775250623577,0.313814074347317,1.0218088462029309,0.18155850364661374,1.2686511723537832
1.494,0.1839715470732356,1.2638683460851445,0.31583775691671706,1.0118412847000322,0.18408744989725473,1.264473125320498
1.496,0.1867043000188581,1.260620027689883,0.31784210516716754,1.0021741252252334,0.18660843130308824,1.2604907029167507
1.498,0.1891747224835533,1.2573013642191377,0.3198277112940605,0.9928030634464784,0.1891218325508278,1.2567006238697782
1.5,0.19167202954777593,1.2520111066678923,0.3217951579502721,0.9837233281057745,0.19162803102170206,1.2530992354371318
1.502,0.19429533145765288,1.2468586903532763,0.3237450173265064,0.9749296881171562,0.194127396058236,1.2496825182669673
1.504,0.19676620939742945,1.2447015919077902,0.325677850246903,0.966416460198307,0.19662028824162633,1.2464460916951572
1.506,0.19927489909212281,1.247200631725798,0.3275942052809565,0.9581775170267725,0.19910705868057216,1.2433852194729105
1.508,0.20152989936668428,1.2371737288181475,0.32949461787277873,0.9502062959111017,0.20158804831240834,1.240494815918097
1.51,0.2043021311068687,1.236967485416351,0.3313796094887121,0.9424958079666691,0.2040635872173743,1.2377694524829785
1.512,0.20661464484941966,1.2335993698479237,0.3332496867842828,0.9350386477853558,0.20653399394683544,1.2352033647305674
1.514,0.2088310220289227,1.2316647305225212,0.3351053407914582,0.9278270035877088,0.20899957486625817,1.2327904597113675
1.516,0.21133852695876196,1.229328184443388,0.3369470461271495,0.9208526678456442,0.21146062351372172,1.2305243237317804
1.518,0.21361657213137794,1.2278058255419668,0.33877526022387594,0.9141070483632309,0.21391741997473174,1.2283982305050156
1.52,0.21636537381339227,1.2265421565913992,0.34059042258348105,0.9075811798025601,0.21637023027408153,1.2264051496748947
1.522,0.21872613179697226,1.224646462566904,0.34239295405476344,0.9012657356412097,0.21881930578548656,1.2245377557025146
1.524,0.22135850572871285,1.2262607412782358,0.34418325613585804,0.8951510405473092,0.22126488265969718,1.22278843710531
1.526,0.22369764799802058,1.2224303607882046,0.34596171030217354,0.8892270831577436,0.22370718127177247,1.22114930603765
1.528,0.22635549044543396,1.2173239887941996,0.34772867736066265,0.883483529244568,0.2261464056881759,1.2196122082017111
1.53,0.2285908166030687,1.218508971568505,0.34948449683117117,0.8779097352542652,0.22858274315432986,1.2181687330769826
1.532,0.2311777095116993,1.2129147117410388,0.35122948635557927,0.8724947622040516,0.23101636360324265,1.2168102244563948
1.534,0.23352102403683506,1.2137869532322274,0.35296394113541735,0.8672273899190287,0.23344741918579606,1.2155277912767073
1.536,0.23591794137468852,1.2156591883142076,0.3546881333986045,0.8620961315935888,0.23587604382325697,1.2143123187304503
1.538,0.23822371003875706,1.2110621790400802,0.35640231189592475,0.8570892486601152,0.23830235278254974,1.2131544796463902
1.54,0.24072916749778442,1.2110866495848527,0.3581067014278201,0.8521947659476631,0.2407264422748001,1.2120447461251813
1.542,0.24293372333395882,1.2091024977058782,0.35980150240204606,0.8474004871129818,0.24314838907763325,1.2109734014165658
1.544,0.24580297828726574,1.2094733121332157,0.3614868904226979,0.8426940103259245,0.24556825018168169,1.2099305520242125
1.546,0.24792636770002,1.2095228428013627,0.3631630159110799,0.8380627441910069,0.24798606246172972,1.208906140024017
1.548,0.25037808889248625,1.2072720352867596,0.3648300037588531,0.8334939238866056,0.2504018423728926,1.2078899555814437
1.55,0.25313596177073483,1.2081222828416243,0.36648795301385917,0.8289746275030426,0.2528155856721991,1.2068716496532592
1.552,0.2556547870769596,1.2073653222070342,0.36813693659898034,0.8244917925605785,0.2552272671659167,1.2058407468587975
1.554,0.2578391818325992,1.2064280660883393,0.3697770010643566,0.8200322326881336,0.2576368404829281,1.2047866585056994
1.556,0.25988982255347726,1.2044217195079747,0.37140816637324336,0.8155826544433806,0.2600442378744379,1.2036986957548983
1.558,0.2620516905274621,1.2037735040960817,0.37303042572175277,0.8111296742546913,0.26244937004025687,1.2025660829094593
1.56,0.2645467107501149,1.1992472925356694,0.37464374539268336,0.8066598354652923,0.26485212598188035,1.201377970811745
1.562,0.2674606024925419,1.2003539010314153,0.3762480646436031,0.8021596254598699,0.2672523728825469,1.200123450333254
1.564,0.26946154285408785,1.1979660147769262,0.3778432956293107,0.7976154928537803,0.26964995601442965,1.1987915659413797
1.566,0.27222739164630577,1.1988476480291181,0.3794293233587606,0.7930138647249593,0.2720446986730841,1.1973713293272477
1.568,0.2743661181348368,1.195885543635705,0.3810060056864978,0.788341163868582,0.2744364021392416,1.1958517330787293
1.57,0.27678695194079544,1.1950407510413297,0.3825731733386068,0.7835838260545134,0.27682484566800697,1.1942217643826782
1.572,0.2793647162202644,1.1888710625287555,0.38413062997314196,0.7787283172675932,0.2792097865054878,1.19247041874041
1.574,0.2813863602419576,1.1930917535014687,0.3856781522749636,0.7737611509108332,0.28159095993284866,1.1905867136804358
1.576,0.2840490193159566,1.1876035324881984,0.38721549008486694,0.7686689049516603,0.2839680793377536,1.1885597024524723
1.578,0.2865796645738611,1.18887285153703,0.3887423665628498,0.7634382389914163,0.2863408363131271,1.1863784876867778
1.58,0.2884526234246561,1.1816789760388167,0.3902584783853266,0.758055911238429,0.28870890078313294,1.1840322350029115
1.582,0.2907740657999421,1.1857264446395208,0.3917634959760568,0.7525087953650951,0.2910719211562371,1.1815101865520836
1.584,0.2933437282667699,1.178878410287269,0.39325706377051595,0.7467838972295631,0.2934295245051918,1.178801674477344
1.586,0.29549944700679426,1.1757582970511744,0.3947388005134015,0.7408683714427777,0.2957813167737437,1.1758961342759677
1.588,0.298170243294486,1.1725896450845137,0.3962082995889252,0.734749537761842,0.29812688300984075,1.1727831180485135
1.59,0.3001766097461598,1.1699726659910115,0.3976651293835069,0.7284148972908685,0.3004657876250791,1.169452307619177
1.592,0.30269734362600975,1.1678265798209153,0.39910883368044836,0.7218521484707331,0.30279757468010354,1.1658935275122158
1.594,0.30461325231051256,1.1616751250325483,0.4005389320861272,0.7150492028394043,0.30512176819564235,1.1620967577694072
1.596,0.3072172896990417,1.1587697413920388,0.40195492048721676,0.7079942005448031,0.3074378724888297,1.158052146593688
1.598,0.309824051574318,1.154685020242355,0.40335627153840165,0.7006755255924535,0.3097453725344384,1.1537500228043436
1.6,0.31242393866939927,1.148865591938518,0.4047424351800227,0.6930818208105078,0.3120437343506171,1.1491809080893454
1.602,0.31449514594947175,1.1442954198366446,0.4061128391850528,0.6852020025150736,0.31433240540869845,1.1443355290406751
1.604,0.31664334923608095,1.1403049388918374,0.4074668897347711,0.6770252748591349,0.3166108150666159,1.1392048289587495
1.606,0.31847986470930295,1.135072614172987,0.40880397202246854,0.6685411438487441,0.3188783750254406,1.1337799794123284
1.608,0.32089326444195515,1.1278772573040006,0.41012345088448965,0.6597394310105607,0.3211344798085218,1.1280523915405953
1.61,0.3231048412652894,1.1225434729546724,0.41142467145788014,0.6506102866952345,0.3233785072626906,1.122013727084402
1.612,0.32545997736754095,1.1158828221932886,0.4127069598638833,0.6411442030015684,0.3256098190809586,1.1156559091340033
1.614,0.32765386225525606,1.1077445278725069,0.413969623916497,0.6313320263068501,0.32782776134612046,1.1089711325809457
1.616,0.3298851902458616,1.1015404194699137,0.41521195385527543,0.6211649693892117,0.3300316650946447,1.1019518742621286
1.618,0.33202554264808987,1.0935628660985208,0.41643322310153214,0.6106346231283637,0.3322208469002136,1.0945909027844285
1.62,0.3344757835385703,1.0881147396245383,0.41763268903707523,0.5997329677715504,0.3343946094762509,1.0868812880186598
1.622,0.3364513177224909,1.0792702045821205,0.41880959380457944,0.5884523837520894,0.33655224229675496,1.078816410252037
1.624,0.3388161299741613,1.0709611201364986,0.4199631651286762,0.5767856620483863,0.3386930222347324,1.0703899689887166
1.6260000000000001,0.340684520936957,1.0598658898959328,0.42109261715681995,0.564726014071859,0.34081621421750924,1.0615959913884108
1.6280000000000001,0.3429955529211484,1.0535893626773578,0.42219715131896546,0.5522670810727596,0.3429210718981762,1.0524288403334987
1.6300000000000001,0.3451740748661715,1.0437320658578628,0.4232759572050724,0.5394029430534504,0.34500683834240725,1.0428832221155024
1.6320000000000001,0.34685498512845153,1.034249496518931,0.42432821345943095,0.5261281271792687,0.34707274672987176,1.0329541937322422
1.6340000000000001,0.34909270188146396,1.0205252887721563,0.42535308869078636,0.5124376156777094,0.34911802106944667,1.0226371697874492
1.6360000000000001,0.35138889627664915,1.0118029352972462,0.4263497423972209,0.49832685321726505,0.35114187692741683,1.0119279289850822
1.6380000000000001,0.3533156565016787,1.0008761125606658,0.4273173259047367,0.483791753757897,0.35314352216783895,1.000822620211069
1.6400000000000001,0.355267730123737,0.9877140292376337,0.4282549833184683,0.46882870686578837,0.35512215770423033,0.9893177681956834
1.6420000000000001,0.3572383920529254,0.9762495399190159,0.42916185248543987,0.45343458348577853,0.35707697826173085,0.9774102787502539
1.6440000000000001,0.35875323031554335,0.9673588321596269,0.4300370659677714,0.4376067411657848,0.35900717314887565,0.965097443572404
1.6460000000000001,0.3608877570810408,0.9510831473105237,0.4308797520252289,0.42134302872873525,0.3609119270381047,0.9523769446145219
1.6480000000000001,0.3629610175504723,0.9354319520099085,0.43168903560600774,0.40464179038944265,0.36279042075412604,0.9392468580106703
1.6500000000000001,0.3646448107217015,0.9283180494801002,0.4324640393446422,0.3875018693172503,0.36464183206924133,0.9257056575576568
1.6520000000000001,0.36680796882876826,0.9113084534873694,0.4332038845659463,0.3699226106520247,0.36646533650473434,0.9117522177465032
1.6540000000000001,0.3682161589402138,0.8970869221857427,0.43390769229393705,0.3519038639953853,0.3682601081374165,0.8973858163410717
1.6560000000000001,0.369625568027971,0.8818595150035424,0.4345745842647986,0.33344598543076837,0.37002532041041875,0.8826061365011268
1.6580000000000001,0.37179734301905665,0.867953903574996,0.43520368394319503,0.3145498391981944,0.371760146947314,0.8674132684476354
1.6600000000000001,0.3737408733635725,0.8525359126075295,0.4357941175418306,0.29521679931780637,0.3734637623686513,0.8518077106686343
1.6620000000000001,0.37519917765392835,0.8355943852424876,0.4363450150455398,0.2754487518545836,0.37513534310998037,0.8357903706645168
1.6640000000000001,0.3764574878453441,0.8196811094734857,0.4368555112444896,0.255248099474912,0.3767740682404446,0.8193625652321188
1.666,0.3782679393112967,0.7995363891830208,0.4373247467890605,0.2346177722854617,0.3783791202810196,0.8025260202875047
1.668,0.37959525166571934,0.785832127120132,0.4377518692985401,0.2135612547397979,0.3799496860214754,0.7852828702278811
1.67,0.3816370180494126,0.7655770145297729,0.4381360346044353,0.19208265294758484,0.38148495733514254,0.7676356568335846
1.672,0.38301050817456256,0.7480562284294839,0.4384764083318541,0.17018686370939484,0.38298413199056575,0.7495873277116095
1.674,0.38444556092944765,0.7277918009043842,0.4387721683350052,0.14788000157557254,0.3844464144591311,0.7311412342826575
1.676,0.38547530620370546,0.7129438378902232,0.43902250930513936,0.12517048506708567,0.3858710167177595,0.7123011293142013
1.678,0.38705848365834544,0.6923221234899783,0.43922665291972746,0.10207180729403663,0.3872571590457646,0.6930711640025644
1.68,0.38849755484016285,0.6768046436604552,0.43938387196993006,0.07860952510130025,0.3886040708149796,0.6734558846075199
1.682,0.3899261500805357,0.6525852509057309,0.4394935480239713,0.05483802702062166,0.3899109912722664,0.6534602286434096
1.684,0.39109559234618974,0.6324827181509776,0.4395552974911802,0.030874733604467235,0.39117717031352894,0.6330895206312772
1.686,0.39227530459573334,0.6122365687775566,0.43956917555254005,0.006939030679925153,0.39240186924836296,0.612349467416995
1.688,0.39357999172606056,0.5891319430638466,0.4395357702825688,-0.016702634985619674,0.3935843615544846,0.5912461530608435
1.69,0.39468745254008936,0.5692031294381723,0.4394558365111986,-0.03996688568507715,0.3947239336210936,0.5697860333044813
1.692,0.39596351168458804,0.5454476653636574,0.43932975696682,-0.06303977218931428,0.39581988548033703,0.5479759296217188
1.694,0.39659223514298814,0.5251969750184722,0.43915743104848126,-0.08616295916934519,0.39687153152605703,0.5258230228600003
1.696,0.39784216710521486,0.5046047164854424,0.43893844984322866,-0.10949060262630521,0.3978782012190171,0.5033348464800338
1.698,0.3983117162185006,0.4828327694521866,0.43867226196968256,-0.13309393677304954,0.3988392397778205,0.48051927940168637
1.7,0.3995926364646914,0.45485213858216633,0.43835826557646684,-0.1569981966078601,0.3997540088547511,0.45738453846530563
1.702,0.4008769942081044,0.4308509015610861,0.4379958509592983,-0.18120730858425557,0.4006218871957905,0.4339391705197023
1.704,0.4015880638570282,0.40956729292363625,0.4375844190351258,-0.20571596208626108,0.40144227128409626,0.4101920441528695
1.706,0.4022834088860527,0.3822035284567372,0.43712338928747624,-0.23051487382477615,0.4022145759662841,0.3861523410939312
1.708,0.4033241718057017,0.36344170354768984,0.43661220334706463,-0.25559297020578986,0.40293823506098037,0.3618295473481061
1.71,0.40375864042571247,0.33391599909634473,0.43605032680596756,-0.2809382705485275,0.4036127019494158,0.33723344421771145
1.712,0.40406906979516366,0.31401312409897253,0.43543725032129543,-0.30653824233607446,0.4042374501486473,0.31237409961575785
1.714,0.4044056205116731,0.2857826776904019,0.4347724904275024,-0.33237994689651884,0.40481197387022777,0.28726186079022414
1.716,0.4055037105208366,0.2657316727424072,0.434055590220563,-0.35845010346970013,0.4053357885734104,0.26190735159131096
1.718,0.406024545647721,0.2353976354918318,0.4332861199763777,-0.38473512209263266,0.40580843153972995,0.23632148315976972
1.72,0.4064708119957117,0.21036932494004404,0.4324636777266592,-0.41122112485924783,0.4062294625465695,0.21051550341976102
1.722,0.4064371162019782,0.18242902971282837,0.43158788980061485,-0.43789396302218525,0.4065984648634854,0.18450115845795462
1.724,0.4069569889108443,0.15732954442762612,0.43065841133512744,-0.46473923274369955,0.4069150472180384,0.15829117727651612
1.726,0.4072688503523181,0.13448044317887772,0.42967492675406577,-0.491742290530841,0.4071788486036185,0.13190069279007607
1.728,0.40713543794174684,0.10631361162083848,0.42863715021661536,-0.5188882687252118,0.40738955132457466,0.10535136047807088
1.73,0.40733227424163815,0.07824882013653142,0.4275448260342731,-0.5461620911711565,0.40754691743828825,0.07868305685680492
1.732,0.4078143077041467,0.05285767222481206,0.4263977290560813,-0.5735484890958791,0.40765088762028123,0.0519850909964842
1.734,0.4078013218445201,0.026561837033343555,0.4251956650216771,-0.6010320172021131,0.4077018162398961,0.02546430980744139
1.736,0.40754878294126684,0.0020202520169410555,0.42393847088175296,-0.628597069962064,0.4077008387082702,-0.0004887658129664567
1.738,0.4077247544076849,-0.02531264896693651,0.422626015085559,-0.6562278980969696,0.40764987749017123,-0.02548060904947508
1.74,0.4075478373433491,-0.05123135519392867,0.4212581978351091,-0.6839086252249662,0.4075507815068429,-0.049547991664166846
1.742,0.40743379068722174,-0.07311641930412698,0.41983495130579057,-0.711623264659248,0.407404639835941,-0.07307083545094843
1.744,0.4072251028897862,-0.0983769325628602,0.41835623983311426,-0.7393557363381547,0.4072118931735127,-0.09637333121415813
1.746,0.40704725880397896,-0.1240367124846519,0.41682206006537703,-0.7670898838686072,0.40697264589933374,-0.1196236370894745
1.748,0.4067125404771612,-0.13932104959865818,0.4152324410820487,-0.7948094916641475,0.4066868657782595,-0.14289006053709596
1.75,0.40605416697257446,-0.1664860580303342,0.41358744447773127,-0.8224983021587107,0.4063544786870048,-0.1661935456273587
1.752,0.4058359486249865,-0.1871214614012996,0.41188716441157697,-0.8501400330771529,0.405975409035389,-0.1895348258079131
1.754,0.40570127396508227,-0.21104608952220263,0.41013172762209005,-0.8777183947434696,0.4055495963043255,-0.21290636553172948
1.756,0.40494128552977837,-0.23594296970959136,0.4083212934072749,-0.9052171074075731,0.4050770016868022,-0.23629730876164504
1.758,0.40448454236693526,-0.25891067377015714,0.406456053570132,-0.9326199185714524,0.40455761072080654,-0.2596954829978401
1.76,0.40388518319054184,-0.28424112606239116,0.40453623232954095,-0.9599106202955058,0.4039914343084987,-0.2830882061539206
1.762,0.4032470113695994,-0.3049993196517682,0.40256208619660927,-0.9870730664658304,0.4033785090798832,-0.30646261430776445
1.764,0.40213746582367904,-0.32677196639088774,0.40053390381660275,-1.014091190003261,0.40271889748141787,-0.32980579923267206
1.766,0.4017229527227564,-0.3532532667034823,0.39845200577661277,-1.04094901999498,0.40201268773991855,-0.3531048707496541
1.768,0.401092290015838,-0.37307487389978705,0.39631674437915365,-1.0676306987295692,0.401259993761051,-0.3763469894337948
1.77,0.4002695225875493,-0.3995106621747613,0.3941285033819208,-1.094120498616442,0.4004609549858078,-0.3995193876215969
1.772,0.3997107109079147,-0.41886596844974056,0.3918876977039794,-1.1204028389706848,0.39961573621427116,-0.4226093857683261
1.774,0.39913835649720836,-0.4476874018995832,0.3895947730986905,-1.1464623026444418,0.398724527400445,-0.4456044069130811
1.776,0.3979250284819589,-0.4692950414668246,0.38725020579371827,-1.1722836524861067,0.3977875434197979,-0.4684919903235595
1.778,0.39659020159802044,-0.4932161288692982,0.3848545020985008,-1.1978518476087354,0.396805023810335,-0.4912598047314482
1.78,0.39587603992090653,-0.516481942296147,0.3824081979796023,-1.223152059449257,0.395777232487714,-0.5138956613105062
1.782,0.3949916835203628,-0.5366974947159031,0.3799118586044018,-1.2481696876002553,0.3947044574348177,-0.5363875264481556
1.784,0.3936075076679376,-0.5590387023500291,0.3773660778536092,-1.2728903753962941,0.39358701036617394,-0.5587235343218686
1.786,0.3924121404036789,-0.5811679818782407,0.3747714778031352,-1.297300025236999,0.3924252263676214,-0.5808919992762794
1.788,0.39107321650433524,-0.6008911011497176,0.3721287081758765,-1.3213848136293451,0.3912194635116393,-0.6028814279910494
1.79,0.3896078359227788,-0.6208493001374547,0.36943844576401275,-1.3451312059318794,0.3899701024487846,-0.6246805314273426
1.792,0.38898967543201063,-0.6456789488414915,0.366701393822445,-1.3685259707838926,0.3886775459757045,-0.6462782365400571
1.794,0.3873951214219992,-0.6669533407593305,0.36391828143403926,-1.3915561942028636,0.38734221858021883,-0.6676636977428335
1.796,0.3858158359151255,-0.688677224152947,0.3610898628473716,-1.414209293333829,0.38596456596399287,-0.6888263081129771
1.798,0.3845157030309888,-0.7080974938212559,0.35821691678770223,-1.4364730298346846,0.3845450545433456,-0.7097557103236484
1.8,0.38335106598295243,-0.7292099714073762,0.35530024574193864,-1.4583355228817863,0.3830841709287637,-0.7304418072909449
1.802,0.38177129998132137,-0.7491967707593574,0.3523406752183774,-1.479785261780614,0.3815824213837161,-0.7508747725237914
1.804,0.3800237989781793,-0.7687395346521188,0.3493390529820441,-1.5008111181666663,0.3800403312633864,-0.7710450601648723
1.806,0.3783803661063854,-0.7919928289797176,0.34629624826647976,-1.5214023577821805,0.37845844443396404,-0.7909434147111686
1.808,0.37668012924516325,-0.8088425957769001,0.3432131509628503,-1.5415486518147175,0.376837322673158,-0.8105608804030109
1.81,0.37524122100844165,-0.8294356989416944,0.34009067078728206,-1.56124008778412,0.3751775450526162,-0.8298888102709137
1.812,0.3731762201810368,-0.8483951330758116,0.3369297364273524,-1.5804671799648262,0.37347970730295654,-0.8489188748298304
1.814,0.37147042244290573,-0.8673094458498638,0.33373129466869034,-1.5992208793310283,0.37174442116213485,-0.8676430704108535
1.816,0.3699241398424888,-0.8852304021094359,0.33049630950266495,-1.6174925830126794,0.3699723137078933,-0.8860537271207763
1.818,0.36790935833145993,-0.9056643283313037,0.3272257612161632,-1.6352741432508848,0.3681640266750526,-0.9041435164203449
1.82,0.36609785208907514,-0.921950297322511,0.3239206454644797,-1.652557875841768,0.3663202157584277,-0.9219054583124446
1.822,0.36441362119844967,-0.9376794111130007,0.3205819723283628,-1.6693365680584642,0.36444154990216393,-0.9393329281318981
1.824,0.36253362407856904,-0.9579545811525416,0.31721076535627984,-1.6856034860414768,0.362528710576306,-0.9564196629289892
1.826,0.3605799827348677,-0.9772444803002498,0.3138080605929834,-1.7013523816482305,0.3605823910414274,-0.9731597674392815
1.828,0.3586553453889722,-0.9883649986718283,0.31037490559547687,-1.7165774987532607,0.3586032956021619,-0.9895477196327574
1.83,0.3564714569972907,-1.0043383867119755,0.30691235843749465,-1.7312735789911076,0.35659213885049035,-1.005578375835775
1.832,0.35437681555205613,-1.0203330931382935,0.3034214867036254,-1.7454358669346155,0.35454964489965074,-1.0212469754198161
1.834,0.3525327318983031,-1.0377781160155193,0.29990336647422144,-1.7590601147019889,0.35247654660954775,-1.0365491450514885
1.836,0.3501255435585821,-1.052351934429558,0.2963590813022482,-1.7721425859866144,0.3503735848045503,-1.051480902498736
1.838,0.3483056949119977,-1.0654646210594299,0.29278972118323954,-1.7846800595043297,0.34824150748457283,-1.066038659988712
1.84,0.34602061172624604,-1.0808455593597848,0.28919638151953253,-1.796669831853498,0.34608106903034624,-1.0802192271132822
1.842,0.34380888302760576,-1.0963941258980552,0.2855801620799647,-1.8081097197839364,0.34389302940378896,-1.0940198132786332
1.844,0.34148941224190027,-1.1089792065730113,0.2819421659562218,-1.8189980618714436,0.341678153344397,-1.1074380296959825
1.846,0.33921186355996125,-1.1209216958855752,0.27828349851703105,-1.82933371959537,0.33943720956257517,-1.1204718909109137
1.848,0.33680623434144064,-1.1350118255773136,0.27460526636139626,-1.83911607781739,0.3371709699308364,-1.1331198158693843
1.85,0.3351786649444794,-1.1464119246121738,0.2709085762720756,-1.8483450446603442,0.3348802086737984,-1.1453806285189867
1.852,0.3324723574645131,-1.1566923990967442,0.2671945341705021,-1.857021050786741,0.33256570155790927,-1.1572535579445822
1.854,0.3300818485363822,-1.1710715273170895,0.26346424407434765,-1.8651450480772263,0.33022822508183336,-1.1687382380379565
1.856,0.3279307463492282,-1.178995664395015,0.2597188070589275,-1.872718507710052,0.32786855566843,-1.1798347067016945
1.858,0.325128479600169,-1.1899060783318658,0.25595932022364093,-1.879743417643305,0.32548746885925395,-1.190543404588005
1.86,0.32321106011346723,-1.201123870690795,0.2521868756646362,-1.8862222795023709,0.32308573851250644,-1.2008651733737679
1.862,0.3204902520459287,-1.208186324648132,0.24840255945488451,-1.8921581048758433,0.3206641360053592,-1.2108012535736203
1.864,0.31795447873993105,-1.2217861104517007,0.24460745063283693,-1.8975544110237998,0.31822342944157234,-1.220353281893435
1.866,0.31549815215058247,-1.2317543883880768,0.24080262020083074,-1.9024152160030896,0.31576438286531816,-1.2295232881270786
1.868,0.3130438005340158,-1.2378039835169719,0.23698913013440076,-1.90674503321499,0.3132877554821184,-1.238313691599882
1.87,0.3107262425668125,-1.2468993381878948,0.23316803240363818,-1.910548865381298,0.31079430088779286,-1.2467272971627792
1.872,0.3082436148912707,-1.2528846992036744,0.22934036800772692,-1.9138321979556252,0.30828476630630963,-1.2547672907416023
1.874,0.3059571849404869,-1.2642161658519326,0.22550716602377222,-1.916600991977358,0.30575989183741653,-1.2624372344465495
1.8760000000000001,0.30305466405299686,-1.270341220027791,0.22166944267101935,-1.9188616763764348,0.3032204097149218,-1.2697410612473543
1.8780000000000001,0.30074548292995185,-1.2783103604510575,0.2178282003915438,-1.9206211397377675,0.3006670435764814,-1.2766830692202074
1.8800000000000001,0.297776629010991,-1.2828612191677835,0.2139844269484742,-1.9218867215348,0.29810050774573543,-1.2832679153729816
1.8820000000000001,0.29596389117652433,-1.287720249231772,0.21013909454278948,-1.9226662028423542,0.29552150652762377,-1.2895006090558185
1.8840000000000001,0.29301314754123314,-1.2977540743576879,0.20629315894971037,-1.9229677965395595,0.2929307335176945,-1.295386504964623
1.8860000000000001,0.29033081554020074,-1.298358413593021,0.2024475586756818,-1.922800137014285,0.2903288709262035,-1.300931295745498
1.8880000000000001,0.2878285289780917,-1.3091707854741321,0.19860321413691956,-1.922172269381117,0.28771658891778623,-1.3061410042086319
1.8900000000000001,0.2848262725854671,-1.3123179339057114,0.1947610268604685,-1.921093638225521,0.285094544967465,-1.311021975160609
1.8920000000000001,0.28220753707175517,-1.3177644219634492,0.19092187870869368,-1.919574075887415,0.2824633832337359,-1.3155808668645763
1.8940000000000001,0.2799997659530032,-1.3221513230875988,0.18708663112809779,-1.9176237902979452,0.2798237339494596,-1.319824642138144
1.8960000000000001,0.27685525289003043,-1.3227249951745466,0.18325612442333017,-1.915253352383813,0.2771762128312609,-1.3237605590993273
1.8980000000000001,0.2746291782627273,-1.3277020456585018,0.1794311770572221,-1.9124736830540248,0.2745214205081184,-1.3273961615712633
1.9000000000000001,0.27181162043048573,-1.3279020022650432,0.1756125849776532,-1.9092960397844616,0.27185994196980473,-1.330739269156844
1.9020000000000001,0.2691833770088266,-1.3332548961994273,0.1718011209720209,-1.9057320028161464,0.2691923460358151,-1.3337979669948048
1.9040000000000001,0.26670908244955477,-1.3348254876654528,0.16799753405005377,-1.901793460983571,0.2665191848453967,-1.3365805952091858
1.9060000000000001,0.2637860670285165,-1.340138025025602,0.16420254885567398,-1.8974925971898904,0.2638409933692678,-1.3390957380644604
1.9080000000000001,0.26138037437271516,-1.3414566708376188,0.16041686510858152,-1.892841873546226,0.2611582889435899,-1.3413522128389717
1.9100000000000001,0.2584282923586568,-1.3463451973001328,0.15664115707619608,-1.8878540161927242,0.25847157082673056,-1.3433590584296609
1.9120000000000001,0.2557603071851199,-1.3440671994675448,0.15287607307655726,-1.8825419998194082,0.2557813197793278,-1.3451255237013955
1.9140000000000001,0.25280052057214797,-1.3436932178136909,0.14912223501274682,-1.876919031905217,0.2530879976681388,-1.346661055594511
1.9160000000000001,0.2504436090277425,-1.3483526020407164,0.1453802379393589,-1.8709985366939703,0.2503920470941298,-1.3479752870044746
1.9180000000000001,0.2476841537252345,-1.3451727968220937,0.14165064966150628,-1.8647941389263096,0.24769389104523412,-1.349078024447851
1.92,0.24504832900272674,-1.3466968860404152,0.13793401036681238,-1.858319647346957,0.2449939325741761,-1.349979235529013
1.922,0.2420442991571968,-1.3490309260940796,0.13423083229079857,-1.8515890380069004,0.24229255450173154,-1.350689036222273
1.924,0.23931621372244136,-1.3507446770194331,0.13054159941603785,-1.8446164373803553,0.23959011914576284,-1.3512176779843454
1.926,0.23674579745743246,-1.3496198474074605,0.1268667672054047,-1.8374161053165676,0.23688696807633836,-1.3515755347122451
1.928,0.23399700778251944,-1.3513986335815429,0.12320676236971129,-1.830002417846714,0.23418342189721453,-1.3517730895619198
1.93,0.2314417388597592,-1.3480793436242056,0.11956198266997864,-1.8223898498663225,0.23147978005392836,-1.3518209216430828
1.932,0.2287801502256191,-1.3533215923591968,0.11593279675455109,-1.8145929577137727,0.22877632066871664,-1.35172969260586
1.934,0.2263062451028016,-1.3508374818561366,0.11231954403121998,-1.8066263616655547,0.22607330040244664,-1.3515101331350012
1.936,0.22330588417399536,-1.3517331995491306,0.10872253457448189,-1.7985047283690465,0.2233709543437116,-1.3511730293675128
1.938,0.2205660682788983,-1.3481827037401906,0.10514204906801461,-1.7902427532336405,0.22066949592521226,-1.350729209249668
1.94,0.21768488872223754,-1.3531326665904049,0.10157833878241244,-1.7818551428010807,0.2179691168675134,-1.350189528849422
1.942,0.21521703053010893,-1.347403077183207,0.09803162558818067,-1.7733565971158873,0.2152699871502328,-1.349564858640315
1.944,0.21256671775039318,-1.350475457088094,0.09450210200394721,-1.7647617921167293,0.21257225501068683,-1.3488660697729866
1.946,0.21008937432250657,-1.346992778108363,0.09098993127980808,-1.7560853620695684,0.20987604696998596,-1.3481040203504324
1.948,0.2071702099725661,-1.3486746407555283,0.08749524751568141,-1.7473418820633309,0.20718146788653968,-1.347289541723144
1.95,0.2045754689142646,-1.3466262188337954,0.08401815581450386,-1.7385458505887763,0.2044886010368992,-1.34643342482024
1.952,0.20202186347808881,-1.3447580403001438,0.08055873247006162,-1.729711672221118,0.20179750822383388,-1.3455464065326643
1.954,0.19939720484057766,-1.3472966092538818,0.077117025189208,-1.7208536404268084,0.19910822991150495,-1.3446391561644615
1.956,0.196375037145766,-1.3397364154895164,0.07369305334817852,-1.7119859205147434,0.19642078538756882,-1.3437222619680647
1.958,0.19384848664035206,-1.3443279618389636,0.07028680828267463,-1.703122532751951,0.19373517295200995,-1.3428062177794309
1.96,0.19123679876689856,-1.3403700114352217,0.0668982536113474,-1.694277335663619,0.19105137013247248,-1.3419014097687445
1.962,0.18810162570353392,-1.3411881704949904,0.06352732559227323,-1.6854640095370823,0.18836933392582794,-1.3410181033222723
1.964,0.18588607885929062,-1.3373839826614273,0.060173933511974954,-1.676696040149136,0.18568900106568634,-1.340166430070802
1.966,0.18316150054901326,-1.3415763095164328,0.05683796010650344,-1.6679867027357587,0.1830102883155265,-1.3393563750799238
1.968,0.18050961909576477,-1.3399970530439163,0.05351926201405738,-1.6593490462230311,0.18033309278709203,-1.3385977642172249
1.97,0.17761698064230966,-1.335305609491118,0.05021767025858195,-1.650795877737712,0.1776572922836695,-1.3379002517112617
1.972,0.17497271210102686,-1.3341218919793612,0.04693299076375077,-1.6423397474155903,0.17498274566783562,-1.3372733079169445
1.974,0.1725722458038874,-1.3358368161941059,0.04366500489670004,-1.6339929335253645,0.17230929325323213,-1.3367262073017365
1.976,0.1695140426871474,-1.3353624640730373,0.04041347004084919,-1.6257674279254228,0.16963675721989854,-1.3362680166668004
1.978,0.16713259055027335,-1.336495593616318,0.03717812019710822,-1.6176749218704851,0.16696494205266463,-1.3359075836169596
1.98,0.1642345929422817,-1.3369415811696983,0.03395866661273892,-1.6097267921846503,0.16429363500207855,-1.3356535252930444
1.982,0.16198896416360303,-1.3357914753666777,0.030754798437105026,-1.6019340878169483,0.16162260656731878,-1.335514217379889
1.984,0.1586215230269208,-1.3371232303311849,0.02756618340351495,-1.5943075167950373,0.15895161100051294,-1.3354977834029231
1.986,0.15658241804052375,-1.3369175909655107,0.02439246853633054,-1.5868574335922065,0.15628038683186102,-1.3356120843259616
1.988,0.1536455238478674,-1.3346712403828414,0.021233280882485828,-1.5795938269223568,0.15360865741493612,-1.3358647084624495
1.99,0.15089627135252787,-1.33892291896454,0.0180882282665316,-1.572526307977113,0.15093613149151203,-1.3362629617120476
1.992,0.14815789501055526,-1.3342947253690027,0.014956900068294195,-1.5656640991187027,0.1482625037752439,-1.3368138581340687
1.994,0.14549790116306416,-1.3360495711336318,0.01183886802221081,-1.5590160230416927,0.14558745555350613,-1.3375241108688787
1.996,0.14296334193773322,-1.3398118948474809,0.008733687037378578,-1.5525904924161162,0.1429106553066702,-1.3384001234179732
1.998,0.13990835269507365,-1.3388503683573283,0.005640896037330657,-1.5463955000239606,0.14023175934408413,-1.3394479812930213
2.0,0.137541003279668,-1.3411418720955655,0.0025600188185298596,-1.5404386094003988,0.13755041245599667,-1.3406734440437378
2.0020000000000002,0.13496378143512672,-1.3388564079487102,-0.0005094350734512489,-1.5347269459905541,0.13486624858064866,-1.3420819376740052
2.004,0.13240590148948977,-1.3427176845427373,-0.0035679694511152166,-1.5292671888319838,0.13217889148573825,-1.343678547455214
2.0060000000000002,0.12934053955181918,-1.3480050780610875,-0.006616100576660107,-1.5240655627724446,0.1294879554634476,-1.3454680111453297
2.008,0.12677896506313577,-1.346156729047474,-0.009654356239123878,-1.5191278312318857,0.12679304603820415,-1.3474547126217198
2.0100000000000002,0.12433848561851346,-1.3509237473636373,-0.012683274818157803,-1.5144592895169626,0.12409376068633357,-1.349642675935295
2.012,0.12136127914731276,-1.3515249852633444,-0.015703404335549273,-1.5100647586957345,0.1213896895667475,-1.3520355597930318
2.0140000000000002,0.11880155569971414,-1.3579021330578838,-0.018715301495628358,-1.5059485800395427,0.11868041626179662,-1.3546366524754379
2.016,0.11612235351443316,-1.3551845787332315,-0.02171953071570518,-1.5021146100384104,0.11596551852740657,-1.357448867195029
2.0180000000000002,0.11313474954105808,-1.362922206570702,-0.02471666314769645,-1.498566215995635,0.11324456905160385,-1.360474737901361
2.02,0.1104664940684596,-1.3656489385644963,-0.02770727569210958,-1.4953062722065673,0.11051713622052854,-1.3637164155376518
2.0220000000000002,0.1079414607967809,-1.3644798376057765,-0.030691950005561373,-1.4923371567258956,0.10778278489102154,-1.3671756647534983
2.024,0.10489353598142429,-1.3695131511254548,-0.0336712715030155,-1.4896607487270646,0.10504107716886621,-1.3708538610776688
2.0260000000000002,0.10230178894178658,-1.3739225222635634,-0.03664582835592904,-1.4872784264567704,0.10229157319175738,-1.3747519885544128
2.028,0.09955474602197055,-1.377253164268815,-0.03961621048750262,-1.485191065786788,0.09953383191606499,-1.378870637846195
2.0300000000000002,0.09708372110906645,-1.384171670373941,-0.042583008566231983,-1.4833990393646816,0.09676741190645455,-1.3832100048052194
2.032,0.09381383771030093,-1.389922727118848,-0.04554681299896052,-1.481902216364266,0.09399187212742342,-1.3877698895155648
2.0340000000000003,0.0909482178392588,-1.3908459175871863,-0.04850821292463248,-1.480699962835979,0.09120677273580902,-1.3925496958072061
2.036,0.08859892788699616,-1.397032335258288,-0.05146779520994576,-1.4797911426566404,0.08841167587332371,-1.3975484312426514
2.0380000000000003,0.08563433313437085,-1.403060304854326,-0.054426143448100484,-1.479174119077363,0.08560614645817097,-1.402764707576371
2.04,0.08300120677954022,-1.406106172773345,-0.05738383696183589,-1.4788467568677035,0.08278975297479767,-1.4081967416866528
2.0420000000000003,0.0795911732462086,-1.4110790060085778,-0.060341449811942754,-1.4788064250534316,0.07996206826083974,-1.4138423569789633
2.044,0.07708033768735761,-1.4222779940627406,-0.06329954981243201,-1.479050000244623,0.07712267029032104,-1.41969898525935
2.0460000000000003,0.07472079704847763,-1.428044231312462,-0.06625869755353217,-1.4795738705500818,0.07427114295216929,-1.4257636690758744
2.048,0.07155209241003495,-1.4309893469569928,-0.06921944543367903,-1.4803739400734304,0.07140707682311825,-1.432033064525518
2.05,0.06863132805950671,-1.440950847864108,-0.07218233670165006,-1.4814456339855138,0.06853006993407132,-1.4385034445234681
2.052,0.06561033100883881,-1.4487603582051842,-0.07514790450998428,-1.4827839041671136,0.06563972852900903,-1.4451707025311462
2.054,0.0625560141413988,-1.4503427115311578,-0.07811667098081485,-1.4843832354152857,0.0627356678155314,-1.452030356738811
2.056,0.059929777005742375,-1.458699624441258,-0.08108914628522683,-1.4862376522059924,0.05981751270613532,-1.4590775546980395
2.058,0.05667144343524344,-1.4686149598670342,-0.08406582773723692,-1.488340726005046,0.05688489854933759,-1.4663070783988628
2.06,0.053785321179461186,-1.4740377566536607,-0.08704719890347441,-1.4906855831187462,0.05393747184976596,-1.473713349785816
2.062,0.05115872787881316,-1.4846179081376465,-0.09003372872962433,-1.4932649130749578,0.05097489097635266,-1.4812904367066497
2.064,0.04818743233124226,-1.4910015687921971,-0.09302587068467386,-1.4960709775247647,0.04799682685777878,-1.4890320592869426
2.066,0.04517706750862449,-1.4973516630451473,-0.0960240619239823,-1.4990956196542222,0.045002963664332055,-1.4969315967233607
2.068,0.04171834874898243,-1.5057244613786789,-0.09902872247217256,-1.5023302740951343,0.041992999475356424,-1.5049820944878136
2.07,0.03885303252559133,-1.5116197886084455,-0.10204025442681897,-1.5057659773232033,0.03896664693148786,-1.5131762719342814
2.072,0.036111397755909116,-1.5171802932311866,-0.10505904118388161,-1.5093933785313214,0.03592363387088864,-1.5215065302996096
2.074,0.032783553804376114,-1.5254209698253376,-0.10808544668581206,-1.513202750965224,0.032863703948710424,-1.5299649610891093
2.076,0.029898912639966257,-1.5405382563601935,-0.11111981469322842,-1.517184003708175,0.029786617239035737,-1.538543354837344
2.078,0.026918837171527477,-1.5492818209455688,-0.11416246808103009,-1.5213266939008356,0.026692150818567646,-1.5472332102340456
2.08,0.02334153853588298,-1.5542195579102276,-0.11721370815979398,-1.5256200393819457,0.023580099331358306,-1.55602574360467
2.082,0.020417476845877337,-1.5627925601928234,-0.12027381402326391,-1.5300529317349618,0.02045027553388894,-1.5649118987346822
2.084,0.017592876047806513,-1.5773810480105084,-0.12334304192271453,-1.534613949725311,0.01730251081983643,-1.5738823570262548
2.086,0.01410602708914225,-1.5835682527561292,-0.12642162466893944,-1.5392913731124593,0.014136655723885085,-1.5829275479756726
2.088,0.01065128340745305,-1.5894854316248361,-0.12950977106258055,-1.5440731968205539,0.010952580403966392,-1.5920376599593467
2.09,0.007686670224062232,-1.602174306031922,-0.13260766535348248,-1.548947145450971,0.007750175101334422,-1.6012026513159845
2.092,0.004816256305556614,-1.6125384200692008,-0.13571546672972187,-1.553900688119697,0.004529350577910224,-1.6104122617120993
2.094,0.0013682721297461078,-1.618708418443708,-0.13883330883692604,-1.5589210536020877,0.001290038530354806,-1.619656023777709
2.096,-0.0019282330775758775,-1.6304606256119867,-0.1419612993284604,-1.563995245767179,-0.0019678080196426917,-1.6289232749987488
2.098,-0.005024441269951324,-1.6370676104984545,-0.14509951944702718,-1.569110059283389,-0.005244214359347521,-1.6382031698524144
2.1,-0.008640128254655188,-1.652196068656867,-0.1482480236381814,-1.5742520955771142,-0.00853918374369023,-1.6474846921713544
2.102,-0.011475326783050395,-1.6551962292396938,-0.15140683919623227,-1.5794077790254364,-0.011852697079134954,-1.6567566677223622
2.104,-0.01538410898021267,-1.6627459527518538,-0.15457596594296,-1.5845633733638642,-0.015184712633104853,-1.6660077769849495
2.106,-0.018352213529278592,-1.6758239045889105,-0.15775537593953956,-1.589704998289785,-0.01853516576933474,-1.6752265681149443
2.108,-0.022113341945049672,-1.6845277177962426,-0.1609450132320237,-1.5948186462420655,-0.021903968709490795,-1.6844014700780265
2.11,-0.025179178838624357,-1.693061099818982,-0.16414479363069776,-1.5998901993370276,-0.025291010321366617,-1.6935208059379099
2.112,-0.028542794030282995,-1.701975697486703,-0.16735460452357945,-1.604905446440843,-0.02869615593393398,-1.702572806283682
2.114,-0.03215600092767076,-1.7103733567134833,-0.17057430472429588,-1.6098501003582206,-0.03211924717949527,-1.7115456227806458
2.116,-0.035273027161516694,-1.7214628813752242,-0.17380372435453015,-1.6147098151171273,-0.03556010186315296,-1.720427341828847
2.118,-0.03933847090537702,-1.7258270387773291,-0.17704266476118846,-1.6194702033291632,-0.03901851385977964,-1.72920599831334
2.12,-0.042166646638210396,-1.737679966034318,-0.1802908984683987,-1.624116853605125,-0.042494253038639886,-1.7378695894301233
2.122,-0.046315760122170854,-1.7481401487997608,-0.18354816916440916,-1.6286353480052222,-0.04598706521578304,-1.7464060885715758
2.124,-0.04975729070303455,-1.7518240941735772,-0.18681419172341593,-1.6330112795033769,-0.049496672134293346,-1.7548034592551538
2.126,-0.052853321339064736,-1.7630857436045553,-0.19008865226230595,-1.6372302694450098,-0.05302277147245142,-1.7630496690790372
2.128,-0.0565194637399009,-1.7752708242642086,-0.19337120823226142,-1.6412779849777395,-0.05656503687982818,-1.7711327036883813
2.13,-0.06042378159220489,-1.780672979009244,-0.1966614885451303,-1.6451401564344428,-0.06012311804129979,-1.7790405807358054
2.132,-0.06351995509421023,-1.7886900526339409,-0.1999590937344267,-1.6488025946481952,-0.06369664076893929,-1.7867613638197477
2.134,-0.06680311597820514,-1.7912853622687552,-0.20326359615078407,-1.6522512081786842,-0.06728520712170796,-1.7942831763843374
2.136,-0.07087587025609055,-1.7997593362784545,-0.20657454019164367,-1.6554720204298077,-0.0708883955528369,-1.801594215564467
2.138,-0.07426801976646905,-1.8088199798166644,-0.20989144256492026,-1.6584511866382998,-0.07450576108475652,-1.8086827659598121
2.14,-0.07804406279192323,-1.8141377828264127,-0.21321379258634704,-1.6611750107133856,-0.07813683551139976,-1.8155372133216179
2.142,-0.08185618592999448,-1.821603380666866,-0.21654105251016234,-1.663629961907654,-0.0817811276276721,-1.822146058136171
2.144,-0.08553438900506466,-1.8298863859258223,-0.21987265789276142,-1.665802691299545,-0.08543812348585009,-1.8284979290889931
2.146,-0.08912599593737197,-1.8351396111845302,-0.22320801798889758,-1.66768004806808,-0.08910728667863793,-1.8345815963939254
2.148,-0.09268999454279461,-1.8393909492719878,-0.22654651617997904,-1.6692490955407262,-0.09278805864858079,-1.8403859849714328
2.15,-0.09649821917870932,-1.8466356925339606,-0.22988751043397015,-1.6704971269955589,-0.09647985902350205,-1.845900187460628
2.152,-0.10050968747320373,-1.847464994243743,-0.23323033379636857,-1.6714116811992,-0.10018208597760148,-1.8511134770497122
2.154,-0.10391576673364253,-1.854475968508934,-0.23657429491169324,-1.6719805576623301,-0.10389411661782096,-1.8560153201097414
2.156,-0.10780370691304715,-1.8573931319644805,-0.23991867857488308,-1.672191831594927,-0.10761530739505468,-1.8605953886168576
2.158,-0.11132863358116661,-1.866119484091846,-0.2432627463119706,-1.6720338685437532,-0.11134499453975143,-1.8648435723483763
2.16,-0.11470443511433095,-1.8715590115011247,-0.2466057369893606,-1.6714953386950104,-0.1150824945214282,-1.8687499908383878
2.162,-0.11859707582172173,-1.8735852571072842,-0.2499468674510116,-1.670565230825492,-0.11882710453158583,-1.8723050050788175
2.164,-0.12241467066729877,-1.8754828664400642,-0.2532853331827836,-1.669232865886002,-0.12257810298949022,-1.8754992289521926
2.166,-0.12636334110876754,-1.878751728670128,-0.25662030900318616,-1.6674879102012654,-0.12633475007025557,-1.8783235403826837
2.168,-0.13029626723911972,-1.8806992901469757,-0.2599509497797282,-1.6653203882710237,-0.13009628825464023,-1.880769092192326
2.17,-0.13375645534409375,-1.883826482082283,-0.26327639117004326,-1.6627206951575109,-0.13386194289993958,-1.8828273226496812
2.172,-0.1374031805387159,-1.8853120879421705,-0.2665957503869333,-1.6596796084450112,-0.1376309228313367,-1.8844899656985667
2.174,-0.14168930213660866,-1.8837807941527465,-0.2699081269864487,-1.6561882997577289,-0.14140242095304645,-1.8857490608548653
2.176,-0.14496351734927018,-1.8870091134580327,-0.27321260367809425,-1.652238345822748,-0.14517561487856612,-1.8865969627598291
2.178,-0.14892247242858295,-1.883288421904159,-0.2765082471562251,-1.6478217390654177,-0.1489496675793235,-1.8870263503787041
2.18,-0.15256441338324125,-1.8882659466051095,-0.2797941089516752,-1.6429308977250763,-0.15272372805099138,-1.8870302358339288
2.182,-0.1563870773050336,-1.8866540237670986,-0.2830692263026345,-1.6375586754796145,-0.15649693199671658,-1.8866019728626033
2.184,-0.16067439150192217,-1.8865206980159566,-0.28633262304377044,-1.6316983705679864,-0.16026840252649333,-1.8857352648883783
2.186,-0.16376587170335782,-1.883882503775027,-0.2895833105125712,-1.6253437344003825,-0.16403725087189008,-1.8844241726983753
2.188,-0.1679786219970026,-1.885986888980139,-0.29282028847186403,-1.6184889796464166,-0.16780257711532257,-1.8826631217162346
2.19,-0.17139100949984284,-1.8790972449259247,-0.2960425460474486,-1.6111287877923066,-0.1715634709330483,-1.8804469088628661
2.192,-0.17555718940913048,-1.8786205431964702,-0.299249062679766,-1.6032583161586798,-0.17531901235104227,-1.8777707089969822
2.194,-0.1791979419729863,-1.874497456099578,-0.30243880908850856,-1.5948732043712894,-0.17906827251289828,-1.8746300809279968
2.196,-0.1829345223465865,-1.869512947579461,-0.30561074824906376,-1.58596958027759,-0.18281031445888707,-1.871020972994391
2.198,-0.1872414645782875,-1.8688207752704695,-0.3087638363796693,-1.576544065302789,-0.1865441939152894,-1.8669397282011697
2.2,-0.1898425501474375,-1.8620928694186958,-0.31189702393814867,-1.5665937792396702,-0.19026896009311053,-1.8623830889105648
2.202,-0.19414820879827244,-1.8550181480906636,-0.315009256627083,-1.5561163444671628,-0.19398365649527188,-1.857348201080678
2.204,-0.19759176212569443,-1.8511780150970742,-0.3180994764062696,-1.545109889593314,-0.1976873217313665,-1.8518326180473024
2.206,-0.20127692287283666,-1.8430167579288643,-0.3211666225113077,-1.5335730525190134,-0.2013789903390559,-1.8458343038447043
2.208,-0.204826247420036,-1.8411200393845137,-0.3242096324771467,-1.5215049829195038,-0.20505769361117931,-1.8393516360617095
2.21,-0.20891775925819467,-1.8330469051987237,-0.3272274431654295,-1.5089053441414042,-0.20872246042763928,-1.8323834082299855
2.212,-0.21254283870383017,-1.826359184763172,-0.33021899179445685,-1.4957743145136637,-0.21237231809112322,-1.8249288317419754
2.214,-0.21634878183611958,-1.812714373051638,-0.33318321697059994,-1.4821125880715507,-0.21600629316571623,-1.8169875372965005
2.216,-0.21934562185287534,-1.809555090660517,-0.3361190597199869,-1.4679213746934743,-0.21962341231745744,-1.8085595758706088
2.218,-0.2234012407283883,-1.7988693675924803,-0.3390254645192891,-1.4532023996511167,-0.22322270315589107,-1.7996454192168136
2.22,-0.22690150516025853,-1.7893835790182449,-0.3419013803244372,-1.4379579025740408,-0.22680319507566193,-1.7902459598854261
2.222,-0.23032180791070903,-1.7821277635697805,-0.3447457615960984,-1.4221906358306091,-0.23036392009720644,-1.7803625107722478
2.224,-0.23388475044079687,-1.7729172107425055,-0.3475575693207538,-1.4059038623277327,-0.23390391370559135,-1.7699968041924545
2.226,-0.23763978235866232,-1.7572154513967557,-0.35033577202621907,-1.3891013527326217,-0.23742221568655547,-1.7591509904820524
2.228,-0.24097206362845403,-1.74423045004861,-0.3530793467904598,-1.3717873821203823,-0.24091787095881317,-1.7478276361288498
2.23,-0.24404264886173732,-1.735683653224259,-0.35578728024256373,-1.353966726051945,-0.24438993040168405,-1.7360297214354352
2.232,-0.24800230121817346,-1.725539626972629,-0.35845856955473865,-1.3356446560874626,-0.24783745167711846,-1.723760637717198
2.234,-0.2511367625746816,-1.7110093876559211,-0.36109222342422054,-1.3168269347409427,-0.2512595000451964,-1.7110241840389706
2.236,-0.25439380585421906,-1.695706105470359,-0.3636872630439856,-1.2975198098825105,-0.25465514917218524,-1.6978245634944096
2.238,-0.2578088740748263,-1.6864112100524538,-0.36624272306117617,-1.2777300085953074,-0.25802348193025076,-1.6841663790327508
2.24,-0.2608511102274798,-1.6702403361924605,-0.36875765252216547,-1.257464730494637,-0.26136359118792696,-1.6700546288381102
2.242,-0.2647258756065877,-1.6556819223555195,-0.37123111580320056,-1.2367316405175586,-0.26467458059046095,-1.6554947012670027
2.244,-0.2680744401573426,-1.6422824029443048,-0.373662193525584,-1.2155388611917117,-0.2679555653291615,-1.6404923693502644
2.246,-0.271105695162031,-1.6253926367027778,-0.3760499834543694,-1.1938949643927168,-0.2712056728988936,-1.6250537848660551
2.248,-0.2745726289945455,-1.6096848465753328,-0.3783936013795695,-1.171808962600053,-0.2744240438428758,-1.609185471991108
2.25,-0.2778570402402304,-1.5939705822256274,-0.3806921819788932,-1.1492902996618513,-0.2776098324839515,-1.5928943205378683
2.2520000000000002,-0.2803613632566858,-1.5740449520041673,-0.38294487966105234,-1.1263488410795686,-0.28076220764152277,-1.5761875787856274
2.254,-0.28404420862099233,-1.5620523934901027,-0.38515086938870036,-1.1029948638240141,-0.2838803533333512,-1.5590728459142167
2.2560000000000002,-0.2871226582854553,-1.540779621457026,-0.38730934748008977,-1.0792390456946992,-0.28696346946144974,-1.5415580640492663
2.258,-0.28999732562071684,-1.5255717718900552,-0.3894195323885597,-1.0550924542349547,-0.2900107724813067,-1.5236515099284653
2.2600000000000002,-0.2926952284545709,-1.5040027675295047,-0.3914806654589912,-1.030566535215731,-0.29302149605370403,-1.5053617861986788
2.262,-0.2956546193863774,-1.488242324611097,-0.39349201166039405,-1.0056731007014361,-0.2959948916784124,-1.486697812354184
2.2640000000000002,-0.29889070695677367,-1.4663197830681538,-0.39545286029381727,-0.9804243167116021,-0.29893022930906576,-1.4676688153266793
2.266,-0.3017959544822653,-1.4455197557250572,-0.3973625256748024,-0.9548326904925812,-0.30182679794854195,-1.4482843197380966
2.2680000000000002,-0.30494092857844407,-1.4329059522797953,-0.39922034778963017,-0.9289110574138737,-0.30468390622419717,-1.4285541378276185
2.27,-0.30724837396601107,-1.404824595843966,-0.4010256929246383,-0.9026725675040641,-0.30750088294232647,-1.4084883590646462
2.2720000000000002,-0.3102695133691104,-1.3875197541751958,-0.40277795426792173,-0.8761306716417107,-0.31027707762124607,-1.3880973394598022
2.274,-0.31306318498872837,-1.3635907599850086,-0.4044765524827555,-0.849299107416872,-0.3130118610024188,-1.3673916905863746
2.2760000000000002,-0.3154909427543558,-1.34779596324865,-0.40612093625211404,-0.8221918846792857,-0.31570462553906864,-1.3463822683249154
2.278,-0.3182076323266604,-1.3247695626225235,-0.4077105827936931,-0.7948232707895223,-0.31835478586175664,-1.3250801613439935
2.2800000000000002,-0.3209627102213874,-1.3050479128360717,-0.40924499834487255,-0.7672077755897274,-0.3209617792204174,-1.3034966793303824
2.282,-0.32373203109586524,-1.281069716201029,-0.4107237186170942,-0.7393601361108406,-0.32352506590238184,-1.2816433409822188
2.2840000000000003,-0.32606401011263425,-1.2581400122417952,-0.41214630921916107,-0.7112953010334326,-0.32604412962593965,-1.2595318617789144
2.286,-0.32844219008267034,-1.2379999677355227,-0.41351236604900016,-0.6830284149195405,-0.32851847790902333,-1.2371741415418296
2.2880000000000003,-0.33049360867313543,-1.2140506771510529,-0.41482151565346637,-0.6545748022330997,-0.3309476424126232,-1.21458225179993
2.29,-0.3333661819621667,-1.1918645169149937,-0.4160734155557999,-0.6259499511667719,-0.33333117925857286,-1.1917684229748415
2.2920000000000003,-0.3356984555503282,-1.1680703530134342,-0.4172677545503862,-0.5971694972931538,-0.3356686693213727,-1.1687450313998982
2.294,-0.33791680100691385,-1.1452630707255318,-0.4184042529645033,-0.5682492070585258,-0.33795971849374856,-1.1455245861879424
2.2960000000000003,-0.34035473215581813,-1.1213687932454575,-0.4194826628867782,-0.539204961137474,-0.3402039579256741,-1.122119715962779
2.298,-0.3420064917159635,-1.1003596824552826,-0.4205027683621121,-0.5100527376669515,-0.3424010442366127,-1.0985431554693161
2.3000000000000003,-0.34473084583147623,-1.0752644212473386,-0.42146438555286964,-0.48080859537878107,-0.3445506597007678,-1.0748077320775404
2.302,-0.34669019874290674,-1.0512857305216614,-0.42236736286617116,-0.4514886566507656,-0.34665251240515893,-1.0509263521955676
2.3040000000000003,-0.348883326109776,-1.030008112030296,-0.42321158104717144,-0.42210909050013723,-0.3487063363803731,-1.02691198760709
2.306,-0.3508740006686572,-1.0053104868291987,-0.4239969532382804,-0.39268609555448925,-0.35071189170387035,-1.002777661748608
2.308,-0.35253511824277284,-0.9829063970879628,-0.42472342500442506,-0.36323588307232846,-0.3526689645757541,-0.978536435941876
2.31,-0.3544573069968256,-0.9554129492872143,-0.4253909743248361,-0.33377466020552127,-0.3545773673669481,-0.9542013955970254
2.312,-0.35658001803796524,-0.9338909417503649,-0.4259996115530075,-0.30431861408569144,-0.3564369386397518,-0.9297856364018408
2.314,-0.35832908309021766,-0.9066272965920902,-0.42654937935016474,-0.27488389857863293,-0.3582475431407771,-0.9053022505126617
2.316,-0.35980598069303993,-0.8805009212964126,-0.4270403526094145,-0.24548662962487244,-0.36000907176630187,-0.8807643127623658
2.318,-0.3617150675230802,-0.8540957379003583,-0.42747263842579,-0.21614290818775672,-0.36172144150010355,-0.8561848669008512
2.32,-0.36319348368095333,-0.8308454292851686,-0.4278463762893342,-0.18686893177210753,-0.3633845953238703,-0.8315769118833861
2.322,-0.36521385478715696,-0.8034345023121163,-0.42816173906696886,-0.1576813888173378,-0.36499850210031454,-0.8069533882221267
2.324,-0.3665458485192774,-0.7846425615539714,-0.42841893656539765,-0.128598749214386,-0.36656315642914655,-0.7823271644160196
2.326,-0.36820739864395424,-0.7599615315820885,-0.42861822725702964,-0.09964534581599141,-0.368078578476095,-0.7577110234742082
2.328,-0.3698063525400591,-0.7346707532939823,-0.4287599548101829,-0.0708637765766341,-0.3695448137751909,-0.7331176495479449
2.33,-0.37080063553261333,-0.708155247266836,-0.4288446528904593,-0.04234904013819162,-0.37096193300456265,-0.7085596146858841
2.332,-0.37231535286219136,-0.6830926096997195,-0.42887328710026645,-0.014317104903571846,-0.37233003173601764,-0.6840493657274821
2.334,-0.373654549339164,-0.6578122234185166,-0.4288475301049157,0.012878497675358529,-0.37364923015871576,-0.6595992113490717
2.336,-0.37455440435842385,-0.6370813990808845,-0.4287694637409667,0.039033181974521415,-0.3749196727772698,-0.6352213092770045
2.338,-0.3763152420195461,-0.6108061712067767,-0.4286407710734939,0.06434633373638979,-0.3761415280846339,-0.6109276536820607
2.34,-0.37743437385149275,-0.5861393019880222,-0.42846252477270363,0.08912315039514783,-0.3773149882101722,-0.5867300627691309
2.342,-0.3782277929075139,-0.5649023617052569,-0.42823543880923065,0.11354298173650045,-0.3784402685433241,-0.5626401665759578
2.344,-0.37927497299272855,-0.5418633060129903,-0.42796008233267635,0.13767823827714787,-0.37951760733331313,-0.5386693949945223
2.346,-0.3804486604504468,-0.5138952679600775,-0.4276369822646078,0.1615500340342852,-0.3805472652653701,-0.5148289660284698
2.348,-0.3818115048883743,-0.4917046381391437,-0.4272666646713893,0.18515879660925288,-0.38152952501396986,-0.4911298742998763
2.35,-0.3825123984565149,-0.46848628325259345,-0.4268496703159434,0.20849717772294651,-0.3824646907736074,-0.4675828798187776
2.352,-0.38315493719300814,-0.44215244639500734,-0.426386560149293,0.23155508332519278,-0.38335308776766663,-0.4441984970296065
2.354,-0.3838664691154957,-0.4217287172292037,-0.4258779169640404,0.2543215926262874,-0.38419506173596835,-0.42098698415084884
2.356,-0.3847511400848888,-0.395916710495095,-0.42532434557938653,0.27678569232694017,-0.38499097840162827,-0.3979583328299491
2.358,-0.3857726499350641,-0.3738394475497997,-0.42472647245318634,0.29893656310010325,-0.38574122291792773,-0.375122258149735
2.36,-0.386341889359038,-0.35440121056305635,-0.42408494506056926,0.32076369630853185,-0.38644619929604196,-0.35248818905711776
2.362,-0.3868808824514189,-0.3284734694355049,-0.4234004311690284,0.3422569457704077,-0.38710632981477566,-0.33006525936684644
2.364,-0.3878195433177383,-0.3092445534193858,-0.42267361806043807,0.3634065542951672,-0.38772205441414653,-0.3078622996854347
2.366,-0.3883243290755746,-0.28691457348616023,-0.4219052117201304,0.38420317015382355,-0.38829383007623786,-0.28588783104565435
2.368,-0.38902368480530936,-0.2636774929365703,-0.4210959360014913,0.40463785931953167,-0.38882213020035794,-0.26415006206003416
2.37,-0.3890096375768459,-0.24071921202081764,-0.42024653177000826,0.4247021157415365,-0.3893074439877583,-0.24265689370018767
2.372,-0.3899887938482538,-0.22403567452956244,-0.4193577560289378,0.44438787053523104,-0.3897502758696193,-0.22141594093049294
2.374,-0.39003964716765555,-0.2036752567107828,-0.4184303810280723,0.4636875004327565,-0.3901511450529826,-0.2004345916816369
2.376,-0.3905668523354631,-0.17810904198318467,-0.41746519335681875,0.48259383562676555,-0.39051058534902244,-0.17972014801993705
2.378,-0.3908846534664162,-0.15924466446566882,-0.41646299302270684,0.5011001670559656,-0.39082914564141424,-0.1592801461959105
2.38,-0.39102889267402374,-0.13825079454777692,-0.4154245925164117,0.5192002531475867,-0.3911073917612047,-0.13912305989522053
2.382,-0.3913385549522201,-0.11713810464658098,-0.4143508158643744,0.5368883260186434,-0.39134591137408153,-0.11925980643843623
2.384,-0.3915219534531156,-0.09715177836715351,-0.4132424976701089,0.5541590971327479,-0.3915453251297774,-0.09970687784793339
2.386,-0.3917525544404559,-0.07840212453427114,-0.412100482145294,0.5710077624074482,-0.39170631024609853,-0.08049255816055861
2.388,-0.39164430953096124,-0.060337997719226336,-0.41092562213176065,0.5874300067666771,-0.3918296467776859,-0.06166826579368062
2.39,-0.39170625395089703,-0.04207890033977484,-0.4097187781154945,0.6034220081330771,-0.39191629837598047,-0.043325799147280686
2.392,-0.3919686352334841,-0.02653952347382674,-0.4084808172337837,0.6189804408554117,-0.39196752428393694,-0.02561295397824379
2.394,-0.391818321814247,-0.003370707058850283,-0.40721261227665007,0.6341024785668187,-0.3919849650771733,-0.008720396618173119
2.396,-0.3917867058590087,0.007838831156972785,-0.40591504068370954,0.6487857964702628,-0.39197058202825175,0.007191524460759893
2.398,-0.3918413699721166,0.021150477754286027,-0.4045889835376132,0.6630285730481772,-0.39192640804999856,0.02208698912659423
2.4,-0.39200865640844396,0.03639266881269306,-0.40323532455522537,0.6768294911939181,-0.3918542772357736,0.03606540711249229
2.402,-0.39124015869072226,0.048995241979225224,-0.40185494907769875,0.690187738763315,-0.391755706380042,0.04928542786581372
2.404,-0.39153605422892446,0.06696116484500146,-0.40044874306060824,0.7031030085452508,-0.39163191737482084,0.06189450261057016
2.406,-0.39155423906989095,0.07532844115646366,-0.3990175920653065,0.7155754976508721,-0.3914839116193242,0.07400287774829886
2.408,-0.3912263253702964,0.08395922630631689,-0.39756238025266316,0.7276059063216904,-0.39131254150214995,0.08568505858715056
2.41,-0.3912376815998276,0.0991836567857516,-0.39608398938034817,0.7391954361575036,-0.39111856309679277,0.09698920267860167
2.412,-0.39099325883402897,0.10810484024269924,-0.3945832978048167,0.7503457877657367,-0.3909026710255483,0.10794603562221765
2.414,-0.39040770051506996,0.11754305323699049,-0.39306117948914776,0.7610591578344655,-0.3906655203595689,0.11857533298968949
2.416,-0.39036082102237185,0.13293107683831062,-0.39151850301788366,0.7713382356320572,-0.39040773998619055,0.12889018668919056
2.418,-0.38995529344264535,0.13839124614201764,-0.3899561306200096,0.7811861989370272,-0.39012994059807593,0.13889969405729938
2.42,-0.38960430811357205,0.14740962723202394,-0.3883749172012049,0.7906067094023774,-0.3898327193554868,0.14861062129457137
2.422,-0.38953971216307837,0.15896242461723925,-0.3867757093864862,0.7996039073593391,-0.3895166625044642,0.15802842551130702
2.424,-0.3888933916942784,0.16612292090145192,-0.38515934457435397,0.8081824060661033,-0.3891823467399729,0.1671578822456785
2.426,-0.38894745076184156,0.17856789209858862,-0.3835266500035384,0.8163472854077753,-0.3888303397968828,0.17600347154503368
2.428,-0.3884426245213732,0.1842748542165669,-0.38187844183342956,0.8241040850544323,-0.3884612005646139,0.18456961613445666
2.43,-0.38821318273153604,0.19461966327296173,-0.38021552423925997,0.831458797084807,-0.38807547890754174,0.19286082853610104
2.432,-0.3874149275175534,0.2005643341847266,-0.37853868852309247,0.8384178580837534,-0.38767371530405736,0.20088180174219628
2.434,-0.38684337082786047,0.20725539065965085,-0.3768487122416479,0.8449881407222734,-0.38725644037488915,0.20863746458411667
2.436,-0.3869975087758864,0.21888381281341926,-0.3751463583519889,0.8511769448295,-0.38682417434530353,0.21613301479280433
2.438,-0.3862042527538219,0.22222342527948746,-0.37343237437605564,0.8569919879666397,-0.38637742646971274,0.22337393779538264
2.44,-0.3862634873812819,0.23082874002689993,-0.3717074915850287,0.8624413955134684,-0.38591669443717747,0.23036601626764946
2.442,-0.38537465420439015,0.23524329929586474,-0.3699724242044716,0.8675336902785664,-0.38544246376997526,0.23711533360109055
2.444,-0.38509743207397373,0.24886528417051204,-0.3682278686411815,0.872277781645038,-0.38495520722339577,0.24362827328974432
2.446,-0.38438350802808285,0.24643502005301343,-0.3664745027326534,0.8766829542640328,-0.38445538419235165,0.2499115155220473
2.448,-0.38375985689067815,0.2568078939675281,-0.3647129850200356,0.8807588563089195,-0.3839434401287326,0.25597203180951306
2.45,-0.3835002286347132,0.25893788082644026,-0.36294395404542856,0.8845154873034988,-0.38341980597233943,0.2618170781965722
2.452,-0.3830094948789894,0.26781669064418767,-0.36116802767435224,0.8879631855381556,-0.38288489759751526,0.26745418741207977
2.454,-0.38245054390540895,0.2736362471211113,-0.35938580244417556,0.8911126150883479,-0.3823391152771061,0.2728911602045781
2.456,-0.3818571205540533,0.2810588918129912,-0.35759785293927493,0.8939747524503144,-0.38178284316505307,0.27813605602653824
2.458,-0.38141236441711085,0.2836558054682067,-0.35580473119365624,0.8965608728093439,-0.38121644879868793,0.2831971831825571
2.46,-0.3805764955390733,0.2882974453321221,-0.3540069661217434,0.8988825359563997,-0.3806402826216411,0.28808308852341435
2.462,-0.37957783346253826,0.2917555918109963,-0.3522050629780048,0.900951571869318,-0.38005467752814914,0.29280254674598855
2.464,-0.37939437196789827,0.2989984378569514,-0.35039950284605437,0.9027800659752084,-0.37945994842946024,0.29736454934444095
2.466,-0.37868853766428257,0.2974315143942736,-0.3485907421578322,0.9043803441110749,-0.3788563918429636,0.3017782932483098
2.468,-0.3787019457164217,0.3045337420674381,-0.3467792122434321,0.9057649572000426,-0.3782442855046104,0.30605316917659625
2.47,-0.3773129334249221,0.31210843998697657,-0.34496531891211024,0.9069466656609246,-0.3776238880051454,0.31019874973250616
2.472,-0.3768981752762609,0.313523922749239,-0.34314944206497183,0.9079384235691921,-0.37699543845062433,0.3142247772605312
2.474,-0.3763203411765213,0.31912033731946116,-0.3413319353397964,0.9087533625877102,-0.37635915614765325,0.31814115148555067
2.476,-0.37583565434280675,0.3219661024266099,-0.33951312578842463,0.9094047756858931,-0.37571524031374864,0.3219579169522914
2.478,-0.37497112073078326,0.32514502287708835,-0.33769331358709226,0.9099061006661846,-0.37506386981318346,0.32568525028259115
2.48,-0.37449641031798164,0.32892246582058204,-0.33587277178005825,0.9102709035170159,-0.3744052029186488,0.32933344726732405
2.482,-0.3737882438862914,0.33164862782349286,-0.3340517460568351,0.9105128616115996,-0.3737393770990299,0.33291290980947164
2.484,-0.3725305377383543,0.33896421061198656,-0.33223045456329087,0.9106457467721172,-0.3730665088335607,0.33643413273458694
2.486,-0.37237873538969074,0.33980440878746737,-0.33040908774685285,0.9106834082190206,-0.3723866934525912,0.33990769048475894
2.488,-0.3713680143272318,0.34141390374588265,-0.3285878082360022,0.910639755425315,-0.371700005005167,0.34334422371210693
2.49,-0.3709403282790034,0.34693520868024275,-0.3267667507542106,0.9105287408958086,-0.3710064961535914,0.34675442578779614
2.492,-0.3703254148224483,0.3506260363539818,-0.32494602206842776,0.9103643428914137,-0.3703061980951063,0.35014902924254904
2.494,-0.36970720770328236,0.35445998511179744,-0.32312570097219045,0.9101605481186517,-0.369599120510797,0.35353879215462414
2.496,-0.3687059513144326,0.35545363491102705,-0.32130583830338133,0.9099313344045665,-0.3688852515417946,0.35693448450123266
2.498,-0.36836545393279846,0.3595527839292289,-0.3194864569966268,0.9096906533772715,-0.36816455779281587,0.3603468744893608
2.5,-0.36742455418384656,0.363805035967113,-0.3176675521702821,0.9094524131723544,-0.36743698436305194,0.3637867148819557
2.5020000000000002,-0.36642530776527843,0.3693354244301617,-0.3158490912479114,0.9092304611853416,-0.36670245490438114,0.3672647293354127
2.504,-0.36569538206502367,0.36864399188291985,-0.31403101411413065,0.9090385668903724,-0.3659608717068526,0.37079159876427165
2.5060000000000002,-0.36543400423260386,0.3790711662796247,-0.31221323330464035,0.9088904047451599,-0.36521211581135465,0.37437794774898187
2.508,-0.3645450535137619,0.3827813709020009,-0.3103956342302359,0.9087995372022196,-0.3644560471493496,0.378034331002539
2.5100000000000002,-0.3639493658102042,0.38057105727315027,-0.30857807543454346,0.9087793978462255,-0.36369250470952613,0.3817712199117174
2.512,-0.36277157164692103,0.38174955817500217,-0.30676038888518903,0.9088432746772068,-0.36292130673118905,0.3855989891685324
2.5140000000000002,-0.36193123804621746,0.3894870829492166,-0.30494238029807075,0.9090042935591337,-0.3621422509241741,0.3895279035074566
2.516,-0.36160477030012383,0.3955533386184946,-0.3031238294943642,0.9092754018532467,-0.36135511471504655,0.3935681045637901
2.5180000000000002,-0.36054831955161504,0.39831017517583855,-0.30130449078985366,0.9096693522552706,-0.3605596555193097,0.39772959786844075
2.52,-0.3596684675130976,0.40224305293779317,-0.29948409341614285,0.9101986868554194,-0.35975561103932124,0.4020222399942117
2.5220000000000002,-0.3588385448316324,0.40653614340625566,-0.2976623419732632,0.9108757214398373,-0.35894269958758424,0.406455725868517
2.524,-0.35840121999692226,0.4096464823272779,-0.2958389169131595,0.9117125300518419,-0.3581206204350497,0.4110395762672523
2.5260000000000002,-0.3570113827417119,0.4190711276552757,-0.29401347505349745,0.9127209298310331,-0.35728905418404105,0.41578312550433677
2.528,-0.35659152590367543,0.4197345347629806,-0.29218565012120146,0.913912466148008,-0.3564476631653786,0.4206955093312177
2.5300000000000002,-0.3558631558493971,0.42420149022982473,-0.2903550533250973,0.9152983980520794,-0.35559609185925783,0.4257856530603827
2.532,-0.35463139621446776,0.4305626755198123,-0.2885212739569993,0.9168896840490293,-0.3547339673394045,0.43106225992666863
2.5340000000000003,-0.35370444483672414,0.43712738160241393,-0.2866838800205482,0.9186969682255488,-0.35386089974000473,0.4365337996998787
2.536,-0.3527530438710009,0.44291094089323874,-0.28484241888707496,0.9207305667366096,-0.35297648274488086,0.4422084975619307
2.5380000000000003,-0.3518186924760767,0.4457107504351378,-0.2829964179777318,0.9230004546715925,-0.35208029409835795,0.44809432326145227
2.54,-0.3513378851044711,0.45432946713241434,-0.2811453854711027,0.92551625331456,-0.3511718961372411,0.45419898055842084
2.5420000000000003,-0.35014515885702574,0.4579984077959034,-0.2792888110354755,0.9282872178135999,-0.3502508363432989,0.4605298969711093
2.544,-0.34928655589137436,0.4680528115571538,-0.2774261665849281,0.931322225273698,-0.3493166479156244,0.4670942138372524
2.5460000000000003,-0.3485015445017795,0.4707534272277433,-0.2755569070583539,0.9346297632871001,-0.3483688503622224,0.47389877670098524
2.548,-0.3470173057687389,0.48112999691103353,-0.27368047122052463,0.9382179189146267,-0.34740695011014894,0.4809501260367332
2.5500000000000003,-0.34663975591554297,0.4853351391642722,-0.2717962824842629,0.9420943681308733,-0.34643044113350724,0.48825448832084223
2.552,-0.34526948837762905,0.49392489559754893,-0.2699037497527715,0.9462663657457024,-0.34543880559858453,0.49581776746134304
2.5540000000000003,-0.34438462012266563,0.503727267185932,-0.2680022682811437,0.950740735813875,-0.3444315145253929,0.5036455365958288
2.556,-0.3434388028581254,0.5132233552617133,-0.2660912205560555,0.9555238625441144,-0.34340802846485885,0.5117430302670067
2.5580000000000003,-0.3422125072513758,0.5228507963745704,-0.26416997719261887,0.9606216817183157,-0.34236779819088875,0.52011513698505
2.56,-0.3414446229362804,0.528295533501606,-0.2622378978473568,0.9660396726310282,-0.3413102654065179,0.528766392185435
2.562,-0.33997567475180424,0.5387678345765371,-0.2602943321462393,0.9717828505587395,-0.34023486346333687,0.5377009715904966
2.564,-0.3395392172569531,0.5485122792503299,-0.25833862062670354,0.9778557597678845,-0.33914101809337194,0.5469226849824735
2.566,-0.3378837918896016,0.5550198949893496,-0.2563700956925638,0.9842624670698801,-0.33802814815258125,0.5564349703953456
2.568,-0.3370777877188914,0.5618746582328705,-0.25438808258070206,0.991006555930861,-0.3368956663751167,0.5662408887322887
2.57,-0.33574413600903963,0.5778864453018908,-0.25239190033841574,0.9980911211431597,-0.33574298013748655,0.5763431188150866
2.572,-0.33422596553403267,0.5846174084343672,-0.2503808628102859,1.0055187640649252,-0.33456949223174387,0.586743952871349
2.574,-0.33340444804126634,0.5963782080573133,-0.2483542796334186,1.0132915884336304,-0.3333746016468141,0.597445292464886
2.576,-0.3321231580319149,0.6071863831996359,-0.2463114572399015,1.0214111967585584,-0.33215770435706593,0.6084486448740865
2.578,-0.3313548356745222,0.6206057879054453,-0.2442516998653081,1.0298786872967016,-0.3309181941172207,0.619755119922638
2.58,-0.32966997042715696,0.6312654725364722,-0.24217431056207642,1.0386946516158353,-0.32965546326268785,0.6313654272664139
2.582,-0.32819574183370764,0.6439058348400136,-0.24007859221658068,1.0478591727478643,-0.3283689035144082,0.6432798741398361
2.584,-0.32702538908773543,0.6566768050667647,-0.23796384856871095,1.0573718239348662,-0.3270579067872792,0.6554983635645001
2.586,-0.3258116169619203,0.6672740911460263,-0.2358293852327718,1.0672316679695757,-0.32572186600123454,0.6680203930223272
2.588,-0.3240706794895433,0.6782232548080581,-0.23367451071850903,1.077437257131386,-0.3243601758940446,0.6808450535949828
2.59,-0.323055064540511,0.6935394092277364,-0.23149853745107252,1.0879866337182575,-0.32297223383490303,0.6939710295707724
2.592,-0.3213793298660778,0.7063539053272226,-0.229300782788724,1.0988773311742517,-0.3215574406378636,0.7073965985196984
2.594,-0.32009479607890173,0.7220601415365446,-0.22708057003710055,1.110106375811725,-0.32011520137419,0.7211196318368347
2.596,-0.31817858996007964,0.7340641710669905,-0.22483722945884746,1.1216702891265506,-0.3186449261826827,0.7351375957536432
2.598,-0.3169659617718879,0.7491296740199821,-0.22257009927743937,1.1335650907040487,-0.31714603107705003,0.7494475528163337
2.6,-0.3154704845869055,0.7631375692423336,-0.22027852667401407,1.1457863017126448,-0.31561793874939037,0.7640461638298374
2.602,-0.31383630001624835,0.7775049816311279,-0.21796186877605087,1.158328948981605,-0.3140600793688595,0.778929690265444
2.604,-0.31260241933304367,0.794928707216331,-0.21561949363673383,1.1711875696585252,-0.31247189137460024,0.7940939971296254
2.606,-0.31107312230412654,0.8120401043113308,-0.21325078120385063,1.1843562164416024,-0.31085282226201816,0.8095345562910529
2.608,-0.3089454696549801,0.8246734366129903,-0.21085512427708852,1.1978284633810532,-0.30920232936149356,0.825246450262298
2.61,-0.30743174634936277,0.8414521539173022,-0.20843192945260172,1.2115974122434006,-0.30751988060862917,0.8412243764321938
2.612,-0.30583847770390216,0.8550844193622484,-0.20598061805373832,1.2256556994317056,-0.3058049553051405,0.8574626517443259
2.614,-0.3040054509236,0.8765421652909707,-0.20350062704682995,1.2399955034541867,-0.30405704486950724,0.8739552178166231
2.616,-0.30207720981947406,0.8872994166074003,-0.20099140994096387,1.2546085529330437,-0.3022756535765142,0.8906956464965144
2.618,-0.30018336105180454,0.9075863886704335,-0.1984524376706745,1.2694861351446851,-0.30046029928482293,0.9076771458456346
2.62,-0.29864162992336574,0.924282942122423,-0.1958831994605106,1.2846191050819438,-0.2986105141517278,0.9248925665475703
2.622,-0.2965602045697941,0.941822381157365,-0.19328320367045407,1.2999978950282758,-0.29672584533426444,0.9423344087316665
2.624,-0.2950633414281369,0.96104815099698,-0.19065197862118738,1.3156125246333403,-0.29480585567585355,0.9599948292054371
2.626,-0.29318089849023027,0.9771590869645035,-0.18798907339822982,1.3314526114787832,-0.2928501243776782,0.9778656490876676
2.628,-0.29097877446174725,0.9924662743188386,-0.18529405863398485,1.3475073821224821,-0.2908582476540105,0.9959383618338385
2.63,-0.28901398944832996,1.016066736339854,-0.18256652726676695,1.3637656836089556,-0.28882983937072043,1.014204141645058
2.632,-0.28684783487354437,1.0300479813708727,-0.17980609527590075,1.380215995433097,-0.2867645316662179,1.0326538522512527
2.634,-0.28474608766161147,1.0514223632404747,-0.17701240239201302,1.3968464419438664,-0.2846619755541,1.0512780560589445
2.636,-0.2823760374930374,1.0706757784403653,-0.1741851127816649,1.4136448051740587,-0.28252184150679294,1.0700670236535204
2.638,-0.2802209821819596,1.08811548004237,-0.17132391570550137,1.430598538081768,-0.2803438200195019,1.089010743645502
2.64,-0.27772062521346996,1.1031500199509299,-0.168428526149124,1.4476947781886822,-0.27812762215380205,1.1080989328499273
2.642,-0.2760139673741175,1.1263438337837854,-0.16549868542592427,1.4649203615998703,-0.2758729800602269,1.1273210467875683
2.644,-0.27339124445462715,1.142346628483722,-0.1625341617511457,1.4822618373892757,-0.27357964747923424,1.1466662904963494
2.646,-0.2713915028793357,1.1649280626837553,-0.15953475078647633,1.4997054823346903,-0.2712474002199523,1.166123629640962
2.648,-0.2686164335183705,1.1818414776716382,-0.1565002761545052,1.5172373159855586,-0.2688760366161356,1.1856818019083304
2.65,-0.26626290815603043,1.2105474255414972,-0.15343058992241207,1.5348431160465703,-0.2664653779587831,1.2053293286762508
2.652,-0.2638776818766118,1.2226754487905542,-0.15032557305429287,1.5525084340596014,-0.2640152689048987,1.2250545269422048
2.654,-0.261429510833102,1.2410123580449015,-0.14718513583156045,1.5702186113662093,-0.2615255778619006,1.2448455214990455
2.656,-0.25902685326818825,1.2634781705598201,-0.14400921824089538,1.5879587953325336,-0.2589961973472127,1.264690257343956
2.658,-0.2563303762240766,1.2818366849799838,-0.14079779032925913,1.605713955818128,-0.25642704432259905,1.2845765123068122
2.66,-0.2537879558966282,1.306889374837186,-0.13755085252551924,1.6234689018699413,-0.25381806050283146,1.304491909883811
2.662,-0.25119087121859,1.3220326947604761,-0.13426843592827448,1.6412082986223788,-0.2511692126383075,1.3244239322619809
2.664,-0.24842976110633533,1.3458713072796686,-0.13095060255950627,1.6589166843841028,-0.24848049277126757,1.3443599335199579
2.666,-0.24560907778348592,1.36236631863334,-0.1275974455837223,1.6765784878919927,-0.24575191846528718,1.3642871529901954
2.668,-0.24302540241748216,1.3812192778106824,-0.12420908949229739,1.694178045712455,-0.24298353300775205,1.384192728767571
2.67,-0.24044457331486466,1.4030222621964992,-0.12078569025275725,1.7116996197700711,-0.2401754055850537,1.4040637113491727
2.672,-0.23737715602952555,1.419928984482821,-0.11732743542279046,1.7291274149833944,-0.23732763143027397,1.423887077389874
2.674,-0.23445976113102537,1.4454293516370875,-0.11383454422881538,1.7464455969875425,-0.23444033194315764,1.4436497435581606
2.676,-0.23149026564984368,1.4634169866749416,-0.11030726760896917,1.7636383099231048,-0.23151365478220456,1.4633385804765298
2.678,-0.22850669184281092,1.4835379473102044,-0.10674588822042765,1.7806896942707637,-0.22854777392874323,1.482940426730671
2.68,-0.2255141027403961,1.5020108297428238,-0.10315072041100574,1.7975839047109492,-0.22554288972288017,1.502442102931531
2.682,-0.22263521823789528,1.522469109981878,-0.0995221101550302,1.8143051279877722,-0.2224992288712516,1.5218304258142874
2.684,-0.21953577571575317,1.5389707466726452,-0.0958604349535173,1.8308376007564493,-0.21941704442653523,1.541092222358185
2.686,-0.2165373884861584,1.5617627534807899,-0.09216610369873048,1.8471656273934098,-0.21629661573871295,1.560214343911143
2.688,-0.21280120988863357,1.5808100416847821,-0.0884395565032339,1.8632735977482868,-0.21313824837810694,1.579183680303012
2.69,-0.20984977692366072,1.5970038385333294,-0.08468126449359985,1.8791460048170257,-0.20994227403024424,1.5979871739313454
2.692,-0.20688952828044027,1.6177927136896464,-0.08089172956896905,1.8947674623154005,-0.20670905036263712,1.6166118338035593
2.694,-0.20331449149040662,1.6370388320675369,-0.07707148412470442,1.9101227221323132,-0.20343896086359836,1.6350447495193763
2.696,-0.19991931330562612,1.6531617978960509,-0.07322109074141972,1.925196691642353,-0.20013241465324338,1.653273105177493
2.698,-0.19673142286240494,1.6670431691490117,-0.06934114183970526,1.9399744508572332,-0.19678984626686244,1.6712841931904745
2.7,-0.1935905823930157,1.6890035769660594,-0.06543225930091351,1.954441269395872,-0.19341171541087854,1.6890654279919555
2.702,-0.19014391619426382,1.7041278425629203,-0.06149509405440736,1.9685826232530736,-0.18999850669163787,1.7066043596203282
2.704,-0.18656637288597316,1.7217824492931069,-0.057530325631713425,1.9823842113469694,-0.18655072931731143,1.723888687163216
2.706,-0.18309160529526622,1.738633571058916,-0.0535386616880622,1.9958319718256123,-0.1830689167732171,1.7409062720471624
2.708,-0.17960538159564488,1.75848438105112,-0.049520837491835445,2.0089120981133766,-0.17955362647090284,1.7576451511571265
2.71,-0.17581452993632923,1.7751110058020325,-0.045477615382479256,2.021611054678096,-0.17600543937136176,1.7740935497705403
2.712,-0.17253026388406684,1.7882285449361257,-0.04140978419747889,2.033915592500182,-0.17242495958278,1.790239894290882
2.714,-0.16864224418617846,1.8048651358235364,-0.03731815866902831,2.045812764225292,-0.16881281393324815,1.806072824765922
2.716,-0.16539616906403695,1.825817574032992,-0.03320357879106336,2.0572899389824753,-0.1651696515188961,1.8215812071760316
2.718,-0.1617486356622387,1.835911486300867,-0.029066909157363152,2.0683348168501037,-0.16149614322793973,1.8367541454781857
2.72,-0.15801211952328847,1.852037385309063,-0.024909038271458565,2.0789354429522935,-0.15779298124115662,1.8515809933915544
2.722,-0.15437993680597495,1.8637531551002444,-0.020730877829120656,2.0890802211689548,-0.1540608785093349,1.866051365910861
2.724,-0.1505372245023379,1.8787211161294208,-0.016533361974234564,2.0987579274430463,-0.15030056820826693,1.8801551505339817
2.726,-0.14659587009791802,1.8919647743177241,-0.01231744652889638,2.107957722669092,-0.14651280317188578,1.8938825181905738
2.728,-0.14295860472179553,1.9064389813758886,-0.008084108198601381,2.116669165147499,-0.14269835530416805,1.9072239338588581
2.73,-0.13916370033600695,1.9233630359541851,-0.003834343753421913,2.124882222589734,-0.138858014970452,1.9201701668580216
2.732,-0.1350513349177435,1.9307155951155932,0.00043083081389798383,2.1325872836599484,-0.13499259036884384,1.932712300804078
2.734,-0.13114551234109087,1.9465863813872986,0.004710381151976363,2.1397751690391895,-0.13110290688240903,1.9448417432174019
2.736,-0.12707070713730304,1.952697286756902,0.009003255435974196,2.1464371419989163,-0.12718980641286795,1.9565502347705432
2.738,-0.12309141713654391,1.9634842702458688,0.013308385272916428,2.1525649184711164,-0.12325414669653725,1.9678298581653502
2.74,-0.11938450938446632,1.9790456918299526,0.017624686626122307,2.1581506766029404,-0.11929680060327957,1.9786730466288416
2.742,-0.1150286283198662,1.9821166896363882,0.02195106075769107,2.1631870657843826,-0.11531865541924413,1.9890725920177208
2.744,-0.11168704582149518,1.999997022742763,0.026286395187967444,2.167667215138187,-0.1113206121142004,1.9990216525218663
2.746,-0.1074073104289077,2.0081013776725594,0.030629564670891053,2.1715847414618046,-0.10730358459428518,2.008513759957606
2.748,-0.10324776784528876,2.0209879076872173,0.03497943218411485,2.1749337566119,-0.10326849894100107,2.0175428266420585
2.75,-0.09953525643239954,2.025067949750929,0.039334849932760034,2.1777088743225903,-0.09921629263732043,2.026103151840318
2.7520000000000002,-0.09515873226667869,2.0331115527638266,0.04369466036565861,2.179905216449287,-0.09514791378176493,2.0341894277777524
2.754,-0.09131473968885229,2.0387034070717966,0.04805769720292005,2.1815184186307213,-0.09106432029134452,2.041796745210207
2.7560000000000002,-0.08712115393641205,2.0460877965751054,0.05242278647364495,2.182544635362449,-0.08696647909425367,2.048920598545423
2.758,-0.0830377460465435,2.0556879465329154,0.05678874756259665,2.18298054447585,-0.08285536531323465,2.05555689050951
2.7600000000000002,-0.07889145644615335,2.0603659305711433,0.06115439426463141,2.1828233510173787,-0.07873196144052894,2.0617019363528564
2.762,-0.0746667768921767,2.0702590316604272,0.0655185358456785,2.182070790523549,-0.07459725650534813,2.067352467590405
2.7640000000000002,-0.07062671230615329,2.0725690354925312,0.06987997810905429,2.1807211316878923,-0.07045224523480456,2.07250563527178
2.766,-0.06637246871786452,2.0740982506408607,0.07423752446588804,2.1787731784168742,-0.06629792720924994,2.077159012777312
2.7680000000000002,-0.06216905446886819,2.078666844646182,0.07858997700843304,2.176226271272501,-0.062135306012976795,2.081310598136574
2.77,-0.058080940872644725,2.083951620322145,0.08293613758503326,2.173080288300113,-0.05796538838124356,2.0849588158666172
2.7720000000000002,-0.05416753537965924,2.0890841598412786,0.08727480887551449,2.169335645240609,-0.053789183344588216,2.088102518327669
2.774,-0.049581408375522336,2.0913432666065432,0.09160479546576872,2.1649932951271134,-0.04960770137139895,2.090740986594633
2.7760000000000002,-0.04544994263827068,2.095034258189506,0.09592490492030238,2.1600547272668345,-0.0454219535097123,2.0928739308433237
2.778,-0.041496793929223015,2.093235924540731,0.10023394885152166,2.15452196560964,-0.04123295052921042,2.09450149025094
2.7800000000000002,-0.03740504363857837,2.0941894656720663,0.10453074398453287,2.1483975665056043,-0.03704170206438867,2.095624232410877
2.782,-0.03325339738925683,2.0955121056194295,0.10881411321624194,2.141684615854538,-0.03284921575986356,2.0962431522625558
2.7840000000000003,-0.028794773192112842,2.0950660986368055,0.11308288666754446,2.1343867256512534,-0.02865649641878849,2.096359670537536
2.786,-0.02482774139809687,2.092319815158654,0.11733590272740653,2.126508029931038,-0.02446454515534096,2.095975631723764
2.7880000000000003,-0.02051683510842826,2.0985716195954196,0.12157200908764763,2.1180531801205547,-0.020274358552240187,2.0950933015503868
2.79,-0.016114713149153446,2.092463034536341,0.1257900637672478,2.109027339800087,-0.01608692782424792,2.0937153639961332
2.7920000000000003,-0.011806256364606492,2.0907088369432287,0.12998893612501533,2.0994361788837614,-0.011903237988598204,2.0918449178248584
2.794,-0.007423783594561644,2.0897888175990884,0.1341675078594655,2.089285867225081,-0.007724267043293422,2.089485472652391
2.7960000000000003,-0.0035801029162418094,2.086119587749314,0.13832467399477705,2.078583067655781,-0.0035509851541946054,2.086640944549408
2.798,0.0004992652528231445,2.082867701251518,0.14245934385171044,2.0673349284666926,0.0006156461481766117,2.0833156511856084
2.8000000000000003,0.004804129935697979,2.07872052006251,0.14657044200239036,2.055549075339966,0.004774674761218628,2.0795143065210078
2.802,0.008631402333184894,2.073441170457716,0.15065690920787564,2.04323360274264,0.008925158791320085,2.0752420150507285
2.8040000000000003,0.013088917654772084,2.0713178832500425,0.15471770333746002,2.0303970647921825,0.01306616732254045,2.070504265610182
2.806,0.017027797353590897,2.066657251099584,0.1587518002686705,2.017048465605236,0.017196781172036598,2.0653069247480738
2.8080000000000003,0.021019566643878593,2.059712546105403,0.1627581947669533,2.003197249141403,0.021316093631386944,2.0596562296751735
2.81,0.02545198179008548,2.0537120594198703,0.16673590134406227,1.9888532885544867,0.025423211192981545,2.0535587807973004
2.8120000000000003,0.029344016938590678,2.0488241959138684,0.1706839550941906,1.9740268750641576,0.029517254260664472,2.047021533841463
2.814,0.03333292234386129,2.0395803292077876,0.17460141250691374,1.958728706361576,0.03359735784383363,2.0400517915845793
2.816,0.03768773684265177,2.035273631924952,0.17848735225603976,1.9429698745630062,0.03766267223422297,2.0326571951946684
2.818,0.041807328852737025,2.0247139724920533,0.18234087596349172,1.9267618537259807,0.0417123636646127,2.024845715194866
2.82,0.04587854459814111,2.015344936830879,0.1861611089373778,1.9101164869430447,0.0457456149487348,2.0166256420610518
2.822,0.04978875050093459,2.007823413548447,0.18994720088343497,1.893045973028585,0.049761626101663424,2.0080055764643103
2.824,0.053669999752264094,1.9976381407522055,0.19369832658906436,1.8755628528146848,0.05375961494000315,1.998994419169863
2.826,0.05766877150000283,1.989346300214141,0.1974136865792091,1.8576799950723735,0.057738817661212145,1.989601360604498
2.828,0.061644597347245714,1.9853296482469902,0.20109250774335918,1.8394105820750342,0.06169848940142198,1.979835870104918
2.83,0.06601025657703538,1.9699922695899965,0.20473404393300143,1.8207680948211198,0.06563790477114155,1.9697076848597863
2.832,0.06958647599453056,1.960406422953942,0.20833757652886878,1.8017662979336742,0.06955635836825876,1.9592267985586054
2.834,0.07337984598630543,1.9498873916769242,0.21190241497737777,1.7824192242544987,0.07345316526778055,1.9484034497608933
2.836,0.07739022571492638,1.9372941361957619,0.21542789729568,1.7627411591511093,0.07732766148777943,1.937248109999441
2.838,0.0808212722781903,1.923409734344456,0.21891339054478984,1.7427466245549212,0.0811792044310429,1.9257714716317331
2.84,0.0849109589443759,1.9153494278249932,0.22235829127028856,1.7224503627493637,0.08500717330195069,1.9139844354538944
2.842,0.08855637241294968,1.898439943442806,0.2257620259101423,1.701867319926869,0.08881096949813427,1.9018980980917872
2.844,0.09228698788191582,1.8890599639701253,0.2291240511692101,1.6810126295339016,0.09259001697650254,1.889523739184131
2.846,0.0966162340281134,1.8790183079928227,0.2324438543600569,1.6599015954233902,0.09634376259324802,1.876872808372741
2.848,0.09978325782658452,1.8643929379637,0.2357209537097251,1.638549674834098,0.1000716764174784,1.8639569121151884
2.85,0.10358365450370899,1.851567883317781,0.23895489863215832,1.6169724612166205,0.10377325201814916,1.850787800335378
2.852,0.10776952251353554,1.8353817422770946,0.24214526996601,1.595185666925826,0.10744800672400456,1.8373773529277009
2.854,0.11056597699016316,1.8247547315293389,0.2452916801776093,1.573205105799661,0.11109548185626572,1.8237375661305817
2.856,0.11474587865730941,1.8091948069792,0.24839377352889797,1.5510466756443262,0.11471524293383643,1.8098805387853578
2.858,0.11810155850535121,1.795669867168446,0.2514512262101897,1.5287263406458882,0.11830687985082954,1.795818458496553
2.86,0.12179374593278078,1.7807260209351428,0.2544637464376466,1.5062601137284304,0.12187000702624892,1.7815635877096931
2.862,0.1253018343458385,1.7664262693455797,0.2574310745154043,1.483664038878865,0.1254042635256947,1.7671282497228855
2.864,0.12876007460328331,1.7581330806801365,0.26035298286232134,1.4609541734585183,0.12890931315499157,1.7525248146484436
2.866,0.13236579876672733,1.7406070847257773,0.2632292760033645,1.4381465705215761,0.1323848445256733,1.737765685340868
2.868,0.13590704238023485,1.725192124661842,0.26605979052568535,1.4152572611604286,0.13583057109228835,1.7228632833075155
2.87,0.13889689354666407,1.7079029594504425,0.2688443949994811,1.3923022368978784,0.1392462311615249,1.70783003461828
2.872,0.1428630791634878,1.6961562830141634,0.27158298986377327,1.3692974321460898,0.14263158787318608,1.6926783558305956
2.874,0.14617340992593983,1.677163762576788,0.27427550727727734,1.3462587067520397,0.14598642915307813,1.6774206399460225
2.876,0.14909307295226978,1.6617832569831759,0.2769219109345755,1.3232018286491019,0.14931056763790737,1.662069242414625
2.878,0.15234477194562598,1.646229523577041,0.279522195847844,1.3001424566342383,0.1526038405723139,1.6466364672032678
2.88,0.15602763380405735,1.631340490092869,0.2820763880944242,1.277096123290104,0.15586610967820164,1.6311345529438637
2.882,0.1590740974458852,1.6130992945657467,0.28458454453056653,1.2540782180711711,0.15909726099655663,1.615575659177494
2.884,0.1622012194306849,1.5971285071970014,0.2870467524717121,1.2311039705727744,0.162297204701977,1.5999718527101847
2.886,0.16529849893682028,1.582740453521639,0.2894631293397156,1.2081884340017381,0.16546587489016895,1.5843350940959786
2.888,0.16837768126315847,1.566816664500484,0.2918338222774496,1.1853464688670041,0.1686032293386945,1.568677224262773
2.89,0.1716434264817569,1.5557592916620973,0.2941590077312664,1.1625927269084049,0.17170924924128692,1.5530099512962088
2.892,0.17480939410257496,1.5377380930432698,0.2964388910018293,1.13994163528144,0.17478393891608032,1.5373448373967002
2.894,0.17795410171646325,1.52263479903731,0.29867370576386054,1.1174073810156113,0.17782732548812927,1.521693286024467
2.896,0.18096739869459091,1.5040666775311486,0.30086371355538766,1.0950038957635457,0.1808394585466237,1.5060665292472093
2.898,0.18340719791008503,1.489486046088908,0.30300920323710323,1.0727448408577978,0.18382040977723332,1.4904756153048073
2.9,0.18664133153924753,1.476643159490344,0.30511049042248695,1.050643592691867,0.18677027257004367,1.4749313964051651
2.902,0.19023005376391974,1.460371404065633,0.3071679168793701,1.0287132284415885,0.18968916160357374,1.4594445167650365
2.904,0.19274252432399555,1.4446773620576299,0.30918184990365544,1.0069665121426723,0.1925772124053925,1.4440254009093767
2.906,0.19513836226695888,1.431927491536024,0.31115268166593496,0.9854158811397531,0.1954345808898774,1.4286842422424524
2.908,0.1982732853001248,1.4128604539816747,0.31308082853177877,0.9640734329219008,0.19826144287368463,1.413430991903617
2.91,0.20098930537012577,1.397953469437546,0.31496673035649697,0.9429509123590994,0.20105799356952528,1.3982753479203214
2.912,0.20349880142782534,1.3840212993636198,0.31681084975520446,0.9220596993537545,0.20382444705886643,1.383226744670578
2.914,0.20652521864066425,1.3702196325538776,0.3186136713490461,0.901410796920825,0.2065610357441999,1.3682943426667307
2.916,0.20941037791606887,1.3549557766280838,0.3203757009884655,0.8810148197096966,0.20926800978154392,1.3534870186720063
2.918,0.21189592541914176,1.3411069088338539,0.32209746495442637,0.8608819829804213,0.21194563649386577,1.3388133561609317
2.92,0.2142032560264154,1.3247682816887105,0.3237795091385193,0.8410220920464442,0.2145941997661344,1.3242816361343037
2.922,0.21696061544401044,1.3120525146502038,0.32542239820291013,0.82144453219542,0.21721399942273234,1.309899828298979
2.924,0.2200027082778474,1.2952867463540583,0.3270267147211085,0.8021582590991941,0.219805350587977,1.2956755826223347
2.926,0.2224436020202873,1.283508114406011,0.32859305830055546,0.7831717897234793,0.22236858303051862,1.28161622127081
2.928,0.22469615698421877,1.2701702514409576,0.3301220446880499,0.7644931937472099,0.22490404049240162,1.2677287309414995
2.93,0.22702448065703468,1.2523234213471373,0.33161430485905186,0.7461300855009902,0.22741208000359225,1.2540197555953136
2.932,0.22997702001898312,1.240976843531084,0.3330704840919188,0.7280896164334826,0.22989307118279176,1.240495589599756
2.934,0.2322079239988666,1.227194620648329,0.3344912410281468,0.7103784681139946,0.23234739552536957,1.2271621712889014
2.936,0.23459946430020404,1.2152076378960452,0.3358772467197047,0.6930028457789382,0.23477544567926492,1.2140250769476748
2.938,0.23695917899826635,1.2025406471343218,0.33722918366456317,0.6759684724292275,0.237177624709719,1.201089515227047
2.94,0.23931887117928757,1.1896424945483457,0.3385477448315333,0.6592805834850778,0.23955434535371153,1.1883603219962682
2.942,0.24177182822945809,1.1776788820510058,0.3398336326755414,0.6429439220040489,0.24190602926498705,1.175841955637757
2.944,0.24405842540058664,1.1620848715936307,0.3410875581444765,0.6269627344675575,0.24423310625056657,1.1635384927897658
2.946,0.24666724675483018,1.1479025553102167,0.3423102396787574,0.6113407671404472,0.2465360134996494,1.1514536245414182
2.948,0.24903632316865157,1.1370543793327135,0.3435024022047726,0.596081263007579,0.24881519480581782,1.1395906530842086
2.95,0.25117858576451163,1.1276433746664216,0.3446647761233541,0.5811869592907573,0.25107109978346487,1.127952488823528
2.952,0.25307521017571805,1.1188466583441916,0.34579809629445146,0.5666600855486668,0.25330418307937136,1.1165416479532555
2.954,0.25513572636765747,1.1058065591881245,0.34690310101917515,0.5525023623618479,0.2555149035803632,1.105360250495929
2.956,0.25761259185006335,1.095658443194174,0.34798053102038334,0.5387150006040868,0.25770372361798416,1.094410018810476
2.958,0.2598033867558165,1.082483444738072,0.3490311284229852,0.5252987013009439,0.2598711081711221,1.0836922765689512
2.96,0.26192486940324705,1.0719084958369225,0.3500556357351362,0.5122536560754927,0.2620175240675285,1.0732079482032002
2.962,0.2636801428094557,1.0641182562653944,0.3510547948314976,0.49957954818068395,0.26414343918517214,1.0629575588218219
2.964,0.2657961555735621,1.055990320166499,0.3520293459397318,0.48727555411710133,0.2662493216543667,1.052941234597279
2.966,0.26828146075880005,1.042646896707043,0.3529800266314002,0.47534034583421503,0.2683356390616116,1.0431587036224599
2.968,0.2706794971115229,1.0358398872845063,0.3539075708184254,0.4637720935125977,0.2704028576560826,1.033609297235467
2.97,0.27247770526679527,1.0226229348220817,0.3548127077562732,0.4525684689239111,0.2724514415597043,1.0242919518108715
2.972,0.2742291228744813,1.0165731910958866,0.3556961610550029,0.44172664936483275,0.2744818519817346,1.015205211015142
2.974,0.27615404077373257,1.0071046478693966,0.35655864769932377,0.4312433221604433,0.2764945464387814,1.0063472285234258
2.976,0.2782588359660863,0.9988543241655878,0.3574008770787877,0.4211146897319624,0.2784899779811701,0.9977157711943386
2.978,0.2806085212366232,0.9877752885402272,0.35822355002923384,0.41133647522307903,0.28046859442656785,0.9893082226988913
2.98,0.28266724259702614,0.9812027960728023,0.35902735788659085,0.40190392867849173,0.2824308376017662,0.9811215875991696
2.982,0.2843479994668988,0.9732942214888737,0.3598129815541261,0.39281183376764184,0.28437714259350994,0.9731524958718663
2.984,0.2864752795051925,0.9652651662087237,0.3605810905842181,0.38405451504599536,0.28630793700925244,0.9653972078712596
2.986,0.2880784899698735,0.9569738776094939,0.3613323422757093,0.3756258457456006,0.2882236402487039,0.9578516197257293
2.988,0.29008770652782356,0.9500249746347473,0.36206738078788137,0.36751925608602976,0.2901246627870267,0.9505112691614074
2.99,0.2921973938995162,0.941842163139653,0.36278683627207375,0.359727742096191,0.29201140547051885,0.9433713417460728
2.992,0.29394674247994595,0.9357207300044272,0.36349132402194756,0.352243874936891,0.2938842588256107,0.9364266775459194
2.994,0.2955514422818487,0.9258330024273272,0.3641814436433744,0.34505981071342096,0.2957436023819854,0.929671778187353
2.996,0.2975336201936951,0.9224177525669675,0.3648577782449081,0.33816730076685686,0.2975898040106164,0.9231008143155162
2.998,0.2990412926268922,0.9175519515886964,0.36552089364977247,0.3315577024321887,0.299423219277498,0.9167076334407759
3.0,0.3012086625677987,0.9141022789837815,0.36617133763027415,0.3252219902508439,0.3012441908138259,0.9104857681639774
