time/iterations,time/time_elapsed,time/fps,time/total_timesteps,train/approx_kl,train/clip_fraction,train/explained_variance,train/std,train/entropy_loss,train/n_updates,train/value_loss,train/clip_range,train/learning_rate,train/loss,train/policy_gradient_loss,rollout/ep_len_mean,rollout/ep_rew_mean
1,0,211,128,,,,,,,,,,,,,
2,1,215,256,0.039142095,0.28125,-0.48597168922424316,0.13533122837543488,4.648759961128235,4,0.050056510139256716,0.2,0.0003,-0.02439328283071518,-0.026086376048624516,,
3,1,218,384,0.0118118655,0.080078125,-0.8703508377075195,0.13529905676841736,4.649387955665588,8,0.043361784890294075,0.2,0.0003,-0.008181644603610039,-0.009399710455909371,,
4,2,220,512,0.013715125,0.072265625,-0.6735057830810547,0.13526634871959686,4.651357531547546,12,0.0421314463019371,0.2,0.0003,-0.025218792259693146,-0.018756911624222994,,
5,2,221,640,0.019454077,0.103515625,-0.5847674608230591,0.1352473497390747,4.653114676475525,16,0.03467011102475226,0.2,0.0003,-0.01570906676352024,-0.01449797535315156,,
6,3,221,768,0.009788396,0.044921875,-0.5914809703826904,0.13522425293922424,4.6540868282318115,20,0.02822290174663067,0.2,0.0003,-0.004950826987624168,-0.004491421394050121,,
7,4,221,896,0.011658218,0.060546875,-0.47924888134002686,0.13522596657276154,4.655271053314209,24,0.024376761633902788,0.2,0.0003,-0.007704461924731731,-0.006772578926756978,,
8,4,221,1024,0.013017267,0.068359375,-0.711402416229248,0.13526146113872528,4.654303431510925,28,0.020306268357671797,0.2,0.0003,-0.008627552539110184,-0.007137070409953594,,
9,5,221,1152,0.016243147,0.08984375,-1.61981201171875,0.1352822482585907,4.652242302894592,32,0.016900280374102294,0.2,0.0003,-0.017049739137291908,-0.01155234593898058,,
10,5,221,1280,0.010114357,0.04296875,-1.6021678447723389,0.13527056574821472,4.651812791824341,36,0.013231735327281058,0.2,0.0003,-0.01301436498761177,-0.006692122668027878,,
11,6,221,1408,0.012265695,0.06640625,-0.7546290159225464,0.13526438176631927,4.652545809745789,40,0.01166126923635602,0.2,0.0003,-0.01345022302120924,-0.00731544173322618,,
12,6,221,1536,0.008252915,0.037109375,-1.109983205795288,0.13525918126106262,4.652802467346191,44,0.009863135346677154,0.2,0.0003,-0.013168548233807087,-0.0061379848048090935,,
13,7,221,1664,0.021129487,0.123046875,-7.1438703536987305,0.135252445936203,4.65321683883667,48,0.00919734698254615,0.2,0.0003,-0.026809630915522575,-0.017829755321145058,,
14,8,221,1792,0.01723485,0.1015625,-5.395205497741699,0.1352376490831375,4.6536946296691895,52,0.00798929133452475,0.2,0.0003,-0.002859335159882903,-0.0038359464379027486,,
15,8,221,1920,0.011710176,0.052734375,-2.006720542907715,0.13521136343479156,4.654843091964722,56,0.00666228897171095,0.2,0.0003,-0.028338661417365074,-0.015185792464762926,,
16,9,221,2048,0.018146414,0.08984375,-16.238630294799805,0.13518114387989044,4.6565515995025635,60,0.006615408696234226,0.2,0.0003,-0.010019471868872643,-0.006309164920821786,,
17,9,221,2176,0.02059623,0.12890625,-7.303457260131836,0.13515302538871765,4.658365964889526,64,0.0055333522032015026,0.2,0.0003,-0.013849709182977676,-0.010830955812707543,,
18,10,221,2304,0.021015499,0.12109375,-8.762648582458496,0.13512247800827026,4.659997463226318,68,0.004700291436165571,0.2,0.0003,-0.03464287146925926,-0.021086234133690596,,
19,10,221,2432,0.036060613,0.1953125,-9.25954818725586,0.1350904107093811,4.661884784698486,72,0.005342497490346432,0.2,0.0003,-0.018802540376782417,-0.015621379017829895,,
20,11,221,2560,0.011256646,0.0546875,-20.905742645263672,0.13508063554763794,4.663470029830933,76,0.003198593039996922,0.2,0.0003,-0.016925593838095665,-0.008273471146821976,,
21,12,220,2688,0.008924631,0.05078125,-1.7057440280914307,0.13507843017578125,4.6636892557144165,80,0.0038787410594522953,0.2,0.0003,-0.00614586565643549,-0.0026670931838452816,,
22,12,220,2816,0.017363325,0.087890625,-17.398115158081055,0.13504722714424133,4.664360880851746,84,0.003236602118704468,0.2,0.0003,-0.020747501403093338,-0.011565329972654581,,
23,13,220,2944,0.011524652,0.05078125,-4.643042087554932,0.13502544164657593,4.666308283805847,88,0.002535248757340014,0.2,0.0003,-0.011681701987981796,-0.005201999563723803,,
24,13,220,3072,0.010892863,0.060546875,-18.07522201538086,0.13500340282917023,4.667382836341858,92,0.0027011437923647463,0.2,0.0003,-0.012165405787527561,-0.006376133416779339,,
25,14,220,3200,0.014233333,0.076171875,-56.20381546020508,0.13498717546463013,4.668771743774414,96,0.0032153318752534688,0.2,0.0003,-0.02456052228808403,-0.013939497526735067,3200.0,58.472599
26,15,220,3328,0.028112128,0.166015625,-5.014767646789551,0.13496440649032593,4.669685125350952,100,0.00334357499377802,0.2,0.0003,0.00032333715353161097,-0.004560517147183418,3200.0,58.472599
27,15,220,3456,0.009451427,0.0390625,-0.8385986089706421,0.13495218753814697,4.671000719070435,104,0.004577351501211524,0.2,0.0003,-0.02695319801568985,-0.013511370867490768,3200.0,58.472599
28,16,220,3584,0.01689924,0.09375,-6.198544502258301,0.13496033847332,4.671237230300903,108,0.0017812408041208982,0.2,0.0003,-0.025842448696494102,-0.014607974793761969,3200.0,58.472599
29,16,220,3712,0.014983598,0.08984375,-50.86349105834961,0.1349734365940094,4.670559287071228,112,0.0019183806143701077,0.2,0.0003,-0.009377625770866871,-0.005344178760424256,3200.0,58.472599
30,17,220,3840,0.0026807217,0.0,-36.13661575317383,0.1349744200706482,4.66999626159668,116,0.0020771271956618875,0.2,0.0003,-0.006072197575122118,-0.0009665954858064651,3200.0,58.472599
31,18,220,3968,0.020273356,0.1015625,-9.139777183532715,0.1349726915359497,4.670095443725586,120,0.002113396185450256,0.2,0.0003,-0.03586725518107414,-0.01864765351638198,3200.0,58.472599
32,18,220,4096,0.024865566,0.126953125,-5.9575018882751465,0.13497409224510193,4.670138716697693,124,0.0017468685400672257,0.2,0.0003,-0.00588124617934227,-0.005060227820649743,3200.0,58.472599
33,19,220,4224,0.02122492,0.125,-51.968955993652344,0.1349656730890274,4.670235872268677,128,0.0018492118397261947,0.2,0.0003,-0.016560930758714676,-0.010754065355286002,3200.0,58.472599
34,19,220,4352,0.016278144,0.09375,-4.564303874969482,0.13496941328048706,4.670563101768494,132,0.0015876930847298354,0.2,0.0003,-0.019010908901691437,-0.010730739682912827,3200.0,58.472599
35,20,219,4480,0.014859404,0.083984375,-23.47694206237793,0.13497982919216156,4.670142769813538,136,0.0012799992982763797,0.2,0.0003,-0.01178539078682661,-0.00534607726149261,3200.0,58.472599
36,20,219,4608,0.008996243,0.03515625,-21.95100975036621,0.1349981427192688,4.669387698173523,140,0.00124110170872882,0.2,0.0003,-0.015436407178640366,-0.006586275529116392,3200.0,58.472599
37,21,219,4736,0.029328099,0.15625,-2.440253734588623,0.13502517342567444,4.668107271194458,144,0.0014118185499683022,0.2,0.0003,-0.018258357420563698,-0.012982748099602759,3200.0,58.472599
38,22,219,4864,0.034729198,0.169921875,-20.167879104614258,0.13504311442375183,4.666498780250549,148,0.0015643394144717604,0.2,0.0003,-0.03122244030237198,-0.021565415314398706,3200.0,58.472599
39,22,219,4992,0.024000287,0.1328125,-9.236607551574707,0.1350470930337906,4.665871739387512,152,0.0013087131665088236,0.2,0.0003,-0.011382250115275383,-0.01090559340082109,3200.0,58.472599
40,23,219,5120,0.019140093,0.11328125,-4.481441497802734,0.13505321741104126,4.665644526481628,156,0.001016544789308682,0.2,0.0003,-0.009351414628326893,-0.00608065165579319,3200.0,58.472599
41,23,219,5248,0.022360347,0.10546875,-24.968843460083008,0.1350548416376114,4.665335536003113,160,0.0009168166725430638,0.2,0.0003,-0.03325984627008438,-0.019766847137361765,3200.0,58.472599
42,24,219,5376,0.024823481,0.15625,-7.774829864501953,0.1350352019071579,4.665686845779419,164,0.0007288146007340401,0.2,0.0003,-0.020703088492155075,-0.013057448784820735,3200.0,58.472599
43,25,219,5504,0.017274328,0.09765625,-17.275545120239258,0.13502401113510132,4.66687273979187,168,0.0008255252032540739,0.2,0.0003,-0.01832052320241928,-0.009805280482396483,3200.0,58.472599
44,25,219,5632,0.025105406,0.1640625,-18.455055236816406,0.13501828908920288,4.6672563552856445,172,0.000793330604210496,0.2,0.0003,-0.0039296518079936504,-0.006508443504571915,3200.0,58.472599
45,26,219,5760,0.020644054,0.1015625,-12.090275764465332,0.1350114643573761,4.667697072029114,176,0.0008995586249511689,0.2,0.0003,-0.01420009694993496,-0.009598417207598686,3200.0,58.472599
46,26,219,5888,0.02209288,0.1171875,-8.32431411743164,0.13500456511974335,4.668091773986816,180,0.0006198104529175907,0.2,0.0003,-0.020599910989403725,-0.01422642869874835,3200.0,58.472599
47,27,219,6016,0.032047544,0.154296875,-2.863969326019287,0.1350039690732956,4.668417930603027,184,0.000833534257253632,0.2,0.0003,-0.030707892030477524,-0.018628599122166634,3200.0,58.472599
48,28,219,6144,0.020353418,0.126953125,-28.149211883544922,0.13498850166797638,4.668679356575012,188,0.0007781097228871658,0.2,0.0003,-0.004686212167143822,-0.003122218418866396,3200.0,58.472599
49,28,219,6272,0.017753722,0.087890625,-6.721693992614746,0.1349894404411316,4.669408559799194,192,0.0005668595840688795,0.2,0.0003,-0.01972832903265953,-0.01089321170002222,3200.0,58.472599
50,29,218,6400,0.027777437,0.14453125,-14.551565170288086,0.13497410714626312,4.669458627700806,196,0.0006477517017628998,0.2,0.0003,-0.015799138695001602,-0.010985818691551685,3200.0,59.147065
51,29,218,6528,0.026691869,0.1484375,-3.543041706085205,0.13496053218841553,4.670610547065735,200,0.000491978891659528,0.2,0.0003,-0.022473633289337158,-0.014311343897134066,3200.0,59.147065
52,30,219,6656,0.01376484,0.0625,0.5736967325210571,0.13493603467941284,4.671398043632507,204,0.00162350622122176,0.2,0.0003,-0.00820313859730959,-0.005191671662032604,3200.0,59.147065
53,30,219,6784,0.020066038,0.109375,-2.4302992820739746,0.1349005103111267,4.673205375671387,208,0.00039876269875094295,0.2,0.0003,-0.017856722697615623,-0.010934293270111084,3200.0,59.147065
54,31,219,6912,0.019899562,0.12109375,-7.641522407531738,0.13488604128360748,4.674973011016846,212,0.0003703826878336258,0.2,0.0003,-0.0038957514334470034,-0.004525601747445762,3200.0,59.147065
55,32,219,7040,0.016165825,0.083984375,-5.798167705535889,0.13486222922801971,4.675785541534424,216,0.0003145935042994097,0.2,0.0003,-0.01657245308160782,-0.008909098105505109,3200.0,59.147065
56,32,219,7168,0.023934364,0.140625,-6.571455478668213,0.13482174277305603,4.677673101425171,220,0.00041482005326543003,0.2,0.0003,-0.030408062040805817,-0.01773195993155241,3200.0,59.147065
57,33,219,7296,0.011392825,0.052734375,-34.3736457824707,0.13477756083011627,4.680194139480591,224,0.00036250815173843876,0.2,0.0003,-0.0049175382591784,-0.001115894876420498,3200.0,59.147065
58,33,219,7424,0.018964196,0.123046875,-5.81267786026001,0.13473843038082123,4.682755827903748,228,0.000257875319221057,0.2,0.0003,-0.006054051220417023,-0.005075510591268539,3200.0,59.147065
59,34,219,7552,0.015331667,0.064453125,-0.7904775142669678,0.13471178710460663,4.684813976287842,232,0.0004356561184977181,0.2,0.0003,-0.016176696866750717,-0.006726845633238554,3200.0,59.147065
60,34,220,7680,0.024691511,0.138671875,-0.010747313499450684,0.13470083475112915,4.686094403266907,236,0.0005968362966086715,0.2,0.0003,-0.007044380996376276,-0.004052797798067331,3200.0,59.147065
61,35,220,7808,0.013425899,0.0625,-2.6716878414154053,0.13468611240386963,4.686657547950745,240,0.0003443110254011117,0.2,0.0003,-0.021810010075569153,-0.009467631694860756,3200.0,59.147065
62,36,220,7936,0.03749629,0.193359375,-24.016141891479492,0.13467228412628174,4.687673568725586,244,0.0005867610598215833,0.2,0.0003,-0.02217821776866913,-0.015746883815154433,3200.0,59.147065
63,36,220,8064,0.01607357,0.08984375,-5.467871189117432,0.1346539705991745,4.688459634780884,248,0.0003843329832307063,0.2,0.0003,-0.021801810711622238,-0.010875612962991,3200.0,59.147065
64,37,220,8192,0.016793916,0.08984375,-2.7211358547210693,0.13464389741420746,4.689513564109802,252,0.0011549694900168106,0.2,0.0003,-0.012497183866798878,-0.0052826888859272,3200.0,59.147065
65,37,220,8320,0.013499474,0.078125,-0.09991788864135742,0.13462091982364655,4.690195560455322,256,0.0004700884528574534,0.2,0.0003,-0.015632206574082375,-0.006957536563277245,3200.0,59.147065
66,38,220,8448,0.012329454,0.080078125,-0.639928936958313,0.13458846509456635,4.691890120506287,260,0.00026469006843399256,0.2,0.0003,-0.013564583845436573,-0.004673804040066898,3200.0,59.147065
67,38,220,8576,0.0147889275,0.08984375,-1.8693499565124512,0.13454990088939667,4.693920016288757,264,0.00033441495179431513,0.2,0.0003,-0.004475576337426901,-0.0024732169695198536,3200.0,59.147065
68,39,220,8704,0.022467632,0.130859375,-3.4369211196899414,0.13451096415519714,4.69627571105957,268,0.00019604219414759427,0.2,0.0003,-0.02040892466902733,-0.013428842648863792,3200.0,59.147065
69,39,220,8832,0.028077582,0.1484375,-3.395623207092285,0.13447590172290802,4.69856071472168,272,0.00014143603766569868,0.2,0.0003,-0.04045793041586876,-0.024293912574648857,3200.0,59.147065
70,40,221,8960,0.023450943,0.14453125,-0.02009284496307373,0.13443328440189362,4.7007118463516235,276,0.00016689274343661964,0.2,0.0003,-0.005892426241189241,-0.004988581873476505,3200.0,59.147065
71,41,221,9088,0.01819287,0.11328125,-7.905982971191406,0.1343957632780075,4.703320026397705,280,0.0001672688995313365,0.2,0.0003,-0.009923165664076805,-0.00595118454657495,3200.0,59.147065
72,41,221,9216,0.024429223,0.1328125,-5.067452907562256,0.13438336551189423,4.705002784729004,284,0.00015586396330036223,0.2,0.0003,-0.018253836780786514,-0.012036955915391445,3200.0,59.147065
73,42,221,9344,0.035391133,0.193359375,-3.0148072242736816,0.1343717724084854,4.705598950386047,288,0.00018499482393963262,0.2,0.0003,-0.02279422990977764,-0.014886192046105862,3200.0,59.147065
74,42,221,9472,0.03105699,0.16015625,-7.0701494216918945,0.13435807824134827,4.7063422203063965,292,0.0001871746535471175,0.2,0.0003,-0.01034313254058361,-0.008095665369182825,3200.0,59.147065
75,43,221,9600,0.022204543,0.134765625,-18.645984649658203,0.13435783982276917,4.707024097442627,296,0.00011422471834521275,0.2,0.0003,-0.015349017456173897,-0.01017112284898758,3200.0,59.166892
76,43,221,9728,0.027966892,0.13671875,-0.5390423536300659,0.1343580186367035,4.706828713417053,300,0.00016428337403340265,0.2,0.0003,-0.036967694759368896,-0.02261519618332386,3200.0,59.166892
77,44,221,9856,0.02437165,0.142578125,0.6840246915817261,0.1343502551317215,4.70714545249939,304,0.0013000164763070643,0.2,0.0003,-0.01894255168735981,-0.012006543925963342,3200.0,59.166892
78,45,221,9984,0.02039912,0.099609375,-2.5663416385650635,0.1343398094177246,4.707660436630249,308,0.0002769086277112365,0.2,0.0003,-0.022318894043564796,-0.010810266714543104,3200.0,59.166892
79,45,221,10112,0.028837677,0.158203125,-4.927156448364258,0.13431891798973083,4.708542466163635,312,0.0002120457065757364,0.2,0.0003,-0.027595117688179016,-0.015834963880479336,3200.0,59.166892
80,46,221,10240,0.026285505,0.140625,0.07096964120864868,0.13430210947990417,4.709806203842163,316,0.00016408114970545284,0.2,0.0003,-0.009844513610005379,-0.008216603426262736,3200.0,59.166892
81,46,221,10368,0.010888983,0.060546875,-0.7446802854537964,0.134284108877182,4.7107332944869995,320,0.00017026575369527563,0.2,0.0003,-0.015965677797794342,-0.0067757656797766685,3200.0,59.166892
82,47,221,10496,0.02162877,0.091796875,-2.6106173992156982,0.13426557183265686,4.711878538131714,324,0.00016600357048446313,0.2,0.0003,-0.02987121418118477,-0.01464048307389021,3200.0,59.166892
83,47,221,10624,0.021266557,0.146484375,-3.9819579124450684,0.13422982394695282,4.713242173194885,328,0.0001558241965540219,0.2,0.0003,0.0037112461868673563,-0.0002637531142681837,3200.0,59.166892
84,48,221,10752,0.019747717,0.119140625,-5.067252159118652,0.13418236374855042,4.715733289718628,332,0.0001011757649393985,0.2,0.0003,-0.03612440079450607,-0.01984724123030901,3200.0,59.166892
85,49,221,10880,0.042099886,0.232421875,-8.459480285644531,0.13414223492145538,4.71846616268158,336,9.706237869977485e-05,0.2,0.0003,-0.0033820318058133125,-0.006276642554439604,3200.0,59.166892
86,49,222,11008,0.015884064,0.064453125,0.4268033504486084,0.13412244617938995,4.720468997955322,340,0.00021380498219514266,0.2,0.0003,-0.023551126942038536,-0.011079390533268452,3200.0,59.166892
87,50,222,11136,0.029099874,0.169921875,0.14886343479156494,0.13409492373466492,4.721651315689087,344,0.00017437753922422417,0.2,0.0003,-0.013914866372942924,-0.010478108190000057,3200.0,59.166892
88,50,222,11264,0.025881398,0.14453125,-0.5287655591964722,0.13405542075634003,4.723589181900024,348,0.00016665129805915058,0.2,0.0003,-0.012543575838208199,-0.009542067185975611,3200.0,59.166892
89,51,222,11392,0.027479488,0.146484375,-2.5033152103424072,0.13399535417556763,4.7263922691345215,352,0.00014275932335294783,0.2,0.0003,-0.020135998725891113,-0.012913599144667387,3200.0,59.166892
90,51,222,11520,0.020842403,0.10546875,-8.624109268188477,0.1339501291513443,4.729880213737488,356,0.00010626847870298661,0.2,0.0003,-0.030253296718001366,-0.0166361341252923,3200.0,59.166892
91,52,222,11648,0.013891384,0.099609375,-1.515000343322754,0.13391593098640442,4.732204079627991,360,0.00017591727373655885,0.2,0.0003,-0.00561492471024394,-0.00014852359890937805,3200.0,59.166892
92,52,222,11776,0.025052652,0.12890625,0.05797421932220459,0.13389372825622559,4.734016180038452,364,0.00015722903845016845,0.2,0.0003,-0.02665354497730732,-0.014519022079184651,3200.0,59.166892
93,53,222,11904,0.020060057,0.111328125,0.33408987522125244,0.13387233018875122,4.735217571258545,368,0.0002243205381091684,0.2,0.0003,-0.009745133109390736,-0.004121050937101245,3200.0,59.166892
94,54,222,12032,0.023953408,0.12109375,0.021388530731201172,0.13383030891418457,4.736851096153259,372,0.00022778789207222871,0.2,0.0003,-0.027392003685235977,-0.014495118521153927,3200.0,59.166892
95,54,222,12160,0.026701955,0.162109375,-3.1413564682006836,0.13379156589508057,4.739542603492737,376,0.00017380863937432878,0.2,0.0003,-0.021507229655981064,-0.011142496950924397,3200.0,59.166892
96,55,222,12288,0.014985289,0.072265625,0.5904162526130676,0.13376429677009583,4.741578221321106,380,0.0001413109275745228,0.2,0.0003,-0.008155458606779575,-0.002985438099130988,3200.0,59.166892
97,55,222,12416,0.020537497,0.115234375,0.6238609552383423,0.13373714685440063,4.743145227432251,384,0.000210960006370442,0.2,0.0003,-0.025459270924329758,-0.014058355707675219,3200.0,59.166892
98,56,222,12544,0.024668174,0.14453125,0.5042550563812256,0.1337464302778244,4.744283318519592,388,0.00016467395835206844,0.2,0.0003,-0.008708647452294827,-0.005779508268460631,3200.0,59.166892
99,56,222,12672,0.011942022,0.060546875,-0.5233408212661743,0.13377270102500916,4.74307918548584,392,0.00020833809321629815,0.2,0.0003,-0.010973763652145863,-0.00526380492374301,3200.0,59.166892
100,57,222,12800,0.03799722,0.197265625,0.5920069217681885,0.13380040228366852,4.741465091705322,396,0.0014869020378682762,0.2,0.0003,-0.007298157084733248,-0.010341654298827052,3200.0,59.2146325
101,58,222,12928,0.024729043,0.150390625,-0.38006699085235596,0.13382044434547424,4.739943146705627,400,0.0009034508329932578,0.2,0.0003,-0.021519536152482033,-0.015392245317343622,3200.0,59.2146325
102,58,222,13056,0.013663316,0.07421875,0.7222318649291992,0.13382655382156372,4.7389901876449585,404,0.0009108794038183987,0.2,0.0003,-0.01616312749683857,-0.00723545765504241,3200.0,59.2146325
103,59,222,13184,0.034687318,0.15625,-0.7564502954483032,0.13380824029445648,4.739087820053101,408,0.0002916709490818903,0.2,0.0003,-0.04069763049483299,-0.024385793367400765,3200.0,59.2146325
104,59,222,13312,0.031830214,0.154296875,-3.005530834197998,0.13378340005874634,4.740472316741943,412,0.00025626310889492743,0.2,0.0003,0.001110089011490345,-0.0009096807334572077,3200.0,59.2146325
105,60,222,13440,0.015260185,0.076171875,-1.3788299560546875,0.13377603888511658,4.741678357124329,416,0.00018168579481425695,0.2,0.0003,-0.021199842914938927,-0.010463609360158443,3200.0,59.2146325
106,60,222,13568,0.015872542,0.0859375,-5.52146053314209,0.133789524435997,4.741601347923279,420,0.00021405966253951192,0.2,0.0003,-0.012914282269775867,-0.00444513326510787,3200.0,59.2146325
107,61,222,13696,0.034212463,0.18359375,-9.595742225646973,0.13381490111351013,4.740512728691101,424,0.00018035975881502964,0.2,0.0003,-0.03882184997200966,-0.023466776125133038,3200.0,59.2146325
108,62,222,13824,0.031404782,0.150390625,0.0557827353477478,0.13383443653583527,4.73900043964386,428,0.0004163361663813703,0.2,0.0003,-0.023221930488944054,-0.014678701409138739,3200.0,59.2146325
109,62,222,13952,0.022961939,0.123046875,0.8140710592269897,0.13385464251041412,4.738002777099609,432,0.0004945074615534395,0.2,0.0003,-0.00996149331331253,-0.0063433656468987465,3200.0,59.2146325
110,63,222,14080,0.022070572,0.125,0.7732768058776855,0.13388888537883759,4.736442446708679,436,0.0007777690479997545,0.2,0.0003,-0.009992590174078941,-0.007160553941503167,3200.0,59.2146325
111,63,222,14208,0.015793532,0.08203125,0.00965428352355957,0.13391073048114777,4.7345887422561646,440,0.001040219358401373,0.2,0.0003,-0.01802268624305725,-0.009440816007554531,3200.0,59.2146325
112,64,223,14336,0.030090448,0.16015625,-1.4310438632965088,0.13392235338687897,4.7335875034332275,444,0.0018148277595173568,0.2,0.0003,-0.01353639829903841,-0.010692038806155324,3200.0,59.2146325
113,64,223,14464,0.014541312,0.06640625,-2.9583237171173096,0.13393913209438324,4.732828617095947,448,0.0008797616610536352,0.2,0.0003,-0.01181014347821474,-0.004537956789135933,3200.0,59.2146325
114,65,223,14592,0.016680485,0.09375,-5.1606340408325195,0.1339554637670517,4.731748461723328,452,0.0005506258603418246,0.2,0.0003,-0.01901615783572197,-0.010304788127541542,3200.0,59.2146325
115,65,223,14720,0.025592454,0.1484375,-0.3195377588272095,0.13395671546459198,4.731095790863037,456,0.00021658801779267378,0.2,0.0003,-0.012092739343643188,-0.007909175008535385,3200.0,59.2146325
116,66,223,14848,0.026830483,0.14453125,0.19639194011688232,0.13394686579704285,4.7313231229782104,460,0.0003554527211235836,0.2,0.0003,-0.021374020725488663,-0.0133387241512537,3200.0,59.2146325
117,67,223,14976,0.019307476,0.123046875,-0.5578867197036743,0.13393568992614746,4.731993198394775,464,0.0002402315440122038,0.2,0.0003,-0.02220138907432556,-0.011323736747726798,3200.0,59.2146325
118,67,223,15104,0.033766873,0.171875,-5.189836025238037,0.13393527269363403,4.732455253601074,468,0.0002600198786240071,0.2,0.0003,-0.015468701720237732,-0.009296761825680733,3200.0,59.2146325
119,68,223,15232,0.0077573634,0.033203125,-0.7608810663223267,0.13393549621105194,4.732386350631714,472,0.0003104640854871832,0.2,0.0003,-0.004605596885085106,0.0009215204045176506,3200.0,59.2146325
120,68,223,15360,0.030690145,0.1640625,-4.490483283996582,0.13393551111221313,4.732402920722961,476,0.0003430611250223592,0.2,0.0003,-0.015320727601647377,-0.01122412271797657,3200.0,59.2146325
121,69,223,15488,0.014215542,0.083984375,-9.68494987487793,0.13392987847328186,4.732522130012512,480,0.00017281051259487867,0.2,0.0003,-0.017624927684664726,-0.00797600531950593,3200.0,59.2146325
122,69,223,15616,0.02714999,0.154296875,-0.8334052562713623,0.13390973210334778,4.733162879943848,484,0.0002498700559954159,0.2,0.0003,-0.010334542021155357,-0.007603814825415611,3200.0,59.2146325
123,70,223,15744,0.028280351,0.16015625,-4.292832851409912,0.13390040397644043,4.734269142150879,488,0.0002116776340699289,0.2,0.0003,-0.016446378082036972,-0.011836213758215308,3200.0,59.2146325
124,71,223,15872,0.022167202,0.107421875,-0.4623609781265259,0.1338953673839569,4.734673023223877,492,0.0005087312747491524,0.2,0.0003,-0.02845461666584015,-0.015743141062557697,3200.0,59.2146325
125,71,223,16000,0.015981268,0.09765625,0.3943551182746887,0.13389086723327637,4.734979867935181,496,0.001576135982759297,0.2,0.0003,-0.0061973766423761845,-0.0024398613022640347,3200.0,58.6393838
126,72,223,16128,0.026626915,0.16015625,-0.2645280361175537,0.13387133181095123,4.73550546169281,500,0.0005259980316623114,0.2,0.0003,-0.016461653634905815,-0.0113455168902874,3200.0,58.6393838
127,72,223,16256,0.020074025,0.091796875,0.6020113229751587,0.1338193416595459,4.737307548522949,504,0.0011140961141791195,0.2,0.0003,-0.009891578927636147,-0.007423975272104144,3200.0,58.6393838
128,73,223,16384,0.019542355,0.10546875,-6.840115547180176,0.13377371430397034,4.740608811378479,508,0.0003436308543314226,0.2,0.0003,-0.013108516111969948,-0.007240659324452281,3200.0,58.6393838
129,73,223,16512,0.02845917,0.142578125,-3.4062232971191406,0.13374093174934387,4.742980718612671,512,0.00027473041700432077,0.2,0.0003,-0.03512439876794815,-0.02117732632905245,3200.0,58.6393838
130,74,223,16640,0.0204278,0.115234375,-1.122239112854004,0.1337173581123352,4.744757294654846,516,0.0004136117349844426,0.2,0.0003,-0.00190912582911551,-0.0016943207010626793,3200.0,58.6393838
131,75,223,16768,0.012398121,0.0625,-8.179706573486328,0.1336725950241089,4.746395468711853,520,0.0002575990838522557,0.2,0.0003,-0.021045740693807602,-0.009335836861282587,3200.0,58.6393838
132,75,223,16896,0.010829486,0.0546875,-0.8614535331726074,0.13362076878547668,4.749435663223267,524,0.00016514620801899582,0.2,0.0003,-0.006856116466224194,-0.0016715931706130505,3200.0,58.6393838
133,76,223,17024,0.022784382,0.14453125,-1.8390543460845947,0.13357770442962646,4.752288341522217,528,0.00013788365322398022,0.2,0.0003,-0.01572084240615368,-0.009913044283166528,3200.0,58.6393838
134,76,223,17152,0.025830919,0.138671875,-21.13416862487793,0.1335563063621521,4.754438519477844,532,0.00017819698405219242,0.2,0.0003,-0.00912504456937313,-0.006604369496926665,3200.0,58.6393838
135,77,223,17280,0.013877926,0.068359375,-5.063434600830078,0.13353724777698517,4.755550861358643,536,0.00017457169087720104,0.2,0.0003,-0.01604754850268364,-0.006513004191219807,3200.0,58.6393838
136,77,223,17408,0.03187553,0.17578125,-1.5395698547363281,0.1335209757089615,4.756681561470032,540,0.00014660917804576457,0.2,0.0003,-0.037574220448732376,-0.022543022874742746,3200.0,58.6393838
137,78,224,17536,0.030878184,0.138671875,-12.343483924865723,0.13349846005439758,4.7577502727508545,544,8.736898780625779e-05,0.2,0.0003,-0.016758838668465614,-0.011282374849542975,3200.0,58.6393838
138,78,224,17664,0.02153763,0.1328125,-1.54288649559021,0.13347436487674713,4.7592445611953735,548,0.0001628204554435797,0.2,0.0003,-0.011406577192246914,-0.007553390227258205,3200.0,58.6393838
139,79,224,17792,0.03841324,0.189453125,-1.6859562397003174,0.1334347277879715,4.760860204696655,552,0.00011635140253929421,0.2,0.0003,-0.016275247558951378,-0.01294383080676198,3200.0,58.6393838
140,79,224,17920,0.015538694,0.091796875,-3.7577805519104004,0.13338780403137207,4.763578534126282,556,0.00013357660827750806,0.2,0.0003,-0.002255539409816265,-0.0017161420546472073,3200.0,58.6393838
141,80,224,18048,0.018232707,0.095703125,0.039831459522247314,0.1333354413509369,4.766408562660217,560,0.0006358427926898003,0.2,0.0003,-0.02461836487054825,-0.011329046450555325,3200.0,58.6393838
142,81,224,18176,0.020173118,0.123046875,0.5040020942687988,0.1332859843969345,4.769588232040405,564,0.00022503182844957337,0.2,0.0003,-0.014544724486768246,-0.008984361309558153,3200.0,58.6393838
143,81,224,18304,0.013318918,0.07421875,-0.4029742479324341,0.13324983417987823,4.772205710411072,568,0.0007176586950663477,0.2,0.0003,-0.02352478913962841,-0.01001844514394179,3200.0,58.6393838
144,82,224,18432,0.010803151,0.044921875,-4.312197208404541,0.13321280479431152,4.774324059486389,572,0.0002836263411154505,0.2,0.0003,-0.014534791931509972,-0.0029807158280164003,3200.0,58.6393838
145,82,224,18560,0.019346569,0.119140625,0.29635703563690186,0.13317546248435974,4.776585340499878,576,0.0003800362901529297,0.2,0.0003,-0.02718392200767994,-0.013475969200953841,3200.0,58.6393838
146,83,224,18688,0.014887392,0.08203125,-2.6457619667053223,0.13312257826328278,4.779066681861877,580,0.0001841730045271106,0.2,0.0003,-0.005217629484832287,-0.0014717275043949485,3200.0,58.6393838
147,83,224,18816,0.021483768,0.126953125,0.5229061245918274,0.13308492302894592,4.782112956047058,584,0.0006647736081504263,0.2,0.0003,-0.024922318756580353,-0.013537352439016104,3200.0,58.6393838
148,84,224,18944,0.017918028,0.09375,-0.7207517623901367,0.13304167985916138,4.784236669540405,588,0.0006105525098973885,0.2,0.0003,-0.007397525943815708,-0.004949221620336175,3200.0,58.6393838
149,84,224,19072,0.010690678,0.052734375,-2.1366734504699707,0.1330007165670395,4.786952972412109,592,0.0002824229159159586,0.2,0.0003,-0.011866755783557892,-0.004342240281403065,3200.0,58.6393838
150,85,224,19200,0.016521163,0.091796875,-2.6035094261169434,0.13296790421009064,4.789202094078064,596,0.00016794832481537014,0.2,0.0003,-0.015939636155962944,-0.00731985573656857,3200.0,58.21788833333333
151,86,224,19328,0.014249418,0.078125,-2.7707386016845703,0.13294276595115662,4.790981411933899,600,0.000383024391339859,0.2,0.0003,-0.010980263352394104,-0.00513008888810873,3200.0,58.21788833333333
152,86,224,19456,0.017111525,0.09765625,0.2668071389198303,0.13293123245239258,4.79224157333374,604,0.0013753860257565975,0.2,0.0003,-0.020440801978111267,-0.012379552703350782,3200.0,58.21788833333333
153,87,224,19584,0.030304385,0.15234375,-7.749192237854004,0.1329386979341507,4.792543172836304,608,0.00043118978646816686,0.2,0.0003,-0.02751585654914379,-0.016082472167909145,3200.0,58.21788833333333
154,87,224,19712,0.02922535,0.181640625,-3.642117977142334,0.13294072449207306,4.792024374008179,612,0.00030597591830883175,0.2,0.0003,-0.009862065315246582,-0.006929829949513078,3200.0,58.21788833333333
155,88,224,19840,0.033724792,0.1796875,-1.341855764389038,0.1329347789287567,4.792173624038696,616,0.00018490126603865065,0.2,0.0003,-0.03276911750435829,-0.020778439939022064,3200.0,58.21788833333333
156,88,224,19968,0.019825837,0.10546875,-1.576958417892456,0.13291974365711212,4.792649030685425,620,0.00012163651445007417,0.2,0.0003,-0.0078118029050529,-0.005437309853732586,3200.0,58.21788833333333
157,89,224,20096,0.021695126,0.10546875,0.33589619398117065,0.1328771710395813,4.794126391410828,624,0.00011916612857021391,0.2,0.0003,-0.021904049441218376,-0.011937808711081743,3200.0,58.21788833333333
158,89,224,20224,0.03431602,0.197265625,-2.4891250133514404,0.13282136619091034,4.797065019607544,628,0.00017820837456383742,0.2,0.0003,0.004442444071173668,-0.003134441561996937,3200.0,58.21788833333333
159,90,224,20352,0.019179765,0.09765625,-4.488924503326416,0.1327533721923828,4.800620794296265,632,0.00016535617760382593,0.2,0.0003,-0.016227589920163155,-0.010299857705831528,3200.0,58.21788833333333
160,91,224,20480,0.024559421,0.125,-0.12506210803985596,0.1326800286769867,4.804972410202026,636,0.00013830707030138,0.2,0.0003,-0.021950088441371918,-0.013286658795550466,3200.0,58.21788833333333
161,91,224,20608,0.018131735,0.09375,-1.7560219764709473,0.13262641429901123,4.809079527854919,640,0.00011671789070533123,0.2,0.0003,-0.012135861441493034,-0.005670255981385708,3200.0,58.21788833333333
162,92,224,20736,0.013298174,0.064453125,-2.055293321609497,0.1325804591178894,4.812011241912842,644,0.00017826955081545748,0.2,0.0003,-0.020994847640395164,-0.009630675427615643,3200.0,58.21788833333333
163,92,225,20864,0.035148352,0.1875,-8.830510139465332,0.1325221061706543,4.8150293827056885,648,0.00017597651458345354,0.2,0.0003,-0.013563322834670544,-0.011255011893808842,3200.0,58.21788833333333
164,93,225,20992,0.05670766,0.234375,-8.329590797424316,0.13249248266220093,4.8182231187820435,652,0.00016676434825058095,0.2,0.0003,-0.02672392874956131,-0.019558028783649206,3200.0,58.21788833333333
165,93,225,21120,0.02830341,0.16015625,-1.9997634887695312,0.13247355818748474,4.81952702999115,656,0.00013531278091249987,0.2,0.0003,-0.013297723606228828,-0.010409367503598332,3200.0,58.21788833333333
166,94,225,21248,0.021359574,0.109375,-0.44393467903137207,0.13244964182376862,4.820817589759827,660,0.00042561710870359093,0.2,0.0003,-0.021613596007227898,-0.013434376567602158,3200.0,58.21788833333333
167,94,225,21376,0.027483335,0.15234375,-4.98940896987915,0.13243934512138367,4.822110414505005,664,0.0003221622282580938,0.2,0.0003,-0.010015305131673813,-0.007608881453052163,3200.0,58.21788833333333
168,95,225,21504,0.01339013,0.056640625,0.4131472706794739,0.1324356645345688,4.822467088699341,668,0.00021672377260983922,0.2,0.0003,-0.009235324338078499,-0.00414526485837996,3200.0,58.21788833333333
169,96,225,21632,0.042158373,0.232421875,-7.171298980712891,0.13243049383163452,4.822715163230896,672,0.00014039947745914105,0.2,0.0003,-0.01774008944630623,-0.0148130904417485,3200.0,58.21788833333333
170,96,225,21760,0.016259369,0.091796875,0.37891656160354614,0.1324128806591034,4.823224306106567,676,0.00025441292746108957,0.2,0.0003,-0.018343470990657806,-0.009184937225654721,3200.0,58.21788833333333
171,97,225,21888,0.009726449,0.05078125,-0.912237286567688,0.1323976218700409,4.824333190917969,680,0.00014660110537079163,0.2,0.0003,-0.005195650737732649,-0.0009524165652692318,3200.0,58.21788833333333
172,97,225,22016,0.019727116,0.119140625,-0.28653883934020996,0.13239753246307373,4.824961423873901,684,0.0005130825957166962,0.2,0.0003,-0.014764523133635521,-0.008328324125614017,3200.0,58.21788833333333
173,98,225,22144,0.021976724,0.111328125,-0.5670169591903687,0.13240621984004974,4.824716091156006,688,0.00024070050130831078,0.2,0.0003,-0.010068153031170368,-0.006056987913325429,3200.0,58.21788833333333
174,98,225,22272,0.014262468,0.09765625,-4.569084644317627,0.13239823281764984,4.824433445930481,692,0.00010291165381204337,0.2,0.0003,-0.005913638975471258,-0.004925958579406142,3200.0,58.21788833333333
175,99,225,22400,0.013862042,0.05859375,-2.8317341804504395,0.132367342710495,4.8254921436309814,696,0.00015250272554112598,0.2,0.0003,-0.012863589450716972,-0.0073609305545687675,3200.0,57.866290428571425
176,100,225,22528,0.03432808,0.181640625,-0.8045709133148193,0.13233858346939087,4.827421307563782,700,0.0005684284406015649,0.2,0.0003,-0.018764935433864594,-0.014742875937372446,3200.0,57.866290428571425
177,100,225,22656,0.008420739,0.03515625,0.30814993381500244,0.13231919705867767,4.828906059265137,704,0.0011271660041529685,0.2,0.0003,-0.009394081309437752,-0.0029452142189256847,3200.0,57.866290428571425
178,101,225,22784,0.027478883,0.158203125,-4.084349632263184,0.13232958316802979,4.82958447933197,708,0.0001674067389103584,0.2,0.0003,-0.011250284500420094,-0.00764893414452672,3200.0,57.866290428571425
179,101,225,22912,0.02471291,0.142578125,-5.111989974975586,0.1323316991329193,4.828791618347168,712,0.0001380685789627023,0.2,0.0003,-0.019236113876104355,-0.011776870698668063,3200.0,57.866290428571425
180,102,225,23040,0.02194276,0.12890625,-10.109790802001953,0.1323198676109314,4.82913076877594,716,9.197434337693267e-05,0.2,0.0003,-0.021072013303637505,-0.012210723478347063,3200.0,57.866290428571425
181,102,225,23168,0.030100882,0.150390625,-5.137243747711182,0.13231214880943298,4.829883098602295,720,8.916898696043063e-05,0.2,0.0003,-0.010285564698278904,-0.008153377333655953,3200.0,57.866290428571425
182,103,225,23296,0.026843026,0.158203125,-0.38854193687438965,0.13228410482406616,4.830571413040161,724,0.00013824373309034854,0.2,0.0003,-0.004008376505225897,-0.005611952859908342,3200.0,57.866290428571425
183,103,225,23424,0.010922888,0.03515625,-0.6485565900802612,0.132243812084198,4.832646608352661,728,0.00014220894081518054,0.2,0.0003,-0.016332346946001053,-0.006506354082375765,3200.0,57.866290428571425
184,104,225,23552,0.024128947,0.138671875,-2.875112295150757,0.13221147656440735,4.835002899169922,732,0.00012026328477077186,0.2,0.0003,-0.008478773757815361,-0.0063151768408715725,3200.0,57.866290428571425
185,104,225,23680,0.02403694,0.12109375,-3.9777255058288574,0.1321839541196823,4.836748480796814,736,0.00014103395005804487,0.2,0.0003,-0.028215954080224037,-0.014868729747831821,3200.0,57.866290428571425
186,105,225,23808,0.040751487,0.203125,-1.7902421951293945,0.1321430802345276,4.838639616966248,740,0.00014559437840944156,0.2,0.0003,-0.006140407174825668,-0.00801214063540101,3200.0,57.866290428571425
187,105,225,23936,0.027136547,0.142578125,-1.0191164016723633,0.13212017714977264,4.840922117233276,744,0.00016850244719535112,0.2,0.0003,-0.028856977820396423,-0.017388393636792898,3200.0,57.866290428571425
188,106,225,24064,0.01610237,0.087890625,-0.8904983997344971,0.13211962580680847,4.841685771942139,748,0.00011961724885622971,0.2,0.0003,-0.014369908720254898,-0.005032791756093502,3200.0,57.866290428571425
189,107,226,24192,0.026611248,0.146484375,-2.8761188983917236,0.1321038454771042,4.841859221458435,752,0.00012391572454362176,0.2,0.0003,-0.007674121297895908,-0.006106427870690823,3200.0,57.866290428571425
190,107,226,24320,0.028390132,0.171875,-1.6870813369750977,0.1320849359035492,4.843010783195496,756,0.00015308968067984097,0.2,0.0003,-0.03240875527262688,-0.020171755459159613,3200.0,57.866290428571425
191,108,226,24448,0.031128582,0.173828125,-3.0434722900390625,0.13207711279392242,4.84390664100647,760,0.00040930048271548003,0.2,0.0003,-0.012823130004107952,-0.009794706013053656,3200.0,57.866290428571425
192,108,226,24576,0.029214999,0.154296875,-6.164896488189697,0.13207581639289856,4.844221591949463,764,0.000295483332592994,0.2,0.0003,-0.007073492743074894,-0.006569144781678915,3200.0,57.866290428571425
193,109,226,24704,0.026553202,0.142578125,-3.549222946166992,0.13206739723682404,4.844362497329712,768,0.00018963436014018953,0.2,0.0003,-0.02697702683508396,-0.017218308057636023,3200.0,57.866290428571425
194,109,226,24832,0.031189263,0.19921875,-2.5593903064727783,0.1320565789937973,4.84507954120636,772,0.00024078519345493987,0.2,0.0003,0.00757029140368104,5.711638368666172e-05,3200.0,57.866290428571425
195,110,226,24960,0.015355319,0.078125,-0.8721078634262085,0.1320483237504959,4.845617890357971,776,0.0001954446706804447,0.2,0.0003,-0.018063662573695183,-0.009271415881812572,3200.0,57.866290428571425
196,110,226,25088,0.039129477,0.205078125,-1.3017990589141846,0.13205215334892273,4.845924139022827,780,0.00018136353173758835,0.2,0.0003,-0.029687684029340744,-0.01962924934923649,3200.0,57.866290428571425
197,111,226,25216,0.02853047,0.138671875,-0.22706234455108643,0.13204838335514069,4.845748782157898,784,0.00024155704522854649,0.2,0.0003,-0.024279603734612465,-0.012582702096551657,3200.0,57.866290428571425
198,111,226,25344,0.034861665,0.19921875,-2.6565470695495605,0.13204501569271088,4.846062541007996,788,0.00024094390028039925,0.2,0.0003,-0.01509864442050457,-0.011134243570268154,3200.0,57.866290428571425
199,112,226,25472,0.021933576,0.12890625,-1.7634031772613525,0.13202594220638275,4.846470952033997,792,0.00016173468247870915,0.2,0.0003,-0.013610354624688625,-0.009147552773356438,3200.0,57.866290428571425
200,113,226,25600,0.030192424,0.166015625,-0.1713656187057495,0.13200998306274414,4.847821116447449,796,0.0001844705839175731,0.2,0.0003,-0.03432915732264519,-0.020885479170829058,3200.0,57.652307750000006
201,113,226,25728,0.04328864,0.203125,-0.8586981296539307,0.13199301064014435,4.848671197891235,800,0.0002935799930128269,0.2,0.0003,-0.015482908114790916,-0.010595278814435005,3200.0,57.652307750000006
202,114,226,25856,0.029023256,0.1640625,0.3458186984062195,0.13198083639144897,4.849744915962219,804,0.00170379807241261,0.2,0.0003,-0.00985502079129219,-0.007741323672235012,3200.0,57.652307750000006
203,114,226,25984,0.02558126,0.14453125,-0.7839754819869995,0.1319815069437027,4.850243091583252,808,0.000435774854850024,0.2,0.0003,-0.03591453284025192,-0.020177931524813175,3200.0,57.652307750000006
204,115,226,26112,0.040657252,0.224609375,-2.214665651321411,0.13197177648544312,4.850218415260315,812,0.00020220843362039886,0.2,0.0003,-0.010031895712018013,-0.010716455988585949,3200.0,57.652307750000006
205,115,226,26240,0.018940967,0.1015625,-2.3685410022735596,0.1319526880979538,4.851170063018799,816,0.0001356096636300208,0.2,0.0003,-0.03346709907054901,-0.017009136965498328,3200.0,57.652307750000006
206,116,226,26368,0.033039503,0.16015625,-0.3501929044723511,0.1319281905889511,4.852387189865112,820,0.00016276344103971496,0.2,0.0003,-0.036182861775159836,-0.020541774574667215,3200.0,57.652307750000006
207,117,226,26496,0.05027153,0.2578125,0.18583011627197266,0.13190606236457825,4.853902101516724,824,0.00013945197497378103,0.2,0.0003,-0.007919562049210072,-0.008242981741204858,3200.0,57.652307750000006
208,117,226,26624,0.022393659,0.125,-3.1207637786865234,0.13186700642108917,4.855445742607117,828,0.0007598955271532759,0.2,0.0003,-0.009109548293054104,-0.0068127375561743975,3200.0,57.652307750000006
209,118,226,26752,0.028620774,0.162109375,0.8347303867340088,0.1318282186985016,4.857985854148865,832,0.00034625148691702634,0.2,0.0003,-0.01886804774403572,-0.014759022276848555,3200.0,57.652307750000006
210,118,226,26880,0.026392767,0.154296875,0.5590201616287231,0.13178572058677673,4.860368728637695,836,0.0010386316862422973,0.2,0.0003,-0.02261292189359665,-0.014380955370143056,3200.0,57.652307750000006
211,119,226,27008,0.026336854,0.146484375,0.8879263997077942,0.1317618191242218,4.862734317779541,840,0.00039013410423649475,0.2,0.0003,-0.013867686502635479,-0.011141586350277066,3200.0,57.652307750000006
212,119,226,27136,0.017835308,0.083984375,0.16536945104599,0.13175243139266968,4.863738179206848,844,0.00041187355964211747,0.2,0.0003,-0.009987732395529747,-0.004649951821193099,3200.0,57.652307750000006
213,120,226,27264,0.025175015,0.158203125,-1.4370074272155762,0.13172981142997742,4.864479064941406,848,0.00037839411015738733,0.2,0.0003,-0.00786193273961544,-0.006687740329653025,3200.0,57.652307750000006
214,120,226,27392,0.0077804765,0.029296875,0.4745376706123352,0.1317223757505417,4.865717768669128,852,0.00016242470337601844,0.2,0.0003,-0.006497917231172323,-0.0024082325398921967,3200.0,57.652307750000006
215,121,226,27520,0.03400657,0.171875,-0.20562493801116943,0.13171735405921936,4.865918159484863,856,0.0002171160012949258,0.2,0.0003,-0.034564387053251266,-0.023170932196080685,3200.0,57.652307750000006
216,121,226,27648,0.011298111,0.05078125,0.01304924488067627,0.13169008493423462,4.866724252700806,860,0.00023042723842081614,0.2,0.0003,-0.0182106401771307,-0.007138049928471446,3200.0,57.652307750000006
217,122,226,27776,0.024999097,0.12890625,0.42067378759384155,0.13165514171123505,4.868625521659851,864,0.0001685119786998257,0.2,0.0003,-0.016674907878041267,-0.008110295282676816,3200.0,57.652307750000006
218,122,226,27904,0.012142327,0.0703125,-0.11979532241821289,0.1315986067056656,4.871080279350281,868,0.00023391771901515312,0.2,0.0003,-0.01207699067890644,-0.004626374808140099,3200.0,57.652307750000006
219,123,226,28032,0.031016296,0.169921875,0.42094171047210693,0.13155481219291687,4.874563813209534,872,0.00019510920537868515,0.2,0.0003,-0.024578742682933807,-0.016809768043458462,3200.0,57.652307750000006
220,124,227,28160,0.052625537,0.25390625,-1.9428856372833252,0.13151241838932037,4.876977801322937,876,0.000344824162311852,0.2,0.0003,-0.0018487607594579458,-0.005991312675178051,3200.0,57.652307750000006
221,124,227,28288,0.025913518,0.140625,0.26033610105514526,0.13148100674152374,4.879497289657593,880,0.0007714290695730597,0.2,0.0003,-0.01900235377252102,-0.013237491948530078,3200.0,57.652307750000006
222,125,227,28416,0.027609263,0.1328125,0.6240576505661011,0.13147993385791779,4.880805253982544,884,0.0003290550157544203,0.2,0.0003,-0.006412850227206945,-0.005989319062791765,3200.0,57.652307750000006
223,125,227,28544,0.014930564,0.080078125,-0.9739882946014404,0.13147248327732086,4.880758047103882,888,0.00014567584003088996,0.2,0.0003,-0.01753459870815277,-0.009080894757062197,3200.0,57.652307750000006
224,126,227,28672,0.03051405,0.16796875,-2.8571648597717285,0.13145770132541656,4.881535649299622,892,0.00013569443581218366,0.2,0.0003,-0.010436499491333961,-0.008039806969463825,3200.0,57.652307750000006
225,126,226,28800,0.034920536,0.17578125,-0.5847697257995605,0.13143014907836914,4.88260817527771,896,0.00027143494662595913,0.2,0.0003,-0.027581796050071716,-0.019793045707046986,3200.0,57.56284211111112
226,127,226,28928,0.03078277,0.1640625,-0.3644094467163086,0.13136400282382965,4.885125756263733,900,0.00018577458831714466,0.2,0.0003,-0.002354760654270649,-0.0036974013783037663,3200.0,57.56284211111112
227,128,226,29056,0.018251946,0.09765625,0.2852400541305542,0.1312980055809021,4.8894243240356445,904,0.0037001463351771235,0.2,0.0003,-0.014658799394965172,-0.01014791615307331,3200.0,57.56284211111112
228,128,226,29184,0.009404324,0.033203125,-3.0691704750061035,0.1312512457370758,4.893078804016113,908,0.0004407579035614617,0.2,0.0003,-0.027850355952978134,-0.009963496355339885,3200.0,57.56284211111112
229,129,226,29312,0.043860927,0.2265625,0.03054708242416382,0.13120362162590027,4.895753741264343,912,0.00021240702699287795,0.2,0.0003,-0.018377481028437614,-0.01572920475155115,3200.0,57.56284211111112
230,129,226,29440,0.038444996,0.228515625,-2.1336827278137207,0.13116201758384705,4.8987332582473755,916,0.00019005928697879426,0.2,0.0003,-0.0205385759472847,-0.013898619101382792,3200.0,57.56284211111112
231,130,226,29568,0.057515785,0.251953125,-0.6004741191864014,0.13113804161548615,4.900853872299194,920,0.00012736679309455212,0.2,0.0003,-0.02669798582792282,-0.02287510596215725,3200.0,57.56284211111112
232,130,226,29696,0.015742151,0.072265625,0.48390525579452515,0.13110768795013428,4.902243137359619,924,0.00012945350681548007,0.2,0.0003,-0.017590224742889404,-0.00886220927350223,3200.0,57.56284211111112
233,131,226,29824,0.022159053,0.111328125,0.584630012512207,0.13107958436012268,4.904216051101685,928,7.916461618151516e-05,0.2,0.0003,-0.019293194636702538,-0.00905306835193187,3200.0,57.56284211111112
234,131,227,29952,0.029568901,0.16796875,-1.470949649810791,0.1310528963804245,4.9057936668396,932,0.00019849114687531255,0.2,0.0003,-0.016919447109103203,-0.011616239789873362,3200.0,57.56284211111112
235,132,227,30080,0.026428625,0.14453125,-0.3017559051513672,0.13102641701698303,4.907436966896057,936,0.0002535341354814591,0.2,0.0003,-0.00808017048984766,-0.007755301892757416,3200.0,57.56284211111112
236,133,227,30208,0.038626716,0.205078125,-0.04385387897491455,0.13100430369377136,4.90899133682251,940,0.00019939089179388247,0.2,0.0003,-0.042561125010252,-0.027135711163282394,3200.0,57.56284211111112
237,133,227,30336,0.03984944,0.224609375,-15.743265151977539,0.13097672164440155,4.910352826118469,944,9.898450662149116e-05,0.2,0.0003,-0.0007230355404317379,-0.0076869577169418335,3200.0,57.56284211111112
238,134,227,30464,0.033688076,0.1796875,-4.996862411499023,0.1309613138437271,4.9118993282318115,948,8.909143434721045e-05,0.2,0.0003,-0.009052325040102005,-0.008528081700205803,3200.0,57.56284211111112
239,134,227,30592,0.032463085,0.171875,-2.4313836097717285,0.1309628039598465,4.912446975708008,952,0.0001450378622394055,0.2,0.0003,-0.02218257077038288,-0.01474927132949233,3200.0,57.56284211111112
240,135,227,30720,0.035239637,0.162109375,-8.556061744689941,0.13096527755260468,4.912125110626221,956,0.0001014508288790239,0.2,0.0003,-0.02857109345495701,-0.019957229029387236,3200.0,57.56284211111112
241,135,227,30848,0.03455303,0.193359375,-0.4984457492828369,0.13093604147434235,4.912603855133057,960,0.0001577487782924436,0.2,0.0003,-0.0015760667156428099,-0.0047549535520374775,3200.0,57.56284211111112
242,136,227,30976,0.031224545,0.140625,0.3171834349632263,0.13089153170585632,4.91480278968811,964,0.0001358189110760577,0.2,0.0003,-0.03429102152585983,-0.021205686032772064,3200.0,57.56284211111112
243,136,227,31104,0.02179863,0.119140625,0.7228466272354126,0.13084910809993744,4.917623043060303,968,8.35667106002802e-05,0.2,0.0003,-0.01358775608241558,-0.006767944199964404,3200.0,57.56284211111112
244,137,227,31232,0.033806562,0.193359375,0.6445924043655396,0.1308135986328125,4.919955015182495,972,8.132610855682287e-05,0.2,0.0003,-0.012442572973668575,-0.011920548044145107,3200.0,57.56284211111112
245,137,227,31360,0.025716979,0.146484375,0.7905696034431458,0.13076649606227875,4.922317862510681,976,6.126311291154707e-05,0.2,0.0003,-0.022117111831903458,-0.0128244087100029,3200.0,57.56284211111112
246,138,227,31488,0.014280977,0.078125,-0.16002929210662842,0.13071388006210327,4.925389289855957,980,7.625975194969214e-05,0.2,0.0003,-0.005430821795016527,-0.0018735777121037245,3200.0,57.56284211111112
247,139,227,31616,0.02542567,0.150390625,-1.064133644104004,0.13066262006759644,4.928600311279297,984,7.71869599702768e-05,0.2,0.0003,-0.03597687557339668,-0.020088444463908672,3200.0,57.56284211111112
248,139,227,31744,0.028501095,0.162109375,0.21021664142608643,0.1306380033493042,4.93128502368927,988,0.00037866001366637647,0.2,0.0003,-0.01182619109749794,-0.006244399584829807,3200.0,57.56284211111112
249,140,227,31872,0.014160747,0.08203125,-2.6197025775909424,0.13063085079193115,4.932232141494751,992,0.00015619843179592863,0.2,0.0003,-0.021741315722465515,-0.008040116168558598,3200.0,57.56284211111112
250,140,227,32000,0.035494994,0.171875,-2.517469882965088,0.130604088306427,4.933013558387756,996,8.79327162692789e-05,0.2,0.0003,-0.008398096077144146,-0.007210870739072561,3200.0,57.714359500000015
251,141,227,32128,0.03773907,0.212890625,-1.7411119937896729,0.13055115938186646,4.935298204421997,1000,0.00019368403445696458,0.2,0.0003,-0.005061418749392033,-0.007580850971862674,3200.0,57.714359500000015
252,142,227,32256,0.020616427,0.1015625,0.5115492939949036,0.13049185276031494,4.938795447349548,1004,0.003568104875739664,0.2,0.0003,-0.017667926847934723,-0.011164854979142547,3200.0,57.714359500000015
253,142,227,32384,0.018664837,0.09375,-1.3647429943084717,0.13043126463890076,4.942581534385681,1008,0.0006029946889611892,0.2,0.0003,-0.0032324795611202717,-0.0035474987234920263,3200.0,57.714359500000015
254,143,227,32512,0.025818309,0.142578125,-7.955264091491699,0.1303860992193222,4.946040511131287,1012,5.9423512539069634e-05,0.2,0.0003,-0.028754640370607376,-0.015918464749120176,3200.0,57.714359500000015
255,143,227,32640,0.020566572,0.11328125,-4.015135288238525,0.1303657442331314,4.948303580284119,1016,9.259359649149701e-05,0.2,0.0003,-0.00044833467109128833,-0.0023057954385876656,3200.0,57.714359500000015
256,144,227,32768,0.020048227,0.109375,-0.8955485820770264,0.1303403228521347,4.949435591697693,1020,0.00012453899762476794,0.2,0.0003,-0.026256492361426353,-0.01461884775198996,3200.0,57.714359500000015
257,144,227,32896,0.04906422,0.236328125,-0.1764388084411621,0.1302967071533203,4.951450824737549,1024,8.514500041201245e-05,0.2,0.0003,-0.01116995234042406,-0.01062552910298109,3200.0,57.714359500000015
258,145,227,33024,0.026749704,0.138671875,0.6871638298034668,0.13024389743804932,4.954366445541382,1028,0.00021084277614136226,0.2,0.0003,-0.03213829547166824,-0.01899651810526848,3200.0,57.714359500000015
259,145,227,33152,0.0140571855,0.07421875,0.7408029437065125,0.130191832780838,4.957631349563599,1032,0.0007042924989946187,0.2,0.0003,-0.00491222832351923,-0.00260175415314734,3200.0,57.714359500000015
260,146,227,33280,0.020416256,0.10546875,0.3545389771461487,0.13014189898967743,4.960854649543762,1036,0.0007639875111635774,0.2,0.0003,-0.01913643628358841,-0.011511941440403461,3200.0,57.714359500000015
261,147,227,33408,0.049718805,0.25,-3.4381093978881836,0.1301097869873047,4.963613748550415,1040,0.0001988559561141301,0.2,0.0003,-0.009451196528971195,-0.010843046940863132,3200.0,57.714359500000015
262,147,227,33536,0.016989226,0.1171875,-3.66579008102417,0.13008105754852295,4.965406537055969,1044,0.00012441894978110213,0.2,0.0003,-0.009579984471201897,-0.007088851183652878,3200.0,57.714359500000015
263,148,227,33664,0.017226906,0.103515625,0.2713080644607544,0.13004186749458313,4.967387318611145,1048,9.590174886398017e-05,0.2,0.0003,-0.029813425615429878,-0.014884480275213718,3200.0,57.714359500000015
264,148,227,33792,0.024430806,0.158203125,0.37939131259918213,0.13000670075416565,4.9698333740234375,1052,0.00010925666083494434,0.2,0.0003,-0.002030898118391633,-0.003584790276363492,3200.0,57.714359500000015
265,149,227,33920,0.014721224,0.0703125,-3.068108558654785,0.1299937218427658,4.971617221832275,1056,0.00017832652702054475,0.2,0.0003,-0.027088716626167297,-0.012908258941024542,3200.0,57.714359500000015
266,149,227,34048,0.041045435,0.1953125,-9.33226490020752,0.12997974455356598,4.972230434417725,1060,0.0001510302954557119,0.2,0.0003,-0.019150812178850174,-0.016326688579283655,3200.0,57.714359500000015
267,150,227,34176,0.036702566,0.1953125,0.4288438558578491,0.1299804151058197,4.973023176193237,1064,0.0001002433036774164,0.2,0.0003,-0.017518337815999985,-0.01374265318736434,3200.0,57.714359500000015
268,150,227,34304,0.028187245,0.140625,-23.73240852355957,0.1299722045660019,4.972857594490051,1068,0.00012437509940355085,0.2,0.0003,-0.01403390895575285,-0.00921554397791624,3200.0,57.714359500000015
269,151,227,34432,0.024054859,0.146484375,-2.101797342300415,0.1299438178539276,4.973915338516235,1072,8.94046406756388e-05,0.2,0.0003,-0.012355863116681576,-0.007246775086969137,3200.0,57.714359500000015
270,151,227,34560,0.008334241,0.046875,0.22844743728637695,0.12992028892040253,4.975672245025635,1076,9.504817535344046e-05,0.2,0.0003,-0.019982092082500458,-0.006490536965429783,3200.0,57.714359500000015
271,152,227,34688,0.025438584,0.14453125,-4.090165138244629,0.12991458177566528,4.976701378822327,1080,7.33966789994156e-05,0.2,0.0003,-0.014745092019438744,-0.009523015934973955,3200.0,57.714359500000015
272,153,227,34816,0.016885133,0.09375,0.20484232902526855,0.12991011142730713,4.976941347122192,1084,0.0006023155292496085,0.2,0.0003,-0.011633038520812988,-0.0059705013409256935,3200.0,57.714359500000015
273,153,227,34944,0.030311622,0.181640625,-5.800749778747559,0.1299017369747162,4.977272391319275,1088,0.0001490676986577455,0.2,0.0003,-0.003954751882702112,-0.005084419157356024,3200.0,57.714359500000015
274,154,227,35072,0.05078962,0.25,-3.1054201126098633,0.12987738847732544,4.97808313369751,1092,9.424743802810553e-05,0.2,0.0003,-0.014819657430052757,-0.012143409810960293,3200.0,57.714359500000015
275,154,227,35200,0.017004626,0.095703125,-0.42386555671691895,0.12984827160835266,4.979826211929321,1096,0.0002648114677867852,0.2,0.0003,-0.014213494025170803,-0.007089537335559726,3200.0,57.7962210909091
276,155,227,35328,0.04118161,0.173828125,-1.884673833847046,0.1298317015171051,4.9813151359558105,1100,0.00032401378120994195,0.2,0.0003,-0.011363081634044647,-0.00914514297619462,3200.0,57.7962210909091
277,155,227,35456,0.025079226,0.126953125,0.6320695877075195,0.1298016756772995,4.982529044151306,1104,0.0026126287411898375,0.2,0.0003,-0.028340833261609077,-0.01720300002489239,3200.0,57.7962210909091
278,156,227,35584,0.04003577,0.19921875,-1.2759268283843994,0.129764586687088,4.984636187553406,1108,0.000291207070404198,0.2,0.0003,-0.025716019794344902,-0.01763601042330265,3200.0,57.7962210909091
279,157,227,35712,0.035690937,0.193359375,-1.157865047454834,0.12971915304660797,4.987151622772217,1112,0.00010479183765710331,0.2,0.0003,0.0055016567930579185,-0.0014399354113265872,3200.0,57.7962210909091
280,157,227,35840,0.023619726,0.12890625,-1.848365306854248,0.12969282269477844,4.989652752876282,1116,7.626130718563218e-05,0.2,0.0003,-0.01409097108989954,-0.009536320110782981,3200.0,57.7962210909091
281,158,227,35968,0.025673116,0.13671875,-3.2505621910095215,0.12968601286411285,4.990737438201904,1120,0.00010383472545072436,0.2,0.0003,-0.030739743262529373,-0.018047628458589315,3200.0,57.7962210909091
282,158,227,36096,0.04461792,0.20703125,-5.237748146057129,0.12969735264778137,4.990758299827576,1124,0.00018697164341574535,0.2,0.0003,-0.01874552108347416,-0.014364326372742653,3200.0,57.7962210909091
283,159,227,36224,0.030171955,0.15625,-0.7666878700256348,0.12970256805419922,4.989993453025818,1128,0.00026946404977934435,0.2,0.0003,-0.028326796367764473,-0.017848422285169363,3200.0,57.7962210909091
284,159,227,36352,0.0260948,0.14453125,-1.7385807037353516,0.12968748807907104,4.990154981613159,1132,0.0005276526644593105,0.2,0.0003,-0.0225752554833889,-0.012523986864835024,3200.0,57.7962210909091
285,160,227,36480,0.033359747,0.193359375,0.019912302494049072,0.12966401875019073,4.991398096084595,1136,0.00018757671568891965,0.2,0.0003,0.0006413612281903625,-0.0037481000181287527,3200.0,57.7962210909091
286,160,227,36608,0.024333734,0.130859375,-1.176438570022583,0.12966220080852509,4.992536544799805,1140,0.0002199991613451857,0.2,0.0003,-0.010771645233035088,-0.008526476100087166,3200.0,57.7962210909091
287,161,227,36736,0.018255986,0.103515625,-3.1003293991088867,0.12966753542423248,4.992281079292297,1144,0.00011393581553420518,0.2,0.0003,-0.017574481666088104,-0.010998427867889404,3200.0,57.7962210909091
288,161,227,36864,0.017107429,0.083984375,0.10692721605300903,0.1296638548374176,4.992250561714172,1148,0.00023091750335879624,0.2,0.0003,-0.009294824674725533,-0.005451886681839824,3200.0,57.7962210909091
289,162,227,36992,0.026690505,0.142578125,0.1977037787437439,0.12964947521686554,4.992627739906311,1152,0.0002545267743698787,0.2,0.0003,-0.050880927592515945,-0.026155877392739058,3200.0,57.7962210909091
290,163,227,37120,0.03714317,0.203125,-6.323359966278076,0.12962861359119415,4.993831396102905,1156,0.0001445767757104477,0.2,0.0003,-0.0002912305644713342,-0.004725880455225706,3200.0,57.7962210909091
291,163,227,37248,0.013892597,0.06640625,-0.7299798727035522,0.12961608171463013,4.994930624961853,1160,6.65152756482712e-05,0.2,0.0003,-0.02688683569431305,-0.011894614901393652,3200.0,57.7962210909091
292,164,227,37376,0.020652076,0.142578125,-2.6805360317230225,0.12961798906326294,4.995371222496033,1164,6.767193553969264e-05,0.2,0.0003,0.0013335226103663445,-0.0005266731604933739,3200.0,57.7962210909091
293,164,227,37504,0.020370549,0.099609375,-4.076350688934326,0.12962059676647186,4.995182752609253,1168,0.00011986324898316525,0.2,0.0003,-0.02261865884065628,-0.012119159568101168,3200.0,57.7962210909091
294,165,227,37632,0.017944338,0.087890625,-0.9594986438751221,0.12963351607322693,4.994835734367371,1172,0.00016302824406011496,0.2,0.0003,-0.011454585008323193,-0.005739011103287339,3200.0,57.7962210909091
295,165,227,37760,0.02585544,0.14453125,-1.8148658275604248,0.12965452671051025,4.99384331703186,1176,0.0001163668384833727,0.2,0.0003,-0.020353805273771286,-0.012050976045429707,3200.0,57.7962210909091
296,166,227,37888,0.019369699,0.109375,0.519706666469574,0.12967658042907715,4.992527604103088,1180,0.0003391089412616566,0.2,0.0003,-0.0012029543286189437,-0.0022045206278562546,3200.0,57.7962210909091
297,167,227,38016,0.016599363,0.08984375,0.2270938754081726,0.12970760464668274,4.99100935459137,1184,0.00013990379011374898,0.2,0.0003,-0.015463544987142086,-0.00881997449323535,3200.0,57.7962210909091
298,167,227,38144,0.03283291,0.158203125,-1.7749395370483398,0.12972719967365265,4.989137649536133,1188,7.167191961343633e-05,0.2,0.0003,-0.026232492178678513,-0.015211597783491015,3200.0,57.7962210909091
299,168,227,38272,0.046050705,0.232421875,-2.7484097480773926,0.12973102927207947,4.988343715667725,1192,4.420073946675984e-05,0.2,0.0003,-0.01392112486064434,-0.011149470694363117,3200.0,57.7962210909091
300,168,227,38400,0.041363,0.224609375,-1.7035202980041504,0.12972328066825867,4.988372445106506,1196,0.00021547747019212693,0.2,0.0003,-0.0026891264133155346,-0.007658317685127258,3200.0,57.80375491666667
301,169,227,38528,0.02268243,0.130859375,-1.8924756050109863,0.12969964742660522,4.989155292510986,1200,0.00010135798765986692,0.2,0.0003,-0.022114954888820648,-0.013221906032413244,3200.0,57.80375491666667
302,169,227,38656,0.025307491,0.142578125,0.6517369151115417,0.12966462969779968,4.99094295501709,1204,0.0015176392043940723,0.2,0.0003,-0.012889117933809757,-0.00852041644975543,3200.0,57.80375491666667
303,170,227,38784,0.02092393,0.11328125,-0.5862696170806885,0.1296297162771225,4.993139863014221,1208,0.00037257527583278716,0.2,0.0003,-0.02245393395423889,-0.012024100054986775,3200.0,57.80375491666667
304,171,227,38912,0.04984806,0.248046875,-1.65850830078125,0.129593163728714,4.995332360267639,1212,0.00013350544941204134,0.2,0.0003,0.0003477825957816094,-0.006081151310354471,3200.0,57.80375491666667
305,171,227,39040,0.015893646,0.08203125,-2.2610206604003906,0.12954701483249664,4.997637033462524,1216,0.00011035829265892971,0.2,0.0003,-0.014995276927947998,-0.008103234227746725,3200.0,57.80375491666667
306,172,227,39168,0.041437395,0.212890625,-1.8816914558410645,0.12950624525547028,5.000612139701843,1220,0.00010558133180893492,0.2,0.0003,-0.021826550364494324,-0.015474578365683556,3200.0,57.80375491666667
307,172,227,39296,0.015749777,0.107421875,-0.5029088258743286,0.12947051227092743,5.00285279750824,1224,0.0001458561328036012,0.2,0.0003,-0.009932230226695538,-0.005592032335698605,3200.0,57.80375491666667
308,173,227,39424,0.025077254,0.154296875,-0.03503012657165527,0.1294400691986084,5.0050177574157715,1228,0.001566718885442242,0.2,0.0003,-0.016610363498330116,-0.010319731896743178,3200.0,57.80375491666667
309,173,227,39552,0.023840236,0.119140625,0.6139559745788574,0.1294122040271759,5.006769299507141,1232,0.0006188491970533505,0.2,0.0003,-0.017609603703022003,-0.010611230507493019,3200.0,57.80375491666667
310,174,227,39680,0.02669457,0.126953125,-1.768866777420044,0.12939760088920593,5.008312344551086,1236,0.003050705068744719,0.2,0.0003,-0.022125735878944397,-0.012735465075820684,3200.0,57.80375491666667
311,174,227,39808,0.02543665,0.1796875,0.7057269811630249,0.12939029932022095,5.00889527797699,1240,0.0007336202397709712,0.2,0.0003,-0.006544844713062048,-0.003983354661613703,3200.0,57.80375491666667
312,175,227,39936,0.020068634,0.12109375,0.32191145420074463,0.12939070165157318,5.0092949867248535,1244,0.0007124838448362425,0.2,0.0003,-0.025294333696365356,-0.012841487652622163,3200.0,57.80375491666667
313,176,227,40064,0.047732674,0.2578125,-1.5896224975585938,0.1293995976448059,5.009059548377991,1248,0.0003176435311615933,0.2,0.0003,-0.0172792486846447,-0.014361885841935873,3200.0,57.80375491666667
314,176,227,40192,0.023506619,0.11328125,0.25580036640167236,0.12941311299800873,5.008442521095276,1252,0.00018235172319691628,0.2,0.0003,-0.016720648854970932,-0.007732606492936611,3200.0,57.80375491666667
315,177,227,40320,0.021882879,0.109375,-0.7023673057556152,0.12942074239253998,5.007712244987488,1256,0.000332535488269059,0.2,0.0003,-0.016149112954735756,-0.006971699418500066,3200.0,57.80375491666667
316,177,227,40448,0.02152589,0.126953125,0.4486464262008667,0.12941664457321167,5.007495284080505,1260,0.0002886137481254991,0.2,0.0003,-0.028007566928863525,-0.01489571062847972,3200.0,57.80375491666667
317,178,227,40576,0.025999334,0.154296875,-1.254638671875,0.12939538061618805,5.008134722709656,1264,0.0001705178756310488,0.2,0.0003,-0.015237030573189259,-0.009525933070108294,3200.0,57.80375491666667
318,178,227,40704,0.037462257,0.193359375,0.16005927324295044,0.1293649822473526,5.009767770767212,1268,0.00011161632755829487,0.2,0.0003,-0.015683725476264954,-0.012632160913199186,3200.0,57.80375491666667
319,179,227,40832,0.030077448,0.173828125,-0.49888181686401367,0.12933197617530823,5.011645317077637,1272,0.00020440724256332032,0.2,0.0003,-0.011300507932901382,-0.009240563726052642,3200.0,57.80375491666667
320,179,227,40960,0.021506451,0.115234375,0.6129779815673828,0.12928302586078644,5.014000177383423,1276,0.00015624040315742604,0.2,0.0003,-0.024261474609375,-0.012831614352762699,3200.0,57.80375491666667
321,180,227,41088,0.013129694,0.091796875,0.3388829231262207,0.12920430302619934,5.017738342285156,1280,0.0005667429795721546,0.2,0.0003,-1.8964579794555902e-05,5.366565892472863e-05,3200.0,57.80375491666667
322,181,227,41216,0.020263107,0.087890625,-0.8997036218643188,0.12912410497665405,5.0227508544921875,1284,0.0001035109435179038,0.2,0.0003,-0.027986301109194756,-0.014645345509052277,3200.0,57.80375491666667
323,181,227,41344,0.021994375,0.171875,-0.9570153951644897,0.12904496490955353,5.027804493904114,1288,0.0001231121477758279,0.2,0.0003,-0.006432739086449146,-0.004333228105679154,3200.0,57.80375491666667
324,182,227,41472,0.022553276,0.12109375,-1.6625745296478271,0.12897580862045288,5.0324946641922,1292,0.0005034969726693816,0.2,0.0003,-0.012769598513841629,-0.00865905825048685,3200.0,57.80375491666667
325,182,227,41600,0.019005375,0.1015625,-0.08304202556610107,0.1289394348859787,5.036178231239319,1296,0.0004016639359178953,0.2,0.0003,-0.006059643812477589,-0.004085013177245855,3200.0,57.706198692307694
326,183,227,41728,0.020389624,0.126953125,-0.9863612651824951,0.12890689074993134,5.038133502006531,1300,9.341917029814795e-05,0.2,0.0003,-0.0285817738622427,-0.015420196112245321,3200.0,57.706198692307694
327,183,227,41856,0.017418813,0.1171875,0.7140114307403564,0.12886486947536469,5.0404462814331055,1304,0.001976177270989865,0.2,0.0003,-0.012157299555838108,-0.00799947523046285,3200.0,57.706198692307694
328,184,227,41984,0.032339174,0.181640625,-0.372283935546875,0.1288391351699829,5.042921185493469,1308,0.0003580447046260815,0.2,0.0003,-0.006774143781512976,-0.007628946099430323,3200.0,57.706198692307694
329,185,227,42112,0.008259399,0.025390625,-0.5823072195053101,0.12882202863693237,5.044132351875305,1312,0.00011537252794369124,0.2,0.0003,-0.017637744545936584,-0.005931531079113483,3200.0,57.706198692307694
330,185,227,42240,0.03948542,0.197265625,-1.6367216110229492,0.12880247831344604,5.045353651046753,1316,9.694659456727095e-05,0.2,0.0003,-0.011884248815476894,-0.010245098732411861,3200.0,57.706198692307694
331,186,227,42368,0.02666318,0.138671875,-1.8030192852020264,0.12881362438201904,5.0460662841796875,1320,6.563362512679305e-05,0.2,0.0003,-0.012679905630648136,-0.00903769617434591,3200.0,57.706198692307694
332,186,227,42496,0.021445766,0.1328125,-1.5033018589019775,0.12883993983268738,5.044881343841553,1324,0.0001239742741745431,0.2,0.0003,-0.013418072834610939,-0.007861119927838445,3200.0,57.706198692307694
333,187,227,42624,0.023707125,0.13671875,-0.13631272315979004,0.1288718283176422,5.043182611465454,1328,0.0002935781376436353,0.2,0.0003,-0.005998607724905014,-0.0050839397590607405,3200.0,57.706198692307694
334,187,227,42752,0.022558413,0.1328125,0.18923699855804443,0.128896564245224,5.0413302183151245,1332,0.00128482113359496,0.2,0.0003,-0.022995401173830032,-0.013656766153872013,3200.0,57.706198692307694
335,188,227,42880,0.02531172,0.158203125,0.19659823179244995,0.1288987100124359,5.040258884429932,1336,0.0004361468945717206,0.2,0.0003,0.0025120307691395283,-0.00032975547946989536,3200.0,57.706198692307694
336,188,227,43008,0.029601013,0.171875,-0.5817623138427734,0.1288948655128479,5.040485620498657,1340,0.0004194052526145242,0.2,0.0003,-0.02818622998893261,-0.018476867815479636,3200.0,57.706198692307694
337,189,227,43136,0.04325751,0.2265625,-0.3641418218612671,0.128881573677063,5.040917992591858,1344,0.00022377706045517698,0.2,0.0003,-0.017560232430696487,-0.013836805708706379,3200.0,57.706198692307694
338,190,227,43264,0.031754117,0.173828125,0.33082908391952515,0.12886157631874084,5.04202675819397,1348,8.831785817164928e-05,0.2,0.0003,-0.010309657081961632,-0.007904533762484789,3200.0,57.706198692307694
339,190,227,43392,0.027654361,0.150390625,-2.601375102996826,0.12885451316833496,5.043135166168213,1352,0.0002610985939099919,0.2,0.0003,-0.017486749216914177,-0.012237809831276536,3200.0,57.706198692307694
340,191,227,43520,0.018563267,0.107421875,-4.9092559814453125,0.12885470688343048,5.043297529220581,1356,0.0002396564777882304,0.2,0.0003,-0.01344525720924139,-0.008239964488893747,3200.0,57.706198692307694
341,191,227,43648,0.03471831,0.177734375,-0.8503240346908569,0.128845676779747,5.04355263710022,1360,0.00011879765952471644,0.2,0.0003,-0.01871662586927414,-0.013572778552770615,3200.0,57.706198692307694
342,192,227,43776,0.03435816,0.16015625,-0.47196829319000244,0.12883111834526062,5.044212579727173,1364,0.0001249461365659954,0.2,0.0003,-0.01594085991382599,-0.010029213968664408,3200.0,57.706198692307694
343,192,227,43904,0.025811208,0.150390625,-0.35785961151123047,0.12879729270935059,5.045483827590942,1368,0.00013854652206646279,0.2,0.0003,-0.021491901949048042,-0.012490975670516491,3200.0,57.706198692307694
344,193,227,44032,0.024106443,0.1328125,-3.3950352668762207,0.1287720799446106,5.047630310058594,1372,7.304336577362847e-05,0.2,0.0003,-0.017014266923069954,-0.007989783305674791,3200.0,57.706198692307694
345,193,227,44160,0.024033137,0.13671875,-0.6275957822799683,0.1287616491317749,5.048780202865601,1376,0.00011514521975186653,0.2,0.0003,-0.013317089527845383,-0.009332098066806793,3200.0,57.706198692307694
346,194,227,44288,0.03223354,0.1875,-0.18601524829864502,0.12874823808670044,5.049312233924866,1380,7.279337114596274e-05,0.2,0.0003,-0.012642085552215576,-0.009817658574320376,3200.0,57.706198692307694
347,195,227,44416,0.029002069,0.162109375,-0.04832136631011963,0.1287517547607422,5.049935460090637,1384,0.0005811551964143291,0.2,0.0003,-0.028431862592697144,-0.01628432748839259,3200.0,57.706198692307694
348,195,227,44544,0.028947433,0.162109375,-0.11365377902984619,0.12874993681907654,5.049589395523071,1388,0.0001292485321755521,0.2,0.0003,-0.0016964484238997102,-0.0034765087766572833,3200.0,57.706198692307694
349,196,227,44672,0.045720216,0.21875,-2.3530914783477783,0.12872329354286194,5.050236225128174,1392,6.879008651594631e-05,0.2,0.0003,-0.009138243272900581,-0.009782367735169828,3200.0,57.706198692307694
350,196,227,44800,0.01811283,0.087890625,-1.0845348834991455,0.12867476046085358,5.052451491355896,1396,7.069804814818781e-05,0.2,0.0003,-0.013082512654364109,-0.00780323171056807,3200.0,57.60681835714286
351,197,227,44928,0.026094932,0.162109375,-0.61158287525177,0.12862274050712585,5.055718421936035,1400,0.0006271610836847685,0.2,0.0003,-0.02686118148267269,-0.016119178384542465,3200.0,57.60681835714286
352,197,227,45056,0.020475699,0.12890625,0.7178134322166443,0.12859320640563965,5.0586042404174805,1404,0.0020068649027962238,0.2,0.0003,-0.016241982579231262,-0.01031245174817741,3200.0,57.60681835714286
353,198,227,45184,0.028647874,0.177734375,-2.1921656131744385,0.12858182191848755,5.05989944934845,1408,0.00016338483328581788,0.2,0.0003,-0.004451279062777758,-0.005048036342486739,3200.0,57.60681835714286
354,199,227,45312,0.030206794,0.16015625,-9.583786010742188,0.12857100367546082,5.060566544532776,1412,0.00018542070574767422,0.2,0.0003,-0.020877711474895477,-0.013162757968530059,3200.0,57.60681835714286
355,199,227,45440,0.026217025,0.138671875,-9.29771614074707,0.12855364382266998,5.061332702636719,1416,0.00018134347192244604,0.2,0.0003,-0.020532431080937386,-0.012196242809295654,3200.0,57.60681835714286
356,200,227,45568,0.033886828,0.185546875,-1.005098819732666,0.1285271942615509,5.062711000442505,1420,7.399781316053122e-05,0.2,0.0003,-0.018998216837644577,-0.011994385858997703,3200.0,57.60681835714286
357,200,227,45696,0.023093494,0.125,-2.9753952026367188,0.12850059568881989,5.064403772354126,1424,7.460178130713757e-05,0.2,0.0003,-0.017321055755019188,-0.009010035777464509,3200.0,57.60681835714286
358,201,227,45824,0.025566002,0.1171875,0.370999276638031,0.1284782588481903,5.0659167766571045,1428,0.00028484799986472353,0.2,0.0003,-0.015399869531393051,-0.008168312255293131,3200.0,57.60681835714286
359,201,227,45952,0.018051554,0.10546875,0.56689453125,0.12845754623413086,5.067264795303345,1432,0.0006754496571375057,0.2,0.0003,-0.0042445785365998745,-0.0017859605723060668,3200.0,57.60681835714286
360,202,227,46080,0.029280744,0.13671875,0.43435508012771606,0.12845155596733093,5.068335294723511,1436,0.00027267265613772906,0.2,0.0003,-0.040793392807245255,-0.024292125832289457,3200.0,57.60681835714286
361,202,227,46208,0.025547527,0.16015625,-7.704777717590332,0.12845751643180847,5.068260312080383,1440,0.0007887536630732939,0.2,0.0003,-0.0010889382101595402,-0.0025127431144937873,3200.0,57.60681835714286
362,203,227,46336,0.023633217,0.16015625,-0.04355132579803467,0.12847095727920532,5.067694544792175,1444,0.0006972824776312336,0.2,0.0003,-0.004561960697174072,-0.0058257917407900095,3200.0,57.60681835714286
363,204,227,46464,0.018871354,0.1171875,-4.000044822692871,0.12848031520843506,5.066929340362549,1448,0.0002605907320685219,0.2,0.0003,-0.010027260519564152,-0.00682051433250308,3200.0,57.60681835714286
364,204,227,46592,0.021795247,0.12109375,-3.479437828063965,0.12848712503910065,5.066382646560669,1452,0.00023541237897006795,0.2,0.0003,-0.04410603642463684,-0.024655476212501526,3200.0,57.60681835714286
365,205,227,46720,0.022318881,0.12890625,-4.025986671447754,0.1284906566143036,5.065986275672913,1456,0.00018313215696252882,0.2,0.0003,-0.003369798418134451,-0.0027168687665835023,3200.0,57.60681835714286
366,205,227,46848,0.024134766,0.15625,-1.5123608112335205,0.12846390902996063,5.066349506378174,1460,0.0001474083255743608,0.2,0.0003,-0.00823001004755497,-0.00654933019541204,3200.0,57.60681835714286
367,206,227,46976,0.026183525,0.162109375,-2.190319538116455,0.12842977046966553,5.0683441162109375,1464,0.00011126734534627758,0.2,0.0003,-0.009142402559518814,-0.009466925170272589,3200.0,57.60681835714286
368,206,227,47104,0.02688897,0.12109375,-0.16467797756195068,0.12839706242084503,5.070447325706482,1468,5.743597193941241e-05,0.2,0.0003,-0.025470657274127007,-0.014206951949745417,3200.0,57.60681835714286
369,207,227,47232,0.043155517,0.21875,-0.9271509647369385,0.12837263941764832,5.072311639785767,1472,5.7105988162220456e-05,0.2,0.0003,-0.021698204800486565,-0.015503469854593277,3200.0,57.60681835714286
370,207,227,47360,0.012533095,0.064453125,0.544209897518158,0.12833943963050842,5.073951721191406,1476,5.020805474487133e-05,0.2,0.0003,-0.001265976345166564,0.0001797761069610715,3200.0,57.60681835714286
371,208,227,47488,0.023126984,0.1171875,-1.1276752948760986,0.1283271312713623,5.075834274291992,1480,9.424041672900785e-05,0.2,0.0003,-0.029292723163962364,-0.017763619776815176,3200.0,57.60681835714286
372,208,227,47616,0.03173677,0.205078125,0.5227338075637817,0.12833619117736816,5.075905442237854,1484,0.0010957445774693042,0.2,0.0003,-0.006764119956642389,-0.008968766778707504,3200.0,57.60681835714286
373,209,227,47744,0.01574904,0.08203125,-0.41705119609832764,0.1283244490623474,5.075684309005737,1488,0.0037684186827391386,0.2,0.0003,-0.012555687688291073,-0.007959546521306038,3200.0,57.60681835714286
374,210,227,47872,0.014237227,0.056640625,-7.749360084533691,0.12832987308502197,5.076345205307007,1492,0.0002187396130466368,0.2,0.0003,-0.0070198820903897285,-0.003153047990053892,3200.0,57.60681835714286
375,210,227,48000,0.018594284,0.076171875,0.012155771255493164,0.12835556268692017,5.075308084487915,1496,0.00046495078277075663,0.2,0.0003,-0.02192589081823826,-0.010727350367233157,3200.0,57.40197146666667
376,211,227,48128,0.03760022,0.25,-0.022691011428833008,0.1283579021692276,5.0739686489105225,1500,0.0017411313019692898,0.2,0.0003,0.0010986307170242071,-0.004811491817235947,3200.0,57.40197146666667
377,211,227,48256,0.025058959,0.138671875,0.7213789224624634,0.12835624814033508,5.07409131526947,1504,0.002314253186341375,0.2,0.0003,-0.018959887325763702,-0.012350497068837285,3200.0,57.40197146666667
378,212,227,48384,0.014395956,0.078125,-1.6191270351409912,0.1283630132675171,5.07390570640564,1508,0.0005611626256722957,0.2,0.0003,-0.014406678266823292,-0.0055277058854699135,3200.0,57.40197146666667
379,212,227,48512,0.022406384,0.130859375,-2.4141757488250732,0.12835486233234406,5.073686361312866,1512,0.0005025971622671932,0.2,0.0003,-0.019662711769342422,-0.008881336485501379,3200.0,57.40197146666667
380,213,227,48640,0.022115406,0.119140625,-2.080390214920044,0.1283336877822876,5.07453179359436,1516,0.0002978785978484666,0.2,0.0003,-0.019870446994900703,-0.009462850634008646,3200.0,57.40197146666667
381,214,227,48768,0.015655998,0.076171875,-2.7023346424102783,0.1283130645751953,5.075882315635681,1520,0.000207264325581491,0.2,0.0003,-0.022774774581193924,-0.0070439131231978536,3200.0,57.40197146666667
382,214,227,48896,0.049960718,0.275390625,-4.418740272521973,0.12828081846237183,5.077301263809204,1524,0.0001287099912588019,0.2,0.0003,-0.014583757147192955,-0.014322394970804453,3200.0,57.40197146666667
383,215,227,49024,0.014069246,0.078125,-2.6850485801696777,0.1282474845647812,5.079465270042419,1528,0.00014289829960034695,0.2,0.0003,-0.013697447255253792,-0.005956640699878335,3200.0,57.40197146666667
384,215,227,49152,0.009384539,0.03515625,-1.9518606662750244,0.1282409429550171,5.0810545682907104,1532,0.00014443949112319387,0.2,0.0003,-0.01540761161595583,-0.004935068776831031,3200.0,57.40197146666667
385,216,227,49280,0.020458667,0.140625,0.07392799854278564,0.12826159596443176,5.080751419067383,1536,0.00017860771185951307,0.2,0.0003,-0.01525618601590395,-0.00808197760488838,3200.0,57.40197146666667
386,216,227,49408,0.02239355,0.134765625,-0.854813814163208,0.12828278541564941,5.079387784004211,1540,0.00011093452212662669,0.2,0.0003,-0.00740834791213274,-0.0040705264545977116,3200.0,57.40197146666667
387,217,228,49536,0.0673309,0.3203125,-1.8300797939300537,0.1282774955034256,5.0786168575286865,1544,0.000132139386550989,0.2,0.0003,-0.007523231208324432,-0.012392104137688875,3200.0,57.40197146666667
388,217,228,49664,0.025566101,0.12890625,-0.9086365699768066,0.12827131152153015,5.079202651977539,1548,0.0001553650181449484,0.2,0.0003,-0.01848217472434044,-0.010290374979376793,3200.0,57.40197146666667
389,218,228,49792,0.007317803,0.01953125,-7.3543701171875,0.12827137112617493,5.079490542411804,1552,0.0001900892075354932,0.2,0.0003,-0.01800665445625782,-0.0040237572975456715,3200.0,57.40197146666667
390,218,228,49920,0.017116306,0.111328125,-0.42159366607666016,0.12829262018203735,5.079133033752441,1556,0.00012886067270301282,0.2,0.0003,-0.012163741514086723,-0.005286377388983965,3200.0,57.40197146666667
391,219,228,50048,0.018653989,0.11328125,-0.4026308059692383,0.12830810248851776,5.077722191810608,1560,0.00015858624465181492,0.2,0.0003,-0.01648322492837906,-0.008985032560303807,3200.0,57.40197146666667
392,220,228,50176,0.031309575,0.177734375,0.734321653842926,0.12830543518066406,5.077266454696655,1564,6.470628977695014e-05,0.2,0.0003,-0.011140416376292706,-0.008894088678061962,3200.0,57.40197146666667
393,220,228,50304,0.05183816,0.220703125,0.5975691080093384,0.12829667329788208,5.077650666236877,1568,0.00010762494457594585,0.2,0.0003,-0.017173174768686295,-0.014677957631647587,3200.0,57.40197146666667
394,221,228,50432,0.03553881,0.171875,0.2823590636253357,0.12830063700675964,5.07804548740387,1572,8.634972255094908e-05,0.2,0.0003,-0.023798758164048195,-0.016974548809230328,3200.0,57.40197146666667
395,221,228,50560,0.036296144,0.181640625,-6.125543117523193,0.12832283973693848,5.077485203742981,1576,0.00013837456390319858,0.2,0.0003,-0.03288319334387779,-0.020812233444303274,3200.0,57.40197146666667
396,222,228,50688,0.03712749,0.21484375,0.02962970733642578,0.12833866477012634,5.075977325439453,1580,0.00015627129323547706,0.2,0.0003,-0.008135811425745487,-0.009879278484731913,3200.0,57.40197146666667
397,222,228,50816,0.016230773,0.095703125,0.4946274161338806,0.12834319472312927,5.075382351875305,1584,0.001114976592361927,0.2,0.0003,-0.006697037257254124,-0.00448978366330266,3200.0,57.40197146666667
398,223,228,50944,0.04036123,0.19140625,-0.16470861434936523,0.12833772599697113,5.075345277786255,1588,0.0006272559257922694,0.2,0.0003,-0.022832108661532402,-0.01452194876037538,3200.0,57.40197146666667
399,223,228,51072,0.015272808,0.08203125,-1.647334337234497,0.12831223011016846,5.0761202573776245,1592,0.00019476309171295725,0.2,0.0003,-0.015830939635634422,-0.006784266093745828,3200.0,57.40197146666667
400,224,228,51200,0.035926584,0.177734375,-2.1724281311035156,0.12829343974590302,5.077768325805664,1596,0.00010934797137451824,0.2,0.0003,-0.015506279654800892,-0.011005827924236655,3200.0,57.3613965625
401,225,228,51328,0.040357042,0.1953125,0.44901883602142334,0.12827669084072113,5.078794002532959,1600,0.0009878749551717192,0.2,0.0003,-0.011366758495569229,-0.010321234818547964,3200.0,57.3613965625
402,225,228,51456,0.02509221,0.1484375,0.7714329957962036,0.1282520443201065,5.0799901485443115,1604,0.001672482438152656,0.2,0.0003,-0.013714744709432125,-0.009419950423762202,3200.0,57.3613965625
403,226,228,51584,0.031959474,0.173828125,-0.5486612319946289,0.1282229721546173,5.08166778087616,1608,0.000269138123258017,0.2,0.0003,-0.02216564491391182,-0.01629098877310753,3200.0,57.3613965625
404,226,228,51712,0.040071994,0.22265625,-4.852033615112305,0.12819939851760864,5.083361029624939,1612,8.148824417730793e-05,0.2,0.0003,-0.02096809446811676,-0.017480486072599888,3200.0,57.3613965625
405,227,228,51840,0.021451972,0.107421875,-2.444380760192871,0.12817838788032532,5.084737539291382,1616,0.00013101084550726227,0.2,0.0003,-0.015548302792012691,-0.008663186337798834,3200.0,57.3613965625
406,227,228,51968,0.033363152,0.197265625,-1.5803754329681396,0.12814749777317047,5.086267709732056,1620,0.00010865616422961466,0.2,0.0003,-0.0009535737335681915,-0.003283364698290825,3200.0,57.3613965625
407,228,228,52096,0.033815175,0.16796875,-5.833878040313721,0.1280929446220398,5.088633179664612,1624,6.739121909049572e-05,0.2,0.0003,-0.020950064063072205,-0.01442115567624569,3200.0,57.3613965625
408,228,228,52224,0.018934704,0.109375,-1.4629123210906982,0.12802577018737793,5.092658996582031,1628,5.7549215853214264e-05,0.2,0.0003,-0.015166237019002438,-0.007802105974406004,3200.0,57.3613965625
409,229,228,52352,0.024397586,0.14453125,-6.644587516784668,0.127959206700325,5.096935510635376,1632,6.535888223879738e-05,0.2,0.0003,-0.008596119470894337,-0.00804701796732843,3200.0,57.3613965625
410,229,228,52480,0.029617187,0.162109375,-1.0199365615844727,0.12789788842201233,5.100963711738586,1636,6.0319994190649595e-05,0.2,0.0003,-0.017588533461093903,-0.011322598438709974,3200.0,57.3613965625
411,230,228,52608,0.02768709,0.193359375,-0.2209075689315796,0.12782074511051178,5.105077385902405,1640,0.00014107011884334497,0.2,0.0003,-0.006242811679840088,-0.0071805150946602225,3200.0,57.3613965625
412,231,228,52736,0.016527632,0.091796875,-0.5894949436187744,0.12774279713630676,5.110118985176086,1644,0.0001271569108212134,0.2,0.0003,-0.010742345824837685,-0.006435405928641558,3200.0,57.3613965625
413,231,228,52864,0.007516842,0.021484375,-2.362636089324951,0.12768115103244781,5.114639163017273,1648,8.904292644729139e-05,0.2,0.0003,-0.019074713811278343,-0.0033259864430874586,3200.0,57.3613965625
414,232,228,52992,0.03739561,0.212890625,-0.39090895652770996,0.1276327520608902,5.118162155151367,1652,9.717887405713554e-05,0.2,0.0003,-0.0002094875817419961,-0.004265294410288334,3200.0,57.3613965625
415,232,228,53120,0.030845547,0.162109375,-0.1824800968170166,0.12760640680789948,5.1207053661346436,1656,6.219725401024334e-05,0.2,0.0003,-0.021395763382315636,-0.01422352681402117,3200.0,57.3613965625
416,233,228,53248,0.016790004,0.10546875,-0.051085472106933594,0.12758728861808777,5.121991038322449,1660,0.0001423822541255504,0.2,0.0003,-0.010894187726080418,-0.0043678744696080685,3200.0,57.3613965625
417,233,228,53376,0.031463753,0.17578125,0.39788562059402466,0.1275673359632492,5.123248219490051,1664,0.00012157461969763972,0.2,0.0003,-0.008570130914449692,-0.00771290366537869,3200.0,57.3613965625
418,234,228,53504,0.034469526,0.177734375,0.4473481774330139,0.12755660712718964,5.124295711517334,1668,9.345381658931728e-05,0.2,0.0003,-0.02092386782169342,-0.014815828762948513,3200.0,57.3613965625
419,234,228,53632,0.033122826,0.150390625,-4.9885478019714355,0.12755325436592102,5.1247652769088745,1672,0.00028417521389201283,0.2,0.0003,-0.017487265169620514,-0.012169633526355028,3200.0,57.3613965625
420,235,228,53760,0.02882906,0.16796875,-0.06730043888092041,0.12755131721496582,5.12494421005249,1676,0.00013032641800236888,0.2,0.0003,-0.01679154485464096,-0.011806748108938336,3200.0,57.3613965625
421,235,228,53888,0.01531722,0.06640625,-0.993431806564331,0.12754978239536285,5.125026226043701,1680,9.103283082367852e-05,0.2,0.0003,-0.018569884821772575,-0.007347119972109795,3200.0,57.3613965625
422,236,228,54016,0.011914452,0.0703125,0.2922460436820984,0.12755261361598969,5.125088334083557,1684,0.0006119237514212728,0.2,0.0003,-0.011279339902102947,-0.003582777688279748,3200.0,57.3613965625
423,237,228,54144,0.02302514,0.169921875,0.17192929983139038,0.12754802405834198,5.125019788742065,1688,0.0074696330120787024,0.2,0.0003,0.0039192852564156055,-0.0013507018447853625,3200.0,57.3613965625
424,237,228,54272,0.023389416,0.123046875,-0.2264918088912964,0.12755201756954193,5.125258803367615,1692,0.000774250271206256,0.2,0.0003,-0.007685892283916473,-0.00674410117790103,3200.0,57.3613965625
425,238,228,54400,0.013527274,0.0546875,-1.2062344551086426,0.1275501847267151,5.124975800514221,1696,0.0009090430176001973,0.2,0.0003,-0.030109943822026253,-0.013267105678096414,3200.0,57.25067805882353
426,238,228,54528,0.028477369,0.146484375,0.1972598433494568,0.12753616273403168,5.125507116317749,1700,0.004446062259376049,0.2,0.0003,-0.005842526908963919,-0.004241679678671062,3200.0,57.25067805882353
427,239,228,54656,0.028363256,0.15234375,0.817105770111084,0.12754561007022858,5.1259459257125854,1704,0.0017608609632588923,0.2,0.0003,-0.004245534539222717,-0.00535076844971627,3200.0,57.25067805882353
428,239,228,54784,0.019592302,0.11328125,-3.197470188140869,0.12754961848258972,5.12531590461731,1708,0.00040751288179308176,0.2,0.0003,-0.014308243058621883,-0.007958663860335946,3200.0,57.25067805882353
429,240,228,54912,0.022877762,0.126953125,0.0834726095199585,0.12754105031490326,5.125336289405823,1712,0.00027266296456218697,0.2,0.0003,-0.022719109430909157,-0.013196966145187616,3200.0,57.25067805882353
430,241,228,55040,0.03253681,0.171875,-0.4080694913864136,0.12752410769462585,5.126172304153442,1716,0.0002440793159621535,0.2,0.0003,-0.011402969248592854,-0.009502629283815622,3200.0,57.25067805882353
431,241,228,55168,0.028048437,0.1328125,-0.016078710556030273,0.12750059366226196,5.127339839935303,1720,0.00022575015282200184,0.2,0.0003,-0.04035421833395958,-0.023240691982209682,3200.0,57.25067805882353
432,242,228,55296,0.04024408,0.25,0.6027804017066956,0.12748932838439941,5.128671288490295,1724,0.00011202301175217144,0.2,0.0003,0.00356215238571167,-0.0021275989711284637,3200.0,57.25067805882353
433,242,228,55424,0.027127616,0.1328125,-0.7539480924606323,0.12748607993125916,5.129066348075867,1728,0.0002684742721612565,0.2,0.0003,-0.020958779379725456,-0.012769572902470827,3200.0,57.25067805882353
434,243,228,55552,0.033050828,0.1796875,0.4767732620239258,0.1274774968624115,5.129469394683838,1732,0.00019501257702358998,0.2,0.0003,-0.02102193795144558,-0.014065354596823454,3200.0,57.25067805882353
435,243,228,55680,0.027762808,0.166015625,-0.2396230697631836,0.12746238708496094,5.130135416984558,1736,0.00012760678328049835,0.2,0.0003,-0.0006633845623582602,-0.0030626063235104084,3200.0,57.25067805882353
436,244,228,55808,0.02769637,0.13671875,0.5744059681892395,0.12744086980819702,5.131243586540222,1740,0.0004752273453050293,0.2,0.0003,-0.018916834145784378,-0.013426989316940308,3200.0,57.25067805882353
437,244,228,55936,0.015596495,0.0859375,0.23861801624298096,0.12741965055465698,5.132604360580444,1744,0.0003913936234312132,0.2,0.0003,-0.014184207655489445,-0.007578668650239706,3200.0,57.25067805882353
438,245,228,56064,0.011821248,0.0546875,-0.9460352659225464,0.12739905714988708,5.133923649787903,1748,0.00029613231345138047,0.2,0.0003,-0.00915968045592308,-0.00335092656314373,3200.0,57.25067805882353
439,245,228,56192,0.022334674,0.15234375,-0.058501243591308594,0.12736353278160095,5.135505795478821,1752,0.0002350759395994828,0.2,0.0003,-0.0003215487231500447,-0.0030621259938925505,3200.0,57.25067805882353
440,246,228,56320,0.02892663,0.126953125,0.010567903518676758,0.12731371819972992,5.137981534004211,1756,0.00018233139053336345,0.2,0.0003,-0.02368868887424469,-0.013688689563423395,3200.0,57.25067805882353
441,246,228,56448,0.03698008,0.203125,-1.1946563720703125,0.12726476788520813,5.141292691230774,1760,0.00017370947898598388,0.2,0.0003,-0.018494654446840286,-0.013112716493196785,3200.0,57.25067805882353
442,247,228,56576,0.01621556,0.087890625,0.27000361680984497,0.12722602486610413,5.144069075584412,1764,0.00011869983245560434,0.2,0.0003,-0.02026708796620369,-0.008429459296166897,3200.0,57.25067805882353
443,248,228,56704,0.027399182,0.17578125,-0.8644682168960571,0.1271926313638687,5.146395564079285,1768,7.711741636740044e-05,0.2,0.0003,-0.002659908263012767,-0.003892405889928341,3200.0,57.25067805882353
444,248,228,56832,0.020046521,0.1015625,-1.0124850273132324,0.12715978920459747,5.14841902256012,1772,6.903319535922492e-05,0.2,0.0003,-0.014909135177731514,-0.009357010945677757,3200.0,57.25067805882353
445,249,228,56960,0.013659258,0.072265625,-2.3990659713745117,0.127120703458786,5.15058159828186,1776,8.672805779497139e-05,0.2,0.0003,-0.016876574605703354,-0.006679914193227887,3200.0,57.25067805882353
446,249,228,57088,0.02714798,0.1328125,-0.6962575912475586,0.12708279490470886,5.153085470199585,1780,0.0005712232159567066,0.2,0.0003,-0.02908438630402088,-0.015551052056252956,3200.0,57.25067805882353
447,250,228,57216,0.032945774,0.15625,-0.4898874759674072,0.1270444095134735,5.155336499214172,1784,0.0002275408751302166,0.2,0.0003,-0.018508924171328545,-0.012599992332980037,3200.0,57.25067805882353
448,250,228,57344,0.037077192,0.1953125,-2.4349122047424316,0.12700381875038147,5.157901406288147,1788,7.869324417697499e-05,0.2,0.0003,-0.0162260290235281,-0.011412080843001604,3200.0,57.25067805882353
449,251,228,57472,0.016841425,0.099609375,0.6026063561439514,0.12696269154548645,5.1603357791900635,1792,0.000615822515101172,0.2,0.0003,-0.01612182892858982,-0.006126310909166932,3200.0,57.25067805882353
450,251,228,57600,0.028269254,0.162109375,-1.8422701358795166,0.1269248127937317,5.162951469421387,1796,0.00025686772096378263,0.2,0.0003,-0.007785374764353037,-0.004296581726521254,3200.0,57.15824011111111
451,252,228,57728,0.013970591,0.076171875,-2.101025104522705,0.1268949806690216,5.1650989055633545,1800,8.235450786742149e-05,0.2,0.0003,-0.00921936146914959,-0.00444958615116775,3200.0,57.15824011111111
452,252,228,57856,0.019610591,0.109375,0.809545636177063,0.12688086926937103,5.166633129119873,1804,0.0017080649558920413,0.2,0.0003,-0.019638484343886375,-0.011958305723965168,3200.0,57.15824011111111
453,253,228,57984,0.0138159515,0.05859375,-1.242854118347168,0.1268722116947174,5.167333126068115,1808,0.000340312319167424,0.2,0.0003,-0.01912885159254074,-0.007477743551135063,3200.0,57.15824011111111
454,254,228,58112,0.03910521,0.19140625,-2.949538230895996,0.12687230110168457,5.167738556861877,1812,7.160457971622236e-05,0.2,0.0003,-0.012766246683895588,-0.009115698281675577,3200.0,57.15824011111111
455,254,228,58240,0.034388695,0.16796875,-1.5084104537963867,0.12686890363693237,5.167736768722534,1816,9.217798833560664e-05,0.2,0.0003,-0.023103928193449974,-0.016131628770381212,3200.0,57.15824011111111
456,255,228,58368,0.028523205,0.173828125,-0.16132795810699463,0.1268635243177414,5.168088793754578,1820,0.00013614930503536016,0.2,0.0003,-0.000695751397870481,-0.0042340627405792475,3200.0,57.15824011111111
457,255,228,58496,0.01431351,0.06640625,-0.07284080982208252,0.12684772908687592,5.168623685836792,1824,8.654645262140548e-05,0.2,0.0003,-0.0161866657435894,-0.007088657468557358,3200.0,57.15824011111111
458,256,228,58624,0.03253107,0.177734375,0.09062552452087402,0.1268310844898224,5.169783115386963,1828,0.0008192383538698778,0.2,0.0003,-0.01583206281065941,-0.012353501515462995,3200.0,57.15824011111111
459,256,228,58752,0.016211476,0.07421875,0.3204244375228882,0.1268106997013092,5.170885682106018,1832,0.00043400574213592336,0.2,0.0003,-0.0076405201107263565,-0.0037681192625313997,3200.0,57.15824011111111
460,257,228,58880,0.055418245,0.251953125,-0.7978864908218384,0.12678954005241394,5.172307968139648,1836,0.0015805922739673406,0.2,0.0003,-0.011733540333807468,-0.014604875585064292,3200.0,57.15824011111111
461,257,228,59008,0.024347313,0.140625,-0.5367680788040161,0.12677156925201416,5.173502326011658,1840,0.0007148876757128164,0.2,0.0003,-0.015706701204180717,-0.012077846331521869,3200.0,57.15824011111111
462,258,228,59136,0.017110676,0.080078125,-1.0622756481170654,0.1267378032207489,5.174943327903748,1844,0.00027878450055141,0.2,0.0003,-0.02220371924340725,-0.010649495758116245,3200.0,57.15824011111111
463,258,228,59264,0.02509762,0.146484375,-2.8444530963897705,0.1266828328371048,5.177685499191284,1848,0.0005738985528296325,0.2,0.0003,-0.014846143312752247,-0.009128859732300043,3200.0,57.15824011111111
464,259,228,59392,0.010919858,0.044921875,-0.1449878215789795,0.1266232132911682,5.181326985359192,1852,0.0005195747144171037,0.2,0.0003,-0.013740383088588715,-0.004648148315027356,3200.0,57.15824011111111
465,260,228,59520,0.020811005,0.126953125,0.04986572265625,0.12657351791858673,5.184903025627136,1856,0.0002717854586080648,0.2,0.0003,-0.0010233529610559344,-0.0006316469516605139,3200.0,57.15824011111111
466,260,228,59648,0.029094707,0.1328125,-1.591247320175171,0.12651635706424713,5.1879929304122925,1860,9.611801760911476e-05,0.2,0.0003,-0.02160368114709854,-0.014536555856466293,3200.0,57.15824011111111
467,261,228,59776,0.033224404,0.1640625,-0.10333871841430664,0.1264684796333313,5.191720247268677,1864,0.00010585354175418615,0.2,0.0003,-0.018507348373532295,-0.012097401078790426,3200.0,57.15824011111111
468,261,228,59904,0.019410703,0.1015625,-1.2088401317596436,0.1264217644929886,5.194538593292236,1868,8.644615081720985e-05,0.2,0.0003,-0.016130967065691948,-0.009716076077893376,3200.0,57.15824011111111
469,262,228,60032,0.025537282,0.13671875,-0.8248434066772461,0.12635399401187897,5.198016285896301,1872,0.00013583141662820708,0.2,0.0003,-0.011838165111839771,-0.007929972605779767,3200.0,57.15824011111111
470,262,228,60160,0.03563492,0.1875,0.16508734226226807,0.12629415094852448,5.202429175376892,1876,0.00032938961521722376,0.2,0.0003,-0.017478883266448975,-0.012264866847544909,3200.0,57.15824011111111
471,263,228,60288,0.037580103,0.21484375,0.11886048316955566,0.1262432485818863,5.205889344215393,1880,0.00022714079022989608,0.2,0.0003,-0.01593303307890892,-0.013655067421495914,3200.0,57.15824011111111
472,264,228,60416,0.018540552,0.11328125,-0.49429595470428467,0.12619543075561523,5.209081172943115,1884,0.0001269901413252228,0.2,0.0003,-0.028589293360710144,-0.01406896230764687,3200.0,57.15824011111111
473,264,228,60544,0.049855966,0.240234375,-8.883424758911133,0.12613795697689056,5.212265729904175,1888,0.00010830492374225287,0.2,0.0003,-0.010060304775834084,-0.011537525802850723,3200.0,57.15824011111111
474,265,228,60672,0.0346684,0.177734375,0.5401027202606201,0.1260828673839569,5.2160258293151855,1892,0.00019439057541603688,0.2,0.0003,-0.019624240696430206,-0.013346398714929819,3200.0,57.15824011111111
475,266,228,60800,0.034907956,0.18359375,-6.317904949188232,0.12604276835918427,5.2191386222839355,1896,0.0002147126833733637,0.2,0.0003,-0.020153656601905823,-0.014907637611031532,3200.0,57.19826042105263
476,266,228,60928,0.031494904,0.17578125,-5.467038154602051,0.1259986162185669,5.2216572761535645,1900,0.00012440869340935024,0.2,0.0003,-0.026340018957853317,-0.016989574884064496,3200.0,57.19826042105263
477,267,228,61056,0.026119096,0.134765625,0.7898641228675842,0.12596963346004486,5.224199295043945,1904,0.002637485566083342,0.2,0.0003,-0.0019495716551318765,-0.005662240320816636,3200.0,57.19826042105263
478,267,228,61184,0.012544172,0.048828125,-0.4268014430999756,0.12595036625862122,5.22579288482666,1908,0.0003237142263969872,0.2,0.0003,-0.012877635657787323,-0.0062920511700212955,3200.0,57.19826042105263
479,268,228,61312,0.023515398,0.134765625,-9.773395538330078,0.1259204000234604,5.22710120677948,1912,7.011648358457023e-05,0.2,0.0003,-0.01008949801325798,-0.007016728166490793,3200.0,57.19826042105263
480,268,228,61440,0.02443586,0.12109375,-1.8845348358154297,0.12588828802108765,5.229269742965698,1916,3.5761790968535934e-05,0.2,0.0003,-0.03484726324677467,-0.018131069373339415,3200.0,57.19826042105263
481,269,228,61568,0.01772888,0.115234375,-3.3235654830932617,0.1258641928434372,5.2311848402023315,1920,4.004065431217896e-05,0.2,0.0003,-0.01536133885383606,-0.008322032168507576,3200.0,57.19826042105263
482,269,228,61696,0.028653305,0.181640625,-1.0098216533660889,0.12584471702575684,5.232580184936523,1924,4.199302475171862e-05,0.2,0.0003,0.0029471972957253456,-0.001683941576629877,3200.0,57.19826042105263
483,270,228,61824,0.022269946,0.115234375,-0.03307163715362549,0.12581881880760193,5.233909845352173,1928,3.943727733712876e-05,0.2,0.0003,-0.01078774407505989,-0.008131922222673893,3200.0,57.19826042105263
484,270,228,61952,0.025249746,0.125,-0.3894087076187134,0.1257869303226471,5.235673785209656,1932,4.514983083936386e-05,0.2,0.0003,-0.0372944101691246,-0.020676244283095002,3200.0,57.19826042105263
485,271,228,62080,0.015135964,0.083984375,-3.001919746398926,0.12574943900108337,5.237880825996399,1936,7.690140409977175e-05,0.2,0.0003,-0.0063179717399179935,-0.00016793608665466309,3200.0,57.19826042105263
486,272,228,62208,0.021941181,0.138671875,-1.40901517868042,0.1257154494524002,5.2401362657547,1940,9.065369522431865e-05,0.2,0.0003,-0.018243834376335144,-0.011401297291740775,3200.0,57.19826042105263
487,272,228,62336,0.024083985,0.119140625,-2.928500175476074,0.125688835978508,5.24214494228363,1944,0.00012075748054485302,0.2,0.0003,-0.021444519981741905,-0.012003492098301649,3200.0,57.19826042105263
488,273,228,62464,0.059330814,0.267578125,-0.004596114158630371,0.12566104531288147,5.243722438812256,1948,6.502540782094002e-05,0.2,0.0003,-0.02433398924767971,-0.021040881983935833,3200.0,57.19826042105263
489,273,228,62592,0.023861017,0.14453125,-0.12364518642425537,0.12562616169452667,5.245649456977844,1952,5.1036985496466514e-05,0.2,0.0003,-0.00898873433470726,-0.00653312518261373,3200.0,57.19826042105263
490,274,228,62720,0.029750288,0.173828125,-3.7916297912597656,0.1255979686975479,5.247825384140015,1956,7.704771360295126e-05,0.2,0.0003,-0.008303970098495483,-0.007899808580987155,3200.0,57.19826042105263
491,274,228,62848,0.022668825,0.1328125,0.7092341184616089,0.12557455897331238,5.249504566192627,1960,5.0338029723207e-05,0.2,0.0003,-0.026832034811377525,-0.015734130749478936,3200.0,57.19826042105263
492,275,228,62976,0.024282338,0.146484375,-1.2987842559814453,0.12555339932441711,5.250990152359009,1964,0.0001877506474556867,0.2,0.0003,-0.021237080916762352,-0.012670495314523578,3200.0,57.19826042105263
493,275,228,63104,0.02569121,0.12109375,0.12360543012619019,0.12553557753562927,5.252312183380127,1968,8.355284626304638e-05,0.2,0.0003,-0.015510880388319492,-0.008874698309227824,3200.0,57.19826042105263
494,276,228,63232,0.040153213,0.189453125,0.7058922648429871,0.12551845610141754,5.253459334373474,1972,0.0002884159766836092,0.2,0.0003,-0.02086411416530609,-0.01290233968757093,3200.0,57.19826042105263
495,277,228,63360,0.032286674,0.197265625,0.7803040146827698,0.12550988793373108,5.254419207572937,1976,0.00018295642439625226,0.2,0.0003,-0.010679010301828384,-0.01033908105455339,3200.0,57.19826042105263
496,277,228,63488,0.03905964,0.22265625,0.7445023059844971,0.12548746168613434,5.255094766616821,1980,5.343924476619577e-05,0.2,0.0003,-0.016277223825454712,-0.013772391946986318,3200.0,57.19826042105263
497,278,228,63616,0.035500683,0.1796875,0.46943527460098267,0.12545959651470184,5.256769776344299,1984,5.356007477530511e-05,0.2,0.0003,-0.0104282908141613,-0.010187712963670492,3200.0,57.19826042105263
498,278,228,63744,0.016411722,0.083984375,0.18926602602005005,0.1254434734582901,5.258306622505188,1988,0.0034361460711807013,0.2,0.0003,-0.026209337636828423,-0.01308375969529152,3200.0,57.19826042105263
499,279,228,63872,0.048014805,0.203125,-2.3881092071533203,0.12544220685958862,5.258937239646912,1992,0.0005874892030988121,0.2,0.0003,-0.02205793373286724,-0.016028859885409474,3200.0,57.19826042105263
500,279,228,64000,0.05193605,0.23046875,-2.3780059814453125,0.12543408572673798,5.259060978889465,1996,0.00036295912286732346,0.2,0.0003,-0.013749460689723492,-0.009703598450869322,3200.0,57.2513258
501,280,228,64128,0.03630577,0.236328125,-1.066204309463501,0.12540791928768158,5.259977579116821,2000,0.00036718836781801656,0.2,0.0003,-0.005618598777800798,-0.005286275874823332,3200.0,57.2513258
502,281,228,64256,0.02934004,0.1328125,0.8410151600837708,0.1253933161497116,5.261541962623596,2004,0.0024972037062980235,0.2,0.0003,-0.014285760000348091,-0.009754550294019282,3200.0,57.2513258
503,281,228,64384,0.016711282,0.095703125,-0.33464598655700684,0.1253814697265625,5.262269616127014,2008,0.0003426185212447308,0.2,0.0003,-0.024159127846360207,-0.012424893211573362,3200.0,57.2513258
504,282,228,64512,0.022777839,0.125,-8.47496509552002,0.1253833770751953,5.262756586074829,2012,7.141848072933499e-05,0.2,0.0003,-0.018402963876724243,-0.008824884193018079,3200.0,57.2513258
505,282,228,64640,0.035105195,0.18359375,-0.9684547185897827,0.1253790557384491,5.262643218040466,2016,7.288086453627329e-05,0.2,0.0003,-0.023934952914714813,-0.016111745964735746,3200.0,57.2513258
506,283,228,64768,0.025121685,0.150390625,-7.437777519226074,0.12536250054836273,5.263165712356567,2020,4.568621079670265e-05,0.2,0.0003,-0.009341779164969921,-0.006144888233393431,3200.0,57.2513258
507,283,228,64896,0.041975606,0.234375,-0.15169286727905273,0.1253500133752823,5.264257788658142,2024,2.773096957753296e-05,0.2,0.0003,-0.014160431921482086,-0.012391268275678158,3200.0,57.2513258
508,284,228,65024,0.025178567,0.146484375,-0.8039170503616333,0.12534043192863464,5.264861822128296,2028,0.00012505701124609914,0.2,0.0003,-0.02271326445043087,-0.013214342296123505,3200.0,57.2513258
509,284,228,65152,0.02365643,0.150390625,-0.4109429121017456,0.12532874941825867,5.265441298484802,2032,0.00013332123853615485,0.2,0.0003,-0.014964977279305458,-0.009522248059511185,3200.0,57.2513258
510,285,228,65280,0.026789375,0.16015625,-1.948906421661377,0.12532563507556915,5.266112923622131,2036,7.63150792408851e-05,0.2,0.0003,-0.011251960881054401,-0.00788289774209261,3200.0,57.2513258
511,285,228,65408,0.023855304,0.1484375,-0.6172057390213013,0.12531733512878418,5.2662224769592285,2040,4.511655515671009e-05,0.2,0.0003,-0.010293989442288876,-0.008590160170570016,3200.0,57.2513258
512,286,228,65536,0.019186493,0.11328125,-6.0657958984375,0.12531408667564392,5.266838788986206,2044,6.367047717503738e-05,0.2,0.0003,-0.013884114101529121,-0.008671378949657083,3200.0,57.2513258
,,,,0.025967974,0.15625,-0.7992750406265259,0.12529057264328003,5.267234444618225,2048,0.00016812659669085406,0.2,0.0003,-0.02315262146294117,-0.013587780762463808,,
