time_s,reference_velocity_rad_s,reference_acceleration_rad_s2,position_rad,actual_velocity_rad_s,measured_velocity_rad_s,tracking_error_rad_s,error_rad_s,proportional_torque_nm,integral_torque_nm,feedforward_torque_nm,requested_torque_nm,command_torque_nm,saturated,integration_frozen,applied_torque_nm,next_position_rad,next_velocity_rad_s,speed_guard_triggered
0.0,0.0,8.482300164692441,0.0,0.0,-0.0016822504278766774,0.0,0.0016822504278766774,0.00020187005134520127,2.0187005134520127e-06,0.16025899694487336,0.160462885696732,0.160462885696732,False,False,0.0,0.0,0.0,False
0.002,0.016964509915226644,8.482164543599644,0.0,0.0,-0.0011364990333196244,0.016964509915226644,0.018101008948546268,0.002172121073825552,2.3739911251707532e-05,0.17609517947937878,0.17829104046445604,0.17829104046445604,False,False,0.0,0.0,0.0,False
0.004,0.03392847734897331,8.481757684658069,0.0,0.0,-0.0017814950718152793,0.03392847734897331,0.035709972420788584,0.00428519669049463,6.659187815665383e-05,0.18921238975083507,0.19356417831948636,0.19356417831948636,False,False,0.160462885696732,3.360083460256923e-05,0.016800417301284613,False
0.006,0.0508913598371072,8.481079600878017,3.360083460256923e-05,0.016800417301284613,0.014823275616479918,0.03409094253582259,0.03606808422062728,0.004328170106475273,0.00010987357922140657,0.1986533996369052,0.20309144332260187,0.20309144332260187,False,False,0.17829104046445604,0.0001012497844796123,0.03382447493852153,False
0.008,0.06785261495018927,8.480130313942869,0.0001012497844796123,0.03382447493852153,0.034010719356650176,0.034028140011667735,0.03384189559353909,0.00406102747122469,0.00015048385393365347,0.2050069377697794,0.20921844909493775,0.20921844909493775,False,False,0.19356417831948636,0.00020338171150861625,0.051065963514501975,False
0.01,0.08481170031081975,8.478909854208386,0.00020338171150861625,0.051065963514501975,0.05290642710540993,0.033745736796317774,0.03190527320540982,0.0038286327846491783,0.00018877018178014524,0.2093122674296545,0.21332967039608383,0.21332967039608383,False,False,0.20309144332260187,0.00033998123762902176,0.06829976306020276,False
0.012,0.10176807361098203,8.477418260701736,0.00033998123762902176,0.06829976306020276,0.06947179828728488,0.03346831055077927,0.03229627532369715,0.0038755530388436582,0.00022752571216858183,0.21241985370720534,0.21652293245821758,0.21652293245821758,False,False,0.20921844909493775,0.0005109856308787675,0.08550219662487286,False
0.014,0.11872119262938417,8.475655581120249,0.0005109856308787675,0.08550219662487286,0.08651569736156654,0.03321899600451131,0.03220549526781763,0.0038646594321381155,0.000266172306489963,0.2148715503047487,0.21900238204337677,0.21900238204337677,False,False,0.21332967039608383,0.0007163474142002886,0.10268089166076057,False
0.016,0.13567051524879783,8.473621871829893,0.0007163474142002886,0.10268089166076057,0.10256093536991391,0.03298962358803727,0.033109579878883924,0.003973149585466071,0.0003059038023446237,0.21697521033405603,0.22125426372186674,0.22125426372186674,False,False,0.21652293245821758,0.0009560786586052606,0.11986562220248595,False
0.018000000000000002,0.1526154994733938,8.471317197863474,0.0009560786586052606,0.11986562220248595,0.11774427807509741,0.03274987727090786,0.034871221398296404,0.004184546567795568,0.00034774926802257934,0.21889616450201946,0.22342846033783761,0.22342846033783761,False,False,0.21900238204337677,0.00123017700116256,0.13704917127864966,False
0.02,0.16955560344607357,8.468741632918547,0.00123017700116256,0.13704917127864966,0.1397165837103464,0.03250643216742391,0.029839019735727168,0.00358068236828726,0.00038355609170545195,0.22072072594962694,0.22468496440961966,0.22468496440961966,False,False,0.22125426372186674,0.0015386630154592875,0.15424300714836386,False
0.022,0.18649028546579652,8.46589525935507,0.0015386630154592875,0.15424300714836386,0.15405986305058142,0.032247278317432654,0.0324304224152151,0.003891650689825812,0.0004224725986037101,0.22249330923333413,0.22680743252176366,0.22680743252176366,False,False,0.22342846033783761,0.0018815769040995932,0.1714569443201528,False
0.024,0.20341900400490226,8.46277816819276,0.0018815769040995932,0.1714569443201528,0.17492395581796855,0.031962059684749466,0.028495048186933714,0.0034194057824320453,0.0004566666564280305,0.2242365940327448,0.22811266647160486,0.22811266647160486,False,False,0.22468496440961966,0.0022587846068190883,0.18860385135974747,False
0.026000000000000002,0.2203412177264271,8.459390459108192,0.0022587846068190883,0.18860385135974747,0.18870195025078595,0.03173736636667962,0.031639267475641136,0.003796712097076936,0.0004946337773987999,0.22596210744608475,0.2302534533205605,0.2302534533205605,False,False,0.22680743252176366,0.002670344182183076,0.20577978768199395,False
0.028,0.23725638550141476,8.455732240431606,0.002670344182183076,0.20577978768199395,0.20549173611492275,0.031476597819420804,0.03176464938649201,0.003811757926379041,0.0005327513566625903,0.2276756850292887,0.23202019431233034,0.23202019431233034,False,False,0.22811266647160486,0.0031161465671638096,0.2229011924903667,False
0.03,0.2541639664262203,8.451803629143447,0.0031161465671638096,0.2229011924903667,0.22544068663968483,0.03126277393585361,0.028723279786535466,0.003446793574384256,0.0005672192924064329,0.2293802655557765,0.2333942784225672,0.2333942784225672,False,False,0.2302534533205605,0.0035962612178261993,0.2400573253311949,False
0.032,0.27106341983980675,8.447604750870617,0.0035962612178261993,0.2400573253311949,0.2389566132219513,0.03100609450861186,0.03210680661785545,0.0038528167941426538,0.0006057474603478595,0.2310773153644951,0.23553587961898562,0.23553587961898562,False,False,0.23202019431233034,0.004110679677954067,0.25720923006393365,False
0.034,0.28795420534103394,8.443135739882464,0.004110679677954067,0.25720923006393365,0.2563607384008077,0.030744975277100295,0.031593466940226245,0.003791216032827149,0.0006436596206761309,0.23276755281454034,0.23720242846804362,0.23720242846804362,False,False,0.2333942784225672,0.00465931195801421,0.2743161400300714,False
0.036000000000000004,0.30483578280593954,8.438396739086492,0.00465931195801421,0.2743161400300714,0.27363120175929884,0.03051964277586816,0.0312045810466407,0.003744549725596884,0.0006811051179320997,0.2344513164132498,0.23887697125677876,0.23887697125677876,False,False,0.23553587961898562,0.0052422300758305255,0.29145905890815776,False
0.038,0.32170761240501033,8.43338790002378,0.0052422300758305255,0.29145905890815776,0.2899217950949765,0.03024855349685257,0.031785817310033826,0.003814298077204059,0.0007192480987041404,0.23612875180770837,0.24066229798361657,0.24066229798361657,False,False,0.23720242846804362,0.005859405932053675,0.30858792811157504,False
0.04,0.338569154620445,8.42810938286414,0.005859405932053675,0.30858792811157504,0.30876195392959066,0.029981226508869974,0.029807200690854352,0.003576864082902522,0.0007550167395331656,0.23779990675949367,0.24213178758192935,0.24213178758192935,False,False,0.23887697125677876,0.006510813486340458,0.32570377714339155,False
0.042,0.35541987026340643,8.422561356401005,0.006510813486340458,0.32570377714339155,0.32728546068712355,0.029716093120014886,0.02813440957628288,0.0033761291491539456,0.000788778031024705,0.23946477938705485,0.2436296865672335,0.2436296865672335,False,False,0.24066229798361657,0.007196450221038039,0.34281836734879023,False
0.044,0.3722592204912631,8.416743998046018,0.007196450221038039,0.34281836734879023,0.3454036932070536,0.029440853142472856,0.02685552728420948,0.003222663274105137,0.0008210046637657564,0.24112334267478774,0.24516701061265864,0.24516701061265864,False,False,0.24213178758192935,0.007916247529347439,0.35989865415470024,False
0.046,0.38908666682482074,8.410657493823368,0.007916247529347439,0.35989865415470024,0.36190559871549927,0.0291880126701205,0.02718106810932147,0.0032617281731185765,0.0008536219454969422,0.2427755569277691,0.2468909070463846,0.2468909070463846,False,False,0.2436296865672335,0.008670143517343526,0.3769479939980435,False
0.048,0.4059016711655409,8.404302038363834,0.008670143517343526,0.3769479939980435,0.379001715679485,0.02895367716749736,0.026899955486055893,0.003227994658326707,0.0008859018920802092,0.24442137610289993,0.24853527265330685,0.24853527265330685,False,False,0.24516701061265864,0.009458085232011268,0.3939708573338708,False
0.05,0.422703695812748,8.39767783489857,0.009458085232011268,0.3939708573338708,0.3922154907198032,0.0287328384788772,0.03048820509294481,0.003658584611153377,0.000922487738191743,0.24606075102856584,0.25064182337791097,0.25064182337791097,False,False,0.2468909070463846,0.010280059373088225,0.41098707053847844,False
0.052000000000000005,0.43949220348082385,8.390785095252596,0.010280059373088225,0.41098707053847844,0.4126641478577094,0.028505132942345413,0.026828055623114466,0.003219366674773736,0.0009546814049394804,0.24769363104289213,0.2518676791226053,0.2518676791226053,False,False,0.24853527265330685,0.011136036134062418,0.42798838048709614,False
0.054,0.4562666573163886,8.383624039838034,0.011136036134062418,0.42798838048709614,0.4287891813353775,0.02827827682929246,0.02747747598101108,0.0032972971177213295,0.0009876543761166937,0.24931996482801863,0.25360491632185667,0.25360491632185667,False,False,0.25064182337791097,0.012026082818021804,0.44502334197969284,False
0.056,0.4730265209154678,8.376194897647055,0.012026082818021804,0.44502334197969284,0.44412031980181643,0.028003178935774975,0.028906201113651386,0.0034687441336381662,0.0010223418174530755,0.250939700835503,0.25543078678659425,0.25543078678659425,False,False,0.2518676791226053,0.01295008157146264,0.4619993767204183,False
0.058,0.4897712583406455,8.368497906244555,0.01295008157146264,0.4619993767204183,0.46005080735002124,0.0277718816202272,0.02972045099062426,0.003566454118874911,0.0010580063586418246,0.2525527875037165,0.25717724798123326,0.25717724798123326,False,False,0.25360491632185667,0.013908022919640054,0.4789706740887076,False
0.06,0.5065003341382016,8.36053331176056,0.013908022919640054,0.4789706740887076,0.48077683785757525,0.02752966004949403,0.025723496280626368,0.003086819553675164,0.0010888745541785762,0.2541591733693801,0.25833486747723383,0.25833486747723383,False,False,0.25543078678659425,0.014899916051804876,0.4959465660824109,False
0.062,0.523213213355235,8.35230136888236,0.014899916051804876,0.4959465660824109,0.4972581553146698,0.027266647272824074,0.025955058040565138,0.0031146069648678165,0.0011200206238272544,0.2557588071252024,0.25999343471389746,0.25999343471389746,False,False,0.25717724798123326,0.015925753427972585,0.5129186880838548,False
0.064,0.5399093615567694,8.343802340846354,0.015925753427972585,0.5129186880838548,0.5109890430092617,0.026990673472914617,0.02892031854750765,0.0034704382257009178,0.0011547250060842636,0.2573516376500641,0.26197680088184927,0.26197680088184927,False,False,0.25833486747723383,0.01698540428796218,0.5298254299947979,False
0.066,0.5565882448428437,8.335036499429643,0.01698540428796218,0.5298254299947979,0.53132132061516,0.02676281484804588,0.02526692422768373,0.0030320309073220476,0.0011850453151574841,0.25893761402521065,0.26315469024769017,0.26315469024769017,False,False,0.25999343471389746,0.018078844207275825,0.5467199596568227,False
0.068,0.5732493298655842,8.326004124941335,0.018078844207275825,0.5467199596568227,0.5440822155621478,0.02652937020876145,0.029167114303436437,0.003500053716412372,0.001220045852321608,0.2605166855433084,0.2652367851120424,0.2652367851120424,False,False,0.26197680088184927,0.019206117042637628,0.5636364176809021,False
0.07,0.5898920838462602,8.31670550621358,0.019206117042637628,0.5636364176809021,0.5583364399131552,0.026255666165358127,0.03155564393310506,0.003786677271972607,0.001257912625041334,0.262088801713859,0.26713339161087296,0.26713339161087296,False,False,0.26315469024769017,0.020367097502264658,0.5804902298135147,False
0.07200000000000001,0.6065159745923205,8.307140940592335,0.020367097502264658,0.5804902298135147,0.578477551427657,0.026025744778805815,0.02803842316466354,0.0033646107797596246,0.00129155873283893,0.2636539122667504,0.26831008177934895,0.26831008177934895,False,False,0.2652367851120424,0.021561851011870345,0.5973767548028441,False
0.074,0.6231204705144118,8.297310733927857,0.021561851011870345,0.5973767548028441,0.5963286343095953,0.02574371571156764,0.02679183620481651,0.003215020344577981,0.00132370893628471,0.26521196715485484,0.26975069643571753,0.26975069643571753,False,False,0.26713339161087296,0.02279040343675778,0.6142762124437168,False
0.076,0.6397050406433777,8.287215200564923,0.02279040343675778,0.6142762124437168,0.6136951299125379,0.02542882819966097,0.026009910730839803,0.0031211892877007763,0.0013549208291617177,0.2667629165561355,0.271239026672998,0.271239026672998,False,False,0.26831008177934895,0.024052629607821625,0.6311130855319229,False
0.078,0.6562691546472372,8.276854663332772,0.024052629607821625,0.6311130855319229,0.629355581953943,0.025156069115314317,0.026913572693294197,0.0032296287231953036,0.0013872171163936708,0.26830671087549846,0.27292355671508745,0.27292355671508745,False,False,0.26975069643571753,0.025348460997633167,0.6479156949057716,False
0.08,0.6728122828481435,8.266229453534793,0.025348460997633167,0.6479156949057716,0.6431347259477832,0.02489658794237193,0.029677556900360336,0.00356130682804324,0.0014228301846741032,0.2698433007465115,0.27482743775922885,0.27482743775922885,False,False,0.271239026672998,0.026677839823732764,0.6646894130497986,False
0.082,0.6893338962393225,8.25533991093792,0.026677839823732764,0.6646894130497986,0.6655046316445449,0.024644483189523947,0.023829264594777633,0.002859511751373316,0.0014514253021878363,0.2713726370330506,0.27568357408661176,0.27568357408661176,False,False,0.27292355671508745,0.028040750023015124,0.6814550996411795,False
0.084,0.7058334665019882,8.24418638376177,0.028040750023015124,0.6814550996411795,0.6797107435444988,0.024378366860808742,0.026122722957489408,0.003134726754898729,0.0014827725697368235,0.2728946708309059,0.27751217015554147,0.27751217015554147,False,False,0.27482743775922885,0.029437221640936026,0.6982358089604512,False
0.08600000000000001,0.7223104660222369,8.232769228667514,0.029437221640936026,0.6982358089604512,0.6963737163182799,0.024074657061785687,0.025936749703956985,0.003112409964474838,0.001513896669381572,0.27440935346936357,0.27903566010322,0.27903566010322,False,False,0.27568357408661176,0.03086706499551535,0.7149216772896615,False
0.088,0.7387643679079199,8.221088810746464,0.03086706499551535,0.7149216772896615,0.717712790738818,0.02384269061825839,0.021051577169101887,0.0025261892602922264,0.0015391585619844942,0.2759166365127712,0.27998198433504795,0.27998198433504795,False,False,0.27751217015554147,0.032330296122538266,0.7316155635114584,False
0.09,0.7551946460054912,8.209145503508402,0.032330296122538266,0.7316155635114584,0.7299726562943716,0.023579082494032844,0.025221989711119663,0.0030266387653343596,0.0015694249496378378,0.2774164717620916,0.2820125354770638,0.2820125354770638,False,False,0.27903566010322,0.03382686699245734,0.7482854349595374,False
0.092,0.7716007749168332,8.196939688869636,0.03382686699245734,0.7482854349595374,0.7489732543787463,0.023315339957295844,0.02262752053808692,0.0027153024645704305,0.0015965779742835421,0.27890881125644623,0.28322069169530023,0.28322069169530023,False,False,0.27998198433504795,0.03535660924557249,0.7648711265575748,False
0.094,0.7879822300160568,8.184471757140786,0.03535660924557249,0.7648711265575748,0.7634048714948514,0.023111103458481996,0.02457735852120546,0.0029492830225446554,0.0016260708045089888,0.2803936072746502,0.28496896110170383,0.28496896110170383,False,False,0.2820125354770638,0.03691958340952296,0.7814870819752374,False
0.096,0.8043384874662787,8.171742107014303,0.03691958340952296,0.7814870819752374,0.7831153379960294,0.022851405491041255,0.02122314947024928,0.0025467779364299137,0.001651538583873288,0.28187081233673905,0.2860691288570423,0.2860691288570423,False,False,0.28322069169530023,0.03851567713752226,0.7980468639996484,False
0.098,0.820669024236371,8.158751145551722,0.03851567713752226,0.7980468639996484,0.7948966138499577,0.022622160236722588,0.025772410386413314,0.0030926892463695975,0.001682465476336984,0.28334037920548705,0.2881155339281936,0.2881155339281936,False,False,0.28496896110170383,0.04014489241725117,0.8146076398644541,False
0.1,0.8369733181176878,8.145499288170646,0.04014489241725117,0.8146076398644541,0.8171987363108693,0.022365678253233767,0.01977458180681857,0.002372949816818228,0.0017061949745051663,0.2848022608879184,0.28888140567924175,0.28888140567924175,False,False,0.2860691288570423,0.041807095502431536,0.8311015425901828,False
0.10200000000000001,0.853250847740763,8.131986958631453,0.041807095502431536,0.8311015425901828,0.8285233192605486,0.022149305150580223,0.024727528480214422,0.0029673034176257306,0.0017358680086814236,0.2862564106368094,0.29095958206311656,0.29095958206311656,False,False,0.2881155339281936,0.043502352258662426,0.8476283781154454,False
0.10400000000000001,0.869501092591983,8.11821458902376,0.043502352258662426,0.8476283781154454,0.8485554235654045,0.021872714476537602,0.020945669026578573,0.0025134802831894287,0.001761002811513318,0.2877027819521841,0.2919772650468868,0.2919772650468868,False,False,0.28888140567924175,0.04523045968452168,0.8640537129296292,False
0.106,0.8857235330302312,8.10418261975259,0.04523045968452168,0.8640537129296292,0.8643130673866745,0.021669820100602033,0.021410465643556753,0.00256925587722681,0.001786695370285586,0.2891413285828004,0.2934972798303128,0.2934972798303128,False,False,0.29095958206311656,0.04699149180610118,0.880516060789751,False
0.108,0.9019176503035045,8.089891499524306,0.04699149180610118,0.880516060789751,0.8799433110327646,0.021401589513753483,0.021974339270739884,0.002636920712488786,0.001813064577410474,0.29057200452763,0.29502198981752925,0.29502198981752925,False,False,0.2919772650468868,0.04878529976899026,0.8969039814445391,False
0.11,0.9180829265655023,8.075341685332244,0.04878529976899026,0.8969039814445391,0.8990514893901647,0.02117894512096319,0.019031437175337618,0.0022837724610405142,0.001835902302020879,0.29199476403732844,0.29611443880038985,0.29611443880038985,False,False,0.2934972798303128,0.05061184154319028,0.9132708871000128,False
0.112,0.9342188448921847,8.060533642442113,0.05061184154319028,0.9132708871000128,0.9119166774178977,0.020947957792171845,0.022302167474286927,0.002676260096914431,0.0018626649029900232,0.2934095616156988,0.29794848661560325,0.29794848661560325,False,False,0.29502198981752925,0.05247107654393106,0.9296175003703896,False
0.114,0.9503248892983043,8.045467844377118,0.05247107654393106,0.9296175003703896,0.9298857196431162,0.020707388927914683,0.020439169655188105,0.0024527003586225725,0.001887191906576249,0.2948163520211464,0.29915624428634524,0.29915624428634524,False,False,0.29611443880038985,0.054362874117407825,0.9458987867383828,False
0.116,0.9664005447539041,8.030144772902801,0.054362874117407825,0.9458987867383828,0.9473676887891409,0.020501758015521343,0.01903285596476323,0.0022839427157715876,0.001910031333733965,0.29621509026812515,0.3004090643176307,0.3004090643176307,False,False,0.29794848661560325,0.05628726033651703,0.9621931095546032,False
0.11800000000000001,0.9824452972007884,8.01456491801166,0.05628726033651703,0.9621931095546032,0.9605069857643137,0.020252187646185194,0.021938311436474733,0.0026325973723769678,0.0019363573074577345,0.29760573162857634,0.30217468630841104,0.30217468630841104,False,False,0.29915624428634524,0.058244129842732854,0.9784347531079136,False
0.12,0.9984586335689598,7.998728777907458,0.058244129842732854,0.9784347531079136,0.9764487622962321,0.020023880461046195,0.022009871272727688,0.0026411845527273227,0.0019627691529850075,0.298988231633359,0.30359218533907134,0.30359218533907134,False,False,0.3004090643176307,0.0602333878718172,0.994629014542174,False
0.122,1.0144400417930273,7.982636858989307,0.0602333878718172,0.994629014542174,0.9948190915856301,0.019811027250853264,0.01962095020739718,0.0023545140248876616,0.001986314293233884,0.3003625460736719,0.30470337439179346,0.30470337439179346,False,False,0.30217468630841104,0.06225504808175071,1.0108301049667556,False
0.124,1.0303890108285785,7.9662896758354655,0.06225504808175071,1.0108301049667556,1.0119809637943955,0.01955890586182285,0.018408047034182973,0.0022089656441019565,0.0020084039496749036,0.3017286310024669,0.3059460005962438,0.3059460005962438,False,False,0.30359218533907134,0.06430905108362078,1.0270015009350382,False
0.126,1.0463050306685249,7.949687751186889,0.06430905108362078,1.0270015009350382,1.0289083157671928,0.019303529733486702,0.0173967149013321,0.002087605788159852,0.002029280007556502,0.3030864427358548,0.3072033285315711,0.3072033285315711,False,False,0.30470337439179346,0.06639527400027442,1.0431114583268233,False
0.128,1.062187592359407,7.93283161593051,0.06639527400027442,1.0431114583268233,1.044312846631514,0.01907613403258379,0.01787474572789316,0.002144969487347179,0.002050729702429974,0.3044359378545017,0.3086316370442788,0.3086316370442788,False,False,0.3059460005962438,0.06851362282826771,1.0591744139966452,False
0.13,1.078036188017672,7.915721809082267,0.06851362282826771,1.0591744139966452,1.0573471193260513,0.018861774021026845,0.020689068691620793,0.002482688242994495,0.002075556584859919,0.30577707320501774,0.3103353180328722,0.3103353180328722,False,False,0.3072033285315711,0.07066400767611457,1.075192423923426,False
0.132,1.0938503108459134,7.898358877769863,0.07066400767611457,1.075192423923426,1.077714258202966,0.018657886922487377,0.016136052642947485,0.0019363263171536982,0.002094919848031456,0.3071098059013372,0.3111410520665223,0.3111410520665223,False,False,0.3086316370442788,0.0728463754437813,1.0911838838333654,False
0.134,1.109629455149077,7.880743377215269,0.0728463754437813,1.0911838838333654,1.0882345264911888,0.018445571315711673,0.02139492865788828,0.0025673914389465935,0.002120593762420922,0.30843409332608934,0.3131220785274569,0.3131220785274569,False,False,0.3103353180328722,0.07506073127782353,1.1071779170211176,False
0.136,1.1253731163506329,7.8628758707169775,0.07506073127782353,1.1071779170211176,1.1097319097517395,0.0181951993295153,0.015641206598893342,0.0018769447918672011,0.002139363210339594,0.30974989313196194,0.31376620113416875,0.31376620113416875,False,False,0.3111410520665223,0.07730689223865017,1.1230804804133154,False
0.138,1.1410807910087089,7.84475692963198,0.07730689223865017,1.1230804804133154,1.1215046427014925,0.01800031059539342,0.019576148307216323,0.002349137796865959,0.0021628545883082533,0.31105716324305466,0.31556915562822885,0.31556915562822885,False,False,0.3131220785274569,0.07958492350335913,1.1390156323544804,False
0.14,1.1567519768321897,7.826387133357501,0.07958492350335913,1.1390156323544804,1.137863673478178,0.01773634447770922,0.018888303354011704,0.0022665964024814046,0.0021855205523330676,0.31235586185622494,0.3168079788110394,0.3168079788110394,False,False,0.31376620113416875,0.08189460958563921,1.154843041140037,False
0.14200000000000002,1.1723861726967806,7.807767069312472,0.08189460958563921,1.154843041140037,1.1565153864626716,0.017543131556743585,0.01587078623410898,0.0019044943480930774,0.0022045654958139983,0.313645947442425,0.3177550072863321,0.3177550072863321,False,False,0.31556915562822885,0.08423598002684214,1.1706852206014644,False
0.14400000000000002,1.1879828786610296,7.7888973329187445,0.08423598002684214,1.1706852206014644,1.1727902629284601,0.01729765805956518,0.01519261573256947,0.0018231138879083364,0.0022227966346930815,0.3149273787480294,0.3189732892706308,0.3189732892706308,False,False,0.3168079788110394,0.08660894591479043,1.1864829439741442,False
0.146,1.2035415959823164,7.7697785275820515,0.08660894591479043,1.1864829439741442,1.1826312151134144,0.017058652008172137,0.020910380868901957,0.0025092457042682347,0.002247889091735764,0.31620011479615423,0.3209572495921582,0.3209572495921582,False,False,0.3177550072863321,0.08901335821311845,1.202206149164009,False
0.148,1.2190618271327995,7.7504112646727075,0.08901335821311845,1.202206149164009,1.1997751229528673,0.016855677968790506,0.01928670417993228,0.0023144045015918734,0.0022710331367516825,0.3174641148879678,0.32204955252631134,0.32204955252631134,False,False,0.3189732892706308,0.09144912632421374,1.2178840555476456,False
0.15,1.2345430758153264,7.730796163506068,0.09144912632421374,1.2178840555476456,1.218618932116772,0.016659020267680846,0.015924143698554438,0.0019108972438265325,0.0022901421091899477,0.31871933860399176,0.32292037795700823,0.32292037795700823,False,False,0.3209572495921582,0.09391632097904282,1.2335973274145362,False
0.152,1.2499848469793036,7.710933851322716,0.09391632097904282,1.2335973274145362,1.2320831395809442,0.01638751956476736,0.01790170739835939,0.0021482048878031265,0.002311624158067979,0.31996574580539383,0.32442557485126494,0.32442557485126494,False,False,0.32204955252631134,0.09641482541845701,1.249252219707097,False
0.154,1.2653866468365278,7.690824963268411,0.09641482541845701,1.249252219707097,1.250944265841427,0.016134427129430806,0.014442380995100867,0.001733085719412104,0.0023289550152621,0.32120329663527114,0.32526533736994534,0.32526533736994534,False,False,0.32292037795700823,0.09894447778963585,1.2648261855894158,False
0.156,1.2807479828769757,7.670470142373773,0.09894447778963585,1.2648261855894158,1.2664877595682205,0.015921797287559825,0.014260223308755204,0.0017112267970506244,0.002346067283232606,0.32243195151992493,0.32648924560020814,0.32648924560020814,False,False,0.32442557485126494,0.10150525085609705,1.280386533230597,False
0.158,1.2960683638845518,7.649870039533726,0.10150525085609705,1.280386533230597,1.2782802121637828,0.015681830653954787,0.017788151720768974,0.0021345782064922767,0.0023674130652975287,0.32365167117012583,0.32815366244191563,0.32815366244191563,False,False,0.32526533736994534,0.10409697833921193,1.2958637415574414,False
0.16,1.3113472999527986,7.629025313486676,0.10409697833921193,1.2958637415574414,1.2950086854898966,0.0154835583953572,0.01633861446290208,0.0019606337355482493,0.0023870194026530114,0.3248624165823704,0.32921006972057165,0.32921006972057165,False,False,0.32648924560020814,0.10671957622821862,1.3112989445033434,False
0.162,1.326584302500561,7.607936630793457,0.10671957622821862,1.3112989445033434,1.3109165865899486,0.015285357997217641,0.015667715910612445,0.0018801259092734934,0.0024058206617457462,0.3260641490401283,0.33035009561114753,0.33035009561114753,False,False,0.32815366244191563,0.10937305367817107,1.3267387249762264,False
0.164,1.3417788842876102,7.586604665816009,0.10937305367817107,1.3267387249762264,1.3261134325585135,0.015040159311383805,0.015665451729096613,0.0018798542074915936,0.002424619203820662,0.3272568301150804,0.3315613035263926,0.3315613035263926,False,False,0.32921006972057165,0.11205729242662985,1.3421193742293842,False
0.166,1.3569305594302243,7.565030100695811,0.11205729242662985,1.3421193742293842,1.3431581696914787,0.014811185200840127,0.013772389738745616,0.001652686768649474,0.002441146071507157,0.32844042166834736,0.332534254508504,0.332534254508504,False,False,0.33035009561114753,0.11477219302095851,1.357450297164333,False
0.168,1.3720388434167259,7.543213625332076,0.11477219302095851,1.357450297164333,1.3571388824919515,0.01458854625239292,0.014899960924774414,0.0017879953109729296,0.0024590260246168862,0.3296148858517096,0.3338619071872994,0.3338619071872994,False,False,0.3315613035263926,0.11751767200732458,1.3727394931830363,False
0.17,1.3871032531229754,7.521155937359684,0.11751767200732458,1.3727394931830363,1.3749380893813359,0.014363759939939102,0.012165163741639562,0.0014598196489967474,0.0024736242211068535,0.3307801851088173,0.3347136289789209,0.3347136289789209,False,False,0.332534254508504,0.12029359695847999,1.3879624755777056,False
0.17200000000000001,1.40212330682782,7.498857742126876,0.12029359695847999,1.3879624755777056,1.3867163327878076,0.01416083125011447,0.015406974040012456,0.0018488368848014946,0.0024921125899548683,0.3319362821763915,0.33627723165114787,0.33627723165114787,False,False,0.3338619071872994,0.12309991117733982,1.4031571094299105,False
0.17400000000000002,1.4170985242284981,7.476319752672696,0.12309991117733982,1.4031571094299105,1.4004567868859434,0.013941414798587681,0.016641737342554697,0.0019970084811065636,0.002512082674765934,0.33308314008541556,0.33759223124128807,0.33759223124128807,False,False,0.3347136289789209,0.12593645893046682,1.4182738765634975,False
0.176,1.432028426455998,7.453542689704194,0.12593645893046682,1.4182738765634975,1.419804969576314,0.013754549892500467,0.012223456879683958,0.001466814825562075,0.0025267508230215545,0.33422072216231763,0.33821428781090124,0.33821428781090124,False,False,0.33627723165114787,0.1288032352639154,1.433388166724288,False
0.178,1.4469125360903705,7.430527281573374,0.1288032352639154,1.433388166724288,1.434164543675441,0.013524369366082478,0.01274799241492941,0.0015297590897915291,0.0025420484139194698,0.33534899203014285,0.33942079953385385,0.33942079953385385,False,False,0.33759223124128807,0.13170018322086074,1.4484739784726672,False
0.18,1.4617503771759968,7.407274264253911,0.13170018322086074,1.4484739784726672,1.4494917038592536,0.013276398703329528,0.01225867331674313,0.0014710407980091755,0.0025567588218995616,0.3364679136097172,0.3404957132296259,0.3404957132296259,False,False,0.33821428781090124,0.1346271013687671,1.4634590739531756,False
0.182,1.4765414752368067,7.383784381317609,0.1346271013687671,1.4634590739531756,1.4653809524023151,0.013082401283631029,0.011160522834491537,0.0013392627401389845,0.0025701514493009516,0.3375774511208007,0.34148686531024064,0.34148686531024064,False,False,0.33942079953385385,0.1375839128741091,1.478405752670999,False
0.184,1.4912853572914524,7.3600583839106255,0.1375839128741091,1.478405752670999,1.4787474188709486,0.012879604620453344,0.01253793842050377,0.0015045526104604523,0.002585196975405556,0.33867756908323193,0.34276731866909793,0.34276731866909793,False,False,0.3404957132296259,0.14057051419147829,1.4933006586846018,False
0.186,1.5059815518684323,7.336097030729455,0.14057051419147829,1.4933006586846018,1.4897912527442891,0.012680893183830477,0.01619029912414316,0.001942835894897179,0.0026046253343545277,0.33976823231806236,0.34431569354731406,0.34431569354731406,False,False,0.34148686531024064,0.1435867853741562,1.50813559133896,False
0.188,1.520629589021169,7.311901087996663,0.1435867853741562,1.50813559133896,1.5080023118133425,0.012493997682208935,0.012627277207826415,0.0015152732649391697,0.0026197780670039195,0.34084940594868135,0.34498445728062443,0.34498445728062443,False,False,0.34276731866909793,0.14663266837357372,1.5229414997087602,False
0.19,1.5352290003430347,7.287471329436392,0.14663266837357372,1.5229414997087602,1.5237546000671947,0.012287500634274418,0.011474400275840013,0.0013769280331008015,0.0026335473473349273,0.3419210554019317,0.34593153078236744,0.34593153078236744,False,False,0.34431569354731406,0.14970816188192665,1.5377467541764689,False
0.192,1.5497793189823315,7.262808536249606,0.14970816188192665,1.5377467541764689,1.5379878808320195,0.012032564805862567,0.011791438150311917,0.00141497257803743,0.0026476970731153016,0.3429831464092147,0.3470458160603674,0.3470458160603674,False,False,0.34498445728062443,0.1528130804157278,1.5524592669005821,False
0.194,1.5642800796572192,7.237913497089125,0.1528130804157278,1.5524592669005821,1.554401766519548,0.011820812756637045,0.00987831313767118,0.0011853975765205415,0.002659551048880507,0.34403564500758615,0.3478805936329872,0.3478805936329872,False,False,0.34593153078236744,0.15594729880850008,1.567109196386146,False
0.196,1.5787308186705937,7.212787008034399,0.15594729880850008,1.567109196386146,1.5680722767384936,0.01162162228444763,0.01065854193210014,0.001279025031852017,0.002672341299199027,0.34507851754084273,0.34902988387189376,0.34902988387189376,False,False,0.3470458160603674,0.15911072828382858,1.581714737664249,False
0.198,1.593131073924917,7.187429872566046,0.15911072828382858,1.581714737664249,1.5777091162029018,0.011416336260667848,0.015421957722015156,0.0018506349266418187,0.002690847648465445,0.3461117306605978,0.3506532132357051,0.3506532132357051,False,False,0.3478805936329872,0.1623032225125088,1.596247114340111,False
0.2,1.60748038493699,7.16184290154017,0.1623032225125088,1.596247114340111,1.597708961503275,0.011233270596879175,0.009771423433715176,0.0011725708120458212,0.0027025733565859034,0.347135251327348,0.35101039549597973,0.35101039549597973,False,False,0.34902988387189376,0.16552470263277064,1.6107400601309139,False
0.202,1.6217782928526807,7.136026913162422,0.16552470263277064,1.6107400601309139,1.6131563809857117,0.01103823272176685,0.008621911866969034,0.001034629424036284,0.0027129196508262664,0.34814904681152975,0.3518965958863923,0.3518965958863923,False,False,0.3506532132357051,0.16877518991332446,1.6252436402769133,False
0.20400000000000001,1.6360243404615957,7.109982732961844,0.16877518991332446,1.6252436402769133,1.627470715304735,0.010780700184682468,0.008553625156860756,0.0010264350188232906,0.0027231840010144993,0.3491530846945658,0.3529027037144036,0.3529027037144036,False,False,0.35101039549597973,0.17205444025859934,1.6396251726374367,False
0.20600000000000002,1.650218072211702,7.083711193764462,0.17205444025859934,1.6396251726374367,1.6402844651599098,0.010592899574265235,0.009933607051792137,0.0011920328462150563,0.00273510432947665,0.3501473328699019,0.3540744700455936,0.3540744700455936,False,False,0.3518965958863923,0.17536232303256916,1.653941386984905,False
0.20800000000000002,1.6643590342238923,7.0572131356666645,0.17536232303256916,1.653941386984905,1.653683142839771,0.010417647238987415,0.010675891384121394,0.0012811069660945674,0.0027479153991375955,0.3511317595440337,0.35516078190926587,0.35516078190926587,False,False,0.3529027037144036,0.1786987341438984,1.6682055556646143,False
0.21,1.6784467743065008,7.030489406008329,0.1786987341438984,1.6682055556646143,1.6673922768250389,0.01024121864188654,0.011054497481461922,0.0013265396977754306,0.0027611807961153497,0.35210633323752316,0.35619405373141394,0.35619405373141394,False,False,0.3540744700455936,0.1820636053343703,1.6824355952359538,False
0.212,1.6924808419697626,7.00354085934573,0.1820636053343703,1.6824355952359538,1.6816662278672048,0.0100452467338088,0.010814614102557796,0.0012977536923069355,0.002774158333038419,0.35307102278600516,0.3571429348113505,0.3571429348113505,False,False,0.35516078190926587,0.18545685120204713,1.696622933838421,False
0.214,1.7064607884402188,6.976368357424216,0.18545685120204713,1.696622933838421,1.6938750137455445,0.009837854601797646,0.012585774694674257,0.0015102929633609107,0.002789261262672028,0.35402579734118433,0.3583253515672173,0.3583253515672173,False,False,0.35619405373141394,0.18887837617730102,1.7107624876269414,False
0.216,1.7203861666750666,6.948972769150647,0.18887837617730102,1.7107624876269414,1.7154073119520545,0.009623679048125222,0.004978854723012072,0.0005974625667614485,0.002795235888339643,0.35497062637182114,0.35836332482692224,0.35836332482692224,False,False,0.3571429348113505,0.19232806806977368,1.7248459462363221,False
0.218,1.734256531376456,6.921354970565613,0.19232806806977368,1.7248459462363221,1.7232093361806624,0.00941058514013382,0.011047195195793558,0.0013256634234952269,0.0028084925225745952,0.3559054796647087,0.3600396356107785,0.3600396356107785,False,False,0.3583253515672173,0.1958058648247023,1.7388983774643088,False
0.22,1.7480714390057284,6.893515844815419,0.1958058648247023,1.7388983774643088,1.736726860920152,0.009173061541419614,0.011344578085576318,0.0013613493702691582,0.002822106016277287,0.3568303273256383,0.36101378271218476,0.36101378271218476,False,False,0.35836332482692224,0.19931146542372116,1.7528002995094258,False
0.222,1.7618304477975997,6.865456282123845,0.19931146542372116,1.7528002995094258,1.7528383453588732,0.009030148288173834,0.008992102438726501,0.0010790522926471802,0.0028328965392037586,0.35774513978035577,0.3616570886122067,0.3616570886122067,False,False,0.3600396356107785,0.20284491522462195,1.7667249004503924,False
0.224,1.7755331177742886,6.837177179763677,0.20284491522462195,1.7667249004503924,1.7678426163843153,0.00880821732389614,0.007690501389973292,0.000922860166796795,0.0028421251408717266,0.35864988777550716,0.36241487308317566,0.36241487308317566,False,False,0.36101378271218476,0.20640611205389162,1.780598414634836,False
0.226,1.7891790107595824,6.808679442028021,0.20640611205389162,1.780598414634836,1.777461360352246,0.008580596124746487,0.01171765040733641,0.0014061180488803692,0.0028561863213605303,0.35954454237957406,0.36380684674981495,0.36380684674981495,False,False,0.3616570886122067,0.20999488558330406,1.7943867647062202,False
0.228,1.802767690392852,6.779963980201373,0.20999488558330406,1.7943867647062202,1.7974996020845375,0.008380925686631846,0.005268088308314489,0.0006321705969977387,0.002862508027330508,0.3604290749837986,0.36392375360812684,0.36392375360812684,False,False,0.36241487308317566,0.21361109132887723,1.8081028727865796,False
0.23,1.8162987221430043,6.751031712530493,0.21361109132887723,1.8081028727865796,1.8083083779746938,0.0081958493564247,0.00799034416831046,0.0009588413001972551,0.0028720964403324803,0.3613034573030988,0.36513439504362855,0.36513439504362855,False,False,0.36380684674981495,0.2172547191938567,1.821813932489727,False
0.232,1.8297716733223774,6.721883564195034,0.2172547191938567,1.821813932489727,1.8212146235873579,0.00795774083265055,0.008557049735019584,0.00102684596820235,0.002882364900014504,0.36216766137697265,0.3660768722451895,0.3660768722451895,False,False,0.36392375360812684,0.22092549219424099,1.8353865001921394,False
0.234,1.8431861131005771,6.692520467277957,0.22092549219424099,1.8353865001921394,1.8348079051240558,0.00779961290843767,0.008378207976521335,0.0010053849571825602,0.0028924187495863295,0.36302165957039206,0.36691946327716096,0.36691946327716096,False,False,0.36513439504362855,0.2246233654184258,1.8489366120924082,False
0.23600000000000002,1.856541612518254,6.662943360735725,0.2246233654184258,1.8489366120924082,1.8465212868204275,0.007605000425845665,0.010020325697826404,0.0012024390837391684,0.0029044431404237213,0.3638654245746871,0.36797230679885,0.36797230679885,False,False,0.3660768722451895,0.22834823829510717,1.862436438340676,False
0.23800000000000002,1.8698377445008187,6.633153190368287,0.22834823829510717,1.862436438340676,1.8628639247505139,0.007401306160142784,0.006973819750304866,0.0008368583700365838,0.002912811724124087,0.3646989294084188,0.36844859950257947,0.36844859950257947,False,False,0.36691946327716096,0.23209999044250298,1.875876073697913,False
0.24,1.8830740838721014,6.60315090878882,0.23209999044250298,1.875876073697913,1.8801440223391022,0.007198010174188418,0.0029300615329992397,0.00035160738395990877,0.0029163277979636863,0.36552214741824207,0.36879008260016566,0.36879008260016566,False,False,0.36797230679885,0.23587854682899329,1.8892781932451463,False
0.242,1.8962502073679466,6.572937475393273,0.23587854682899329,1.8892781932451463,1.886454218458998,0.006972014122800241,0.009795988908948505,0.0011755186690738206,0.0029280829846544247,0.3663350522797583,0.3704386539334866,0.3704386539334866,False,False,0.36844859950257947,0.2396837125184111,1.90258284470891,False
0.244,1.9093656936497467,6.542513856329689,0.2396837125184111,1.90258284470891,1.903108754678302,0.006782848940836805,0.006256938971444637,0.0007508326765733564,0.0029355913114201583,0.3671376179983566,0.3708240419863501,0.3708240419863501,False,False,0.36879008260016566,0.24351526648856145,1.9157769850751736,False
0.246,1.922420123317917,6.5118810244673115,0.24351526648856145,1.9157769850751736,1.9170308796853024,0.006643138242743429,0.005389243632614615,0.0006467092359137538,0.002942058403779296,0.36792981891004534,0.3715185865497384,0.3715185865497384,False,False,0.3704386539334866,0.24737326385056366,1.9289986810011084,False
0.248,1.9354130789253081,6.48103995936547,0.24737326385056366,1.9289986810011084,1.9279998253040087,0.006414397924199733,0.007413253621299409,0.0008895904345559291,0.0029509543081248555,0.36871162968227306,0.37255217442495386,0.37255217442495386,False,False,0.3708240419863501,0.2512574945998331,1.94211537463471,False
0.25,1.948344144990551,6.449991647242257,0.2512574945998331,1.94211537463471,1.9422452033691797,0.006228770355841018,0.006098941621371257,0.0007318729945645508,0.002958273038070501,0.3694830253147381,0.37317317134737316,0.37317317134737316,False,False,0.3715185865497384,0.25516781577765685,1.9551605889118862,False
0.252,1.9612129080113467,6.418737080942997,0.25516781577765685,1.9551605889118862,1.9548456955070665,0.006052319099460579,0.006367212504280184,0.0007640655005136221,0.0029659136930756374,0.37024398114018825,0.3739739603337775,0.3739739603337775,False,False,0.37255217442495386,0.25910415699240597,1.9681706073745495,False
0.254,1.9740189564776869,6.38727725990849,0.25910415699240597,1.9681706073745495,1.9671610833331044,0.0058483491031373624,0.006857873144582527,0.0008229447773499032,0.0029741431408491364,0.37099447282520953,0.3747915607434086,0.3747915607434086,False,False,0.37317317134737316,0.2630663622299949,1.9811026187944656,False
0.256,1.9867618808850145,6.3556131901430595,0.2630663622299949,1.9811026187944656,1.9818563553115722,0.0056592620905489,0.00490552557344226,0.0005886630688130711,0.002980029771537267,0.3717344763710044,0.3753031692113547,0.3753031692113547,False,False,0.3739739603337775,0.2670543148398275,1.993976304916295,False
0.258,1.9994412737473177,6.3237458841823715,0.2670543148398275,1.993976304916295,1.991924670559355,0.005464968831022654,0.007516603187962767,0.000901992382555532,0.0029890496953628226,0.37246396811415894,0.3763550101920773,0.3763550101920773,False,False,0.3747915607434086,0.2710679029740045,2.0067940670885207,False
0.26,2.01205672961016,6.291676361061071,0.2710679029740045,2.0067940670885207,2.004283425174039,0.005262662521639427,0.007773304436121009,0.000932796532334521,0.0029983776606861677,0.37318292472739983,0.3771140989204205,0.3771140989204205,False,False,0.3753031692113547,0.27510695193968926,2.019524482842378,False
0.262,2.024607845063646,6.259405646280188,0.27510695193968926,2.019524482842378,2.0171116077446407,0.00508336222126804,0.007496237319005505,0.0008995484782806606,0.0030073731454689744,0.37389132322034013,0.37779824484408975,0.37779824484408975,False,False,0.3763550101920773,0.2791714020888982,2.0322250746044617,False
0.264,2.037094218755322,6.22693477177434,0.2791714020888982,2.0322250746044617,2.0302230162247326,0.004869144150860372,0.006871202530589482,0.0008245443036707378,0.0030156185885056815,0.37458914094021434,0.37842930383239076,0.37842930383239076,False,False,0.3771140989204205,0.2832611331272352,2.0448655191685265,False
0.266,2.049515451403009,6.1942647758787475,0.2832611331272352,2.0448655191685265,2.045467264485278,0.004649932234482623,0.0040481869177311225,0.0004857824301277347,0.003020476412806959,0.3752763555726032,0.3787826144155379,0.3787826144155379,False,False,0.37779824484408975,0.28737601038977756,2.0574386312711734,False
0.268,2.0618711458075714,6.161396703296013,0.28737601038977756,2.0574386312711734,2.059511457097924,0.004432514536397925,0.002359688709647312,0.0002831626451576774,0.003023308039258536,0.37595294514214667,0.37925941582656286,0.37925941582656286,False,False,0.37842930383239076,0.29151588957566377,2.0699395929431144,False
0.27,2.0741609068656195,6.128331605062729,0.29151588957566377,2.0699395929431144,2.071103016998987,0.004221313922505132,0.0030578898666324683,0.0003669467839958962,0.003026977507098495,0.3766188880132472,0.3800128123043416,0.3800128123043416,False,False,0.3787826144155379,0.29568056981004565,2.08234011719094,False
0.272,2.0863843415821406,6.095070538515859,0.29568056981004565,2.08234011719094,2.0831360853761125,0.004044224391200668,0.0032482562060280884,0.0003897907447233706,0.0030308754145457286,0.37727416289076116,0.38069482905003027,0.38069482905003027,False,False,0.37925941582656286,0.2998698782852937,2.094654237624032,False
0.274,2.098541059083071,6.061614567258932,0.2998698782852937,2.094654237624032,2.092584690142008,0.0038868214590390693,0.005956368941062884,0.000714764272927546,0.003038023057275004,0.3779187488206801,0.3816715361508827,0.3816715361508827,False,False,0.3800128123043416,0.3040837020123794,2.1069118635428445,False
0.276,2.1106306706277893,6.027964761128028,0.3040837020123794,2.1069118635428445,2.1012023279162952,0.003718807084944764,0.009428342711494064,0.0011314011253792877,0.003049337068528797,0.37855262519080046,0.38273336338470854,0.38273336338470854,False,False,0.38069482905003027,0.30832191429754136,2.119106142580972,False
0.278,2.1226527896215526,5.994122196157572,0.30832191429754136,2.119106142580972,2.116892255532439,0.0035466470405807193,0.005760534089113367,0.000691264090693604,0.003056249709435733,0.3791757717313832,0.38292328553151256,0.38292328553151256,False,False,0.3816715361508827,0.3125844515478105,2.1312686251345854,False
0.28,2.134607031627856,5.9600879545459176,0.3125844515478105,2.1312686251345854,2.1302037981531905,0.0033384064932704405,0.0044032334746653135,0.0005283880169598376,0.003061533589605331,0.3797881685158015,0.3833780901223667,0.3833780901223667,False,False,0.38273336338470854,0.3168712686934314,2.143408572810443,False
0.28200000000000003,2.1464930143807255,5.925863124620747,0.3168712686934314,2.143408572810443,2.1424052168265257,0.0030844415702824257,0.004087797554199746,0.0004905357065039694,0.003066438946670371,0.38038979596117817,0.3839467706143525,0.3839467706143525,False,False,0.38292328553151256,0.3211821385837052,2.155434945136888,False
0.28400000000000003,2.1583103577969434,5.891448800804268,0.3211821385837052,2.155434945136888,2.153038876258129,0.002875412660055421,0.005271481538814182,0.0006325777846577018,0.0030727647245169477,0.3809806348290118,0.38468597733818644,0.38468597733818644,False,False,0.3833780901223667,0.32551689203133644,2.167376723815629,False
0.28600000000000003,2.170058683988202,5.856846083578217,0.32551689203133644,2.167376723815629,2.167531227233966,0.002681960172572939,0.002527456754235935,0.00030329481050831217,0.003075797672622031,0.38156066622579216,0.3849397587089225,0.3849397587089225,False,False,0.3839467706143525,0.32987538555453233,2.1792467615979545,False
0.28800000000000003,2.1817376172731877,5.822056079448668,0.32987538555453233,2.1792467615979545,2.1800632948955188,0.0024908556752332167,0.0016743223776689575,0.00020091868532027488,0.003077806859475234,0.38212987160360407,0.3854085971483996,0.3854085971483996,False,False,0.38468597733818644,0.33425751295695616,2.1910637012119163,False
0.29,2.1933467841895924,5.787079900910646,0.33425751295695616,2.1910637012119163,2.189285603548947,0.0022830829776760986,0.004061180640645201,0.00048734167687742414,0.003082680276244008,0.3826882327607206,0.38625825471384206,0.38625825471384206,False,False,0.3849397587089225,0.33866306756195175,2.202777302497804,False
0.292,2.2048858135060585,5.7519186664125606,0.33866306756195175,2.202777302497804,2.2006506063389804,0.002108511008254599,0.004235207167078148,0.0005082248600493777,0.003087762524844502,0.3832357318421853,0.38683171922707915,0.38683171922707915,False,False,0.3854085971483996,0.3430918899977811,2.2144112179146926,False
0.294,2.216354336234049,5.716573500320433,0.3430918899977811,2.2144112179146926,2.2173374821369753,0.0019431183193563406,-0.0009831459029263634,-0.0001179775083511636,0.0030865827497609903,0.3837723513403829,0.38674095658179275,0.38674095658179275,False,False,0.38625825471384206,0.34754390238805727,2.226006195138088,False
0.296,2.227751985639646,5.681045532881945,0.34754390238805727,2.226006195138088,2.2286233300251315,0.0017457905015580977,-0.0008713443854855285,-0.00010456132625826341,0.003085537136498408,0.38429807409559935,0.3872790499058395,0.3872790499058395,False,False,0.38683171922707915,0.352018969877861,2.2375337449018673,False
0.298,2.2390783972552786,5.645335900190298,0.352018969877861,2.2375337449018673,2.238220348749903,0.00154465235341128,0.0008580485053757414,0.00010296582064508897,0.0030865667947048586,0.38481288329657054,0.3880024159119205,0.3880024159119205,False,False,0.38674095658179275,0.3565168200060172,2.2489250640781,False
0.3,2.2503332088913783,5.609445744147878,0.3565168200060172,2.2489250640781,2.2465279969084033,0.0014081448132783336,0.0038052119829750097,0.0004566254379570012,0.0030911330490844286,0.38531676248101954,0.38886452096806096,0.38886452096806096,False,False,0.3872790499058395,0.3610373149887173,2.260247491350033,False
0.302,2.2615160606479594,5.57337621242975,0.3610373149887173,2.260247491350033,2.2627716643162104,0.001268569297926625,-0.0012556036682509486,-0.00015067244019011382,0.0030896263246825277,0.38580969553618366,0.38874864942067605,0.38874864942067605,False,False,0.3880024159119205,0.36558035735286615,2.271521182074441,False
0.304,2.2726265949261277,5.537128458446947,0.36558035735286615,2.271521182074441,2.2718509847998996,0.001105412851686527,0.0007756101262281767,9.30732151473812e-05,0.0030905570568340013,0.38629166669932885,0.3894752969713102,0.3894752969713102,False,False,0.38886452096806096,0.37014587974881236,2.2827611979731177,False
0.306,2.283664456439518,5.500703641309597,0.37014587974881236,2.2827611979731177,2.2813777671941486,0.0009032584664003807,0.0022866892453694554,0.00027440270944433464,0.0030933010839284446,0.3867626605582548,0.39013036435162757,0.39013036435162757,False,False,0.38874864942067605,0.3747336107795809,2.2938655153842604,False
0.308,2.294629292225653,5.464102925789851,0.3747336107795809,2.2938655153842604,2.295489216228009,0.000763776841392616,-0.0008599240023561272,-0.00010319088028273526,0.003092269175125617,0.38722266205178685,0.39021174034662975,0.39021174034662975,False,False,0.3894752969713102,0.37934345845479833,2.3049238376087064,False
0.31,2.30552075165723,5.427327482284636,0.37934345845479833,2.3049238376087064,2.3061988489623015,0.0005969140485233559,-0.0006780973050717343,-8.137167660860811e-05,0.003091455458359531,0.38767165647025786,0.3906817402520088,0.3906817402520088,False,False,0.39013036435162757,0.38397531680653874,2.31592917587019,False
0.312,2.316338486453334,5.390378486778238,0.38397531680653874,2.31592917587019,2.3179343359866875,0.0004093105831439736,-0.001595849533353455,-0.0001915019440024146,0.0030895404389195066,0.3881096294559791,0.3910076679508962,0.3910076679508962,False,False,0.39021174034662975,0.3886289609011901,2.326822047325674,False
0.314,2.3270821506905754,5.3532571208046855,0.3886289609011901,2.326822047325674,2.3287268154255014,0.0002601033649014539,-0.0016446647349259713,-0.00019735976819111654,0.0030875668412375956,0.3885365670036986,0.3914267740767451,0.3914267740767451,False,False,0.3906817402520088,0.39330424965556116,2.33764437718554,False
0.316,2.3377514008141502,5.315964571409975,0.39330424965556116,2.33764437718554,2.3387354812213843,0.00010702362861003678,-0.000984080407234078,-0.00011808964886808936,0.0030863859447489146,0.38895245546104956,0.39192075175693036,0.39192075175693036,False,False,0.3910076679508962,0.39800101336881855,2.348381856628686,False
0.318,2.3483458956488272,5.278502031114105,0.39800101336881855,2.348381856628686,2.349501804963696,-3.596097985880675e-05,-0.0011559093148689747,-0.00013870911778427698,0.0030849988535710717,0.38935728152898674,0.39230357126477355,0.39230357126477355,False,False,0.3914267740767451,0.4027191037172379,2.359045174209676,False
0.32,2.358865296409857,5.240870697872951,0.4027191037172379,2.359045174209676,2.3575923863464086,-0.00017987779981920582,0.0012729100634483181,0.00015274920761379818,0.0030865263456472097,0.3897510322622116,0.3929903078154726,0.3929903078154726,False,False,0.39192075175693036,0.407458389685747,2.369642984254557,False
0.322,2.3693092667138056,5.203071775039953,0.407458389685747,2.369642984254557,2.3687894251542345,-0.0003337175407516213,0.000519841559571077,6.238098714852924e-05,0.003087150155518695,0.39013369506958645,0.3932832262122537,0.3932832262122537,False,False,0.39230357126477355,0.4122187184231274,2.3801643686902176,False
0.324,2.379677472589312,5.165106471327634,0.4122187184231274,2.3801643686902176,2.3780424529187334,-0.0004868961009054651,0.0016350196705787745,0.00019620236046945293,0.0030891121791233895,0.39050525771453687,0.3937905722541297,0.3937905722541297,False,False,0.3929903078154726,0.41700000239857726,2.3906419877249387,False
0.326,2.3899695824877676,5.126976000768953,0.41700000239857726,2.3906419877249387,2.38812247376592,-0.0006724052371711586,0.001847108721847679,0.00022165304662172147,0.0030913287095896066,0.3908657083154434,0.39417869007165474,0.39417869007165474,False,False,0.3932832262122537,0.42180207257827035,2.4010350898465354,False
0.328,2.400185267293917,5.088681582678476,0.42180207257827035,2.4010350898465354,2.4035277332006624,-0.0008498225526185621,-0.003342465906745584,-0.0004010959088094701,0.003087317750501512,0.39121503534602114,0.3939012571877132,0.3939012571877132,False,False,0.3937905722541297,0.4266248066876723,2.4113670547009627,False
0.33,2.4103242003363827,5.0502244416133975,0.4266248066876723,2.4113670547009627,2.412704359968324,-0.0010428543645799593,-0.002380159631941492,-0.00028561915583297904,0.0030844615589431823,0.3915532276356881,0.3943520700387983,0.3943520700387983,False,False,0.39417869007165474,0.4314680588301495,2.4216260712386015,False
0.332,2.420386057398113,5.011605807334368,0.4314680588301495,2.4216260712386015,2.422135584922137,-0.0012400138404884409,-0.0017495275240237973,-0.00020994330288285566,0.0030823621259143535,0.3918802743699233,0.3947526931929548,0.3947526931929548,False,False,0.3939012571877132,0.43633154534705015,2.431743258450334,False
0.334,2.430370516726747,4.972826914766181,0.43633154534705015,2.431743258450334,2.4288539662821624,-0.0013727417235869233,0.0015165504445846523,0.00018198605335015828,0.0030841819864478553,0.39219616509061145,0.39546233313040946,0.39546233313040946,False,False,0.3943520700387983,0.44121513819234703,2.4417964226484274,False
0.336,2.440277259044905,4.933889003958278,0.44121513819234703,2.4417964226484274,2.441076328648205,-0.0015191636035223333,-0.0007990696032997846,-9.588835239597415e-05,0.0030832231029238955,0.3925008896963783,0.39548822444690623,0.39548822444690623,False,False,0.3947526931929548,0.4461187002179896,2.451781012821299,False
0.338,2.450105967560398,4.8947933200450935,0.4461187002179896,2.451781012821299,2.450505414520257,-0.0016750452609013422,-0.0003994469598591621,-4.7933635183099453e-05,0.0030827437665720647,0.3927944384429131,0.3958292485743021,0.3958292485743021,False,False,0.39546233313040946,0.45104216049159446,2.461730136802419,False
0.34,2.459856327976357,4.855541113206242,0.45104216049159446,2.461730136802419,2.462597630357261,-0.001873808826061918,-0.002741302380904198,-0.00032895628570850377,0.0030794542037149795,0.3930768019432805,0.39582729986128695,0.39582729986128695,False,False,0.39548822444690623,0.4559853056840089,2.471572596207217,False
0.342,2.4695280285012853,4.816133638626541,0.4559853056840089,2.471572596207217,2.471155551550547,-0.0020445677059317546,-0.0016275230492617254,-0.00019530276591140703,0.0030775011760558655,0.39334797116822057,0.39623016957836504,0.39623016957836504,False,False,0.3958292485743021,0.4609479907999345,2.481342557962774,False
0.34400000000000003,2.4791207598590264,4.7765721564558685,0.4609479907999345,2.481342557962774,2.479265253046513,-0.002221798103747563,-0.0001444931874865496,-1.7339182498385952e-05,0.0030773277842308816,0.39360793744643763,0.39666792604817014,0.39666792604817014,False,False,0.39582729986128695,0.4659300006197614,2.491004909913481,False
0.34600000000000003,2.488634215298656,4.736857931768873,0.4659300006197614,2.491004909913481,2.490641762883604,-0.002370694614824753,-0.002007547584947922,-0.00024090571019375062,0.003074918727128944,0.3938566924648773,0.3966907054818125,0.3966907054818125,False,False,0.39623016957836504,0.4709312070586332,2.500603219435914,False
0.34800000000000003,2.4980680906042894,4.696992234524516,0.4709312070586332,2.500603219435914,2.4968225599742966,-0.0025351288316244336,0.0012455306299927749,0.00014946367559913297,0.0030764133638849353,0.3940942282689928,0.3973201053084769,0.3973201053084769,False,False,0.39666792604817014,0.475951490745056,2.510141843211375,False
0.35000000000000003,2.5074220841048107,4.65697633952546,0.475951490745056,2.510141843211375,2.508983403192144,-0.00271975910656419,-0.0015613190873331462,-0.00018735829047997755,0.0030745397809801354,0.3943205372629987,0.39720771875349886,0.39720771875349886,False,False,0.3966907054818125,0.4809906467238934,2.519577989418719,False
0.352,2.5166958966835193,4.616811526377312,0.4809906467238934,2.519577989418719,2.5198694820096144,-0.0028820927351995707,-0.0031735853260950186,-0.0003808302391314022,0.0030707314785888215,0.39453561221011435,0.39722551344957174,0.39722551344957174,False,False,0.3973201053084769,0.4860485993191335,2.5289762976200576,False
0.354,2.525889231787694,4.57649907944769,0.4860485993191335,2.5289762976200576,2.5299185594921147,-0.0030870658323634004,-0.004029327704420549,-0.00048351932453046583,0.003065896285343517,0.39473944623279505,0.3973218231936081,0.3973218231936081,False,False,0.39720771875349886,0.4911251183570709,2.538259518968683,False
0.356,2.535001795438077,4.536040287825171,0.4911251183570709,2.538259518968683,2.5398355414332494,-0.0032577235306061603,-0.004833745995172389,-0.0005800495194206867,0.00306009579014931,0.3949320328129519,0.39741207908368054,0.39741207908368054,False,False,0.39722551344957174,0.49622000345428563,2.547442548607376,False
0.358,2.5440332962382755,4.495436445278051,0.49622000345428563,2.547442548607376,2.547449935598789,-0.0034092523691007237,-0.003416639360513507,-0.0004099967232616208,0.0030559958229166937,0.3951133657921606,0.3977593648918157,0.3977593648918157,False,False,0.3973218231936081,0.5013330728712722,2.556534708493236,False
0.36,2.5529834453840756,4.454688850212991,0.5013330728712722,2.556534708493236,2.5553783363029434,-0.0035512631091605407,-0.002394890918867798,-0.00028738691026413576,0.0030531219538140523,0.3952834393718578,0.3980491744154077,0.3980491744154077,False,False,0.39741207908368054,0.5064641455987989,2.5655363637633632,False
0.362,2.5618519566726827,4.413798805633482,0.5064641455987989,2.5655363637633632,2.5682375846981484,-0.0036844070906805193,-0.006385628025465717,-0.000766275363055886,0.0030454592001834934,0.3954422481135271,0.3977214319506547,0.3977214319506547,False,False,0.3977593648918157,0.5116130964394687,2.5744754203348834,False
0.364,2.570638546511872,4.372767619098185,0.5116130964394687,2.5744754203348834,2.576867023046388,-0.003836873823011455,-0.00622847653451597,-0.0007474171841419163,0.0030379850283420743,0.3955897869388725,0.39788035478307265,0.39788035478307265,False,False,0.3980491744154077,0.5167797895367376,2.583346548634455,False
0.366,2.5793429339290537,4.331596602679124,0.5167797895367376,2.583346548634455,2.5867492793596725,-0.004003614705401226,-0.007406345430618799,-0.0008887614516742559,0.0030290974138253318,0.39572605112998105,0.3978663870921321,0.3978663870921321,False,False,0.3977214319506547,0.5219639612125706,2.592085837916507,False
0.368,2.587964840580263,4.290287072919715,0.5219639612125706,2.592085837916507,2.593101907692558,-0.004120997336243715,-0.00513706711229478,-0.0006164480534753736,0.003022932933290578,0.3958510363294739,0.3982575212092891,0.3982575212092891,False,False,0.39788035478307265,0.5271654525950983,2.600745691263818,False
0.37,2.596503990759057,4.248840350792685,0.5271654525950983,2.600745691263818,2.5986182578470296,-0.004241700504761248,-0.0021142670879727987,-0.00025371205055673584,0.0030203958127850107,0.395964738540645,0.3987314223028733,0.3987314223028733,False,False,0.3978663870921321,0.5323840703558295,2.6093088803655657,False
0.372,2.604960111405332,4.2072577616578135,0.5323840703558295,2.6093088803655657,2.607478575591919,-0.004348768960233951,-0.002518464186587188,-0.00030221570239046257,0.003017373655761106,0.3960671541275896,0.3987823120809602,0.3987823120809602,False,False,0.3982575212092891,0.5376197081197059,2.61781888193825,False
0.374,2.613332932114057,4.16554063521956,0.5376197081197059,2.61781888193825,2.6200324218659206,-0.004485949824193369,-0.006699489751863741,-0.0008039387702236489,0.003009334268058869,0.39615827981532015,0.39836367531315536,0.39836367531315536,False,False,0.3987314223028733,0.5428722780124572,2.6262849463756184,False
0.376,2.6216221851439174,4.123690305484544,0.5428722780124572,2.6262849463756184,2.627491162490951,-0.0046627612317009515,-0.0058689773470335105,-0.0007042772816440213,0.003002291495242429,0.396238112689871,0.39853612690346946,0.39853612690346946,False,False,0.3987823120809602,0.548141604547533,2.6346632675379444,False
0.378,2.629827605425881,4.081708110718879,0.548141604547533,2.6346632675379444,2.633960740922506,-0.004835662112063321,-0.004133135496624973,-0.0004959762595949968,0.002997331732646479,0.39630665019839184,0.3988080056714433,0.3988080056714433,False,False,0.39836367531315536,0.5534274158490049,2.6429056507359103,False
0.38,2.637948930571669,4.039595393405392,0.5534274158490049,2.6429056507359103,2.643865370327437,-0.004956720164241535,-0.005916439755768277,-0.0007099727706921932,0.002990232004939557,0.39636389014922896,0.3986441493834763,0.3986441493834763,False,False,0.39853612690346946,0.5587295668033608,2.651075477177947,False
0.382,2.64598590088215,3.9973535002006795,0.5587295668033608,2.651075477177947,2.6549664694854442,-0.005089576295797205,-0.008980568603294437,-0.0010776682323953323,0.0029794553226156033,0.3964098307119958,0.3983116178022161,0.3983116178022161,False,False,0.3988080056714433,0.5640479347123829,2.6591839545110108,False
0.384,2.6539382593556446,3.95498378189205,0.5640479347123829,2.6591839545110108,2.6609329330148705,-0.0052456951553661035,-0.006994673659225903,-0.0008393608391071083,0.002971061714224532,0.3964444704176309,0.39857617129274836,0.39857617129274836,False,False,0.3986441493834763,0.5693823069840658,2.6671861358414635,False
0.386,2.6618057516961424,3.912487593354338,0.5693823069840658,2.6671861358414635,2.6696209390019243,-0.005380384145321049,-0.007815187305781901,-0.0009378224766938281,0.002961683489457594,0.3964678081584457,0.39849166917120943,0.39849166917120943,False,False,0.3983116178022161,0.5747324380430201,2.675065529477173,False
0.388,2.669588126321433,3.8698662935065644,0.5747324380430201,2.675065529477173,2.671809748796033,-0.005477403155739857,-0.0022216224745998936,-0.0002665946969519872,0.002959017542488074,0.39647984318815876,0.3991722660336949,0.3991722660336949,False,False,0.39857617129274836,0.5800982100428475,2.6828859999136547,False
0.39,2.6772851343711537,3.8271212452684944,0.5800982100428475,2.6828859999136547,2.684571682842741,-0.0056008655425010545,-0.007286548471587384,-0.0008743858165904861,0.002950273684322169,0.39648057512192103,0.3985564629896527,0.3985564629896527,False,False,0.39849166917120943,0.5854794333406487,2.690611648900583,False
0.392,2.6848965297147442,3.7842538155170438,0.5854794333406487,2.690611648900583,2.69041347902062,-0.0057151191858388906,-0.005516949305875762,-0.0006620339167050914,0.002943653345155118,0.396470003936327,0.398751623364777,0.398751623364777,False,False,0.3991722660336949,0.5908760805896387,2.6983236244949906,False
0.394,2.6924220689593206,3.7412653750425764,0.5908760805896387,2.6983236244949906,2.6974162267110344,-0.005901555535670067,-0.004994157751713857,-0.0005992989302056628,0.0029376603558530614,0.3964481299694161,0.3987864913950635,0.3987864913950635,False,False,0.3985564629896527,0.5962878532782848,2.70588634432304,False
0.396,2.6998615114574545,3.698157298505073,0.5962878532782848,2.70588634432304,2.7086304375321117,-0.006024832865585417,-0.00876892607465729,-0.0010522711289588749,0.0029271376445634727,0.39641495392066173,0.3982898204362663,0.3982898204362663,False,False,0.398751623364777,0.6017146259919983,2.7133863568567316,False
0.398,2.707214619314872,3.65493096439016,0.6017146259919983,2.7133863568567316,2.712540815504467,-0.006171737541859734,-0.005326196189594956,-0.0006391435427513947,0.0029207462091359587,0.3963704768509486,0.39865207951733317,0.39865207951733317,False,False,0.3987864913950635,0.6071562411298085,2.7208075689050615,False
0.4,2.7144811573980587,3.611587754965047,0.6071562411298085,2.7208075689050615,2.7208895059374254,-0.006326411507002749,-0.006408348539366671,-0.0007690018247240004,0.0029130561908887187,0.3963147001825393,0.398458754548704,0.398458754548704,False,False,0.3982898204362663,0.612612431519372,2.728095194781724,False
0.402,2.7216608933417796,3.568129056234309,0.612612431519372,2.728095194781724,2.7296941252538858,-0.006434301439944168,-0.008033231912106142,-0.0009639878294527371,0.0029034163125941912,0.3962476256990286,0.39818705418217004,0.39818705418217004,False,False,0.39865207951733317,0.6180831127849453,2.735340632786697,False
0.404,2.7287535975565094,3.524556257895574,0.6180831127849453,2.735340632786697,2.737908977714144,-0.006587035230187777,-0.009155380157634507,-0.0010986456189161409,0.00289242985640503,0.39616925554528604,0.3979630397827749,0.3979630397827749,False,False,0.398458754548704,0.6235680851393918,2.742486177223201,False
0.406,2.735759043235774,3.4808707532950858,0.6235680851393918,2.742486177223201,2.7410720823234707,-0.006727133987427081,-0.005313039087696758,-0.0006375646905236109,0.0028860542094997937,0.3960795922273883,0.39832808174636447,0.39832808174636447,False,False,0.39818705418217004,0.6290671345801654,2.749524720386832,False
0.40800000000000003,2.742677006363403,3.4370739393831404,0.6290671345801654,2.749524720386832,2.7446760158983157,-0.006847714023428875,-0.0019990095349124992,-0.0002398811441894999,0.002883655398057899,0.39597863861253796,0.3986224128664064,0.3986224128664064,False,False,0.3979630397827749,0.6345800594427646,2.7564624312996466,False
0.41000000000000003,2.749507265720694,3.393167216669426,0.6345800594427646,2.7564624312996466,2.7573953952551116,-0.0069551655789528155,-0.007888129534417754,-0.0009465755441301304,0.0028741896426165976,0.39586639792897244,0.3977940120274589,0.3977940120274589,False,False,0.39832808174636447,0.640106783627739,2.763362092487193,False
0.41200000000000003,2.7562496028934858,3.3491519891782238,0.640106783627739,2.763362092487193,2.7661629598789195,-0.007112489593707139,-0.009913356985433719,-0.0011896028382520462,0.0028622936142340774,0.39574287376586076,0.3974155645418428,0.3974155645418428,False,False,0.3986224128664064,0.6456472170654255,2.770216718843277,False
0.41400000000000003,2.7629038022791415,3.3050296644035284,0.6456472170654255,2.770216718843277,2.771799026845262,-0.007312916564135463,-0.008895224566120685,-0.0010674269479344822,0.0028516193447547327,0.3956080700731885,0.39739226247000875,0.39739226247000875,False,False,0.3977940120274589,0.6512010355769225,2.776909255748502,False
0.41600000000000004,2.769469651093448,3.260801653264024,0.6512010355769225,2.776909255748502,2.775850055778666,-0.0074396046550537775,-0.006380404685217833,-0.00076564856222614,0.002843962859132471,0.39546199116163183,0.3975403054585382,0.3975403054585382,False,False,0.3974155645418428,0.6567680127671487,2.7834885951130532,False
0.418,2.7759469393774125,3.2164693700579754,0.6567680127671487,2.7834885951130532,2.7843412525723954,-0.0075416557356406955,-0.00839431319498285,-0.001007317583397942,0.0028338896832984916,0.39530464170241925,0.3971312138023198,0.3971312138023198,False,False,0.39739226247000875,0.6623479990971323,2.7899931649917993,False
0.42,2.782335460003984,3.172034232418001,0.6623479990971323,2.7899931649917993,2.7917385469982747,-0.007657704987815261,-0.00940308699429071,-0.001128370439314885,0.002822605978905343,0.3951360267271827,0.39683026226677315,0.39683026226677315,False,False,0.3975403054585382,0.6679408825514095,2.7964417271386037,False
0.422,2.788635008684671,3.1274976612657372,0.6679408825514095,2.7964417271386037,2.797971132749309,-0.0078067184539327705,-0.009336124064637907,-0.0011203348877565488,0.0028114026300277775,0.394956151627796,0.39664721937006725,0.39664721937006725,False,False,0.3971312138023198,0.6735464356822856,2.8027765654380468,False
0.424,2.7948453839760776,3.0828610807664103,0.6735464356822856,2.8027765654380468,2.804507897769874,-0.007931181461969139,-0.009662513793796457,-0.0011595016552555747,0.0027998076134752217,0.39476502215620335,0.396405328114423,0.396405328114423,False,False,0.39683026226677315,0.6791644561869832,2.8090102523488323,False
0.426,2.800966387286344,3.038125918283281,0.6791644561869832,2.8090102523488323,2.8117550988634137,-0.00804386506248811,-0.01078871157706951,-0.0012946453892483411,0.0027868611595827384,0.39456264442423455,0.3960548601945689,0.3960548601945689,False,False,0.39664721937006725,0.6847947686767346,2.8151562448757272,False
0.428,2.8069978228814962,2.9932936043320155,0.6847947686767346,2.8151562448757272,2.810713487258722,-0.008158421994231002,-0.0037156643772258136,-0.0004458797252670976,0.0027824023623300672,0.39434902490340995,0.3966855475404729,0.3966855475404729,False,False,0.396405328114423,0.6904371873680911,2.8212093456782474,False
0.43,2.8129394978917066,2.94836557253493,0.6904371873680911,2.8212093456782474,2.822935736419052,-0.00826984778654083,-0.009996238527345547,-0.0011995486232814657,0.0027704068760972525,0.3941241704247335,0.3956950286775493,0.3956950286775493,False,False,0.3960548601945689,0.6960915057841185,2.8271592080136636,False
0.432,2.818791222317461,2.9033432595751516,0.6960915057841185,2.8271592080136636,2.827273658713008,-0.008367985696202673,-0.008482436395547133,-0.0010178923674656558,0.0027602279524225957,0.39388808817847426,0.3956304237634312,0.3956304237634312,False,False,0.3966855475404729,0.7017577251711202,2.833109693500875,False
0.434,2.824552809035632,2.858228105150682,0.7017577251711202,2.833109693500875,2.8352276961437144,-0.008556884465242831,-0.010674887108082398,-0.0012809864529698877,0.0027474180878928967,0.39364078571393646,0.39510721734885945,0.39510721734885945,False,False,0.3956950286775493,0.707435507282065,2.838891055472366,False
0.436,2.8302240738054665,2.8130215519283475,0.707435507282065,2.838891055472366,2.8407064268338136,-0.00866698166689961,-0.010482353028347102,-0.0012578823634016522,0.00273483926425888,0.3933822709392179,0.39485922784007516,0.39485922784007516,False,False,0.3956304237634312,0.71312471147427,2.8446020961025362,False
0.438,2.835804835274476,2.7677250454976803,0.71312471147427,2.8446020961025362,2.841182541230198,-0.008797260828060427,-0.0053777059557220674,-0.000645324714686648,0.002728386017112014,0.39311255212095786,0.3951956134233832,0.3951956134233832,False,False,0.39510721734885945,0.7188251026203173,2.8501955730236417,False
0.44,2.841294914984233,2.722340034324679,0.7188251026203173,2.8501955730236417,2.8473068948177067,-0.00890065803940887,-0.006011979833473902,-0.0007214375800168682,0.0027211716413118453,0.39283163788407144,0.39483137194536644,0.39483137194536644,False,False,0.39485922784007516,0.7245365058079142,2.8557015937984294,False
0.442,2.846694137376082,2.676867969705503,0.7245365058079142,2.8557015937984294,2.8530769515262544,-0.00900745642234746,-0.0063828141501725,-0.0007659376980207,0.002713512264331638,0.39253953721147505,0.394487111777786,0.394487111777786,False,False,0.3951956134233832,0.7302588704154641,2.8611823037749553,False
0.444,2.8520023297967496,2.6313103057200524,0.7302588704154641,2.8611823037749553,2.861116060175038,-0.009179973978205691,-0.00911373037828822,-0.0010936476453945864,0.0027025757878776924,0.3922362594437982,0.3938451875862813,0.3938451875862813,False,False,0.39483137194536644,0.7359919996669798,2.8665646257578627,False
0.446,2.8572193225038696,2.5856684991854753,0.7359919996669798,2.8665646257578627,2.869170704097579,-0.009345303253993187,-0.011951381593709343,-0.0014341657912451211,0.002688234129965241,0.3919218142790856,0.3931758826178057,0.3931758826178057,False,False,0.394487111777786,0.7417357031337997,2.8718517334099154,False
0.448,2.8623449486714057,2.539944009609588,0.7417357031337997,2.8718517334099154,2.873151321362806,-0.009506784738509744,-0.010806372691400501,-0.0012967647229680601,0.0026752664827355607,0.39159621177248644,0.39297471353225394,0.39297471353225394,False,False,0.3938451875862813,0.7474897301500607,2.87701350813051,False
0.45,2.8673790443949905,2.4941382991441903,0.7474897301500607,2.87701350813051,2.877333403501757,-0.00963446373551946,-0.009954359106766564,-0.0011945230928119875,0.002663321251807441,0.3912594623359329,0.39272826049492837,0.39272826049492837,False,False,0.3931758826178057,0.7532538270720688,2.8820484610040302,False
0.452,2.872321448697165,2.448252832538326,0.7532538270720688,2.8820484610040302,2.8837880082935605,-0.009727012306865124,-0.01146655959639542,-0.0013759871515674504,0.0026495613802917663,0.3909115767378077,0.392185150966532,0.392185150966532,False,False,0.39297471353225394,0.7590278410719346,2.8870069999328822,False
0.454,2.877172003532527,2.402289077091429,0.7590278410719346,2.8870069999328822,2.8863398404890908,-0.009834996400355234,-0.009167836956563757,-0.0011001404347876509,0.00263855997594389,0.3905525661025992,0.39209098564375544,0.39209098564375544,False,False,0.39272826049492837,0.7648116115194443,2.89188522375489,False
0.456,2.881930553792784,2.3562485026064093,0.7648116115194443,2.89188522375489,2.895785405804496,-0.009954669962105811,-0.01385485201171166,-0.0016625822414053993,0.002621934153529836,0.3901824419105459,0.39114179382267034,0.39114179382267034,False,False,0.392185150966532,0.7706049174305717,2.896652955563684,False
0.458,2.8865969473117135,2.31013258134266,0.7706049174305717,2.896652955563684,2.8973824238222794,-0.010056008251970727,-0.010785476510565939,-0.0012942571812679126,0.002608991581717157,0.38980121599726947,0.39111595039771874,0.39111595039771874,False,False,0.39209098564375544,0.7764076342593259,2.9013584143771296,False
0.46,2.891171034870029,2.263942787968961,0.7764076342593259,2.9013584143771296,2.900342109501401,-0.01018737950710058,-0.009171074631372012,-0.0011005289557646414,0.0025979862921595106,0.389408900553396,0.3909063578897909,0.3909063578897909,False,False,0.39114179382267034,0.7822194597868593,2.905912763766659,False
0.462,2.8956526702001524,2.2176805995163416,0.7822194597868593,2.905912763766659,2.9037565587864163,-0.0102600935665067,-0.008103888586263874,-0.0009724666303516649,0.002588261625855994,0.3890055081241664,0.39062130311967075,0.39062130311967075,False,False,0.39111595039771874,0.7880402884653727,2.9104143392566897,False
0.464,2.900041709990889,2.171347495330833,0.7880402884653727,2.9104143392566897,2.9097179482511764,-0.010372629265800626,-0.009676238260287295,-0.0011611485912344753,0.0025766501399436493,0.3885910516090349,0.3900065531577441,0.3900065531577441,False,False,0.3909063578897909,0.7938699774304528,2.914844482540108,False
0.466,2.9043380138920134,2.124944957026171,0.7938699774304528,2.914844482540108,2.9152254062435543,-0.010506468648094458,-0.010887392351540903,-0.0013064870821849082,0.0025635852691218,0.388165544261257,0.38942264244819386,0.38942264244819386,False,False,0.39062130311967075,0.7997083695865086,2.91919607802786,False
0.468,2.908541444518755,2.0784744684364207,0.7997083695865086,2.91919607802786,2.9210352622536098,-0.010654633509104894,-0.012493817734854584,-0.0014992581281825501,0.0025485926878399748,0.3877289996874655,0.38877833424712294,0.38877833424712294,False,False,0.3900065531577441,0.8055552405269933,2.923435470242371,False
0.47000000000000003,2.912651867456193,2.031937515568516,0.8055552405269933,2.923435470242371,2.924568420679623,-0.010783602786177848,-0.011916553223429993,-0.001429986386811599,0.0025342928239718587,0.38728143184723524,0.3883857382843955,0.3883857382843955,False,False,0.38942264244819386,0.8114103747700886,2.927567121547609,False
0.47200000000000003,2.9166691512635525,1.9853355865547548,0.8114103747700886,2.927567121547609,2.9276029536504837,-0.01089797028405659,-0.010933802386931202,-0.0013120562864317442,0.0025211722611075413,0.38682285505263686,0.3880319710273127,0.3880319710273127,False,False,0.38877833424712294,0.8172735465556691,2.9315858927902245,False
0.47400000000000003,2.9205931674784096,1.9386701716052006,0.8172735465556691,2.9315858927902245,2.9320300676934363,-0.010992725311814944,-0.011436900215026746,-0.0013724280258032096,0.002507447980849509,0.3863532839677792,0.38748830392282546,0.38748830392282546,False,False,0.3883857382843955,0.8231445853138923,2.9355193791116183,False
0.47600000000000003,2.924423790620799,1.8919427629600338,0.8231445853138923,2.9355193791116183,2.9398064571545777,-0.011095588490819264,-0.015382666533778622,-0.0018459199840534346,0.0024889887810089746,0.38587273360834007,0.3865158024052956,0.3865158024052956,False,False,0.3880319710273127,0.8290233304807786,2.9393725834431073,False
0.47800000000000004,2.928160898197225,1.8451548548418386,0.8290233304807786,2.9393725834431073,2.938636900028109,-0.01121168524588212,-0.01047600183088404,-0.001257120219706085,0.0024764175788119136,0.3853812193410865,0.3866005167001923,0.3866005167001923,False,False,0.38748830392282546,0.8349095834925859,2.9431265059036864,False
0.48,2.9318043707045804,1.7983079434078135,0.8349095834925859,2.9431265059036864,2.9426647822963186,-0.011322135199105965,-0.010860411591738117,-0.001303249391008574,0.002463385084901828,0.38487875688338297,0.3860388925772762,0.3860388925772762,False,False,0.3865158024052956,0.8408030581708013,2.946737339107671,False
0.482,2.9353540916339673,1.7514035267019312,0.8408030581708013,2.946737339107671,2.9449140267836547,-0.011383247473703673,-0.009559935149687337,-0.0011471922179624805,0.0024519131627222033,0.38436536230268903,0.3856700832474487,0.3856700832474487,False,False,0.3866005167001923,0.8467036928633801,2.950317346289431,False
0.484,2.9388099474744225,1.7044431046070354,0.8467036928633801,2.950317346289431,2.9485981088835778,-0.011507398815008507,-0.009788161409155283,-0.0011745793690986338,0.002440167369031217,0.38384105201604574,0.38510664001597833,0.38510664001597833,False,False,0.3860388925772762,0.8526112912531605,2.953799194890186,False
0.486,2.9421718277165465,1.657428178796883,0.8526112912531605,2.953799194890186,2.9533181853468173,-0.011627367173639325,-0.011146357630270831,-0.0013375629156324998,0.002426791739874892,0.38330584278954993,0.3843950716137923,0.3843950716137923,False,False,0.3856700832474487,0.8585256995564922,2.9572041516658514,False
0.488,2.9454396248560397,1.6103602526881124,0.8585256995564922,2.9572041516658514,2.9573134031760837,-0.01176452680981166,-0.011873778320043993,-0.001424853398405279,0.002412543205890839,0.382759751737819,0.38374744154530455,0.38374744154530455,False,False,0.38510664001597833,0.8644467249241155,2.9605126838116522,False
0.49,2.9486132343971376,1.563240831392183,0.8644467249241155,2.9605126838116522,2.956080570499043,-0.011899449414514596,-0.007467336101905531,-0.0008960803322286637,0.0024035824025685527,0.38220279632344295,0.38371029839378284,0.38371029839378284,False,False,0.3843950716137923,0.8703741456095287,2.963710342706659,False
0.492,2.9516925548559536,1.516071421667233,0.8703741456095287,2.963710342706659,2.9647935968063384,-0.012017787850705286,-0.01310104195038475,-0.0015721250340461701,0.002387861152228091,0.38163499435642617,0.3824507304746081,0.3824507304746081,False,False,0.38374744154530455,0.8763077556926436,2.9668050415574334,False
0.494,2.954677487763724,1.4688535318699014,0.8763077556926436,2.9668050415574334,2.9692379404454727,-0.012127553793709556,-0.014560452681748881,-0.0017472543218098656,0.0023703886090099924,0.3810563639936181,0.3816794982808182,0.3816794982808182,False,False,0.38371029839378284,0.8822474793527518,2.969861830054103,False
0.496,2.957567937669956,1.4215886719071018,0.8822474793527518,2.969861830054103,2.96869557968904,-0.012293892384147131,-0.011127642019084227,-0.0013353170422901073,0.002357035438587091,0.3804669237381324,0.3814886421344294,0.3814886421344294,False,False,0.3824507304746081,0.8881929856276449,2.9727531374465754,False
0.498,2.9603638121454825,1.3742783531877252,0.8881929856276449,2.9727531374465754,2.97111525642374,-0.012389325301092935,-0.010751444278257694,-0.0012901733133909232,0.002344133705453182,0.3798666924387554,0.38092065283081766,0.38092065283081766,False,False,0.3816794982808182,0.8941440494507534,2.975531911554225,False
0.5,2.9630650217854133,1.3269240885743248,0.8941440494507534,2.975531911554225,2.9752302721038446,-0.012466889768811829,-0.012165250318431298,-0.0014598300382117557,0.0023295354050710646,0.3792556892893434,0.3801253946562027,0.3801253946562027,False,False,0.3814886421344294,0.9001005697601755,2.9782601547110508,False
0.502,2.9656714802119986,1.2795273923347246,0.9001005697601755,2.9782601547110508,2.980265992867367,-0.01258867449905221,-0.014594512655368597,-0.0017513415186442315,0.0023120219898846222,0.3786339338282084,0.37919461429944884,0.37919461429944884,False,False,0.38092065283081766,0.9060623676335675,2.9808989366960166,False
0.504,2.9681831040773883,1.2320897800936033,0.9060623676335675,2.9808989366960166,2.9829096057659354,-0.012715832618628298,-0.014726501688547167,-0.0017671802026256599,0.0022943501878583657,0.37800144593749435,0.3785286159227271,0.3785286159227271,False,False,0.3801253946562027,0.9120292185255942,2.9834254460133085,False
0.506,2.9705998130662996,1.1846127687840342,0.9120292185255942,2.9834254460133085,2.9828009491795653,-0.012825632947008891,-0.012201136113265676,-0.0014641363335918811,0.002279708824522447,0.3773582458425403,0.37817381833347086,0.37817381833347086,False,False,0.37919461429944884,0.9180008719811864,2.9858267277961406,False
0.508,2.972921529898581,1.1370978765989637,0.9180008719811864,2.9858267277961406,2.9853127509434514,-0.012905197897559617,-0.012391221044870449,-0.0014869465253844537,0.0022648393592686025,0.3767043541112341,0.3774822469451182,0.3774822469451182,False,False,0.3785286159227271,0.9239771357438377,2.9881318813256077,False
0.51,2.9751481803316886,1.0895466229426793,0.9239771357438377,2.9881318813256077,2.988342843190027,-0.0129837009939191,-0.013194662858338368,-0.0015833595430006042,0.0022490057638385966,0.37603979165335505,0.376705437874193,0.376705437874193,False,False,0.37817381833347086,0.9299578848358704,2.990374546016341,False
0.512,2.977279693163057,1.0419605283822093,0.9299578848358704,2.990374546016341,2.988734740274628,-0.013094852853284156,-0.01145504711157086,-0.0013746056533885031,0.0022352597073047116,0.3753645797199044,0.3762252337738206,0.3762252337738206,False,False,0.3774822469451182,0.9359429251333083,2.992520148718997,False
0.514,2.9793160002323784,0.9943411145987041,0.9359429251333083,2.992520148718997,2.9965289766647514,-0.01320414848661855,-0.01721297643237296,-0.0020655571718847555,0.002214604135585864,0.3746787399024267,0.37482778686612783,0.37482778686612783,False,False,0.376705437874193,0.9419320467975505,2.9945608321210777,False
0.516,2.981257036423779,0.9466899043387837,0.9419320467975505,2.9945608321210777,2.9942601892418406,-0.013303795697298781,-0.013003152818061636,-0.0015603783381673963,0.00219900035220419,0.37398229413231887,0.3746209161463557,0.3746209161463557,False,False,0.3762252337738206,0.9479251044057576,2.996528804103552,False
0.518,2.9831027396679035,0.89900842136583,0.9479251044057576,2.996528804103552,2.995313617089924,-0.01342606443564831,-0.012210877422020427,-0.0014653052906424512,0.0021843472992977655,0.37327526468012867,0.373994306688784,0.373994306688784,False,False,0.37482778686612783,0.9539217620636835,2.9983288289629537,False
0.52,2.9848530509439004,0.8512981904112761,0.9539217620636835,2.9983288289629537,3.0010837105438632,-0.013475778019053308,-0.016230659599962838,-0.0019476791519955404,0.00216487050777781,0.3725576741548432,0.37277486551062544,0.37277486551062544,False,False,0.3746209161463557,0.959921936875684,3.0000874060002394,False
0.522,2.9865079142813085,0.8035607371258359,0.959921936875684,3.0000874060002394,2.9984032511733574,-0.013579491718930914,-0.011895336892048913,-0.0014274404270458695,0.0021505961035073514,0.3718295455031655,0.37255270117962697,0.37255270117962697,False,False,0.373994306688784,0.9659254589643788,3.0017610443474245,False
0.524,2.988067276761846,0.7557975880307239,0.9659254589643788,3.0017610443474245,3.001286032084763,-0.013693767585578609,-0.013218755322917275,-0.001586250638750073,0.0021347335971198507,0.3710909020087806,0.3716393849671504,0.3716393849671504,False,False,0.37277486551062544,0.9719320361813133,3.0032886084672685,False
0.526,2.989531088521103,0.7080102704688462,0.9719320361813133,3.0032886084672685,3.0028957395521902,-0.013757519946165697,-0.013364651031087416,-0.0016037581237304899,0.002118696015882546,0.37034176729161145,0.3708567051837635,0.3708567051837635,False,False,0.37255270117962697,0.9779415884189476,3.0047761188171553,False
0.528,2.9908993027501376,0.6602003125559466,0.9779415884189476,3.0047761188171553,3.0029798095215314,-0.013876816067017739,-0.012080506771393829,-0.0014496608125672593,0.002104199407756873,0.36958216530706345,0.37023670390225305,0.37023670390225305,False,False,0.3716393849671504,0.983953891723601,3.0061516523267,False
0.53,2.992171875696971,0.6123692431317571,0.983953891723601,3.0061516523267,3.00405110577525,-0.013979776629728935,-0.011879230078279068,-0.001425507609393488,0.0020899443316629383,0.3688121203452581,0.3694765570675276,0.3694765570675276,False,False,0.3708567051837635,0.9899687519588127,3.0074301176058644,False
0.532,2.9933487666679865,0.5645185917110939,0.9899687519588127,3.0074301176058644,3.0089613899363084,-0.014081350937877879,-0.015612623268321801,-0.0018735147921986161,0.002071209183740952,0.3680316570302565,0.3682293514217988,0.3682293514217988,False,False,0.37023670390225305,0.9959860111871386,3.0086296141629334,False
0.534,2.9944299380292323,0.5166498884349628,0.9959860111871386,3.0086296141629334,3.0089299888627536,-0.0141996761337011,-0.01450005083352135,-0.001740006100022562,0.0020538091227407266,0.3672408003192723,0.36755460334199047,0.36755460334199047,False,False,0.3694765570675276,1.0020054838610177,3.0097363369396137,False
0.536,2.9954153552076233,0.46876466402161615,1.0020054838610177,3.0097363369396137,3.0102374827052807,-0.014320981731990479,-0.014822127497657434,-0.001778655299718892,0.0020360225697435377,0.36643957550187284,0.36669694277189746,0.36669694277189746,False,False,0.3682293514217988,1.0080268844828701,3.010700310926253,False
0.538,2.9963049866920475,0.4208644497176094,1.0080268844828701,3.010700310926253,3.0101657339525776,-0.014395324234205642,-0.013860747260530104,-0.0016632896712636125,0.0020193896730309017,0.365628008199171,0.3659841082009383,0.3659841082009383,False,False,0.36755460334199047,1.0140500505660048,3.01158304156738,False
0.54,2.997098804034374,0.3729507772488421,1.0140500505660048,3.01158304156738,3.009921424718451,-0.014484237533006095,-0.012822620684076913,-0.0015387144820892295,0.0020040025282100095,0.3648061243630061,0.36527141240912686,0.36527141240912686,False,False,0.36669694277189746,1.0200747831082546,3.012366271124874,False
0.542,2.9977967818503624,0.32502517877156406,1.0200747831082546,3.012366271124874,3.0135611340162107,-0.014569489274511849,-0.015764352165848372,-0.0018917222599018045,0.0019850853056109915,0.36397395027511337,0.36406731332082254,0.36406731332082254,False,False,0.3659841082009383,1.026100915621656,3.013066256700691,False
0.544,2.9983988978204725,0.27708918682339534,1.026100915621656,3.013066256700691,3.0148913765360046,-0.01466735888021864,-0.016492478715532055,-0.0019790974458638467,0.001965294331152353,0.36313151254628395,0.36311770943157246,0.36311770943157246,False,False,0.36527141240912686,1.0321282834775862,3.013683927965129,False
0.546,2.998905132690582,0.22914433427430717,1.0321282834775862,3.013683927965129,3.0119710345073356,-0.014778795274547285,-0.013065901816753822,-0.0015679082180104587,0.0019496152489722487,0.3622788381155139,0.3626605451464757,0.3626605451464757,False,False,0.36406731332082254,1.038156620957699,3.014168740056321,False
0.548,2.9993154702725993,0.18119215427760993,1.038156620957699,3.014168740056321,3.0129702212698226,-0.01485326978372159,-0.013654750997223353,-0.0016385701196668023,0.0019332295477755806,0.3614159542491428,0.3617106136772516,0.3617106136772516,False,False,0.36311770943157246,1.04418571855596,3.0145487991305826,False
0.55,2.999629897444982,0.13323418022093272,1.04418571855596,3.0145487991305826,3.0138784205632465,-0.014918901685600616,-0.014248523118264522,-0.0017098227741917426,0.0019161313200336632,0.36054288853998173,0.36074919708582365,0.36074919708582365,False,False,0.3626605451464757,1.0502154721860997,3.014876815069832,False
0.552,2.9998484041531555,0.08527194567717614,1.0502154721860997,3.014876815069832,3.0188887779150386,-0.015028410916676727,-0.019040373761883167,-0.00228484485142598,0.0018932828715194033,0.35965966890643086,0.3592681069265243,0.3592681069265243,False,False,0.3617106136772516,1.0562456757209564,3.0151017674283156,False
0.554,2.9999709834098365,0.037306984355487835,1.0562456757209564,3.0151017674283156,3.017387701057672,-0.015130784018479115,-0.0174167176478357,-0.002090006117740284,0.0018723828103420004,0.358766323591587,0.3585487002841887,0.3585487002841887,False,False,0.36074919708582365,1.0622761228944433,3.015223586743407,False
0.556,2.999997631295255,-0.010659169947794853,1.0622761228944433,3.015223586743407,3.0131892056083402,-0.015225955448151751,-0.013191574313085042,-0.001582988917570205,0.0018565529211662984,0.35786288116234005,0.3581364451659361,0.3581364451659361,False,False,0.3592681069265243,1.0683065008887116,3.0151889971341688,False
0.558,2.999928346957281,-0.05862498339818609,1.0683065008887116,3.0151889971341688,3.0161785486824537,-0.015260650176887935,-0.016250201725172886,-0.0019500242070207463,0.001837052679096091,0.3569493705084599,0.3568363989805352,0.3568363989805352,False,False,0.3585487002841887,1.07433665982095,3.0150794661192464,False
0.56,2.9997631326114482,-0.106588922172094,1.07433665982095,3.0150794661192464,3.01397684827247,-0.015316333507798152,-0.014213715661021809,-0.0017056458793226169,0.0018199962203028649,0.35602582084167217,0.3561401711826524,0.3561401711826524,False,False,0.3581364451659361,1.0803665157734292,3.014927976239616,False
0.562,2.999501993540888,-0.15454945250588156,1.0803665157734292,3.014927976239616,3.015842939043543,-0.015425982698727747,-0.016340945502654858,-0.001960913460318583,0.001800387085699679,0.3550922616947246,0.3549317353201057,0.3549317353201057,False,False,0.3568363989805352,1.0863957998480356,3.0146420373031426,False
0.5640000000000001,2.9991449380961583,-0.20250504074489742,1.0863957998480356,3.0146420373031426,3.013899065573709,-0.015497099206984277,-0.014754127477550671,-0.0017704952973060805,0.0017826821327266182,0.3541487229204423,0.35416090975586284,0.35416090975586284,False,False,0.3561401711826524,1.0924243725419962,3.014286346980361,False
0.5660000000000001,2.9986919776949743,-0.25045415339253135,1.0924243725419962,3.014286346980361,3.015568895498385,-0.015594369285386822,-0.016876917803410496,-0.0020252301364092596,0.0017624298313625255,0.35319523469077324,0.3529324343857265,0.3529324343857265,False,False,0.3549317353201057,1.0984519886300885,3.013808044046117,False
0.5680000000000001,2.9981431268218475,-0.2983952571592459,1.0984519886300885,3.013808044046117,3.016534561762878,-0.015664917224269548,-0.01839143494103057,-0.0022069721929236685,0.0017403601094332889,0.3522318274958234,0.351765215412333,0.351765215412333,False,False,0.35416090975586284,1.1044784972183064,3.0132542941089127,False
0.5700000000000001,2.9974984030276204,-0.3463268190116015,1.1044784972183064,3.0132542941089127,3.0132800215421685,-0.015755891081292273,-0.015781618514548068,-0.001893794221745768,0.0017214221672158313,0.35125853214288194,0.35108616008835203,0.35108616008835203,False,False,0.3529324343857265,1.1105036532398902,3.0125780107919518,False
0.5720000000000001,2.9967578269289046,-0.394247306221292,1.1105036532398902,3.0125780107919518,3.012204870483099,-0.015820183863047177,-0.015447043554194462,-0.0018536452265033353,0.001702885714950798,0.3502753797554359,0.35012462024388336,0.35012462024388336,False,False,0.351765215412333,1.1165272271492683,3.0117869546890508,False
0.5740000000000001,2.995921422207422,-0.44215518641414225,1.1165272271492683,3.0117869546890508,3.013033518857559,-0.015865532481628808,-0.017112096650137243,-0.0020534515980164692,0.0016823511989706333,0.3492824017721746,0.3489113013731288,0.3489113013731288,False,False,0.35108616008835203,1.1225490941455543,3.010933498142937,False
0.5760000000000001,2.99498921560925,-0.4900489276191229,1.1225490941455543,3.010933498142937,3.0098314026872095,-0.015944282533687293,-0.01484218707795959,-0.0017810624493551507,0.0016645405744770817,0.34827962994598544,0.34816310807110734,0.34816310807110734,False,False,0.35012462024388336,1.1285690716477625,3.0099887511041197,False
0.578,2.9939612369439614,-0.5379269983173294,1.1285690716477625,3.0099887511041197,3.010091976010999,-0.01602751416015824,-0.01613073906703777,-0.0019356886880445322,0.0016451836875966365,0.3472670963429371,0.3469765913424892,0.3469765913424892,False,False,0.3489113013731288,1.134586926359725,3.008927355981262,False
0.58,2.992837519083676,-0.5857878674909673,1.134586926359725,3.008927355981262,3.011279270811943,-0.016089836897586363,-0.01844175172826734,-0.002213010207392081,0.0016230535855227156,0.3462448333412551,0.3456548767193857,0.3456548767193857,False,False,0.34816310807110734,1.1406025249470306,3.0077992936528006,False
0.582,2.9916180979620055,-0.6336300046722914,1.1406025249470306,3.0077992936528006,3.008571768349536,-0.016181195690795125,-0.016953670387530373,-0.0020344404465036446,0.0016027091810576792,0.34521287363028613,0.34478114236484014,0.34478114236484014,False,False,0.3469765913424892,1.1466156437564061,3.0065594046877777,False
0.584,2.990303012572908,-0.681451879992567,1.1466156437564061,3.0065594046877777,3.0052775527147135,-0.016256392114869733,-0.014974540141805548,-0.0017969448170166657,0.0015847397328875126,0.3441712502094528,0.3439590451253236,0.3439590451253236,False,False,0.3456548767193857,1.1526260332829437,3.0051947632688,False
0.586,2.988892304969439,-0.7292519642309738,1.1526260332829437,3.0051947632688,3.0081195159797747,-0.016302458299361167,-0.019227211010335754,-0.00230726532124029,0.0015616670796751097,0.34311999638719837,0.3423743981456332,0.3423743981456332,False,False,0.34478114236484014,1.1586335405714667,3.0037536442615225,False
0.588,2.987386020262405,-0.7770287288635209,1.1586335405714667,3.0037536442615225,3.0049429200556976,-0.01636762399911751,-0.01755689979329267,-0.0021068279751951203,0.0015405987999231585,0.34205914577992136,0.3414929166046494,0.3414929166046494,False,False,0.3439590451253236,1.1646380251610884,3.0022422948108414,False
0.59,2.985784206618925,-0.8247806461119177,1.1646380251610884,3.0022422948108414,2.9994675044386137,-0.01645808819191652,-0.0136832978196888,-0.001641995738362656,0.001524178842539532,0.3409887323109012,0.3408709154150781,0.3408709154150781,False,False,0.3423743981456332,1.170639188457604,3.0005816482577385,False
0.592,2.984086915260888,-0.8725061889924238,1.170639188457604,3.0005816482577385,2.9993046199298354,-0.01649473299685056,-0.015217704668947452,-0.0018261245602736941,0.001505917596936795,0.33990879020921294,0.33958858324587604,0.33958858324587604,False,False,0.3414929166046494,1.176636882391827,2.9988469671115476,False
0.594,2.982294200463314,-0.9202038313646907,1.176636882391827,2.9988469671115476,3.00068460623252,-0.016552766648233685,-0.01839040576920592,-0.0022068486923047105,0.0014838491100137479,0.3388193540086327,0.3380963544263418,0.3380963544263418,False,False,0.3408709154150781,1.1826310148573997,2.9970662327863624,False
0.596,2.9804061195526206,-0.9678720479805498,1.1826310148573997,2.9970662327863624,2.994831111487777,-0.016660113233741836,-0.014424991935156228,-0.0017309990322187474,0.0014665391196915605,0.3377204585465337,0.33745599863400655,0.33745599863400655,False,False,0.33958858324587604,1.188621356487611,2.9951708151055456,False
0.598,2.9784227329047894,-1.0155093145327991,1.188621356487611,2.9951708151055456,2.9973395607999858,-0.016748082200756187,-0.01891682789519633,-0.00227001934742356,0.0014438389262173249,0.3366121389627721,0.33578595854156584,0.33578595854156584,False,False,0.3380963544263418,1.1946076364850489,2.9931399987190215,False
0.6,2.9763441039434335,-1.0631141077039332,1.1946076364850489,2.9931399987190215,2.9935761287365383,-0.01679589477558796,-0.017232024793104816,-0.002067842975172578,0.001423160496465599,0.3354944306985631,0.33484974821985614,0.33484974821985614,False,False,0.33745599863400655,1.2005897654110202,2.99106446298564,False
0.602,2.9741702991377714,-1.1106849052148677,1.2005897654110202,2.99106446298564,2.9934717492571887,-0.016894163847868793,-0.019301450119417307,-0.002316174014330077,0.0013999987563222981,0.33436736949534784,0.33345119423734004,0.33345119423734004,False,False,0.33578595854156584,1.2065674391947812,2.988836891880464,False
0.604,2.9719013880005005,-1.1582201858736125,1.2065674391947812,2.988836891880464,2.990171427546398,-0.016935503879963676,-0.018270039545897454,-0.0021924047455076944,0.0013780747088672212,0.33323099139365053,0.33241666135701003,0.33241666135701003,False,False,0.33484974821985614,1.2125405107719063,2.9865357885625206,False
0.606,2.969537443085575,-1.205718429623909,1.2125405107719063,2.9865357885625206,2.9874573066134142,-0.016998345476945342,-0.01791986352783903,-0.0021503836233406834,0.0013565708726338143,0.33208533273192586,0.331291519981219,0.331291519981219,False,False,0.33345119423734004,1.2185087378802255,2.9841135541595865,False
0.608,2.967078539985886,-1.2531781175938512,1.2185087378802255,2.9841135541595865,2.982435562551067,-0.017035014173700347,-0.015357022565180678,-0.0018428427078216814,0.0013381424455555975,0.3309304301453969,0.33042572988313085,0.33042572988313085,False,False,0.33241666135701003,1.224471957146677,2.9816096332256916,False
0.61,2.9645247573308415,-1.3005977321444415,1.224471957146677,2.9816096332256916,2.982360483226522,-0.017084875894850082,-0.017835725895680277,-0.0021402871074816332,0.0013167395744807812,0.3297663205648839,0.3289427730318831,0.3289427730318831,False,False,0.331291519981219,1.2304299880208693,2.97901543709618,False
0.612,2.9618761767838557,-1.3479757569181323,1.2304299880208693,2.97901543709618,2.978961090809308,-0.017139260312324378,-0.017084914025452314,-0.0020501896830542776,0.0012962376776502384,0.32859304121562294,0.3278390892102189,0.3278390892102189,False,False,0.33042572988313085,1.2363827062452928,2.9763591122117328,False
0.614,2.959132883039736,-1.39531067688731,1.2363827062452928,2.9763591122117328,2.9742472782117355,-0.0172262291719969,-0.01511439517199964,-0.0018137274206399567,0.0012781004034438388,0.32741062961607587,0.32687500259887975,0.32687500259887975,False,False,0.3289427730318831,1.2423298596941008,2.9735767244039772,False
0.616,2.956294963821974,-1.4426009784027372,1.2423298596941008,2.9735767244039772,2.974725197858457,-0.017281760582003258,-0.01843023403648303,-0.002211628084377963,0.0012559841226000591,0.3262191235767305,0.3252634796149526,0.3252634796149526,False,False,0.3278390892102189,1.2482712784327354,2.9707093693173046,False
0.618,2.9533625098799416,-1.489845149241967,1.2482712784327354,2.9707093693173046,2.9711210614907944,-0.017346859437362916,-0.017758551610852713,-0.0021310261933023254,0.0012346738606670358,0.32501856119889133,0.32412220886625603,0.32412220886625603,False,False,0.32687500259887975,1.2542068236263837,2.9677725968240707,False
0.62,2.950335614985989,-1.5370416786576862,1.2542068236263837,2.9677725968240707,2.9691175378847805,-0.01743698183808151,-0.018781922898791326,-0.002253830747854959,0.0012121355531884862,0.32380898087346155,0.3227672856787951,0.3227672856787951,False,False,0.3252634796149526,1.26013622239371,2.9646993836631523,False
0.622,2.947214375932444,-1.5841890574260367,1.26013622239371,2.9646993836631523,2.9605189563764567,-0.01748500773070827,-0.013304580444012615,-0.0015965496532815138,0.001196170056655671,0.32259042127971493,0.32219004168308907,0.32219004168308907,False,False,0.32412220886625603,1.2660593033238352,2.961540465062634,False
0.624,2.9439988925285205,-1.6312857778948728,1.2660593033238352,2.961540465062634,2.9607706824648563,-0.01754157253411348,-0.016771789936335768,-0.002012614792360292,0.001176043908732068,0.3213629213840593,0.3205263505004311,0.3205263505004311,False,False,0.3227672856787951,1.2719758521515845,2.9582744138746553,False
0.626,2.940689267597123,-1.6783303340319655,1.2719758521515845,2.9582744138746553,2.9564168201925654,-0.01758514627753227,-0.01572755259544234,-0.0018873063114530808,0.0011571708456175373,0.3201265204387904,0.31939638497295486,0.31939638497295486,False,False,0.32219004168308907,1.2778858198128693,2.9549838306424445,False
0.628,2.9372856069715616,-1.7253212214731741,1.2778858198128693,2.9549838306424445,2.9564927707061543,-0.017698223670882918,-0.019207163734592747,-0.0023048596481511294,0.001134122249136026,0.3188812579808367,0.31771052058182164,0.31771052058182164,False,False,0.3205263505004311,1.283788930281579,2.9515552343548843,False
0.63,2.9337880194921655,-1.7722569375705381,1.283788930281579,2.9515552343548843,2.949619043258216,-0.017767214862718816,-0.01583102376605039,-0.0018997228519260466,0.0011151250206167655,0.31762717383049505,0.31684257599918575,0.31684257599918575,False,False,0.31939638497295486,1.2896850223279281,2.9480460231745984,False
0.632,2.930196617002805,-1.8191359814403405,1.2896850223279281,2.9480460231745984,2.9473863622103633,-0.017849406171793536,-0.01718974520755845,-0.002062769424907014,0.0010944973263676953,0.3163643080901574,0.3153960359916181,0.3153960359916181,False,False,0.31771052058182164,1.2955738200897084,2.9443988808901542,False
0.634,2.9265115143473115,-1.8659568540110962,1.2955738200897084,2.9443988808901542,2.9438501932357397,-0.01788736654284273,-0.017338678888428216,-0.002080641466611386,0.0010736909117015814,0.31509270114302834,0.31408575058811855,0.31408575058811855,False,False,0.31684257599918575,1.3014552220093247,2.940700959808158,False
0.636,2.9227328293658097,-1.912718058071484,1.3014552220093247,2.940700959808158,2.9441800061781267,-0.01796813044234824,-0.021447176812317004,-0.0025736612174780404,0.001047954299526801,0.3138123936518341,0.3122866867338829,0.3122866867338829,False,False,0.3153960359916181,1.307329006488108,2.9368922393916375,False
0.638,2.9188606828909447,-1.9594180983182354,1.307329006488108,2.9368922393916375,2.932495880386016,-0.01803155650069277,-0.01363519749507125,-0.00163622369940855,0.0010315920625327156,0.31252342655752147,0.3119187949206456,0.3119187949206456,False,False,0.31408575058811855,1.313194982895162,2.9329882035269614,False
0.64,2.9148951987440217,-2.0060554814039366,1.313194982895162,2.9329882035269614,2.9331666325602272,-0.018093004782939737,-0.01827143381620555,-0.0021925720579446663,0.0010096663419532689,0.31122584107794965,0.31004293536195826,0.31004293536195826,False,False,0.3122866867338829,1.3190528603453628,2.9289387251004464,False
0.642,2.910836503731044,-2.0526287159847945,1.3190528603453628,2.9289387251004464,2.9296402845784995,-0.018102221369402205,-0.018803780847455265,-0.0022564537016946315,0.0009871018049363225,0.3099196787065713,0.30865032680981297,0.30865032680981297,False,False,0.3119187949206456,1.3249026508380137,2.9248952463254434,False
0.644,2.9066847276386607,-2.0991363127683202,1.3249026508380137,2.9248952463254434,2.9242335579206977,-0.018210518686782695,-0.01754883028203702,-0.0021058596338444425,0.000966043208597878,0.3086049812111062,0.3074651647858596,0.3074651647858596,False,False,0.31004293536195826,1.330744050472938,2.9206998174621197,False
0.646,2.902440003230013,-2.145576784560948,1.330744050472938,2.9206998174621197,2.9174509327695874,-0.018259814232106653,-0.015010929539574391,-0.0018013115447489268,0.0009480300931503888,0.30728179063220556,0.30642850918060704,0.30642850918060704,False,False,0.30865032680981297,1.336576859883355,2.9164047052084627,False
0.648,2.8981024662404913,-2.1919486463156033,1.336576859883355,2.9164047052084627,2.9154426373060027,-0.01830223896797145,-0.017340171065511445,-0.0020808205278613733,0.000927221887871775,0.30595014928210745,0.30479655064211786,0.30479655064211786,False,False,0.3074651647858596,1.3424009253333984,2.912032725021728,False
0.65,2.893672255373394,-2.238250415179179,1.3424009253333984,2.912032725021728,2.913132324127919,-0.018360469648333932,-0.019460068754524773,-0.0023352082505429727,0.0009038698053663453,0.304610099743284,0.3031787612981074,0.3031787612981074,False,False,0.30642850918060704,1.34821612587445,2.907600270525878,False
0.652,2.8891495122954938,-2.284480610539963,1.34821612587445,2.907600270525878,2.906819779519065,-0.018450758230384334,-0.017670267223571123,-0.0021204320668285347,0.0008826654846980599,0.3032616848670798,0.3020239182849493,0.3020239182849493,False,False,0.30479655064211786,1.35402221723145,2.903045678500007,False
0.654,2.8845343816325033,-2.3306377540749796,1.35402221723145,2.903045678500007,2.905776469133229,-0.018511296867503635,-0.02124208750072576,-0.002549050500087091,0.000857174979697189,0.3019049477723409,0.300213072251951,0.300213072251951,False,False,0.3031787612981074,1.3598189607817897,2.8983717751698346,False
0.656,2.8798270109644553,-2.376720369797259,1.3598189607817897,2.8983717751698346,2.8966735441739027,-0.018544764205379316,-0.0168465332094474,-0.002021583985133688,0.0008369591398458521,0.30053993184403716,0.2993553069987493,0.2993553069987493,False,False,0.3020239182849493,1.3656062174668422,2.8936283425262577,False
0.658,2.8750275508209793,-2.422726984103045,1.3656062174668422,2.8936283425262577,2.8954585029154356,-0.018600791705278397,-0.020430952094456334,-0.00245171425133476,0.0008124419973325045,0.299166680731874,0.2975274084778718,0.2975274084778718,False,False,0.300213072251951,1.371383712390068,2.88874746161293,False
0.66,2.870136154676491,-2.468656125818907,1.371383712390068,2.88874746161293,2.8908960907215833,-0.018611306936438865,-0.020759936045092076,-0.002491192325411049,0.000787530074078394,0.2977852383488969,0.29608157609756425,0.29608157609756425,False,False,0.2993553069987493,1.3771513732515535,2.8838304307426808,False
0.662,2.865152978945284,-2.514506326248793,1.3771513732515535,2.8838304307426808,2.8811551739821164,-0.01867745179739666,-0.016002195036832312,-0.0019202634044198773,0.0007683274400341951,0.2963956488700873,0.2952437129057016,0.2952437129057016,False,False,0.2975274084778718,1.3829089254008713,2.878776074658962,False
0.664,2.860078182976525,-2.560276119220985,1.3829089254008713,2.878776074658962,2.8787510712364774,-0.01869789168243674,-0.01867288825995228,-0.0022407465911942737,0.0007459199741222524,0.2949979567309494,0.2935031301138774,0.2935031301138774,False,False,0.29608157609756425,1.3886561772113828,2.873625905255711,False
0.666,2.854911929049164,-2.6059640411349956,1.3886561772113828,2.873625905255711,2.8740027047836705,-0.018713976206547134,-0.019090775734506682,-0.002290893088140802,0.0007230110432408444,0.29359220662609037,0.29202432458119043,0.29202432458119043,False,False,0.2952437129057016,1.3943930664714834,2.868444630050314,False
0.668,2.849654382366738,-2.6515686310083617,1.3943930664714834,2.868444630050314,2.866639974102412,-0.018790247683575956,-0.016985591735673822,-0.0020382710082808586,0.0007026283331580357,0.29217844350778976,0.29084280083266695,0.29084280083266695,False,False,0.2935031301138774,1.400119342624533,2.863138076524797,False
0.67,2.844305711052096,-2.697088430523361,1.400119342624533,2.863138076524797,2.862796844746908,-0.01883236547270073,-0.0184911336948117,-0.002218936043377404,0.0006804389727242617,0.29075671258456326,0.28921821551391014,0.28921821551391014,False,False,0.29202432458119043,1.4058348126843834,2.8577350299251645,False
0.672,2.8388660861420156,-2.7425219840736546,1.4058348126843834,2.8577350299251645,2.8583770498837606,-0.01886894378314885,-0.01951096374174499,-0.002341315649009399,0.0006570258162341677,0.28932705931971603,0.2876427694869408,0.2876427694869408,False,False,0.29084280083266695,1.4115393480371057,2.8522676763611106,False
0.674,2.833335681581739,-2.787867838810824,1.4115393480371057,2.8522676763611106,2.8513310683424122,-0.018931994779371575,-0.01799538676067325,-0.0021594464112807896,0.0006354313521213598,0.2878895294298899,0.28636551437073043,0.28636551437073043,False,False,0.28921821551391014,1.4172327287058502,2.8466903343721817,False
0.676,2.8277146742194073,-2.8331245446908357,1.4172327287058502,2.8466903343721817,2.8433802506820096,-0.01897566015277441,-0.01566557646260236,-0.001879869175512283,0.000616632660366237,0.2864441688836005,0.2851809323684545,0.2851809323684545,False,False,0.2876427694869408,1.4229147474218147,2.8410093579822653,False
0.678,2.822003243800407,-2.87829065452041,1.4229147474218147,2.8410093579822653,2.8439631474907,-0.01900611418185827,-0.021959903690293103,-0.0026351884428351723,0.0005902807759378853,0.28499102389976794,0.28294611623287064,0.28294611623287064,False,False,0.28636551437073043,1.4285852616358032,2.8352571069943022,False
0.68,2.816201572961622,-2.9233647240032905,1.4285852616358032,2.8352571069943022,2.8365238183427515,-0.01905553403268012,-0.020322245381129367,-0.002438669445735524,0.0005658940814805301,0.28353014094623874,0.28165736558198373,0.28165736558198373,False,False,0.2851809323684545,1.434244149771426,2.829444067811384,False
0.682,2.8103098472255934,-2.9683453117864413,1.434244149771426,2.829444067811384,2.830432669777598,-0.01913422058579073,-0.020122822552004482,-0.002414738706240538,0.0005417466944181246,0.28206156673829963,0.28018857472647724,0.28018857472647724,False,False,0.28294611623287064,1.439891071670425,2.8234609494994234,False
0.684,2.8043282549945863,-3.013230979506125,1.439891071670425,2.8234609494994234,2.825386493706646,-0.019132694504837122,-0.021058238712059918,-0.00252698864544719,0.0005164768079636528,0.28058534823718406,0.27857483639970054,0.27857483639970054,False,False,0.28165736558198373,1.4455258890196214,2.8174086745982514,False
0.686,2.7982569875445655,-3.058020291833909,1.4455258890196214,2.8174086745982514,2.81493303810408,-0.019151687053685862,-0.016676050559514266,-0.0020011260671417117,0.0004964655472922357,0.2791015326485704,0.2775968721287209,0.2775968721287209,False,False,0.28018857472647724,1.451148427326065,2.8112691532218337,False
0.6880000000000001,2.7920962390190796,-3.1027118165225587,1.451148427326065,2.8112691532218337,2.8097924125287053,-0.019172914202754132,-0.017696173509625712,-0.0021235408211550855,0.00047523013908068484,0.27761016742107203,0.27596185673899765,0.27596185673899765,False,False,0.27857483639970054,1.4567584836631724,2.805028168553683,False
0.6900000000000001,2.7858462064230523,-3.147304124451833,1.4567584836631724,2.805028168553683,2.807054187474004,-0.019181962130630836,-0.021207981050951563,-0.0025449577261141875,0.000449780561819543,0.27611130024472097,0.27401612308042633,0.27401612308042633,False,False,0.2775968721287209,1.4623559904659433,2.7987534013854787,False
0.6920000000000001,2.7795070896164815,-3.191795789674192,1.4623559904659433,2.7987534013854787,2.7965264344763234,-0.01924631176899716,-0.01701934485984191,-0.002042321383181029,0.0004293573479877327,0.2746049790494418,0.2729920150142485,0.2729920150142485,False,False,0.27596185673899765,1.4679407433260308,2.792376430043728,False
0.6940000000000001,2.773079091308052,-3.2361853894603896,1.4679407433260308,2.792376430043728,2.793546955327387,-0.019297338735676295,-0.020467864019335202,-0.0024561436823202242,0.00040479591116453044,0.27309125200351975,0.27103990423236407,0.27103990423236407,False,False,0.27401612308042633,1.4735124750180204,2.7858658459948162,False
0.6960000000000001,2.766562417048648,-3.28047150434497,1.4735124750180204,2.7858658459948162,2.784226946530956,-0.01930342894616821,-0.017664529482308122,-0.0021197435378769746,0.0003835984757857607,0.2715701675120601,0.2698340224499689,0.2698340224499689,False,False,0.2729920150142485,1.4790711142420934,2.7793196120364914,False
0.6980000000000001,2.759957275224785,-3.3246527181716625,1.4790711142420934,2.7793196120364914,2.782439855093305,-0.019362336811706182,-0.02248257986851998,-0.0026979095842223975,0.0003566193799435367,0.2700417742154403,0.2677004840111614,0.2677004840111614,False,False,0.27103990423236407,1.4846163961590362,2.7726409584714435,False
0.7000000000000001,2.7532638770519435,-3.3687276181386556,1.4846163961590362,2.7726409584714435,2.769986144120947,-0.01937708141950001,-0.016722267069003482,-0.002006672048280418,0.00033655265946073255,0.2685061209877546,0.26683600159893495,0.26683600159893495,False,False,0.2698340224499689,1.4901482151010543,2.765909471009021,False
0.7020000000000001,2.7464824365678147,-3.412694794843791,1.4901482151010543,2.765909471009021,2.7659464953287385,-0.019427034441206192,-0.01946405876092383,-0.0023356870513108596,0.00031319578894762397,0.26696325693525136,0.2649407656728881,0.2649407656728881,False,False,0.2677004840111614,1.4956662723112462,2.7590286050958657,False
0.704,2.739613170625459,-3.456552842329614,1.4956662723112462,2.7590286050958657,2.7572396282622917,-0.019415434470406723,-0.017626457636832793,-0.002115174916419935,0.00029204403978342464,0.26541323139476264,0.26359010051812615,0.26359010051812615,False,False,0.26683600159893495,1.5011705380566762,2.752132872715007,False
0.706,2.7326562988863667,-3.500300358128353,1.5011705380566762,2.752132872715007,2.750592832478758,-0.01947657382864021,-0.017936533592391335,-0.00215238403108696,0.000270520199472555,0.26385609393212617,0.26197423010051174,0.26197423010051174,False,False,0.2649407656728881,1.506660767092093,2.7451145177084304,False
0.708,2.7256120438134386,-3.54393594330675,1.506660767092093,2.7451145177084304,2.7400862943080337,-0.019502473894991823,-0.014474250494595164,-0.0017369100593514198,0.0002531510988790408,0.26229189434060085,0.2608081353801285,0.2608081353801285,False,False,0.26359010051812615,1.5121368309011431,2.7380319045250348,False
0.71,2.7184806306638696,-3.587458202510798,1.5121368309011431,2.7380319045250348,2.738993362916228,-0.019551273861165175,-0.02051273225235839,-0.0024615278702830065,0.00022853582017621075,0.2607206826392746,0.2584876905891678,0.2584876905891678,False,False,0.26197423010051174,1.517598546846486,2.7308579726714974,False
0.712,2.7112622874819468,-3.6308657440103698,1.517598546846486,2.7308579726714974,2.729596676370109,-0.019595685189550682,-0.018334388888162412,-0.0022001266665794893,0.00020653455351041586,0.2591425090714644,0.2571489169583953,0.2571489169583953,False,False,0.2608081353801285,1.5230458284813682,2.723640817441053,False
0.714,2.7039572450917553,-3.6741571797437125,1.5230458284813682,2.723640817441053,2.720087539849555,-0.01968357234929785,-0.016130294757799923,-0.0019356353709359907,0.00018717819980105594,0.25755742410310967,0.25580896693197475,0.25580896693197475,False,False,0.2584876905891678,1.5284783485891542,2.716260053893079,False
0.716,2.6965657370897986,-3.717331125361843,1.5284783485891542,2.716260053893079,2.7191068669809635,-0.019694316803280376,-0.022541129891164857,-0.0027049355869397827,0.0001601288439316581,0.25596547842115885,0.25342067167815074,0.25342067167815074,False,False,0.2571489169583953,1.5338959891118233,2.708820261334571,False
0.718,2.68908799983753,-3.760386200272798,1.5338959891118233,2.708820261334571,2.713807583036763,-0.019732261497041215,-0.024719583199233064,-0.0029663499839079678,0.00013046534409257845,0.25436672293194856,0.2515308382921332,0.2515308382921332,False,False,0.25580896693197475,1.539298633042885,2.701321965530867,False
0.72,2.6815242724537915,-3.803321027685806,1.539298633042885,2.701321965530867,2.7017849016364277,-0.01979769307707535,-0.02026062918263616,-0.002431275501916339,0.00010615258907341506,0.2527612087595754,0.2504360858467325,0.2504360858467325,False,False,0.25342067167815074,1.5446859451392776,2.6936560481962504,False
0.722,2.673874796807169,-3.8461342346552985,1.5446859451392776,2.6936560481962504,2.694503849954324,-0.019781251389081156,-0.020629053147154686,-0.0024754863776585622,8.139772529682944e-05,0.2511489872442613,0.2487548985918996,0.2487548985918996,False,False,0.2515308382921332,1.5500576982210474,2.685876540884968,False
0.724,2.666139817508258,-3.8888244521248154,1.5500576982210474,2.685876540884968,2.6835486907138515,-0.019736723376710064,-0.0174088732055937,-0.002089064784671244,6.0507077450117e-05,0.24953010994071181,0.24750155223349068,0.24750155223349068,False,False,0.2504360858467325,1.5554138340952222,2.678067937087385,False
0.726,2.65831958190184,-3.9313903149707907,1.5554138340952222,2.678067937087385,2.6798271865651264,-0.019748355185544852,-0.021507604663286273,-0.0025809125595943525,3.4697951854173474e-05,0.24790462861646728,0.2453584140087271,0.2453584140087271,False,False,0.2487548985918996,1.5607541724094651,2.670169157121436,False
0.728,2.6504143400589775,-3.973830462046186,1.5607541724094651,2.670169157121436,2.67019165263871,-0.019754817062458407,-0.019777312579732698,-0.0023732775095679235,1.0965176758494235e-05,0.24627259525024836,0.24391028291743894,0.24391028291743894,False,False,0.24750155223349068,1.5660786243837712,2.6622259871530543,False
0.73,2.6424243447690112,-4.016143536224045,1.5660786243837712,2.6622259871530543,2.666522776808508,-0.019801642384043028,-0.024098432039496576,-0.002891811844739589,-1.7952941688901655e-05,0.24463406203029253,0.24172429724386404,0.24172429724386404,False,False,0.2453584140087271,1.5713869158922384,2.65414575423365,False
0.732,2.6343498515314803,-4.058328184440871,1.5713869158922384,2.65414575423365,2.6525685318048504,-0.019795902702169688,-0.018218680273370147,-0.0021862416328044176,-3.9815358016945826e-05,0.2429890813526861,0.24076302436186472,0.24076302436186472,False,False,0.24391028291743894,1.5766789213566477,2.6460027322046122,False
0.734,2.626191118547952,-4.1003830577399,1.5766789213566477,2.6460027322046122,2.6471355618358516,-0.0198116136566604,-0.020944443287899794,-0.0025133331945479754,-6.494868996242557e-05,0.24133770581968855,0.23875942393517816,0.23875942393517816,False,False,0.24172429724386404,1.581954362073001,2.637720358176671,False
0.736,2.6179484067137633,-4.1423068113142385,1.581954362073001,2.637720358176671,2.6398586422842425,-0.019771951462907555,-0.02191023557047922,-0.002629228268457506,-9.124097264700063e-05,0.23967998823805037,0.23695951899694587,0.23695951899694587,False,False,0.24076302436186472,1.5872132188553683,2.629428391183601,False
0.738,2.609621979609681,-4.18409810454986,1.5872132188553683,2.629428391183601,2.6241916070129987,-0.019806411573919824,-0.014569627403317575,-0.001748355288398109,-0.00010872452553098173,0.23801598161732465,0.23615890180339555,0.23615890180339555,False,False,0.23875942393517816,1.5924552544659596,2.6210178052956454,False
0.74,2.6012121034934705,-4.225755601068483,1.5924552544659596,2.6210178052956454,2.623255855542169,-0.01980570180217489,-0.02204375204869846,-0.0026452502458438154,-0.0001351770279894199,0.23634573916817175,0.23356531189433852,0.23356531189433852,False,False,0.23695951899694587,1.597680276928768,2.6125112314041825,False
0.742,2.5927190472913813,-4.267277968770306,1.597680276928768,2.6125112314041825,2.6088565626004416,-0.01979218411280126,-0.01613751530906038,-0.0019365018370872454,-0.00015454204636029234,0.23466931430065757,0.23257827041721005,0.23257827041721005,False,False,0.23615890180339555,1.6028883056285392,2.604014349885613,False
0.744,2.58414308258955,-4.30866387987659,1.6028883056285392,2.604014349885613,2.6052837480902586,-0.019871267296063255,-0.0211406655007087,-0.0025368798600850437,-0.00017991084496114278,0.23298676062254625,0.23026996991750007,0.23026996991750007,False,False,0.23356531189433852,1.6080789842894734,2.5953393304670995,False
0.746,2.575484483625313,-4.349912010972142,1.6080789842894734,2.5953393304670995,2.597932739505604,-0.01985484684178651,-0.02244825588029098,-0.0026937907056349174,-0.00020684875201749196,0.23129813193758514,0.22839749247993274,0.22839749247993274,False,False,0.23257827041721005,1.6132522969627816,2.5866563366541366,False
0.748,2.5667435272784402,-4.391021043047603,1.6132522969627816,2.5866563366541366,2.5836637533024405,-0.019912809375696394,-0.01692022602400023,-0.0020304271228800273,-0.00022715302324629225,0.22960348224378524,0.22734590209765893,0.22734590209765893,False,False,0.23026996991750007,1.6184079512041394,2.5778271206789314,False
0.75,2.557920493062277,-4.431989661541657,1.6184079512041394,2.5778271206789314,2.577642469213418,-0.019906627616654404,-0.019721976151140908,-0.002366637138136909,-0.00025081939462766133,0.2279028657316935,0.22528540919892892,0.22528540919892892,False,False,0.22839749247993274,1.623545749045295,2.5688989205777544,False
0.752,2.5490156631148095,-4.472816556383047,1.623545749045295,2.5688989205777544,2.570427791069181,-0.019883257462944837,-0.021412127954371307,-0.002569455354524557,-0.0002765139481729069,0.2261963367826606,0.22335036747996315,0.22335036747996315,False,False,0.22734590209765893,1.6286656665876242,2.5599587711646743,False
0.754,2.540029322189641,-4.513500422032477,1.6286656665876242,2.5599587711646743,2.561284337717076,-0.01992944897503346,-0.02125501552743536,-0.0025506018632922432,-0.0003020199668058293,0.2244839499671017,0.22163132813700362,0.22163132813700362,False,False,0.22528540919892892,1.6337674689316344,2.550901172005061,False
0.756,2.530961757646887,-4.554039957524361,1.6337674689316344,2.550901172005061,2.5496868082550486,-0.019939414358173924,-0.018725050608161542,-0.002247006072979385,-0.0003244900275356231,0.22276576004275167,0.22019426394223665,0.22019426394223665,False,False,0.22335036747996315,1.6388509500295965,2.541740548981012,False
0.758,2.5218132594439853,-4.59443386650841,1.6388509500295965,2.541740548981012,2.540457993636243,-0.019927289537026827,-0.01864473419225776,-0.002237368103070931,-0.00034686370856633244,0.22104182195291364,0.21845759014127636,0.21845759014127636,False,False,0.22163132813700362,1.6439159513297323,2.5325006500679517,False
0.76,2.512584120126425,-4.634680857291109,1.6439159513297323,2.5325006500679517,2.5302059015064287,-0.019916529941526484,-0.017621781380003476,-0.0021146137656004173,-0.0003680098462223366,0.21931219082470255,0.2168295672128798,0.2168295672128798,False,False,0.22019426394223665,1.6489623750687297,2.523211869498658,False
0.762,2.503274634818391,-4.674779642877003,1.6489623750687297,2.523211869498658,2.5237540282362025,-0.01993723468026687,-0.020479393417811576,-0.002457527210137389,-0.0003925851183237105,0.217576921967282,0.2147268096388209,0.2147268096388209,False,False,0.21845759014127636,1.6539900618199572,2.5138433756137926,False
0.764,2.493885101213326,-4.714728941009862,1.6539900618199572,2.5138433756137926,2.5159290642699625,-0.019958274400466713,-0.022043963056636695,-0.002645275566796403,-0.00041903787399167453,0.21583607087009565,0.21277175742930757,0.21277175742930757,False,False,0.2168295672128798,1.658998876660865,2.5044074204538957,False
0.766,2.484415819564411,-4.754527474213682,1.658998876660865,2.5044074204538957,2.5093107086071114,-0.01999160088948493,-0.02489488904270054,-0.002987386685124065,-0.0004489117408429152,0.21408969320109278,0.2106533947751258,0.2106533947751258,False,False,0.2147268096388209,1.6639885867430122,2.494855041073578,False
0.768,2.474867092674968,-4.794173969833525,1.6639885867430122,2.494855041073578,2.493039632386382,-0.01998794839861029,-0.018172539711414082,-0.00218070476536969,-0.0004707187884966121,0.21233784480494866,0.20968642125108236,0.20968642125108236,False,False,0.21277175742930757,1.6689589927071873,2.4852029820874986,False
0.77,2.4652392258887708,-4.833667160076239,1.6689589927071873,2.4852029820874986,2.482561852070149,-0.01996375619872781,-0.017322626181378364,-0.0020787151417654037,-0.0004915059399142661,0.2105805817012779,0.20801036061959824,0.20801036061959824,False,False,0.2106533947751258,1.6739098631887162,2.475435240764454,False
0.772,2.455532527080285,-4.873005782050972,1.6739098631887162,2.475435240764454,2.477939286402052,-0.019902713684169182,-0.022406759321766945,-0.002688811118612033,-0.0005183940511003864,0.20881796008284387,0.20561075491313144,0.20561075491313144,False,False,0.20968642125108236,1.6788412104666373,2.4656736389605634,False
0.774,2.445747306644822,-4.912188577809576,1.6788412104666373,2.4656736389605634,2.4671351775397037,-0.01992633231574148,-0.02138787089488181,-0.0025665445073858174,-0.0005440594961742447,0.20705003631376118,0.20393943231020112,0.20393943231020112,False,False,0.20801036061959824,1.6837528982025733,2.455843867968009,False
0.776,2.435883877488612,-4.951214294386826,1.6837528982025733,2.455843867968009,2.457330803813089,-0.019959990479396783,-0.0214469263244772,-0.002573631158937264,-0.0005697958077636173,0.20527686692769367,0.20213343996099278,0.20213343996099278,False,False,0.20561075491313144,1.6886446400470623,2.4458709222444934,False
0.778,2.4259425550188025,-4.9900816838404785,1.6886446400470623,2.4458709222444934,2.4479606186762957,-0.019928367225690913,-0.022018063657493148,-0.0026421676388991774,-0.0005962174841526091,0.2034985086260471,0.20026012350299532,0.20026012350299532,False,False,0.20393943231020112,1.6935163053006732,2.4358326268054253,False
0.78,2.4159236571333658,-5.02878950329119,1.6935163053006732,2.4358326268054253,2.4360750025847175,-0.019908969672059573,-0.020151345451351776,-0.002418161454162213,-0.0006203990986942312,0.20171501827615473,0.19867645772329828,0.19867645772329828,False,False,0.20213343996099278,1.6983677365010488,2.4257156001877673,False
0.782,2.4058275042109387,-5.067336514962257,1.6983677365010488,2.4257156001877673,2.4238066219040024,-0.019888095976828613,-0.017979117693063706,-0.0021574941231676447,-0.0006419740399259076,0.19992645290945987,0.1971269847463663,0.1971269847463663,False,False,0.20026012350299532,1.7031987638192603,2.4155136591057773,False
0.784,2.395654419100575,-5.105721486219194,1.7031987638192603,2.4155136591057773,2.4106856734030795,-0.019859240005202228,-0.015031254302504404,-0.0018037505163005284,-0.000660011545088913,0.19813286971969168,0.19566910765830225,0.19566910765830225,False,False,0.19867645772329828,1.7080092799460713,2.4052580634055003,False
0.786,2.385404727111422,-5.143943189609157,1.7080092799460713,2.4052580634055003,2.4066780331207602,-0.01985333629407826,-0.02127330600933819,-0.0025527967211205825,-0.0006855395123001188,0.19633432606103648,0.19309598982761578,0.19309598982761578,False,False,0.1971269847463663,1.712799185911899,2.3949529829138085,False
0.788,2.375078756002321,-5.182000402900178,1.712799185911899,2.3949529829138085,2.393946746086569,-0.019874226911487547,-0.01886799008424811,-0.002264158810109773,-0.0007081811004012165,0.19453087944630398,0.191558539535793,0.191558539535793,False,False,0.19566910765830225,1.7175684030153051,2.3846085517030717,False
0.79,2.36467683597132,-5.21989190912027,1.7175684030153051,2.3846085517030717,2.3851708072669084,-0.019931715731751787,-0.020493971295588498,-0.00245927655547062,-0.0007327738659559227,0.1927225875450873,0.18953053712366077,0.18953053712366077,False,False,0.19309598982761578,1.722316619889293,2.374108436993945,False
0.792,2.3541992996451215,-5.25761649659633,1.722316619889293,2.374108436993945,2.375160361754188,-0.019909137348823602,-0.020961062109066564,-0.0025153274530879876,-0.0007579271404868026,0.19090950818191987,0.18763625358834507,0.18763625358834507,False,False,0.191558539535793,1.7270437454580474,2.3635627843772564,False
0.794,2.343646482068441,-5.295172958992887,1.7270437454580474,2.3635627843772564,2.361214156918955,-0.01991630230881558,-0.017567674850514248,-0.0021081209820617095,-0.0007790083503074197,0.18909169933442538,0.18620457000205626,0.18620457000205626,False,False,0.18953053712366077,1.731749586925665,2.352920733808768,False
0.796,2.3330187206932953,-5.332560095350685,1.731749586925665,2.352920733808768,2.352496739472691,-0.019902013115472794,-0.0194780187793957,-0.002337362253527484,-0.0008023819728426945,0.1872692191314645,0.18412947490509432,0.18412947490509432,False,False,0.18763625358834507,1.7364339816163925,2.3421973453637865,False
0.798,2.3223163553682147,-5.369776710125064,1.7364339816163925,2.3421973453637865,2.346017148474085,-0.019880989995571863,-0.023700793105870144,-0.002844095172704417,-0.0008308229245697387,0.18544212585127623,0.18176720775400207,0.18176720775400207,False,False,0.18620457000205626,1.7410968655110073,2.3314419473074173,False
0.8,2.311539728327368,-5.406821613224224,1.7410968655110073,2.3314419473074173,2.331965596756101,-0.01990221898004929,-0.02042586842873284,-0.0024511042114479407,-0.0008553339666842181,0.1836104779196134,0.18030403974148124,0.18030403974148124,False,False,0.18412947490509432,1.7457380405640852,2.3205875265389544,False
0.802,2.3006891841796246,-5.443693620047254,1.7457380405640852,2.3205875265389544,2.320308253353061,-0.019898342359329746,-0.019619069173436365,-0.0023542883008123637,-0.0008788768496923418,0.18177433390787506,0.17854116875737036,0.17854116875737036,False,False,0.18176720775400207,1.7503572507737477,2.309605104831293,False
0.804,2.289765069897535,-5.480391551522025,1.7503572507737477,2.309605104831293,2.310816793916849,-0.019840034933757966,-0.02105172401931421,-0.002526206882317705,-0.0009041389185155188,0.17993375253123362,0.17650340673040038,0.17650340673040038,False,False,0.18030403974148124,1.7549544312233,2.298590224776241,False
0.806,2.2787677348062303,-5.516914234142893,1.7549544312233,2.298590224776241,2.3001197095395876,-0.019822489970010793,-0.02135197473335726,-0.002562236968002871,-0.0009297612881955475,0.17808879264675648,0.17459679439055806,0.17459679439055806,False,False,0.17854116875737036,1.7595294549520801,2.2875118643899897,False
0.808,2.267697530572258,-5.553260500008216,1.7595294549520801,2.2875118643899897,2.28767705378263,-0.019814333817731455,-0.019979523210371664,-0.0023975427852445997,-0.0009537367160479935,0.17623951325152504,0.17288823375023243,0.17288823375023243,False,False,0.17650340673040038,1.7640821388331394,2.276341940529654,False
0.81,2.256554811192334,-5.5894291868577115,1.7640821388331394,2.276341940529654,2.274412139339485,-0.019787129337319964,-0.01785732814715102,-0.002142879377658122,-0.0009751655098245748,0.17438597348074747,0.17126792859326478,0.17126792859326478,False,False,0.17459679439055806,1.7686123292153983,2.2650951911294466,False
0.812,2.24533993298202,-5.625419138109617,1.7686123292153983,2.2650951911294466,2.26964337581636,-0.019755258147426513,-0.02430344283434005,-0.002916413140120806,-0.0010043296412257827,0.1725282326058675,0.16860748982452092,0.16860748982452092,False,False,0.17288823375023243,1.7731199156088457,2.253793196723724,False
0.8140000000000001,2.234053254564332,-5.661229202897681,1.7731199156088457,2.253793196723724,2.252653286773572,-0.019739942159391788,-0.018600032209239892,-0.002232003865108787,-0.0010266496798768707,0.17066635003266944,0.16740769648768378,0.16740769648768378,False,False,0.17126792859326478,1.777604807218786,2.242445804970111,False
0.8160000000000001,2.222695136858276,-5.696858236107947,1.777604807218786,2.242445804970111,2.245870169869231,-0.0197506681118349,-0.023175033010955026,-0.002781003961314603,-0.0010544597194900166,0.16880038529937896,0.16496492161857434,0.16496492161857434,False,False,0.16860748982452092,1.7820666964453007,2.230944613257371,False
0.8180000000000001,2.211265943067299,-5.732305098415395,1.7820666964453007,2.230944613257371,2.2298602998495065,-0.01967867019007219,-0.018594356782207555,-0.0022313228138649065,-0.0010767729476286656,0.1669303980747582,0.16362230231326463,0.16362230231326463,False,False,0.16740769648768378,1.7865055849283629,2.219444241531073,False
0.8200000000000001,2.19976603866768,-5.767568656320359,1.7865055849283629,2.219444241531073,2.2205058237010498,-0.019678202863393057,-0.020739785033369706,-0.0024887742040043646,-0.0011016606896687093,0.1650564481561984,0.16146601326252533,0.16146601326252533,False,False,0.16496492161857434,1.790921214010309,2.2078145409730565,False
0.8220000000000001,2.1881957913968426,-5.802647782184776,1.790921214010309,2.2078145409730565,2.205463974342232,-0.0196187495762139,-0.017268182945389565,-0.002072181953446748,-0.0011223825092031767,0.16317859546780772,0.1599840310051578,0.1599840310051578,False,False,0.16362230231326463,1.7953135582489537,2.1961721193223185,False
0.8240000000000001,2.1765555712415927,-5.837541354268249,1.7953135582489537,2.1961721193223185,2.190520066162977,-0.01961654808072577,-0.013964494921384407,-0.0016757393905661288,-0.0011391399031088379,0.16129690005849454,0.15848202076481957,0.15848202076481957,False,False,0.16146601326252533,1.7996824220998395,2.1844319254429254,False
0.8260000000000001,2.1648457504262932,-5.872248256763911,1.7996824220998395,2.1844319254429254,2.1842925895291034,-0.01958617501663218,-0.0194468391028102,-0.002333620692337224,-0.00116247611003221,0.1594114221000481,0.15591532529767868,0.15591532529767868,False,False,0.1599840310051578,1.8040277533676703,2.1726656339153463,False
0.8280000000000001,2.1530667034009547,-5.906767379834111,1.8040277533676703,2.1726656339153463,2.1731137174967463,-0.019598930514391544,-0.02004701409579157,-0.0024056416914949885,-0.00118653252694716,0.1575222218852136,0.15393004766677143,0.15393004766677143,False,False,0.15848202076481957,1.808349496237109,2.1608714347193048,False
0.8300000000000001,2.141218806829264,-5.941097619645903,1.808349496237109,2.1608714347193048,2.1598382321473,-0.01965262789004063,-0.018619425318036065,-0.0022343310381643276,-0.0012088758373288034,0.1556293598257642,0.15218615295027108,0.15218615295027108,False,False,0.15591532529767868,1.8126473725619576,2.1489381624243817,False
0.8320000000000001,2.1293024395765405,-5.975237878406343,1.8126473725619576,2.1489381624243817,2.1536227248910653,-0.019635722847841208,-0.024320285314524792,-0.0029184342377429747,-0.0012380601797062332,0.1537328964505697,0.1495764020331205,0.1495764020331205,False,False,0.15393004766677143,1.816921229002366,2.136928220204194,False
0.834,2.1173179826976205,-6.009187064397591,1.816921229002366,2.136928220204194,2.1367315974549506,-0.019610237506573647,-0.019413614757330055,-0.0023296337708796065,-0.0012613565174150294,0.1518328924036608,0.14824190211536617,0.14824190211536617,False,False,0.15218615295027108,1.8211709644496619,2.124867723647907,False
0.836,2.105265819424672,-6.042944092011825,1.8211709644496619,2.124867723647907,2.1289764894076244,-0.019601904223235156,-0.02371066998295257,-0.0028452803979543083,-0.0012898093213945725,0.14992940844228975,0.14579431872294085,0.14579431872294085,False,False,0.1495764020331205,1.825396297596925,2.1126665736315573,False
0.838,2.093146335154938,-6.076507881785957,1.825396297596925,2.1126665736315573,2.1128479825088227,-0.019520238476619323,-0.019701647353884688,-0.0023641976824661623,-0.001313451298219234,0.14802250543498735,0.14434485645430195,0.14434485645430195,False,False,0.14824190211536617,1.829597217266589,2.100459834832102,False
0.84,2.080959917438416,-6.109877360436142,1.829597217266589,2.100459834832102,2.096940454916312,-0.01949991739368606,-0.015980537477896295,-0.0019176644973475554,-0.0013326279431927096,0.14611224435961687,0.1428619519190766,0.1428619519190766,False,False,0.14579431872294085,1.8337734793249385,2.088131029174713,False
0.842,2.068706955965461,-6.143051460892118,1.8337734793249385,2.088131029174713,2.0844530967920534,-0.01942407320925188,-0.015746140826592203,-0.0018895368991910643,-0.0013515233121846203,0.1441986863014238,0.1409576260900481,0.1409576260900481,False,False,0.14434485645430195,1.8379250513281145,2.0757860015880105,False
0.844,2.0563878425543307,-6.176029122331301,1.8379250513281145,2.0757860015880105,2.0747989715862603,-0.019398159033679807,-0.01841112903192954,-0.002209335483831545,-0.0013736166670229356,0.14228189245108314,0.13869894030022867,0.13869894030022867,False,False,0.1428619519190766,1.842051894186138,2.063421429011726,False
0.846,2.0440029711386485,-6.208809290212733,1.842051894186138,2.063421429011726,2.064029575983974,-0.01941845787307761,-0.02002660484532548,-0.0024031925814390577,-0.0013976485928373261,0.1403619241027418,0.13656108292846542,0.13656108292846542,False,False,0.1409576260900481,1.8461538809933913,2.0509934036266344,False
0.848,2.03155273775481,-6.241390916310792,1.8461538809933913,2.0509934036266344,2.0544611335233847,-0.019440665871824248,-0.022908395768574508,-0.0027490074922289407,-0.0014251386677596155,0.138438842652059,0.13426469649207043,0.13426469649207043,False,False,0.13869894030022867,1.8502308120366209,2.03846552161477,False
0.85,2.019037540529321,-6.27377295874871,1.8502308120366209,2.03846552161477,2.0377677676683814,-0.019427981085449186,-0.018730227139060585,-0.0022476272566872703,-0.0014476149403264882,0.1365127095942431,0.13281746739722936,0.13281746739722936,False,False,0.13656108292846542,1.8542825150995148,2.025851531447006,False
0.852,2.0064577796660608,-6.305954382031894,1.8542825150995148,2.025851531447006,2.0256898894296724,-0.019393751780945045,-0.01923210976361167,-0.0023078531716334005,-0.0014706934720428223,0.13458358652208496,0.13080503987840875,0.13080503987840875,False,False,0.13426469649207043,1.8583087866631227,2.013135781803915,False
0.854,1.993813857433492,-6.337934157081034,1.8583087866631227,2.013135781803915,2.01296436541134,-0.019321924370423016,-0.019150507977848008,-0.0022980609573417608,-0.00149367408161624,0.13265153512398853,0.12885980008503053,0.12885980008503053,False,False,0.13281746739722936,1.8623096032589248,2.000408297901005,False
0.856,1.9811061781517907,-6.369711261265013,1.8623096032589248,2.000408297901005,2.0003664262215084,-0.019302119749214253,-0.01926024806971771,-0.002311229768366125,-0.0015167863792999012,0.13071661718199803,0.126888601034332,0.126888601034332,False,False,0.13080503987840875,1.8662848233241818,1.987610032628464,False
0.858,1.9683351481799205,-6.401284678433614,1.8662848233241818,1.987610032628464,1.9849706035463694,-0.019274884448543528,-0.016635455366448948,-0.0019962546439738736,-0.00153674892573964,0.1287788945698224,0.12524589100010888,0.12524589100010888,False,False,0.12885980008503053,1.8702343209214904,1.9747487986543555,False
0.86,1.955501175902637,-6.432653398949999,1.8702343209214904,1.9747487986543555,1.9758799831078602,-0.01924762275171843,-0.020378807205223115,-0.0024454568646267738,-0.0015612034943859078,0.12683842925085673,0.12283176889184405,0.12283176889184405,False,False,0.126888601034332,1.8741579660620835,1.9618225702965049,False
0.862,1.9426046717174286,-6.463816419723012,1.8741579660620835,1.9618225702965049,1.9644051476339943,-0.019217898579076298,-0.021800475916565754,-0.0026160571099878905,-0.0015873640654857867,0.12489528327620068,0.12069186210072701,0.12069186210072701,False,False,0.12524589100010888,1.8780556989716293,1.9488664547728336,False
0.864,1.929646048021396,-6.49477274423924,1.8780556989716293,1.9488664547728336,1.9483948180743185,-0.019220406751437658,-0.018748770052922525,-0.0022498524063507028,-0.0016098625895492936,0.12294951878267481,0.1190898037867748,0.1190898037867748,False,False,0.12283176889184405,1.8819272989996851,1.935800014027968,False
0.866,1.9166257191980596,-6.525521382594889,1.8819272989996851,1.935800014027968,1.934940315856518,-0.01917429482990851,-0.01831459665845836,-0.002197751599015003,-0.0016318401055394436,0.12100119799083278,0.11717160628627833,0.11717160628627833,False,False,0.12069186210072701,1.8857726053420503,1.922653171182522,False
0.868,1.9035441016041137,-6.5560613515274335,1.8857726053420503,1.922653171182522,1.9186626803849474,-0.01910906957840841,-0.015118578780833669,-0.0018142294537000403,-0.001649982400076444,0.1190503832029724,0.11558617134919591,0.11558617134919591,False,False,0.1190898037867748,1.8895915715874765,1.9094831227131124,False
0.87,1.890401613556108,-6.586391674447064,1.8895915715874765,1.9094831227131124,1.9092111646142536,-0.01908150915700446,-0.018809551058145635,-0.002257146126977476,-0.0016725538613462188,0.11709713680114275,0.11316743681281906,0.11316743681281906,False,False,0.11717160628627833,1.8933840856355755,1.8962570240494891,False
0.872,1.8771986753170737,-6.616511381467912,1.8933840856355755,1.8962570240494891,1.8936310933083529,-0.01905834873241541,-0.016432417991279147,-0.0019718901589534975,-0.0016922727629357537,0.11514152124514984,0.11147735832326058,0.11147735832326058,False,False,0.11558617134919591,1.8971501062986176,1.8830103315210174,False
0.874,1.8639357090830861,-6.646419509439057,1.8971501062986176,1.8830103315210174,1.8816304613424586,-0.019074622437931232,-0.017694752259372448,-0.0021233702711246937,-0.0017135064656470006,0.11318359907055944,0.10934672233378775,0.10934672233378775,False,False,0.11316743681281906,1.9008894183492193,1.8696560253008718,False
0.876,1.8506131389697589,-6.676115101975342,1.9008894183492193,1.8696560253008718,1.8711457394275748,-0.01904288633111295,-0.020532600457815908,-0.0024639120549379088,-0.0017381455861963796,0.11122343288669664,0.10702137524556235,0.10702137524556235,False,False,0.11147735832326058,1.904601961506244,1.8562715785123174,False
0.878,1.837231390998686,-6.705597209487947,1.904601961506244,1.8562715785123174,1.8546610076017702,-0.019040187513631457,-0.017429616603084286,-0.0020915539923701144,-0.0017590611261200807,0.10926108537464432,0.10541047025615413,0.10541047025615413,False,False,0.10934672233378775,1.90828758389877,1.8428111962631053,False
0.88,1.8237908930838158,-6.734864889214752,1.90828758389877,1.8428111962631053,1.8428908818829424,-0.01902030317928949,-0.019099988799126555,-0.0022919986558951866,-0.0017819811126790325,0.10729661928523856,0.10322263951666434,0.10322263951666434,False,False,0.10702137524556235,1.9119460945530744,1.8292553271521823,False
0.882,1.8102920750177733,-6.763917205250484,1.9119460945530744,1.8292553271521823,1.8325304542365901,-0.01896325213440897,-0.022238379218816773,-0.0026686055062580126,-0.0018086671677416126,0.10533009743706248,0.10085282476306286,0.10085282476306286,False,False,0.10541047025615413,1.9155774541986557,1.8156798227906725,False
0.884,1.796735368458108,-6.792753228576657,1.9155774541986557,1.8156798227906725,1.8221345553303163,-0.01894445433256453,-0.025399186872208324,-0.003047902424664999,-0.0018391461919882626,0.10336158271443668,0.09847453409778342,0.09847453409778342,False,False,0.10322263951666434,1.9191815031888166,1.802024495080444,False
0.886,1.7831212069134956,-6.821372037091264,1.9191815031888166,1.802024495080444,1.8007963315689535,-0.018903288166948418,-0.01767512465545784,-0.0021210149586549406,-0.001860356341574812,0.10139113806540889,0.09740976676517914,0.09740976676517914,False,False,0.10085282476306286,1.9227580455245843,1.7882711678838694,False
0.888,1.7694500257298764,-6.849772715638272,1.9227580455245843,1.7882711678838694,1.789014986071848,-0.018821142153992998,-0.019564960341971638,-0.0023477952410365962,-0.0018838342939851778,0.09941882649974093,0.09518719696471915,0.09518719696471915,False,False,0.09847453409778342,1.926306885586844,1.7744200311298197,False
0.89,1.75572226207653,-6.877954356036886,1.926306885586844,1.7744200311298197,1.7715466856301596,-0.01869776905328968,-0.015824423553629563,-0.0018989308264355474,-0.0019028236022495333,0.09744471108689373,0.09364295665820865,0.09364295665820865,False,False,0.09740976676517914,1.9298281049580324,1.7606096855942466,False
0.892,1.741938354932101,-6.905916057110583,1.9298281049580324,1.7606096855942466,1.757389742826944,-0.018671330662145547,-0.015451387894843016,-0.0018541665473811619,-0.001921365267723345,0.09546885495401097,0.09169332313890646,0.09169332313890646,False,False,0.09518719696471915,1.9333215418805516,1.7467184612596602,False
0.894,1.7280987450705572,-6.933656924715942,1.9333215418805516,1.7467184612596602,1.7482303691687942,-0.018619716189103075,-0.02013162409823699,-0.0024157948917884384,-0.0019455232166412293,0.09349132128389978,0.08913000317547011,0.08913000317547011,False,False,0.09364295665820865,1.936787178416881,1.7328182681647049,False
0.896,1.7142038750470956,-6.961176071771226,1.936787178416881,1.7328182681647049,1.7291756042871784,-0.018614393117609263,-0.014971729240082832,-0.0017966075088099397,-0.0019634892917293287,0.09151217331301059,0.08775207651247133,0.08775207651247133,False,False,0.09169332313890646,1.9402249119375934,1.7188667603561076,False
0.898,1.700254189183992,-6.988472618284753,1.9402249119375934,1.7188667603561076,1.719510522302294,-0.018612571172115677,-0.019256333118301994,-0.002310759974196239,-0.001986596891471291,0.08953147432941519,0.08523411746374766,0.08523411746374766,False,False,0.08913000317547011,1.9436345124359313,1.7048002491690044,False
0.9,1.6862501335563915,-7.015545691383036,1.9436345124359313,1.7048002491690044,1.7039071697276837,-0.018550115612612883,-0.017657036171292217,-0.002118844340555066,-0.0020077853348768417,0.0875492876707826,0.08342265799535069,0.08342265799535069,False,False,0.08775207651247133,1.9470160006543755,1.6907441092221107,False
0.902,1.672192155978047,-7.042394425338688,1.9470160006543755,1.6907441092221107,1.690765100338573,-0.018551953244063668,-0.018572944360526034,-0.002228753323263124,-0.002030072868109473,0.08556567672235418,0.08130685053098159,0.08130685053098159,False,False,0.08523411746374766,1.9503691583852585,1.6765788654414489,False
0.904,1.6580807059869946,-7.069017961598118,1.9503691583852585,1.6765788654414489,1.680201551891629,-0.01849815945445421,-0.022120845904634256,-0.0026545015085561105,-0.002056617883195034,0.08358070491491615,0.078869585523165,0.078869585523165,False,False,0.08342265799535069,1.9536939177603716,1.6623796875565398,False
0.906,1.643916234831181,-7.095415448808981,1.9536939177603716,1.6623796875565398,1.6623309066384513,-0.018463452725358653,-0.01841467180727019,-0.0022097606168724224,-0.0020787154893637584,0.08159443572277153,0.07730595961653534,0.07730595961653534,False,False,0.08130685053098159,1.9569901479273206,1.6481150834745646,False
0.908,1.6296991954540352,-7.121586042847395,1.9569901479273206,1.6481150834745646,1.6462040928017396,-0.018415888020529403,-0.01650489734770444,-0.0019805876817245325,-0.002098521366181004,0.07960693266171048,0.07552782361380495,0.07552782361380495,False,False,0.078869585523165,1.9602576521592114,1.6337521159454342,False
0.91,1.61543004247998,-7.147528906844943,1.9602576521592114,1.6337521159454342,1.6362387899939188,-0.018322073465454336,-0.020808747513938908,-0.0024970497016726686,-0.0021234918631977307,0.07761825928697885,0.07299771772210845,0.07299771772210845,False,False,0.07730595961653534,1.9634964188313786,1.6193833360836132,False
0.912,1.601109232199902,-7.173243211215423,1.9634964188313786,1.6193833360836132,1.620192018234975,-0.01827410388371109,-0.019082786035072852,-0.0022899343242087423,-0.002146391206439818,0.07562847919124677,0.07119215366059821,0.07119215366059821,False,False,0.07552782361380495,1.9667063915286633,1.604986348642346,False
0.914,1.5867372225565515,-7.198728133681395,1.9667063915286633,1.604986348642346,1.6041271109662245,-0.01824912608579443,-0.017389888409673038,-0.0020867866091607646,-0.0021672590725314257,0.07363765600257371,0.06938361032088153,0.06938361032088153,False,False,0.07299771772210845,1.9698873569940492,1.5904827326928805,False
0.916,1.572314473129905,-7.223982859300454,1.9698873569940492,1.5904827326928805,1.5914503351775107,-0.01816825956297552,-0.019135862047605645,-0.0022963034457126772,-0.0021902221069885525,0.07164585338237497,0.06715932782967374,0.06715932782967374,False,False,0.07119215366059821,1.9730392560335903,1.575949519770617,False
0.918,1.5578414451224667,-7.2490065804913035,1.9730392560335903,1.575949519770617,1.5775705185788556,-0.01810807464815034,-0.019729073456388857,-0.0023674888147666626,-0.002213896995136219,0.06965313502338547,0.06507174921348258,0.06507174921348258,False,False,0.06938361032088153,1.9761620294802291,1.56138672331941,False
0.92,1.5433186013445188,-7.273798497059576,1.9761620294802291,1.56138672331941,1.560770105332682,-0.01806812197489127,-0.017451503988163086,-0.0020941804785795702,-0.0022348387999220148,0.0676595646476229,0.06333054536912132,0.06333054536912132,False,False,0.06715932782967374,1.9792555317618232,1.5467511407970513,False
0.922,1.5287464061993292,-7.298357816223416,1.9792555317618232,1.5467511407970513,1.5471182138459176,-0.018004734597722116,-0.01837180764658841,-0.0022046169175906094,-0.0022568849690979206,0.06566520600435091,0.061203704117662384,0.061203704117662384,False,False,0.06507174921348258,1.9823196475322848,1.5320578852308004,False
0.924,1.5141253256682903,-7.322683752638841,1.9823196475322848,1.5320578852308004,1.5302230827081573,-0.017932559562510164,-0.016097757039867044,-0.0019317308447840452,-0.0022762022775457613,0.06367012286803922,0.05946218974570941,0.05946218974570941,False,False,0.06333054536912132,1.9853543352442549,1.5173438559850192,False
0.926,1.4994558272960268,-7.346775528424847,1.9853543352442549,1.5173438559850192,1.5180844729833143,-0.01788802868899242,-0.018628645687287504,-0.0022354374824745003,-0.0022985566523705064,0.06167437903632528,0.05714038490148027,0.05714038490148027,False,False,0.061203704117662384,1.988359473054876,1.5025689053105422,False
0.928,1.4847383801754401,-7.370632373188288,1.988359473054876,1.5025689053105422,1.4998524946563294,-0.017830525135102082,-0.015114114480889285,-0.0018136937377067142,-0.0023166935897475736,0.059678038327973915,0.05554765100051963,0.05554765100051963,False,False,0.05946218974570941,1.99133502114799,1.4877740465570553,False
0.93,1.4699734549327093,-7.394253524048509,1.99133502114799,1.4877740465570553,1.4897585235344526,-0.017800591624345996,-0.01978506860174334,-0.0023742082322092007,-0.0023404356720696656,0.05768116458083619,0.05296652067655733,0.05296652067655733,False,False,0.05714038490148027,1.9942808186326708,1.4728987423403257,False
0.932,1.4551615237122446,-7.4176382256617375,1.9942808186326708,1.4728987423403257,1.47334002768557,-0.017737218628081086,-0.018178503973325322,-0.0021814204767990385,-0.002362249876837656,0.05568382164980901,0.05114015129617231,0.05114015129617231,False,False,0.05554765100051963,1.997196859053771,1.458020210550069,False
0.934,1.4403030601615843,-7.440785730245245,1.997196859053771,1.458020210550069,1.4573968627175282,-0.01771715038848476,-0.01709380255594395,-0.0020512563067132737,-0.002382762439904789,0.05368607340479206,0.049252054658174,0.049252054658174,False,False,0.05296652067655733,2.000082929057474,1.4430350018514917,False
0.936,1.4253985394162516,-7.463695297601252,2.000082929057474,1.4430350018514917,1.4428771775154263,-0.017636462435240086,-0.017478638099174715,-0.0020974365719009657,-0.0024037368056237986,0.051687983728646164,0.0471868103511214,0.0471868103511214,False,False,0.05114015129617231,2.0029389756819627,1.4280233122444312,False
0.9380000000000001,1.4104484380845606,-7.486366195140603,2.0029389756819627,1.4280233122444312,1.4257396071375883,-0.01757487415987069,-0.015291169053027742,-0.001834940286363329,-0.002422086208487432,0.049689616515150054,0.04543259002029929,0.04543259002029929,False,False,0.049252054658174,2.005764933622003,1.4129789700200868,False
0.9400000000000001,1.3954532342323744,-7.508797697906192,2.005764933622003,1.4129789700200868,1.4142734760227758,-0.017525735787712327,-0.018820241790401315,-0.0022584290148481576,-0.0024446704986359137,0.047691035666957426,0.042987936153473356,0.042987936153473356,False,False,0.0471868103511214,2.0085607011956723,1.3978837868347564,False
0.9420000000000001,1.380413407367823,-7.5309890885961375,2.0085607011956723,1.3978837868347564,1.3958953340259217,-0.017470379466933528,-0.015481926658098777,-0.0018578311989718532,-0.002463248810625632,0.045692305093553764,0.04137122508395628,0.04137122508395628,False,False,0.04543259002029929,2.0113262429671255,1.3827708857265257,False
0.9440000000000001,1.365329438425961,-7.55293965758673,2.0113262429671255,1.3827708857265257,1.3890240300783552,-0.017441447300564628,-0.02369459165239407,-0.0028433509982872885,-0.002491682320608505,0.04369348870921211,0.038358455390316314,0.038358455390316314,False,False,0.042987936153473356,2.0140613793137,1.3675681732871208,False
0.9460000000000001,1.350201809753396,-7.5746487029551215,2.0140613793137,1.3675681732871208,1.3661749811335484,-0.01736636353372467,-0.015973171380152307,-0.0019167805656182767,-0.0025108501262646877,0.0416946504309495,0.037267019739066536,0.037267019739066536,False,False,0.04137122508395628,2.0167661059581476,1.3523633222239013,False
0.9480000000000001,1.335031005092861,-7.596115530501766,2.0167661059581476,1.3523633222239013,1.3517753941519561,-0.01733231713104022,-0.016744389059095033,-0.002009326687091404,-0.0025309433931356017,0.03969585417648311,0.035155584096256104,0.035155584096256104,False,False,0.038358455390316314,2.019440126336382,1.3370101891172574,False
0.9500000000000001,1.3198175095677447,-7.617339453772625,2.019440126336382,1.3370101891172574,1.3385271449582192,-0.017192679549512757,-0.018709635390474544,-0.0022451562468569454,-0.002553394955604171,0.03769716386218627,0.03289861265972516,0.03289861265972516,False,False,0.037267019739066536,2.022083549470812,1.3217115672147857,False
0.9520000000000001,1.3045618096665843,-7.638319794081109,2.022083549470812,1.3217115672147857,1.322206835388143,-0.01714975754820136,-0.017645025721558794,-0.002117403086587055,-0.0025745689864700417,0.03569864340104495,0.03100667132798785,0.03100667132798785,False,False,0.035155584096256104,2.0246962695979076,1.3063600635478043,False
0.9540000000000001,1.289264393227501,-7.659055880529793,2.0246962695979076,1.3063600635478043,1.3049708839980596,-0.017095670320303347,-0.015706490770558634,-0.001884778892467036,-0.002593416775394712,0.033700356700613304,0.029222161032751555,0.029222161032751555,False,False,0.03289861265972516,2.027278151641738,1.2909410219152433,False
0.9560000000000001,1.2739257494226042,-7.679547050031861,2.027278151641738,1.2909410219152433,1.294401489750406,-0.017015272492639122,-0.02047574032780175,-0.00245708883933621,-0.002617987663788074,0.03170236766097034,0.02662729115784606,0.02662729115784606,False,False,0.03100667132798785,2.029829138448416,1.2754934033390952,False
0.9580000000000001,1.2585463687423495,-7.699792647332311,2.029829138448416,1.2754934033390952,1.2750540663771983,-0.016947034596745736,-0.016507697634848828,-0.0019809237161818594,-0.002637796900949893,0.029704740172676936,0.025086019555545184,0.025086019555545184,False,False,0.029222161032751555,2.032349195988371,1.2600287699772814,False
0.96,1.243126742979853,-7.719792025028913,2.032349195988371,1.2600287699772814,1.2640446781914751,-0.016902026997428488,-0.02091793521162222,-0.002510152225394666,-0.0026628984232038395,0.02770753811473231,0.022534487466133804,0.022534487466133804,False,False,0.02662729115784606,2.0348381209173105,1.2444624644698392,False
0.962,1.2276673652151648,-7.739544543592903,2.0348381209173105,1.2444624644698392,1.2436463859466078,-0.016795099254674373,-0.015979020731442972,-0.0019174824877731566,-0.002682073248081571,0.02571082535253158,0.02111126961667685,0.02111126961667685,False,False,0.025086019555545184,2.0372959327492666,1.2289059159780344,False
0.964,1.2121687297995025,-7.759049571389443,2.0372959327492666,1.2289059159780344,1.2270299445996857,-0.016737186178531926,-0.014861214800183209,-0.001783345776021985,-0.002699906705841791,0.023714665735823343,0.019231413253959564,0.019231413253959564,False,False,0.022534487466133804,2.039722439235787,1.2132532432602594,False
0.966,1.1966313323394413,-7.778306484697815,2.039722439235787,1.2132532432602594,1.2155996948703922,-0.016621910920818106,-0.01896836253095091,-0.002276203503714109,-0.002722668740878932,0.021719123096667986,0.016720250852074944,0.016720250852074944,False,False,0.02111126961667685,2.042117686510241,1.1976236372268707,False
0.968,1.1810556696810706,-7.797314667731357,2.042117686510241,1.1976236372268707,1.1963077568229783,-0.016567967545800144,-0.015252087141907733,-0.001830250457028928,-0.0027409712454492213,0.01972426124739697,0.015153039544918822,0.015153039544918822,False,False,0.019231413253959564,2.0444816245789927,1.1819690343759122,False
0.97,1.1654422398940987,-7.816073512657172,2.0444816245789927,1.1819690343759122,1.1832195318027767,-0.01652679448181349,-0.01777729190867805,-0.002133275029041366,-0.002762303995739635,0.01773014397857134,0.012834564953790338,0.012834564953790338,False,False,0.016720250852074944,2.046814071802895,1.1662236119510778,False
0.972,1.1497915422559315,-7.834582419615553,2.046814071802895,1.1662236119510778,1.1633767671126083,-0.016432069695146323,-0.013585224856676792,-0.001630226982801215,-0.002778606265567647,0.01573683505694251,0.01132800180857365,0.01132800180857365,False,False,0.015153039544918822,2.0491150462024526,1.1504871997786956,False
0.974,1.134104077235705,-7.852840796739167,2.0491150462024526,1.1504871997786956,1.1516584310764866,-0.01638312254299068,-0.017554353840781634,-0.0021065224608937958,-0.002799671490176585,0.013744398223413098,0.008838204272342717,0.008838204272342717,False,False,0.012834564953790338,2.051384408285969,1.1346810417582558,False
0.976,1.1183803464782798,-7.870848060171981,2.051384408285969,1.1346810417582558,1.1364962941548302,-0.01630069527997602,-0.018115947676550448,-0.0021739137211860536,-0.0028214106273884458,0.01175289719099841,0.00675757284242391,0.00675757284242391,False,False,0.01132800180857365,2.0536221901090292,1.118890911530032,False
0.978,1.1026208527882062,-7.888603634087933,2.0536221901090292,1.118890911530032,1.1175704739574268,-0.016270058741825855,-0.014949621169220606,-0.0017939545403064727,-0.0028393501727915103,0.009762395642789634,0.005129090929691651,0.005129090929691651,False,False,0.008838204272342717,2.055828217486108,1.1030136885392001,False
0.98,1.0868261001136374,-7.90610695070935,2.055828217486108,1.1030136885392001,1.1033337069641405,-0.01618758842556267,-0.01650760685050301,-0.0019809128220603612,-0.002859159301012114,0.007772957229916652,0.0029328851068441773,0.0029328851068441773,False,False,0.00675757284242391,2.0580024038257263,1.0870931698092923,False
0.982,1.0709965935302195,-7.923357450325094,2.0580024038257263,1.0870931698092923,1.0898923144665222,-0.016096576279072794,-0.018895720936302762,-0.0022674865123563314,-0.0028818341661356775,0.005784645569513067,0.0006353248910210578,0.0006353248910210578,False,False,0.005129090929691651,2.060144758168193,1.0711771712331786,False
0.984,1.0551328392249393,-7.940354581308469,2.060144758168193,1.0711771712331786,1.0724267458215533,-0.016044332008239293,-0.017293906596614006,-0.0020752687915936807,-0.002902586854051614,0.003797524242681913,-0.001180331402963382,-0.001180331402963382,False,False,0.0029328851068441773,2.062255170573375,1.0552062025909883,False
0.986,1.0392353444799367,-7.95709780013486,2.062255170573375,1.0552062025909883,1.05509255562911,-0.01597085811105159,-0.015857211149173267,-0.0019028653379007919,-0.002921615507430622,0.001811656792462174,-0.00301282405286924,-0.00301282405286924,False,False,0.0006353248910210578,2.0643335110862133,1.039170256419094,False
0.988,1.0233046176562879,-7.973586571399103,2.0643335110862133,1.039170256419094,1.0397192515565106,-0.015865638762806222,-0.016414633900222686,-0.0019697560680267223,-0.0029413130681108894,-0.0001728932782023851,-0.005083962414339997,-0.005083962414339997,False,False,-0.001180331402963382,2.0663797520907052,1.0231205022459502,False
0.99,1.0073411681777422,-7.989820367832622,2.0663797520907052,1.0231205022459502,1.0253446813772347,-0.015779334068207973,-0.01800351319949245,-0.0021604215839390937,-0.00296291728395028,-0.0021560625084948992,-0.007279401376384273,-0.007279401376384273,False,False,-0.00301282405286924,2.068393862748921,1.0070553291078441,False
0.992,0.9913455065144368,-8.005798670320278,2.068393862748921,1.0070553291078441,1.0077859781865712,-0.015709822593407363,-0.01644047167213447,-0.0019728566006561366,-0.0029826458499568414,-0.004137787481754099,-0.009093289932367077,-0.009093289932367077,False,False,-0.005083962414339997,2.070375762589674,0.9909499203763424,False
0.994,0.9753181441665708,-8.021520967916972,2.070375762589674,0.9909499203763424,0.9909598521107399,-0.01563177620977163,-0.01564170794416908,-0.0018770049533002897,-0.003001415899489844,-0.006118004827502341,-0.010996425680292474,-0.010996425680292474,False,False,-0.007279401376384273,2.072325345997961,0.9747917041436054,False
0.996,0.9592595936480501,-8.036986757863989,2.072325345997961,0.9747917041436054,0.974193618359324,-0.015532110495555251,-0.014934024711273919,-0.00179208296535287,-0.003019336729143373,-0.008096651223472154,-0.012908070917968396,-0.012908070917968396,False,False,-0.009093289932367077,2.074242588416288,0.9586212091634386,False
0.998,0.9431703684701007,-8.052195545605063,2.074242588416288,0.9586212091634386,0.9547022383258079,-0.015450840693337908,-0.0115318698557072,-0.001383824382684864,-0.0030331749729702213,-0.010073663397630696,-0.01449066275328578,-0.01449066275328578,False,False,-0.010996425680292474,2.076127446868822,0.942429226266926,False
1.0,0.9270509831248426,-8.0671468448022,2.076127446868822,0.942429226266926,0.9423509148369723,-0.01537824314208347,-0.015299931712129733,-0.0018359918054555678,-0.0030515348910247772,-0.012048978130203537,-0.016936504826683883,-0.016936504826683883,False,False,-0.012908070917968396,2.0779798770703013,0.9262151007397242,False
1.002,0.9109019530688411,-8.081840177351236,2.0779798770703013,0.9262151007397242,0.9275855356306166,-0.015313147670883098,-0.01668358256177549,-0.0020020299074130585,-0.0030715551900989077,-0.014022532255696149,-0.019096117353208115,-0.019096117353208115,False,False,-0.01449066275328578,2.079799904125904,0.9100135278013576,False
1.004,0.894723794706624,-8.096275073397111,2.079799904125904,0.9100135278013576,0.9107988038844181,-0.015289733094733582,-0.016075009177794142,-0.001929001101335297,-0.0030908452011122606,-0.015994262664913612,-0.02101410896736117,-0.02101410896736117,False,False,-0.016936504826683883,2.0815873721007185,0.8937339874073384,False
1.006,0.8785170253741653,-8.110451071348903,2.0815873721007185,0.8937339874073384,0.8946390057547655,-0.015216962033173131,-0.016121980380600198,-0.0019346376456720238,-0.003110191577568981,-0.017964106306978943,-0.023008935530219946,-0.023008935530219946,False,False,-0.019096117353208115,2.0833421867103996,0.8774073048405227,False
1.008,0.8622821633223492,-8.124367717894588,2.0833421867103996,0.8774073048405227,0.8797234092416899,-0.015125141518173457,-0.01744124591934071,-0.002092949510320885,-0.0031311210726721896,-0.019932000191348713,-0.025156070774341788,-0.025156070774341788,False,False,-0.02101410896736117,2.0850643053023914,0.8610592959959503,False
1.01,0.8460197277003885,-8.13802456801553,2.0850643053023914,0.8610592959959503,0.8583591936296158,-0.015039568295561856,-0.0123394659292273,-0.0014807359115072759,-0.0031459284317872623,-0.021897881389828074,-0.02652454573312261,-0.02652454573312261,False,False,-0.023008935530219946,2.0867536696038447,0.8446821507266973,False
1.012,0.8297302385392296,-8.15142118500072,2.0867536696038447,0.8446821507266973,0.8455840447839785,-0.01495191218746772,-0.01585380624474897,-0.0019024567493698763,-0.003164952999280961,-0.023861687038582734,-0.02892909678723357,-0.02892909678723357,False,False,-0.025156070774341788,2.088410190089182,0.8282602426686785,False
1.014,0.8134142167349214,-8.164557140460737,2.088410190089182,0.8282602426686785,0.8313024484032896,-0.014846025933757057,-0.01788823166836817,-0.0021465878002041804,-0.0031864188772830026,-0.025823354340149096,-0.03115636101763628,-0.03115636101763628,False,False,-0.02652454573312261,2.0900339412680315,0.8118755894248634,False
1.016,0.7970721840319577,-8.177432014341443,2.0900339412680315,0.8118755894248634,0.8113310231024368,-0.0148034053929057,-0.01425883907047909,-0.0017110606884574908,-0.0032035294841675777,-0.027782820565442623,-0.03269741073806769,-0.03269741073806769,False,False,-0.02892909678723357,2.091624779877173,0.7954193045707919,False
1.018,0.7807046630065972,-8.190045394937421,2.091624779877173,0.7954193045707919,0.7958610174842998,-0.014714641564194664,-0.015156354477702583,-0.0018187625373243099,-0.0032217171095408207,-0.029740023055763273,-0.034780502702628405,-0.034780502702628405,False,False,-0.03115636101763628,2.0931826013521033,0.7789107374650773,False
1.02,0.7643121770501469,-8.202396878905137,2.0931826013521033,0.7789107374650773,0.7768296078641503,-0.014598560414930462,-0.012517430814003472,-0.0015020916976804166,-0.0032367380265176248,-0.03169489922480012,-0.03643372894899816,-0.03643372894899816,False,False,-0.03269741073806769,2.094707445970763,0.762422309329973,False
1.022,0.7478952503522283,-8.214486071275841,2.094707445970763,0.762422309329973,0.7616290507355246,-0.014527058977744756,-0.013733800383296302,-0.001648056045995556,-0.0032532185869775803,-0.03364738656063235,-0.038548661193605484,-0.038548661193605484,False,False,-0.034780502702628405,2.09619924006497,0.7458970471035578,False
1.024,0.7314544078840161,-8.226312585468193,2.09619924006497,0.7458970471035578,0.7462369695633928,-0.014442639219541697,-0.014782561679376749,-0.0017739074015252097,-0.003270957660992832,-0.0355974226277288,-0.040642287690246845,-0.040642287690246845,False,False,-0.03643372894899816,2.097658000790041,0.729380362535524,False
1.026,0.7149901753814483,-8.237876043300625,2.097658000790041,0.729380362535524,0.7293149996998233,-0.014390187154075695,-0.014324824318375007,-0.0017189789182050007,-0.003288147450174882,-0.03754494506894544,-0.042552071437325326,-0.042552071437325326,False,False,-0.038548661193605484,2.09908364843173,0.7128238208443811,False
1.028,0.6985030793284197,-8.24917607500344,2.09908364843173,0.7128238208443811,0.7087603750746423,-0.01432074151596141,-0.010257295746222583,-0.00123087548954671,-0.0033004562050703494,-0.039489891607520755,-0.04402122330213781,-0.04402122330213781,False,False,-0.040642287690246845,2.1004761086135373,0.6962300909037855,False
1.03,0.6819936469399395,-8.26021231923063,2.1004761086135373,0.6962300909037855,0.6989411644657108,-0.014236443963846046,-0.016947517525771283,-0.0020337021030925537,-0.003320793226101275,-0.041432200049070944,-0.04678669537826477,-0.04678669537826477,False,False,-0.042552071437325326,2.101835346273185,0.6796188298238443,False
1.032,0.6654624061452763,-8.270984423071436,2.101835346273185,0.6796188298238443,0.6802619330634928,-0.014156423678567953,-0.01479952691821651,-0.001775943230185981,-0.003338552658403135,-0.04337180828358477,-0.04848630417217389,-0.04848630417217389,False,False,-0.04402122330213781,2.1031614190019092,0.6630363643620786,False
1.034,0.648909885571076,-8.281492042061629,2.1031614190019092,0.6630363643620786,0.661329100553054,-0.014126478791002595,-0.012419214981978066,-0.001490305797837368,-0.0033534557163815083,-0.045308654287422125,-0.050152415801641,-0.050152415801641,False,False,-0.04678669537826477,2.104454112309123,0.6463466536069558,False
1.036,0.6323366145244554,-8.291734840194524,2.104454112309123,0.6463466536069558,0.6469807266979115,-0.014010039082500314,-0.01464411217345607,-0.0017572934608147282,-0.0033710286509896557,-0.047242676125321334,-0.05237099823712572,-0.05237099823712572,False,False,-0.04848630417217389,2.105713437253385,0.6296624721309102,False
1.038,0.6157431229760826,-8.301712489931727,2.105713437253385,0.6296624721309102,0.6306943697627757,-0.01391934915482762,-0.014951246786693129,-0.0017941496144031753,-0.0033889701471336874,-0.04917381195242633,-0.05435693171396319,-0.05435693171396319,False,False,-0.050152415801641,2.1069394117859677,0.6129872662913473,False
1.04,0.5991299415432212,-8.311424672213619,2.1069394117859677,0.6129872662913473,0.6128533055233479,-0.013857324748126065,-0.013723363980126746,-0.0016468036776152095,-0.0034054381839098394,-0.05110200001635645,-0.056154241877881504,-0.056154241877881504,False,False,-0.05237099823712572,2.108131937973733,0.5962630938827791,False
1.042,0.5824976014727681,-8.320871076469533,2.108131937973733,0.5962630938827791,0.5979953226368832,-0.013765492410011015,-0.015497721164115075,-0.0018597265396938089,-0.0034240354493067773,-0.053027178659359006,-0.058310940648359594,-0.058310940648359594,False,False,-0.05435693171396319,2.1092909676767246,0.5795148514958471,False
1.044,0.5658466346242644,-8.330051400627717,2.1092909676767246,0.5795148514958471,0.5793264725121179,-0.013668216871582706,-0.013479837887853452,-0.0016175805465424142,-0.0034402112547722015,-0.05494928632063027,-0.06000707812194489,-0.06000707812194489,False,False,-0.056154241877881504,2.1104164927818228,0.562762552549118,False
1.046,0.5491775734528863,-8.338965351124966,2.1104164927818228,0.562762552549118,0.5613078078773029,-0.013584979096231686,-0.01213023442441663,-0.0014556281309299956,-0.0034547675360815013,-0.056868261538965945,-0.061778657205977444,-0.061778657205977444,False,False,-0.058310940648359594,2.1115084300093354,0.5459686137563979,False
1.048,0.532490950992424,-8.347612642916024,2.1115084300093354,0.5459686137563979,0.546274189342737,-0.013477662763973886,-0.01378323835031292,-0.0016539886020375504,-0.0034713074221018768,-0.058784042956060024,-0.06390933898019945,-0.06390933898019945,False,False,-0.06000707812194489,2.112566793436372,0.5291817135181349,False
1.05,0.5157873008382288,-8.355992999482698,2.112566793436372,0.5291817135181349,0.5302000084960481,-0.013394412679906154,-0.014412707657819324,-0.0017295249189383187,-0.00348860267129126,-0.06069656932107889,-0.06591469691130847,-0.06591469691130847,False,False,-0.061778657205977444,2.113591581187858,0.5123938757429811,False
1.052,0.49906715713015476,-8.364106152842698,2.113591581187858,0.5123938757429811,0.5138760922079143,-0.01332671861282636,-0.014808935077759544,-0.0017770722093311453,-0.0035063733933845716,-0.0626057794977319,-0.06788922510044762,-0.06788922510044762,False,False,-0.06390933898019945,2.114582716213445,0.49556751279356503,False
1.054,0.48233105453547814,-8.371951843558204,2.114582716213445,0.49556751279356503,0.49586335592140723,-0.013236458258086892,-0.01353230138592909,-0.0016238761663114908,-0.0035226121550476865,-0.06451161247624332,-0.0696581007976025,-0.0696581007976025,False,False,-0.06591469691130847,2.1155401485525855,0.47871616957033347,False
1.056,0.4655795282317977,-8.379529820744168,2.1155401485525855,0.47871616957033347,0.48134039178512067,-0.01313664133853576,-0.015760863553322957,-0.0018913036263987547,-0.003541525191311674,-0.0664140073949385,-0.07184683621264892,-0.07184683621264892,False,False,-0.06788922510044762,2.1164638352497227,0.4618433485686141,False
1.058,0.44881311388992695,-8.386839842076329,2.1164638352497227,0.4618433485686141,0.45850798098359,-0.013030234678687136,-0.009694867093663073,-0.0011633840512395687,-0.00355315903182407,-0.06831290358069635,-0.07302944666375999,-0.07302944666375999,False,False,-0.0696581007976025,2.117353776885083,0.44497081768018537,False
1.06,0.43203234765675647,-8.393881673798973,2.117353776885083,0.44497081768018537,0.44447312960973306,-0.012938470023428905,-0.012440781952976598,-0.0014928938343571918,-0.003568087970167642,-0.07020824062644282,-0.07526922243096765,-0.07526922243096765,False,False,-0.07184683621264892,2.118209886114215,0.4280546145661613,False
1.062,0.41523776613811514,-8.400655090732396,2.118209886114215,0.4280546145661613,0.4333307557111688,-0.012816848428046146,-0.018092989573053664,-0.0021711587487664398,-0.0035897995576553063,-0.07209995854138329,-0.07786091684780504,-0.07786091684780504,False,False,-0.07302944666375999,2.1190322872350267,0.41120056040580283,False
1.064,0.39842990638160747,-8.40715987628011,2.1190322872350267,0.41120056040580283,0.41173378415803713,-0.01277065402419536,-0.013303877776429662,-0.0015964653331715594,-0.003605764210987022,-0.0739879980441443,-0.07919022758830288,-0.07919022758830288,False,False,-0.07526922243096765,2.11982088180947,0.394297287221714,False
1.066,0.3816093058594463,-8.413395822435772,2.11982088180947,0.394297287221714,0.39250376907541407,-0.012687981362267675,-0.010894463215967765,-0.0013073355859161318,-0.0036188375668461835,-0.07587230113677496,-0.08079847428953726,-0.08079847428953726,False,False,-0.07786091684780504,2.1205754987907297,0.37730849062986305,False
1.068,0.36477650245125715,-8.419362729789833,2.1205754987907297,0.37730849062986305,0.3765335276058664,-0.012531988178605902,-0.011757025154609246,-0.0014108430185531095,-0.0036329459970317144,-0.07775281223092365,-0.08279660124650846,-0.08279660124650846,False,False,-0.07919022758830288,2.121296233356019,0.3603672826446994,False
1.07,0.3479320344268841,-8.42506040753591,2.121296233356019,0.3603672826446994,0.35862463107292414,-0.012435248217815331,-0.010692596646040053,-0.0012831115975248063,-0.0036457771130069625,-0.07962948035994252,-0.08455836907047429,-0.08455836907047429,False,False,-0.08079847428953726,2.1219831212295874,0.34344393678431406,False
1.072,0.3310764404291755,-8.430488673476894,2.1219831212295874,0.34344393678431406,0.34239722119691035,-0.012367496355138563,-0.01132078076773485,-0.001358493692128182,-0.0036593620499282445,-0.08150226352727777,-0.0865201192693342,-0.0865201192693342,False,False,-0.08279660124650846,2.1226361161069582,0.3264974386853605,False
1.074,0.3142102594567587,-8.435647354030777,2.1226361161069582,0.3264974386853605,0.32981433366153057,-0.012287179228601841,-0.01560407420477189,-0.0018724889045726267,-0.0036780869389739707,-0.08337113725861042,-0.08892171310215702,-0.08892171310215702,False,False,-0.08455836907047429,2.123255221695466,0.30955279425383686,False
1.076,0.2973340308468089,-8.440536284236195,2.123255221695466,0.30955279425383686,0.31307887676923135,-0.012218763407027933,-0.015744845922422424,-0.0018893815106906908,-0.0036969807540808775,-0.08523611142812412,-0.09082247369289569,-0.09082247369289569,False,False,-0.0865201192693342,2.123840399803792,0.2925890541629183,False
1.078,0.2804482942577955,-8.44515530775771,2.123840399803792,0.2925890541629183,0.29499892204911393,-0.012140759905122811,-0.014550627791318438,-0.0017460753349582126,-0.00371444150743046,-0.08709726337388282,-0.09255778021627149,-0.09255778021627149,False,False,-0.08892171310215702,2.1243915205936212,0.27556039491461504,False
1.08,0.26355358965222947,-8.449504276890808,2.1243915205936212,0.27556039491461504,0.2714604459739919,-0.012006805262385567,-0.007906856321762412,-0.0009488227586114894,-0.003723929735016575,-0.08895480308602707,-0.09362755557965513,-0.09362755557965513,False,False,-0.09082247369289569,2.1249085606001556,0.25852000326711094,False
1.082,0.24665045727939627,-8.453583052566618,2.1249085606001556,0.25852000326711094,0.25665776190005957,-0.01186954598771467,-0.010007304620663293,-0.001200876554479595,-0.003735938500561371,-0.09080920154897976,-0.09574601660402073,-0.09574601660402073,False,False,-0.09255778021627149,2.1253915314046137,0.24148540222902123,False
1.084,0.2297394376580783,-8.457391504356364,2.1253915314046137,0.24148540222902123,0.24318245546409006,-0.01174596457094293,-0.013443017806011759,-0.001613162136721411,-0.003752070121928585,-0.0926614434255357,-0.0980266756841857,-0.0980266756841857,False,False,-0.09362755557965513,2.125840584103196,0.22452634929115992,False
1.086,0.2128210715592759,-8.460929510475536,2.125840584103196,0.22452634929115992,0.22318894356548774,-0.011705277731884012,-0.010367872006211837,-0.0012441446407454205,-0.003764511568336039,-0.09451352445299951,-0.09952218066208098,-0.09952218066208098,False,False,-0.09574601660402073,2.126255649084436,0.20753249061996507,False
1.088,0.19589589998890689,-8.464196957787776,2.126255649084436,0.20753249061996507,0.20797707295661752,-0.01163659063105818,-0.012081172967710635,-0.0014497407561252762,-0.0037790089758972917,-0.09636942997164058,-0.10159817970366315,-0.10159817970366315,False,False,-0.0980266756841857,2.1266366246264097,0.1904877709867719,False
1.09,0.17896446417051198,-8.467193741808511,2.1266366246264097,0.1904877709867719,0.19070427735128448,-0.011523306816259904,-0.011739813180772496,-0.0014087775816926994,-0.003793096751714219,-0.09823705742552426,-0.10343893175893118,-0.10343893175893118,False,False,-0.09952218066208098,2.1269835766978327,0.17347603571144726,False
1.092,0.16202730552794642,-8.469919766708276,2.1269835766978327,0.17347603571144726,0.17111438423328343,-0.011448730183500844,-0.00908707870533701,-0.001090449444640441,-0.003804001246160623,-0.10013198296056902,-0.10502643365137009,-0.10502643365137009,False,False,-0.10159817970366315,2.127296453224623,0.15643826339522124,False
1.094,0.14508496566806534,-8.472374945315797,2.127296453224623,0.15643826339522124,0.15807744154646555,-0.011353297727155903,-0.012992475878400217,-0.001559097105408026,-0.0038195922172147034,-0.10208479936779401,-0.10746348869041673,-0.10746348869041673,False,False,-0.10343893175893118,2.127575260363572,0.13940356947442822,False
1.096,0.12813798636340995,-8.474559199120764,2.127575260363572,0.13940356947442822,0.13728987727977374,-0.011265583111018274,-0.009151890916363786,-0.0010982269099636542,-0.0038305744863143397,-0.10415524959674023,-0.10908405099301823,-0.10908405099301823,False,False,-0.10502643365137009,2.1278200737389055,0.12240668766685193,False
1.098,0.11118690953487498,-8.476472458276344,2.1278200737389055,0.12240668766685193,0.12298998971644487,-0.011219778131976957,-0.011803080181569892,-0.0014163696217883868,-0.0038447381825322236,-0.10645882787809116,-0.11171993568241177,-0.11171993568241177,False,False,-0.10746348869041673,2.1280308224027213,0.10537433190789335,False
1.1,0.09423227723438471,-8.47811466160142,2.1280308224027213,0.10537433190789335,0.10420934999987357,-0.011142054673508636,-0.009977072765488856,-0.0011972487318586628,-0.0038567106698508104,-0.10921450740267245,-0.11426846680438192,-0.11426846680438192,False,False,-0.10908405099301823,2.1282076700554935,0.08842382638598217,False
1.102,0.0772746316275584,-8.479485756582548,2.1282076700554935,0.08842382638598217,0.0858428650505325,-0.01114919475842377,-0.008568233422974095,-0.0010281880107568912,-0.0038669925499583793,-0.11282183361802263,-0.1177170141787379,-0.1177170141787379,False,False,-0.11171993568241177,2.1283506845310316,0.07150723776900847,False
1.104,0.06031451497637175,-8.48058569937563,2.1283506845310316,0.07150723776900847,0.07082117931712813,-0.011192722792636722,-0.01050666434075638,-0.0012607997208907656,-0.0038796005471672867,-0.11795587142610871,-0.12309627169416676,-0.12309627169416676,False,False,-0.11426846680438192,2.1284601700419814,0.05474275547490379,False
1.106,0.04335246962182204,-8.481414454807318,2.1284601700419814,0.05474275547490379,0.05257612344545786,-0.011390285853081744,-0.009223653823635818,-0.0011068384588362981,-0.0038906689317556495,-0.12558878366213316,-0.13058629105272512,-0.13058629105272512,False,False,-0.1177170141787379,2.12853661092891,0.038220443464444614,False
1.108,0.02638903796657762,-8.48197199637614,2.12853661092891,0.038220443464444614,0.035968609453705835,-0.011831405497866994,-0.009579571487128215,-0.0011495485784553858,-0.0039021644175402034,-0.13667882815288845,-0.14173054114888403,-0.14173054114888403,False,False,-0.12309627169416676,2.1285806394917564,0.022014281423168063,False
1.11,0.00942476245763847,-8.482258306253351,2.1285806394917564,0.022014281423168063,0.019827605091816712,-0.012589518965529593,-0.010402842634178242,-0.001248341116101389,-0.003914647828701217,-0.1512561420848395,-0.1564191310296421,-0.1564191310296421,False,False,-0.13058629105272512,2.12859311267637,0.006236592306786259,False
1.112,-0.007539814431011143,-8.48227337528349,2.12859311267637,0.006236592306786259,0.004472914610929876,-0.013776406737797401,-0.01201272904194102,-0.0014415274850329224,-0.003929063103551547,-0.1674871653391116,-0.17285775592769606,-0.17285775592769606,False,False,-0.14173054114888403,2.1285746531258916,-0.009229775239283138,False
1.114,-0.02450415021575094,-8.482017202984695,2.1285746531258916,-0.009229775239283138,-0.008710211529108301,-0.015274374976467803,-0.01579393868664264,-0.0018952726423971166,-0.003948015829975518,-0.18236518802423318,-0.18820847649660583,-0.18820847649660583,False,False,-0.1564191310296421,2.1285252859399124,-0.024683592989515276,False
1.116,-0.04146770242066653,-8.481489797548694,2.1285252859399124,-0.024683592989515276,-0.02245424937255188,-0.016784109431151256,-0.01901345304811465,-0.002281614365773758,-0.003970831973633256,-0.19385011169255587,-0.2001025580319629,-0.2001025580319629,False,False,-0.17285775592769606,2.1284443811987264,-0.04045237059313187,False
1.118,-0.05842992859490438,-8.48069117584056,2.1284443811987264,-0.04045237059313187,-0.040460636593883645,-0.01797755800177251,-0.017969292001020737,-0.0021563150401224885,-0.003992395124034481,-0.2017964545270771,-0.20794516469123406,-0.20794516469123406,False,False,-0.18820847649660583,2.1283309795093617,-0.056700844682396244,False
1.12,-0.07539028633001271,-8.479621363398165,2.1283309795093617,-0.056700844682396244,-0.057889267643234994,-0.01868944164761647,-0.017501018686777718,-0.0021001222424133262,-0.004013396346458614,-0.20711536334547137,-0.2132288819343433,-0.2132288819343433,False,False,-0.2001025580319629,2.1281842380368587,-0.07337073625148152,False
1.122,-0.09234823327728758,-8.478280394431366,2.1281842380368587,-0.07337073625148152,-0.07502571683891081,-0.01897749702580606,-0.017322516438376775,-0.002078701972605213,-0.004034183366184666,-0.2108024700188314,-0.21691535535762127,-0.21691535535762127,False,False,-0.20794516469123406,2.1280036616679445,-0.09028818445715082,False
1.124,-0.10930322716511723,-8.476668311820907,2.1280036616679445,-0.09028818445715082,-0.09288489159634791,-0.019015042707966404,-0.016418335568769316,-0.001970200268252318,-0.0040538853688671895,-0.21356790402423032,-0.21959198966134982,-0.21959198966134982,False,False,-0.2132288819343433,2.127788951008498,-0.10735532972323909,False
1.1260000000000001,-0.12625472581631714,-8.474785167117053,2.127788951008498,-0.10735532972323909,-0.10630365203778878,-0.018899396093078044,-0.019951073778528353,-0.0023941288534234024,-0.004077826657401424,-0.21583722275502493,-0.22230917826584976,-0.22230917826584976,False,False,-0.21691535535762127,2.12753994053364,-0.1245052374290825,False
1.1280000000000001,-0.1432021871654755,-8.472631020537937,2.12753994053364,-0.1245052374290825,-0.12494742259035377,-0.018696949736393007,-0.018254764575121735,-0.0021905717490146082,-0.00409973237489157,-0.217845090445497,-0.22413539456940318,-0.22413539456940318,False,False,-0.21959198966134982,2.1272565663684375,-0.14168708260116408,False
1.1300000000000001,-0.16014506927628175,-8.470205940967636,2.1272565663684375,-0.14168708260116408,-0.14119952857988008,-0.018457986675117666,-0.01894554069640167,-0.0022734648835682,-0.004122467023727252,-0.21971566098340586,-0.22611159289070132,-0.22611159289070132,False,False,-0.22230917826584976,2.1269386981987655,-0.15893408483596375,False
1.1320000000000001,-0.17708283035885752,-8.467510005953972,2.1269386981987655,-0.15893408483596375,-0.16020223259835759,-0.018148745522893778,-0.016880597760499938,-0.0020256717312599924,-0.004142723741039852,-0.22151325973402033,-0.22768165520632017,-0.22768165520632017,False,False,-0.22413539456940318,2.12658636368597,-0.17616725639781386,False
1.1340000000000001,-0.1940149287870832,-8.464543301706026,2.12658636368597,-0.17616725639781386,-0.17758764926661505,-0.017847672389269348,-0.016427279520468158,-0.001971273542456179,-0.004162436476464413,-0.22327085553113063,-0.22940456555005123,-0.22940456555005123,False,False,-0.22611159289070132,2.1261995434324126,-0.19341012677868297,False
1.1360000000000001,-0.21094082311591228,-8.461305923091382,2.1261995434324126,-0.19341012677868297,-0.1914341695111529,-0.017530696337229312,-0.019506653604759366,-0.0023407984325711237,-0.004185844460790124,-0.22500524491110804,-0.2315318878044693,-0.2315318878044693,False,False,-0.22768165520632017,2.1257782955849516,-0.21062392373050626,False
1.1380000000000001,-0.22785997209869346,-8.457797973633099,2.1257782955849516,-0.21062392373050626,-0.21106985165658698,-0.017236048368187207,-0.016790120442106482,-0.0020148144530527778,-0.004205992605320652,-0.22672495003730653,-0.23294575709567997,-0.23294575709567997,False,False,-0.22940456555005123,2.12532264175676,-0.227826914095805,False
1.1400000000000001,-0.24477183470447306,-8.454019565506396,2.12532264175676,-0.227826914095805,-0.22813296975545488,-0.016944920608668063,-0.016638864949018173,-0.0019966637938821806,-0.004225959243259474,-0.22843427642704275,-0.23465689946418442,-0.23465689946418442,False,False,-0.2315318878044693,2.124832516693132,-0.24506253181405702,False
1.1420000000000001,-0.2616758701352967,-8.449970819535068,2.124832516693132,-0.24506253181405702,-0.24319708657261302,-0.01661333832123968,-0.018478783562683676,-0.002217454027522041,-0.004248133783534694,-0.2301353849808066,-0.23660097279186335,-0.23660097279186335,False,False,-0.23294575709567997,2.124308004277665,-0.2622562077335317,False
1.1440000000000001,-0.2785715378435047,-8.445651865187616,2.124308004277665,-0.2622562077335317,-0.26189981945902224,-0.016315330109972992,-0.016671718384482448,-0.0020006062061378935,-0.004268139845596073,-0.23182934685046697,-0.23809809290220094,-0.23809809290220094,False,False,-0.23465689946418442,2.123749124729755,-0.2794397739549557,False
1.1460000000000001,-0.2954582975490114,-8.441062840573112,2.123749124729755,-0.2794397739549557,-0.2763648239758595,-0.0160185235940557,-0.019093473573151887,-0.002291216828778226,-0.004291052013883855,-0.23351667969426748,-0.24009894853692956,-0.24009894853692956,False,False,-0.23660097279186335,2.1231558490245046,-0.2966378526253456,False
1.1480000000000001,-0.31233560925659026,-8.436203892436787,2.1231558490245046,-0.2966378526253456,-0.2948771220449345,-0.015697756631244675,-0.01745848721165577,-0.0020950184653986924,-0.004312002198537842,-0.2351976201128361,-0.24160464077677263,-0.24160464077677263,False,False,-0.23809809290220094,2.1225282419241904,-0.3138035501570268,False
1.1500000000000001,-0.3292029332731362,-8.431075176155327,2.1225282419241904,-0.3138035501570268,-0.3129620023091113,-0.015399383116109389,-0.016240930964024902,-0.0019489117156829881,-0.004331491315694672,-0.23687226202481781,-0.24315266505619548,-0.24315266505619548,False,False,-0.24009894853692956,2.1218662619348234,-0.3309899946835757,False
1.1520000000000001,-0.34605973022492487,-8.425676855731915,2.1218662619348234,-0.3309899946835757,-0.33220549329569704,-0.01506973554134916,-0.013854236929227826,-0.001662508431507339,-0.004348116400009745,-0.23854062695055603,-0.2445512517820731,-0.2445512517820731,False,False,-0.24160464077677263,2.1211699716742984,-0.34814513026260013,False
1.154,-0.3629054610748589,-8.420009103790981,2.1211699716742984,-0.34814513026260013,-0.3487226584263561,-0.014760330812258748,-0.014182802648502801,-0.001701936317820336,-0.004365135763187949,-0.24020269971513347,-0.24626977179614176,-0.24626977179614176,False,False,-0.24315266505619548,2.1204394241920537,-0.36527374112232525,False
1.156,-0.3797395871397107,-8.414072101572682,2.1204394241920537,-0.36527374112232525,-0.36247623718626054,-0.01446584601738543,-0.017263349953450136,-0.002071601994414016,-0.004385851783132089,-0.24185844658883504,-0.24831590036638115,-0.24831590036638115,False,False,-0.2445512517820731,2.119674703238562,-0.3823604767459454,False
1.158,-0.39656157010734105,-8.407866038927109,2.119674703238562,-0.3823604767459454,-0.37743726338803646,-0.014201093361395634,-0.019124306719304596,-0.0022949168063165514,-0.0044088009511952546,-0.24350782450679043,-0.25021154226430226,-0.25021154226430226,False,False,-0.24626977179614176,2.1188758246457686,-0.3994392963966184,False
1.16,-0.4133708720539133,-8.401391114308217,2.1188758246457686,-0.3994392963966184,-0.4007473763229858,-0.013931575657294915,-0.012623495730927525,-0.001514819487711303,-0.004423949146072368,-0.24515078575641636,-0.25108955439020003,-0.25108955439020003,False,False,-0.24831590036638115,2.118042735468538,-0.4165445886153123,False
1.162,-0.4301669554611013,-8.39464753476747,2.118042735468538,-0.4165445886153123,-0.41707283161381237,-0.013622366845788991,-0.013094123847288919,-0.0015712948616746702,-0.004439662094689115,-0.246787280361724,-0.2527982373180878,-0.2527982373180878,False,False,-0.25021154226430226,2.117175414854602,-0.433660306968164,False
1.164,-0.44694928323327227,-8.387635515947235,2.117175414854602,-0.433660306968164,-0.43543453136356314,-0.013288976265108277,-0.011514751869709128,-0.0013817702243650953,-0.004453479796932765,-0.2484172572969137,-0.25425250731821153,-0.25425250731821153,False,False,-0.25108955439020003,2.116274055271502,-0.4506797915499796,False
1.166,-0.4637173187146637,-8.380355282073873,2.116274055271502,-0.4506797915499796,-0.4512301369071263,-0.013037527164684093,-0.012487181807537384,-0.001498461816904486,-0.00446846441510181,-0.2500406651047017,-0.256007591336708,-0.256007591336708,False,False,-0.2527982373180878,2.1153386731286554,-0.4676910714232912,False
1.168,-0.4804705257065449,-8.372807065950576,2.1153386731286554,-0.4676910714232912,-0.4631527802344034,-0.012779454283253722,-0.017317745472141488,-0.0020781294566569785,-0.00448924570966838,-0.25165745221187236,-0.25822482737819774,-0.25822482737819774,False,False,-0.25425250731821153,2.114369337928873,-0.484667599891323,False
1.17,-0.49720836848435834,-8.36499110894992,2.114369337928873,-0.484667599891323,-0.48443979062382114,-0.012540768593035323,-0.0127685778605372,-0.001532229343264464,-0.004504568003101024,-0.2532675670907728,-0.2593043644371383,-0.2593043644371383,False,False,-0.256007591336708,2.1133660554205425,-0.5016412541650792,False
1.172,-0.5139303118148586,-8.356907661006145,2.1133660554205425,-0.5016412541650792,-0.5031715715361355,-0.012289057649779389,-0.010758740278723145,-0.0012910488334467772,-0.004517478491435492,-0.25487095834239126,-0.26067948566727356,-0.26067948566727356,False,False,-0.25822482737819774,2.112328734514462,-0.5186604530402756,False
1.174,-0.5306358209732223,-8.348556980607167,2.112328734514462,-0.5186604530402756,-0.5178996316396575,-0.011975367932946623,-0.012736189333564796,-0.0015283427200277755,-0.00453276191863577,-0.25646757473950005,-0.2625286793781636,-0.2625286793781636,False,False,-0.2593043644371383,2.1112575233563007,-0.535605579080605,False
1.176,-0.5473243617601491,-8.339939334786312,2.1112575233563007,-0.535605579080605,-0.5364048810222272,-0.01171878267954407,-0.010919480737921927,-0.0013103376885506312,-0.004545865295521276,-0.2580573652494547,-0.26391356823352663,-0.26391356823352663,False,False,-0.26067948566727356,2.1101525065679323,-0.5525083941842159,False
1.178,-0.5639954005189445,-8.331054999113768,2.1101525065679323,-0.5525083941842159,-0.5495488776643163,-0.011487006334728544,-0.014446522854628219,-0.001733582742555386,-0.00456320112294683,-0.25964027904662007,-0.26593706291212227,-0.26593706291212227,False,False,-0.2625286793781636,2.1090136685704373,-0.5694189987476072,False
1.18,-0.58064840415258,-8.321904257687786,2.1090136685704373,-0.5694189987476072,-0.5676937688474526,-0.011229405404972859,-0.012954635305127415,-0.0015545562366152898,-0.004578746685312983,-0.2612162655195042,-0.2673495684414325,-0.2673495684414325,False,False,-0.26391356823352663,2.1078410911813257,-0.5862886945558036,False
1.182,-0.5972828401407485,-8.312487403125587,2.1078410911813257,-0.5862886945558036,-0.5853232156417956,-0.010994145584944937,-0.011959624498952937,-0.0014351549398743523,-0.004593098234711727,-0.26278527427519116,-0.26881352744977727,-0.26881352744977727,False,False,-0.26593706291212227,2.106634721594962,-0.6031847931818168,False
1.184,-0.6138981765568867,-8.302804736554009,2.106634721594962,-0.6031847931818168,-0.6059678428415918,-0.010713383375069885,-0.007930333715294946,-0.0009516400458353934,-0.004602614635170081,-0.26434725514238905,-0.2699015098233945,-0.2699015098233945,False,False,-0.2673495684414325,2.1053946355269986,-0.6200430339817435,False
1.186,-0.630493882085187,-8.292856567599872,2.1053946355269986,-0.6200430339817435,-0.6210868427667088,-0.010450848103443433,-0.009407039318478194,-0.0011288447182173833,-0.004613903082352255,-0.2659021581737692,-0.2716449059743389,-0.2716449059743389,False,False,-0.26881352744977727,2.1041208970863807,-0.636869220308815,False
1.188,-0.6470694260375881,-8.282643214380082,2.1041208970863807,-0.636869220308815,-0.6382157359883264,-0.010200205728773115,-0.008853690049261731,-0.0010624428059114077,-0.004624527510411369,-0.2674499336479398,-0.27313690396426255,-0.27313690396426255,False,False,-0.2699015098233945,2.1028136484065625,-0.6536243399090413,False
1.19,-0.6636242783707407,-8.27216500349146,2.1028136484065625,-0.6536243399090413,-0.6545938194113278,-0.009999938461699331,-0.009030458959412901,-0.0010836550751295482,-0.004635364061162665,-0.2689905320712271,-0.2747095512075193,-0.2747095512075193,False,False,-0.2716449059743389,2.1014728928151953,-0.6703777956835464,False
1.192,-0.6801579097029637,-8.261422270000294,2.1014728928151953,-0.6703777956835464,-0.6687850961407672,-0.009780114019417363,-0.011372813562196549,-0.0013647376274635858,-0.0046490114374373006,-0.27052390417935784,-0.2765376532442587,-0.2765376532442587,False,False,-0.27313690396426255,2.1000986862459765,-0.6871032846094776,False
1.194,-0.6966697913311686,-8.25041535743162,2.1000986862459765,-0.6871032846094776,-0.6838203463235771,-0.009566506721691015,-0.012849445007591442,-0.001541933400910973,-0.00466443077144641,-0.2720500009390844,-0.27825636511144175,-0.27825636511144175,False,False,-0.2747095512075193,2.0986910671297907,-0.7038095580928236,False
1.196,-0.7131593952477672,-8.239144617758253,2.0986910671297907,-0.7038095580928236,-0.7044619299920998,-0.00934983715494353,-0.008697465255667391,-0.0010436958306800869,-0.004674867729753211,-0.2735687735497789,-0.2792873371102122,-0.2792873371102122,False,False,-0.2765376532442587,2.0972500199829502,-0.7205235734202917,False
1.198,-0.7296261941575517,-8.227610411389513,2.0972500199829502,-0.7205235734202917,-0.7217334510770632,-0.009102620737259981,-0.007892743080488485,-0.0009471291696586181,-0.004684339021449797,-0.27508017344500646,-0.2807116416361149,-0.2807116416361149,False,False,-0.27825636511144175,2.0957755523982238,-0.7372337923633311,False
1.2,-0.7460696614945637,-8.215813107159715,2.0957755523982238,-0.7372337923633311,-0.7401310105794184,-0.008835869131232577,-0.005938650915145227,-0.0007126381098174272,-0.004691465402547971,-0.276584152294086,-0.2819882558064514,-0.2819882558064514,False,False,-0.2792873371102122,2.094267815897236,-0.7538682504938734,False
1.202,-0.7624892714389275,-8.20375308231636,2.094267815897236,-0.7538682504938734,-0.7535885973097355,-0.008621020945054125,-0.008900674129192043,-0.001068080895503045,-0.004702146211503002,-0.27808066200363846,-0.2838508891106445,-0.2838508891106445,False,False,-0.2807116416361149,2.0927268779722623,-0.7704689624868862,False
1.204,-0.7788844989336656,-8.19143072250809,2.0927268779722623,-0.7704689624868862,-0.7675136314722306,-0.008415536446779392,-0.011370867461435008,-0.001364504095372201,-0.0047157912524567235,-0.2795696547191269,-0.28564995006695587,-0.28564995006695587,False,False,-0.2819882558064514,2.0911528362998775,-0.7870208361923745,False
1.206,-0.7952548197014896,-8.178846421772338,2.0911528362998775,-0.7870208361923745,-0.7907541293283591,-0.008233983509115084,-0.0045006903731305,-0.00054008284477566,-0.00472119208090448,-0.2810510828263877,-0.2863123577520678,-0.2863123577520678,False,False,-0.2838508891106445,2.089545664770788,-0.8035857645448405,False
1.208,-0.8115997102615606,-8.16600058252274,2.089545664770788,-0.8035857645448405,-0.8036221140424482,-0.008013945716720094,-0.007977596219112426,-0.0009573115462934911,-0.004730765196367415,-0.28252489895315297,-0.2882129756958139,-0.2882129756958139,False,False,-0.28564995006695587,2.0879053508747436,-0.8201569480221533,False
1.21,-0.8279186479462366,-8.152893615536259,2.0879053508747436,-0.8201569480221533,-0.8223836555059397,-0.007761699924083265,-0.005534992440296871,-0.0006641990928356245,-0.004737407187295772,-0.2839910559705665,-0.28939266225069793,-0.28939266225069793,False,False,-0.2863123577520678,2.0862321202535576,-0.8366153105930276,False
1.212,-0.8442111109177801,-8.139525939940055,2.0862321202535576,-0.8366153105930276,-0.8376860740349735,-0.0075958003247524886,-0.00652503688280659,-0.0007830044259367907,-0.00474523723155514,-0.2854495069946908,-0.29097774865218273,-0.29097774865218273,False,False,-0.2882129756958139,2.084525936787951,-0.853091732803348,False
1.214,-0.8604765781850474,-8.12589798319808,2.084525936787951,-0.853091732803348,-0.8519064675263168,-0.0073848453816993676,-0.00857011065873059,-0.0010284132790476708,-0.004755521364345617,-0.28690020538800576,-0.29268414003139903,-0.29268414003139903,False,False,-0.28939266225069793,2.0827869157183327,-0.869510534809012,False
1.216,-0.8767145296201495,-8.112010181097405,2.0827869157183327,-0.869510534809012,-0.8656596397069221,-0.007203994811137537,-0.01105488991322745,-0.001326586789587294,-0.004768787232241489,-0.28834310476090086,-0.29443847878272966,-0.29443847878272966,False,False,-0.29097774865218273,2.0810150861277297,-0.8859147953015966,False
1.218,-0.8929244459750787,-8.097862977734296,2.0810150861277297,-0.8859147953015966,-0.8850308564692055,-0.007009650673482137,-0.007893589505873155,-0.0009472307407047786,-0.004778259539648537,-0.28977815897315784,-0.29550364925351114,-0.29550364925351114,False,False,-0.29268414003139903,2.0792104513782528,-0.9023173747385458,False
1.22,-0.9091058088983213,-8.0834568255,2.0792104513782528,-0.9023173747385458,-0.9047720688061708,-0.0067884341597754805,-0.004333740092150484,-0.0005200488110580581,-0.004783460027759118,-0.2912053221354269,-0.2965088309742441,-0.2965088309742441,False,False,-0.29443847878272966,2.0773730047549,-0.9187233116763601,False
1.222,-0.9252581009514282,-8.068792185066284,2.0773730047549,-0.9187233116763601,-0.9157994567247436,-0.00653478927506812,-0.009458644226684632,-0.0011350373072021558,-0.004794810400831139,-0.29262454861069337,-0.29855439631872666,-0.29855439631872666,False,False,-0.29550364925351114,2.075502883927927,-0.9350604134866174,False
1.224,-0.9413808056255614,-8.053869525370708,2.075502883927927,-0.9350604134866174,-0.9369650170279192,-0.0063203921389439754,-0.004415788597642134,-0.0005298946317170561,-0.0048001093471483096,-0.29403579301573785,-0.2993657969946032,-0.2993657969946032,False,False,-0.2965088309742441,2.073600237615724,-0.9513231561015606,False
1.226,-0.9574734073580131,-8.038689323601622,2.073600237615724,-0.9513231561015606,-0.9532284163848743,-0.006150251256452521,-0.004244990973138796,-0.0005093989167766554,-0.004805203336316076,-0.2954390102225869,-0.3007536124756796,-0.3007536124756796,False,False,-0.29855439631872666,2.071664995046027,-0.9676212848484949,False
1.228,-0.9735353915486862,-8.023252065182911,2.071664995046027,-0.9676212848484949,-0.964173773773645,-0.005914106700191324,-0.009361617775041187,-0.0011233941330049423,-0.0048164372776461255,-0.29683415535995605,-0.30277398677060713,-0.30277398677060713,False,False,-0.2993657969946032,2.0696973446579663,-0.983825194030451,False
1.23,-0.9895662445765582,-8.007558243758472,2.0696973446579663,-0.983825194030451,-0.9828511015551753,-0.005741050546107185,-0.0067151430213828744,-0.0008058171625659449,-0.0048244954492717845,-0.29822118381468515,-0.30385149642652287,-0.30385149642652287,False,False,-0.3007536124756796,2.067697352118148,-0.9999962699092069,False
1.232,-1.0055654538160992,-7.991608361176433,2.067697352118148,-0.9999962699092069,-0.9989276226085395,-0.005569183906892317,-0.006637831207559675,-0.0007965397449071609,-0.004832460846720856,-0.29960005123316463,-0.30522905182479265,-0.30522905182479265,False,False,-0.30277398677060713,2.065664949913828,-1.0162011021598727,False
1.234,-1.0215325076536677,-7.975402927473092,2.065664949913828,-1.0162011021598727,-1.0167217029382,-0.005331405493794961,-0.004810804715467576,-0.0005772965658561091,-0.004838233812379417,-0.30097071352275406,-0.30638624390098956,-0.30638624390098956,False,False,-0.30385149642652287,2.0636002687097674,-1.0323406020302792,False
1.236,-1.037466895503869,-7.958942460856622,2.0636002687097674,-1.0323406020302792,-1.0337092558458594,-0.005126293473589838,-0.0037576396580096816,-0.00045091675896116176,-0.004842742979969028,-0.30233312685319186,-0.30762678659212206,-0.30762678659212206,False,False,-0.30522905182479265,2.061503374904864,-1.0484469024516028,False
1.238,-1.053368107825881,-7.94222748769049,2.061503374904864,-1.0484469024516028,-1.0474809908494291,-0.004921205374278204,-0.005887116976451834,-0.00070645403717422,-0.004849807520340771,-0.30368724765799676,-0.30924350921551175,-0.30924350921551175,False,False,-0.30638624390098956,2.059374380312013,-1.0644972964254615,False
1.24,-1.0692356361397517,-7.9252585424766355,2.059374380312013,-1.0644972964254615,-1.0612983659594246,-0.004738339714290163,-0.007937270180327083,-0.0009524724216392499,-0.004859332244557164,-0.3050330326358615,-0.3108448373020579,-0.3108448373020579,False,False,-0.30762678659212206,2.0572133780613275,-1.0805011253427304,False
1.242,-1.0850689730426573,-7.908036167838365,2.0572133780613275,-1.0805011253427304,-1.0795081085384264,-0.004567847699926908,-0.005560864504230878,-0.0006673037405077053,-0.0048660052819622405,-0.3063704387520371,-0.3119037477745071,-0.3119037477745071,False,False,-0.30924350921551175,2.0550203814872394,-1.096498287044051,False
1.244,-1.100867612225127,-7.890560914503011,2.0550203814872394,-1.096498287044051,-1.0931291724425964,-0.0043693251810761335,-0.007738439782530637,-0.0009286127739036765,-0.004875291409701278,-0.30769942323970906,-0.313503327423314,-0.313503327423314,False,False,-0.3108448373020579,2.052795407001196,-1.112487243021743,False
1.246,-1.116631048487235,-7.8728333412843154,2.052795407001196,-1.112487243021743,-1.1111432412300677,-0.00414380546549209,-0.005487807257167354,-0.0006585368708600824,-0.0048818767784098785,-0.30901994360136487,-0.3145603572506348,-0.3145603572506348,False,False,-0.3119037477745071,2.050538584416157,-1.1284112925192864,False
1.248,-1.1323587777547521,-7.854854015064566,2.050538584416157,-1.1284112925192864,-1.1278555617887347,-0.003947485235465731,-0.0045032159660174376,-0.0005403859159220925,-0.004887280637569099,-0.3103319576101529,-0.3157596241636441,-0.3157596241636441,False,False,-0.313503327423314,2.048249928902179,-1.144327756989052,False
1.25,-1.148050297095269,-7.836623510776464,2.048249928902179,-1.144327756989052,-1.1425933892297795,-0.003722540106217087,-0.00545690786548958,-0.0006548289438587495,-0.004893828927007686,-0.3116354233112333,-0.31718408118209973,-0.31718408118209973,False,False,-0.3145603572506348,2.045929569072161,-1.1601799150088439,False
1.252,-1.1637051047342768,-7.818142411384738,2.045929569072161,-1.1601799150088439,-1.1610709449747445,-0.00352518972543292,-0.002634159759532295,-0.0003160991711438754,-0.004896989918719125,-0.31293029902311864,-0.31814338811298165,-0.31814338811298165,False,False,-0.3157596241636441,2.043577602340739,-1.1759833657110088,False
1.254,-1.1793227000712128,-7.799411307867506,2.043577602340739,-1.1759833657110088,-1.1763205175750726,-0.0033393343602039494,-0.003002182496140149,-0.0003602618995368179,-0.004900592537714493,-0.31421654333900767,-0.319477397776259,-0.319477397776259,False,False,-0.31718408118209973,2.0411940778969466,-1.1917622218962691,False
1.256,-1.1949025836954685,-7.780430799197377,2.0411940778969466,-1.1917622218962691,-1.1928454322169761,-0.0031403617991994093,-0.0020571514784923917,-0.000246858177419087,-0.004903061119488684,-0.31549411512810904,-0.3206440344250168,-0.3206440344250168,False,False,-0.31814338811298165,2.038779141791216,-1.207468052865278,False
1.258,-1.2104442574023562,-7.7612014923222965,2.038779141791216,-1.207468052865278,-1.210507542080689,-0.002976204537078253,6.328467833283113e-05,7.594161399939736e-06,-0.004902985177874685,-0.3167629735369562,-0.32165836455343094,-0.32165836455343094,False,False,-0.319477397776259,2.0363328600058455,-1.2231408926852367,False
1.26,-1.2259472242090468,-7.741724002146138,2.0363328600058455,-1.2231408926852367,-1.220132641878191,-0.002806331523810046,-0.005814582330855744,-0.0006977498797026893,-0.004909962676671712,-0.31802307799071433,-0.3236307905470887,-0.3236307905470887,False,False,-0.3206440344250168,2.03385533284557,-1.2387635801375596,False
1.262,-1.2414109883704572,-7.72199895150904,2.03385533284557,-1.2387635801375596,-1.2384881095904556,-0.0026474082328975523,-0.0029228787800015255,-0.00035074545360018304,-0.004913470131207714,-0.3192743881944777,-0.32453860377928556,-0.32453860377928556,False,False,-0.32165836455343094,2.031346691405325,-1.254320720122534,False
1.264,-1.256835055395104,-7.702026971167486,2.031346691405325,-1.254320720122534,-1.2539431734822561,-0.0025143352725700563,-0.002891881912847838,-0.0003470258295417405,-0.004916940389503131,-0.320516864134558,-0.32578083035360283,-0.32578083035360283,False,False,-0.3236307905470887,2.0288068647141415,-1.2699133455917035,False
1.266,-1.2722189320609183,-7.681808699774142,2.0288068647141415,-1.2699133455917035,-1.2704148274902543,-0.0023055864692147487,-0.0018041045706640446,-0.00021649254847968535,-0.004919105314987928,-0.3217504660797642,-0.32688606394323183,-0.32688606394323183,False,False,-0.32453860377928556,2.0262360055105595,-1.2854296017910682,False
1.268,-1.2875621264310113,-7.6613447838574285,2.0262360055105595,-1.2854296017910682,-1.2866856453568616,-0.0021325246399430675,-0.0008764810741497264,-0.00010517772889796717,-0.004920157092276908,-0.3229751545826725,-0.3280004894038474,-0.3280004894038474,False,False,-0.32578083035360283,2.023634194828033,-1.3009053412631766,False
1.27,-1.3028641478694136,-7.640635877800847,2.023634194828033,-1.3009053412631766,-1.3021961536446414,-0.00195880660623704,-0.0006679942247722614,-8.015930697267137e-05,-0.004920958685346635,-0.3241908904808884,-0.3291920084732077,-0.3291920084732077,False,False,-0.32688606394323183,2.0210015414954294,-1.3163266663019126,False
1.272,-1.3181245070567589,-7.619682643822051,2.0210015414954294,-1.3163266663019126,-1.3150155683634293,-0.001797840754846236,-0.0031089386933296215,-0.00037307264319955455,-0.004924689411778631,-0.3253976348982985,-0.33069539695327665,-0.33069539695327665,False,False,-0.3280004894038474,2.0183381512204357,-1.331695137496892,False
1.274,-1.3333427160059337,-7.59848575195168,2.0183381512204357,-1.331695137496892,-1.3312388988212034,-0.001647578509041736,-0.0021038171847302944,-0.0002524580621676353,-0.004927213992400307,-0.3265953492463141,-0.33177502130088204,-0.33177502130088204,False,False,-0.3291920084732077,2.0156441124052886,-1.347019407573562,False
1.276,-1.348518288077681,-7.577045880011923,2.0156441124052886,-1.347019407573562,-1.348250098855667,-0.001498880504118949,-0.00026818922201399253,-3.21827066416791e-05,-0.004927535819466723,-0.3277839952251049,-0.33274371375121325,-0.33274371375121325,False,False,-0.33069539695327665,2.012919447175105,-1.3623326150918442,False
1.278,-1.3636507379961584,-7.5553637135948515,2.012919447175105,-1.3623326150918442,-1.361745332261701,-0.0013181229043142118,-0.0019054057344574105,-0.00022864868813488924,-0.004929822306348072,-0.3289635348248235,-0.33412200581930646,-0.33412200581930646,False,False,-0.33177502130088204,2.010164266147732,-1.377590513686642,False
1.28,-1.3787395818644632,-7.533439946040489,2.010164266147732,-1.377590513686642,-1.378159258063957,-0.001149068177821233,-0.0005803238005062106,-6.963885606074527e-05,-0.00493051869490868,-0.3301339303268214,-0.33513408787779086,-0.33513408787779086,False,False,-0.33274371375121325,2.007378701954017,-1.3927820968576419,False
1.282,-1.393784337180101,-7.5112752784146455,2.007378701954017,-1.3927820968576419,-1.3925588816101548,-0.0010022403224592136,-0.0012254555699462433,-0.0001470546683935492,-0.004931989241592616,-0.33129514430485485,-0.336374188214841,-0.336374188214841,False,False,-0.33412200581930646,2.004562799996813,-1.407950978601861,False
1.284,-1.4087845228504159,-7.488870419486494,2.004562799996813,-1.407950978601861,-1.4092574441242864,-0.0008335442485549738,0.0004729212738705524,5.675055286446628e-05,-0.004931421736063971,-0.3324471396262816,-0.3373218108094811,-0.3373218108094811,False,False,-0.33513408787779086,2.0017166818640018,-1.4230590664056113,False
1.286,-1.423739659207976,-7.4662260857059115,2.0017166818640018,-1.4230590664056113,-1.4212212621912363,-0.0006805928023647656,-0.0025183970167397263,-0.00030220764200876714,-0.0049344438124840585,-0.3335898794532484,-0.33882653090774123,-0.33882653090774123,False,False,-0.336374188214841,1.9988404200598968,-1.438130902052433,False
1.288,-1.4386492680259075,-7.443343001180568,1.9988404200598968,-1.438130902052433,-1.437393535508524,-0.0005183659734744328,-0.0012557325173836453,-0.00015068790208603742,-0.004935950691504919,-0.3347233272438689,-0.3398099658374598,-0.3398099658374598,False,False,-0.3373218108094811,1.9959341475364067,-1.4531362617450323,False
1.29,-1.4535128725331936,-7.420221897652763,1.9959341475364067,-1.4531362617450323,-1.4521435073417133,-0.00037661078816131344,-0.0013693651914803429,-0.00016432382297764113,-0.004937593929734695,-0.33584744675339223,-0.3409493645061046,-0.3409493645061046,False,False,-0.33882653090774123,1.992997879127945,-1.468134204230814,False
1.292,-1.4683299974299169,-7.39686351447604,1.992997879127945,-1.468134204230814,-1.4712786777159663,-0.00019579319910278947,0.002948680286049443,0.00035384163432593317,-0.004934055513391436,-0.33696220203536215,-0.34154241591442763,-0.34154241591442763,False,False,-0.3398099658374598,1.9900317386626538,-1.4830702326456056,False
1.294,-1.4831001689024577,-7.373268598591531,1.9900317386626538,-1.4830702326456056,-1.4807456468358033,-2.9936256852103327e-05,-0.0023545220666543187,-0.0002825426479985182,-0.004936880939871421,-0.3380675574427661,-0.34328698103063604,-0.34328698103063604,False,False,-0.3409493645061046,1.9870358159486583,-1.497961356997796,False
1.296,-1.4978229146386475,-7.349437904504078,1.9870358159486583,-1.497961356997796,-1.499262093476921,0.00013844235914861613,0.0014391788382734916,0.00017270146059281897,-0.004935153925265493,-0.3391634776291758,-0.3439259300938485,-0.3439259300938485,False,False,-0.34154241591442763,1.9840103142115781,-1.5127508685401179,False
1.298,-1.5124977638428685,-7.325372194258107,1.9840103142115781,-1.5127508685401179,-1.516863720309349,0.00025310469724937334,0.004365956466480414,0.0005239147759776496,-0.004929914777505717,-0.34024992754987665,-0.34465592755140473,-0.34465592755140473,False,False,-0.34328698103063604,1.98095519331658,-1.5275604474990283,False
1.3,-1.5271242472511135,-7.301072237413257,1.98095519331658,-1.5275604474990283,-1.5263776182934905,0.0004362002479147975,-0.0007466289576230078,-8.959547491476094e-05,-0.004930810732254864,-0.3413268724629891,-0.34634727867015874,-0.34634727867015874,False,False,-0.3439259300938485,1.9778706450854082,-1.5422741155859239,False
1.302,-1.5417018971459893,-7.27653881101977,1.9778706450854082,-1.5422741155859239,-1.542690188491175,0.000572218439934602,0.0009882913451857434,0.0001185949614222892,-0.004929624782640641,-0.34239427793057936,-0.3472053077517977,-0.3472053077517977,False,False,-0.34465592755140473,1.9747568401655395,-1.5569024599343522,False
1.304,-1.5562302473716718,-7.251772699593646,1.9747568401655395,-1.5569024599343522,-1.5578598611189933,0.0006722125626803521,0.0016296137473215122,0.00019555364967858147,-0.004927669246143855,-0.34345210981976043,-0.3481842254162257,-0.3481842254162257,False,False,-0.34634727867015874,1.9716137460215475,-1.5715470719959734,False
1.306,-1.570708833348816,-7.226774695091553,1.9716137460215475,-1.5715470719959734,-1.565888810646668,0.0008382386471574854,-0.004820022702147986,-0.0005784027242577583,-0.004933453273386433,-0.3445003343037842,-0.3500121903014284,-0.3500121903014284,False,False,-0.3472053077517977,1.9684415049728312,-1.5861205243581005,False
1.308,-1.5851371920894055,-7.201545596885509,1.9684415049728312,-1.5861205243581005,-1.5865549939276125,0.0009833322686949586,0.0014178018382069446,0.00017013622058483334,-0.004931751911180585,-0.345538917863122,-0.35030053355371776,-0.35030053355371776,False,False,-0.3481842254162257,1.9652402324602072,-1.6006362563120458,False
1.31,-1.5995148622115658,-7.176086211737314,1.9652402324602072,-1.6006362563120458,-1.600575424908599,0.0011213941004799555,0.0010605626970332516,0.00012726752364399018,-0.004930479235944145,-0.34656782728653784,-0.351371038998838,-0.351371038998838,False,False,-0.3500121903014284,1.962009864865404,-1.6151837974015681,False
1.312,-1.6138413839543135,-7.150397353772748,1.962009864865404,-1.6151837974015681,-1.6170726968043103,0.001342413447254609,0.0032313128499967814,0.0003877575419996137,-0.004926601660524149,-0.34758702967214955,-0.35212587379067406,-0.35212587379067406,False,False,-0.35030053355371776,1.9587506616654076,-1.6296015999982836,False
1.314,-1.6281162991922598,-7.124479844455546,1.9587506616654076,-1.6296015999982836,-1.629039339912161,0.001485300806023826,0.0009230407199012358,0.00011076488638814829,-0.004925494011660268,-0.34859649242848095,-0.3534112215537531,-0.3534112215537531,False,False,-0.351371038998838,1.9554627157003444,-1.643972982531652,False
1.316,-1.6423391514502566,-7.0983345125611335,1.9554627157003444,-1.643972982531652,-1.6398490235985383,0.001633831081395476,-0.0024901278517182046,-0.0002988153422061845,-0.00492848216508233,-0.3495961832755045,-0.354823480782793,-0.354823480782793,False,False,-0.35212587379067406,1.9521461848909565,-1.6582654046939471,False
1.318,-1.656509485917998,-7.071962194150105,1.9521461848909565,-1.6582654046939471,-1.6584484722540265,0.0017559187759490502,0.0019389863360284032,0.00023267836032340837,-0.004926155381479096,-0.35058607024567284,-0.35527954726682853,-0.35527954726682853,False,False,-0.3534112215537531,1.9488011143327828,-1.6725352790868473,False
1.32,-1.670626849464564,-7.045363732541508,1.9488011143327828,-1.6725352790868473,-1.6744943556770313,0.0019084296222833252,0.003867506212467342,0.00046410074549608105,-0.0049215143740241355,-0.35156612168494183,-0.35602353531346986,-0.35602353531346986,False,False,-0.354823480782793,1.9454275220504187,-1.6867961411820114,False
1.322,-1.6846907906529056,-7.018539978285869,1.9454275220504187,-1.6867961411820114,-1.6882017386447616,0.002105350529105765,0.0035109479918560282,0.0004213137590227234,-0.004917301236433909,-0.35253630625378213,-0.35703229373119333,-0.35703229373119333,False,False,-0.35527954726682853,1.9420256260965096,-1.7009479769545217,False
1.324,-1.6987008597542872,-6.9914917891379895,1.9420256260965096,-1.7009479769545217,-1.7016773175085287,0.0022471172002345163,0.0029764577542414905,0.0003571749305089788,-0.0049137294871288185,-0.3534965929281818,-0.35805314748480166,-0.35805314748480166,False,False,-0.35602353531346986,1.9385955818359386,-1.71502213028549,False
1.326,-1.712656608762659,-6.964220030029533,1.9385955818359386,-1.71502213028549,-1.7168026242796754,0.0023655215228310933,0.004146015517016544,0.0004975218620419852,-0.004908754268508399,-0.3544469510006378,-0.3588581834071042,-0.3588581834071042,False,False,-0.35703229373119333,1.9351374874828284,-1.729047176555036,False
1.328,-1.7265575914089935,-6.936725573041347,1.9351374874828284,-1.729047176555036,-1.73049916596273,0.0024895851460424723,0.00394157455373656,0.00047298894644838714,-0.004904024379043915,-0.35538735008113853,-0.3598183855137341,-0.3598183855137341,False,False,-0.35805314748480166,1.9316514376388318,-1.7430249219982714,False
1.33,-1.7404033631755482,-6.909009297375589,1.9316514376388318,-1.7430249219982714,-1.7426122562209352,0.002621558822723191,0.0022088930453869615,0.0002650671654464354,-0.0049013737073894505,-0.35631776009813537,-0.3609540666400784,-0.3609540666400784,False,False,-0.3588581834071042,1.928137571057729,-1.7569332905514299,False
1.332,-1.7541934813100835,-6.88107208932761,1.928137571057729,-1.7569332905514299,-1.7611716871462022,0.002739809241346425,0.006978205836118745,0.0008373847003342494,-0.004892999860386108,-0.35723815129950437,-0.36129376645955624,-0.36129376645955624,False,False,-0.3598183855137341,1.9245959924762062,-1.7707892907614402,False
1.334,-1.7679275048400214,-6.852914842257606,1.9245959924762062,-1.7707892907614402,-1.7713600917956593,0.0028617859214188357,0.003432586955637973,0.0004119104346765567,-0.004888880756039342,-0.35814849425349754,-0.36262546457486033,-0.36262546457486033,False,False,-0.3609540666400784,1.9210267687343257,-1.7846118709402283,False
1.336,-1.781604994586542,-6.824538456562065,1.9210267687343257,-1.7846118709402283,-1.785545321654403,0.0030068763536863496,0.003940327067861071,0.00047283924814332855,-0.004884152363557909,-0.3590487598496839,-0.36346007296509847,-0.36346007296509847,False,False,-0.36129376645955624,1.9174301326153669,-1.798318059479362,False
1.338,-1.7952255131786332,-6.795943839644958,1.9174301326153669,-1.798318059479362,-1.800351551373877,0.003092546300728749,0.0051260381952438205,0.0006151245834292585,-0.004878001117723616,-0.3599389192998806,-0.36420179583417495,-0.36420179583417495,False,False,-0.36262546457486033,1.9138061066196492,-1.8120129978588226,False
1.34,-1.808788625067074,-6.767131905888735,1.9138061066196492,-1.8120129978588226,-1.810992679180473,0.0032243727917486975,0.0022040541133989677,0.0002644864936078761,-0.004875356252787537,-0.3608189441390735,-0.3654298138982532,-0.3654298138982532,False,False,-0.36346007296509847,1.9101548170904337,-1.8256447646077576,False
1.342,-1.8222938965383624,-6.738103576625075,1.9101548170904337,-1.8256447646077576,-1.8268507689519407,0.0033508680693952186,0.004556872413578272,0.0005468246896293927,-0.004869888005891243,-0.36168880622632726,-0.36601186954258913,-0.36601186954258913,False,False,-0.36420179583417495,1.9064764084322046,-1.8392043291145943,False
1.344,-1.8357408957285846,-6.708859780105436,1.9064764084322046,-1.8392043291145943,-1.8352908035685893,0.00346343338600974,-0.0004500921599952523,-5.401105919943028e-05,-0.0048704281164832375,-0.36254847774568527,-0.36747291692136796,-0.36747291692136796,False,False,-0.3654298138982532,1.9027709216320097,-1.8527434000974599,False
1.346,-1.8491291926372226,-6.679401451471362,1.9027709216320097,-1.8527434000974599,-1.8527609003230505,0.0036142074602372176,0.0036317076858278785,0.0004358049222993454,-0.004866070067260244,-0.3633979312070588,-0.36782819635201974,-0.36782819635201974,False,False,-0.36601186954258913,1.8990385324904608,-1.8661945707744592,False
1.348,-1.8624583591409096,-6.649729532724587,1.8990385324904608,-1.8661945707744592,-1.8674466694181109,0.0037362116335495354,0.004988310277201258,0.0005985972332641509,-0.004860084094927603,-0.364237139447107,-0.36849862630877045,-0.36849862630877045,False,False,-0.36747291692136796,1.895279230815155,-1.8796508376529735,False
1.35,-1.8757279690071156,-6.619844972696903,1.895279230815155,-1.8796508376529735,-1.8787798485991496,0.003922868645857891,0.0030518795920340125,0.0003662255510440815,-0.004856421839417162,-0.36506607563010435,-0.36955627191847745,-0.36955627191847745,False,False,-0.36782819635201974,1.8914932380729017,-1.8929963711266173,False
1.352,-1.88893759790778,-6.589748727019829,1.8914932380729017,-1.8929963711266173,-1.8943628496766907,0.004058773218837297,0.005425251768910622,0.0006510302122692746,-0.0048499115372944695,-0.3658847132487996,-0.37008359457382484,-0.37008359457382484,False,False,-0.36849862630877045,1.887680707303486,-1.9062653847077897,False
1.354,-1.9020868234328798,-6.559441758094044,1.887680707303486,-1.9062653847077897,-1.9055971700358991,0.004178561274909898,0.0035103466030192987,0.0004212415923623158,-0.004845699121370847,-0.3666930261252632,-0.3711174836542718,-0.3711174836542718,False,False,-0.36955627191847745,1.8838417087815231,-1.9194992609814392,False
1.356,-1.9151752251039347,-6.528925035058623,1.8838417087815231,-1.9194992609814392,-1.9187309678810553,0.004324035877504517,0.003555742777120674,0.00042668913325448086,-0.004841432230038302,-0.36749098841172423,-0.37190573150850803,-0.37190573150850803,False,False,-0.37008359457382484,1.8799764230583833,-1.9326428615699325,False
1.358,-1.928202384387457,-6.498199533760028,1.8799764230583833,-1.9326428615699325,-1.931113438772024,0.004440477182475533,0.002911054384566958,0.0003493265261480349,-0.004837938964776822,-0.36827857459139696,-0.37276718703002576,-0.37276718703002576,False,False,-0.3711174836542718,1.8760849226258371,-1.9457502162731144,False
1.36,-1.941167884708333,-6.467266236720923,1.8760849226258371,-1.9457502162731144,-1.946322734443849,0.004582331564781494,0.005154849735516054,0.0006185819682619265,-0.0048317531450942025,-0.3690557594792972,-0.3732689306561295,-0.3732689306561295,False,False,-0.37190573150850803,1.8721673306158486,-1.9587960049943207,False
1.362,-1.9540713114631445,-6.436126133108741,1.8721673306158486,-1.9587960049943207,-1.9590295202175365,0.004724693531176216,0.004958208754392013,0.0005949850505270416,-0.004825803294588932,-0.3698225182230472,-0.3740533364671091,-0.3740533364671091,False,False,-0.37276718703002576,1.8682237534770911,-1.971788569378686,False
1.364,-1.9669122520334272,-6.404780218704058,1.8682237534770911,-1.971788569378686,-1.9700873029778228,0.00487631734525884,0.003175050944395519,0.00038100611332746225,-0.004821993233455658,-0.3705788263036706,-0.3750198134237988,-0.3750198134237988,False,False,-0.3732689306561295,1.8642543718114595,-1.984690832815859,False
1.366,-1.979690295798862,-6.373229495868759,1.8642543718114595,-1.984690832815859,-1.9830687570679446,0.0050005370169969865,0.003378461269082589,0.00040541535228991063,-0.004817939079932759,-0.3713246595363764,-0.3757371832640192,-0.3757371832640192,False,False,-0.3740533364671091,1.8602593050461098,-1.9975333826747965,False
1.368,-1.992405034150411,-6.341474973513969,1.8602593050461098,-1.9975333826747965,-1.9971064617653784,0.005128348524385595,0.004701427614967502,0.0005641713137961001,-0.004812297366794798,-0.3720599940713322,-0.3763081201243309,-0.3763081201243309,False,False,-0.3750198134237988,1.8562386331696883,-2.010335938210709,False
1.37,-2.005056060503379,-6.309517667067799,1.8562386331696883,-2.010335938210709,-2.011183299265095,0.005279877707330183,0.006127238761715947,0.0007352686514059137,-0.004804944680280738,-0.3727848063944273,-0.3768544824233021,-0.3768544824233021,False,False,-0.3757371832640192,1.8521924874543731,-2.0230728576575694,False
1.372,-2.017642970310419,-6.277358598442877,1.8521924874543731,-2.0230728576575694,-2.026005719394952,0.005429887347150331,0.00836274908453305,0.0010035298901439659,-0.004794909381379299,-0.37349907332802407,-0.3772904528192594,-0.3772904528192594,False,False,-0.3763081201243309,1.8481210283921863,-2.0357295310934513,False
1.374,-2.030165361074466,-6.244998796003664,1.8481210283921863,-2.0357295310934513,-2.037660614678166,0.005564170018985237,0.007495253603699847,0.0008994304324439817,-0.004785915077054859,-0.3742027720316996,-0.3780892566763105,-0.3780892566763105,False,False,-0.3768544824233021,1.8440244198566842,-2.048304267751017,False
1.3760000000000001,-2.042622832361605,-6.2124392945335805,1.8440244198566842,-2.048304267751017,-2.0497299091772216,0.005681435389411682,0.007107076815616509,0.000852849217873981,-0.0047773865848761195,-0.3748958800029755,-0.3788204173699777,-0.3788204173699777,False,False,-0.3772904528192594,1.8399028470358847,-2.0607864103997,False
1.3780000000000001,-2.055014985813884,-6.179681135201903,1.8399028470358847,-2.0607864103997,-2.062451519381299,0.005771424585815588,0.007436533567414916,0.0008923840280897899,-0.004768462744595222,-0.37557837507803815,-0.37945445379454357,-0.37945445379454357,False,False,-0.3780892566763105,1.835756417104832,-2.073214965526383,False
1.3800000000000001,-2.0673414251620454,-6.146725365530479,1.835756417104832,-2.073214965526383,-2.0719473872148204,0.005873540364337515,0.00460596205277497,0.0005527154463329963,-0.0047629355901318915,-0.376250235432447,-0.3804604555762459,-0.3804604555762459,False,False,-0.3788204173699777,1.8315852502247831,-2.0855834400243825,False
1.3820000000000001,-2.0796017562382003,-6.113573039360224,1.8315852502247831,-2.0855834400243825,-2.0856953434169005,0.005981683786182135,0.006093587178700233,0.0007312304614440279,-0.004755623285517451,-0.3769114395818325,-0.3809358324059059,-0.3809358324059059,False,False,-0.37945445379454357,1.8273894855737718,-2.09788232550562,False
1.3840000000000001,-2.0917955869884333,-6.080225216817429,1.8273894855737718,-2.09788232550562,-2.0962692171064914,0.006086738517186774,0.004473630118058125,0.000536835614166975,-0.004750254929375782,-0.37756196638258327,-0.38177538569779207,-0.38177538569779207,False,False,-0.3804604555762459,1.8231691829104535,-2.1101513316591523,False
1.3860000000000001,-2.103922527485336,-6.04668296427986,1.8231691829104535,-2.1101513316591523,-2.109668748693318,0.006228804173816105,0.005746221207981961,0.0006895465449578352,-0.004743359463926204,-0.3782017950325221,-0.3822556079514905,-0.3822556079514905,False,False,-0.3809358324059059,1.8189245124490838,-2.122335230684837,False
1.3880000000000001,-2.115982189940482,-6.012947354342649,1.8189245124490838,-2.122335230684837,-2.12064718129624,0.006353040744355276,0.004664991355758374,0.000559798962691005,-0.0047377614742992935,-0.3788309050715711,-0.38300886758317937,-0.38300886758317937,False,False,-0.38177538569779207,1.8146555662743347,-2.1344730873745865,False
1.3900000000000001,-2.1279741887168218,-5.979019465784005,1.8146555662743347,-2.1344730873745865,-2.1366845489113695,0.006498898657764762,0.00871036019454774,0.0010452432233457286,-0.004727309042065836,-0.3794492763824061,-0.3831313422011262,-0.3831313422011262,False,False,-0.3822556079514905,1.8103625107022574,-2.1465277860385825,False
1.3920000000000001,-2.1398981403410184,-5.944900383530713,1.8103625107022574,-2.1465277860385825,-2.1453116380295785,0.006629645697564079,0.005413497688560032,0.0006496197226272038,-0.004720812844839564,-0.3800568891911001,-0.38412808231331247,-0.38412808231331247,False,False,-0.38300886758317937,1.8060454530466457,-2.158528827805822,False
1.3940000000000001,-2.1517536635157075,-5.910591198623436,1.8060454530466457,-2.158528827805822,-2.1583992061882844,0.006775164290114599,0.006645542672576887,0.0007974651207092265,-0.004712838193632472,-0.38065372406775505,-0.3845690971406783,-0.3845690971406783,False,False,-0.3831313422011262,1.8017046315275558,-2.170410759544912,False
1.3960000000000001,-2.163540379131689,-5.876093008181846,1.8017046315275558,-2.170410759544912,-2.170431877061111,0.006870380413222854,0.006891497929422119,0.0008269797515306543,-0.004704568396117165,-0.3812397619271236,-0.38511735057171015,-0.38511735057171015,False,False,-0.38412808231331247,1.797340098675495,-2.182266426030388,False
1.3980000000000001,-2.1752579102800538,-5.841406915369514,1.797340098675495,-2.182266426030388,-2.1819664747542804,0.007008515750334343,0.00670856447422663,0.0008050277369071956,-0.004696518118748093,-0.38181498402921943,-0.3857064744110603,-0.3857064744110603,False,False,-0.3845690971406783,1.7929520228120284,-2.19403793173338,False
1.4000000000000001,-2.1869058822642344,-5.80653402935865,1.7929520228120284,-2.19403793173338,-2.1981811058992093,0.007132049469145585,0.011275223634974907,0.0013530268361969888,-0.004682987850386123,-0.3823793719799162,-0.38570933299410537,-0.38570933299410537,False,False,-0.38511735057171015,1.7885405479525815,-2.2057374297233765,False
1.4020000000000001,-2.198483922611987,-5.771475465294631,1.7885405479525815,-2.2057374297233765,-2.2051978434735724,0.007253507111389279,0.006713920861585176,0.0008056705033902212,-0.004674931145352221,-0.38293290773153615,-0.3868021683734982,-0.3868021683734982,False,False,-0.3857064744110603,1.784105807971112,-2.217369990734787,False
1.4040000000000001,-2.2099916610873027,-5.736232344260341,1.784105807971112,-2.217369990734787,-2.2182879133185494,0.007378329647484083,0.008296252231246637,0.0009955502677495964,-0.004664975642674725,-0.3834755735834268,-0.38714499895835197,-0.38714499895835197,False,False,-0.38570933299410537,1.7796480580334402,-2.228874968836,False
1.4060000000000001,-2.2214287297022417,-5.700805793240328,1.7796480580334402,-2.228874968836,-2.228471920292796,0.007446239133758414,0.00704319059055436,0.0008451828708665232,-0.00465652381396606,-0.384007352182527,-0.38781869312562656,-0.38781869312562656,False,False,-0.3868021683734982,1.7751673222597235,-2.240367886858298,False
1.408,-2.2327947627287092,-5.665196945084757,1.7751673222597235,-2.240367886858298,-2.237782368609069,0.00757312412958866,0.004987605880359958,0.0005985127056431949,-0.004650538686909627,-0.38452822652392243,-0.38858025250518885,-0.38858025250518885,False,False,-0.38714499895835197,1.7706637815555222,-2.2517703521006887,False
1.41,-2.2440893967101467,-5.629406938473177,1.7706637815555222,-2.2517703521006887,-2.252659802468828,0.0076809553905419214,0.008570405758681066,0.001028448691041728,-0.00464025419999921,-0.38503817995138867,-0.3886499854603461,-0.3886499854603461,False,False,-0.38781869312562656,1.766137545554975,-2.2631180002735536,False
1.412,-2.2553122704731514,-5.593436917878132,1.766137545554975,-2.2631180002735536,-2.2606463003304706,0.0078057298004021725,0.0053340298573192335,0.000640083582878308,-0.004633853364170427,-0.3855371961579241,-0.3895309659392162,-0.3895309659392162,False,False,-0.38858025250518885,1.7615887042880376,-2.2744206334687496,False
1.414,-2.266463025139029,-5.557288033528549,1.7615887042880376,-2.2744206334687496,-2.2788308669118345,0.007957608329720589,0.012367841772805477,0.0014841410127366572,-0.00461901195404306,-0.3860252591862714,-0.3891601301275778,-0.3891601301275778,False,False,-0.3886499854603461,1.7570174916629728,-2.285606312532329,False
1.416,-2.2775413041352692,-5.520961441372953,1.7570174916629728,-2.285606312532329,-2.2875911770624966,0.008065008397059703,0.010049872927227366,0.0012059847512672838,-0.004606952106530387,-0.3865023534294278,-0.3899033207846909,-0.3899033207846909,False,False,-0.3895309659392162,1.752423969141823,-2.296761260574923,False
1.418,-2.288546753206945,-5.48445830304252,1.752423969141823,-2.296761260574923,-2.2969605619352707,0.008214507367978019,0.008413808728325645,0.0010096570473990772,-0.004596855536056396,-0.3869684636311439,-0.3905556621198012,-0.3905556621198012,False,False,-0.3891601301275778,1.7478084596405494,-2.3077547506367964,False
1.42,-2.299479020428049,-5.447779785813902,1.7478084596405494,-2.3077547506367964,-2.308054490165897,0.0082757302087475,0.008575469737848174,0.0010290563685417808,-0.0045865649723709784,-0.3874235748864122,-0.3909810834902414,-0.3909810834902414,False,False,-0.3899033207846909,1.7431710492486545,-2.3187051959474614,False
1.422,-2.310337756212736,-5.410927062571932,1.7431710492486545,-2.3187051959474614,-2.3195631988180723,0.008367439734725313,0.009225442605336198,0.0011070531126403437,-0.004575494441244575,-0.38786767264194283,-0.3913361139705471,-0.3913361139705471,False,False,-0.3905556621198012,1.7385118421330135,-2.3296035578205725,False
1.424,-2.321122613326508,-5.373901311772107,1.7385118421330135,-2.3296035578205725,-2.331314942729149,0.008480944494064335,0.010192329402640699,0.0012230795283168837,-0.0045632636459614065,-0.38830074269662956,-0.3916409268142741,-0.3916409268142741,False,False,-0.3909810834902414,1.733830988832254,-2.34042665037973,False
1.426,-2.3318332468973226,-5.336703717402882,1.733830988832254,-2.34042665037973,-2.3368745428410294,0.008593403482407336,0.005041295943706725,0.000604955513244807,-0.0045572140908289585,-0.3887227712020039,-0.392675029779588,-0.392675029779588,False,False,-0.3913361139705471,1.7291286529698737,-2.3511679311901763,False
1.428,-2.3424693144266078,-5.299335468947854,1.7291286529698737,-2.3511679311901763,-2.351631353932611,0.008698616763568534,0.00916203950600325,0.00109944474072039,-0.004546219643421755,-0.38913374466267725,-0.3925805195653786,-0.3925805195653786,False,False,-0.3916409268142741,1.7244050068861239,-2.3618230418749704,False
1.43,-2.35303047580023,-5.261797761347671,1.7244050068861239,-2.3618230418749704,-2.3619925735107263,0.008792566074740549,0.008962097710496497,0.0010754517252595797,-0.004535465126169159,-0.3895336499367735,-0.39299366333768304,-0.39299366333768304,False,False,-0.392675029779588,1.7196600683137127,-2.372469286205635,False
1.432,-2.3635163932993564,-5.224091794961873,1.7196600683137127,-2.372469286205635,-2.3733715024232973,0.008952892906278542,0.009855109123940942,0.001182613094872913,-0.00452363899522043,-0.3899224742363485,-0.39326350013669603,-0.39326350013669603,False,False,-0.3925805195653786,1.7148940911213453,-2.382988596183652,False
1.434,-2.3739267316112613,-5.186218775530481,1.7148940911213453,-2.382988596183652,-2.3832948212645126,0.009061864572390554,0.00936808965325131,0.0011241707583901572,-0.004512397287636529,-0.3903002051277992,-0.3936884316570456,-0.3936884316570456,False,False,-0.39299366333768304,1.710107220084381,-2.3934355184821663,False
1.436,-2.3842611578400508,-5.148179914135425,1.710107220084381,-2.3934355184821663,-2.3902966740786584,0.00917436064211552,0.006035516238607652,0.0007242619486329182,-0.004505154668150199,-0.3906668305322613,-0.39444772325177857,-0.39444772325177857,False,False,-0.39326350013669603,1.7052996283949917,-2.4037958446946353,False
1.438,-2.3945193415172996,-5.109976427161862,1.7052996283949917,-2.4037958446946353,-2.4045212629538097,0.009276503177335638,0.01000192143651013,0.0012002305723812156,-0.004493152362426387,-0.3910223387259956,-0.39431526051604077,-0.39431526051604077,False,False,-0.3936884316570456,1.7004714548646227,-2.414086765184537,False
1.44,-2.404700954612629,-5.071609536259225,1.7004714548646227,-2.414086765184537,-2.4145031411998694,0.009385810571907793,0.009802186587240413,0.0011762623904688495,-0.004481389738521698,-0.3913667183407625,-0.3946718456888153,-0.3946718456888153,False,False,-0.39444772325177857,1.6956227667638952,-2.4243440503637594,False
1.442,-2.4148056715441863,-5.033080468302207,1.6956227667638952,-2.4243440503637594,-2.423835346754006,0.00953837881957309,0.009029675209819565,0.0010835610251783477,-0.0044705541282699145,-0.391699958364186,-0.3950869514672775,-0.3950869514672775,False,False,-0.39431526051604077,1.6907538173567294,-2.4344747035829193,False
1.444,-2.4248331691890606,-4.994390455351504,1.6907538173567294,-2.4344747035829193,-2.433318682921018,0.00964153439385873,0.008485513731957273,0.0010182616478348727,-0.004460371511791566,-0.3920220481401055,-0.3954641580040622,-0.3954641580040622,False,False,-0.3946718456888153,1.6858647547164496,-2.444531320139881,False
1.446,-2.4347831268936213,-4.955540734614402,1.6858647547164496,-2.444531320139881,-2.4489662705771114,0.009748193246259529,0.014183143683490052,0.0017019772420188062,-0.004443351739371378,-0.39233297736891687,-0.39507435186626944,-0.39507435186626944,False,False,-0.3950869514672775,1.68095571303436,-2.4545208410447574,False
1.448,-2.4446552264837575,-4.916532548405258,1.68095571303436,-2.4545208410447574,-2.4529153251396303,0.00986561456099988,0.008260098655872739,0.0009912118387047286,-0.004433439620984331,-0.3926327361079013,-0.3960749638901809,-0.3960749638901809,False,False,-0.3954641580040622,1.676026832962616,-2.4644400358720016,False
1.45,-2.4544491522750698,-4.8773671441057225,1.676026832962616,-2.4644400358720016,-2.464573949451977,0.009990883596931788,0.010124797176907396,0.0012149756612288875,-0.004421289864372042,-0.392921314771544,-0.3961276289746872,-0.3961276289746872,False,False,-0.39507435186626944,1.671078414219124,-2.474209371746017,False
1.452,-2.46416459108295,-4.838045774124894,1.671078414219124,-2.474209371746017,-2.478094851820186,0.010044780663067243,0.013930260737236022,0.0016716312884683226,-0.0044045735514873586,-0.39319870413184005,-0.39593164639485906,-0.39593164639485906,False,False,-0.3960749638901809,1.6661104620740992,-2.483976072512351,False
1.454,-2.473801232232603,-4.798569695859256,1.6661104620740992,-2.483976072512351,-2.482433900279417,0.010174840279748132,0.008632668046814285,0.001035920165617714,-0.004394214349831182,-0.3934648953185896,-0.39682318950280304,-0.39682318950280304,False,False,-0.3961276289746872,1.6611231802393551,-2.493640917372081,False
1.456,-2.483358767568984,-4.758940171652445,1.6611231802393551,-2.493640917372081,-2.4978991466282414,0.010282149803097163,0.014540379059257535,0.0017448454871109042,-0.0043767658949600725,-0.393719879819682,-0.39635180022753114,-0.39635180022753114,False,False,-0.39593164639485906,1.656116822253881,-2.5031789927371078,False
1.458,-2.4928368914666432,-4.71915846875493,1.656116822253881,-2.5031789927371078,-2.5066306590534575,0.010342101270464532,0.013793767586814276,0.001655252110417713,-0.004360213373855896,-0.39396364948136714,-0.3966686107448053,-0.3966686107448053,False,False,-0.39682318950280304,1.6510914111421486,-2.512705555866101,False
1.46,-2.502235300839513,-4.679225859283441,1.6510914111421486,-2.512705555866101,-2.5118000442942487,0.010470255026588049,0.00956474345473568,0.0011477692145682816,-0.004348735681710213,-0.3941961965085174,-0.3973971629756593,-0.3973971629756593,False,False,-0.39635180022753114,1.6460472550727572,-2.522078034695725,False
1.462,-2.5115536951505844,-4.639143620180328,1.6460472550727572,-2.522078034695725,-2.5234992450737126,0.010524339545140649,0.01194554992312824,0.0014334659907753887,-0.004334401021802459,-0.39441751346487547,-0.39731844849590253,-0.39731844849590253,False,False,-0.3966686107448053,1.6409844937778866,-2.531380647435246,False
1.464,-2.5207917764215257,-4.598913033172717,1.6409844937778866,-2.531380647435246,-2.529705900110797,0.01058887101372008,0.008914123689271136,0.0010696948427125362,-0.004323704073375334,-0.3946275932732933,-0.3978816025039561,-0.3978816025039561,False,False,-0.3973971629756593,1.6359031792351013,-2.5406572713926288,False
1.466,-2.5299492492422146,-4.558535384731495,1.6359031792351013,-2.5406572713926288,-2.541021237680927,0.01070802215041411,0.011071988438712488,0.0013286386126454984,-0.004310417687248879,-0.39482642921595784,-0.39780820829056124,-0.39780820829056124,False,False,-0.39731844849590253,1.6308035318917298,-2.549823671685754,False
1.468,-2.5390258207801746,-4.518011966030225,1.6308035318917298,-2.549823671685754,-2.548674740059427,0.010797850905579498,0.009648919279252599,0.0011578703135103118,-0.004298838984113776,-0.39501401493460614,-0.3981549836052096,-0.3981549836052096,False,False,-0.3978816025039561,1.6256856353647329,-2.5589482634984413,False
1.47,-2.5480212007899494,-4.477344072903804,1.6256856353647329,-2.5589482634984413,-2.558251507274724,0.010927062708491864,0.01023030648477441,0.0012276367781729291,-0.004286562616332047,-0.39519034443072837,-0.3982492702688875,-0.3982492702688875,False,False,-0.39780820829056124,1.620549705644657,-2.56796486003793,False
1.472,-2.5569351016223756,-4.4365330058070676,1.620549705644657,-2.56796486003793,-2.5705627409687164,0.011029758415554536,0.013627639346340814,0.0016353167215608976,-0.004270209449116438,-0.3953554120657599,-0.39799030479331543,-0.39799030479331543,False,False,-0.3981549836052096,1.615395868364309,-2.5769186401739064,False
1.474,-2.565767238233785,-4.395580069773187,1.615395868364309,-2.5769186401739064,-2.5749171509332753,0.011151401940121541,0.009149912699490503,0.0010979895239388603,-0.00425922955387705,-0.39550921256126137,-0.39867045259119954,-0.39867045259119954,False,False,-0.3982492702688875,1.610224300646332,-2.58578385898851,False
1.476,-2.5745173281951232,-4.354486574371919,1.610224300646332,-2.58578385898851,-2.586804400307951,0.011266530793386575,0.012287072112827868,0.0014744486535393441,-0.004244485067341657,-0.39565174099908795,-0.39842177741289025,-0.39842177741289025,False,False,-0.39799030479331543,1.605035251636968,-2.5945245046820298,False
1.478,-2.5831850917009715,-4.313253833667777,1.605035251636968,-2.5945245046820298,-2.591443524131236,0.011339412981058228,0.008258432430264584,0.00099101189163175,-0.004234574948425339,-0.3957829928215459,-0.39902655587833946,-0.39902655587833946,False,False,-0.39867045259119954,1.599828771093706,-2.603240271630906,False
1.48,-2.5917702515785055,-4.27188316617795,1.599828771093706,-2.603240271630906,-2.604583777762928,0.01147002005240072,0.012813526184422663,0.0015376231421307196,-0.004219198717004031,-0.39590296383153895,-0.39858453940641225,-0.39858453940641225,False,False,-0.39842177741289025,1.5946051027220174,-2.6118341858443257,False
1.482,-2.6002725332963488,-4.230375894830196,1.5946051027220174,-2.6118341858443257,-2.6130836969153357,0.01156165254797692,0.012811163618986932,0.0015373396342784316,-0.004203825320661247,-0.39601165019270207,-0.3986781358790849,-0.3986781358790849,False,False,-0.39902655587833946,1.5893643088355094,-2.620396943254022,False
1.484,-2.608691664973356,-4.188733346920512,1.5893643088355094,-2.620396943254022,-2.620231217768463,0.011705278280666143,0.011539552795106989,0.0013847463354128386,-0.004189977857307119,-0.39610904842952455,-0.3989142799514188,-0.3989142799514188,False,False,-0.39858453940641225,1.5841066702609956,-2.6288192872569263,False
1.486,-2.6170273773873087,-4.146956854070671,1.5841066702609956,-2.6288192872569263,-2.6297479627626217,0.011791909869617534,0.012720585375312954,0.0015264702450375543,-0.004174713154856743,-0.3961951554274606,-0.3988433983372798,-0.3988433983372798,False,False,-0.3986781358790849,1.5788323525809906,-2.6371588400025043,False
1.488,-2.6252794039835203,-4.1050477521856905,1.5788323525809906,-2.6371588400025043,-2.635521504318197,0.011879436018984002,0.010242100334676874,0.0012290520401612248,-0.004162422634455131,-0.39626996843302953,-0.3992033390273234,-0.3992033390273234,False,False,-0.3989142799514188,1.5735414897082987,-2.645431436345988,False
1.49,-2.6334474808833646,-4.063007381411057,1.5735414897082987,-2.645431436345988,-2.6483880638011414,0.011983955462623541,0.01494058291777689,0.0017928699501332268,-0.004144493934953798,-0.39633348505390353,-0.3986851090387241,-0.3986851090387241,False,False,-0.3988433983372798,1.568234278374557,-2.653605666870764,False
1.492,-2.641531346892709,-4.020837086089919,1.568234278374557,-2.653605666870764,-2.6512787175324455,0.012074319978055303,0.00974737063973663,0.0011696844767683956,-0.004132797090186114,-0.39638570325898415,-0.39934881587240184,-0.39934881587240184,False,False,-0.3992033390273234,1.562910822934701,-2.661727719927958,False
1.494,-2.649530743510267,-3.978538214720077,1.562910822934701,-2.661727719927958,-2.660475227548789,0.012196976417691019,0.010944484038521995,0.0013133380846226395,-0.004119663709339888,-0.3964266213784671,-0.39923294700318435,-0.39923294700318435,False,False,-0.3986851090387241,1.5575714104848706,-2.6697062249152017,False
1.496,-2.6574454149358724,-3.936112119910846,1.5575714104848706,-2.6697062249152017,-2.6713623054042377,0.012260809979329323,0.013916890468365306,0.0016700268562038366,-0.004102963440777849,-0.3964562381038961,-0.39888917468847007,-0.39888917468847007,False,False,-0.39934881587240184,1.5522160774681424,-2.6776665083641467,False
1.498,-2.665275108078646,-3.893560158339845,1.5522160774681424,-2.6776665083641467,-2.6799585465268234,0.012391400285500787,0.014683438448177544,0.0017620126137813052,-0.004085343314640036,-0.39647455248820407,-0.3987978831890628,-0.3987978831890628,False,False,-0.39923294700318435,1.546845023169654,-2.6855271492441424,False
1.5,-2.6730195725651034,-3.8508836907095625,1.546845023169654,-2.6855271492441424,-2.6839126263591613,0.012507576679039012,0.010893053794057916,0.0013071664552869499,-0.004072271650087167,-0.39648156394574424,-0.39924666914054446,-0.39924666914054446,False,False,-0.39888917468847007,1.541458492406557,-2.6932653815484873,False
1.502,-2.6806785607471477,-3.8080840817038926,1.541458492406557,-2.6932653815484873,-2.692536871159552,0.012586820801339549,0.011858310412404371,0.0014229972494885245,-0.004058041677592282,-0.39647727225230817,-0.3991123166804119,-0.3991123166804119,False,False,-0.3987978831890628,1.5360566744352775,-2.7009089856397823,False
1.504,-2.6882518277099963,-3.765162699944472,1.5360566744352775,-2.7009089856397823,-2.7042681401233395,0.012657157929786056,0.016016312413343226,0.001921957489601187,-0.00403882210269627,-0.396461677545133,-0.3985785421582281,-0.3985785421582281,False,False,-0.39924666914054446,1.5306396433397538,-2.7085155477618743,False
1.506,-2.6957391312800145,-3.7221209179468993,1.5306396433397538,-2.7085155477618743,-2.708478910547425,0.012776416481859787,0.012739779267410434,0.001528773512089252,-0.004023534367575378,-0.3964347803228977,-0.3989295411783838,-0.3989295411783838,False,False,-0.3991123166804119,1.5252075944983277,-2.7160244207130098,False
1.508,-2.703140232032451,-3.6789601120768904,1.5252075944983277,-2.7160244207130098,-2.7182375802469014,0.01288418868055885,0.015097348214450523,0.0018116817857340628,-0.004005417549718037,-0.39639658144570616,-0.3985903172096901,-0.3985903172096901,False,False,-0.3985785421582281,1.519760804780202,-2.723394859062771,False
1.51,-2.7104548932991044,-3.635681662506211,1.519760804780202,-2.723394859062771,-2.7195225771051015,0.012939965763666628,0.009067683805997095,0.0010881220567196515,-0.003994536329150841,-0.3963470821350606,-0.3992534964074918,-0.3992534964074918,False,False,-0.3989295411783838,1.5142993627397634,-2.730721020219367,False
1.512,-2.717682881175883,-3.5922869531685917,1.5142993627397634,-2.730721020219367,-2.7288388962523067,0.013038139043484165,0.01115601507642383,0.0013387218091708596,-0.003981149111059132,-0.3962862839738218,-0.3989287112757101,-0.3989287112757101,False,False,-0.3985903172096901,1.508823500490169,-2.7379311247972735,False
1.514,-2.7248239645302865,-3.548777371715452,1.508823500490169,-2.7379311247972735,-2.7384497428912162,0.013107160266986995,0.013625778360929708,0.001635093403311565,-0.0039647981770260165,-0.39621418890615895,-0.3985438936798734,-0.3985438936798734,False,False,-0.3992534964074918,1.503333237690209,-2.745131399979912,False
1.516,-2.731877915008803,-3.5051543094715054,1.503333237690209,-2.745131399979912,-2.7434236159792977,0.01325348497110923,0.011545700970494899,0.001385484116459388,-0.003950943335861423,-0.3961307992374871,-0.39869625845688916,-0.39869625845688916,False,False,-0.3989287112757101,1.4978288006617102,-2.752218514249469,False
1.518,-2.738844507044201,-3.4614191613903182,1.4978288006617102,-2.752218514249469,-2.7523919824606766,0.013374007205267713,0.013547475416475496,0.0016256970499770595,-0.003934686365361652,-0.39603611763439406,-0.39834510694977865,-0.39834510694977865,False,False,-0.3985438936798734,1.4923104258091993,-2.759187426255508,False
1.52,-2.7457235178627526,-3.4175733260096464,1.4923104258091993,-2.759187426255508,-2.7606747457974667,0.013463908392755464,0.01495122793471415,0.001794147352165698,-0.003916744891839995,-0.3959301471245543,-0.39805274466422863,-0.39805274466422863,False,False,-0.39869625845688916,1.486778234452622,-2.766095678288652,False
1.522,-2.752514727491348,-3.373618205406762,1.486778234452622,-2.766095678288652,-2.765490611866158,0.013580950797303704,0.012975884374809787,0.0015571061249771744,-0.0039011738305902233,-0.39581289109663276,-0.39815695880224583,-0.39815695880224583,False,False,-0.39834510694977865,1.481232452014213,-2.7728912192044572,False
1.524,-2.7592179187645356,-3.329555205153597,1.481232452014213,-2.7728912192044572,-2.7745380199801053,0.013673300439921654,0.015320101215569704,0.0018384121458683645,-0.0038827897091315397,-0.39568435330017604,-0.39772873086343924,-0.39772873086343924,False,False,-0.39805274466422863,1.475673289127606,-2.7795814433034782,False
1.526,-2.7658328773314675,-3.285385734271779,1.475673289127606,-2.7795814433034782,-2.777469028408542,0.013748565972010685,0.011636151077074608,0.001396338129248953,-0.0038688263278390503,-0.39554453784549315,-0.39801702604408323,-0.39801702604408323,False,False,-0.39815695880224583,1.4701008710679686,-2.786209029818719,False
1.528,-2.7723593916627465,-3.24111120518762,1.4701008710679686,-2.786209029818719,-2.786739359385591,0.01384963815597251,0.014379967722844444,0.0017255961267413332,-0.003851570366571637,-0.39539344920352343,-0.3975194234433537,-0.3975194234433537,False,False,-0.39772873086343924,1.4645154332263197,-2.792718920824488,False
1.53,-2.7787972530572,-3.196733033686895,1.4645154332263197,-2.792718920824488,-2.794493622394616,0.013921667767287982,0.015696369337415916,0.00188356432048991,-0.003832734723366738,-0.3952310922056936,-0.3971802626085704,-0.3971802626085704,False,False,-0.39801702604408323,1.4589170583663913,-2.7991874299642503,False
1.532,-2.7851462556485447,-3.152252638869619,1.4589170583663913,-2.7991874299642503,-2.800717992236665,0.014041174315705618,0.015571736588120277,0.0018686083905744332,-0.0038140486394609937,-0.39505747204376385,-0.3970029122926504,-0.3970029122926504,False,False,-0.3975194234433537,1.4533059929085914,-2.8055327288999368,False
1.534,-2.791406196411975,-3.1076714431046453,1.4533059929085914,-2.8055327288999368,-2.8073094382014863,0.014126532487961807,0.015903241789511302,0.0019083890147413563,-0.00379496474931358,-0.39487259426966126,-0.3967591700042335,-0.3967591700042335,False,False,-0.3971802626085704,1.4476824473866998,-2.811772760945803,False
1.536,-2.7975768751706553,-3.0629908719841636,1.4476824473866998,-2.811772760945803,-2.8126155659386707,0.014195885775147854,0.01503869076801534,0.0018046428921618407,-0.0037769183203919614,-0.3946764647953024,-0.3966487402235325,-0.3966487402235325,False,False,-0.3970029122926504,1.4420465961369713,-2.817925624864278,False
1.538,-2.8036580946021177,-3.01821235427816,1.4420465961369713,-2.817925624864278,-2.8174244176305656,0.01426753026216021,0.013766323028447935,0.0016519587634137522,-0.003760398732757824,-0.3944690898924045,-0.39657752986174855,-0.39657752986174855,False,False,-0.3967591700042335,1.4363986254815406,-2.823985327715354,False
1.54,-2.8096496602445766,-2.9733373218886703,1.4363986254815406,-2.823985327715354,-2.825338236822338,0.014335667470777302,0.01568857657776146,0.001882629189331375,-0.00374157244086451,-0.39425047619228454,-0.39610941944381767,-0.39610941944381767,False,False,-0.3966487402235325,1.4307386917786546,-2.8299668514430216,False
1.542,-2.8155513805031425,-2.9283672098040463,1.4307386917786546,-2.8299668514430216,-2.8315973441167217,0.01441547093987916,0.01604596361357924,0.0019255156336295087,-0.003722317284528215,-0.39402063068564763,-0.3958174323365463,-0.3958174323365463,False,False,-0.39657752986174855,1.4250669414551171,-2.8358751617687927,False
1.544,-2.821363066655949,-2.8833034560530435,1.4250669414551171,-2.8358751617687927,-2.8355254451461556,0.014512095112843681,0.014162378490206518,0.001699485418824782,-0.0037053224303399673,-0.393779560722363,-0.39578539773387816,-0.39578539773387816,False,False,-0.39610941944381767,1.4193836024386333,-2.8416695082419143,False
1.546,-2.8270845328601935,-2.838147501658816,1.4193836024386333,-2.8416695082419143,-2.8429321048623666,0.014584975381720877,0.015847572002173127,0.0019017086402607752,-0.0036863053439373595,-0.39352727401122917,-0.39531187071490576,-0.39531187071490576,False,False,-0.3958174323365463,1.4136888632710738,-2.8473695837797326,False
1.548,-2.8327155961580717,-2.7929007905928867,1.4136888632710738,-2.8473695837797326,-2.8498424774318276,0.014653987621660924,0.017126881273755945,0.002055225752850713,-0.003665753086408852,-0.3932637786197276,-0.39487430595328576,-0.39487430595328576,False,False,-0.39578539773387816,1.4079828559876773,-2.8530036416982507,False
1.55,-2.8382560764826357,-2.747564769728914,1.4079828559876773,-2.8530036416982507,-2.852485376046214,0.014747565215615044,0.014229299563578213,0.0017075159476293855,-0.0036486779269325584,-0.39298908297376456,-0.3949302449530677,-0.3949302449530677,False,False,-0.39531187071490576,1.4022658036204112,-2.858526183633006,False
1.552,-2.8437057966635466,-2.7021408887964773,1.4022658036204112,-2.858526183633006,-2.859710023112854,0.01482038696945942,0.016004226449307435,0.001920507173916892,-0.0036294728551933895,-0.39270319585740165,-0.39441216153867814,-0.39441216153867814,False,False,-0.39487430595328576,1.3965379192188725,-2.8639422007693978,False
1.554,-2.8490645824327405,-2.656630600334695,1.3965379192188725,-2.8639422007693978,-2.8663668615626228,0.014877618336657239,0.017302279129882248,0.0020762734955858697,-0.0036087101202375307,-0.39240612641257505,-0.3939385630372267,-0.3939385630372267,False,False,-0.3949302449530677,1.3907993101511038,-2.869304533884322,False
1.556,-2.8543322624300065,-2.611035359645755,1.3907993101511038,-2.869304533884322,-2.8677307737652877,0.014972271454315678,0.013398511335281249,0.00160782136023375,-0.0035926319066351933,-0.3920978841388029,-0.39408269468520435,-0.39408269468520435,False,False,-0.39441216153867814,1.3850502028047593,-2.874553673172189,False
1.558,-2.8595086682084583,-2.565356624748428,1.3850502028047593,-2.874553673172189,-2.874905235338034,0.015045004963730513,0.015396567129575711,0.0018475880555490853,-0.0035741560260797024,-0.3917784788928821,-0.3935050468634127,-0.3935050468634127,False,False,-0.3939385630372267,1.3792908117635927,-2.8796955205832684,False
1.56,-2.8645936342399287,-2.519595856331387,1.3792908117635927,-2.8796955205832684,-2.8788539898359478,0.015101886343339643,0.014260355596019014,0.0017112426715222815,-0.0035570435993644797,-0.3914479208885724,-0.3932937218164146,-0.3932937218164146,False,False,-0.39408269468520435,1.3735212199000049,-2.8847959317938807,False
1.562,-2.8695869979202557,-2.4737545177065465,1.3735212199000049,-2.8847959317938807,-2.887523706008407,0.015208933873624986,0.0179367080881514,0.002152404970578168,-0.003535519549658698,-0.39110622069627016,-0.3924893352753507,-0.3924893352753507,False,False,-0.3935050468634127,1.3677416603155412,-2.889779792231793,False
1.564,-2.8744885995744855,-2.42783407476225,1.3677416603155412,-2.889779792231793,-2.8904478158927045,0.015291192657307384,0.01595921631821895,0.0019151059581862739,-0.003516368490076835,-0.3907533892426705,-0.3923546517745611,-0.3923546517745611,False,False,-0.3932937218164146,1.3619522868413774,-2.8946867370819627,False
1.566,-2.8792982824619813,-2.3818359959163744,1.3619522868413774,-2.8946867370819627,-2.8959983163598313,0.015388454619981395,0.01670003389785002,0.0020040040677420023,-0.003496328449399415,-0.3903894378104175,-0.39188176219207493,-0.39188176219207493,False,False,-0.3924893352753507,1.356153375804281,-2.899455518548203,False
1.568,-2.88401589278143,-2.335761752069419,1.356153375804281,-2.899455518548203,-2.901480794459827,0.015439625766773268,0.017464901678397204,0.0020957882014076643,-0.0034753705673853386,-0.390014378037744,-0.3913939604037217,-0.3913939604037217,False,False,-0.3923546517745611,1.3503450602578044,-2.904157773238305,False
1.57,-2.8886412796757623,-2.289612816557418,1.3503450602578044,-2.904157773238305,-2.904706816049997,0.0155164935625427,0.01606553637423458,0.0019278643649081493,-0.003456091923736257,-0.38962822191809837,-0.39115644947692646,-0.39115644947692646,False,False,-0.39188176219207493,1.344527542612936,-2.9087588224342955,False
1.572,-2.8931742952369808,-2.243390665104874,1.344527542612936,-2.9087588224342955,-2.9074244025686995,0.015584527197314735,0.01425010733171872,0.0017100128798062464,-0.0034389917949381944,-0.3892309817997624,-0.39095996071489436,-0.39095996071489436,False,False,-0.3913939604037217,1.3387010261780719,-2.91325821743207,False
1.574,-2.8976147945108814,-2.1970967757775477,1.3387010261780719,-2.91325821743207,-2.914024957752048,0.015643422921188588,0.016410163241166398,0.0019692195889399675,-0.0034192995990487947,-0.3888226703854552,-0.390272750395564,-0.390272750395564,False,False,-0.39115644947692646,1.3328656596157837,-2.9176832811441,False
1.576,-2.9019626355016976,-2.1507326289351707,1.3328656596157837,-2.9176832811441,-2.9182097464625976,0.015720645642402165,0.016247110960899924,0.0019496533153079908,-0.003399803065895715,-0.3884033007319277,-0.3898534504825154,-0.3898534504825154,False,False,-0.39095996071489436,1.3270215813643083,-2.9220391257377747,False
1.578,-2.906217679176634,-2.104299707184159,1.3270215813643083,-2.9220391257377747,-2.92565009679034,0.015821446561140817,0.019432417613705955,0.0023318901136447144,-0.0033764841647592678,-0.38797288624954507,-0.38901748030065963,-0.38901748030065963,False,False,-0.390272750395564,1.3211690310967732,-2.9262751337675197,False
1.58,-2.9103797894703174,-2.057799495330144,1.3211690310967732,-2.9262751337675197,-2.928440080692929,0.015895344297202296,0.018060291222611546,0.0021672349467133853,-0.003354811815292134,-0.3875314407018573,-0.38871901757043603,-0.38871901757043603,False,False,-0.3898534504825154,1.3153081897511847,-2.9304206727942756,False
1.582,-2.9144488332891445,-2.0112334803305454,1.3153081897511847,-2.9304206727942756,-2.93038561523029,0.015971839505131147,0.01593678194114556,0.0019124138329374672,-0.0033356876769627592,-0.3870789782051601,-0.38850225204918537,-0.38850225204918537,False,False,-0.38901748030065963,1.3094393235269233,-2.934433112130716,False
1.584,-2.918424680515538,-1.9646031512469964,1.3094393235269233,-2.934433112130716,-2.934783714521887,0.016008431615178065,0.01635903400634886,0.0019630840807618633,-0.0033160568361551407,-0.3866155132280426,-0.38796848598343586,-0.38796848598343586,False,False,-0.38871901757043603,1.3035625831431683,-2.938370191877522,False
1.586,-2.9223072040121103,-1.9179099991977087,1.3035625831431683,-2.938370191877522,-2.937290948038843,0.016062987865411493,0.014983744026732637,0.0017980492832079165,-0.0032980763433230614,-0.386141060590925,-0.38764108765104016,-0.38764108765104016,False,False,-0.38850225204918537,1.2976781005548244,-2.9422412941719682,False
1.588,-2.9260962796257264,-1.8711555173098409,1.2976781005548244,-2.9422412941719682,-2.940157315295711,0.016145014546241843,0.014061035669984623,0.0016873242803981546,-0.00328120310051908,-0.38565563546558496,-0.38724951428570586,-0.38724951428570586,False,False,-0.38796848598343586,1.291786072645883,-2.946013954470664,False
1.59,-2.9297917861914735,-1.8243412006716915,1.291786072645883,-2.946013954470664,-2.944146023750414,0.01622216827919054,0.014354237558940497,0.0017225085070728596,-0.003263978015448351,-0.3851592533746715,-0.38670072288304697,-0.38670072288304697,False,False,-0.38764108765104016,1.2858866509226148,-2.949710861634126,False
1.592,-2.9333936055365393,-1.7774685462849447,1.2858866509226148,-2.949710861634126,-2.950240376406669,0.016317256097586608,0.016846770870129646,0.0020216125044155574,-0.0032437618904041956,-0.3846519301912101,-0.3858740795771987,-0.3858740795771987,False,False,-0.38724951428570586,1.2799799986639249,-2.9533261293449056,False
1.594,-2.9369016224839855,-1.7305390530167744,1.2799799986639249,-2.9533261293449056,-2.9516118675662635,0.01642450686092012,0.014710245082278028,0.0017652294098733634,-0.003226109596305462,-0.38413368213809373,-0.3855945623245258,-0.3855945623245258,False,False,-0.38670072288304697,1.2740663102750824,-2.956844194421201,False
1.596,-2.9403157248564358,-1.6835542215518955,1.2740663102750824,-2.956844194421201,-2.957042117132882,0.01652846956476539,0.016726392276446234,0.0020071670731735478,-0.0032060379255737267,-0.38360452578756477,-0.38480339663996493,-0.38480339663996493,False,False,-0.3858740795771987,1.2681458362061944,-2.960237034444023,False
1.598,-2.9436358034796597,-1.6365155543446244,1.2681458362061944,-2.960237034444023,-2.9561709406212846,0.01660123096436328,0.012535137141624908,0.001504216456994989,-0.0031909957610037768,-0.38306447806068517,-0.38475125736469395,-0.38475125736469395,False,False,-0.3855945623245258,1.2622187095861759,-2.9635633100092473,False
1.6,-2.946861752186066,-1.5894245555707782,1.2622187095861759,-2.9635633100092473,-2.9684437290495596,0.01670155782318128,0.0215819768634935,0.00258983722361922,-0.0031650973887675845,-0.38251355622679467,-0.38308881639194303,-0.38308881639194303,False,False,-0.38480339663996493,1.2562851692192765,-2.966770183449705,False
1.602,-2.9499934678180955,-1.5422827310796243,1.2562851692192765,-2.966770183449705,-2.9656888978341205,0.01677671563160965,0.015695430016025025,0.001883451601923003,-0.0031462628727483544,-0.38195177790295953,-0.38321458917378487,-0.38321458917378487,False,False,-0.38475125736469395,1.2503452965327597,-2.9699363432583636,False
1.604,-2.953030850231521,-1.4950915883457063,1.2503452965327597,-2.9699363432583636,-2.9685041307520192,0.016905493026842855,0.015473280520498456,0.0018567936624598147,-0.003127694936123756,-0.3813791610534086,-0.3826500623270725,-0.3826500623270725,False,False,-0.38308881639194303,1.2443995092549567,-2.9728936389015277,False
1.606,-2.9559738022986504,-1.4478526364206168,1.2443995092549567,-2.9728936389015277,-2.972107128375132,0.016919836602877325,0.01613332607648177,0.0019359991291778122,-0.0031083349448319778,-0.3807957239889585,-0.3819680598046127,-0.3819680598046127,False,False,-0.38321458917378487,1.2384478460709982,-2.975831591979215,False
1.608,-2.95882222991143,-1.400567385884793,1.2384478460709982,-2.975831591979215,-2.978107564399607,0.017009362067784917,0.019285334488177153,0.0023142401385812584,-0.0030851925434461653,-0.3802014853664292,-0.38097243777129414,-0.38097243777129414,False,False,-0.3826500623270725,1.232490489789071,-2.9786781409636807,False
1.61,-2.9615760419844577,-1.353237348799153,1.232490489789071,-2.9786781409636807,-2.977614549797511,0.01710209897922299,0.016038507813053382,0.0019246209375664057,-0.0030659463340705012,-0.3795964641880463,-0.3807377895845504,-0.3807377895845504,False,False,-0.3819680598046127,1.226527645807003,-2.981421991034057,False
1.612,-2.964235150457892,-1.3058640386567961,1.226527645807003,-2.981421991034057,-2.984418078007412,0.017186840576165263,0.020182927549520002,0.0024219513059424,-0.003041726821011077,-0.37898067980083416,-0.37960045531590286,-0.37960045531590286,False,False,-0.38097243777129414,1.22055958293633,-2.9840314353364525,False
1.614,-2.9667994703002685,-1.258448970334583,1.22055958293633,-2.9840314353364525,-2.985339425672104,0.01723196503618407,0.018539955371835504,0.0022247946446202604,-0.0030194788745648744,-0.37835415189599664,-0.37914883612594125,-0.37914883612594125,False,False,-0.3807377895845504,1.2145864076859376,-2.9865876251962042,False
1.616,-2.9692689195112227,-1.2109936600446718,1.2145864076859376,-2.9865876251962042,-2.985386103600163,0.017318705684981506,0.016117184088940473,0.0019340620906728567,-0.003000138253658146,-0.3777169005082879,-0.37878297667127314,-0.37878297667127314,False,False,-0.37960045531590286,1.2086084144157474,-2.9889966350950696,False
1.618,-2.9716434191241072,-1.1634996252860845,1.2086084144157474,-2.9889966350950696,-2.9875080362763127,0.0173532159709624,0.01586461715220544,0.0019037540582646528,-0.0029811007130754997,-0.3770689460153717,-0.37814629267018257,-0.37814629267018257,False,False,-0.37914883612594125,1.2026257506613074,-2.9913318772200506,False
1.62,-2.9739228932085195,-1.1159683847961233,1.2026257506613074,-2.9913318772200506,-2.9890547488977637,0.017408984011531015,0.015131855689244134,0.001815822682709296,-0.0029629424862484066,-0.37641030913716916,-0.37755742894070826,-0.37755742894070826,False,False,-0.37878297667127314,1.196638544378199,-2.993603141554165,False
1.622,-2.97610726887273,-1.0684014585018553,1.196638544378199,-2.993603141554165,-2.993434401147842,0.017495872681434932,0.017327132275112067,0.002079255873013448,-0.002942149927518272,-0.3757410109351972,-0.37660390498970203,-0.37660390498970203,False,False,-0.37814629267018257,1.1906469788258305,-2.995782776184326,False
1.624,-2.978196476266012,-1.0208003674714892,1.1906469788258305,-2.995782776184326,-3.000500959722524,0.01758629991831384,0.022304483456511814,0.0026765380147814174,-0.002915384547370458,-0.3750610728118942,-0.37529991934448326,-0.37529991934448326,False,False,-0.37755742894070826,1.1846512252354158,-2.9978767952073575,False
1.6260000000000001,-2.9801904485808763,-0.9731666338657113,1.1846512252354158,-2.9978767952073575,-2.994856668102385,0.017686346626481164,0.014666219521508594,0.0017599463425810313,-0.0028977850839446476,-0.3743705165099359,-0.37550835525129955,-0.37550835525129955,False,False,-0.37660390498970203,1.1786515293153816,-2.9998479600170453,False
1.6280000000000001,-2.9820891220552057,-0.9255017808890562,1.1786515293153816,-2.9998479600170453,-2.9988414539946184,0.017758837961839635,0.016752331939412723,0.0020102798327295266,-0.002877682285617352,-0.37366936411154017,-0.37453676656442797,-0.37453676656442797,False,False,-0.37529991934448326,1.172648207459441,-3.0016609279703172,False
1.6300000000000001,-2.983892435974297,-0.8778073327411762,1.172648207459441,-3.0016609279703172,-3.0034719996939,0.017768491996020153,0.01957956371960279,0.0023495476463523345,-0.002854186809153829,-0.3729576380377611,-0.3734622772005626,-0.3734622772005626,False,False,-0.37550835525129955,1.166641255882852,-3.0034757882945633,False
1.6320000000000001,-2.9856003326728002,-0.8300848145680786,1.166641255882852,-3.0034757882945633,-3.003117078796805,0.01787545562176307,0.01751674612400489,0.0021020095348805866,-0.002833166713805023,-0.3722353610477714,-0.3729665182266958,-0.3729665182266958,False,False,-0.37453676656442797,1.1606309179389411,-3.0051689719554933,False
1.6340000000000001,-2.987212757536563,-0.7823357524134079,1.1606309179389411,-3.0051689719554933,-3.00620830632212,0.017956214418930472,0.018995548785557315,0.0022794658542668778,-0.0028103720552623544,-0.3715025562381353,-0.37203346243913077,-0.37203346243913077,False,False,-0.3734622772005626,1.1546174558530793,-3.0067310429309266,False
1.6360000000000001,-2.9887296590043766,-0.7345616731695874,1.1546174558530793,-3.0067310429309266,-3.0082182756657994,0.01800138392655004,0.019488616661422764,0.0023386339993707317,-0.002786985715268647,-0.37075924704206925,-0.37120759875796716,-0.37120759875796716,False,False,-0.3729665182266958,1.1486010077820652,-3.0082240355070837,False
1.6380000000000001,-2.990150988569627,-0.6867641045290448,1.1486010077820652,-3.0082240355070837,-3.008821677776615,0.018073046937456816,0.01867068920698811,0.002240482704838573,-0.0027645808882202612,-0.3700054572286935,-0.37052955541207516,-0.37052955541207516,False,False,-0.37203346243913077,1.1425818019335723,-3.0096029242464613,False
1.6400000000000001,-2.991476700781842,-0.6389445749353386,1.1425818019335723,-3.0096029242464613,-3.0136495973101693,0.01812622346461934,0.022172896528327435,0.002660747583399292,-0.0027379734123862682,-0.36924121090227147,-0.3693184367312584,-0.3693184367312584,False,False,-0.37120759875796716,1.1365600415605155,-3.0108801865283485,False
1.6420000000000001,-2.992706753248149,-0.5911046135342598,1.1365600415605155,-3.0108801865283485,-3.0096025347600373,0.018173433280199713,0.01689578151188842,0.00202749378142661,-0.002717698474572002,-0.36846653250143857,-0.369156737194584,-0.369156737194584,False,False,-0.37052955541207516,1.1305358967278634,-3.012072416326053,False
1.6440000000000001,-2.9938411066346267,-0.5432457501249859,1.1305358967278634,-3.012072416326053,-3.010753067671642,0.01823130969142639,0.0169119610370152,0.0020294353244418237,-0.002697404121327584,-0.3676814467984218,-0.36834941559530754,-0.36834941559530754,False,False,-0.3693184367312584,1.1245096472566443,-3.0131247356095954,False
1.6460000000000001,-2.9948797246675665,-0.4953695151111023,1.1245096472566443,-3.0131247356095954,-3.0122274934919577,0.018245010942028905,0.017347768824391263,0.0020817322589269517,-0.0026765867987383145,-0.36688597889824637,-0.3674808334380577,-0.3674808334380577,False,False,-0.369156737194584,1.1184813501439261,-3.0141485563590438,False
1.6480000000000001,-2.995822574134629,-0.447477439451716,1.1184813501439261,-3.0141485563590438,-3.016205778035427,0.018325982224414616,0.02038320390079784,0.002445984468095741,-0.0026521269540573573,-0.366080154237934,-0.3662862967238956,-0.3662862967238956,False,False,-0.36834941559530754,1.1124511969530648,-3.0150765954306302,False
1.6500000000000001,-2.99666962488591,-0.3995710546124776,1.1124511969530648,-3.0150765954306302,-3.0128811838193337,0.01840697054472029,0.016211558933423742,0.001945387072010849,-0.002632673083337249,-0.3652639985856889,-0.3659512845970153,-0.3659512845970153,False,False,-0.3674808334380577,1.1064193899693953,-3.0159034918347545,False
1.6520000000000001,-2.9974208498348993,-0.35165189251658563,1.1064193899693953,-3.0159034918347545,-3.017598081873928,0.018482641999855165,0.02017723203902877,0.0024212678446834525,-0.0026084604048904145,-0.3644375380400735,-0.36462473060028044,-0.36462473060028044,False,False,-0.3662862967238956,1.1003861975091287,-3.016596230133253,False
1.6540000000000001,-2.9980762249593518,-0.3037214854958526,1.1003861975091287,-3.016596230133253,-3.014271587425566,0.0185200051739014,0.016195362466214114,0.0019434434959456936,-0.0025890259699309576,-0.3636007990291749,-0.3642463815031602,-0.3642463815031602,False,False,-0.3659512845970153,1.0943517049548035,-3.0172462771625845,False
1.6560000000000001,-2.9986357293020536,-0.255781366241645,1.0943517049548035,-3.0172462771625845,-3.0185262686009153,0.018610547860530957,0.019890539298861754,0.0023868647158634105,-0.0025651573227723234,-0.3627538083097585,-0.36293210091666744,-0.36293210091666744,False,False,-0.36462473060028044,1.0883162043785966,-3.0177502881035165,False
1.6580000000000001,-2.9990993449714916,-0.20783306775592394,1.0883162043785966,-3.0177502881035165,-3.0196985274324377,0.018650943132024977,0.020599182460946164,0.0024719018953135398,-0.002540438303819188,-0.3618965929664134,-0.36196512937491904,-0.36196512937491904,False,False,-0.3642463815031602,1.0822797860882454,-3.0182091451755673,False
1.6600000000000001,-2.999467057142427,-0.15987812330220147,1.0822797860882454,-3.0182091451755673,-3.020353756626262,0.01874208803314037,0.020886699483835258,0.002506403938060231,-0.0025153742644385855,-0.36102918041068605,-0.3610381507370644,-0.3610381507370644,False,False,-0.36293210091666744,1.0762427353822002,-3.0185253530226253,False
1.6620000000000001,-2.9997388540563685,-0.11191806635648803,1.0762427353822002,-3.0185253530226253,-3.02138459225524,0.018786498966256726,0.021645738198871278,0.0025974885838645533,-0.00248939937859994,-0.36015159838020305,-0.36004350917493844,-0.36004350917493844,False,False,-0.36196512937491904,1.0702052616961797,-3.018736843010197,False
1.6640000000000001,-2.999914727021949,-0.06395443055830854,1.0702052616961797,-3.018736843010197,-3.0179594336181106,0.01882211598824801,0.018044706596161753,0.0021653647915394103,-0.0024677457306845458,-0.35926387493778544,-0.3595662558769306,-0.3595662558769306,False,False,-0.3610381507370644,1.0641675637889871,-3.0188489535962266,False
1.666,-2.9999946704152016,-0.015988749661607876,1.0641675637889871,-3.0188489535962266,-3.0191135871893438,0.018854283181025,0.019118916774142125,0.002294270012897055,-0.002444803030555575,-0.35836603847054976,-0.35851657148820826,-0.35851657148820826,False,False,-0.36004350917493844,1.0581298524029537,-3.0188556930166963,False
1.668,-2.999978681679742,0.03197744251427212,1.0581298524029537,-3.0188556930166963,-3.0196878775581757,0.018877011336954297,0.019709195878433672,0.0023651035054120407,-0.0024211519955014546,-0.35745811768900165,-0.35751416617909104,-0.35751416617909104,False,False,-0.3595662558769306,1.0520922276228206,-3.0188123900665387,False
1.67,-2.9998667613268495,0.0799426121336176,1.0520922276228206,-3.0188123900665387,-3.0198899243719093,0.01894562873968919,0.0200231630450598,0.002402779565407176,-0.0023971241998473826,-0.35654014162611725,-0.35653448626055745,-0.35653448626055745,False,False,-0.35851657148820826,1.0460549082997868,-3.0186596615168884,False
1.672,-2.999658912935449,0.12790522539344357,1.0460549082997868,-3.0186596615168884,-3.0179025624134788,0.019000748581439186,0.01824364947802959,0.0021892379373635506,-0.0023752318204737473,-0.35561213963641436,-0.35579813351952455,-0.35579813351952455,False,False,-0.35751416617909104,1.0400181009789056,-3.018403660440556,False
1.674,-2.999355143151999,0.17586374857248827,1.0400181009789056,-3.018403660440556,-3.0201007983695387,0.019048517288557054,0.02074565521753957,0.0024894786261047486,-0.0023503370342127,-0.3546741413950147,-0.35453499980312264,-0.35453499980312264,False,False,-0.35653448626055745,1.0339820051759003,-3.0180479015026616,False
1.676,-2.9989554616902776,0.2238166480802802,1.0339820051759003,-3.0180479015026616,-3.0167177230354802,0.019092439812383954,0.017762261345202646,0.0021314713614243174,-0.0023290223205984567,-0.3537261768966944,-0.3539237278558685,-0.3539237278558685,False,False,-0.35579813351952455,1.027946767260555,-3.017618957672667,False
1.678,-2.9984598813310708,0.2717623905062011,1.027946767260555,-3.017618957672667,-3.0132195038083482,0.019159076341596304,0.014759622477277468,0.001771154697273296,-0.002311310773625724,-0.3527682764549242,-0.35330843253127664,-0.35330843253127664,False,False,-0.35453499980312264,1.0219126423011708,-3.0170624796920618,False
1.68,-2.997868417921768,0.31969944266846756,1.0219126423011708,-3.0170624796920618,-3.016325785373787,0.019194061770293924,0.018457367452019202,0.0022148840942423044,-0.002289161932683301,-0.3518004707009019,-0.3518747485393429,-0.3518747485393429,False,False,-0.3539237278558685,1.0158797460624895,-3.016448119340606,False
1.682,-2.9971810903758493,0.3676262716632187,1.0158797460624895,-3.016448119340606,-3.0134177281112438,0.019267028964756516,0.01623663773539441,0.0019483965282473292,-0.0022696779674008277,-0.3508227905825709,-0.3511440720217244,-0.3511440720217244,False,False,-0.35330843253127664,1.0098481938790898,-3.0157760916999368,False
1.684,-2.996397920672286,0.41554134491348177,1.0098481938790898,-3.0157760916999368,-3.017964665344656,0.019378171027650826,0.021566744672369964,0.0025880093606843956,-0.002243797873793984,-0.3498352673636317,-0.3494910558767413,-0.3494910558767413,False,False,-0.3518747485393429,1.0038182711877317,-3.014961345679007,False
1.686,-2.995518933854835,0.46344313021820244,1.0038182711877317,-3.014961345679007,-3.0161913830415816,0.01944241182417228,0.02067244918674671,0.0024806939024096053,-0.002218990934769888,-0.34883793262254215,-0.3485762296549024,-0.3485762296549024,False,False,-0.3511440720217244,0.997790113077881,-3.014079054925345,False
1.688,-2.9945441580312386,0.5113300958012634,0.997790113077881,-3.014079054925345,-3.0172260241715056,0.019534896894106257,0.022681866140267015,0.0027218239368320416,-0.0021917726954015673,-0.3478308182515069,-0.34730076701007645,-0.34730076701007645,False,False,-0.3494910558767413,0.9917640462912808,-3.0130333933000997,False
1.69,-2.9934736243723243,0.5592007103604139,0.9917640462912808,-3.0130333933000997,-3.0145758085534164,0.019559768927775334,0.02110218418109211,0.0025322621017310532,-0.002166450074384257,-0.34681395645545854,-0.3464481444281117,-0.3464481444281117,False,False,-0.3485762296549024,0.9857402394011099,-3.011903445085454,False
1.692,-2.9923073671110116,0.6070534431162969,0.9857402394011099,-3.011903445085454,-3.0132118940186277,0.019596077974442405,0.020904526907616017,0.002508543228913922,-0.0021413646420951177,-0.34578737975102686,-0.3454202011642081,-0.3454202011642081,False,False,-0.34730076701007645,0.9797189346443995,-3.0106523783552106,False
1.694,-2.9910454235412134,0.6548867638613473,0.9797189346443995,-3.0106523783552106,-3.0104611913828885,0.019606954813997213,0.01941576784167509,0.002329892141001011,-0.0021180657206851077,-0.34475112096549976,-0.34453929454518384,-0.34453929454518384,False,False,-0.3464481444281117,0.9737002830526931,-3.0093257958532345,False
1.696,-2.9896878340166464,0.702699143008746,0.9737002830526931,-3.0093257958532345,-3.009563131739412,0.019637961836588058,0.019875297722765417,0.00238503572673185,-0.0020942153634177893,-0.3437052132357734,-0.34341439287245934,-0.34341439287245934,False,False,-0.3454202011642081,0.9676844707092218,-3.0079061717356166,False
1.698,-2.9882346419495374,0.750489051641355,0.9676844707092218,-3.0079061717356166,-3.0101875598663765,0.019671529786079223,0.021952917916839176,0.002634350150020701,-0.0020678718619175822,-0.34264969000729173,-0.3420832117191886,-0.3420832117191886,False,False,-0.34453929454518384,0.9616716508621291,-3.0064099235463138,False
1.7,-2.9866858938092404,0.7982549615605559,0.9616716508621291,-3.0064099235463138,-3.0066412099566406,0.019724029737073323,0.019955316147400204,0.0023946379376880243,-0.002043925482540702,-0.34158458503297867,-0.34123387257783133,-0.34123387257783133,False,False,-0.34341439287245934,0.9556620261672515,-3.004812347438797,False
1.702,-2.9850416391207433,0.8459953453351771,0.9556620261672515,-3.004812347438797,-3.003756821719651,0.01977070831805383,0.01871518259890781,0.002245821911868937,-0.002021467263422013,-0.3405099323721567,-0.34028557772370976,-0.34028557772370976,False,False,-0.3420832117191886,0.9496558402473374,-3.00309295995702,False
1.704,-2.9833019304630914,0.8937086763502855,0.9496558402473374,-3.00309295995702,-3.002662232483846,0.019791029493928747,0.01936030202075445,0.002323236242490534,-0.0019982349009971074,-0.33942576638945954,-0.3391007650479661,-0.3391007650479661,False,False,-0.34123387257783133,0.9436532331494402,-3.0013035489486146,False
1.706,-2.981466823467702,0.9413934288560256,0.9436532331494402,-3.0013035489486146,-3.0023136465392968,0.01983672548091242,0.020846823071594578,0.002501618768591349,-0.001973218713311194,-0.3383321217537325,-0.33780372169845235,-0.33780372169845235,False,False,-0.34028557772370976,0.9376543641022785,-2.999434523580829,False
1.708,-2.979536376816586,0.989048078016432,0.9376543641022785,-2.999434523580829,-3.001072035291278,0.019898146764242952,0.021535658474692188,0.0025842790169630626,-0.0019473759231415635,-0.3372290334369234,-0.3365921303431019,-0.3365921303431019,False,False,-0.3391007650479661,0.9316594401107889,-2.9974619957447866,False
1.71,-2.9775106522404715,1.0366710999581368,0.9316594401107889,-2.9974619957447866,-2.9992368078454357,0.019951343504315044,0.02172615560496416,0.002607138672595699,-0.0019213045364156066,-0.33611653671296526,-0.33543070257678514,-0.33543070257678514,False,False,-0.33780372169845235,0.9256686894052432,-2.9953753527729114,False
1.712,-2.9753897145168304,1.0842609718191591,0.9256686894052432,-2.9953753527729114,-2.9938531141673743,0.019985638256081018,0.018463399650543888,0.0022156079580652665,-0.001899148456834954,-0.33499466715664733,-0.334678207655417,-0.334678207655417,False,False,-0.3365921303431019,0.9196823198132725,-2.9931847959853024,False
1.714,-2.9731736314678074,1.1318161717975506,0.9196823198132725,-2.9931847959853024,-2.9912372457208085,0.02001116451749496,0.01806361425300107,0.0021676337103601283,-0.0018774721197313527,-0.33386346064247846,-0.3335732990518497,-0.3335732990518497,False,False,-0.33543070257678514,0.9137005263735356,-2.9908967198684397,False
1.716,-2.97086247395805,1.1793351792000804,0.9137005263735356,-2.9908967198684397,-2.9901525197074466,0.020034245910389714,0.019290045749396523,0.0023148054899275825,-0.0018543240648320768,-0.33272295334353924,-0.3322624719184437,-0.3322624719184437,False,False,-0.334678207655417,0.9077234163502405,-2.9885550116476,False
1.718,-2.9684563158924417,1.2268164744908858,0.9077234163502405,-2.9885550116476,-2.9856249135501964,0.020098695755158325,0.01716859765775469,0.002060231718930563,-0.0018337217476427712,-0.33157318173032524,-0.3313466717590374,-0.3313466717590374,False,False,-0.3335732990518497,0.9017511696236085,-2.9861233633160005,False
1.72,-2.9659552342137423,1.2742585393400108,0.9017511696236085,-2.9861233633160005,-2.984057547617297,0.02016812910225818,0.018102313403554504,0.0021722776084265403,-0.0018119989715585057,-0.3304141825695815,-0.33005390393271344,-0.33005390393271344,False,False,-0.3322624719184437,0.8957840072155734,-2.9835812040175163,False
1.722,-2.9633593089001224,1.3216598566720181,0.8957840072155734,-2.9835812040175163,-2.983703978670239,0.020221895117393807,0.020344669770116397,0.0024413603724139673,-0.001787585367834366,-0.32924599292312584,-0.32859221791854626,-0.32859221791854626,False,False,-0.3313466717590374,0.8898220649998535,-2.980971107859964,False
1.724,-2.9606686229626105,1.3690189107144488,0.8898220649998535,-2.980971107859964,-2.9813722990664755,0.020302484897353423,0.020703676103865032,0.002484441132463804,-0.001762740956509728,-0.32806865014666453,-0.32734694997071045,-0.32734694997071045,False,False,-0.33005390393271344,0.8838655562932527,-2.978254353300414,False
1.726,-2.957883262442436,1.4163341870463158,0.8838655562932527,-2.978254353300414,-2.9777690306025306,0.020371090857977947,0.019885768160094575,0.002386292179211349,-0.0017388780347176145,-0.3268821918885975,-0.3262347777441038,-0.3262347777441038,False,False,-0.32859221791854626,0.8779147274388531,-2.975414427199772,False
1.728,-2.9550033164082783,1.463604172646553,0.8779147274388531,-2.975414427199772,-2.9771508671790676,0.020411110791493492,0.022147550770789337,0.0026577060924947203,-0.0017123009737926673,-0.32568665608881414,-0.3247412509701121,-0.3247412509701121,False,False,-0.32734694997071045,0.8719697767537552,-2.972475342548983,False
1.73,-2.9520288769534195,1.510827355942346,0.8719697767537552,-2.972475342548983,-2.9715895423101464,0.020446465595563623,0.019560665356726847,0.0023472798428072214,-0.001688828175364595,-0.32448208097748066,-0.32382362931003805,-0.32382362931003805,False,False,-0.3262347777441038,0.8660308725046998,-2.969452124527699,False
1.732,-2.948960039192797,1.5580022268575273,0.8660308725046998,-2.969452124527699,-2.96748906570345,0.020492085334901766,0.018529026510652802,0.002223483181278336,-0.0016665933435518116,-0.3232685050738166,-0.3227116152360901,-0.3227116152360901,False,False,-0.3247412509701121,0.8600982609640123,-2.9663057703437365,False
1.734,-2.945796901259966,1.6051272768608138,0.8600982609640123,-2.9663057703437365,-2.965975212265553,0.020508869083770698,0.02017831100558709,0.0024213973206704507,-0.001642379370345107,-0.3220459671848645,-0.32126694923453913,-0.32126694923453913,False,False,-0.32382362931003805,0.8541720651024362,-2.9630979307880763,False
1.736,-2.9425395643039574,1.6522009990140663,0.8541720651024362,-2.9630979307880763,-2.9595613773914793,0.020558366484118906,0.01702181308752193,0.0020426175705026317,-0.0016219531946400807,-0.3208145064042479,-0.32039384202838533,-0.32039384202838533,False,False,-0.3227116152360901,0.8482524472444977,-2.959808928969269,False
1.738,-2.939188132486045,1.6992218880205014,0.8482524472444977,-2.959808928969269,-2.957207573920625,0.020620796483223902,0.01801944143458023,0.0021623329721496276,-0.0016003298649185844,-0.3195741621109211,-0.31901215900369007,-0.31901215900369007,False,False,-0.32126694923453913,0.8423396375873328,-2.956404828582431,False
1.74,-2.935742712976417,1.7461884402727745,0.8423396375873328,-2.956404828582431,-2.959494187489285,0.020662115606014275,0.023751474512867965,0.002850176941544156,-0.0015718280955031429,-0.31832497396791115,-0.31704662512187015,-0.31704662512187015,False,False,-0.32039384202838533,0.8364337441133344,-2.9529467369992126,False
1.742,-2.932203415950743,1.7930991539011203,0.8364337441133344,-2.9529467369992126,-2.955192970896098,0.020743321048469543,0.02298955494535493,0.0027587465934425914,-0.001544240629568717,-0.31706698192104793,-0.31585247595717403,-0.31585247595717403,False,False,-0.31901215900369007,0.8305349801132735,-2.9493820000304023,False
1.744,-2.928570354586658,1.839952528821327,0.8305349801132735,-2.9493820000304023,-2.9491858138397866,0.020811645443744364,0.020615459253128687,0.0024738551103754424,-0.0015195020784649624,-0.3158002261976879,-0.3148458731657774,-0.3148458731657774,False,False,-0.31704662512187015,0.8246436787911446,-2.9456506610644353,False
1.746,-2.9248436450601387,1.8867470667827277,0.8246436787911446,-2.9456506610644353,-2.9460113326523283,0.020807016004296575,0.021167687592189566,0.002540122511062748,-0.001494100853354335,-0.3145247473054276,-0.3134787256477192,-0.3134787256477192,False,False,-0.31585247595717403,0.8187600081603646,-2.9418353153900156,False
1.748,-2.9210234065417886,1.933481271416133,0.8187600081603646,-2.9418353153900156,-2.939090601181497,0.020811908848227034,0.018067194639708184,0.002168063356764982,-0.0014724202197866853,-0.31324058603080773,-0.31254494289382945,-0.31254494289382945,False,False,-0.3148458731657774,0.8128840951151989,-2.9379565225828674,False
1.75,-2.9171097611930303,1.980153648281628,0.8128840951151989,-2.9379565225828674,-2.9410224984321682,0.0208467613898371,0.023912737239137893,0.002869528468696547,-0.0014437249350997198,-0.31194778343800966,-0.3105219799044128,-0.3105219799044128,False,False,-0.3134787256477192,0.80701614065276,-2.9339772312194436,False
1.752,-2.9131028341621947,2.0267627049164214,0.80701614065276,-2.9339772312194436,-2.9324140055986545,0.020874397057248917,0.019311171436459773,0.0023173405723751726,-0.0014205515293759681,-0.3106463808675415,-0.30974959182454226,-0.30974959182454226,False,False,-0.31254494289382945,0.8011562528141762,-2.9299439192918735,False
1.754,-2.9090027535805225,2.073306950882518,0.8011562528141762,-2.9299439192918735,-2.931588651491057,0.020941165711350962,0.02258589791053467,0.00271030774926416,-0.0013934484518833266,-0.30933641993491684,-0.308019560637536,-0.308019560637536,False,False,-0.3105219799044128,0.7953047665265347,-2.925743143820792,False
1.756,-2.904809650558068,2.119784897814401,0.7953047665265347,-2.925743143820792,-2.923999479079431,0.020933493262723868,0.019189828521362973,0.0023027794225635567,-0.0013704206576576911,-0.308017942529324,-0.30708558376441814,-0.30708558376441814,False,False,-0.30974959182454226,0.7894617511652555,-2.921507680639581,False
1.758,-2.9005236591795,2.1661950594666504,0.7894617511652555,-2.921507680639581,-2.92093617168403,0.02098402146008116,0.0204125125045298,0.002449501500543576,-0.0013459256426522554,-0.3066909908122855,-0.3055874149543942,-0.3055874149543942,False,False,-0.308019560637536,0.7836274758729901,-2.917137646132691,False
1.76,-2.8961449164998214,2.21253595176142,0.7836274758729901,-2.917137646132691,-2.9189050285819524,0.0209927296328698,0.022760112082131023,0.0027312134498557227,-0.001318613508153698,-0.3053556072163113,-0.30394300727460927,-0.30394300727460927,False,False,-0.30708558376441814,0.7778020401402697,-2.912717866360202,False
1.762,-2.8916735625399848,2.258806092835922,0.7778020401402697,-2.912717866360202,-2.9098074916188885,0.02104430382021727,0.018133929078903765,0.002176071489468452,-0.0012968527932590136,-0.3040118344435411,-0.30313261574733164,-0.30313261574733164,False,False,-0.3055874149543942,0.7719856605053416,-2.9081898174640326,False
1.764,-2.8871097402824097,2.305004003089834,0.7719856605053416,-2.9081898174640326,-2.910545388802759,0.021080077181622858,0.023435648520349073,0.0028122778224418886,-0.0012687300150345947,-0.30265971546437825,-0.30111616765697097,-0.30111616765697097,False,False,-0.30394300727460927,0.7661785817482806,-2.9035393785304917,False
1.766,-2.8824535956664183,2.3511282052325586,0.7661785817482806,-2.9035393785304917,-2.9048901954375306,0.021085782864073366,0.02243659977111223,0.0026923919725334675,-0.00124180609530926,-0.3012992935161174,-0.2998487076388932,-0.2998487076388932,False,False,-0.30313261574733164,0.7603808713156837,-2.8988552162984647,False
1.768,-2.8777052775835625,2.3971772243305254,0.7603808713156837,-2.8988552162984647,-2.899576977600949,0.021149938714902117,0.021871700017386253,0.00262460400208635,-0.0012155600552883966,-0.2999306121015599,-0.29852156815476194,-0.29852156815476194,False,False,-0.30111616765697097,0.754592848460216,-2.894011427733833,False
1.77,-2.8728649378728663,2.443149587854301,0.754592848460216,-2.894011427733833,-2.893002526204475,0.02114648986096679,0.020137588331608836,0.00241651059979306,-0.001191394949290466,-0.2985537149876243,-0.2973285993371217,-0.2973285993371217,False,False,-0.2998487076388932,0.7488146720871833,-2.8890881865163682,False
1.772,-2.8679327313159693,2.4890438257257017,0.7488146720871833,-2.8890881865163682,-2.888381783535679,0.021155455200398965,0.020449052219709607,0.0024538862663651528,-0.0011668560866268144,-0.29716864620394595,-0.2958816160242076,-0.2958816160242076,False,False,-0.29852156815476194,0.7430465118518159,-2.884080117683696,False
1.774,-2.862908815632175,2.534858470364824,0.7430465118518159,-2.884080117683696,-2.8859940913320745,0.021171302051520957,0.023085275699899377,0.002770233083987925,-0.0011391537557869352,-0.2957754500414688,-0.2941443707132678,-0.2941443707132678,False,False,-0.2973285993371217,0.7372885074489854,-2.879002201415229,False
1.776,-2.8577933514734126,2.580592056736921,0.7372885074489854,-2.879002201415229,-2.8796303136976835,0.021208849941816155,0.021836962224270895,0.0026204354669125073,-0.00111294940111781,-0.29437417105103036,-0.29286668498523566,-0.29286668498523566,False,False,-0.2958816160242076,0.7315408502283193,-2.8738286103330903,False
1.778,-2.852586502419093,2.6262431223993117,0.7315408502283193,-2.8738286103330903,-2.8722491052234482,0.021242107913997277,0.019662602804355167,0.00235951233652262,-0.0010893542777525838,-0.2929648540419352,-0.29169469598316516,-0.29169469598316516,False,False,-0.2941443707132678,0.7258037902165414,-2.8685300058889327,False
1.78,-2.8472884349708836,2.6718102075480936,0.7258037902165414,-2.8685300058889327,-2.86797470757613,0.021241570918049124,0.02068627260524636,0.0024823527126295627,-0.001064530750626288,-0.29154754408052375,-0.29012972211852045,-0.29012972211852045,False,False,-0.29286668498523566,0.7200774784602063,-2.863155878167528,False
1.782,-2.841899318547383,2.7172918550648433,0.7200774784602063,-2.863155878167528,-2.8633162546020037,0.021256559620145055,0.021416936054620805,0.0025700323265544964,-0.001038830427360743,-0.2901222864887308,-0.28859108458953703,-0.28859108458953703,False,False,-0.29169469598316516,0.7143620422125102,-2.8577181238480707,False
1.784,-2.8364193254786985,2.762686610563239,0.7143620422125102,-2.8577181238480707,-2.8572105832962467,0.021298798369372207,0.020791257817548203,0.002494950938105784,-0.0010138809179796853,-0.288689126842635,-0.2872080568225089,-0.2872080568225089,False,False,-0.29012972211852045,0.7086576896184958,-2.8521762970071984,False
1.786,-2.8308486310009435,2.80799302243551,0.7086576896184958,-2.8521762970071984,-2.852085776272286,0.02132766600625491,0.021237145271342683,0.002548457432561122,-0.000988396343654074,-0.28724811097100345,-0.2856880498820964,-0.2856880498820964,False,False,-0.28859108458953703,0.7029646210201566,-2.8465342991696434,False
1.788,-2.8251874132506263,2.85320964189892,0.7029646210201566,-2.8465342991696434,-2.8439485578789063,0.021346885919017122,0.018761144628280046,0.0022513373553936056,-0.000965882970100138,-0.2857992849538243,-0.2845138305685308,-0.2845138305685308,False,False,-0.2872080568225089,0.6972830019724389,-2.8408095238588498,False
1.79,-2.8194358532589585,2.8983350230420393,0.6972830019724389,-2.8408095238588498,-2.8395539256176825,0.02137367059989126,0.020118072358723982,0.0024141686830468777,-0.0009417412832696692,-0.28434269512083465,-0.28287026772105744,-0.28287026772105744,False,False,-0.2856880498820964,0.691613024893625,-2.834988539406957,False
1.792,-2.813594134946067,2.9433677228710065,0.691613024893625,-2.834988539406957,-2.831136971375638,0.021394404460890026,0.017542836429571107,0.002105140371548533,-0.0009206898795541839,-0.2828783880500388,-0.28169393755804445,-0.28169393755804445,False,False,-0.2845138305685308,0.6859548076789254,-2.829108607349822,False
1.794,-2.8076624451151044,2.9883063013556925,0.6859548076789254,-2.829108607349822,-2.8311617894563423,0.021446162234717736,0.023499344341237904,0.0028199213209485485,-0.0008924906663446984,-0.2814064105662173,-0.27947897991161347,-0.27947897991161347,False,False,-0.28287026772105744,0.6803085652077351,-2.8231212355951154,False
1.796,-2.8016409734462884,3.033149321475699,0.6803085652077351,-2.8231212355951154,-2.8231642885625634,0.021480262148827034,0.021523315116275032,0.002582797813953004,-0.0008666626882051683,-0.27992680973943224,-0.2782106746136844,-0.2782106746136844,False,False,-0.28169393755804445,0.674674412158928,-2.8170765244035603,False
1.798,-2.795529912490824,3.0778953492663654,0.674674412158928,-2.8170765244035603,-2.8165908534000494,0.021546611912736324,0.0210609409092255,0.00252731290910706,-0.0008413895591140977,-0.27843963288351953,-0.27675370953352657,-0.27675370953352657,False,False,-0.27947897991161347,0.6690526794386478,-2.8108663601401087,False
1.8,-2.7893294576647536,3.1225429538645777,0.6690526794386478,-2.8108663601401087,-2.81014453657306,0.021536902475355113,0.02081507890830636,0.0024978094689967634,-0.0008164114644241301,-0.2769449275545776,-0.275263529550005,-0.275263529550005,False,False,-0.2782106746136844,0.6634434960867824,-2.8045916759326435,False
1.802,-2.7830398072427087,3.1670907075545425,0.6634434960867824,-2.8045916759326435,-2.8068518204835695,0.02155186868993475,0.023812013240860797,0.0028574415889032955,-0.0007878370485350972,-0.2754427415494465,-0.2733731370090783,-0.2733731370090783,False,False,-0.27675370953352657,0.6578470292298724,-2.798233428455053,False
1.804,-2.7766611623515622,3.211537185813462,0.6578470292298724,-2.798233428455053,-2.795105722313171,0.021572266103490723,0.018444559961608764,0.0022133471953930516,-0.0007657035765811667,-0.27393312290417804,-0.27248547928536615,-0.27248547928536615,False,False,-0.275263529550005,0.6522634511123385,-2.7917890587668985,False
1.806,-2.770193726964005,3.25588096735704,0.6522634511123385,-2.7917890587668985,-2.796472003581903,0.021595331802893636,0.026278276617897944,0.003153393194147753,-0.0007341696446396891,-0.2724161198925017,-0.2699968963429936,-0.2699968963429936,False,False,-0.2733731370090783,0.6466930158893143,-2.7852176115121043,False
1.808,-2.763637707892018,3.300120634184985,0.6466930158893143,-2.7852176115121043,-2.7850870631814733,0.021579903620086327,0.02144935528945524,0.0025739226347346288,-0.0007084304182923428,-0.2708917810242794,-0.26902628880783713,-0.26902628880783713,False,False,-0.27248547928536615,0.6411357649498008,-2.778625469756719,False
1.81,-2.7569933147802637,3.3442547716263067,0.6411357649498008,-2.778625469756719,-2.781258696805745,0.021632154976455542,0.02426538202548123,0.0029118458430577475,-0.0006793119598617653,-0.2693601550439555,-0.2671276211607595,-0.2671276211607595,False,False,-0.2699968963429936,0.635592074460597,-2.7718452446019377,False
1.812,-2.750260760099378,3.388281968384572,0.635592074460597,-2.7718452446019377,-2.770078215241944,0.021584484502559675,0.019817455142566054,0.0023780946171079263,-0.0006555310136906861,-0.2678212909289974,-0.2660987273255802,-0.2660987273255802,False,False,-0.26902628880783713,0.630061998589959,-2.7650379353189614,False
1.814,-2.7434402591391756,3.432200816583059,0.630061998589959,-2.7650379353189614,-2.763876644901773,0.021597676179785807,0.020436385762597542,0.002452366291511705,-0.000631007350775569,-0.26627523788832885,-0.2644538789475927,-0.2644538789475927,False,False,-0.2671276211607595,0.6245457852458921,-2.75810667203346,False
1.816,-2.736532030001772,3.476009911809726,0.6245457852458921,-2.75810667203346,-2.7599506207372464,0.02157464203168802,0.023418590735474254,0.0028102308882569102,-0.000602905041893,-0.264722045360758,-0.2625147195143941,-0.2625147195143941,False,False,-0.2660987273255802,0.6190434974809037,-2.7511438824942243,False
1.818,-2.729536293594599,3.519707853162177,0.6190434974809037,-2.7511438824942243,-2.75248683070303,0.02160758889962544,0.022950537108431313,0.0027540644530117575,-0.0005753643973628824,-0.2631617630133942,-0.26098306295774537,-0.26098306295774537,False,False,-0.2644538789475927,0.6135553266348571,-2.744085423023293,False
1.82,-2.7224532736233504,3.5632932432924114,0.6135553266348571,-2.744085423023293,-2.742392757553023,0.021632149399942513,0.019939483929672708,0.002392738071560725,-0.0005514370166472751,-0.2615944407400623,-0.25975313968514885,-0.25975313968514885,False,False,-0.2625147195143941,0.6080815235726901,-2.736901531083542,False
1.822,-2.7152831965848243,3.606764688451528,0.6080815235726901,-2.736901531083542,-2.7359222761505624,0.02161833449871775,0.020639079565738072,0.0024766895478885685,-0.0005266701211683895,-0.2600201286597053,-0.2580701092329851,-0.2580701092329851,False,False,-0.26098306295774537,0.6026222510705996,-2.729636251045219,False
1.824,-2.708026291759677,3.650120798534313,0.6026222510705996,-2.729636251045219,-2.7282763222850734,0.02160995928554188,0.020250030525396312,0.0024300036630475574,-0.0005023700845379139,-0.25843887711478203,-0.25651124353627236,-0.25651124353627236,False,False,-0.25975313968514885,0.5971776069325343,-2.722322069032671,False
1.826,-2.7006827912050992,3.6933601871236457,0.5971776069325343,-2.722322069032671,-2.722056198805119,0.02163927782757158,0.0213734076000196,0.002564808912002352,-0.0004767219954178904,-0.2568507366696584,-0.25476264975307394,-0.25476264975307394,False,False,-0.2580701092329851,0.5917477827676167,-2.7149120824587913,False
1.828,-2.6932529297473855,3.736481471534886,0.5917477827676167,-2.7149120824587913,-2.712221850693051,0.021659152711405838,0.0189689209456656,0.0022762705134798723,-0.0004539592902830917,-0.25525575810898865,-0.2534334468857919,-0.2534334468857919,False,False,-0.25651124353627236,0.5863329420784933,-2.7074203445617475,False
1.83,-2.685736944974434,3.7794832728600425,0.5863329420784933,-2.7074203445617475,-2.7091792513272095,0.021683399587313357,0.023442306352775333,0.00281307676233304,-0.0004258285226597613,-0.25365399243609305,-0.25126674419641976,-0.25126674419641976,False,False,-0.25476264975307394,0.5809332862992994,-2.699827889596923,False
1.832,-2.6781350772281467,3.8223642160118856,0.5809332862992994,-2.699827889596923,-2.6986117417974165,0.021692812368776515,0.020476664569269776,0.002457199748312373,-0.00040125652517663754,-0.2520454908713265,-0.24998954764819076,-0.24998954764819076,False,False,-0.2534334468857919,0.5755489268294978,-2.692179734900813,False
1.834,-2.670447569596738,3.8651229297679395,0.5755489268294978,-2.692179734900813,-2.691748887961766,0.021732165304074957,0.02130131836502791,0.002556158203803349,-0.00037569494313860404,-0.2504303048504397,-0.24824984158977498,-0.24824984158977498,False,False,-0.25126674419641976,0.5701801492158582,-2.684388806819758,False
1.836,-2.6626746679069697,3.9077580468142847,0.5701801492158582,-2.684388806819758,-2.685223864510801,0.021714138912788172,0.022549196603831145,0.0027059035924597375,-0.0003486359072140067,-0.24880848602293576,-0.24645121833769004,-0.24645121833769004,False,False,-0.24998954764819076,0.5648270496039343,-2.6765498059619652,False
1.838,-2.654816620716284,3.9502682037893346,0.5648270496039343,-2.6765498059619652,-2.674496290998103,0.02173318524568124,0.01967967028181894,0.0023615604338182725,-0.00032502030287582395,-0.24718008625041724,-0.24514354611947478,-0.24514354611947478,False,False,-0.24824984158977498,0.5594898199315277,-2.6686148362033,False
1.84,-2.6468736793048593,3.992652041327383,0.5594898199315277,-2.6686148362033,-2.667272648324868,0.021741156898440916,0.020398969020008817,0.002447876282401058,-0.00030054154005181336,-0.2455451576049292,-0.24339782286257997,-0.24339782286257997,False,False,-0.24645121833769004,0.5541686623636037,-2.660578783961951,False
1.842,-2.6388460976675745,4.034908204102097,0.5541686623636037,-2.660578783961951,-2.6656341924153124,0.021732686294376524,0.02678809474773791,0.0032145713697285493,-0.0002683958263545279,-0.24390375236729306,-0.24095757682391905,-0.24095757682391905,False,False,-0.24514354611947478,0.5488636740377736,-2.6524941629150556,False
1.844,-2.630734132505881,4.077035340869874,0.5488636740377736,-2.6524941629150556,-2.6523952047376387,0.021760030409174735,0.02166107223175784,0.0025993286678109404,-0.00024240253967641848,-0.24225592302543442,-0.2398989968972999,-0.2398989968972999,False,False,-0.24339782286257997,0.5435750427514008,-2.644315643186385,False
1.846,-2.6225380432196044,4.119032104513003,0.5435750427514008,-2.644315643186385,-2.6431188913765005,0.021777599966780414,0.020580848156896092,0.002469701778827531,-0.00021770552188814316,-0.24060172227270632,-0.23834972601576693,-0.23834972601576693,False,False,-0.24095757682391905,0.5383030996699695,-2.635971540715665,False
1.848,-2.614258091898638,4.1608971520828035,0.5383030996699695,-2.635971540715665,-2.6344298731528566,0.021713448817027192,0.02017178125421859,0.002420613750506231,-0.00019349938438308086,-0.23894120300620195,-0.23671408864007878,-0.23671408864007878,False,False,-0.2398989968972999,0.5330478829982287,-2.6276083358703883,False
1.85,-2.605894543314573,4.202629144842511,0.5330478829982287,-2.6276083358703883,-2.6279406777009817,0.021713792555815292,0.022046134386408678,0.002645536126369041,-0.00016704402311939044,-0.2372744183250653,-0.23479592622181564,-0.23479592622181564,False,False,-0.23834972601576693,0.5278095332713244,-2.6191748634521526,False
1.852,-2.597447664912225,4.244226748310115,0.5278095332713244,-2.6191748634521526,-2.619125494147584,0.02172719853992744,0.021677829235358992,0.002601339508243079,-0.00014103062803695965,-0.23560142152879215,-0.23314111264858603,-0.23314111264858603,False,False,-0.23671408864007878,0.5225882075645272,-2.610662853398636,False
1.854,-2.58891772680108,4.285688632301048,0.5225882075645272,-2.610662853398636,-2.6122478363659525,0.021745126597555675,0.02333010956487236,0.0027996131477846828,-0.00011303449655911281,-0.23392226611552502,-0.23123568746429946,-0.23123568746429946,False,False,-0.23479592622181564,0.5173841203868843,-2.602043588821422,False
1.856,-2.580305001746666,4.32701347097068,0.5173841203868843,-2.602043588821422,-2.5994375663960465,0.021738587074755955,0.019132564649380512,0.0022959077579256613,-9.00754189798562e-05,-0.23223700578034429,-0.23003117344139848,-0.23003117344139848,False,False,-0.23314111264858603,0.5121974287441502,-2.5933458213670475,False
1.858,-2.571609765161819,4.3681999428567595,0.5121974287441502,-2.5933458213670475,-2.589647489143095,0.02173605620522867,0.018037723981276343,0.0021645268777531613,-6.843015020232458e-05,-0.23054569441354894,-0.2284495976859981,-0.2284495976859981,False,False,-0.23123568746429946,0.5070283403939663,-2.58454417509195,False
1.86,-2.562832295097885,4.409246730921635,0.5070283403939663,-2.58454417509195,-2.5854433497510114,0.021711879994064986,0.022611054653126406,0.0027133265583751684,-4.12968846185729e-05,-0.22884838609893518,-0.22617635642517858,-0.22617635642517858,False,False,-0.23003117344139848,0.5018769140396087,-2.5757131771787978,False
1.862,-2.5539728722358275,4.45015252259438,0.5018769140396087,-2.5757131771787978,-2.5714243058660733,0.0217403049429703,0.017451433630245816,0.0020941720356294977,-2.0355164262277917e-05,-0.22714513511206633,-0.22507131824069912,-0.22507131824069912,False,False,-0.2284495976859981,0.4967432866955075,-2.566813672050577,False
1.864,-2.545031779877245,4.490916009812797,0.4967432866955075,-2.566813672050577,-2.563796783689142,0.021781892173332373,0.018765003811897163,0.0022518004574276595,2.162840311998679e-06,-0.2254359959185361,-0.22318203262079644,-0.22318203262079644,False,False,-0.22617635642517858,0.4916277387041821,-2.5577739956627035,False
1.866,-2.5360093039353226,4.5315358890651884,0.4916277387041821,-2.5577739956627035,-2.557327508676411,0.021764691727380825,0.021318204741088476,0.002558184568930617,2.7744686001304848e-05,-0.22372102317222942,-0.2211350939172975,-0.2211350939172975,False,False,-0.22507131824069912,0.48653030270517256,-2.548717999504776,False
1.868,-2.5269057329256777,4.572010861432096,0.48653030270517256,-2.548717999504776,-2.5462263453944907,0.021812266579098516,0.019320612468813003,0.0023184734962575604,5.092942096388045e-05,-0.22200027171357167,-0.21963086879635024,-0.21963086879635024,False,False,-0.22318203262079644,0.4814511752001524,-2.539563752510081,False
1.87,-2.5177213579571442,4.612339632627796,0.4814511752001524,-2.539563752510081,-2.5411312073878904,0.021842394552936906,0.0234098494307462,0.0028091819316895437,7.90212402807759e-05,-0.2202737965677778,-0.21738559339580746,-0.21738559339580746,False,False,-0.2211350939172975,0.4763905835430237,-2.5302958285643404,False
1.872,-2.5084564727224596,4.652520913041701,0.4763905835430237,-2.5302958285643404,-2.531166551869433,0.021839355841880792,0.022710079146973428,0.0027252094976368112,0.000106273335257144,-0.21854165294309147,-0.21571017011019752,-0.21571017011019752,False,False,-0.21963086879635024,0.47134863894437307,-2.520972299325334,False
1.874,-2.4991113734888675,4.692553417779621,0.47134863894437307,-2.520972299325334,-2.5214759134135964,0.02186092583646637,0.022364539924728977,0.002683744790967477,0.00013311078316681878,-0.2168038962290188,-0.2139870406548845,-0.2139870406548845,False,False,-0.21738559339580746,0.4663256065676928,-2.5115161883401513,False
1.8760000000000001,-2.4896863590886564,4.732435866704801,0.4663256065676928,-2.5115161883401513,-2.5089888368248667,0.021829829251494903,0.0193024777362103,0.0023162973283452357,0.00015627375645027114,-0.2150605819945595,-0.21258801090976398,-0.21258801090976398,False,False,-0.21571017011019752,0.4613216293347082,-2.501988616492278,False
1.8780000000000001,-2.48018173090959,4.772166984478916,0.4613216293347082,-2.501988616492278,-2.504026632948906,0.02180688558268784,0.023844902039315663,0.0028613882447178795,0.00018488763889744993,-0.21331176598642712,-0.2102654901028118,-0.2102654901028118,False,False,-0.2139870406548845,0.45633685858558326,-2.4923853745624736,False
1.8800000000000001,-2.4705977928852816,4.811745500602798,0.45633685858558326,-2.4923853745624736,-2.490009269690508,0.02178758167719197,0.019411476805226258,0.0023293772166271508,0.00020818141106372144,-0.21155750412726876,-0.2090199454995779,-0.2090199454995779,False,False,-0.21258801090976398,0.4513713761304382,-2.482741227572533,False
1.8820000000000001,-2.4609348514854683,4.851170149457094,0.4513713761304382,-2.482741227572533,-2.4826760293100585,0.021806376087064816,0.021741177824590174,0.002608941338950821,0.00023427082445322964,-0.20979785251387578,-0.20695464035047173,-0.20695464035047173,False,False,-0.2102654901028118,0.44642545625850555,-2.4729599359663292,False
1.8840000000000001,-2.4511932157062093,4.890439670342746,0.44642545625850555,-2.4729599359663292,-2.4703608085799176,0.021766720260119943,0.019167592873708283,0.0023001111448449937,0.00025727193590167956,-0.20803286741538934,-0.20547548433464266,-0.20547548433464266,False,False,-0.2090199454995779,0.4414991447254391,-2.4631557665332116,False
1.8860000000000001,-2.441373197060013,4.929552807521268,0.4414991447254391,-2.4631557665332116,-2.463450009304013,0.021782569473198343,0.02207681224399982,0.0026492174692799783,0.00028376411059447936,-0.20626260527150286,-0.2033296236916284,-0.2033296236916284,False,False,-0.20695464035047173,0.43659265844125916,-2.453243142089964,False
1.8880000000000001,-2.4314751095658664,4.968508310254946,0.43659265844125916,-2.453243142089964,-2.4533930027414157,0.021768032524097425,0.021917893175549263,0.0026301471810659116,0.0003100655824051385,-0.20448712269065497,-0.2015469099271839,-0.2015469099271839,False,False,-0.20547548433464266,0.43170608919210596,-2.4432846245766027,False
1.8900000000000001,-2.4214992697391997,5.007304932846793,0.43170608919210596,-2.4432846245766027,-2.442600227766041,0.02178535483740296,0.021100958026841088,0.0025321149632209303,0.0003353867320373478,-0.20270647644822115,-0.19983897475296286,-0.19983897475296286,False,False,-0.2033296236916284,0.42683966736263135,-2.4332109147372996,False
1.8920000000000001,-2.4114459965817656,5.045941434680403,0.42683966736263135,-2.4332109147372996,-2.4328756700007164,0.02176491815553394,0.021429673418950745,0.0025715608102740892,0.0003611023401400887,-0.2009207234846978,-0.19798806033428362,-0.19798806033428362,False,False,-0.2015469099271839,0.4219935447620162,-2.4230613003075616,False
1.8940000000000001,-2.4013156115714294,5.084416580259636,0.4219935447620162,-2.4230613003075616,-2.423874511758007,0.02174568873613225,0.0225589001865778,0.002707068022389336,0.00038817302036398205,-0.1991299209038802,-0.19603467986112688,-0.19603467986112688,False,False,-0.19983897475296286,0.4171678558719387,-2.4128444450387496,False
1.8960000000000001,-2.3911084386519033,5.122729139248089,0.4171678558719387,-2.4128444450387496,-2.4110866554848682,0.021736006386846363,0.019978216832964968,0.002397386019955796,0.00041214688056354,-0.19733412597103842,-0.1945245930705191,-0.1945245930705191,False,False,-0.19798806033428362,0.4123627636354271,-2.4025461182558017,False
1.8980000000000001,-2.3808248042223727,5.160877886508485,0.4123627636354271,-2.4025461182558017,-2.4039395324432,0.021721314033428918,0.023114728220827274,0.0027737673864992726,0.00043988455442853274,-0.19553339611108433,-0.19231974417015654,-0.19231974417015654,False,False,-0.19603467986112688,0.4075784506605325,-2.3921564874473122,False
1.9000000000000001,-2.37046503712707,5.198861602141805,0.4075784506605325,-2.3921564874473122,-2.3937359223470227,0.02169145032024211,0.023270885219952575,0.002792506226394309,0.0004678096166924758,-0.19372778890673648,-0.1904674730636497,-0.1904674730636497,False,False,-0.1945245930705191,0.40281500472237153,-2.381722969080476,False
1.9020000000000001,-2.3600294686447563,5.2366790715263205,0.40281500472237153,-2.381722969080476,-2.384853386053125,0.021693500435719937,0.024823917408368867,0.002978870089004264,0.0004975983175825185,-0.1919173620966788,-0.18844089369009204,-0.18844089369009204,False,False,-0.19231974417015654,0.39807265811388814,-2.371173304241696,False
1.9040000000000001,-2.3495184324781206,5.274329085356448,0.39807265811388814,-2.371173304241696,-2.370728475509525,0.02165487176357539,0.02121004303140417,0.0025452051637685,0.0005230503692202035,-0.1901021735737129,-0.1870339180407242,-0.1870339180407242,False,False,-0.1904674730636497,0.3933515667447366,-2.360545684575769,False
1.9060000000000001,-2.3389322647431205,5.31181043968138,0.3933515667447366,-2.360545684575769,-2.356635721974926,0.02161341983264853,0.01770345723180533,0.0021244148678166395,0.0005442945178983699,-0.1882822813829086,-0.18561357199719358,-0.18561357199719358,False,False,-0.18844089369009204,0.3886519213106326,-2.34982271705201,False
1.9080000000000001,-2.328271303958225,5.349121935943629,0.3886519213106326,-2.34982271705201,-2.348645302437353,0.021551413093785055,0.02037399847912802,0.0024448798174953623,0.0005687433160733235,-0.18645774371974622,-0.18344412058617754,-0.18344412058617754,False,False,-0.1870339180407242,0.38397378066622606,-2.339070322203263,False
1.9100000000000001,-2.317535891033592,5.386262381017314,0.38397378066622606,-2.339070322203263,-2.339927115538621,0.02153443116967102,0.02239122450502906,0.0026869469406034874,0.0005956127854793583,-0.18462861892825683,-0.18134605920217398,-0.18134605920217398,False,False,-0.18561357199719358,0.37931720581890294,-2.3282874236615574,False
1.9120000000000001,-2.3067263692601743,5.423230587246337,0.37931720581890294,-2.3282874236615574,-2.326916723893627,0.021561054401383117,0.020190354633452756,0.0024228425560143306,0.0006198412110395016,-0.1827949654991564,-0.17975228173210256,-0.17975228173210256,False,False,-0.18344412058617754,0.374682413967593,-2.3173959256549574,False
1.9140000000000001,-2.295843084298726,5.460025372482368,0.374682413967593,-2.3173959256549574,-2.3171589975431943,0.02155284135623159,0.021315913244468465,0.002557909589336216,0.0006454203069328637,-0.18095684206797402,-0.17775351217170493,-0.17775351217170493,False,False,-0.18134605920217398,0.3700696049744263,-2.3064044965833457,False
1.9160000000000001,-2.2848863841687663,5.496645560122614,0.3700696049744263,-2.3064044965833457,-2.3075059166918197,0.02151811241457935,0.022619532523053376,0.002714343902766405,0.0006725637459605278,-0.1791143074131793,-0.17572739976445237,-0.17572739976445237,False,False,-0.17975228173210256,0.36547887090759745,-2.2953670334144363,False
1.9180000000000001,-2.2738566192374376,5.533089979147488,0.36547887090759745,-2.2953670334144363,-2.296701935554959,0.021510414176998616,0.02284531631752129,0.002741437958102555,0.0006999781255415534,-0.1772674204543002,-0.1738260043706561,-0.1738260043706561,False,False,-0.17775351217170493,0.36091038762825944,-2.2842416396690073,False
1.92,-2.2627541422083124,5.569357464158012,0.36091038762825944,-2.2842416396690073,-2.2840269113720932,0.021487497460694893,0.021272769163780847,0.0025527322996537014,0.0007255054485380903,-0.17541624025004132,-0.17213800250184952,-0.17213800250184952,False,False,-0.17572739976445237,0.3563643347898173,-2.2730264192210714,False
1.922,-2.2515793081101028,5.60544685541312,0.3563643347898173,-2.2730264192210714,-2.272584451702168,0.021447111110968642,0.021005143592065068,0.0025206172310478082,0.0007507116208485685,-0.17356082599639314,-0.17028949714449676,-0.17028949714449676,False,False,-0.1738260043706561,0.35184086395499203,-2.26173541741264,False
1.924,-2.2403324742853217,5.6413569988667085,0.35184086395499203,-2.26173541741264,-2.2652696042083336,0.021402943127318164,0.02493712992301189,0.002992455590761427,0.0007806361767561827,-0.17170123702474135,-0.16792814525722374,-0.16792814525722374,False,False,-0.17213800250184952,0.3473400803358249,-2.2503918095835647,False
1.926,-2.2290140003788417,5.6770867462045835,0.3473400803358249,-2.2503918095835647,-2.2530799569907285,0.021377809204722986,0.02406595661188682,0.002887914793426418,0.000809515324690447,-0.16983753279996716,-0.1661401026818503,-0.1661401026818503,False,False,-0.17028949714449676,0.3428621215970487,-2.2389793693881135,False
1.928,-2.2176242483264073,5.712634954881128,0.3428621215970487,-2.2389793693881135,-2.239741299275131,0.021355121061706228,0.022117050948723627,0.002654046113846835,0.0008360557858289153,-0.16796977291854825,-0.1644796710188725,-0.1644796710188725,False,False,-0.16792814525722374,0.33840723127974714,-2.227445158650789,False
1.93,-2.2061635823430485,5.748000488155893,0.33840723127974714,-2.227445158650789,-2.2247980360559247,0.021281576307740302,0.018634453712876198,0.0022361344455451436,0.0008584171302843667,-0.1660980171066506,-0.16300346553082107,-0.16300346553082107,False,False,-0.1661401026818503,0.33397553019700726,-2.2158505413699467,False
1.932,-2.194632368911446,5.783182215129897,0.33397553019700726,-2.2158505413699467,-2.216853553877452,0.02121817245850055,0.02222118496600567,0.0026665421959206803,0.0008850825522435735,-0.16422232521822056,-0.1606707004700563,-0.1606707004700563,False,False,-0.1644796710188725,0.32956711111211057,-2.2042095424483565,False
1.934,-2.1830309767702087,5.818179010781818,0.32956711111211057,-2.2042095424483565,-2.2034960500599,0.021178565678147798,0.020465073289691382,0.002455808794762966,0.0009096406401912032,-0.16234275723307035,-0.15897730779811617,-0.15897730779811617,False,False,-0.16300346553082107,0.32518202719169476,-2.192541960207913,False
1.936,-2.1713597769020714,5.852989756003978,0.32518202719169476,-2.192541960207913,-2.194443509451669,0.02118218330584165,0.023083732549597613,0.0027700479059517133,0.0009373411192507204,-0.1604593732549586,-0.15675198422975617,-0.15675198422975617,False,False,-0.1606707004700563,0.32082051038098625,-2.1807584053542413,False
1.938,-2.1596191425220512,5.887613337638088,0.32082051038098625,-2.1807584053542413,-2.180760817515613,0.02113926283219003,0.021141674993561566,0.0025370009992273877,0.0009627111292429942,-0.15857223350967115,-0.15507252138120076,-0.15507252138120076,False,False,-0.15897730779811617,0.3164826561911238,-2.16892709493122,False
1.94,-2.147809449065494,5.9220486485108985,0.3164826561911238,-2.16892709493122,-2.1689939383207477,0.02111764586572562,0.021184489255253514,0.0025421387106304215,0.0009881325163492985,-0.15668139834309214,-0.15315112711611242,-0.15315112711611242,False,False,-0.15675198422975617,0.31216867046926655,-2.1569928609286264,False
1.942,-2.1359310741760833,5.956294587469555,0.31216867046926655,-2.1569928609286264,-2.155329514998898,0.02106178675254311,0.0193984408228145,0.00232781289873774,0.001011410645336676,-0.1547869282192768,-0.15144770467520238,-0.15144770467520238,False,False,-0.15507252138120076,0.30787864249668306,-2.1450139862917323,False
1.944,-2.1239843976937594,5.990350059416833,0.30787864249668306,-2.1450139862917323,-2.1473553784580974,0.021029588597972992,0.02337098076433808,0.002804517691720569,0.0010394558222538816,-0.15288888371851714,-0.1490449102045427,-0.1490449102045427,False,False,-0.15315112711611242,0.3036127112334285,-2.13296563162728,False
1.946,-2.1119698016425645,6.024213975346167,0.3036127112334285,-2.13296563162728,-2.133048901211213,0.020995829984715275,0.021079099568648285,0.0025294919482377943,0.0010647507417362596,-0.15098732553540328,-0.14739308284542924,-0.14739308284542924,False,False,-0.15144770467520238,0.29937096846873207,-2.120871382348199,False
1.948,-2.0998876702184446,6.057885252376445,0.29937096846873207,-2.120871382348199,-2.124267942248281,0.020983712129754473,0.02438027202983628,0.0029256326435803536,0.0010940070681720632,-0.1490823144768854,-0.145062674765133,-0.145062674765133,False,False,-0.1490449102045427,0.29515365143083583,-2.1086585189481264,False
1.95,-2.0877383897769435,6.0913628137866676,0.29515365143083583,-2.1086585189481264,-2.108462566878983,0.02092012917118291,0.020724177102039665,0.0024869012522447595,0.0011188760806945107,-0.14717391146032652,-0.14356813412738725,-0.14356813412738725,False,False,-0.14739308284542924,0.2909608374879455,-2.0964069714451754,False
1.952,-2.075522348820866,6.1246455890503535,0.2909608374879455,-2.0964069714451754,-2.095107241951712,0.020884622624309568,0.019584893130846215,0.002350187175701546,0.0011423779524515263,-0.1452621775115566,-0.14176961238340352,-0.14176961238340352,False,False,-0.145062674765133,0.2867927452521287,-2.0840461179083816,False
1.954,-2.0632399379878446,6.157732513869779,0.2867927452521287,-2.0840461179083816,-2.083712985782693,0.020806179920537016,0.020473047794848487,0.0024567657353818185,0.0011669456098053444,-0.14334717376292022,-0.13972346241773306,-0.13972346241773306,False,False,-0.14356813412738725,0.2826494159019936,-2.071664675067565,False
1.956,-2.0508915500378464,6.190622530210031,0.2826494159019936,-2.071664675067565,-2.0703932978186965,0.02077312502971873,0.01950174778085012,0.0023402097337020143,0.0011903477071423646,-0.141428961451321,-0.13789840401047662,-0.13789840401047662,False,False,-0.14176961238340352,0.2785309538169186,-2.059231042537503,False
1.958,-2.038477579840624,6.223314586332804,0.2785309538169186,-2.059231042537503,-2.0681459708881142,0.020753462696879055,0.029668391047490417,0.00356020692569885,0.001225949776399353,-0.1395076019162653,-0.1347214452141671,-0.1347214452141671,False,False,-0.13972346241773306,0.2744375140819958,-2.046719867461404,False
1.96,-2.025998424363074,6.255807636830073,0.2744375140819958,-2.046719867461404,-2.047336730805603,0.020721443098330017,0.02133830644252921,0.002560596773103505,0.001251555744130388,-0.13758315659789838,-0.1337710040806645,-0.1337710040806645,False,False,-0.13789840401047662,0.27036920378095075,-2.0341551505225124,False
1.962,-2.0134544826565572,6.288100642657485,0.27036920378095075,-2.0341551505225124,-2.0363101352234594,0.020700667865955147,0.02285565256690214,0.0027426783080282567,0.0012789825272106706,-0.13565568703504188,-0.13163402619980297,-0.13163402619980297,False,False,-0.1347214452141671,0.2663264119074398,-2.021395936755475,False
1.964,-2.0008461558441324,6.320192571167604,0.2663264119074398,-2.021395936755475,-2.0180607837784494,0.02054978091134263,0.01721462793431705,0.002065755352118046,0.001299640080731851,-0.13372525486322506,-0.13035985943037517,-0.13035985943037517,False,False,-0.1337710040806645,0.2623090569472304,-2.0086774801046974,False
1.966,-1.9881738471077206,6.352082396142945,0.2623090569472304,-2.0086774801046974,-2.0127219583963365,0.020503632996976773,0.024548111288615893,0.002945773354633907,0.00132909781427819,-0.13179192181271265,-0.12751705064380056,-0.12751705064380056,False,False,-0.13163402619980297,0.25831730674231657,-1.9958751024569135,False
1.968,-1.9754379616752316,6.383769097828756,0.25831730674231657,-1.9958751024569135,-1.9972620781733912,0.020437140781681906,0.02182411649815963,0.0026188939797791556,0.0013552867540759816,-0.12985574970653366,-0.12588156897267852,-0.12588156897267852,False,False,-0.13035985943037517,0.2543511466173834,-1.9830800624665876,False
1.97,-1.9626389068075838,6.415251662965662,0.2543511466173834,-1.9830800624665876,-1.982709787142904,0.02044115565900384,0.02007088033532023,0.0024085056402384274,0.001379371810478366,-0.12791680045850123,-0.12412892300778444,-0.12412892300778444,False,False,-0.12751705064380056,0.2504108905311713,-1.970128043106021,False
1.972,-1.9497770917857,6.446529084822043,0.2504108905311713,-1.970128043106021,-1.9734841227653501,0.020350951320321053,0.0237070309796501,0.002844843717558012,0.0014078202476539461,-0.1259751360712355,-0.12172247210602355,-0.12172247210602355,False,False,-0.12588156897267852,0.24649659617733186,-1.957147176919739,False
1.974,-1.9368529278974107,6.477600363226228,0.24649659617733186,-1.957147176919739,-1.9541815066977701,0.020294249022328348,0.01732857880035943,0.0020794294560431315,0.0014286145422143775,-0.12403081863417968,-0.12052277463592218,-0.12052277463592218,False,False,-0.12412892300778444,0.24260834514939772,-1.9441255139670723,False
1.976,-1.9238668284242975,6.508464504598503,0.24260834514939772,-1.9441255139670723,-1.944518515610152,0.02025868554277488,0.02065168718585464,0.0024782024623025566,0.001453396566837403,-0.12208391032161385,-0.11815231129247389,-0.11815231129247389,False,False,-0.12172247210602355,0.23874635505027783,-1.9309950495599455,False
1.978,-1.91081920862849,6.539120521982845,0.23874635505027783,-1.9309950495599455,-1.9303871136891857,0.020175840931455413,0.019567905060695612,0.0023481486072834735,0.0014768780529102377,-0.12013447339066871,-0.116309446730475,-0.116309446730475,False,False,-0.12052277463592218,0.234910588397206,-1.9178833265359172,False
1.98,-1.897710485739374,6.569567435078519,0.234910588397206,-1.9178833265359172,-1.915947373750187,0.020172840796543134,0.018236888010813024,0.002188426561297563,0.0014987623185232133,-0.11818257017933276,-0.11449538129951198,-0.11449538129951198,False,False,-0.11815231129247389,0.23110125327717215,-1.9046675600169158,False
1.982,-1.884541078940259,6.599804270271395,0.23110125327717215,-1.9046675600169158,-1.9069969197656405,0.02012648107665682,0.022455840825381435,0.0026947008990457723,0.001525709327513671,-0.1162282631044605,-0.11200785287790105,-0.11200785287790105,False,False,-0.116309446730475,0.22731844501069146,-1.8914041332403528,False
1.984,-1.8713114093549716,6.629830060665097,0.22731844501069146,-1.8914041332403528,-1.8913587769694258,0.020092723885381192,0.020047367614454137,0.002405684113734496,0.001549766168651016,-0.11427161465977581,-0.1103161643773903,-0.1103161643773903,False,False,-0.11449538129951198,0.22356225183985462,-1.8780965854184235,False
1.986,-1.8580219000343807,6.659643846111931,0.22356225183985462,-1.8780965854184235,-1.8783116211423172,0.02007468538404278,0.020289721107936476,0.002434766532952377,0.0015741138339805398,-0.11231268741387279,-0.10830380704693987,-0.10830380704693987,False,False,-0.11200785287790105,0.2198329020594228,-1.8646748902159176,False
1.988,-1.8446729759428857,6.68924467324356,0.2198329020594228,-1.8646748902159176,-1.8641174980817143,0.020001914273031884,0.019444522138828635,0.002333342656659436,0.001597447260547134,-0.11035154400821687,-0.1064207540910103,-0.1064207540910103,False,False,-0.1103161643773903,0.21613045480599072,-1.8512236267160387,False
1.99,-1.831265063944808,6.718631595501526,0.21613045480599072,-1.8512236267160387,-1.8504199266428842,0.019958562771230648,0.019154862698076203,0.0022985835237691443,0.0016204330957848255,-0.10838824715513937,-0.10446923053558539,-0.10446923053558539,False,False,-0.10830380704693987,0.21245503571390262,-1.8377095460440505,False
1.992,-1.8177985927907585,6.747803673167485,0.21245503571390262,-1.8377095460440505,-1.8388453237399933,0.019910953253291952,0.021046730949234815,0.002525607713908178,0.0016456891729239073,-0.10642285963583431,-0.10225156274900223,-0.10225156274900223,False,False,-0.1064207540910103,0.20880674196008486,-1.8241468769088842,False
1.994,-1.804273993103919,6.776759973393271,0.20880674196008486,-1.8241468769088842,-1.8268149000042837,0.019872883804965324,0.02254090690036481,0.002704908828043777,0.001672738261204345,-0.1044554442983498,-0.10007779720910168,-0.10007779720910168,False,False,-0.10446923053558539,0.2051856839908558,-1.810528984614537,False
1.996,-1.7906916973662654,6.805499570230744,0.2051856839908558,-1.810528984614537,-1.8121386643690283,0.019837287248271496,0.02144696700276283,0.0025736360403315396,0.0016984746216076605,-0.10248606405557739,-0.0982139533936382,-0.0982139533936382,False,False,-0.10225156274900223,0.2015920267687922,-1.7968286110317888,False
1.998,-1.7770521399047556,6.8340215446613595,0.2015920267687922,-1.7968286110317888,-1.7996234375113211,0.01977647112703318,0.02257129760656551,0.002708555712787861,0.001725560178735539,-0.10051478188324259,-0.09608066599171919,-0.09608066599171919,False,False,-0.10007779720910168,0.19802592424985507,-1.7830512594685712,False
2.0,-1.76335575687742,6.8623249846256,0.19802592424985507,-1.7830512594685712,-1.785714076516509,0.01969550259115116,0.022358319639088853,0.002682998356690662,0.0017523901623024457,-0.09854166081788845,-0.09410627229889534,-0.09410627229889534,False,False,-0.0982139533936382,0.19448746380006698,-1.7692302248940512,False
2.0020000000000002,-1.7496029862594322,6.890408985052103,0.19448746380006698,-1.7692302248940512,-1.7707951531899295,0.019627238634619015,0.021192166930497303,0.0025430600316596764,0.0017778207626190424,-0.09656676395486208,-0.09224588316058335,-0.09224588316058335,False,False,-0.09608066599171919,0.19097678824632455,-1.7553377768712104,False
2.004,-1.7357942678290965,6.91827264788662,0.19097678824632455,-1.7553377768712104,-1.7534381800126098,0.019543509042113882,0.017643912183513244,0.002117269462021589,0.0017989934572392582,-0.09459015444629601,-0.09067389152703516,-0.09067389152703516,False,False,-0.09410627229889534,0.1874940055731114,-1.7413913366065734,False
2.0060000000000002,-1.721930043153775,6.945915082120755,0.1874940055731114,-1.7413913366065734,-1.7411341270515661,0.019461293452798456,0.019204083897791158,0.002304490067734939,0.0018220383579166076,-0.09261189549908744,-0.08848536707343589,-0.08848536707343589,False,False,-0.09224588316058335,0.18403919870529986,-1.7274034339057809,False
2.008,-1.7080107555757946,6.973335403820394,0.18403919870529986,-1.7274034339057809,-1.7312896333335692,0.019392678329986257,0.023278877757774596,0.0027934653309329514,0.001849973011225937,-0.09063205037288102,-0.08598861203072214,-0.08598861203072214,False,False,-0.09067389152703516,0.18061238926586098,-1.713404719719434,False
2.0100000000000002,-1.6940368501982295,7.000532736154061,0.18061238926586098,-1.713404719719434,-1.712611254263197,0.019367869521204506,0.018574404064967576,0.002228928487796109,0.001872262296103898,-0.08865068237803986,-0.08454949159413985,-0.08454949159413985,False,False,-0.08848536707343589,0.1772137277416671,-1.699330762096944,False
2.012,-1.6800087738707137,7.027506209420863,0.1772137277416671,-1.699330762096944,-1.6995176170097221,0.019321988226230324,0.01950884313900847,0.0023410611766810164,0.0018956729078707082,-0.08666785487362788,-0.08243112078907616,-0.08243112078907616,False,False,-0.08598861203072214,0.1738434275085231,-1.6851501165719973,False
2.0140000000000002,-1.6659269751751125,7.0542549610783745,0.1738434275085231,-1.6851501165719973,-1.68780456455119,0.019223141396884857,0.021877589376077644,0.0026253107251293173,0.0019219260151220013,-0.08468363126537792,-0.08013639452512661,-0.08013639452512661,False,False,-0.08454949159413985,0.17050147812842437,-1.670974690049371,False
2.016,-1.6517919044112046,7.080778135770174,0.17050147812842437,-1.670974690049371,-1.6680445991028954,0.019182785638166333,0.016252694691690772,0.0019503233630028926,0.0019414292487520302,-0.08269807500366816,-0.07880632239191324,-0.07880632239191324,False,False,-0.08243112078907616,0.16718801151274681,-1.6567333078387823,False
2.0180000000000002,-1.6376040135822654,7.107074885353226,0.16718801151274681,-1.6567333078387823,-1.6573076075612738,0.019129294256516882,0.01970359397900845,0.0023644312774810136,0.00196507356152684,-0.08071124958149045,-0.0763817447424826,-0.0763817447424826,False,False,-0.08013639452512661,0.16390319505143283,-1.64240823065699,False
2.02,-1.623363756380628,7.133144368924975,0.16390319505143283,-1.64240823065699,-1.6457497107883663,0.019044474276362022,0.022385954407738273,0.0026863145289285927,0.001991936706816126,-0.07872321853242231,-0.07404496729667759,-0.07404496729667759,False,False,-0.07880632239191324,0.16064699229621673,-1.6281013776080486,False
2.0220000000000002,-1.6090715881731592,7.158985752850262,0.16064699229621673,-1.6281013776080486,-1.6300702802418627,0.01902978943488942,0.02099869206870353,0.002519843048244423,0.0020171351372985703,-0.07673404542859283,-0.07219706724304983,-0.07219706724304983,False,False,-0.0763817447424826,0.15741959638834194,-1.613697953937396,False
2.024,-1.5947279659867153,7.184598210787954,0.15741959638834194,-1.613697953937396,-1.613864555358566,0.01896998795068061,0.0191365893718507,0.002296390724622084,0.002040099044544791,-0.07474379387865246,-0.07040730410948559,-0.07040730410948559,False,False,-0.07404496729667759,0.15422117996044815,-1.5992082139468975,False
2.0260000000000002,-1.5803333484935074,7.2099809237174055,0.15422117996044815,-1.5992082139468975,-1.599090464518753,0.01887486545339012,0.018757116025245546,0.0022508539230294655,0.0020626075837750857,-0.07275252752573583,-0.06843906601893128,-0.06843906601893128,False,False,-0.07219706724304983,0.15105181137670284,-1.5846842918726525,False
2.028,-1.5658881959964648,7.2351330799645925,0.15105181137670284,-1.5846842918726525,-1.5830376948848102,0.01879609587618769,0.017149498888345382,0.002057939866601446,0.0020831869824411,-0.0707603100454311,-0.06661918319638854,-0.06661918319638854,False,False,-0.07040730410948559,0.147911546075877,-1.5701326504129143,False
2.0300000000000002,-1.5513929704144696,7.260053875228148,0.147911546075877,-1.5701326504129143,-1.5692454133771274,0.018739679998444725,0.017852442962657866,0.002142293155518944,0.0021046099139962896,-0.06876720514373741,-0.06452030207422217,-0.06452030207422217,False,False,-0.06843906601893128,0.14480047625982903,-1.5555349080239889,False
2.032,-1.5368481352676397,7.284742512604987,0.14480047625982903,-1.5555349080239889,-1.5522952892614472,0.018686772756349113,0.015447153993807472,0.0018536584792568965,0.0021231464987888585,-0.06677327655503493,-0.06279647157698917,-0.06279647157698917,False,False,-0.06661918319638854,0.14171866205129244,-1.540907104268292,False
2.0340000000000003,-1.5222541556624596,7.309198202615876,0.14171866205129244,-1.540907104268292,-1.5393659669136261,0.018652948605832442,0.017111811251166564,0.002053417350139988,0.0021436806722902584,-0.06477858804004058,-0.06058149001761033,-0.06058149001761033,False,False,-0.06452030207422217,0.13866622133412446,-1.5262203585839933,False
2.036,-1.50761149827694,7.333420163230617,0.13866622133412446,-1.5262203585839933,-1.5233153381197362,0.018608860307053332,0.01570383984279622,0.0018844607811355461,0.002162525280101614,-0.06278320338377352,-0.058736217322536366,-0.058736217322536366,False,False,-0.06279647157698917,0.13564319216084775,-1.5115145866383501,False
2.0380000000000003,-1.4929206313456724,7.357407619893092,0.13564319216084775,-1.5115145866383501,-1.511885582756747,0.01859395529267771,0.01896495141107457,0.0022757941693289483,0.0021852832217949033,-0.06078718639351233,-0.05632610900238848,-0.05632610900238848,False,False,-0.06058149001761033,0.1326497150124015,-1.4967385742231198,False
2.04,-1.478182024644875,7.3811598055460035,0.1326497150124015,-1.4967385742231198,-1.499082443320658,0.01855654957824493,0.020900418675783072,0.0025080502410939685,0.0022103637242058428,-0.05879060089675728,-0.05407218693145747,-0.05407218693145747,False,False,-0.058736217322536366,0.12968585140853162,-1.4819318019349452,False
2.0420000000000003,-1.4633961494773522,7.404675960655435,0.12968585140853162,-1.4819318019349452,-1.4799025251216151,0.018535652457593033,0.01650637564426294,0.0019807650773115523,0.0022301713749789585,-0.05679351073918679,-0.05258257428689628,-0.05258257428689628,False,False,-0.05632610900238848,0.12675178046891872,-1.4670354698064494,False
2.044,-1.4485634786574417,7.427955333235103,0.12675178046891872,-1.4670354698064494,-1.4686347893693057,0.01847199114900766,0.020071310711863966,0.002408557285423676,0.0022542569478331952,-0.0547959797826183,-0.050133165549361425,-0.050133165549361425,False,False,-0.05407218693145747,0.1238476466387873,-1.4520669150657022,False
2.0460000000000003,-1.433684486495875,7.45099717887044,0.1238476466387873,-1.4520669150657022,-1.4552494754732814,0.01838242856982708,0.02156498897740633,0.0025877986772887595,0.0022801349346060827,-0.05279807190296332,-0.04793013829106847,-0.04793013829106847,False,False,-0.05258257428689628,0.12097343272946,-1.437106954663655,False
2.048,-1.418759648784639,7.473800760742352,0.12097343272946,-1.437106954663655,-1.436392235642559,0.018347305879016007,0.017632586857919907,0.0021159104229503886,0.0023012940388355864,-0.050799850988188844,-0.046382646526402865,-0.046382646526402865,False,False,-0.050133165549361425,0.11812932272196422,-1.4220550037478914,False
2.05,-1.4037894427817228,7.496365349650839,0.11812932272196422,-1.4220550037478914,-1.4215081211617333,0.018265560966168604,0.01771867838001051,0.0021262414056012614,0.002322556452891599,-0.048801380936269095,-0.04435258307777623,-0.04435258307777623,False,False,-0.04793013829106847,0.11531544698259967,-1.406937869682275,False
2.052,-1.3887743471958847,7.518690224038277,0.11531544698259967,-1.406937869682275,-1.4064390067898602,0.018163522486390304,0.017664659593975562,0.0021197591512770674,0.00234375404440437,-0.04680272565314608,-0.042339212457464644,-0.042339212457464644,False,False,-0.046382646526402865,0.11253179717573841,-1.3918249034306307,False
2.054,-1.3737148421713474,7.540774670012473,0.11253179717573841,-1.3918249034306307,-1.3909557972749045,0.018110061259283272,0.017240955103557054,0.0020689146124268465,0.0023644431905286384,-0.0448039490506866,-0.04037059124773112,-0.04037059124773112,False,False,-0.04435258307777623,0.1097784661076189,-1.3766655340597513,False
2.056,-1.358611409272418,7.562617981369547,0.1097784661076189,-1.3766655340597513,-1.3761052153150255,0.01805412478733337,0.01749380604260753,0.0020992567251129036,0.0023854357577797673,-0.042805115044634606,-0.03832042256174194,-0.03832042256174194,False,False,-0.042339212457464644,0.1070555420687486,-1.361462019435159,False
2.058,-1.343464531468115,7.584219459616463,0.1070555420687486,-1.361462019435159,-1.3579695239174734,0.017997487967043924,0.014504992449358323,0.0017405990939229987,0.002402841748718997,-0.040806287552571346,-0.03666284670992935,-0.03666284670992935,False,False,-0.04037059124773112,0.10436310300851544,-1.346219530116575,False
2.06,-1.3282746931167049,7.605578413993407,0.10436310300851544,-1.346219530116575,-1.3420031071511669,0.01794483699987004,0.013728414034462011,0.0016474096841354413,0.0024193158455603513,-0.038807530491868525,-0.03474080496217273,-0.03474080496217273,False,False,-0.03832042256174194,0.10170124309536716,-1.330929956574139,False
2.062,-1.313042379950231,7.626694161495836,0.10170124309536716,-1.330929956574139,-1.332542129014311,0.01788757662390794,0.019499749064079808,0.0023399698876895767,0.0024427155444372473,-0.03680890777764684,-0.032026222345520015,-0.032026222345520015,False,False,-0.03666284670992935,0.09906997325380319,-1.315634920781983,False
2.064,-1.2977680790589632,7.647566026896357,0.09906997325380319,-1.315634920781983,-1.316126967713258,0.01786684172301989,0.018358888654294914,0.0022030666385153895,0.002464746210822401,-0.03481048332072964,-0.03014267047139185,-0.03014267047139185,False,False,-0.03474080496217273,0.09646935966722907,-1.3003067932870611,False
2.066,-1.2824522788758403,7.6681933427662825,0.09646935966722907,-1.3003067932870611,-1.300635659021409,0.017854514411220768,0.01818338014556864,0.0021820056174682366,0.0024865662669970832,-0.032812321025601915,-0.028143749141136595,-0.028143749141136595,False,False,-0.032026222345520015,0.09389963374906042,-1.2848629590843237,False
2.068,-1.2670954691608323,7.688575449497008,0.09389963374906042,-1.2848629590843237,-1.2814925208411012,0.01776748992349142,0.014397051680268946,0.0017276462016322736,0.002503842729013406,-0.03081448478836396,-0.02658299585771828,-0.02658299585771828,False,False,-0.03014267047139185,0.09136085035132417,-1.2693916988681226,False
2.07,-1.2516981409852985,7.708711695321074,0.09136085035132417,-1.2693916988681226,-1.2654953085812521,0.017693557882824118,0.013797167595953619,0.0016556601115144342,0.0025203993301285504,-0.028817038494691,-0.024640979053048014,-0.024640979053048014,False,False,-0.028143749141136595,0.08885308788132995,-1.253881234997111,False
2.072,-1.2362607867162625,7.728601436333037,0.08885308788132995,-1.253881234997111,-1.2509470215912895,0.01762044828084841,0.01468623487502696,0.0017623481850032351,0.002538022811978583,-0.02682004601778712,-0.0225196750208053,-0.0225196750208053,False,False,-0.02658299585771828,0.08637633213228577,-1.2383778745220906,False
2.074,-1.2207839000006966,7.748244036510023,0.08637633213228577,-1.2383778745220906,-1.240770301631572,0.017593974521393996,0.019986401630875505,0.0023983681957050608,0.0025620064939356336,-0.024823571216346846,-0.01986319652670615,-0.01986319652670615,False,False,-0.024640979053048014,0.08393064888994038,-1.2228416211726922,False
2.076,-1.2052679757497025,7.767638867732109,0.08393064888994038,-1.2228416211726922,-1.2215250457634699,0.01757364542298978,0.016257070013767416,0.0019508484016520899,0.0025815149779521546,-0.02282767793250856,-0.018295314552904316,-0.018295314552904316,False,False,-0.0225196750208053,0.08151614075946974,-1.2072540652353208,False
2.078,-1.1897135101227132,7.786785309802373,0.08151614075946974,-1.2072540652353208,-1.2090647716461416,0.017540555112607548,0.019351261523428365,0.002322151382811404,0.0026047364917802687,-0.0208324299898167,-0.015905542115225026,-0.015905542115225026,False,False,-0.01986319652670615,0.07913302128328285,-1.1915597380934393,False
2.08,-1.1741210005116074,7.805682750466751,0.07913302128328285,-1.1915597380934393,-1.1891174197279517,0.017438737581831898,0.014996419216344314,0.0017995703059613176,0.002622732194839882,-0.01883789119117811,-0.014415588690376912,-0.014415588690376912,False,False,-0.018295314552904316,0.07678127370474089,-1.1758737892709805,False
2.082,-1.1584909455248225,7.824330585433594,0.07678127370474089,-1.1758737892709805,-1.1776715571019603,0.01738284374615806,0.019180611577137796,0.0023016733892565356,0.0026457489287324476,-0.016844125316824388,-0.011896702998835405,-0.011896702998835405,False,False,-0.015905542115225026,0.074461053554802,-1.1601100749694477,False
2.084,-1.1428238449713897,7.842728218393012,0.074461053554802,-1.1601100749694477,-1.1609867093932964,0.017286229998058067,0.018162864421906733,0.002179543730628808,0.0026675443660387358,-0.014851196122269594,-0.010004108025602051,-0.010004108025602051,False,False,-0.014415588690376912,0.07217232623302343,-1.1443636608892829,False
2.086,-1.1271201998449734,7.860875061035926,0.07217232623302343,-1.1443636608892829,-1.145348900405862,0.017243461044309516,0.018228700560888544,0.0021874440673066253,0.0026894188067118022,-0.012859167336274277,-0.007982304462255849,-0.007982304462255849,False,False,-0.011896702998835405,0.06991527297715742,-1.128526627933004,False
2.088,-1.111380512307829,7.878770533072894,0.06991527297715742,-1.128526627933004,-1.1261339550650233,0.017146115625174874,0.014753442757194257,0.0017704131308633108,0.0027071229380204354,-0.010868102658804918,-0.006390566589921171,-0.006390566589921171,False,False,-0.010004108025602051,0.06768994188761368,-1.1126655447718723,False
2.09,-1.095605285674766,7.89641406225265,0.06768994188761368,-1.1126655447718723,-1.112396949175013,0.01706025909710629,0.016791663500246967,0.002014999620029636,0.002727272934220732,-0.008878065758999576,-0.004135793204749208,-0.004135793204749208,False,False,-0.007982304462255849,0.06549640759221488,-1.0967671476994028,False
2.092,-1.0797950243970305,7.913805084380433,0.06549640759221488,-1.0967671476994028,-1.093941669792209,0.0169721233023723,0.014146645395178625,0.0016975974474214349,0.002744248908694946,-0.006889120273129004,-0.0024472739170126236,-0.0024472739170126236,False,False,-0.006390566589921171,0.06333465384286034,-1.0808768746772701,False
2.094,-1.0639502340462037,7.930943043335985,0.06333465384286034,-1.0808768746772701,-1.0821064915603549,0.016926640631066414,0.018156257514151175,0.0021787509016981408,0.0027660364177119275,-0.004901329802565579,4.34575168444893e-05,4.34575168444893e-05,False,False,-0.004135793204749208,0.061204803409321766,-1.0649252167692893,False
2.096,-1.0480714212980007,7.947827391091377,0.061204803409321766,-1.0649252167692893,-1.0662846250874751,0.016853795471288624,0.01821320378947444,0.002185584454736933,0.002787892262259297,-0.002914757911745086,0.0020587188052511437,0.0020587188052511437,False,False,-0.0024472739170126236,0.05910685913842764,-1.0489721354470616,False
2.098,-1.032159093916098,7.964457587728506,0.05910685913842764,-1.0489721354470616,-1.0499515793294223,0.016813041530963524,0.017792485413324233,0.0021350982495989077,0.002809243244755286,-0.000929468126137728,0.0040148733682164655,0.0040148733682164655,False,False,4.34575168444893e-05,0.057040991828465094,-1.032933654981275,False
2.1,-1.0162137607358743,7.980833101456377,0.057040991828465094,-1.032933654981275,-1.0361237461190222,0.016719894245400768,0.01990998538314792,0.0023891982459777503,0.0028331352272150633,0.001054476069785898,0.006276809542978712,0.006276809542978712,False,False,0.0020587188052511437,0.05500727083688457,-1.0168604957902598,False
2.102,-1.0002359316481584,7.996953408628092,0.05500727083688457,-1.0168604957902598,-1.0139723470829038,0.01662456414210145,0.013736415434745464,0.0016483698521694557,0.002849618925736758,0.00303701123458254,0.007535000012488754,0.007535000012488754,False,False,0.0040148733682164655,0.05300575238174373,-1.0007592275704225,False
2.104,-0.9842261175829056,8.012817993757611,0.05300575238174373,-1.0007592275704225,-1.0018053980313792,0.016533109987516892,0.017579280448473678,0.0021095136538168413,0.0028707140622749264,0.0050180739718672235,0.009998301687958991,0.009998301687958991,False,False,0.006276809542978712,0.05103655609355973,-0.9845981440919973,False
2.106,-0.9681848304928778,8.028426349536222,0.05103655609355973,-0.9845981440919973,-0.9865471320049999,0.01641331359911946,0.018362301512122037,0.0022034761814546445,0.002892748824089473,0.006997600932338338,0.012093825937882455,0.012093825937882455,False,False,0.007535000012488754,0.04909959010393055,-0.968482994814593,False
2.108,-0.9521125833372543,8.043777976848776,0.04909959010393055,-0.968482994814593,-0.9686190219293574,0.016370411477338642,0.0165064385921031,0.0019807726310523723,0.0029125565503999966,0.008975528815805663,0.013868857997258031,0.013868857997258031,False,False,0.009998301687958991,0.047195015903989695,-0.9522870999704264,False
2.11,-0.9360098900652473,8.058872384789636,0.047195015903989695,-0.9522870999704264,-0.9523740904944765,0.016277209905179113,0.01636420042922926,0.001963704051507511,0.0029321935909150717,0.010951794373212122,0.015847692015634705,0.015847692015634705,False,False,0.012093825937882455,0.04532291619714464,-0.93604985342253,False
2.112,-0.919877265599645,8.073709090678388,0.04532291619714464,-0.93604985342253,-0.9340965235559184,0.016172587822885,0.014219257956273434,0.0017063109547528121,0.0029492567004625997,0.012926334408659097,0.01758190206387451,0.01758190206387451,False,False,0.013868857997258031,0.043483305666727826,-0.9198052652084061,False
2.114,-0.9037152258203764,8.088287620075254,0.043483305666727826,-0.9198052652084061,-0.9240160169772328,0.016090039388029664,0.020300791156856346,0.0024360949388227615,0.0029736176498508272,0.014899085781423564,0.020308798370097154,0.020308798370097154,False,False,0.015847692015634705,0.0416762415106622,-0.9035320780328098,False
2.116,-0.8875242875479787,8.102607506796295,0.0416762415106622,-0.9035320780328098,-0.9014466406734079,0.01600779048483103,0.01392235312542911,0.001670682375051493,0.002990324473601342,0.01686998540798152,0.021530992256634355,0.021530992256634355,False,False,0.01758190206387451,0.03990172907395055,-0.8872562183558272,False
2.118,-0.8713049685271019,8.116668292928283,0.03990172907395055,-0.8872562183558272,-0.8868024379606005,0.01595124982872531,0.015497469433498612,0.0018596963320198334,0.0030089214369215405,0.01883897026402146,0.023707588032962836,0.023707588032962836,False,False,0.020308798370097154,0.0381599815107585,-0.8708737815960258,False
2.12,-0.8550577874099285,8.130469528843381,0.0381599815107585,-0.8708737815960258,-0.8711824176650157,0.01581599418609725,0.016124630255087147,0.0019349556306104574,0.003028270993227645,0.020805977386462705,0.025769204010300806,0.025769204010300806,False,False,0.021530992256634355,0.03645089454813952,-0.8545434813094923,False
2.122,-0.8387832637396102,8.144010773213482,0.03645089454813952,-0.8545434813094923,-0.8531151041431526,0.015760217569882107,0.014331840403542406,0.0017198208484250886,0.003045469201711896,0.022770943875466028,0.02753623392560301,0.02753623392560301,False,False,0.023707588032962836,0.03477456491066715,-0.8381648187361871,False
2.124,-0.8224819179336329,8.157291593024361,0.03477456491066715,-0.8381648187361871,-0.8359101575041317,0.01568290080255419,0.013428239570498768,0.001611388748459852,0.003061583089196495,0.024733806896447816,0.02940677873410416,0.02940677873410416,False,False,0.025769204010300806,0.033131064182873496,-0.8217503638968252,False
2.126,-0.8061542712671957,8.17031156358948,0.033131064182873496,-0.8217503638968252,-0.8237281477555478,0.015596092629629466,0.01757387648835207,0.002108865178602248,0.0030826717409825175,0.02669450368208663,0.0318860406016714,0.0318860406016714,False,False,0.02753623392560301,0.031520401476178884,-0.8053313533473068,False
2.128,-0.7898008458565193,8.183070268563617,0.031520401476178884,-0.8053313533473068,-0.8052348990968489,0.015530507490787437,0.015434053240329537,0.0018520863888395443,0.003101192604870913,0.028652971534333452,0.03360625052804391,0.03360625052804391,False,False,0.02940677873410416,0.029942607477795716,-0.7888969991915847,False
2.13,-0.7734221646421822,8.195567299956119,0.029942607477795716,-0.7888969991915847,-0.7918045122675121,0.015474834549402572,0.018382347625329976,0.002205881715039597,0.003123251422021309,0.03060914782641249,0.035938280963473394,0.035938280963473394,False,False,0.0318860406016714,0.028397840002574327,-0.7723837376106939,False
2.132,-0.7570187513723512,8.207802258144019,0.028397840002574327,-0.7723837376106939,-0.7749922202370231,0.015364986238342704,0.017973468864671882,0.002156816263760626,0.003144819584658915,0.032562970004829814,0.037864605853249356,0.037864605853249356,False,False,0.03360625052804391,0.02688609618539891,-0.7558719085877083,False
2.134,-0.7405911305860886,8.21977475188475,0.02688609618539891,-0.7558719085877083,-0.7598520347789754,0.015280778001619644,0.01926090419288684,0.002311308503146421,0.003167932669690379,0.03451437559136733,0.039993616764204126,0.039993616764204126,False,False,0.035938280963473394,0.025407501307508695,-0.7392974389451084,False
2.136,-0.7241398275965306,8.231484398328698,0.025407501307508695,-0.7392974389451084,-0.7371741313109169,0.015157611348577738,0.013034303714386297,0.0015641164457263555,0.0031835738341476428,0.036463302185087004,0.041210992464961,0.041210992464961,False,False,0.037864605853249356,0.023962094318362992,-0.7227034945728513,False
2.138,-0.7076653684741222,8.242930823031427,0.023962094318362992,-0.7227034945728513,-0.7223496184600628,0.015038126098729121,0.014684249985940645,0.0017621099983128772,0.0032011949341307715,0.03840968746432352,0.043372992396767174,0.043372992396767174,False,False,0.039993616764204126,0.022549956181565956,-0.706069068398518,False
2.14,-0.6911682800297717,8.254113659965661,0.022549956181565956,-0.706069068398518,-0.7048430520239121,0.01490078836874631,0.013674771994140356,0.0016409726392968426,0.00321760466052374,0.040353469188682094,0.045212046488502675,0.045212046488502675,False,False,0.041210992464961,0.02117097607476994,-0.6894900533980067,False
2.142,-0.6746490897980256,8.265032551532977,0.02117097607476994,-0.6894900533980067,-0.6879673421410484,0.014840963599981105,0.013318252343022752,0.0015981902811627302,0.003233586563335367,0.042294585201030806,0.047126362045528905,0.047126362045528905,False,False,0.043372992396767174,0.01982524219771199,-0.6728669385289764,False
2.144,-0.6581083260201782,8.275687148575253,0.01982524219771199,-0.6728669385289764,-0.6767839510475505,0.014758612508798175,0.0186756250273723,0.002241075003284676,0.003255997313368214,0.04423297342949903,0.04973004574615192,0.04973004574615192,False,False,0.045212046488502675,0.018512774155837613,-0.6562340209371881,False
2.146,-0.6415465176274009,8.286077110385822,0.018512774155837613,-0.6562340209371881,-0.6576157880502184,0.014687503309787187,0.016069270422817472,0.0019283124507380965,0.003275280437875595,0.04616857188947661,0.0513721647780903,0.0513721647780903,False,False,0.047126362045528905,0.01723360709876735,-0.6395835285351317,False
2.148,-0.624964194223805,8.296202104720383,0.01723360709876735,-0.6395835285351317,-0.6374764596256761,0.01461933431132667,0.012512265401871114,0.0015014718482245337,0.0032902951563578402,0.0481013186856311,0.05289308569021347,0.05289308569021347,False,False,0.04973004574615192,0.01598792014299231,-0.6228434778875196,False
2.15,-0.60836188606954,8.306061807807598,0.01598792014299231,-0.6228434778875196,-0.6248773831755478,0.014481591817979589,0.016515497106007748,0.0019818596527209297,0.0033101137528850494,0.05003115201394599,0.05532312541955197,0.05532312541955197,False,False,0.0513721647780903,0.014775689084811531,-0.6061155290903907,False
2.152,-0.5917401240637874,8.315655904359481,0.014775689084811531,-0.6061155290903907,-0.6068275179456205,0.014375405026603283,0.015087393881833111,0.0018104872658199732,0.003328218625543249,0.05195801016382602,0.05709671605518924,0.05709671605518924,False,False,0.05289308569021347,0.013596864607791014,-0.5894122385102588,False
2.154,-0.5750994397278422,8.324984087581445,0.013596864607791014,-0.5894122385102588,-0.5917037703468738,0.014312798782416647,0.01660433061903166,0.0019925196742837993,0.003348143822286087,0.05388183152030436,0.059222495016874245,0.059222495016874245,False,False,0.05532312541955197,0.012451588306604897,-0.5726381505930584,False
2.156,-0.5584403651880655,8.334046059182139,0.012451588306604897,-0.5726381505930584,-0.5712593360093122,0.014197785404992946,0.012818970821246722,0.0015382764985496066,0.003363526587271583,0.05580255456648858,0.06070435765230977,0.06070435765230977,False,False,0.05709671605518924,0.01133986275925307,-0.5558627736759141,False
2.158,-0.5417634331589034,8.34284152938297,0.01133986275925307,-0.5558627736759141,-0.5581610316629516,0.014099340517010672,0.016397598504048205,0.0019677118204857844,0.0033832037054764407,0.05772011788644266,0.06307103341240489,0.06307103341240489,False,False,0.059222495016874245,0.010261764263423208,-0.5390492479149309,False
2.16,-0.525069176925828,8.351370216927384,0.010261764263423208,-0.5390492479149309,-0.5384456898661981,0.013980070989102922,0.013376512940370122,0.0016051815528444146,0.003399255521004885,0.05963446016895179,0.06463889724280109,0.06463889724280109,False,False,0.06070435765230977,0.009217233442321967,-0.5222654105506201,False
2.162,-0.5083581303283055,8.359631849089839,0.009217233442321967,-0.5222654105506201,-0.5235835596448021,0.013907280222314689,0.01522542931649662,0.0018270515179795942,0.003417526036184681,0.06154552021299954,0.06679009776716381,0.06679009776716381,False,False,0.06307103341240489,0.008206396851261162,-0.505418295530403,False
2.164,-0.4916308277427043,8.367626161684552,0.008206396851261162,-0.505418295530403,-0.5058412342355227,0.013787467787698682,0.014210406492818461,0.0017052487791382152,0.003434578523976063,0.0634532369366212,0.06859306423973548,0.06859306423973548,False,False,0.06463889724280109,0.0072292123835116465,-0.4885922338747578,False
2.166,-0.4748878040652281,8.375352899073922,0.0072292123835116465,-0.4885922338747578,-0.4913344851296404,0.013704429809529683,0.016446681064412272,0.0019736017277294723,0.0034543145412533577,0.06535754939236321,0.07078546566134604,0.07078546566134604,False,False,0.06679009776716381,0.006285760545592493,-0.47172591895957705,False
2.168,-0.4581295946947878,8.382811814176728,0.006285760545592493,-0.47172591895957705,-0.47540592995426334,0.013596324264789239,0.017276335259475528,0.002073160231137063,0.003475046143564728,0.06725839679572025,0.07280660317042205,0.07280660317042205,False,False,0.06859306423973548,0.005376048038941902,-0.4548562533252954,False
2.17,-0.4413567355159146,8.390002668476003,0.005376048038941902,-0.4548562533252954,-0.45563465373749285,0.013499517809380801,0.014277918221578256,0.0017133501865893906,0.003492179645430622,0.06915571857902796,0.07436124841104796,0.07436124841104796,False,False,0.07078546566134604,0.00450016303872264,-0.437942500109631,False
2.172,-0.424569762881574,8.396925232026694,0.00450016303872264,-0.437942500109631,-0.43693242580007313,0.013372737228056986,0.012362662918499134,0.001483519550219896,0.003507014840932821,0.07104945449535857,0.07603998888651128,0.07603998888651128,False,False,0.07280660317042205,0.0036581568880756244,-0.42100307532350784,False
2.174,-0.40776921359607277,8.403579283462982,0.0036581568880756244,-0.42100307532350784,-0.42206317703828694,0.01323386172743507,0.014293963442214175,0.001715275613065701,0.003524167597063478,0.07293954482060297,0.07817898803073214,0.07817898803073214,False,False,0.07436124841104796,0.0028499826822816865,-0.40408710289696903,False
2.176,-0.39095562489784286,8.409964610005385,0.0028499826822816865,-0.40408710289696903,-0.40286344609527397,0.013131477999126173,0.011907821197431112,0.0014289385436917334,0.0035384569825003954,0.07482593074851854,0.07979332627471067,0.07979332627471067,False,False,0.07603998888651128,0.00207562001732138,-0.38718133248015335,False
2.178,-0.37412953444229635,8.416081007467552,0.00207562001732138,-0.38718133248015335,-0.38562526732061214,0.013051798037856999,0.01149573287831579,0.0013794879453978947,0.0035522518619543744,0.07670855516504327,0.08164029497239554,0.08164029497239554,False,False,0.07817898803073214,0.0013351450905657544,-0.37023746337781277,False
2.18,-0.357291480284609,8.42192828026279,0.0013351450905657544,-0.37023746337781277,-0.3691096886567542,0.012945983093203772,0.0118182083721452,0.001418185004657424,0.0035664337120009486,0.07858736416838423,0.0835719828850426,0.0835719828850426,False,False,0.07979332627471067,0.0006285233964085885,-0.3533108470785829,False
2.182,-0.3404420008625355,8.427506241410327,0.0006285233964085885,-0.3533108470785829,-0.35494019434860435,0.012868846216047392,0.014498193486068844,0.0017397832183282612,0.003583831544184231,0.08046231005596352,0.08578592481847601,0.08578592481847601,False,False,0.08164029497239554,-4.4230481910245137e-05,-0.33637693915941685,False
2.184,-0.3235816349791707,8.432814712541285,-4.4230481910245137e-05,-0.33637693915941685,-0.3354606348432082,0.012795304180246159,0.01187899986403751,0.0014254799836845012,0.0035980863440210763,0.0823333571974049,0.08735692352511047,0.08735692352511047,False,False,0.0835719828850426,-0.0006830843875709378,-0.31942695283034633,False
2.186,-0.3067109217857411,8.437853523904382,-0.0006830843875709378,-0.31942695283034633,-0.3201926378194803,0.012716031044605225,0.01348171603373921,0.0016178059240487051,0.0036142644032615633,0.0842004935872656,0.08943256391457587,0.08943256391457587,False,False,0.08578592481847601,-0.001287947425782028,-0.30243151910554505,False
2.188,-0.2898304007643402,8.442622514371365,-0.001287947425782028,-0.30243151910554505,-0.3016876040741928,0.012601118341204864,0.011857203309852626,0.001422864397182315,0.0036284930472333865,0.0860637535781601,0.0911151110225758,0.0911151110225758,False,False,0.08735692352511047,-0.0018588643574131596,-0.28545846581556583,False
2.19,-0.2729406117107121,8.447121531442159,-0.0018588643574131596,-0.28545846581556583,-0.28439491509052933,0.012517854104853732,0.011454303379817232,0.0013745164055780678,0.003642238211289167,0.08792326262613284,0.09294001724300008,0.09294001724300008,False,False,0.08943256391457587,-0.0023957738276154774,-0.26845473510115886,False
2.192,-0.2560420947169395,8.45135043124975,-0.0023957738276154774,-0.26845473510115886,-0.269170283784436,0.012412640384219353,0.01312818906749652,0.0015753826880995825,0.003657992038170163,0.08977932537928018,0.09501270010554994,0.09501270010554994,False,False,0.0911151110225758,-0.0028986975648215047,-0.25146186860301367,False
2.194,-0.23913539015423138,8.455309078564776,-0.0028986975648215047,-0.25146186860301367,-0.2495328967285308,0.012326478448782291,0.010397506574299414,0.0012477007889159298,0.003670469046059322,0.0916325991108724,0.09655076894584766,0.09655076894584766,False,False,0.09294001724300008,-0.0033676274361799856,-0.23446493567924045,False
2.196,-0.222221038655593,8.458997346799858,-0.0033676274361799856,-0.23446493567924045,-0.23850952828864339,0.012243897023647449,0.01628848963305038,0.0019546187559660454,0.0036900152336189827,0.0934844351621226,0.09912906915170763,0.09912906915170763,False,False,0.09501270010554994,-0.0038025038843466094,-0.217438224083312,False
2.198,-0.20529958109857221,8.462415118013645,-0.0038025038843466094,-0.217438224083312,-0.21416737514150236,0.012138642984739795,0.008867794042930144,0.0010641352851516173,0.003700656586470499,0.09533755092401053,0.10010234279563264,0.10010234279563264,False,False,0.09655076894584766,-0.004203380688900976,-0.2004384022771833,False
2.2,-0.1883715585879398,8.465562282914586,-0.004203380688900976,-0.2004384022771833,-0.19908693912902697,0.01206684368924349,0.010715380541087172,0.0012858456649304606,0.0037135150431198034,0.09719735120989803,0.1021967119179483,0.1021967119179483,False,False,0.09912906915170763,-0.004570094656627505,-0.18335698386326457,False
2.202,-0.1714375124384075,8.468438740864428,-0.004570094656627505,-0.18335698386326457,-0.1847661377086716,0.011919471424857081,0.0133286252702641,0.0015994350324316918,0.0037295093934441204,0.09907452175079823,0.10440346617667404,0.10440346617667404,False,False,0.10010234279563264,-0.004902823366251701,-0.1663643548120978,False
2.204,-0.15449798415729693,8.471044399881428,-0.004902823366251701,-0.1663643548120978,-0.16617213918020077,0.011866370654800867,0.011674155022903837,0.0014008986027484603,0.003743518379471605,0.10099010008272863,0.1061345170649487,0.1061345170649487,False,False,0.1021967119179483,-0.005201513293289709,-0.1493449635190041,False
2.206,-0.13755351542724487,8.4733791766433,-0.005201513293289709,-0.1493449635190041,-0.14889223487360648,0.011791448091759221,0.011338719446361611,0.0013606463335633933,0.003757124842807239,0.10298531401353947,0.1081030851899101,0.1081030851899101,False,False,0.10440346617667404,-0.005466099088966421,-0.1322928978383562,False
2.208,-0.12060464808885764,8.475442996489878,-0.005466099088966421,-0.1322928978383562,-0.13146886643717684,0.011688249749498572,0.010864218348319202,0.0013037062017983042,0.0037701619048252223,0.1051403751413579,0.11021424324798143,0.11021424324798143,False,False,0.1061345170649487,-0.005696637672196985,-0.11526929161528163,False
2.21,-0.10365192412341909,8.477235793425498,-0.005696637672196985,-0.11526929161528163,-0.11513988288027945,0.01161736749186254,0.011487958756860359,0.001378555050823243,0.0037839474553334547,0.10760925536489394,0.11277175787105063,0.11277175787105063,False,False,0.1081030851899101,-0.005893178253082825,-0.09827029044292011,False
2.212,-0.08669588563550878,8.478757510121119,-0.005893178253082825,-0.09827029044292011,-0.0982715108784395,0.011574404807411329,0.01157562524293071,0.001389075029151685,0.0037978382056249715,0.11067985964229213,0.11586677287706879,0.11586677287706879,False,False,0.11021424324798143,-0.006055821857012714,-0.08132180196494398,False
2.214,-0.06973707483572553,8.480008097916143,-0.006055821857012714,-0.08132180196494398,-0.0793884870082352,0.011584727129218458,0.009651412172509671,0.0011581694607011605,0.0038094199002319832,0.11486318784624817,0.11983077720718131,0.11983077720718131,False,False,0.11277175787105063,-0.006184729267869312,-0.06445370542829887,False
2.216,-0.05277603402329821,8.480987516819985,-0.006184729267869312,-0.06445370542829887,-0.06104639278997703,0.011677671405000659,0.008270358766678823,0.0009924430520014587,0.003819344330751998,0.12097525048138955,0.125787037864143,0.125787037864143,False,False,0.11586677287706879,-0.006280223564015895,-0.04774714807329183,False
2.218,-0.03581330556877914,8.481695735513345,-0.006280223564015895,-0.04774714807329183,-0.047870328906329765,0.011933842504512689,0.012057023337550626,0.001446842800506075,0.0038338127587570587,0.13005367601470813,0.13533433157397126,0.13533433157397126,False,False,0.11983077720718131,-0.0063428943399487445,-0.03133538796642449,False
2.22,-0.018849431896676417,8.482132731349202,-0.0063428943399487445,-0.03133538796642449,-0.030885341932362864,0.012485956069748071,0.012035910035686447,0.0014443092042823735,0.0038482558507998824,0.14278927197403565,0.1480818370291179,0.1480818370291179,False,False,0.125787037864143,-0.006373532064201129,-0.01531886212619225,False
2.222,-0.001884955468129922,8.482298490353555,-0.006373532064201129,-0.01531886212619225,-0.015136495514359293,0.013433906658062328,0.01325154004622937,0.0015901848055475244,0.0038641576988553577,0.15844038343579497,0.16389472594019786,0.16389472594019786,False,False,0.13533433157397126,-0.006372818563154964,0.0003567505230824067,False
2.224,0.015079581236456514,8.482193007225856,-0.006372818563154964,0.0003567505230824067,-0.0014167296529706689,0.014722830713374107,0.01649631088942718,0.0019795573067312618,0.0038839532719226705,0.17443223594039603,0.18029574651904995,0.18029574651904995,False,False,0.1480818370291179,-0.006341168899514224,0.01582483182037038,False
2.226,0.032043635734740936,8.481816285339184,-0.006341168899514224,0.01582483182037038,0.01775514849199867,0.016218803914370555,0.014288487242742266,0.001714618469129072,0.0039010994566139614,0.18793623932710532,0.19355195725284835,0.19355195725284835,False,False,0.16389472594019786,-0.006278306016071787,0.031431441721218284,False
2.228,0.04900666555981442,8.481168336740136,-0.006278306016071787,0.031431441721218284,0.031166910839026573,0.017575223838596138,0.01783975472078785,0.002140770566494542,0.003922507162278907,0.19777518099192112,0.20383845872069456,0.20383845872069456,False,False,0.18029574651904995,-0.006183396681649385,0.0474546672112008,False
2.23,0.06596812827751315,8.48024918214845,-0.006183396681649385,0.0474546672112008,0.04629750052496219,0.018513461066312353,0.019670627752550962,0.0023604753303061153,0.003946111915581968,0.20442065837209647,0.21072724561798456,0.21072724561798456,False,False,0.19355195725284835,-0.006055658500844087,0.06386909040264914,False
2.232,0.08292748150381471,8.479058850956324,-0.006055658500844087,0.06386909040264914,0.060805685029831844,0.01905839110116557,0.022121796473982866,0.0026546155768779438,0.003972658071350748,0.20890581349925855,0.21553308714748723,0.21553308714748723,False,False,0.20383845872069456,-0.005894346596335454,0.08065595225431657,False
2.234,0.09988418292212348,8.477597381227499,-0.005894346596335454,0.08065595225431657,0.07728129627309753,0.019228230667806906,0.022602886649025947,0.0027123463978831136,0.003999781535329579,0.21211447453438026,0.21882660246759295,0.21882660246759295,False,False,0.21072724561798456,-0.005698998339700572,0.09767412831744117,False
2.236,0.11683769030066313,8.475864819696023,-0.005698998339700572,0.09767412831744117,0.09790321071258884,0.019163561983221958,0.018934479588074288,0.0022721375505689143,0.004022502910835268,0.21462043503009054,0.22091507549149472,0.22091507549149472,False,False,0.21553308714748723,-0.005469314450297851,0.11484194470135997,False
2.238,0.13378746150978127,8.473861221764768,-0.005469314450297851,0.11484194470135997,0.11130229947100287,0.018945516808421298,0.0224851620387784,0.002698219444653408,0.004049485105281803,0.2167526563718496,0.2235003609217848,0.2235003609217848,False,False,0.21882660246759295,-0.005205157254993772,0.1320785976520398,False
2.24,0.1507329545393092,8.47158665150365,-0.005205157254993772,0.1320785976520398,0.130841727783703,0.018654356887269408,0.0198912267556062,0.002386947210672744,0.00407335457738853,0.2186886035421629,0.2251489053302242,0.2251489053302242,False,False,0.22091507549149472,-0.00490655779408737,0.14929973045320064,False
2.242,0.1676736275158729,8.46904118164759,-0.00490655779408737,0.14929973045320064,0.14787516638955497,0.018373897062672256,0.019798461126317918,0.0023758153351581502,0.004097112730740112,0.2205211361508195,0.22699406421671775,0.22699406421671775,False,False,0.2235003609217848,-0.004573398517445893,0.16657963832073874,False
2.244,0.1846089387202417,8.466224893594177,-0.004573398517445893,0.16657963832073874,0.1670508467476571,0.018029300399502957,0.017558091972584594,0.0021069710367101514,0.004118182441107213,0.22229809380562887,0.22852324728344622,0.22852324728344622,False,False,0.2251489053302242,-0.004205736974025211,0.18383077171034104,False
2.246,0.20153834660463021,8.463137877401078,-0.004205736974025211,0.18383077171034104,0.18487956300254507,0.017707574894289174,0.016658783602085142,0.001999054032250217,0.004138172981429715,0.22404392111723123,0.23018114813091117,0.23018114813091117,False,False,0.22699406421671775,-0.003803577529548745,0.2010797222382331,False
2.248,0.2184613098100393,8.459780231783142,-0.003803577529548745,0.2010797222382331,0.20403497563536727,0.017381587571806217,0.01442633417467204,0.0017311601009606446,0.004155484582439322,0.2257710477900727,0.23165769247347268,0.23165769247347268,False,False,0.22852324728344622,-0.0033669849689957586,0.21829628027649312,False
2.25,0.2353772871835354,8.456152064109261,-0.0033669849689957586,0.21829628027649312,0.2196296601318499,0.017081006907042284,0.015747627051685503,0.0018897152462022603,0.004174381734901344,0.22748576924899885,0.23354986623010246,0.23354986623010246,False,False,0.23018114813091117,-0.0028959935467964912,0.23549571109963358,False
2.2520000000000002,0.2522857377955927,8.45225349039892,-0.0028959935467964912,0.23549571109963358,0.23686869960653711,0.016790026695959137,0.015417038189055599,0.0018500445826866718,0.004192882180728211,0.22919125813462676,0.23523418489804165,0.23523418489804165,False,False,0.23165769247347268,-0.002390673683322189,0.25265993173715107,False
2.254,0.26918612095735844,8.448084635318503,-0.002390673683322189,0.25265993173715107,0.25365629433933,0.016526189220207377,0.01552982661802843,0.0018635791941634117,0.004211517972669845,0.23088909961518603,0.2369641967820193,0.2369641967820193,False,False,0.23354986623010246,-0.0018510072724897964,0.26983320541619626,False
2.2560000000000002,0.28607789623796703,8.44364563217729,-0.0018510072724897964,0.26983320541619626,0.2685294946166395,0.01624469082177077,0.017548401621327536,0.0021058081945593042,0.004232576054615438,0.23258007240288375,0.2389184566520585,0.2389184566520585,False,False,0.23523418489804165,-0.0012770195718838555,0.2869938503029704,False
2.258,0.3029605234818,8.43893662292321,-0.0012770195718838555,0.2869938503029704,0.2877330945458297,0.015966673178829605,0.015227428935970344,0.0018272914723164412,0.004250848969338602,0.23426454565133648,0.24034268609299153,0.24034268609299153,False,False,0.2369641967820193,-0.0006687258117306067,0.3041468800766244,False
2.2600000000000002,0.31983346282578035,8.43395775813829,-0.0006687258117306067,0.3041468800766244,0.3054157956236332,0.015686582749155964,0.014417667202147155,0.0017301200642576586,0.0042681501699811785,0.2359426805654188,0.24194095079965766,0.24194095079965766,False,False,0.2389184566520585,-2.609400618926172e-05,0.32131590277067246,False
2.262,0.33669617471661467,8.428709197033843,-2.609400618926172e-05,0.32131590277067246,0.32489517665735335,0.015380271945942214,0.011800998059261325,0.001416119767111359,0.004282311367652292,0.2376145328007614,0.24331296393552504,0.24331296393552504,False,False,0.24034268609299153,0.0006507965367372445,0.3384452714632531,False
2.2640000000000002,0.3535481199280677,8.423191107445383,0.0006507965367372445,0.3384452714632531,0.3342083411656971,0.015102848464814578,0.019339778762370585,0.00232077345148447,0.004305519102167137,0.23928010447678108,0.24590639703043268,0.24590639703043268,False,False,0.24194095079965766,0.0013619038469709697,0.35555365511686265,False
2.266,0.3703887595781845,8.417403665827251,0.0013619038469709697,0.35555365511686265,0.35506163261470053,0.014835104461321857,0.015327126963483984,0.001839255235618078,0.004323911654523317,0.2409393706007686,0.24710253749091,0.24710253749091,False,False,0.24331296393552504,0.0021071390504977844,0.37261760176340725,False
2.2680000000000002,0.3872175551465461,8.41134705724697,0.0021071390504977844,0.37261760176340725,0.377360807363742,0.014599953383138853,0.009856747782804098,0.0011828097339364918,0.004335739751862682,0.2425922924953539,0.24811084198115307,0.24811084198115307,False,False,0.24590639703043268,0.002886670020812954,0.38976548515758463,False
2.27,0.40403396849145845,8.40502147537934,0.002886670020812954,0.38976548515758463,0.38659581534409765,0.014268483333873816,0.017438153147360802,0.002092578377683296,0.004356665535639515,0.24423882462384497,0.2506880685371678,0.2506880685371678,False,False,0.24710253749091,0.003700370196561693,0.40685008787436944,False
2.2720000000000002,0.4208374618671977,8.39842712250023,0.003700370196561693,0.40685008787436944,0.40372270570611546,0.01398737399282829,0.017114756161082267,0.002053770739329872,0.004377203243032814,0.24587891806103188,0.25230989204339455,0.25230989204339455,False,False,0.24811084198115307,0.004548075076491945,0.42385243996512634,False
2.274,0.43762749794117406,8.391564209480117,0.004548075076491945,0.42385243996512634,0.4212567842594865,0.013775057976047722,0.016370713681687576,0.001964485641802509,0.004396848099450839,0.2475125222590991,0.25387385600035245,0.25387385600035245,False,False,0.2506880685371678,0.005429950499906534,0.44093771170729423,False
2.2760000000000002,0.45440353981113857,8.384432955777342,0.005429950499906534,0.44093771170729423,0.439825283376043,0.013465828103844335,0.014578256435095582,0.0017493907722114699,0.004414342007172954,0.24913958594681423,0.25530331872619866,0.25530331872619866,False,False,0.25230989204339455,0.006345960422491881,0.4580049612926735,False
2.278,0.4711650510223301,8.377033589431095,0.006345960422491881,0.4580049612926735,0.4560767429352167,0.013160089729656599,0.015088308087113367,0.001810596970453604,0.00443244797687749,0.25076005758794634,0.2570031025352774,0.2570031025352774,False,False,0.25387385600035245,0.007296057080622104,0.4750483290651115,False
2.2800000000000002,0.4879114955846515,8.369366347054116,0.007296057080622104,0.4750483290651115,0.4776257462741096,0.012863166519540004,0.010285749310541936,0.0012342899172650323,0.004444790876050141,0.25237388561546403,0.2580529664087792,0.2580529664087792,False,False,0.25530331872619866,0.008280165071376551,0.49205399537722366,False
2.282,0.5046423379897879,8.361431473825135,0.008280165071376551,0.49205399537722366,0.4966142857241418,0.012588342612564196,0.008028052265646068,0.0009633662718775282,0.004454424538768916,0.25398101855162075,0.2593988093622672,0.2593988093622672,False,False,0.2570031025352774,0.009298266425900032,0.50905067726174,False
2.2840000000000003,0.5213570432283515,8.35322922348103,0.009298266425900032,0.50905067726174,0.5076279650569616,0.012306365966611499,0.013729078171389908,0.0016474893805667888,0.004470899432574584,0.25558140506995,0.26169979388309134,0.26169979388309134,False,False,0.2580529664087792,0.010350207280046795,0.5259704270733817,False
2.286,0.5380550768069695,8.344759858308715,0.010350207280046795,0.5259704270733817,0.5264904052398433,0.012084649733587804,0.011564671567126261,0.0013877605880551513,0.0044847770384551355,0.2571749940276667,0.263047531654177,0.263047531654177,False,False,0.2593988093622672,0.011435897439030902,0.5428450794920539,False
2.2880000000000003,0.554735904765399,8.33602364913674,0.011435897439030902,0.5428450794920539,0.5449786727529746,0.011890825273345174,0.0097572320124244,0.0011708678414909279,0.004496485716870045,0.2587617344829928,0.26442908804135373,0.26442908804135373,False,False,0.26169979388309134,0.012555447705712975,0.5597751333410365,False
2.29,0.5713989936935704,8.327020875326655,0.012555447705712975,0.5597751333410365,0.5624564333230718,0.011623860352533932,0.008942560370498565,0.0010731072444598276,0.004507216789314643,0.26034157570478844,0.2659218997385629,0.2659218997385629,False,False,0.263047531654177,0.013708768055535954,0.5766601749114896,False
2.2920000000000003,0.588043810748681,8.317751824764056,0.013708768055535954,0.5766601749114896,0.5809020214613764,0.011383635837191375,0.0071417892873045785,0.0008570147144765493,0.004515786936459408,0.2619144671782636,0.26728726882919956,0.26728726882919956,False,False,0.26442908804135373,0.01489577653522508,0.5935042398445635,False
2.294,0.6046698236722025,8.308216793849388,0.01489577653522508,0.5935042398445635,0.5940760370675242,0.011165583827638992,0.010593786604678246,0.0012712543925613895,0.004528499480385022,0.2634803586086779,0.2692801124816243,0.2692801124816243,False,False,0.2659218997385629,0.016116415389254214,0.6103194270145663,False
2.2960000000000003,0.621276500806925,8.298416087488459,0.016116415389254214,0.6103194270145663,0.6115512719284935,0.010957073792358663,0.009725228878431524,0.0011670274654117828,0.00454016975503914,0.2650391999240176,0.2707463971444685,0.2707463971444685,False,False,0.26728726882919956,0.017370600810623804,0.6270927106847957,False
2.298,0.6378633111139373,8.288350019082705,0.017370600810623804,0.6270927106847957,0.6273085170075547,0.010770600429141686,0.010554794106382603,0.0012665752927659125,0.004552835507966799,0.2665909412771405,0.27241035207787323,0.27241035207787323,False,False,0.2692801124816243,0.01865838130647118,0.6438902479236884,False
2.3000000000000003,0.6544297241896284,8.278018910519151,0.01865838130647118,0.6438902479236884,0.6433663746138544,0.010539476265939984,0.01106334957577404,0.0013276019490928847,0.004566111527457728,0.26813553304765064,0.27402924652420124,0.27402924652420124,False,False,0.2707463971444685,0.019979694589526982,0.6606566415279018,False
2.302,0.6709752102826283,8.267423092160133,0.019979694589526982,0.6606566415279018,0.6610259684506704,0.010318568754726476,0.009949241831957889,0.0011939090198349466,0.0045780506176560775,0.26967292584362623,0.27544488548111723,0.27544488548111723,False,False,0.27241035207787323,0.02133452044931437,0.6774129298936944,False
2.3040000000000003,0.6874992403107684,8.25656290283272,0.02133452044931437,0.6774129298936944,0.6775181247890725,0.010086310417073974,0.009981115521695894,0.0011977338626035072,0.0045900279562821125,0.27120307050327397,0.2769908323221596,0.2769908323221596,False,False,0.27402924652420124,0.022722829461900095,0.6941545062928631,False
2.306,0.7040012858779795,8.24543868981789,0.022722829461900095,0.6941545062928631,0.69300616009808,0.009846779585116372,0.010995125779899473,0.0013194150935879367,0.004603222107217992,0.27272591809653685,0.2786485552973428,0.2786485552973428,False,False,0.27544488548111723,0.02414454996524119,0.7108602516705481,False
2.308,0.7204808192912071,8.234050808839424,0.02414454996524119,0.7108602516705481,0.7077117723532483,0.009620567620658993,0.012769046937958772,0.0015322856325550526,0.004618544963543542,0.27424141992667983,0.28039225052277844,0.28039225052277844,False,False,0.2769908323221596,0.025599638371504044,0.7275442031314274,False
2.31,0.7369373135772799,8.222399624052514,0.025599638371504044,0.7275442031314274,0.7284883055492083,0.009393110445852448,0.00844900802807158,0.0010138809633685898,0.004628683773177229,0.275749527531856,0.28139209226840184,0.28139209226840184,False,False,0.2786485552973428,0.027088074977893808,0.744218303194882,False
2.312,0.7533702424997408,8.210485508032152,0.027088074977893808,0.744218303194882,0.7404843626574263,0.009151939304858803,0.012885879842314485,0.0015463055810777382,0.004644146828988006,0.27725019268665996,0.28344064509672573,0.28344064509672573,False,False,0.28039225052277844,0.028609858300756727,0.7608916614314589,False
2.314,0.769779080575721,8.198308841761177,0.028609858300756727,0.7608916614314589,0.7560269897029198,0.008887419144262054,0.01375209087280116,0.0016502509047361391,0.004660649338035367,0.2787433674036767,0.28505426764644826,0.28505426764644826,False,False,0.28139209226840184,0.03016483111026506,0.7774864047541674,False
2.316,0.7861633030926867,8.185870014618125,0.03016483111026506,0.7774864047541674,0.7774437013518759,0.008676898338519257,0.008719601740810767,0.001046352208897292,0.0046711128601243405,0.28022900393501193,0.2859464690040336,0.2859464690040336,False,False,0.28344064509672573,0.031753057504580955,0.7941131971579461,False
2.318,0.8025223861252667,8.173169424364755,0.031753057504580955,0.7941131971579461,0.7925357837561389,0.008409188967320569,0.00998660236912785,0.001198392284295342,0.004683096782967294,0.2817070547738244,0.28758854384108706,0.28758854384108706,False,False,0.28505426764644826,0.033374509803058894,0.8107261492389696,False
2.32,0.818855806551974,8.160207477133344,0.033374509803058894,0.8107261492389696,0.808162966370665,0.008129657313004413,0.010692840181309005,0.0012831408217570805,0.004695928191184864,0.28317747265584237,0.2891565416687843,0.2891565416687843,False,False,0.2859464690040336,0.03502900956418316,0.8272498805621323,False
2.322,0.8351630420719554,8.146984587413689,0.03502900956418316,0.8272498805621323,0.8284867908318359,0.007913161509823019,0.006676251240119502,0.0008011501488143402,0.004703939692673007,0.2846402105608771,0.29014530040236447,0.29014530040236447,False,False,0.28758854384108706,0.036716537331198264,0.8437638835075512,False
2.324,0.8514435712216738,8.133501178039863,0.036716537331198264,0.8437638835075512,0.8454000790571764,0.0076796877141226405,0.006043492164497399,0.0007252190597396878,0.004711191883270404,0.2860952217143249,0.291531632657335,0.291531632657335,False,False,0.2891565416687843,0.038437058349563444,0.8602605091825886,False
2.326,0.8676968733916033,8.119757680176683,0.038437058349563444,0.8602605091825886,0.8595000278056478,0.007436364209014723,0.008196845585955459,0.0009836214703146551,0.004721028097973551,0.28754245958866437,0.29324710915695257,0.29324710915695257,False,False,0.29014530040236447,0.04019041695448271,0.8766793024596311,False
2.328,0.8839224288428571,8.105754533305937,0.04019041695448271,0.8766793024596311,0.875605871212754,0.007243126383225995,0.008316557630103083,0.00099798691561237,0.004731007967129675,0.28898187790494306,0.2947108727876851,0.2947108727876851,False,False,0.291531632657335,0.041976542444119545,0.8930627448184185,False
2.33,0.9001197187238297,8.09149218521231,0.041976542444119545,0.8930627448184185,0.8930612000208028,0.007056973905411157,0.0070585187030268726,0.0008470222443632247,0.004739478189573307,0.2904134306342587,0.2959999310681952,0.2959999310681952,False,False,0.29324710915695257,0.043795433816508626,0.9094456861945411,False
2.332,0.9162882250867556,8.076971091969094,0.043795433816508626,0.9094456861945411,0.9061747302382201,0.006842538892214423,0.01011349484853541,0.001213619381824249,0.004751614383391549,0.29183707199922865,0.29780230576444444,0.29780230576444444,False,False,0.2947108727876851,0.04564703737217188,0.9258017778316266,False
2.334,0.9324274309043203,8.062191717923561,0.04564703737217188,0.9258017778316266,0.9234629773671564,0.0066256530726936935,0.008964453537163908,0.0010757344244596689,0.004762371727636145,0.29325275647545784,0.29909086262755363,0.29909086262755363,False,False,0.2959999310681952,0.047531263418776434,0.942113023302278,False
2.336,0.9485368200861382,8.047154535682168,0.047531263418776434,0.942113023302278,0.9409811890816039,0.006423796783860181,0.007555631004534269,0.0009066757205441122,0.004771438484841586,0.2946604387929896,0.3003385529983753,0.3003385529983753,False,False,0.29780230576444444,0.04944813073817717,0.9584336597003678,False
2.338,0.9646158774953022,8.031860026095396,0.04944813073817717,0.9584336597003678,0.9574925444930165,0.0061822177949344415,0.007123333002285737,0.0008547999602742884,0.004779986484444329,0.2960600739377575,0.3016948603824761,0.3016948603824761,False,False,0.29909086262755363,0.05139755031259687,0.9747097872098512,False
2.34,0.9806640889648259,8.016308678242405,0.05139755031259687,0.9747097872098512,0.9744869651871076,0.005954301754974689,0.006177123777718285,0.0007412548533261942,0.0047873990329775915,0.29745161715302204,0.30298027103932584,0.30298027103932584,False,False,0.3003385529983753,0.053379425545452906,0.9909376164280157,False
2.342,0.9966809413141064,8.000500989415377,0.053379425545452906,0.9909376164280157,0.9943514160627948,0.00574332488609075,0.0023295252513116926,0.0002795430301574031,0.004790194463279165,0.29883502394080363,0.3039047614342402,0.3039047614342402,False,False,0.3016948603824761,0.05539368364643338,1.007129050490237,False
2.344,1.0126659223653154,7.984437465103626,0.05539368364643338,1.007129050490237,1.007248651940939,0.005536871875078342,0.0054172704243764525,0.0006500724509251743,0.004796695187788417,0.3002102500633039,0.3056570177020175,0.3056570177020175,False,False,0.30298027103932584,0.05744023777971117,1.023277066638895,False
2.346,1.028618520959796,7.968118618977421,0.05744023777971117,1.023277066638895,1.0222656564390482,0.00534145432090094,0.006352864520747792,0.000762343742489735,0.004804318625213314,0.30157725154432197,0.307143913912025,0.307143913912025,False,False,0.3039047614342402,0.05951892648759397,1.039344353941402,False
2.348,1.0445382269743904,7.951544972871576,0.05951892648759397,1.039344353941402,1.0341053681058043,0.00519387303298835,0.010432858868586026,0.001251943064230323,0.004816838055855617,0.3029359846706592,0.30900476579074515,0.30900476579074515,False,False,0.3056570177020175,0.06162976342106029,1.055418466733159,False
2.35,1.0604245313377725,7.9347170567687435,0.06162976342106029,1.055418466733159,1.0542838985903016,0.005006064604613503,0.006140632747470898,0.0007368759296965077,0.004824206815152583,0.3042864059935186,0.30984748873836765,0.30984748873836765,False,False,0.307143913912025,0.0637727065147758,1.0714715468577563,False
2.352,1.0762769260466958,7.917635408782496,0.0637727065147758,1.0714715468577563,1.0704784535867102,0.004805379188939529,0.005798472459985549,0.0006958166951982659,0.004831164982104565,0.3056284723298916,0.3111554540071944,0.3111554540071944,False,False,0.30900476579074515,0.0659477924719489,1.0875429785865507,False
2.354,1.0920949041822845,7.900300575140071,0.0659477924719489,1.0875429785865507,1.0857270726723578,0.004551925595733808,0.0063678315099267024,0.0007641397811912042,0.004838806379916477,0.30696214076394307,0.31256508692505075,0.31256508692505075,False,False,0.30984748873836765,0.0681548443966885,1.1035259623697993,False
2.356,1.1078779599261899,7.882713110164967,0.0681548443966885,1.1035259623697993,1.105623067498823,0.004351997556390597,0.0022548924273668725,0.0002705870912840247,0.0048415122508293175,0.3082873686483791,0.3133994679904924,0.3133994679904924,False,False,0.3111554540071944,0.07039378475927355,1.1194701812925298,False
2.358,1.123625588576811,7.864873576259157,0.07039378475927355,1.1194701812925298,1.1199470469477497,0.0041554072842810985,0.003678541629061227,0.0004414249954873472,0.0048459265007841906,0.309604113605814,0.31489146510208554,0.31489146510208554,False,False,0.31256508692505075,0.07266455817145001,1.1353867060882303,False
2.36,1.139337286565402,7.846782543885149,0.07266455817145001,1.1353867060882303,1.1365817825140256,0.003950580477171561,0.0027555040513762563,0.00033066048616515076,0.0048492331056458424,0.31091233353012404,0.316092227121935,0.316092227121935,False,False,0.3133994679904924,0.07496698939647077,1.1512156125103772,False
2.362,1.1550125514721972,7.828440591547713,0.07496698939647077,1.1512156125103772,1.148625019349869,0.0037969389618199845,0.006387532122328121,0.0007665038546793746,0.004856898144192636,0.31221198658779437,0.3178353885866664,0.3178353885866664,False,False,0.31489146510208554,0.07730104282846473,1.1670267159969818,False
2.364,1.170650882042458,7.809848305775408,0.07730104282846473,1.1670267159969818,1.171228368717953,0.003624166045476107,-0.0005774866754950647,-6.929840105940776e-05,0.004856205160182042,0.313503031219256,0.3182899379783786,0.3182899379783786,False,False,0.316092227121935,0.07966662226853465,1.1827897200349617,False
2.366,1.18625177820252,7.791006281101802,0.07966662226853465,1.1827897200349617,1.1837788379215672,0.0034620581675581796,0.0024729402809526846,0.00029675283371432214,0.004859172688519185,0.31478542614021593,0.3199413516624494,0.3199413516624494,False,False,0.3178353885866664,0.08206374615347006,1.1985619424677114,False
2.368,1.2018147410757665,7.771915120046482,0.08206374615347006,1.1985619424677114,1.1995919976131064,0.003252798608055052,0.0022227434626600484,0.0002667292155192058,0.004861839980674377,0.31605913034297634,0.3211876995391699,0.3211876995391699,False,False,0.3182899379783786,0.08449216288276032,1.2142083646451272,False
2.37,1.217339272998601,7.752575433095766,0.08449216288276032,1.2142083646451272,1.2146713383772125,0.003130908353473849,0.002667934621388479,0.00032015215456661746,0.004865041502220044,0.31732410309774667,0.3225092967545333,0.3225092967545333,False,False,0.3199413516624494,0.08695187424454145,1.2298556808905654,False
2.372,1.2328248775363315,7.7329878386832105,0.08695187424454145,1.2298556808905654,1.2274744341078505,0.0029691966457661145,0.005350443428481011,0.0006420532114177213,0.004871462034334221,0.3185803039539445,0.32409381919969643,0.32409381919969643,False,False,0.3211876995391699,0.08944279718674807,1.2454614711033059,False
2.374,1.2482710594990905,7.7131529631697875,0.08944279718674807,1.2454614711033059,1.2475904418950168,0.0028095883957846013,0.0006806176040736744,8.167411248884093e-05,0.00487227877545911,0.31982769274149225,0.32478164562944023,0.32478164562944023,False,False,0.3225092967545333,0.09196486532751269,1.2610340703823109,False
2.376,1.2636773249576159,7.693071440823918,0.09196486532751269,1.2610340703823109,1.2568615670931942,0.0026432545753050096,0.006815757864421679,0.0008178909437306014,0.004880457684896416,0.32106622957209746,0.32676457820072446,0.32676457820072446,False,False,0.32409381919969643,0.09451806807112453,1.2766013718059184,False
2.378,1.2790431812590928,7.672743913801125,0.09451806807112453,1.2766013718059184,1.2752981882447532,0.002441809453174404,0.003744993014339615,0.00044939916172075377,0.004884951676513623,0.32229587484053207,0.32763022567876643,0.32763022567876643,False,False,0.32478164562944023,0.09710220717073419,1.2920695498048262,False
2.38,1.2943681370428757,7.652171032123553,0.09710220717073419,1.2920695498048262,1.2921732147033074,0.002298587238049432,0.002194922339568306,0.0002633906807481967,0.004887585583321105,0.32351658922589666,0.32866756548996595,0.32866756548996595,False,False,0.32676457820072446,0.099717357753383,1.3075752913244083,False
2.382,1.3096517022562215,7.631353453659139,0.099717357753383,1.3075752913244083,1.3076112201865697,0.0020764109318132107,0.0020404820696517945,0.00024485784835821535,0.0048900341618046865,0.32472833369287885,0.3298632257030418,0.3298632257030418,False,False,0.32763022567876643,0.10236336016135913,1.3230012039880688,False
2.384,1.3248933881699423,7.610291844100614,0.10236336016135913,1.3230012039880688,1.3192062397316404,0.0018921841818735352,0.00568714843830187,0.0006824578125962244,0.0048968587399306485,0.32593106949300094,0.3315103860455278,0.3315103860455278,False,False,0.32866756548996595,0.10504009244441725,1.338366141529062,False
2.386,1.340092707394052,7.588986876944178,0.10504009244441725,1.338366141529062,1.3379017667290645,0.0017265658649900928,0.002190940664987595,0.0002629128797985114,0.004899487868728633,0.32712475816585956,0.3322871589143867,0.3322871589143867,False,False,0.3298632257030418,0.10774746714516806,1.353687350375401,False
2.388,1.3552491738933328,7.567439233468001,0.10774746714516806,1.353687350375401,1.3542918300207971,0.0015618235179317708,0.0009573438725356542,0.0001148812647042785,0.004900636681375676,0.3283093615403548,0.33332487948643474,0.33332487948643474,False,False,0.3315103860455278,0.11048549231154592,1.3690125831889293,False
2.39,1.3703623030028995,7.545649602710397,0.11048549231154592,1.3690125831889293,1.3700399557819192,0.0013497198139702515,0.00032234722098034574,3.8681666517641485e-05,0.0049010234980408525,0.32948484173591214,0.33442454690047063,0.33442454690047063,False,False,0.3322871589143867,0.11325399364438156,1.3842506664178211,False
2.392,1.3854316114436682,7.52361868144784,0.11325399364438156,1.3842506664178211,1.3864074968559348,0.001180945025847091,-0.0009758854122665639,-0.00011710624947198766,0.004899852435546133,0.3306511611636916,0.33543390734976575,0.33543390734976575,False,False,0.33332487948643474,0.11605285340295501,1.3994298792867306,False
2.394,1.4004566173378445,7.501347174172629,0.11605285340295501,1.3994298792867306,1.4011534325828645,0.0010267380511139734,-0.0006968152450199661,-8.361782940239592e-05,0.0048990162572521085,0.3318082825277923,0.33662368095564205,0.33662368095564205,False,False,0.33442454690047063,0.11888196811255788,1.4145573548014332,False
2.396,1.4154368402243034,7.478835793070403,0.11888196811255788,1.4145573548014332,1.4140792728955456,0.0008794854228701965,0.0013575673287578027,0.00016290807945093633,0.004900645338046618,0.3329561688264429,0.33801972224394045,0.33801972224394045,False,False,0.33543390734976575,0.12174121652580207,1.4296242066220946,False
2.398,1.4303718010739752,7.456085257997338,0.12174121652580207,1.4296242066220946,1.431051930152475,0.0007475944518806621,-0.0006801290784996805,-8.161548941996165e-05,0.004899829183152418,0.3340947833531866,0.3389129970469191,0.3389129970469191,False,False,0.33662368095564205,0.12463051650663862,1.444649990418278,False
2.4,1.4452610223051447,7.433096296457152,0.12463051650663862,1.444649990418278,1.4436581816117469,0.0006110318868668418,0.001602840693397889,0.00019234088320774668,0.004901752591984496,0.3352240896980532,0.3403181831732454,0.3403181831732454,False,False,0.33801972224394045,0.12754983001431103,1.4596567538362022,False
2.402,1.4601040277987416,7.409869643577818,0.12754983001431103,1.4596567538362022,1.4604203918368728,0.0004472739625394073,-0.0003163640381311783,-3.796368457574139e-05,0.004901372955138738,0.33634405174872495,0.34120746101928795,0.34120746101928795,False,False,0.3389129970469191,0.1304990141472541,1.4745920664715324,False
2.404,1.4749003429135468,7.386406042088078,0.1304990141472541,1.4745920664715324,1.4720030284441097,0.00030827644201436577,0.0028973144694370845,0.0003476777363324501,0.004904849732502063,0.3374546336916901,0.34270716116052463,0.34270716116052463,False,False,0.3403181831732454,0.13347803476881892,1.4895103107824104,False
2.406,1.4896494945013892,7.362706242293673,0.13347803476881892,1.4895103107824104,1.4891138762692229,0.0001391837189788081,0.0005356182321663017,6.42741878599562e-05,0.004905492474380662,0.3385558000133892,0.34352556667562983,0.34352556667562983,False,False,0.34120746101928795,0.13648675008674405,1.5043576589625602,False
2.408,1.5043510109222564,7.33877100205337,0.13648675008674405,1.5043576589625602,1.5050170193040624,-6.648040303813829e-06,-0.0006660083818059714,-7.992100581671657e-05,0.004904693264322495,0.33964751550134964,0.34447228775985544,0.34447228775985544,False,False,0.34270716116052463,0.1395251476896292,1.5191988014425777,False
2.41,1.5190044220593988,7.3146010867547,0.1395251476896292,1.5191988014425777,1.5191435899896373,-0.0001943793831788998,-0.00013916793023849294,-1.670015162861915e-05,0.004904526262806209,0.340729745245313,0.3456175713564906,0.3456175713564906,False,False,0.34352556667562983,0.14259307263982143,1.533962475096117,False
2.412,1.5336092593343333,7.290197269289527,0.14259307263982143,1.533962475096117,1.5308722678501425,-0.0003532157617835985,0.0027369914841908205,0.00032843897810289844,0.004907810652587238,0.3418024546383494,0.34703870426903954,0.34703870426903954,False,False,0.34447228775985544,0.14569039857217542,1.5486629661769857,False
2.414,1.548165055721861,7.2655603300292775,0.14569039857217542,1.5486629661769857,1.5502196245331352,-0.000497910455124817,-0.0020545688112743044,-0.0002465482573529165,0.004905345170013709,0.3428656093779666,0.3475244062906274,0.3475244062906274,False,False,0.3456175713564906,0.14881704208961133,1.5633217587179593,False
2.416,1.5626713457649724,7.240691056800035,0.14881704208961133,1.5633217587179593,1.5617730215922476,-0.0006504129529869562,0.0008983241727247293,0.00010779890072696751,0.004906423159020979,0.3439191754672047,0.3489333975269526,0.3489333975269526,False,False,0.34703870426903954,0.15197297847455837,1.5779681924735278,False
2.418,1.5771276655897535,7.215590244857314,0.15197297847455837,1.5779681924735278,1.5774637218920784,-0.0008405268837743396,-0.00033605630232491635,-4.032675627898996e-05,0.004906019891458189,0.3449631192157249,0.34982881235090413,0.34982881235090413,False,False,0.3475244062906274,0.15515798740249506,1.5925044639683419,False
2.42,1.5915335529202013,7.190258696860652,0.15515798740249506,1.5925044639683419,1.5935469064039032,-0.0009709110481406213,-0.0020133534837019074,-0.00024160241804422887,0.0049036038672777464,0.3459974072408858,0.3506594086901193,0.3506594086901193,False,False,0.3489333975269526,0.15837204430725338,1.6070284523791603,False
2.422,1.6058885470930215,7.1646972228479235,0.15837204430725338,1.6070284523791603,1.6085658554065756,-0.0011399052861387204,-0.002677308313554061,-0.0003212769976264873,0.004900391097301482,0.3470220064688114,0.35160112056848636,0.35160112056848636,False,False,0.34982881235090413,0.16161501735013178,1.621486521439202,False
2.424,1.6201921890723456,7.138906640209459,0.16161501735013178,1.621486521439202,1.6196041103158345,-0.0012943323668563878,0.0005880787565111234,7.056945078133481e-05,0.004901096791809295,0.34803688413544825,0.3530085503780389,0.3530085503780389,False,False,0.3506594086901193,0.16488676256884058,1.6358726093543956,False
2.426,1.6344440214644242,7.112887773661881,0.16488676256884058,1.6358726093543956,1.6383358571367488,-0.0014285878899713556,-0.0038918356723245395,-0.0004670202806789447,0.004896426589002505,0.349042007787614,0.3534714140959376,0.3534714140959376,False,False,0.35160112056848636,0.16818716085126412,1.6501991412117711,False
2.428,1.6486435885322361,7.08664145522176,0.16818716085126412,1.6501991412117711,1.6486443281821297,-0.0015555526795349994,-7.396498935552387e-07,-8.875798722662864e-08,0.004896425701422633,0.35003734528403413,0.3549336822274695,0.3549336822274695,False,False,0.3530085503780389,0.1715161919158051,1.6645155322705,False
2.43,1.6627904362100834,7.060168524178973,0.1715161919158051,1.6645155322705,1.6662444168671064,-0.0017250960604167087,-0.0034539806570230702,-0.0004144776788427684,0.004892280924634205,0.35102286479637085,0.3555006680421623,0.3555006680421623,False,False,0.3534714140959376,0.17487363791224314,1.6787229982190177,False
2.432,1.6768841121180826,7.033469827069919,0.17487363791224314,1.6787229982190177,1.6783893862326038,-0.0018388861009350776,-0.0015052741145211712,-0.00018063289374254055,0.00489047459569678,0.35199853481023946,0.3567083765121937,0.3567083765121937,False,False,0.3549336822274695,0.17825949265998836,1.6929273738726158,False
2.434,1.6909241655766627,7.006546217650384,0.17825949265998836,1.6929273738726158,1.689955834471075,-0.0020032082959531294,0.0009683311055876942,0.0001161997326705233,0.004891636593023485,0.35296432412621775,0.35797216045191177,0.35797216045191177,False,False,0.3555006680421623,0.1816735625748025,1.7070349574070725,False
2.436,1.7049101476209496,6.979398556868293,0.1816735625748025,1.7070349574070725,1.7082182378725135,-0.0021248097861228388,-0.0033080902515638666,-0.00039697083018766396,0.004887666884721608,0.3539202018608422,0.35841089791537617,0.35841089791537617,False,False,0.3567083765121937,0.1851157903675597,1.7211138963786021,False
2.438,1.7188416110151434,6.952027712836143,0.1851157903675597,1.7211138963786021,1.716873707744541,-0.0022722853634586926,0.001967903270602367,0.00023614839247228402,0.004890028368646331,0.35486613744759704,0.35999231420871564,0.35999231420871564,False,False,0.35797216045191177,0.188586131121111,1.7351703767756401,False
2.44,1.732718110266802,6.924434560803276,0.188586131121111,1.7351703767756401,1.7360413486292912,-0.00245226650883823,-0.003323238362489267,-0.000398788603498712,0.004886040482611344,0.3558021006378899,0.36028935251700256,0.36028935251700256,False,False,0.35841089791537617,0.19208436764785214,1.749118263370563,False
2.442,1.7465392016411037,6.896619983127853,0.19208436764785214,1.749118263370563,1.7459458906941097,-0.002579061729459431,0.0005933109469939968,7.119731363927962e-05,0.004886752455747737,0.3567280615020209,0.3616860112714079,0.3616860112714079,False,False,0.35999231420871564,0.19561052442410415,1.7630783881260035,False
2.444,1.7603044431750203,6.8685848692486795,0.19561052442410415,1.7630783881260035,1.7613717239851727,-0.0027739449509831537,-0.0010672808101523934,-0.0001280736972182872,0.004885471718775554,0.3576439904301382,0.3624013884516955,0.3624013884516955,False,False,0.36028935251700256,0.199164356709108,1.7769161425019302,False
2.446,1.7740133946914667,6.840330115656724,0.199164356709108,1.7769161425019302,1.7759319363608956,-0.002902747810463513,-0.0019185416694289525,-0.0002302250003314743,0.004883169468772239,0.35854985813318613,0.3632028026016269,0.3632028026016269,False,False,0.3616860112714079,0.20274585271253429,1.790748001713144,False
2.448,1.7876656178133592,6.8118566258664845,0.20274585271253429,1.790748001713144,1.790385898976674,-0.0030823838997848796,-0.002720281163314908,-0.000326433739597789,0.004879905131376261,0.35944563564384047,0.36399910703561894,0.36399910703561894,False,False,0.3624013884516955,0.20635485811370624,1.80450270058598,False
2.45,1.8012606759776535,6.783165310387065,0.20635485811370624,1.80450270058598,1.8058401380025393,-0.0032420246083264548,-0.004579462024885794,-0.0005495354429862953,0.004874409776946398,0.36033129431743643,0.36465616865139655,0.36465616865139655,False,False,0.3632028026016269,0.20999123830455796,1.8181900954258652,False
2.452,1.8147981344492787,6.754257086693098,0.20999123830455796,1.8181900954258652,1.819665985266348,-0.00339196097658645,-0.004867850817069197,-0.0005841420980483036,0.004868568355965915,0.3612068058328825,0.36549123209080014,0.36549123209080014,False,False,0.36399910703561894,0.21365485908686166,1.831810391151856,False
2.454,1.8282775603350694,6.725132879195361,0.21365485908686166,1.831810391151856,1.8317611709489297,-0.0035328308167865696,-0.0034836106138602663,-0.00041803327366323194,0.004864388023229283,0.3620721421935681,0.36651849694313415,0.36651849694313415,False,False,0.36465616865139655,0.2173455585803288,1.8453497467335755,False
2.456,1.8416985225975826,6.695793619211258,0.2173455585803288,1.8453497467335755,1.8475790863228863,-0.0036512241359929476,-0.005880563725303656,-0.0007056676470364386,0.004857331346758919,0.3629272757282575,0.36707893942798,0.36707893942798,False,False,0.36549123209080014,0.2210632139577748,1.8588276887230035,False
2.458,1.8550605920689005,6.666240244935002,0.2210632139577748,1.8588276887230035,1.8615859943936979,-0.0037670966541030193,-0.006525402324797369,-0.0007830482789756843,0.004849500863969162,0.3637721790919757,0.3678386316769692,0.3678386316769692,False,False,0.36651849694313415,0.22480774398917566,1.8722650157004244,False
2.46,1.8683633414643368,6.636473701407648,0.22480774398917566,1.8722650157004244,1.8732114075484425,-0.00390167423608756,-0.004848066084105707,-0.0005817679300926848,0.004843683184668235,0.36460682526688154,0.3688687405214571,0.3688687405214571,False,False,0.36707893942798,0.22857897058517584,1.8856132980000944,False
2.462,1.8816063453961176,6.60649494048684,0.22857897058517584,1.8856132980000944,1.8893411142349656,-0.0040069526039767656,-0.0077347688388480496,-0.0009281722606617659,0.004834401462061618,0.3654311875631332,0.369337416764533,0.369337416764533,False,False,0.3678386316769692,0.23237675933702406,1.8988943759241044,False
2.464,1.894789180386967,6.5763049208164075,0.23237675933702406,1.8988943759241044,1.9007579011604834,-0.004105195537137396,-0.0059687207735164005,-0.000716246492821968,0.004827238997133398,0.36624523961974026,0.37035623212405167,0.37035623212405167,False,False,0.3688687405214571,0.2362010339386647,1.9121373008203262,False
2.466,1.9079114248836664,6.545904607795674,0.2362010339386647,1.9121373008203262,1.912202359152927,-0.004225875936659795,-0.004290934269260527,-0.0005149121123112632,0.004822089876010285,0.36704895540540783,0.3713561331691069,0.3713561331691069,False,False,0.369337416764533,0.2400516013592515,1.9252837102933882,False
2.468,1.9209726592705165,6.515294973548623,0.2400516013592515,1.9252837102933882,1.9254861015349969,-0.004311051022871659,-0.004513442264480361,-0.0005416130717376433,0.004816673745292909,0.36784230921936795,0.3721173698929232,0.3721173698929232,False,False,0.37035623212405167,0.24392838588882662,1.9383922647875704,False
2.47,1.9339724658827753,6.484476996892769,0.24392838588882662,1.9383922647875704,1.9409491063489446,-0.004419798904795158,-0.006976640466169304,-0.0008371968559403165,0.004808301776733506,0.3686252756922025,0.37259638061299566,0.37259638061299566,False,False,0.3713561331691069,0.24783130868910105,1.951461400137219,False
2.472,1.9469104290199892,6.453451663307919,0.24783130868910105,1.951461400137219,1.950635400569444,-0.004550971117229796,-0.0037249715494547253,-0.000446996585934567,0.00480383181087416,0.3693978297866531,0.37375466501159266,0.37375466501159266,False,False,0.3721173698929232,0.2517602418123225,1.964466561610712,False
2.474,1.9597861349593144,6.422219964904583,0.2517602418123225,1.964466561610712,1.960882632904994,-0.004680426651397562,-0.0010964979456795643,-0.0001315797534815477,0.004802516013339345,0.3701599467984232,0.374830883058281,0.374830883058281,False,False,0.37259638061299566,0.25571499961936783,1.977378903522672,False
2.476,1.9725991719687221,6.390782900392317,0.25571499961936783,1.977378903522672,1.9808002067936066,-0.004779731553949951,-0.008201034824884434,-0.0009841241789861322,0.004792674771549483,0.3709116023569669,0.37472015294953026,0.37472015294953026,False,False,0.37375466501159266,0.25969554075144385,1.990270566038,False
2.478,1.985349130320183,6.3591414750477355,0.25969554075144385,1.990270566038,1.9885950459403474,-0.004921435717817113,-0.003245915620164519,-0.00038950987441974225,0.004788779672805286,0.37165277242626904,0.3760520422246546,0.3760520422246546,False,False,0.374830883058281,0.2637018071197877,2.003133184171915,False
2.48,1.9980356023027541,6.32729670068241,0.2637018071197877,2.003133184171915,2.005041746706404,-0.005097581869160983,-0.007006144403649994,-0.0008407373284379993,0.004780372299520906,0.37238343330561324,0.37632306827669615,0.37632306827669615,False,False,0.37472015294953026,0.26773349272798264,2.0158428040974714,False
2.482,2.010658182235631,6.295249595610471,0.26773349272798264,2.0158428040974714,2.0171988514448445,-0.005184621861840544,-0.00654066920921359,-0.0007848803051056307,0.0047725234964698495,0.37310356163034036,0.3770912048217046,0.3770912048217046,False,False,0.3760520422246546,0.27179059702723113,2.0285521496242467,False
2.484,2.023216466481104,6.263001184616084,0.27179059702723113,2.0285521496242467,2.0307108106590426,-0.005335683143142589,-0.007494344177938483,-0.000899321301352618,0.004763530283456324,0.37381313437259484,0.37767734335469855,0.37767734335469855,False,False,0.37632306827669615,0.27587289733062914,2.041150151698992,False
2.486,2.035710053457485,6.230552498920643,0.27587289733062914,2.041150151698992,2.0398932951640383,-0.005440098241507041,-0.0041832417065532645,-0.0005019890047863918,0.00475851039340846,0.37451212884206203,0.3787686502306841,0.3787686502306841,False,False,0.3770912048217046,0.27998027749402127,2.053690081696067,False
2.488,2.048138543651928,6.197904576149832,0.27998027749402127,2.053690081696067,2.0525595281122064,-0.00555153804413866,-0.004420984460278277,-0.0005305181352333932,0.004753205212056126,0.37520052268669296,0.3794232097635157,0.3794232097635157,False,False,0.37767734335469855,0.2841125845398019,2.066153522890336,False
2.49,2.060501539633226,6.1650584603004015,0.2841125845398019,2.066153522890336,2.067593532308768,-0.005651983257109805,-0.007091992675542169,-0.0008510391210650603,0.004744694820845476,0.3758782938934198,0.3797719495932002,0.3797719495932002,False,False,0.3787686502306841,0.2882697729540763,2.0785942071371863,False
2.492,2.072798646064495,6.132015201706841,0.2882697729540763,2.0785942071371863,2.07529794363857,-0.005795561072691413,-0.0024992975740749657,-0.0002999157088889959,0.004741695663756586,0.3765454207888588,0.3809872007437264,0.3809872007437264,False,False,0.3794232097635157,0.2924517062686664,2.090966657295059,False
2.494,2.0850294697158436,6.098775857007724,0.2924517062686664,2.090966657295059,2.092170691045672,-0.005937187579215575,-0.007141221329828529,-0.0008569465595794234,0.004733126198160791,0.37720188204000454,0.38107806167858593,0.38107806167858593,False,False,0.3797719495932002,0.2966581854771857,2.103239604259654,False
2.496,2.0971936194769225,6.065341489111982,0.2966581854771857,2.103239604259654,2.1041352121636994,-0.0060459847827316615,-0.006941592686776854,-0.0008329911224132224,0.004724796286936659,0.37784765665491116,0.3817394618194346,0.3817394618194346,False,False,0.3809872007437264,0.3008891952079831,2.1155048653986785,False
2.498,2.109290706369452,6.031713167164864,0.3008891952079831,2.1155048653986785,2.117169703913612,-0.006214159029226618,-0.007878997544159994,-0.0009454797052991992,0.004715341489883667,0.3784827239833643,0.3822525857679488,0.3822525857679488,False,False,0.38107806167858593,0.3051444848117403,2.1276448018785934,False
2.5,2.121320343559642,5.997891966513795,0.3051444848117403,2.1276448018785934,2.1272576467702375,-0.006324458318951454,-0.005937303210595601,-0.0007124763852714721,0.004708216726030953,0.37910706371754094,0.38310280405830044,0.38310280405830044,False,False,0.3817394618194346,0.3094239258652214,2.139720526740553,False
2.5020000000000002,2.1332821463705782,5.963878968673945,0.3094239258652214,2.139720526740553,2.138732761304976,-0.006438380369974794,-0.005450614934397802,-0.0006540737921277361,0.0047016759881096755,0.3797206558926592,0.3837682580886411,0.3837682580886411,False,False,0.3822525857679488,0.31372736030805926,2.1517172214189486,False
2.504,2.1451757322945086,5.929675261293682,0.31372736030805926,2.1517172214189486,2.151627464561345,-0.00654148912443997,-0.006451732266836263,-0.0007742078720203515,0.004693933909389472,0.38032348088761603,0.38424320692498515,0.38424320692498515,False,False,0.38310280405830044,0.31805470240487704,2.1636710484088906,False
2.5060000000000002,2.1570007210050903,5.895281938119757,0.31805470240487704,2.1636710484088906,2.163251252191514,-0.006670327403800247,-0.0062505311864238244,-0.0007500637423708589,0.004686433271965763,0.3809155194256159,0.38485188895521083,0.38485188895521083,False,False,0.3837682580886411,0.32240582867329887,2.175563134210899,False
2.508,2.1687567343695306,5.860700098962382,0.32240582867329887,2.175563134210899,2.1764597553198817,-0.006806399841368549,-0.007703020950351025,-0.000924362514042123,0.0046771896468253416,0.3814967525747856,0.38524957970756885,0.38524957970756885,False,False,0.38424320692498515,0.3267805770967721,2.187374211736619,False
2.5100000000000002,2.18044339646071,5.825930849659973,0.3267805770967721,2.187374211736619,2.188691024565543,-0.006930815275909108,-0.008247628104832927,-0.0009897153725799512,0.004667292493099542,0.38206716174878164,0.3857447388693012,0.3857447388693012,False,False,0.38485188895521083,0.33117881544352096,2.1991191733744224,False
2.512,2.192060333569164,5.7909753020439,0.33117881544352096,2.1991191733744224,2.1998623458289286,-0.0070588398052584544,-0.0078020122597646235,-0.0009362414711717548,0.004657930078387824,0.38262672870738235,0.3863484173145984,0.3863484173145984,False,False,0.38524957970756885,0.3356003687540051,2.2107766552420824,False
2.5140000000000002,2.2036071742150702,5.755834573902827,0.3356003687540051,2.2107766552420824,2.2102848611928647,-0.007169481027012203,-0.0066776869777944725,-0.0008013224373353367,0.004649916854014471,0.38317543555707306,0.3870240299737522,0.3870240299737522,False,False,0.3857447388693012,0.3400450844019247,2.2223578239597868,False
2.516,2.215083549160101,5.720509788947047,0.3400450844019247,2.2223578239597868,2.2241616065382623,-0.007274274799685898,-0.009078057378161475,-0.0010893668853793768,0.004639023185160677,0.383713264751617,0.3872629210513983,0.3872629210513983,False,False,0.3863484173145984,0.344512834162747,2.2338748804111286,False
2.5180000000000002,2.226489091419249,5.685002076772497,0.344512834162747,2.2338748804111286,2.2337993551080366,-0.007385788991879583,-0.0073102636887876216,-0.0008772316426545146,0.004630250868734131,0.38424019909261736,0.387993218318697,0.387993218318697,False,False,0.3870240299737522,0.34900350628455407,2.24533606090354,False
2.52,2.2378234362725458,5.649312572824674,0.34900350628455407,2.24533606090354,2.2438344737092426,-0.007512624630994225,-0.006011037436696842,-0.000721324492403621,0.004623037623810095,0.3847562217300662,0.38865793486147265,0.38865793486147265,False,False,0.3872629210513983,0.35351689879472514,2.256696255085537,False
2.5220000000000002,2.2490862212767424,5.613442418362292,0.35351689879472514,2.256696255085537,2.257985827890235,-0.007610033808794547,-0.008899606613492761,-0.0010679527936191312,0.004612358095873903,0.38526131616288456,0.3888057214651393,0.3888057214651393,False,False,0.387993218318697,0.35805291484118845,2.268008023231668,False
2.524,2.260277086276881,5.577392760420825,0.35805291484118845,2.268008023231668,2.2692482879257145,-0.007730936954787104,-0.008971201648833471,-0.0010765441978600166,0.004601592653895303,0.3857554662394488,0.3892805146954841,0.3892805146954841,False,False,0.38865793486147265,0.3626114449040472,2.2792650314293565,False
2.5260000000000002,2.2713956734178313,5.541164751775777,0.3626114449040472,2.2792650314293565,2.2785038672029807,-0.007869358011525218,-0.007108193785149375,-0.0008529832542179249,0.004593062821353124,0.3862386561581081,0.3899787357252433,0.3899787357252433,False,False,0.3888057214651393,0.3671922724225805,2.2904137592666594,False
2.528,2.282441627155708,5.504759550905899,0.3671922724225805,2.2904137592666594,2.287727244928923,-0.007972132110951158,-0.005285617773215012,-0.0006342741327858014,0.004586720080025266,0.38671087046768887,0.39066331641492835,0.39066331641492835,False,False,0.3892805146954841,0.37179525169181804,2.301489634618776,False
2.5300000000000002,2.293414594269276,5.46817832195603,0.37179525169181804,2.301489634618776,2.3050316342892145,-0.008075040349500018,-0.011617040019938685,-0.001394044802392642,0.004572779632001339,0.38717209406799,0.3903508288975987,0.3903508288975987,False,False,0.3899787357252433,0.3764202853942434,2.3125168512126613,False
2.532,2.3043142238712053,5.431422234699997,0.3764202853942434,2.3125168512126613,2.310758523513078,-0.008202627341455937,-0.006444299641872764,-0.0007733159570247316,0.004565046472431092,0.3876223122102645,0.3914140427256709,0.3914140427256709,False,False,0.39066331641492835,0.3810672744259179,2.3234945158372575,False
2.5340000000000003,2.315140167419325,5.394492464503102,0.3810672744259179,2.3234945158372575,2.322799739494701,-0.008354348417932478,-0.00765957207537582,-0.0009191486490450983,0.0045558549859406414,0.38806151049769194,0.3916982168345875,0.3916982168345875,False,False,0.3903508288975987,0.3857359119868986,2.3343187804903414,False
2.536,2.325892078727747,5.357390192284613,0.3857359119868986,2.3343187804903414,2.333651542995507,-0.008426701762594302,-0.0077594642677598635,-0.0009311357121311836,0.004546543628819329,0.3884896748858384,0.39210508280252654,0.39210508280252654,False,False,0.3914140427256709,0.3904261827210969,2.3451353670991635,False
2.5380000000000003,2.3365696139779506,5.320116604479941,0.3904261827210969,2.3451353670991635,2.3471547780300583,-0.008565753121212882,-0.010585164052107743,-0.001270219686252929,0.0045338414319568,0.3889067916831059,0.39217041342880976,0.39217041342880976,False,False,0.3916982168345875,0.3951379083107786,2.3558627948408355,False
2.54,2.347172431729764,5.282672893002758,0.3951379083107786,2.3558627948408355,2.3568623884859905,-0.00869036311107152,-0.009689956756226525,-0.001162794810747183,0.0045222134838493275,0.38931284755116996,0.3926722662242721,0.3926722662242721,False,False,0.39210508280252654,0.3998709380901435,2.366514889682463,False
2.5420000000000003,2.3577001929322954,5.245060255206828,0.3998709380901435,2.366514889682463,2.3696718508223946,-0.008814696750167439,-0.011971657890099241,-0.001436598946811909,0.0045078474943812084,0.3897078295054063,0.39277907805297557,0.39277907805297557,False,False,0.39217041342880976,0.4046250515324303,2.3770567211433797,False
2.544,2.368152560934763,5.207279893847771,0.4046250515324303,2.3770567211433797,2.376173146038748,-0.00890416020861684,-0.008020585103984956,-0.0009624702124781948,0.004498222792256427,0.3900917249153058,0.39362747749508403,0.39362747749508403,False,False,0.3926722662242721,0.4094001219427191,2.387535205144397,False
2.5460000000000003,2.3785292014972734,5.1693330170445435,0.4094001219427191,2.387535205144397,2.3898156075234276,-0.009006003647123784,-0.011286406026154161,-0.0013543687231384993,0.004484679105025042,0.3904645215048789,0.3935948318867655,0.3935948318867655,False,False,0.39277907805297557,0.414195941297559,2.3979096774199475,False
2.548,2.3888297828014897,5.131220838240888,0.414195941297559,2.3979096774199475,2.397037983162646,-0.009079894618457818,-0.008208200361156326,-0.0009849840433387592,0.004474829264591654,0.39082620735304735,0.39431605257430025,0.39431605257430025,False,False,0.39362747749508403,0.41901245914841184,2.4082589254264377,False
2.5500000000000003,2.399053975461273,5.092944576166414,0.41901245914841184,2.4082589254264377,2.409109578418999,-0.009204949965164744,-0.010055602957725895,-0.0012066723549271074,0.004462762541042383,0.3911767708940264,0.3944328610801417,0.3944328610801417,False,False,0.3935948318867655,0.42384944111102474,2.4184909813064506,False
2.552,2.4092014525331784,5.054505454797761,0.42384944111102474,2.4184909813064506,2.4158042411091167,-0.00928952877327216,-0.006602788575938323,-0.0007923346291125987,0.004454839194751257,0.39151620091769374,0.3951787054833324,0.3951787054833324,False,False,0.39431605257430025,0.42870681323700316,2.4286860629891973,False
2.5540000000000003,2.4192718895269425,5.015904703319339,0.42870681323700316,2.4286860629891973,2.429468032470511,-0.009414173462254816,-0.010196142943568631,-0.0012235371532282357,0.004442603823218975,0.3918444865699486,0.3950635532399393,0.3950635532399393,False,False,0.3944328610801417,0.4335843758273439,2.4387812951703567,False
2.556,2.429264964415837,4.9771435560841075,0.4335843758273439,2.4387812951703567,2.437049667682789,-0.009516330754519853,-0.007784703266952242,-0.000934164392034269,0.004433262179298632,0.3921616173530584,0.39566071514032275,0.39566071514032275,False,False,0.3951787054833324,0.43848206309817833,2.4488436354172327,False
2.5580000000000003,2.439180357646982,4.938223252574044,0.43848206309817833,2.4488436354172327,2.449388921524519,-0.009663277770250556,-0.010208563877536658,-0.0012250276653043989,0.0044210119026455875,0.39246758312599483,0.395663567363336,0.395663567363336,False,False,0.3950635532399393,0.4433996296966357,2.458783299228682,False
2.56,2.4490177521515513,4.89914503736056,0.4433996296966357,2.458783299228682,2.4580261722339234,-0.009765547077130954,-0.009008420082372126,-0.0010810104098846552,0.004410201798546741,0.39276237410475784,0.39609156549341995,0.39609156549341995,False,False,0.39566071514032275,0.44833698212529033,2.4686762143273024,False
2.562,2.4587768333549227,4.859910160064661,0.44833698212529033,2.4686762143273024,2.472139118567223,-0.009899380972379745,-0.013362285212300318,-0.0016034742254760381,0.004394167056291981,0.3930459808626887,0.39583667369350467,0.39583667369350467,False,False,0.395663567363336,0.4532939034664781,2.4784606705938645,False
2.564,2.4684572891867314,4.820519875317002,0.4532939034664781,2.4784606705938645,2.476452968776838,-0.010003381407133194,-0.007995679590106608,-0.0009594815508127929,0.004384572240783853,0.39331839433077126,0.3967434850207423,0.3967434850207423,False,False,0.39609156549341995,0.45827026821251726,2.4881823730196064,False
2.566,2.4780588100908467,4.780975442717788,0.45827026821251726,2.4881823730196064,2.48812880537308,-0.01012356292875971,-0.01006999528223318,-0.0012083994338679814,0.004372488246445173,0.3935796057979222,0.3967436946104994,0.3967436946104994,False,False,0.39583667369350467,0.46326580923873845,2.4977705131105847,False
2.568,2.487581089035279,4.7412781267964546,0.46326580923873845,2.4977705131105847,2.4955838758808295,-0.010189424075305542,-0.008002786845550336,-0.0009603344214660403,0.0043628849022305126,0.39382960691126917,0.39723215739203366,0.39723215739203366,False,False,0.3967434850207423,0.46828050561705564,2.5073481891586034,False
2.57,2.4970238215219887,4.701429196971272,0.46828050561705564,2.5073481891586034,2.5080298456119,-0.010324367636614706,-0.01100602408991147,-0.0013207228907893764,0.004349677673322619,0.3940683896764183,0.3970973444589515,0.3970973444589515,False,False,0.3967436946104994,0.4733141468075806,2.5168205952624754,False
2.572,2.5063867055966336,4.6614299275087125,0.4733141468075806,2.5168205952624754,2.5144673894487553,-0.0104338896658418,-0.008080683852121684,-0.000969682062254602,0.004339980852700073,0.3942959464577098,0.3976662452481553,0.3976662452481553,False,False,0.39723215739203366,0.4783666268249222,2.5262400086707886,False
2.574,2.5156694418582095,4.621281597482758,0.4783666268249222,2.5262400086707886,2.524496929550684,-0.010570566812579063,-0.008827487692474545,-0.0010592985230969453,0.004329387867469104,0.39451226997846184,0.397782359322834,0.397782359322834,False,False,0.3970973444589515,0.4834377103352656,2.5355417551717,False
2.576,2.524871733468644,4.580985490733926,0.4834377103352656,2.5355417551717,2.534693274772742,-0.010670021703055976,-0.00982154130409807,-0.0011785849564917683,0.004317602017904186,0.39471735332120367,0.39785637038261606,0.39785637038261606,False,False,0.3976662452481553,0.4885273119491738,2.544800806954095,False
2.578,2.53399328616227,4.540542895828286,0.4885273119491738,2.544800806954095,2.5443994614840397,-0.01080752079182501,-0.010406175321769684,-0.001248741038612362,0.004305114607518062,0.39491118992789626,0.39796756349680196,0.39796756349680196,False,False,0.397782359322834,0.4936352524026622,2.5539702267441884,False
2.58,2.5430338082552493,4.499955106016193,0.4936352524026622,2.5539702267441884,2.5529754153178614,-0.010936418488939115,-0.009941607062612157,-0.0011929928475134589,0.004293184679042928,0.3950937736001425,0.39819396543167196,0.39819396543167196,False,False,0.39785637038261606,0.49876134558613255,2.563046591735169,False
2.582,2.55199301065489,4.4592234191909945,0.49876134558613255,2.563046591735169,2.561984059566969,-0.011053581080278985,-0.009991048912079137,-0.0011989258694494963,0.004281195420348433,0.3952650984993853,0.39834736805028426,0.39834736805028426,False,False,0.39796756349680196,0.5039054152218773,2.572034817872363,False
2.584,2.5608706068688996,4.418349137847465,0.5039054152218773,2.572034817872363,2.571087651696489,-0.011164211003463542,-0.010217044827589561,-0.0012260453793107474,0.004268934966555326,0.3954251591470943,0.3984680487343389,0.3984680487343389,False,False,0.39819396543167196,0.5090673110947522,2.5809479364374615,False
2.586,2.5696663130145367,4.3773335690402115,0.5090673110947522,2.5809479364374615,2.5770304151416537,-0.011281623422924714,-0.007364102127116912,-0.0008836922552540293,0.004260098044002785,0.3955739504249406,0.39895035621368935,0.39895035621368935,False,False,0.39834736805028426,0.5142468693549845,2.5897791301161486,False
2.588,2.5783798478277,4.336178024341827,0.5142468693549845,2.5897791301161486,2.5896735126074897,-0.011399282288448553,-0.011293664779789658,-0.001355239773574759,0.004246545646267037,0.39571146757496123,0.3986027734476535,0.3986027734476535,False,False,0.3984680487343389,0.5194439211021249,2.5985258735701544,False
2.59,2.58701093267191,4.294883819800999,0.5194439211021249,2.5985258735701544,2.600196624681514,-0.01151494089824423,-0.013185692009603844,-0.0015822830411524613,0.004230722815855513,0.39583770619971065,0.3984861459744137,0.3984861459744137,False,False,0.39895035621368935,0.5246583750169657,2.607226957420363,False
2.592,2.595559291547234,4.25345227590037,0.5246583750169657,2.607226957420363,2.603007837864846,-0.01166766587312873,-0.007448546317611715,-0.0008938255581134058,0.004221784560274378,0.39595266226240183,0.3992806212645628,0.3992806212645628,False,False,0.3986027734476535,0.5298899670056811,2.615795994357741,False
2.594,2.6040246510990928,4.211884717514386,0.5298899670056811,2.615795994357741,2.619244590103515,-0.011771343258648148,-0.015219939004422312,-0.0018263926805306774,0.004203520633469071,0.3960563320870348,0.39843346003997315,0.39843346003997315,False,False,0.3984861459744137,0.5351384842396566,2.6242586169877296,False
2.596,2.6124067406270215,4.170182473866843,0.5351384842396566,2.6242586169877296,2.62328174734252,-0.011851876360708058,-0.010875006715498348,-0.0013050008058598016,0.004190470625410473,0.3961487123585148,0.39903418217806547,0.39903418217806547,False,False,0.3992806212645628,0.540403907014389,2.6327113873661774,False
2.598,2.620705292093311,4.1283468784884585,0.540403907014389,2.6327113873661774,2.6283622348498885,-0.012006095272866446,-0.007656942756577578,-0.0009188331307893094,0.0041812822941025805,0.39622980012275777,0.399492249286071,0.399492249286071,False,False,0.39843346003997315,0.5456858720842681,2.640982534939529,False
2.6,2.628920040131591,4.086379269174169,0.5456858720842681,2.640982534939529,2.6418600779150494,-0.012062494807937973,-0.012940037783458536,-0.0015528045340150241,0.004165754248762431,0.39629959278678534,0.39891254250153274,0.39891254250153274,False,False,0.39903418217806547,0.5509843233829442,2.649225649338033,False
2.602,2.637050722055302,4.044280987940406,0.5509843233829442,2.649225649338033,2.650678042966073,-0.012174927282730952,-0.013627320910770901,-0.0016352785092925081,0.004149401463669505,0.39635808811880713,0.3988722110731841,0.3988722110731841,False,False,0.399492249286071,0.5562991755885512,2.657426102803523,False
2.604,2.6450970778661103,4.002053380982122,0.5562991755885512,2.657426102803523,2.65636998722848,-0.012329024937412836,-0.011272909362369798,-0.0013527491234843758,0.004135873972434661,0.3964052842482925,0.3991884090972428,0.3991884090972428,False,False,0.39891254250153274,0.5616301270079592,2.665475709703984,False
2.606,2.6530588502622097,3.95969779862981,0.5616301270079592,2.665475709703984,2.6651793709972824,-0.012416859441774175,-0.012120520735072748,-0.0014544624882087299,0.004121329347552574,0.3964411796660306,0.39910804652537446,0.39910804652537446,False,False,0.3988722110731841,0.566976992209577,2.6734326008088813,False
2.608,2.6609357846465587,3.9172155953062515,0.566976992209577,2.6734326008088813,2.6752248659281377,-0.012496816162322677,-0.01428908128157902,-0.0017146897537894821,0.00410418245001468,0.396465773224178,0.39885526592040316,0.39885526592040316,False,False,0.3991884090972428,0.5723396624574092,2.681335123916087,False
2.61,2.6687276291350126,3.8746081294832737,0.5723396624574092,2.681335123916087,2.680788817478936,-0.012607494781074369,-0.012061188343923224,-0.0014473426012707867,0.004089709024001972,0.3964790641362958,0.399121430559027,0.399121430559027,False,False,0.39910804652537446,0.5777179471712889,2.6891423569398603,False
2.612,2.6764341345643903,3.831876763638242,0.5777179471712889,2.6891423569398603,2.6876449801490936,-0.01270822237546998,-0.01121084558470331,-0.0013453014701643971,0.004076256009300328,0.3964810519773748,0.39921200651651073,0.39921200651651073,False,False,0.39885526592040316,0.583111621761951,2.6968372953310675,False
2.614,2.6840550545004245,3.789022864210573,0.583111621761951,2.6968372953310675,2.69551340203247,-0.012782240830643055,-0.011458347532045554,-0.0013750017038454665,0.0040625059922618735,0.39647173668384894,0.39915924097226535,0.39915924097226535,False,False,0.399121430559027,0.5885205727759767,2.7044755070128605,False
2.616,2.6915901452456623,3.7460478015579466,0.5885205727759767,2.7044755070128605,2.70588341710377,-0.012885361767198233,-0.01429327185810747,-0.0017151926229728963,0.004045354066032144,0.39645111855359727,0.3987812799966565,0.3987812799966565,False,False,0.39921200651651073,0.5939446512390265,2.712039231524911,False
2.618,2.699039165847242,3.7029529499125653,0.5939446512390265,2.712039231524911,2.7136341167747817,-0.013000065677668982,-0.014594950927539596,-0.0017513941113047515,0.004027840124919097,0.3964191982459349,0.39869564425954923,0.39869564425954923,False,False,0.39915924097226535,0.599383679798879,2.7195142799262406,False
2.62,2.7064018781046086,3.659739687337148,0.599383679798879,2.7195142799262406,2.7197923128599375,-0.01311240182163198,-0.013390434755328862,-0.0016068521706394633,0.004011771603212703,0.3963759767815913,0.39878089621416457,0.39878089621416457,False,False,0.3987812799966565,0.6048374149572954,2.7268675792081996,False
2.622,2.71367804657712,3.61640939568092,0.6048374149572954,2.7268675792081996,2.727856086850791,-0.01318953263107936,-0.014178040273670867,-0.001701364832840504,0.003994757954884297,0.3963214555426778,0.3986148486647216,0.3986148486647216,False,False,0.39869564425954923,0.6103056771056616,2.7341310741831566,False
2.624,2.7208674385915903,3.572963460535367,0.6103056771056616,2.7341310741831566,2.7310833546553472,-0.013263635591566292,-0.010215916063756936,-0.0012259099276508323,0.003982498855607789,0.3962556362726437,0.39901222520060065,0.39901222520060065,False,False,0.39878089621416457,0.6157883243936686,2.7413236440034585,False
2.626,2.7279698242497137,3.529403271189985,0.6157883243936686,2.7413236440034585,2.7409221982889496,-0.013353819753744833,-0.012952374039235881,-0.0015542848847083057,0.0039669560067607055,0.39617852107622037,0.39859119219827277,0.39859119219827277,False,False,0.3986148486647216,0.6212851639084643,2.748419757397887,False
2.628,2.734984976435433,3.4857302205877922,0.6212851639084643,2.748419757397887,2.7501272845427005,-0.013434780962453985,-0.015142308107267688,-0.0018170769728721224,0.003948785237031984,0.39609011241935377,0.39822182068351364,0.39822182068351364,False,False,0.39901222520060065,0.6267961228386534,2.755479465094501,False
2.63,2.741912670822183,3.441945705280874,0.6267961228386534,2.755479465094501,2.7552344214520783,-0.013566794272318106,-0.01332175062989549,-0.0015986100755874587,0.003932799136276109,0.3959904131291259,0.3983246021898146,0.3983246021898146,False,False,0.39859119219827277,0.6323209577988103,2.762417480078427,False
2.632,2.7487526858800857,3.3980511253855967,0.6323209577988103,2.762417480078427,2.762659381670576,-0.013664794198341212,-0.013906695790490087,-0.0016688034948588103,0.003916111101327521,0.395879426393664,0.3981267340001327,0.3981267340001327,False,False,0.39822182068351364,0.6378594388970451,2.769240549117444,False
2.634,2.7555048028830136,3.3540478845379833,0.6378594388970451,2.769240549117444,2.7683777376099554,-0.013735746234430302,-0.012872934726941843,-0.001544752167233021,0.0039006635796551906,0.3957571557620391,0.3981130671744613,0.3981130671744613,False,False,0.3983246021898146,0.6434114376373447,2.775999370149781,False
2.636,2.7621688059156,3.3099373898487015,0.6434114376373447,2.775999370149781,2.7748198586442596,-0.013830564234181164,-0.012651052728659629,-0.0015181263274391553,0.003885482316380799,0.3956236051441521,0.3979909611330938,0.3979909611330938,False,False,0.3981267340001327,0.6489767639804417,2.782663171548507,False
2.638,2.768744481880132,3.265721051858156,0.6489767639804417,2.782663171548507,2.785301962833707,-0.013918689668374729,-0.0165574809535749,-0.001986897714428988,0.0038656133392365095,0.395478778810609,0.3973574944354165,0.3973574944354165,False,False,0.3981130671744613,0.6545552685479179,2.7892522837381044,False
2.64,2.7752316205033742,3.2214002844913203,0.6545552685479179,2.7892522837381044,2.788296103015455,-0.014020663234730169,-0.013064482512080922,-0.0015677379014497105,0.0038499359602220122,0.39532268139258403,0.3976048794513563,0.3976048794513563,False,False,0.3979909611330938,0.6601467808964336,2.79575617425787,False
2.642,2.781630014343283,3.176976505012579,0.6601467808964336,2.79575617425787,2.794097619342384,-0.014126159914586989,-0.012467604999101045,-0.0014961125998921253,0.003834974834223091,0.3951553178816721,0.397494180116003,0.397494180116003,False,False,0.3973574944354165,0.66575102537779,2.802122240678144,False
2.644,2.7879394587956496,3.1324511339803536,0.66575102537779,2.802122240678144,2.79946130692165,-0.014182781882494222,-0.011521848126000211,-0.0013826217751200253,0.003821148616471891,0.3949766936297285,0.39741522047108035,0.39741522047108035,False,False,0.3976048794513563,0.6713679138239526,2.80844422308128,False
2.646,2.7941597521006356,3.087825595201727,0.6713679138239526,2.80844422308128,2.8073664737528508,-0.014284470980644226,-0.013206721652215148,-0.0015848065982658175,0.0038053005504892325,0.39478681434869844,0.39700730830092185,0.39700730830092185,False,False,0.397494180116003,0.6769972840535056,2.8146851147764957,False
2.648,2.8002906953492297,3.043101315686858,0.6769972840535056,2.8146851147764957,2.809926945808927,-0.014394419427266048,-0.009636250459697404,-0.0011563500551636885,0.0037937370499375954,0.3945856861104337,0.3972230731052076,0.3972230731052076,False,False,0.39741522047108035,0.6826389823142422,2.820849130368329,False
2.65,2.806332092489601,2.998279725603435,0.6826389823142422,2.820849130368329,2.821972210251728,-0.014517037878727823,-0.015640117762127037,-0.0018768141314552443,0.003774968908623043,0.3943733153464994,0.3962714701236672,0.3962714701236672,False,False,0.39700730830092185,0.6882927876617592,2.8269026737584793,False
2.652,2.8122837503333824,2.953362258230812,0.6882927876617592,2.8269026737584793,2.8307055662330787,-0.014618923425096852,-0.01842181589969627,-0.0022106179079635522,0.0037528627295434075,0.394149708847967,0.39569195366954685,0.39569195366954685,False,False,0.3972230731052076,0.693958612178193,2.832912258216914,False
2.654,2.8181454785618287,2.908350349914329,0.693958612178193,2.832912258216914,2.831447994478981,-0.014766779655085216,-0.01330251591715248,-0.0015963019100582974,0.0037368997104428245,0.39391487376519874,0.39605547156558324,0.39605547156558324,False,False,0.3962714701236672,0.6996361244660696,2.8387561439383227,False
2.656,2.8239170897319212,2.8632454400192504,0.6996361244660696,2.8387561439383227,2.837094653346276,-0.014839054206401414,-0.013177563614354959,-0.0015813076337225951,0.0037210866341055985,0.39366881760761757,0.39580859660800055,0.39580859660800055,False,False,0.39569195366954685,0.7053250746858246,2.8444751098775205,False
2.658,2.8295983992823475,2.818048970884825,0.7053250746858246,2.8444751098775205,2.845197946291361,-0.014876710595173037,-0.015599547009013559,-0.001871945641081627,0.0037023671776947823,0.39341154824346775,0.3952419697800809,0.3952419697800809,False,False,0.39605547156558324,0.7110254132153397,2.850169264757542,False
2.66,2.8351892255394144,2.7727623877781062,0.7110254132153397,2.850169264757542,2.853012939102794,-0.014980039218127406,-0.017823713563379417,-0.00213884562760553,0.003680978721418727,0.3931430738995632,0.3946852069933764,0.3946852069933764,False,False,0.39580859660800055,0.7167369631621084,2.8557749733843747,False
2.662,2.8406893897228476,2.727387138847786,0.7167369631621084,2.8557749733843747,2.8559460003370507,-0.015085583661527124,-0.015256610614203137,-0.0018307932737043763,0.003662670788681683,0.3928634031610243,0.3946952806760016,0.3946952806760016,False,False,0.3952419697800809,0.7224594826224319,2.8612597301616884,False
2.664,2.846098715951517,2.681924675077836,0.7224594826224319,2.8612597301616884,2.8598566755962396,-0.015161014210171242,-0.013757959644722373,-0.0016509551573666847,0.003646161237108016,0.39257254497100336,0.3945677510507447,0.3945677510507447,False,False,0.3946852069933764,0.7281927344174962,2.866625897532171,False
2.666,2.8514170312490537,2.63637645024116,0.7281927344174962,2.866625897532171,2.8641331347686005,-0.015208866283117128,-0.012716103519546884,-0.001525932422345626,0.00363090191288456,0.39227050863039864,0.3943754781209376,0.3943754781209376,False,False,0.3946952806760016,0.7339366026711317,2.871934126817739,False
2.668,2.856644165549388,2.5907439208530487,0.7339366026711317,2.871934126817739,2.870612608799936,-0.015289961268350805,-0.013968443250548024,-0.0016762131900657628,0.0036141397809839023,0.3919573037975569,0.393895230388475,0.393895230388475,False,False,0.3945677510507447,0.7396909439669973,2.8771706479327785,False
2.67,2.86177995170218,2.5450285461246893,0.7396909439669973,2.8771706479327785,2.8770843318379953,-0.015390696230598522,-0.015304380135815254,-0.0018365256162978304,0.003595774524820924,0.39163294048796504,0.3933921893964881,0.3933921893964881,False,False,0.3943754781209376,0.7454556029081848,2.8823294705937736,False
2.672,2.8668242254781755,2.4992317879163743,0.7454556029081848,2.8823294705937736,2.883507481348951,-0.015505245115598143,-0.01668325587077568,-0.002001990704493082,0.003575754617775993,0.3912974290739286,0.3928711929872115,0.3928711929872115,False,False,0.393895230388475,0.7512303655043818,2.887381298098505,False
2.674,2.8717768255744445,2.4533551106909086,0.7512303655043818,2.887381298098505,2.887954702113679,-0.015604472524060498,-0.016177876539234415,-0.0019413451847081298,0.003556341165928912,0.3909507802842419,0.3925657762654627,0.3925657762654627,False,False,0.3933921893964881,0.7570150153448765,2.8923249202473245,False
2.676,2.876637593619551,2.4073999814666456,0.7570150153448765,2.8923249202473245,2.8905965412818198,-0.0156873266277735,-0.013958947662268795,-0.0016750737194722552,0.0035395904287341892,0.390593005203843,0.3924575219131049,0.3924575219131049,False,False,0.3928711929872115,0.7628093346382075,2.8971596466655467,False
2.678,2.8814063741786082,2.361367869770667,0.7628093346382075,2.8971596466655467,2.895845051066424,-0.015753272486938474,-0.014438676887815749,-0.0017326412265378898,0.0035222640164688105,0.3902241152734607,0.3920137380633916,0.3920137380633916,False,False,0.3925657762654627,0.7686131531294583,2.901909245625416,False
2.68,2.886083014758258,2.3152602475917283,0.7686131531294583,2.901909245625416,2.9001520165652512,-0.015826230867157953,-0.014069001806993331,-0.0016882802168391997,0.0035053812143004187,0.3898441222892481,0.3916612232867093,0.3916612232867093,False,False,0.3924575219131049,0.7744263437210894,2.90659529581557,False
2.682,2.8906673658115363,2.2690785893332452,0.7744263437210894,2.90659529581557,2.906313297713404,-0.015927930004033808,-0.015645931901867804,-0.0018775118282241365,0.0034866060960181775,0.38945303840240536,0.3910621326701994,0.3910621326701994,False,False,0.3920137380633916,0.7802487104531235,2.911183366017013,False
2.684,2.8951592807426665,2.2228243717660874,0.7802487104531235,2.911183366017013,2.915725911194856,-0.01602408527434651,-0.02056663045218965,-0.002467995654262758,0.0034619261394755498,0.3890508761187912,0.390044806604004,0.390044806604004,False,False,0.3916612232867093,0.7860800786315536,2.9156840892150577,False
2.686,2.8995586159117384,2.1764990739814163,0.7860800786315536,2.9156840892150577,2.9168049018443676,-0.01612547330331937,-0.017246285932629224,-0.002069554311915507,0.003441230596356395,0.3886376482985234,0.3900093245829643,0.3900093245829643,False,False,0.3910621326701994,0.7919202238500292,2.920072609237842,False
2.688,2.903865230639308,2.1301041773433163,0.7919202238500292,2.920072609237842,2.917725945896213,-0.016207378598534383,-0.01386071525690502,-0.0016632858308286023,0.003424597738048109,0.3882133681555665,0.389974680062786,0.389974680062786,False,False,0.390044806604004,0.7977688365909453,2.924306370458016,False
2.69,2.908078987210887,2.0836411654415268,0.7977688365909453,2.924306370458016,2.928252545474074,-0.016227383247128913,-0.020173558263187008,-0.0024208269915824408,0.0034003894681322844,0.3877780492573108,0.38875761173386064,0.38875761173386064,False,False,0.3900093245829643,0.8036258163369387,2.9284898729967086,False
2.692,2.912199750881362,2.037111524043855,0.8036258163369387,2.9284898729967086,2.9286528455825063,-0.016290122115346417,-0.01645309470114409,-0.0019743713641372906,0.0033806457544909114,0.3873317055241368,0.38873797991449044,0.38873797991449044,False,False,0.389974680062786,0.8094910638510533,2.932623757057291,False
2.694,2.9162273898792854,1.9905167410488298,0.8094910638510533,2.932623757057291,2.9301066113678162,-0.016396367178005633,-0.013879221488530824,-0.0016655065786236988,0.0033639906887046743,0.3868743512289718,0.3885728353390528,0.3885728353390528,False,False,0.38875761173386064,0.8153642333884359,2.936584768691297,False
2.696,2.920161775411102,1.9438583064379835,0.8153642333884359,2.936584768691297,2.937043321728738,-0.016422993280195364,-0.016881546317636165,-0.0020257855581163396,0.003343732833123511,0.3864060009968317,0.38772394827183887,0.38772394827183887,False,False,0.38873797991449044,0.821245233747675,2.9405001796195287,False
2.698,2.9240027816652603,1.897137712228299,0.821245233747675,2.9405001796195287,2.94184055605415,-0.01649739795426841,-0.01783777438888956,-0.002140532926666747,0.0033223275038568438,0.3859266698043551,0.38710846438154517,0.38710846438154517,False,False,0.3885728353390528,0.8271339442596927,2.944355256008855,False
2.7,2.9277502858162423,1.8503564524244356,0.8271339442596927,2.944355256008855,2.9415961355525364,-0.016604970192612534,-0.013845849736294102,-0.0016615019683552921,0.003305712484173291,0.38543637297932276,0.38708058349514074,0.38708058349514074,False,False,0.38772394827183887,0.8330301024067044,2.9480790735058418,False
2.702,2.931404168028483,1.80351602297101,0.8330301024067044,2.9480790735058418,2.9472808606808174,-0.016674905477358948,-0.0158766926523346,-0.001905203118280152,0.0032866604529904896,0.38493512620016873,0.3863165835348791,0.3863165835348791,False,False,0.38710846438154517,0.8389334974313956,2.951697512345605,False
2.704,2.93496431146021,1.756617921704705,0.8389334974313956,2.951697512345605,2.9491285767322175,-0.016733200885394872,-0.014164265272007537,-0.0016997118326409044,0.0032696633346640806,0.3844229454954784,0.38599289699750156,0.38599289699750156,False,False,0.38708058349514074,0.844844043937132,2.955273252868198,False
2.706,2.938430602267174,1.7096636483064287,0.844844043937132,2.955273252868198,2.955142373040355,-0.01684265060102419,-0.0167117707731812,-0.002005412492781744,0.003249609209736263,0.3838998472434759,0.38514404396043045,0.38514404396043045,False,False,0.3863165835348791,0.8507615033231801,2.9587296930240665,False
2.708,2.941802929606294,1.6626547042532922,0.8507615033231801,2.9587296930240665,2.955214980338176,-0.016926763417772328,-0.013412050731882008,-0.0016094460878258408,0.003233514748858005,0.38336584817150043,0.3849899168325326,0.3849899168325326,False,False,0.38599289699750156,0.8566857318132302,2.962114245025006,False
2.71,2.945081185639196,1.615592592770694,0.8566857318132302,2.962114245025006,2.964593552563004,-0.017033059385810123,-0.019512366923807978,-0.002341484030856957,0.0032100999085494355,0.3828209653554719,0.3836895812331644,0.3836895812331644,False,False,0.38514404396043045,0.8626164772420142,2.9653727143919975,False
2.712,2.9482652655356705,1.568478818784108,0.8626164772420142,2.9653727143919975,2.9646631564128034,-0.01710744885632698,-0.016397890877132948,-0.001967746905255954,0.003190422439496876,0.38226521621934356,0.3834878917535845,0.3834878917535845,False,False,0.3849899168325326,0.8685536356916352,2.9685792248105476,False
2.714,2.951355067477013,1.5213148888711252,0.8685536356916352,2.9685792248105476,2.9671664002186113,-0.017224157333534773,-0.015811332741598516,-0.0018973599289918218,0.0031714488402069577,0.3816986185345467,0.3829727074457618,0.3829727074457618,False,False,0.3836895812331644,0.8744968643712299,2.971614339797322,False
2.716,2.9543504926592905,1.474102311213134,0.8744968643712299,2.971614339797322,2.9726923233557723,-0.01726384713803153,-0.018341830696481765,-0.0022010196835778118,0.0031494386433711797,0.3811211904194206,0.38206960937921397,0.38206960937921397,False,False,0.3834878917535845,0.8804460543142516,2.9745949715108497,False
2.718,2.9572514452964933,1.42684259554719,0.8804460543142516,2.9745949715108497,2.970584308832156,-0.01734352621435642,-0.013332863535662653,-0.0015999436242795184,0.0031334392071283848,0.38053295033863427,0.38206644592148314,0.38206644592148314,False,False,0.3829727074457618,0.8864010321064402,2.9774888960943016,False
2.72,2.9600578326236042,1.3795372531176724,0.8864010321064402,2.9774888960943016,2.976361718171762,-0.01743106347069734,-0.01630388554815765,-0.0019564662657789176,0.0031138745444705958,0.3799339171025954,0.38109132538128704,0.38109132538128704,False,False,0.38206960937921397,0.8923615450110453,2.9802564523025294,False
2.722,2.9627695648995593,1.3321877966280156,0.8923615450110453,2.9802564523025294,2.981932622994058,-0.017486887402970108,-0.019163058094498808,-0.002299566971339857,0.0030908788747571973,0.3793241098668492,0.3801154217702666,0.3801154217702666,False,False,0.38206644592148314,0.8983275315155519,2.982993252253291,False
2.724,2.965386555410122,1.28479574019228,0.8983275315155519,2.982993252253291,2.985876714081416,-0.01760669684316918,-0.020490158671294,-0.00245881904055528,0.0030662906843516445,0.3787035481314658,0.37931101977526216,0.37931101977526216,False,False,0.38109132538128704,0.9042987272564352,2.9855978704416923,False
2.726,2.9679087204706525,1.2373625992867918,0.9042987272564352,2.9855978704416923,2.9867464592213007,-0.017689149971039875,-0.018837738750648203,-0.002260528650077784,0.003043685397850867,0.3780722517404165,0.37885540848818955,0.37885540848818955,False,False,0.3801154217702666,0.9102748706124685,2.9880716780166,False
2.728,2.9703359794287882,1.1898898907016164,0.9102748706124685,2.9880716780166,2.9881196683014672,-0.017735698587811655,-0.017783688872679004,-0.0021340426647214806,0.003022344971203652,0.3774302408809392,0.37831854318742136,0.37831854318742136,False,False,0.37931101977526216,0.9162557387508877,2.9904340692096287,False
2.73,2.9726682546670156,1.1423791324921508,0.9162557387508877,2.9904340692096287,2.9925896172168827,-0.017765814542613168,-0.019921362549867094,-0.002390563505984051,0.0029984393361438114,0.3767775360828936,0.37738541191305336,0.37738541191305336,False,False,0.37885540848818955,0.9222411843252051,2.992722787158685,False
2.732,2.9749054716051626,1.0948318439304408,0.9222411843252051,2.992722787158685,2.991130011847232,-0.017817315553522395,-0.01622454024206954,-0.0019469448290483449,0.002978969887853328,0.3761141582181032,0.3771461832769082,0.3771461832769082,False,False,0.37831854318742136,0.9282310445942387,2.9949301345167982,False
2.734,2.9770475587027714,1.0472495454567592,0.9282310445942387,2.9949301345167982,2.9969242194716696,-0.017882575814026858,-0.01987666076889827,-0.002385199292267792,0.00295511789493065,0.3754401284996896,0.3760100471023525,0.3760100471023525,False,False,0.37738541191305336,0.9342250756280333,2.997015516897281,False
2.736,2.9790944474613976,0.9996337586308477,0.9342250756280333,2.997015516897281,3.0011075870053743,-0.017921069435883563,-0.022013139543976656,-0.0026415767452771985,0.002928702127477878,0.3747554684813928,0.37504259386359345,0.37504259386359345,False,False,0.3771461832769082,0.9402231814810774,2.9990529265220838,False
2.738,2.981046072426791,0.9519860060833565,0.9402231814810774,2.9990529265220838,2.997779596817714,-0.0180068540952929,-0.016733524390923016,-0.0020080229269107616,0.0029086218982087705,0.37406020005688284,0.37496079902818086,0.37496079902818086,False,False,0.3760100471023525,0.9462250794507189,3.000948984820717,False
2.74,2.9829023711909968,0.9043078114670874,0.9462250794507189,3.000948984820717,3.000104450499396,-0.018046613629720376,-0.01720207930839912,-0.0020642495170078946,0.0028879794030386916,0.37335434545905904,0.37417807534508984,0.37417807534508984,False,False,0.37504259386359345,0.9522305252642965,3.0027229067888013,False
2.742,2.984663284394344,0.8566006994083315,0.9522305252642965,3.0027229067888013,3.000257035427531,-0.018059622394457353,-0.015593751033187164,-0.0018712501239824596,0.002869266901798867,0.3726379272593398,0.3736359440371562,0.3736359440371562,False,False,0.37496079902818086,0.9582394627909059,3.0044687633046943,False
2.744,2.9863287557273495,0.8088661954580555,0.9582394627909059,3.0044687633046943,3.005441187696917,-0.018140007577344797,-0.019112431969567467,-0.002293491836348096,0.002846331983435386,0.3719109683669398,0.3724638085140271,0.3724638085140271,False,False,0.37417807534508984,0.9642516897426244,3.0061134758592987,False
2.746,2.9878987319325145,0.7611058260431784,0.9642516897426244,3.0061134758592987,3.006259611864878,-0.018214743926784127,-0.01836087993236335,-0.002203305591883602,0.0028242989275165504,0.3711734920281387,0.37179448536377163,0.37179448536377163,False,False,0.3736359440371562,0.9702670564352787,3.007683346327116,False
2.748,2.9893731628060314,0.7133211184176931,0.9702670564352787,3.007683346327116,3.008454842708472,-0.0183101835210846,-0.019081679902440474,-0.002289801588292857,0.002801400911633622,0.3704255218255363,0.37093712114887706,0.37093712114887706,False,False,0.3724638085140271,0.9762852829077284,3.0091132362248696,False
2.75,2.990752001199384,0.6655136006139255,0.9762852829077284,3.0091132362248696,3.0078558406532414,-0.01836123502548581,-0.017103839453857628,-0.0020524607344629153,0.0027808763042889927,0.36966708167730034,0.3703954972471264,0.3703954972471264,False,False,0.37179448536377163,0.9823061975651951,3.0104573287333607,False
2.7520000000000002,2.992035203020861,0.6176848013935305,0.9823061975651951,3.0104573287333607,3.0069603870378585,-0.018422125712499682,-0.014925184016997495,-0.0017910220820396992,0.0027629660834685957,0.3688981958363991,0.369870139837828,0.369870139837828,False,False,0.37093712114887706,0.9883295913236331,3.011696879218971,False
2.754,2.993222727236961,0.5698362501987705,0.9883295913236331,3.011696879218971,3.0125266612922466,-0.018474151982009968,-0.01930393405528541,-0.0023164720866342492,0.0027398013626022534,0.3681188888898287,0.3685422181657967,0.3685422181657967,False,False,0.3703954972471264,0.9943553235133928,3.012866094879863,False
2.7560000000000002,2.994314535873709,0.5219694771034649,0.9943553235133928,3.012866094879863,3.0141550313990355,-0.018551559006153795,-0.019840495525326407,-0.0023808594630391686,0.002715992767971862,0.3673291857578245,0.36766431906275715,0.36766431906275715,False,False,0.369870139837828,1.0003832584174663,3.0139674520367885,False
2.758,2.9953105940178673,0.4740860127641605,1.0003832584174663,3.0139674520367885,3.0169049549059284,-0.018656858018921252,-0.021594360888061104,-0.0025913233065673323,0.0026900795349061885,0.36652911169306573,0.3666278679214046,0.3666278679214046,False,False,0.3685422181657967,1.0064130937543585,3.014917668446053,False
2.7600000000000002,2.9962108698180523,0.42618738837111736,1.0064130937543585,3.014917668446053,3.014927026999101,-0.01870679862800051,-0.018716157181048576,-0.002245938861725829,0.00266762014628893,0.365718692279867,0.3661403735644301,0.3661403735644301,False,False,0.36766431906275715,1.0124446248001595,3.0157655229004674,False
2.762,2.997015334485756,0.37827513559940507,1.0124446248001595,3.0157655229004674,3.016091463359364,-0.01875018841471121,-0.019076128873607878,-0.0022891354648329454,0.0026447287916406006,0.3648979534333612,0.36525354676016886,0.36525354676016886,False,False,0.3666278679214046,1.0184776158808813,3.0164955403609084,False
2.7640000000000002,2.997723962296263,0.33035078655986355,1.0184776158808813,3.0164955403609084,3.015272767868114,-0.018771578064645578,-0.017548805571851123,-0.002105856668622135,0.002623670224954379,0.36406692139866936,0.3645847349550016,0.3645847349550016,False,False,0.3661403735644301,1.024511948864641,3.0171664918798693,False
2.766,2.9983367305894744,0.2824158737501706,1.024511948864641,3.0171664918798693,3.0159075680244465,-0.01882976129039493,-0.01757083743497212,-0.0021085004921966542,0.0026025852200324126,0.36322562275006315,0.3637197074778989,0.3637197074778989,False,False,0.36525354676016886,1.0305474232982537,3.0177372168062817,False
2.7680000000000002,2.998853619770634,0.23447193000576858,1.0305474232982537,3.0177372168062817,3.0179188303889997,-0.018883597035647792,-0.019065210618365747,-0.0022878252742038895,0.002579706967290374,0.36237408439011337,0.36266596608319984,0.36266596608319984,False,False,0.3645847349550016,1.0365838865844235,3.0182316430848974,False
2.77,2.999274613310952,0.18652048845093866,1.0365838865844235,3.0182316430848974,3.016764757652992,-0.018957029773945422,-0.017490144342040104,-0.0020988173210448125,0.0025587187940799257,0.36151233354883144,0.36197223502186654,0.36197223502186654,False,False,0.3637197074778989,1.0426211467159814,3.0186300657789764,False
2.7720000000000002,2.9995996977481356,0.13856308244967,1.0426211467159814,3.0186300657789764,3.017231473271465,-0.019030368030840794,-0.017631775523329285,-0.002115813062799514,0.0025375606634519304,0.36064039778279666,0.36106214538344905,0.36106214538344905,False,False,0.36266596608319984,1.0486589742799992,3.0189137820088874,False
2.774,2.9998288626868197,0.0906012455567172,1.0486589742799992,3.0189137820088874,3.016615827295598,-0.019084919322067684,-0.016786964608778376,-0.002014435753053405,0.0025174163059213965,0.3597583049742771,0.3602612855271451,0.3602612855271451,False,False,0.36197223502186654,1.0546972177715461,3.019121745773463,False
2.7760000000000002,2.9999621007988972,0.042636511468493184,1.0546972177715461,3.019121745773463,3.021299064103713,-0.019159644974565904,-0.021336963304815715,-0.002560435596577886,0.0024918119499556177,0.3588660833303361,0.35879745968371385,0.35879745968371385,False,False,0.36106214538344905,1.0607356820458966,3.0192321371752335,False
2.778,2.999999407823755,-0.00532958602591411,1.0607356820458966,3.0192321371752335,3.017562464443631,-0.01923272935147846,-0.017563056619875894,-0.002107566794385107,0.0024707362820117667,0.3579637613819317,0.35832693086955836,0.35832693086955836,False,False,0.3602612855271451,1.0667741969762952,3.0192574651992876,False
2.7800000000000002,2.9999407825684115,-0.053295513093848626,1.0667741969762952,3.0192574651992876,3.0169118263704644,-0.01931668263087616,-0.016971043802052943,-0.002036525256246353,0.002450371029449303,0.35705136798300363,0.3574652137562066,0.3574652137562066,False,False,0.35879745968371385,1.072812455481579,3.0191292526418967,False
2.782,2.9997862269075504,-0.10125973590807401,1.072812455481579,3.0191292526418967,3.0184620300708627,-0.01934302573434632,-0.0186758031633123,-0.002241096379597476,0.002427960065653328,0.3561289323095506,0.3563157959956065,0.3563157959956065,False,False,0.35832693086955836,1.0788503618522907,3.0189531853558083,False
2.7840000000000003,2.9995357457834655,-0.14922072069588163,1.0788503618522907,3.0189531853558083,3.016641770015672,-0.019417439572342765,-0.01710602423220653,-0.0020527229078647832,0.0024074328365746803,0.3551964838586976,0.3555511937874075,0.3555511937874075,False,False,0.3574652137562066,1.0848877395165502,3.0186888321297585,False
2.786,2.999189347205901,-0.19717693378807657,1.0848877395165502,3.0186888321297585,3.0187501284649367,-0.01949948492385767,-0.01956078125903593,-0.002347293751084312,0.0023839598990638374,0.35425405244775277,0.3542907185957323,0.3542907185957323,False,False,0.3563157959956065,1.0909243535992676,3.018307041358722,False
2.7880000000000003,2.9987470422517926,-0.24512684166808815,1.0909243535992676,3.018307041358722,3.017502047917628,-0.019559999106929293,-0.018755005665835434,-0.002250600679900252,0.002361453892264835,0.3533016682132528,0.3534125214256174,0.3534125214256174,False,False,0.3555511937874075,1.0969600523875973,3.0178493941647777,False
2.79,2.9982088450649185,-0.2930689110209174,1.0969600523875973,3.0178493941647777,3.0204498818613024,-0.01964054909985924,-0.022241036796383895,-0.0026689244155660673,0.002334764648109174,0.35233936161000173,0.35200520184254486,0.35200520184254486,False,False,0.3542907185957323,1.1029945820010303,3.017264806716538,False
2.7920000000000003,2.9975747728554434,-0.34100160878227403,1.1029945820010303,3.017264806716538,3.0183559897462318,-0.01969003386109458,-0.02078121689078838,-0.0024937460268946053,0.0023098271878402277,0.3513671634100939,0.3511832445710395,0.3511832445710395,False,False,0.3534125214256174,1.1090277713988805,3.016594698925087,False
2.794,2.996844845899368,-0.38892340218750976,1.1090277713988805,3.016594698925087,3.0186520724526122,-0.019749853025718966,-0.021807226553244075,-0.0026168671863892887,0.0022836585159763346,0.3503851047019324,0.3500518960315194,0.3500518960315194,False,False,0.35200520184254486,1.1150593406228675,3.015784611993486,False
2.7960000000000003,2.996019087537883,-0.43683275882069944,1.1150593406228675,3.015784611993486,3.0157610217210373,-0.01976552445560298,-0.019741934183154175,-0.002369032101978501,0.0022599681949565494,0.3493932168892335,0.34928415298221155,0.34928415298221155,False,False,0.3511832445710395,1.12108913536695,3.014897372041305,False
2.798,2.9950975241766224,-0.48472814666358405,1.12108913536695,3.014897372041305,3.0143659098742215,-0.019799847864682363,-0.019268385697599033,-0.002312206283711884,0.0022368461321194306,0.3483915316900239,0.3483161715384315,0.3483161715384315,False,False,0.3500518960315194,1.127116938235095,3.0139014340724457,False
2.8000000000000003,2.9940801852848145,-0.5326080341446207,1.127116938235095,3.0139014340724457,3.010972426366871,-0.01982124878763125,-0.016892241082056447,-0.0020270689298467737,0.0022165754428209628,0.34738008113562435,0.3475695876485985,0.3475695876485985,False,False,0.34928415298221155,1.1331426103599829,3.0128360624439314,False
2.802,2.9929671033943475,-0.5804708901878981,1.1331426103599829,3.0128360624439314,3.015146520961405,-0.019868959049583967,-0.022179417567057325,-0.002661530108046879,0.002189960141740494,0.3463588975696277,0.3458873276033213,0.3458873276033213,False,False,0.3483161715384315,1.1391659724711252,3.0116810555711093,False
2.8040000000000003,2.9917583140987225,-0.6283151842621568,1.1391659724711252,3.0116810555711093,3.0094651177597127,-0.019922741472386818,-0.0177068036609902,-0.002124816439318824,0.0021687119773473058,0.3453280136468628,0.34537190918489125,0.34537190918489125,False,False,0.3475695876485985,1.1451868936293563,3.0104605791155747,False
2.806,2.990453856051918,-0.6761393864296714,1.1451868936293563,3.0104605791155747,3.010004245739029,-0.020006723063656917,-0.019550389687111203,-0.002346046762453344,0.002145251509722772,0.34428746233235147,0.3440866670796209,0.3440866670796209,False,False,0.3458873276033213,1.1512050484049459,3.009077387794781,False
2.8080000000000003,2.9890537709671534,-0.7239419673952415,1.1512050484049459,3.009077387794781,3.0076600703438707,-0.020023616827627766,-0.018606299376717317,-0.002232755925206078,0.0021229239504707113,0.34323727690025324,0.3431274449255179,0.3431274449255179,False,False,0.34537190918489125,1.1572203592817207,3.0076554383874012,False
2.81,2.987558103615557,-0.7717213985550051,1.1572203592817207,3.0076554383874012,3.005727772736805,-0.020097334771844277,-0.018169669121248067,-0.002180360294549768,0.0021011203475252136,0.34217749093280314,0.34209825098577856,0.34209825098577856,False,False,0.3440866670796209,1.1632325883950485,3.0061145566639333,False
2.8120000000000003,2.9859669018247303,-0.8194761520454235,1.1632325883950485,3.0061145566639333,3.005551126334809,-0.020147654839203,-0.019584224510078574,-0.0023501069412094288,0.0020776192781131195,0.3411081383192354,0.34083565065613913,0.34083565065613913,False,False,0.3431274449255179,1.1692415687636424,3.004490184296888,False
2.814,2.984280216477223,-0.8672047007920495,1.1692415687636424,3.004490184296888,3.0048779073226317,-0.02020996781966522,-0.020597690845408856,-0.0024717229014490625,0.002052902049098629,0.3400292532547022,0.3396104324023517,0.3396104324023517,False,False,0.34209825098577856,1.1752471205898676,3.002775913112562,False
2.816,2.9824981015089027,-0.9149055185584185,1.1752471205898676,3.002775913112562,3.003414964374853,-0.02027781160365949,-0.020916862865950403,-0.0025100235439140485,0.0020278018136594884,0.338940870239178,0.33845864850892343,0.33845864850892343,False,False,0.34083565065613913,1.1812490171775274,3.000948293829946,False
2.818,2.9806206139072304,-0.9625770799948318,1.1812490171775274,3.000948293829946,3.0007527467035233,-0.020327679922715447,-0.02013213279629289,-0.0024158559355551465,0.002003643254303937,0.3378430240763578,0.3374308113951066,0.3374308113951066,False,False,0.3396104324023517,1.187247042150388,2.9990124864303156,False
2.82,2.978647813709441,-1.0102178606871102,1.187247042150388,2.9990124864303156,3.0007786755654626,-0.02036467272087439,-0.022130861856021422,-0.0026557034227225706,0.0019770862200767115,0.33673574987254407,0.33605713266989823,0.33605713266989823,False,False,0.33845864850892343,1.193240996888053,2.9969773688325185,False
2.822,2.9765797640006206,-1.0578263372053942,1.193240996888053,2.9969773688325185,2.9933271603615577,-0.020397604831897898,-0.016747396360937028,-0.002009687563312443,0.001956989344443587,0.3356190830355231,0.3355663848166543,0.3355663848166543,False,False,0.3374308113951066,1.1992307109080367,2.994857009991826,False
2.824,2.9744165309116912,-1.105400987152798,1.1992307109080367,2.994857009991826,2.995551126594496,-0.02044047908013491,-0.021134595682804846,-0.0025361514819365813,0.0019316278296242213,0.3344930592734345,0.33388853562112214,0.33388853562112214,False,False,0.33605713266989823,1.2052159431830156,2.9926161374894513,False
2.826,2.9721581836172923,-1.1529402892141538,1.2052159431830156,2.9926161374894513,2.992048185663325,-0.020457953872158985,-0.019890002046032862,-0.0023868002455239433,0.001907759827168982,0.33335771459362706,0.3328786741752721,0.3328786741752721,False,False,0.3355663848166543,1.211196640220602,2.990348518793252,False
2.828,2.9698047943335744,-1.2004427232045973,1.211196640220602,2.990348518793252,2.9882380345520683,-0.02054372445967756,-0.018433240218493907,-0.0022119888262192686,0.0018856399389067893,0.3322130853015098,0.3318867364141973,0.3318867364141973,False,False,0.33388853562112214,1.2171725005381473,2.9879301587726084,False
2.83,2.9673564383158855,-1.2479067701182414,1.2171725005381473,2.9879301587726084,2.9909048014177384,-0.0205737204567229,-0.02354836310185293,-0.0028258035722223515,0.0018573819031845657,0.3310592079993889,0.33009078633035116,0.33009078633035116,False,False,0.3328786741752721,1.2231433658435875,2.9854326527200907,False
2.832,2.9648131938563664,-1.2953309121766963,1.2231433658435875,2.9854326527200907,2.987063885089243,-0.020619458863724294,-0.022250691232876374,-0.002670082947945165,0.001830681073705114,0.32989611958529874,0.3290567177110587,0.3290567177110587,False,False,0.3318867364141973,1.229109083338247,2.98285874732974,False
2.834,2.9621751422814464,-1.3427136328776341,1.229109083338247,2.98285874732974,2.9843916736624467,-0.020683605048293696,-0.022216531381000326,-0.002665983765720039,0.0018040212360479137,0.3287238572518211,0.327861894722149,0.327861894722149,False,False,0.33009078633035116,1.2350693335435265,2.980125102639793,False
2.836,2.9594423679492436,-1.3900534170432617,1.2350693335435265,2.980125102639793,2.981348438235423,-0.020682734690549154,-0.021906070286179524,-0.0026287284343415426,0.0017777339517044983,0.3275424584848967,0.3266914640022597,0.3266914640022597,False,False,0.3290567177110587,1.2410239600305393,2.9773132435063276,False
2.838,2.9566149582468655,-1.4373487508688303,1.2410239600305393,2.9773132435063276,2.977856508716903,-0.020698285259462157,-0.021241550470037396,-0.0025489860564044875,0.0017522440911404535,0.3263519610626248,0.3255552190973608,0.3255552190973608,False,False,0.327861894722149,1.246972774428223,2.9744071988418495,False
2.84,2.9536930035876163,-1.4845981219709539,1.246972774428223,2.9744071988418495,2.9739271068539037,-0.020714195254233125,-0.020234103266287384,-0.002428092391954486,0.0017279631672209087,0.32515240305405735,0.3244522738293238,0.3244522738293238,False,False,0.3266914640022597,1.2529155955440943,2.9714105579355548,False
2.842,2.9506765974081066,-1.5318000194360317,1.2529155955440943,2.9714105579355548,2.973895022372519,-0.020733960527448136,-0.02321842496441251,-0.002786210995729501,0.0017001010572636136,0.32394382281798023,0.32285771287951437,0.32285771287951437,False,False,0.3255552190973608,1.258852251336093,2.968327895999304,False
2.844,2.947565836165262,-1.578952933868548,1.258852251336093,2.968327895999304,2.9673729297906646,-0.020762059834042113,-0.019807093625402672,-0.0023768512350483204,0.0016763325449131305,0.32272625900168705,0.32202574031155184,0.32202574031155184,False,False,0.3244522738293238,1.2647825786264228,2.9651636451649153,False
2.846,2.9443608193332422,-1.6260553574393384,1.2647825786264228,2.9651636451649153,2.9610769822467504,-0.020802825831673033,-0.016716162913508192,-0.002005939549620983,0.0016562731494169207,0.32149975053974317,0.3211500841395391,0.3211500841395391,False,False,0.32285771287951437,1.270706313087141,2.961867230359036,False
2.848,2.9410616494002597,-1.673105783933792,1.270706313087141,2.961867230359036,2.960150511389258,-0.020805580958776382,-0.019088861988998396,-0.0022906634386798074,0.0016333665150301225,0.3202643366527413,0.3196070397290916,0.3196070397290916,False,False,0.32202574031155184,1.2766233529817475,2.958519947303255,False
2.85,2.9376684318652977,-1.7201027088000758,1.2766233529817475,2.958519947303255,2.9600444279632008,-0.020851515437957158,-0.022375996097903084,-0.00268511953174837,0.0016065153197126387,0.3190200568460454,0.3179414526340097,0.3179414526340097,False,False,0.3211500841395391,1.2825335885448585,2.9551177815555234,False
2.852,2.934181275234744,-1.7670446291971562,1.2825335885448585,2.9551177815555234,2.953000267264505,-0.02093650632077937,-0.018818992029761006,-0.002258279043571321,0.0015839325292769256,0.3177669509085302,0.3170926043942358,0.3170926043942358,False,False,0.3196070397290916,1.288436771467085,2.9515914611132468,False
2.854,2.930600291018916,-1.8139300440429171,1.288436771467085,2.9515914611132468,2.9533319540817016,-0.020991170094330602,-0.0227316630627854,-0.002727799567534248,0.001556654533601583,0.3165050589113068,0.31533391387737414,0.31533391387737414,False,False,0.3179414526340097,1.2943326305084528,2.947929520683938,False
2.856,2.9269255937284986,-1.8607574540621294,1.2943326305084528,2.947929520683938,2.948448308484232,-0.0210039269554394,-0.021522714755733308,-0.0025827257706879966,0.0015308272758947031,0.3152344212064425,0.3141825227116492,0.3141825227116492,False,False,0.3170926043942358,1.300221068435496,2.944218963521554,False
2.858,2.9231573008708756,-1.907525361834454,1.300221068435496,2.944218963521554,2.9423864392995696,-0.021061662650678326,-0.019229138428694004,-0.00230749661144328,0.0015077523097802702,0.3139550784256687,0.3131553341240057,0.3131553341240057,False,False,0.31533391387737414,1.3061017985632395,2.940365063871786,False
2.86,2.9192955329463803,-1.954232271842237,1.3061017985632395,2.940365063871786,2.9423835883601046,-0.021069530925405644,-0.023088055413724273,-0.0027705666496469126,0.001480046643283801,0.3126670714790838,0.3113765514727207,0.3113765514727207,False,False,0.3141825227116492,1.311974664526501,2.9364329816307,False
2.862,2.915340413444438,-2.00087669051839,1.311974664526501,2.9364329816307,2.9325312785398885,-0.021092568186262373,-0.017190865095450647,-0.0020629038114540776,0.0014594176051692604,0.31137044155384375,0.31076695534755894,0.31076695534755894,False,False,0.3131553341240057,1.3178395376870407,2.9324365802698953,False
2.864,2.9112920688396184,-2.047457126294139,1.3178395376870407,2.9324365802698953,2.9304067775581037,-0.021144511430276847,-0.019114708718485307,-0.002293765046218237,0.001436479954707078,0.3100652301128452,0.30920794502133403,0.30920794502133403,False,False,0.3113765514727207,1.3236961334374417,2.9282978752005326,False
2.866,2.9071506285875897,-2.0939720896467167,1.3236961334374417,2.9282978752005326,2.9279461036528462,-0.021147246612942983,-0.020795475065256586,-0.0024954570078307902,0.00141152538462877,0.30875147889339954,0.3076675472701975,0.3076675472701975,False,False,0.31076695534755894,1.329544415126086,2.9241408443221286,False
2.868,2.9029162251209817,-2.1404200931469823,1.329544415126086,2.9241408443221286,2.9269109962023556,-0.021224619201146933,-0.023994771081373933,-0.002879372529764872,0.0013827316593311213,0.30742922990589894,0.30593258903546516,0.30593258903546516,False,False,0.30920794502133403,1.3353841476975044,2.9198662857091393,False
2.87,2.8985889938451446,-2.186799651507044,1.3353841476975044,2.9198662857091393,2.920860256883718,-0.02127729186399474,-0.02227126303857352,-0.002672551564628822,0.001356006143684833,0.30609852543247096,0.30478198001152695,0.30478198001152695,False,False,0.3076675472701975,1.341215102577765,2.9154774401302928,False
2.872,2.8941690731338285,-2.233109281627663,1.341215102577765,2.9154774401302928,2.916442370262079,-0.021308366996464212,-0.022273297128250658,-0.002672795655390079,0.0013292781871309322,0.3047594080256292,0.30341589055737,0.30341589055737,False,False,0.30593258903546516,1.347037012964905,2.910955193569996,False
2.874,2.8896566043247525,-2.2793475026457455,1.347037012964905,2.910955193569996,2.90866906051484,-0.021298589245243527,-0.019012456190087512,-0.0022814947428105013,0.0013064632397028271,0.30341192050691096,0.3024368890038033,0.3024368890038033,False,False,0.30478198001152695,1.3528497373524244,2.906362193759678,False
2.876,2.8850517317150866,-2.3255128359816584,1.3528497373524244,2.906362193759678,2.9114967210302045,-0.021310462044591638,-0.02644498931511796,-0.0031733987178141554,0.0012747292525246857,0.3020561059655085,0.30015743650021903,0.30015743650021903,False,False,0.30341589055737,1.3586530906679941,2.9016766577848694,False
2.878,2.880354602556832,-2.371603805386589,1.3586530906679941,2.9016766577848694,2.9019582534073662,-0.021322055228037318,-0.021603650850534173,-0.0025924381020641005,0.0012488048715040448,0.30069200775688937,0.2993483745263293,0.2993483745263293,False,False,0.3024368890038033,1.3644469709298526,2.8969401309292784,False
2.88,2.875565367052128,-2.417618936989592,1.3644469709298526,2.8969401309292784,2.893745128863798,-0.021374763877150205,-0.018179761811669692,-0.002181571417400363,0.001226989157330041,0.2993196695014143,0.298365087241344,0.298365087241344,False,False,0.30015743650021903,1.3702310049637019,2.8920170169246604,False
2.882,2.8706841783484283,-2.4635567593449217,1.3702310049637019,2.8920170169246604,2.891108858140996,-0.021332838576232138,-0.02042467979256779,-0.002450961575108135,0.0012024795415789596,0.29793913508293673,0.29669065304940756,0.29669065304940756,False,False,0.2993483745263293,1.3760051315966428,2.887063316470446,False
2.884,2.865711192533618,-2.509415803478923,1.3760051315966428,2.887063316470446,2.8872832160022606,-0.021352123936827727,-0.02157202346864251,-0.002588642816237101,0.0011765931134165887,0.29655044864740404,0.29513839894458355,0.29513839894458355,False,False,0.298365087241344,1.3817692538456001,2.8820611244786067,False
2.886,2.860646568631019,-2.555194602937084,1.3817692538456001,2.8820611244786067,2.883360546079714,-0.021414555847587557,-0.022713977448694855,-0.0027256772938433825,0.001149336340478155,0.29515365460144377,0.29357731364807854,0.29357731364807854,False,False,0.29669065304940756,1.38752313106792,2.87693861115993,False
2.888,2.8554904685943048,-2.6008916938308957,1.38752313106792,2.87693861115993,2.8742355972690192,-0.02144814256562544,-0.01874512867471445,-0.002249415440965734,0.0011268421860684975,0.2937487976109443,0.29262622435604707,0.29262622435604707,False,False,0.29513839894458355,1.3932665508508852,2.8717098914826975,False
2.89,2.8502430573023156,-2.6465056148847217,1.3932665508508852,2.8717098914826975,2.8749962602253434,-0.021466834180381866,-0.02475320292302774,-0.0029703843507633285,0.0010971383425608641,0.29233592259962526,0.2904626765914228,0.2904626765914228,False,False,0.29357731364807854,1.3989993012676853,2.8663752084000653,False
2.892,2.8449045025537965,-2.6920349074824417,1.3989993012676853,2.8663752084000653,2.8682026000900507,-0.021470705846268867,-0.023298097536254225,-0.002795771704350507,0.0010691806255173591,0.29091507474760314,0.28918848366877,0.28918848366877,False,False,0.29262622435604707,1.4047213004541277,2.8609995932211247,False
2.894,2.839474975062024,-2.7374781157141497,1.4047213004541277,2.8609995932211247,2.8612362551345774,-0.021524618159100672,-0.02176128007255329,-0.0026113536087063946,0.0010430670894302952,0.2894862994899449,0.2879180129706688,0.2879180129706688,False,False,0.2904626765914228,1.4104322135578944,2.855456551883398,False
2.896,2.833954648449352,-2.7828337864226826,1.4104322135578944,2.855456551883398,2.8562029802235513,-0.02150190343404601,-0.022248331774199492,-0.002669799812903939,0.0010163690913012557,0.28804964251521625,0.2863962117936136,0.2863962117936136,False,False,0.28918848366877,1.4161318956382416,2.8498410401736267,False
2.898,2.8283436992416497,-2.82810046925016,1.4161318956382416,2.8498410401736267,2.85069078564456,-0.02149734093197697,-0.022347086402910055,-0.0026816503683492064,0.0009895525876177636,0.286605149764018,0.2849130519832866,0.2849130519832866,False,False,0.2879180129706688,1.4218202041272585,2.84415424450845,False
2.9,2.822642306862677,-2.8732767166842064,1.4218202041272585,2.84415424450845,2.841378871563087,-0.02151193764577286,-0.018736564700410074,-0.002248387764049209,0.0009670687099772715,0.2851528674275222,0.2838715483734503,0.2838715483734503,False,False,0.2863962117936136,1.4274969453958946,2.8383706343180513,False
2.902,2.8168506536283218,-2.918361084104436,1.4274969453958946,2.8383706343180513,2.838491309964481,-0.02151998068972949,-0.021640656336159303,-0.0025968787603391163,0.0009410999223738803,0.28369284194598865,0.2820370631080234,0.2820370631080234,False,False,0.2849130519832866,1.4331619360352341,2.8324953196697655,False
2.904,2.8109689247407887,-2.9633521298284933,1.4331619360352341,2.8324953196697655,2.828940412127066,-0.02152639492897679,-0.017971487386277296,-0.0021565784863532755,0.0009195341375103476,0.2822251200072849,0.28098807565844197,0.28098807565844197,False,False,0.2838715483734503,1.4388150871352121,2.8265755499890344,False
2.906,2.8049973082826707,-3.008248415158228,1.4388150871352121,2.8265755499890344,2.8258125530390426,-0.021578241706363688,-0.020815244756371865,-0.0024978293707646235,0.0008945558438027013,0.28074974854539103,0.2791464750184291,0.2791464750184291,False,False,0.2820370631080234,1.444456144713298,2.820528789042986,False
2.908,2.798935995210934,-3.053048504425666,1.444456144713298,2.820528789042986,2.823324716038762,-0.02159279383205215,-0.02438872082782817,-0.0029266464993393804,0.0008652893788093075,0.27926677473889955,0.2772054176183695,0.2772054176183695,False,False,0.28098807565844197,1.4500850220618946,2.8144386742982754,False
2.91,2.7927851793508074,-3.097750965038981,1.4500850220618946,2.8144386742982754,2.8151238239259295,-0.021653494947468044,-0.022338644575122135,-0.002680637349014656,0.0008384830053191609,0.2777762460095052,0.2759340916658097,0.2759340916658097,False,False,0.2791464750184291,1.4557014674538824,2.8082226959938463,False
2.912,2.7865450573895965,-3.1423543675282186,1.4557014674538824,2.8082226959938463,2.8074944116293477,-0.02167763860424987,-0.020949354239751194,-0.0025139225087701432,0.0008133437802314595,0.2762782100204911,0.2745776312919524,0.2745776312919524,False,False,0.2772054176183695,1.4613052111033087,2.801871824713135,False
2.914,2.780215828870383,-3.1868572855910604,1.4613052111033087,2.801871824713135,2.8032150886480807,-0.021655995842751796,-0.022999259777697567,-0.002759911173323708,0.0007857446684982225,0.2747727146752027,0.27279854817037724,0.27279854817037724,False,False,0.2759340916658097,1.4668961264314788,2.795457664085034,False
2.916,2.7737976961856496,-3.231258296138411,1.4668961264314788,2.795457664085034,2.7942951228467217,-0.02165996789938429,-0.020497426661072016,-0.0024596911993286417,0.0007611477565049361,0.2732598081155172,0.2715612646726935,0.2715612646726935,False,False,0.2745776312919524,1.4724740704241388,2.7889719963299813,False
2.918,2.767290864570799,-3.2755559793399702,1.4724740704241388,2.7889719963299813,2.7921753546378167,-0.021681131759182293,-0.02488449006701776,-0.002986138808042131,0.0007312863684245148,0.2717395387203013,0.2694846862806837,0.2694846862806837,False,False,0.27279854817037724,1.4780388131423008,2.7823713590810426,False
2.92,2.7606955420976114,-3.3197489186694833,1.4780388131423008,2.7823713590810426,2.7842160537672522,-0.02167581698343124,-0.023520511669640864,-0.0028224614003569035,0.0007030617544209458,0.27021195510386975,0.2680925554579338,0.2680925554579338,False,False,0.2715612646726935,1.4835902406273294,2.7757137425143226,False
2.922,2.7540119396675635,-3.363835700950233,1.4835902406273294,2.7757137425143226,2.7749645334922497,-0.021701802846759044,-0.020952593824686172,-0.0025143112589623407,0.0006779186418313224,0.26867710611442397,0.26684071349729294,0.26684071349729294,False,False,0.2694846862806837,1.4891280644255287,2.7689118990997175,False
2.924,2.747240271005107,-3.4078149164000777,1.4891280644255287,2.7689118990997175,2.7663908359673104,-0.02167162809461054,-0.019150564962203465,-0.0022980677954644157,0.0006549379638766782,0.26713504083249523,0.26549191100090747,0.26549191100090747,False,False,0.2680925554579338,1.4946521425772314,2.7620390758514053,False
2.926,2.740380752650822,-3.4516851586765998,1.4946521425772314,2.7620390758514053,2.7588875438974716,-0.02165832320058314,-0.018506791246649446,-0.0022208149495979335,0.0006327298143806989,0.2655858085693727,0.26399772343415545,0.26399772343415545,False,False,0.26684071349729294,1.5001623640598054,2.755110741286932,False
2.928,2.733433603954501,-3.4954450249220494,1.5001623640598054,2.755110741286932,2.75511083011316,-0.02167713733243115,-0.021677226158659302,-0.002601267139039116,0.0006067171429903077,0.264029458865528,0.26203490886947917,0.26203490886947917,False,False,0.26549191100090747,1.5056585987676623,2.7481173539284565,False
2.93,2.7263990470681208,-3.539093115808263,1.5056585987676623,2.7481173539284565,2.749621458923571,-0.021718306860335712,-0.023222411855450265,-0.0027866894226540317,0.0005788502487637674,0.2624660414890284,0.26025820231513813,0.26025820231513813,False,False,0.26399772343415545,1.511140687581977,2.7410444071574394,False
2.932,2.719277306938756,-3.5826280355813207,1.511140687581977,2.7410444071574394,2.7433854198491248,-0.021767100218683222,-0.02410811291036863,-0.0028929735492442352,0.000549920513271325,0.26089560643394916,0.2585525533979762,0.2585525533979762,False,False,0.26203490886947917,1.5166083750029729,2.7338437104979305,False
2.934,2.7120686113013748,-3.6260483921062416,1.5166083750029729,2.7338437104979305,2.7342129324723725,-0.021775099196555736,-0.02214432117099774,-0.0026573185405197285,0.0005233473278661278,0.25931820391877186,0.2571842327061183,0.2571842327061183,False,False,0.26025820231513813,1.5220614473106104,2.7265361538187807,False
2.936,2.7047731906715615,-3.669352796911468,1.5220614473106104,2.7265361538187807,2.7253118732590718,-0.02176296314721915,-0.020538682587510237,-0.0024646419105012283,0.0004987009087611154,0.25773388438478045,0.2557679433830403,0.2557679433830403,False,False,0.2585525533979762,1.5274997080138029,2.7191303515962155,False
2.938,2.6973912783381335,-3.7125398652333357,1.5274997080138029,2.7191303515962155,2.7182170340671297,-0.021739073258081998,-0.020825755728996143,-0.002499090687479537,0.00047371000188632006,0.25614269849444515,0.25411731780885194,0.25411731780885194,False,False,0.2571842327061183,1.5329230334179156,2.7116627020563464,False
2.94,2.6899231103557084,-3.7556082160602053,1.5329230334179156,2.7116627020563464,2.7143868994539626,-0.021739591700637995,-0.024463789098254196,-0.0029356546917905036,0.000444353454968415,0.2545446971298084,0.2520533958929863,0.2520533958929863,False,False,0.2557679433830403,1.5383312911435438,2.704128862814071,False
2.942,2.6823689255371197,-3.798556472176811,1.5383312911435438,2.704128862814071,2.7019163895780367,-0.02175993727695147,-0.019547464040917006,-0.0023456956849100406,0.0004208964981193146,0.2529399313908501,0.25101513220405935,0.25101513220405935,False,False,0.25411731780885194,1.5437243011967174,2.696505026586755,False
2.944,2.6747289654458095,-3.8413832602081563,1.5437243011967174,2.696505026586755,2.6939006449819436,-0.021776061140945657,-0.01917167953613408,-0.0023006015443360894,0.0003978904826759537,0.25132845259385983,0.2494257415321997,0.2494257415321997,False,False,0.2520533958929863,1.5491017990182117,2.688748910747142,False
2.946,2.667003474388091,-3.884087210663493,1.5491017990182117,2.688748910747142,2.6872371050363983,-0.02174543635905124,-0.02023363064830752,-0.0024280356777969026,0.00037361012589798466,0.24971031226979312,0.2476558867178942,0.2476558867178942,False,False,0.25101513220405935,1.55446373772946,2.6809693556241183,False
2.948,2.659192699405338,-3.9266669579800926,1.55446373772946,2.6809693556241183,2.682828312994123,-0.02177665621878022,-0.023635613588784743,-0.002836273630654169,0.00034524738959144295,0.24808556216262412,0.24559453592156139,0.24559453592156139,False,False,0.2494257415321997,1.5598099555615847,2.673108916062461,False
2.95,2.6512968902660807,-3.969121140566962,1.5598099555615847,2.673108916062461,2.6742058738465104,-0.021812025796380308,-0.022908983580429698,-0.0027490780296515636,0.0003177566092949273,0.24645425422768957,0.24402293280733295,0.24402293280733295,False,False,0.2476558867178942,1.5651402547350242,2.6651495867197226,False
2.952,2.6433162994580295,-4.011448400848307,1.5651402547350242,2.6651495867197226,2.666536623679726,-0.02183328726169309,-0.023220324221696398,-0.002786438906603568,0.00028989222022889164,0.24481644063003036,0.2423198939436557,0.2423198939436557,False,False,0.24559453592156139,1.570454378605411,2.6570619351934353,False
2.954,2.6352511821799927,-4.053647385306995,1.570454378605411,2.6570619351934353,2.655648895433212,-0.021810753013442596,-0.020397713253219152,-0.002447725590386298,0.00026541496432502863,0.24317217374272115,0.24098986311665987,0.24098986311665987,False,False,0.24402293280733295,1.575752175902669,2.6488986486289754,False
2.956,2.6271017963337204,-4.095716744527815,1.575752175902669,2.6488986486289754,2.645135680378065,-0.021796852295254965,-0.01803388404434436,-0.0021640660853213234,0.0002437743034718154,0.24152150614519668,0.23960121436334716,0.23960121436334716,False,False,0.2423198939436557,1.5810334694971353,2.640646797233209,False
2.958,2.6188684025156457,-4.137655133240686,1.5810334694971353,2.640646797233209,2.640638729988643,-0.021778394717563376,-0.02177032747299723,-0.0026124392967596674,0.00021764991050421872,0.2398644906215681,0.23746970123531264,0.23746970123531264,False,False,0.24098986311665987,1.5862981623140822,2.632346408473474,False
2.96,2.6105512640085777,-4.17946121036354,1.5862981623140822,2.632346408473474,2.6326644296170736,-0.021795144464896055,-0.022113165608495855,-0.0026535798730195027,0.0001911141117740237,0.2382011801589403,0.2357387143976948,0.2357387143976948,False,False,0.23960121436334716,1.5915461460714102,2.623991878664015,False
2.962,2.6021506467732483,-4.221133639045383,1.5915461460714102,2.623991878664015,2.627594855431131,-0.02184123189076681,-0.025444208657882772,-0.0030533050389459325,0.00016058106138456437,0.23653162794571067,0.2336389039681493,0.2336389039681493,False,False,0.23746970123531264,1.5967771581220493,2.6155060253195757,False
2.964,2.5936668194398362,-4.262671086708905,1.5967771581220493,2.6155060253195757,2.6143514967665973,-0.02183920587973942,-0.020684677326761047,-0.0024821612792113256,0.0001357594485924511,0.234855887369874,0.23250948553925513,0.23250948553925513,False,False,0.2357387143976948,1.6019910225763037,2.606932227127126,False
2.966,2.5851000532993615,-4.3040722250931545,1.6019910225763037,2.606932227127126,2.60704235128544,-0.02183217382776448,-0.021942297986078607,-0.0026330757583294326,0.00010942869100915678,0.23317401201731225,0.23065036494999197,0.23065036494999197,False,False,0.2336389039681493,1.6071874882466701,2.5982328351832242,False
2.968,2.5764506222950176,-4.345335730295986,1.6071874882466701,2.5982328351832242,2.597809381000021,-0.021782212888206587,-0.021358758705003478,-0.0025630510446004173,8.37981805631526e-05,0.2314860556700825,0.22900680280604524,0.22900680280604524,False,False,0.23250948553925513,1.6123665099065865,2.589510829958187,False
2.97,2.5677188030133995,-4.386460282816453,1.6123665099065865,2.589510829958187,2.590874992866327,-0.021792026944787324,-0.023156189852927334,-0.00277874278235128,5.6010752739639806e-05,0.22979207230469462,0.22706934027508296,0.22706934027508296,False,False,0.23065036494999197,1.617527890027481,2.5806900604472007,False
2.972,2.558904874675677,-4.4274445675969165,1.617527890027481,2.5806900604472007,2.5806958820404495,-0.021785185771523885,-0.021791007364772685,-0.0026149208837727223,2.9861543901912584e-05,0.22809211609038893,0.22550705675051813,0.22550705675051813,False,False,0.22900680280604524,1.6226714783901184,2.5717941813187304,False
2.974,2.550009119128653,-4.468287274065154,1.6226714783901184,2.5717941813187304,2.572894251828617,-0.021785062190077475,-0.02288513269996395,-0.002746215923995674,2.399384661955844e-06,0.22638624138740146,0.22364242484806773,0.22364242484806773,False,False,0.22706934027508296,1.627797064884125,2.5627932470033086,False
2.976,2.541031820835758,-4.508987096176242,1.627797064884125,2.5627932470033086,2.563128818399656,-0.021761426167550724,-0.022096997563898046,-0.0026516397076677654,-2.411701241472181e-05,0.22467450274522677,0.22199874602514427,0.22199874602514427,False,False,0.22550705675051813,1.6329045202712338,2.553727693554387,False
2.978,2.5319732668679378,-4.5495427324543805,1.6329045202712338,2.553727693554387,2.5525995128473733,-0.021754426686449335,-0.02062624597943552,-0.0024751495175322625,-4.886850759004444e-05,0.22295695490087106,0.22043293687574875,0.22043293687574875,False,False,0.22364242484806773,1.637993653422381,2.544566575573506,False
2.98,2.522833746894508,-4.589952886034377,1.637993653422381,2.544566575573506,2.5446771527744256,-0.02173282867899795,-0.021843405879917732,-0.002621208705590128,-7.508059464594572e-05,0.22123365277710777,0.2185373634768717,0.2185373634768717,False,False,0.22199874602514427,1.6430643215771197,2.53533407736936,False
2.982,2.513613553173847,-4.630216264703287,1.6430643215771197,2.53533407736936,2.5346009567054955,-0.021720524195512958,-0.020987403531648408,-0.0025184884237978086,-0.00010026547888392381,0.21950465148071346,0.21688589757803173,0.21688589757803173,False,False,0.22043293687574875,1.6481163998503003,2.526039136590338,False
2.984,2.504312980544086,-4.670331580941603,1.6481163998503003,2.526039136590338,2.526314112212797,-0.021726156046252054,-0.022001131668710983,-0.002640135800245318,-0.00012666683688637698,0.21777000630071197,0.21500320366358028,0.21500320366358028,False,False,0.2185373634768717,1.653149695677253,2.516647913476295,False
2.986,2.4949323264136627,-4.710297551964487,1.653149695677253,2.516647913476295,2.516510698669193,-0.021715587062632213,-0.021578372255530276,-0.002589404670663633,-0.0001525608835930133,0.21602977270660334,0.2132878071523467,0.2132878071523467,False,False,0.21688589757803173,1.6581640697262292,2.5071870244881413,False
2.988,2.4854718907518194,-4.7501128997627635,1.6581640697262292,2.5071870244881413,2.503963943732266,-0.021715133736321945,-0.018492052980446427,-0.0022190463576535714,-0.00017475134716954903,0.21428400634659128,0.21189020864176816,0.21189020864176816,False,False,0.21500320366358028,1.6631593357782088,2.4976330259897788,False
2.99,2.4759319760789995,-4.789776351143838,1.6631593357782088,2.4976330259897788,2.499892212506326,-0.021701049910779258,-0.023960236427326365,-0.0028752283712791637,-0.00020350363088234068,0.21253276304580176,0.20945403104364027,0.20945403104364027,False,False,0.2132878071523467,1.668135344693343,2.4880044575670452,False
2.992,2.466312887457187,-4.829286637772338,1.668135344693343,2.4880044575670452,2.4869451587806797,-0.021691570109858116,-0.020632271323492546,-0.0024758725588191056,-0.00022826235647053174,0.21077609880450057,0.20807196388921093,0.20807196388921093,False,False,0.21189020864176816,1.673092015518063,2.4783354123600385,False
2.994,2.456614932480145,-4.868642496210718,1.673092015518063,2.4783354123600385,2.479699454689006,-0.02172047987989334,-0.023084522208860925,-0.002770142665063311,-0.00025596378312116487,0.20901406979630094,0.20598796334811648,0.20598796334811648,False,False,0.20945403104364027,1.6780290507109064,2.4685175964216897,False
2.996,2.4468384212635828,-4.907842667959637,1.6780290507109064,2.4685175964216897,2.466349570583607,-0.02167917515810691,-0.0195111493200244,-0.002341337918402928,-0.00027937716230519417,0.2072467323663681,0.20462601728565996,0.20462601728565996,False,False,0.20807196388921093,1.682946376731535,2.458663010314287,False
2.998,2.4369836664352236,-4.946885899498265,1.682946376731535,2.458663010314287,2.4580974972770937,-0.02167934387906323,-0.02111383084187013,-0.0025336597010244153,-0.0003047137593154383,0.2054741430296147,0.20263576956927484,0.20263576956927484,False,False,0.20598796334811648,1.6878437738636325,2.448698566048833,False
3.0,2.4270509831248432,-4.985770942324232,1.6878437738636325,2.448698566048833,2.450310114866026,-0.021647582923989717,-0.02325913174118277,-0.0027910958089419325,-0.00033262471740485764,0.20369635846889972,0.20057263794255292,0.20057263794255292,False,False,0.20462601728565996,1.692721176004114,2.4387010702408034,False
3.0020000000000002,2.4170406889541463,-5.024496552993718,1.692721176004114,2.4387010702408034,2.438734429465867,-0.02166038128665715,-0.021693740511720794,-0.002603248861406495,-0.0003586572060189226,0.20191343553320829,0.19895152946578287,0.19895152946578287,False,False,0.20263576956927484,1.697578386210597,2.428605103241522,False
3.004,2.406953104026649,-5.063061493161089,1.697578386210597,2.428605103241522,2.4277700434398115,-0.02165199921487293,-0.020816939413162316,-0.002498032729579478,-0.00038363753331471735,0.20012543123583987,0.19724376097294566,0.19724376097294566,False,False,0.20057263794255292,1.7024151944439307,2.418404116666872,False
3.0060000000000002,2.3967885509174227,-5.101464529618555,1.7024151944439307,2.418404116666872,2.4152379284916003,-0.021615565749449228,-0.01844937757417764,-0.0022139253089013167,-0.0004057767864037305,0.19833240275258204,0.195712700657277,0.195712700657277,False,False,0.19895152946578287,1.707231485533413,2.4081455447411315,False
3.008,2.3865473546627864,-5.1397044343355756,1.707231485533413,2.4081455447411315,2.4135621620245957,-0.02159819007834507,-0.02701480736180928,-0.0032417768834171134,-0.00043819455523790165,0.19653440741988368,0.19285443598122867,0.19285443598122867,False,False,0.19724376097294566,1.7120271274279104,2.397820947248703,False
3.0100000000000002,2.376229842749902,-5.177779984498183,1.7120271274279104,2.397820947248703,2.3979341602619075,-0.021591104498801084,-0.021704317512005744,-0.0026045181014406893,-0.00046423973625230855,0.19473150273301898,0.19166274489532598,0.19166274489532598,False,False,0.195712700657277,1.7168020265305788,2.3874495513342073,False
3.012,2.3658363451063185,-5.215689962548008,1.7168020265305788,2.3874495513342073,2.3864387663127324,-0.02161320622788887,-0.02060242120641398,-0.0024722905447696775,-0.0004889626417000053,0.19292374634425247,0.1899624931577828,0.1899624931577828,False,False,0.19285443598122867,1.7215558123577097,2.3768929135654773,False
3.0140000000000002,2.3553671940894114,-5.253433156221266,1.7215558123577097,2.3768929135654773,2.377658109939194,-0.021525719476065852,-0.0222909158497826,-0.002674909901973912,-0.0005157117407197444,0.19111119606099305,0.1879205744182994,0.1879205744182994,False,False,0.19166274489532598,1.726288467478033,2.3663275601616585,False
3.016,2.344822724475759,-5.291008358587497,1.726288467478033,2.3663275601616585,2.363949712597057,-0.021504835685899337,-0.019126988121298094,-0.0022952385745557712,-0.0005386641264653021,0.18929390984394656,0.1864600071429255,0.1864600071429255,False,False,0.1899624931577828,1.730999868159605,2.355700340786015,False
3.0180000000000002,2.3342032734504237,-5.328414368088217,1.730999868159605,2.355700340786015,2.3568812434990387,-0.021497067335591424,-0.022677970048615048,-0.0027213564058338057,-0.0005658776905236401,0.18747194580525972,0.18418471170890227,0.18418471170890227,False,False,0.1879205744182994,1.7356898204858546,2.344976163124825,False
3.02,2.323509180596202,-5.365649988575218,1.7356898204858546,2.344976163124825,2.3476921643694175,-0.021466982528623113,-0.024182983773215483,-0.0029019580527858578,-0.0005948972710514987,0.18564536220666783,0.18214850688283046,0.18214850688283046,False,False,0.1864600071429255,1.740358254406684,2.334216960414654,False
3.0220000000000002,2.3127407878827224,-5.402714029348971,1.740358254406684,2.334216960414654,2.336962739470074,-0.02147617253193168,-0.02422195158735141,-0.002906634190482169,-0.0006239636129563204,0.18381421745762383,0.18028361965418535,0.18028361965418535,False,False,0.18418471170890227,1.7450049300384878,2.323337815901873,False
3.024,2.301898439655545,-5.439605305196583,1.7450049300384878,2.323337815901873,2.326696122160269,-0.0214393762463283,-0.02479768250472425,-0.00297572190056691,-0.0006537208319619895,0.18197857011343693,0.17834912738090802,0.17834912738090802,False,False,0.18214850688283046,1.7496296602002475,2.312365080879887,False
3.0260000000000002,2.2909824826251346,-5.47632263642975,1.7496296602002475,2.312365080879887,2.3113965609634546,-0.021382598254752416,-0.020414078338319985,-0.0024496894005983983,-0.0006782177259679735,0.18013847887339723,0.17701057174683085,0.17701057174683085,False,False,0.18028361965418535,1.7542322956425185,2.3013177211355424,False
3.028,2.2799932658557793,-5.51286484892246,1.7542322956425185,2.3013177211355424,2.301935929706654,-0.02132445527976312,-0.021942663850874844,-0.0026331196621049813,-0.0007045489225890233,0.1782940025788997,0.1749563339942057,0.1749563339942057,False,False,0.17834912738090802,1.7588126741813697,2.290189269425579,False
3.0300000000000002,2.2689311407544164,-5.549230774148584,1.7588126741813697,2.290189269425579,2.2904768262113233,-0.021258128671162613,-0.021545685456906938,-0.0025854822548288326,-0.0007304037451373117,0.1764452002115604,0.17312931421159425,0.17312931421159425,False,False,0.17701057174683085,1.763370760204618,2.2790430116242355,False
3.032,2.2577964610594137,-5.585419249219169,1.763370760204618,2.2790430116242355,2.282523503732768,-0.02124655056482183,-0.024727042673354127,-0.002967245120802495,-0.0007600761963453366,0.17459213089133385,0.170864809574186,0.170864809574186,False,False,0.1749563339942057,1.7679063686281646,2.2678042117732926,False
3.0340000000000003,2.2465895828292455,-5.6214291169196775,1.7679063686281646,2.2678042117732926,2.2674632813601487,-0.02121462894404713,-0.020873698530903262,-0.0025048438237083915,-0.0007851246345824206,0.17273485387462018,0.16944488541632935,0.16944488541632935,False,False,0.17312931421159425,1.7724193639819368,2.2564976768860827,False
3.036,2.2353108644311135,-5.657259225746964,1.7724193639819368,2.2564976768860827,2.2607780568679074,-0.02118681245496923,-0.02546719243679396,-0.0030560630924152754,-0.0008156852655065733,0.1708734285523713,0.16700168019444947,0.16700168019444947,False,False,0.170864809574186,1.7769095206760748,2.2450783470690348,False
3.0380000000000003,2.2239606665294698,-5.692908429946158,1.7769095206760748,2.2450783470690348,2.243452793918341,-0.021117680539564976,-0.019492127388871072,-0.0023390552866645285,-0.0008390758183732186,0.1690079144481892,0.16582978334315143,0.16582978334315143,False,False,0.16944488541632935,1.7813767924553938,2.233635889659471,False
3.04,2.212539352074522,-5.728375589547173,1.7813767924553938,2.233635889659471,2.2390197871419804,-0.021096537584949004,-0.02648043506745834,-0.003177652208095001,-0.0008708523404541686,0.1671383712164285,0.16308986666787934,0.16308986666787934,False,False,0.16700168019444947,1.785820919298756,2.222063421681113,False
3.0420000000000003,2.2010472862905783,-5.7636595704013205,1.785820919298756,2.222063421681113,2.2211296902097564,-0.021016135390534707,-0.020082403919178038,-0.0024098884703013645,-0.0008949512251571822,0.16526485864028106,0.1619600189448225,0.1619600189448225,False,False,0.16582978334315143,1.790241910254789,2.2104954780165325,False
3.044,2.189484836664405,-5.798759244217456,1.790241910254789,2.2104954780165325,2.210508970195246,-0.02101064135212738,-0.02102413353084076,-0.0025228960237008912,-0.0009201801853941911,0.16338743662987032,0.15994436042077523,0.15994436042077523,False,False,0.16308986666787934,1.7946394459302089,2.198767837709882,False
3.0460000000000003,2.1778523729334625,-5.833673488598108,1.7946394459302089,2.198767837709882,2.1974562174248637,-0.02091546477641959,-0.01960384449140129,-0.002352461338968155,-0.0009437047987838727,0.16150616522033306,0.15820999908258104,0.15820999908258104,False,False,0.1619600189448225,1.7990135475904703,2.1870508301307,False
3.048,2.166150267074083,-5.868401187075354,1.7990135475904703,2.1870508301307,2.187802658738144,-0.020900563056617028,-0.021652391664061188,-0.0025982869996873425,-0.0009696876687807461,0.1596211045699002,0.1560531299014321,0.1560531299014321,False,False,0.15994436042077523,1.8033640507789825,2.1752515942560833,False
3.0500000000000003,2.154378893289567,-5.902941229146564,1.8033640507789825,2.1752515942560833,2.174076338249439,-0.020872700966516167,-0.019697444959871913,-0.0023636933951846294,-0.0009933246027325924,0.15773231495797152,0.1543752969600543,0.1543752969600543,False,False,0.15820999908258104,1.8076908517505696,2.1634004857935403,False
3.052,2.142538627998235,-5.9372925103098435,1.8076908517505696,2.1634004857935403,2.164238393936189,-0.020861857795305472,-0.021699765937954307,-0.002603971912554517,-0.0010193643218581376,0.15583985678319082,0.15221652054877816,0.15221652054877816,False,False,0.1560531299014321,1.8119937594276796,2.151453838554928,False
3.0540000000000003,2.1306298498213767,-5.971453932099399,1.8119937594276796,2.151453838554928,2.1539874520177693,-0.020823988733551513,-0.0233576021963926,-0.002802912263567112,-0.0010473934444938087,0.1539437905615127,0.15009348485345178,0.15009348485345178,False,False,0.1543752969600543,1.8162726851432742,2.1394628577973513,False
3.056,2.118652939571154,-6.005424402120641,1.8162726851432742,2.1394628577973513,2.142940200293746,-0.020809918226197155,-0.024287260722591686,-0.0029144712867110022,-0.0010765381573609187,0.1520441769242685,0.1480531674801966,0.1480531674801966,False,False,0.15221652054877816,1.8205274404957923,2.127377676259057,False
3.0580000000000003,2.1066082802384005,-6.039202834085173,1.8205274404957923,2.127377676259057,2.126232661237632,-0.020769396020656306,-0.019624380999231583,-0.00235492571990779,-0.0011000874145599966,0.15014107661622422,0.14668606348175645,0.14668606348175645,False,False,0.15009348485345178,1.8247578466389442,2.1152030715759698,False
3.06,2.0944962569804186,-6.072788147845404,1.8247578466389442,2.1152030715759698,2.1152539037004527,-0.020706814595551126,-0.020757646720034106,-0.0024909176064040928,-0.0011249965906240376,0.14823455049364498,0.14461863629661684,0.14461863629661684,False,False,0.1480531674801966,1.82896374401375,2.102948687402872,False
3.0620000000000003,2.0823172571086097,-6.106179269429245,1.82896374401375,2.102948687402872,2.106741025183371,-0.020631430294262287,-0.02442376807476121,-0.002930852168971345,-0.001154305112313751,0.14632465952234033,0.14223950224105525,0.14223950224105525,False,False,0.14668606348175645,1.833145115785824,2.0906858860370074,False
3.064,2.0700716700761315,-6.13937513107433,1.833145115785824,2.0906858860370074,2.090394677504389,-0.02061421596087598,-0.020323007428257434,-0.002438760891390892,-0.00117869272122766,0.1444114647757217,0.14079401116310314,0.14079401116310314,False,False,0.14461863629661684,1.8373017986585827,2.0783414363792687,False
3.0660000000000003,2.057759887465422,-6.172374671262216,1.8373017986585827,2.0783414363792687,2.0781608283312543,-0.02058154891384678,-0.02040094086583233,-0.0024481129038998795,-0.0012031738502666586,0.14249502743284587,0.13884374067867933,0.13884374067867933,False,False,0.14223950224105525,1.8414335658594012,2.0658836004092893,False
3.068,2.0453823029756903,-6.205176834752305,1.8414335658594012,2.0658836004092893,2.065479816413261,-0.020501297433598964,-0.02009751343757049,-0.002411701612508459,-0.001227290866391743,0.14057540877646035,0.13693641629756015,0.13693641629756015,False,False,0.14079401116310314,1.8455403886129678,2.05341137678329,False
3.0700000000000003,2.0329393124103072,-6.237780572615631,1.8455403886129678,2.05341137678329,2.054007171674197,-0.020472064372982768,-0.021067859263889765,-0.002528143111666772,-0.001252572297508411,0.13865267019104094,0.13487195478186575,0.13487195478186575,False,False,0.13884374067867933,1.8496221327597977,2.0408720734149886,False
3.072,2.020431313664175,-6.270184842268341,1.8496221327597977,2.0408720734149886,2.0422958030292175,-0.02044075975081361,-0.021864489365042594,-0.0026237387238051114,-0.001278809684746462,0.1367268731608326,0.132824324752281,0.132824324752281,False,False,0.13693641629756015,1.8536786746081737,2.028270924187959,False
3.074,2.0078587067109894,-6.30238860750506,1.8536786746081737,2.028270924187959,2.0302482355978886,-0.02041221747696964,-0.022389528886899157,-0.0026867434664278986,-0.001305677119410741,0.1347980792678816,0.13080565868204294,0.13080565868204294,False,False,0.13487195478186575,1.8577098589217549,2.0155921567906243,False
3.076,1.99522189359044,-6.3343908385320615,1.8577098589217549,2.0155921567906243,2.018190215538706,-0.020370263200184313,-0.022968321948266146,-0.0027561986337919374,-0.0013332391057486602,0.1328663501900642,0.1287769124505236,0.1287769124505236,False,False,0.132824324752281,1.8617155356952901,2.0028383867676443,False
3.078,1.9825212783953763,-6.366190512000136,1.8617155356952901,2.0028383867676443,2.006257817587546,-0.020317108372267967,-0.02373653919216956,-0.002848384703060347,-0.0013617229527792636,0.1309317476991184,0.12672164004327877,0.12672164004327877,False,False,0.13080565868204294,1.8656955626376426,1.9900134711761763,False
3.08,1.96975726725887,-6.397786611037353,1.8656955626376426,1.9900134711761763,1.9889703946546657,-0.020256203917306426,-0.019213127395795837,-0.0023055752874955003,-0.0013847787056542186,0.12899433365866572,0.125303979665516,0.125303979665516,False,False,0.1287769124505236,1.8696497969111683,1.977117136762903,False
3.082,1.9569302683412364,-6.429178125281563,1.8696497969111683,1.977117136762903,1.9797606177880365,-0.020186868421666615,-0.02283034944680007,-0.002739641933616008,-0.0014121751249903786,0.12705417002223449,0.1229023529636281,0.1229023529636281,False,False,0.12672164004327877,1.8735780916939395,1.9641473913855965,False
3.084,1.9440406918169635,-6.46036405091275,1.8735780916939395,1.9641473913855965,1.9685204498289448,-0.02010669956863298,-0.024479758011981323,-0.002937570961437759,-0.0014415508346047562,0.1251113188312758,0.12073219703523329,0.12073219703523329,False,False,0.125303979665516,1.8774804352936971,1.9511717998788398,False
3.086,1.9310889498616364,-6.491343390685025,1.8774804352936971,1.9511717998788398,1.950155880605446,-0.020082850017203446,-0.019066930743809607,-0.002288031689257153,-0.0014644311514973277,0.1231658422131858,0.11941337937243132,0.11941337937243132,False,False,0.1229023529636281,1.881356610104747,1.9380874055249129,False
3.088,1.9180754566387055,-6.522115153958655,1.881356610104747,1.9380874055249129,1.9362205387292277,-0.020011948886207387,-0.018145082090522235,-0.002177409850862668,-0.0014862052500059543,0.12121780237931112,0.1175541872784425,0.1175541872784425,False,False,0.12073219703523329,1.885206449383481,1.9249196393670118,False
3.09,1.9050006282862824,-6.55267835673163,1.885206449383481,1.9249196393670118,1.9235758017206055,-0.019919011080729465,-0.018575173434323133,-0.002229020812118776,-0.001508495458127142,0.11926726162296568,0.11552974535271976,0.11552974535271976,False,False,0.11941337937243132,1.889029966489118,1.9117585528184529,False
3.092,1.8918648829038152,-6.583032021671179,1.889029966489118,1.9117585528184529,1.9100863684250133,-0.0198936699146377,-0.018221485521198177,-0.002186578262543781,-0.0015303612407525798,0.11731428231743588,0.11359734281413951,0.11359734281413951,False,False,0.1175541872784425,1.8928270614799219,1.8985474954019186,False
3.094,1.8786686405387267,-6.613175178145005,1.8928270614799219,1.8985474954019186,1.9038369846634982,-0.019878854863191853,-0.025168344124771425,-0.003020201294972571,-0.0015605632537023055,0.11535892691398732,0.11077816236531245,0.11077816236531245,False,False,0.11552974535271976,1.8965976009096448,1.8852697148614606,False
3.096,1.8654123231729653,-6.64310686225236,1.8965976009096448,1.8852697148614606,1.8866232799457856,-0.019857391688495207,-0.021210956772820255,-0.0025453148127384307,-0.0015860164018296897,0.11340125793986525,0.10926992672529713,0.10926992672529713,False,False,0.11359734281413951,1.9003414720720702,1.871935581212669,False
3.098,1.8520963547095368,-6.672826116854807,1.9003414720720702,1.871935581212669,1.873831869653746,-0.01983922650313219,-0.02173551494420911,-0.0026082617933050932,-0.0016120990197627406,0.11144133799629899,0.10722097718323116,0.10722097718323116,False,False,0.11077816236531245,1.9040583778092368,1.8584528685833173,False
3.1,1.8387211609589298,-6.702331991606876,1.9040583778092368,1.8584528685833173,1.8630636835368573,-0.019731707624387473,-0.02434252257792746,-0.0029211027093512952,-0.0016413100468562535,0.10947922975649707,0.10491681700028953,0.10491681700028953,False,False,0.10926992672529713,1.9077482987410583,1.8449604659107577,False
3.102,1.8252871696255122,-6.731623542986419,1.9077482987410583,1.8449604659107577,1.844795597330187,-0.0196732962852455,-0.01950842770467487,-0.002341011324560984,-0.0016647201601018634,0.10751499596364511,0.10350926447898226,0.10350926447898226,False,False,0.10722097718323116,1.9114111024753273,1.831401867134446,False
3.104,1.8117948102938295,-6.760699834324844,1.9114111024753273,1.831401867134446,1.831262859792971,-0.019607056840616588,-0.019468049499141493,-0.002336165939896979,-0.0016880818195008332,0.10554869942889586,0.10152445166949804,0.10152445166949804,False,False,0.10491681700028953,1.9150466046343264,1.8177510794996043,False
3.106,1.7982445144149155,-6.789559935836953,1.9150466046343264,1.8177510794996043,1.8148541514893923,-0.019506565084688843,-0.016609637074476824,-0.001993156448937219,-0.0017080133839902055,0.1035804030293675,0.09987923319644007,0.09987923319644007,False,False,0.10350926447898226,1.9186548106164107,1.8041029910421216,False
3.108,1.7846367152924372,-6.8182029246508105,1.9186548106164107,1.8041029910421216,1.8023159744937514,-0.019466275749684403,-0.01767925920131419,-0.002121511104157703,-0.0017292284950317825,0.10161016970612463,0.09775943010693515,0.09775943010693515,False,False,0.10152445166949804,1.9222356048826208,1.7903971331049755,False
3.11,1.7709718480688839,-6.846627884837149,1.9222356048826208,1.7903971331049755,1.7854909618210517,-0.019425285036091644,-0.014519113752167856,-0.0017422936502601426,-0.0017466514315343839,0.09963806246217197,0.09614911738037744,0.09614911738037744,False,False,0.09987923319644007,1.925788944275027,1.7766696962030837,False
3.112,1.7572503497116323,-6.874833907438709,1.925788944275027,1.7766696962030837,1.7779443376706494,-0.019419346491451384,-0.020693987959017113,-0.0024832785550820535,-0.0017714842170852044,0.09766414436043686,0.0934093815882696,0.0934093815882696,False,False,0.09775943010693515,1.9293146867324136,1.7628712286932995,False
3.114,1.743472658998982,-6.902820090499281,1.9293146867324136,1.7628712286932995,1.7608894903025207,-0.019398569694317525,-0.01741683130353877,-0.0020900197564246523,-0.001792384414649451,0.09568847852175391,0.0918060743506798,0.0918060743506798,False,False,0.09614911738037744,1.9328127984422951,1.7490558549407396,False
3.116,1.729639216506106,-6.930585539092589,1.9328127984422951,1.7490558549407396,1.7525190117809923,-0.019416638434633482,-0.02287979527488626,-0.0027455754329863513,-0.0018198401689793146,0.09371112812284388,0.08914571252087822,0.08914571252087822,False,False,0.0934093815882696,1.9362830094633718,1.7351055105383253,False
3.118,1.7157504645909905,-6.95812936535085,1.9362830094633718,1.7351055105383253,1.7341681440463887,-0.019355045947334837,-0.018417679455398295,-0.0022101215346477954,-0.0018419413843257925,0.09173215639429746,0.08768009347532388,0.08768009347532388,False,False,0.0918060743506798,1.9397252907894114,1.7211406630197508,False
3.12,1.7018068473802699,-6.985450688493203,1.9397252907894114,1.7211406630197508,1.7244722033301476,-0.01933381563948089,-0.02266535594987773,-0.0027198427139853276,-0.0018691398114656457,0.08975162661855063,0.08516264409309965,0.08516264409309965,False,False,0.08914571252087822,1.943139392386446,1.7070507985172765,False
3.122,1.6878088107550338,-7.012548634853861,1.943139392386446,1.7070507985172765,1.7064999392063482,-0.01924198776224273,-0.018691128451314487,-0.002242935414157738,-0.001891569165607223,0.08776960212786217,0.08363509754809721,0.08363509754809721,False,False,0.08768009347532388,1.9465253171476902,1.6929623806221081,False
3.124,1.6737568023365483,-7.03942233791008,1.9465253171476902,1.6929623806221081,1.6945149010767526,-0.0192055782855598,-0.02075809874020429,-0.002490971848824515,-0.0019164788840954682,0.08578614630228573,0.08137869556936575,0.08137869556936575,False,False,0.08516264409309965,1.9498828476818937,1.6787652671017403,False
3.126,1.6596512714719895,-7.066070938309789,1.9498828476818937,1.6787652671017403,1.6795232453882543,-0.019113995629750802,-0.019871973916264718,-0.002384636869951766,-0.0019403252527949858,0.08380132256764974,0.079476360444903,0.079476360444903,False,False,0.08363509754809721,1.9532119762727664,1.6645642954363518,False
3.128,1.6454926692200127,-7.092493583899177,1.9532119762727664,1.6645642954363518,1.6604174177269868,-0.019071626216339066,-0.014924748506974117,-0.001790969820836894,-0.0019582349510033547,0.08181519439352034,0.07806598962168008,0.07806598962168008,False,False,0.08137869556936575,1.9565125426669447,1.6502831970891465,False
3.13,1.6312814483363778,-7.118689429749856,1.9565125426669447,1.6502831970891465,1.6521612199186415,-0.01900174875276872,-0.02087977158226373,-0.0025055725898716474,-0.0019832906769020713,0.0798278252911788,0.07533896202440507,0.07533896202440507,False,False,0.079476360444903,1.959784462514198,1.635959923626653,False
3.132,1.6170180632594493,-7.144657638185919,1.959784462514198,1.635959923626653,1.636971232937394,-0.0189418603672038,-0.019953169677944693,-0.0023943803613533632,-0.002007234480515605,0.07783927881158759,0.07343766396971863,0.07343766396971863,False,False,0.07806598962168008,1.963027755408635,1.6216464472184688,False
3.134,1.6027029700956734,-7.17039737881071,1.963027755408635,1.6216464472184688,1.6170993663120703,-0.018943477122795427,-0.014396396216396878,-0.0017275675459676254,-0.002024510155975281,0.07584961854335937,0.07209754084141645,0.07209754084141645,False,False,0.07533896202440507,1.9662421650217972,1.6072048065810012,False
3.136,1.5883366266049737,-7.195907828533414,1.9662421650217972,1.6072048065810012,1.6053145457588036,-0.01886817997602752,-0.016977919153829957,-0.0020373502984595946,-0.002044883658959877,0.07385890811072068,0.06977667415330122,0.06977667415330122,False,False,0.07343766396971863,1.969427610750449,1.5927228643258966,False
3.138,1.5739194921861417,-7.221188171595326,1.969427610750449,1.5927228643258966,1.5929522090242068,-0.018803372139754915,-0.019032716838065067,-0.002283926020567808,-0.002067722919165555,0.07186721117148184,0.06751556223174848,0.06751556223174848,False,False,0.07209754084141645,1.9725841303871665,1.5782598183587668,False
3.14,1.5594520278621287,-7.246237599595967,1.9725841303871665,1.5782598183587668,1.576823907334421,-0.018807790496638166,-0.01737187947229235,-0.002084625536675082,-0.002088569174532306,0.06987459141499835,0.06570139670379097,0.06570139670379097,False,False,0.06977667415330122,1.9757115559419252,1.563712777379367,False
3.142,1.5449346962653059,-7.271055311518929,1.9757115559419252,1.563712777379367,1.5651772045680181,-0.018778081114061207,-0.020242508302712237,-0.0024291009963254683,-0.0021128601844955606,0.06788111256013513,0.06333915137931409,0.06333915137931409,False,False,0.06751556223174848,1.978809733784107,1.5490889210909105,False
3.144,1.5303679616226726,-7.295640513757494,1.978809733784107,1.5490889210909105,1.549102935367425,-0.01872095946823782,-0.018734973744752415,-0.00224819684937029,-0.0021353421529892633,0.06588683835322867,0.061503299350869116,0.061503299350869116,False,False,0.06570139670379097,1.9818786055623412,1.534435889117111,False
3.146,1.5157522897410152,-7.319992420139993,1.9818786055623412,1.534435889117111,1.5324507433308967,-0.018683599376095872,-0.016698453589881534,-0.0020038144307857842,-0.002155380297297121,0.06389183256604958,0.05973263783796667,0.05973263783796667,False,False,0.06333915137931409,1.9849179987991517,1.5196966184052334,False
3.148,1.5010881479919935,-7.344110251954986,1.9849179987991517,1.5196966184052334,1.5176121104143603,-0.018608470413239875,-0.016523962422366756,-0.0019828754906840106,-0.002175209052203961,0.061896158993760636,0.057738074450872666,0.057738074450872666,False,False,0.061503299350869116,1.987927853139637,1.5049271702426683,False
3.15,1.4863760052972228,-7.367993237976114,1.987927853139637,1.5049271702426683,1.5045844239128345,-0.01855116494544551,-0.018208418615611732,-0.002185010233873408,-0.0021970591545426954,0.059899881452880416,0.05551781206446431,0.05551781206446431,False,False,0.05973263783796667,1.9909081225432614,1.4901347018122464,False
3.152,1.4716163321132614,-7.39164061448679,1.9909081225432614,1.4901347018122464,1.487249972933628,-0.018518369698985016,-0.015633640820366557,-0.0018760368984439867,-0.0022158195235271352,0.05790306377924037,0.05381120735726925,0.05381120735726925,False,False,0.057738074450872666,1.9938587145907127,1.475296023725695,False
3.154,1.456809600416575,-7.415051625304608,1.9938587145907127,1.475296023725695,1.4748589932140597,-0.01848642330911998,-0.018049392797484742,-0.002165927135698169,-0.002237478794884117,0.05590576982594461,0.05150236389536233,0.05150236389536233,False,False,0.05551781206446431,1.996779490617449,1.4603880133680947,False
3.156,1.4419562836884254,-7.438225521805551,1.996779490617449,1.4603880133680947,1.4568105514250327,-0.018431729679669218,-0.014854267736607252,-0.00178251212839287,-0.0022553039161680457,0.05390806346132551,0.049870247416764595,0.049870247416764595,False,False,0.05381120735726925,1.9996704210429506,1.4454652127507452,False
3.158,1.427056856899759,-7.461161562947889,1.9996704210429506,1.4454652127507452,1.446613974128371,-0.018408355850986213,-0.019557117228611975,-0.002346854067433437,-0.00227877245684238,0.05191000856690525,0.047284382042629435,0.047284382042629435,False,False,0.05150236389536233,2.0025313505034465,1.4304647302480593,False
3.16,1.412111796495998,-7.4838590152959,2.0025313505034465,1.4304647302480593,1.4304838354111906,-0.018352933752061373,-0.01837203891519268,-0.0022046446698231214,-0.0023008189035406113,0.04991166903535041,0.045406205461986676,0.045406205461986676,False,False,0.049870247416764595,2.0053622670493887,1.4154582729711123,False
3.162,1.3971215803818104,-7.506317153043323,2.0053622670493887,1.4154582729711123,1.4130473414841715,-0.018336692589301817,-0.015925761102361102,-0.001911091332283332,-0.0023199298168634446,0.04791310876842961,0.04368208761928283,0.04368208761928283,False,False,0.047284382042629435,2.0081629591481334,1.400346049372391,False
3.164,1.3820866879058293,-7.528535258036562,2.0081629591481334,1.400346049372391,1.3971843392893346,-0.018259361466561597,-0.015097651383505273,-0.0018117181660206327,-0.002338046998523651,0.04591439167496991,0.04176462651042563,0.04176462651042563,False,False,0.045406205461986676,2.010933365782135,1.385203317000852,False
3.166,1.3670075998453264,-7.550512619797644,2.010933365782135,1.385203317000852,1.3848801245964524,-0.018195717155525593,-0.017872524751125995,-0.0021447029701351194,-0.002359494028225002,0.04391558166881401,0.039411384670453894,0.039411384670453894,False,False,0.04368208761928283,2.013673458864452,1.3700465411586547,False
3.168,1.351884798390821,-7.5722485355469695,2.013673458864452,1.3700465411586547,1.3678560979899883,-0.018161742767833555,-0.01597129959916721,-0.0019165559519000652,-0.0023786595877440028,0.04191674266677378,0.03762152712712971,0.03762152712712971,False,False,0.04176462651042563,2.0163831701309496,1.3548556332487243,False
3.17,1.336718767130689,-7.593742310225742,2.0163831701309496,1.3548556332487243,1.3566312951901973,-0.018136866118035222,-0.019912528059508272,-0.0023895033671409924,-0.0024025546214154125,0.03991793858659021,0.0351258805980338,0.0351258805980338,False,False,0.039411384670453894,2.0190623408157204,1.3395853423855366,False
3.172,1.3215099910356796,-7.614993256518218,2.0190623408157204,1.3395853423855366,1.3389270673765274,-0.01807535134985705,-0.01741707634084788,-0.0020900491609017456,-0.00242345511302443,0.03791923334488695,0.033405729070960774,0.033405729070960774,False,False,0.03762152712712971,2.0217109318705897,1.324295527434591,False
3.174,1.3062589564434168,-7.6360006948736805,2.0217109318705897,1.324295527434591,1.324466327999164,-0.01803657099117406,-0.018207371555747143,-0.002184884586689657,-0.0024453039588913264,0.035920690855127696,0.03129050230954671,0.03129050230954671,False,False,0.0351258805980338,2.024328756884855,1.308912507132522,False
3.176,1.2909661510428285,-7.656763953528189,2.024328756884855,1.308912507132522,1.3085883158699894,-0.017946356089693527,-0.017622164827160836,-0.0021146597792593004,-0.0024664505566839193,0.03392237502556983,0.029341264689626608,0.029341264689626608,False,False,0.033405729070960774,2.0269157938853146,1.2935185002298846,False
3.178,1.2756320638585805,-7.677282368526023,2.0269157938853146,1.2935185002298846,1.2929998004124874,-0.01788643637130405,-0.017367736553906887,-0.0020841283864688263,-0.0024872918405486077,0.031924349757224635,0.027352929530207203,0.027352929530207203,False,False,0.03129050230954671,2.029471938411806,1.2780722632458024,False
3.18,1.260257185235419,-7.697555283740941,2.029471938411806,1.2780722632458024,1.2789936138212243,-0.0178150780103834,-0.018736428585805376,-0.002248371430296645,-0.002509775554851574,0.029926678941811335,0.025168531956663118,0.025168531956663118,False,False,0.029341264689626608,2.0319971219105755,1.2625917493847458,False
3.182,1.2448420068224955,-7.717582050897155,2.0319971219105755,1.2625917493847458,1.262138322634658,-0.01774974256225037,-0.01729631581216262,-0.0020755578974595147,-0.0025305311338261693,0.027929426459714662,0.02332333742842898,0.02332333742842898,False,False,0.027352929530207203,2.0344912683945107,1.2470732419675368,False
3.184,1.229387021557646,-7.737362029590058,2.0344912683945107,1.2470732419675368,1.2442097928014084,-0.017686220409890874,-0.014822771243762523,-0.0017787325492515027,-0.002548318459318684,0.025932656177942187,0.021605605169372002,0.021605605169372002,False,False,0.025168531956663118,2.036954261656506,1.2314966309976323,False
3.186,1.2138927236516315,-7.756894587306699,2.036954261656506,1.2314966309976323,1.2299537835727419,-0.017603907346000813,-0.0160610599211104,-0.0019273271905332478,-0.002567591731224017,0.02393643194808248,0.019441513026325217,0.019441513026325217,False,False,0.02332333742842898,2.039386057795895,1.2158980696945059,False
3.188,1.1983596085723165,-7.776179099446036,2.039386057795895,1.2158980696945059,1.2168416001116458,-0.017538461122189375,-0.01848199153932928,-0.0022178389847195136,-0.002589770121071212,0.021940817604260976,0.017133208498470248,0.017133208498470248,False,False,0.021605605169372002,2.041786640085157,1.2002911446308562,False
3.19,1.182788173028853,-7.795214949338864,2.041786640085157,1.2002911446308562,1.202944073234331,-0.017502971602003203,-0.020155900205478083,-0.0024187080246573698,-0.002613957201317786,0.01994587696110238,0.014913211735127224,0.014913211735127224,False,False,0.019441513026325217,2.0441558985131647,1.1846292140038448,False
3.192,1.167178914955779,-7.81400152826757,2.0441558985131647,1.1846292140038448,1.1882149213500803,-0.01745029904806583,-0.021036006394301365,-0.0025243207673161638,-0.0026392004089909474,0.01795167381168751,0.012788152635380398,0.012788152635380398,False,False,0.017133208498470248,2.0464936940802065,1.1688977835208458,False
3.194,1.1515323334971037,-7.832538235485578,2.0464936940802065,1.1688977835208458,1.16957747852965,-0.017365450023742124,-0.018045145032546284,-0.0021654174039055537,-0.002660854583030003,0.01595827192551466,0.011131999938579103,0.011131999938579103,False,False,0.014913211735127224,2.0487999078062535,1.1531068630235681,False
3.196,1.1358489289903289,-7.850824478236585,2.0487999078062535,1.1531068630235681,1.1514125774594677,-0.017257934033239275,-0.015563648469138824,-0.0018676378162966589,-0.0026795309611929697,0.013965735046457983,0.009418566268968354,0.009418566268968354,False,False,0.012788152635380398,2.051074441899172,1.1372670464593315,False
3.198,1.1201292029504766,-7.868859671773481,2.051074441899172,1.1372670464593315,1.1384687241215161,-0.017137843508854944,-0.01833952117103954,-0.0022007425405247446,-0.0027015383865982173,0.011974126890732753,0.007071845963609791,0.007071845963609791,False,False,0.011131999938579103,2.05331729783063,1.1214279657290875,False
3.2,1.104373658054034,-7.886643239377075,2.05331729783063,1.1214279657290875,1.1199531689054154,-0.01705430767505356,-0.015579510851381428,-0.0018695413021657713,-0.002720233799619875,0.00998351114485535,0.005393736043069704,0.005393736043069704,False,False,0.009418566268968354,2.055528465061515,1.1055836154423322,False
3.202,1.088582798122883,-7.904174612374521,2.055528465061515,1.1055836154423322,1.1021810675999737,-0.017000817319449135,-0.013598269477090641,-0.001631792337250877,-0.0027365517229923837,0.007993951463607582,0.0036256074033643214,0.0036256074033643214,False,False,0.007071845963609791,2.0577078005587226,1.0896677486038358,False
3.204,1.0727571281081896,-7.921453230157516,2.0577078005587226,1.0896677486038358,1.0903247749515232,-0.016910620495646178,-0.017567646843333673,-0.0021081176212000407,-0.002757632899204384,0.006005511468000907,0.0011397609475964823,0.0011397609475964823,False,False,0.005393736043069704,2.059855302868204,1.0737511547407743,False
3.206,1.0568971540742627,-7.93847854020021,2.059855302868204,1.0737511547407743,1.0713181743649292,-0.01685400066651166,-0.014421020290666497,-0.0017305224348799796,-0.002774938123553184,0.004018254743242772,-0.00048720581519039186,-0.00048720581519039186,False,False,0.0036256074033643214,2.0619709517020284,1.0578244169120457,False
3.208,1.0410033831823495,-7.955249998076901,2.0619709517020284,1.0578244169120457,1.0564486862855633,-0.016821033729696122,-0.015445303103213792,-0.001853436372385655,-0.0027934724872770407,0.002032244836700836,-0.00261466402296186,-0.00261466402296186,False,False,0.0011397609475964823,2.064054576705607,1.0418125017891497,False
3.21,1.0250763236744498,-7.971767067479414,2.064054576705607,1.0418125017891497,1.0401388592988474,-0.016736178114699962,-0.015062535624397633,-0.001807504274927716,-0.0028115475300263177,4.754525587445657e-05,-0.004571506549079577,-0.004571506549079577,False,False,-0.00048720581519039186,2.0661061892460455,1.0258062702192507,False
3.212,1.0091164848570429,-7.988029220234267,2.0661061892460455,1.0258062702192507,1.0307875095720083,-0.016689785362207887,-0.021671024714965403,-0.0026005229657958483,-0.002837552759684276,-0.0019357805336382983,-0.007373856259118423,-0.007373856259118423,False,False,-0.00261466402296186,2.0681256957628698,1.0097532584121618,False
3.214,0.9931243770848104,-8.004035936319553,2.0681256957628698,1.0097532584121618,1.008602046352163,-0.016628881327351408,-0.015477669267352612,-0.0018573203120823133,-0.0028561259628050993,-0.003917669110169247,-0.00863111538505666,-0.00863111538505666,False,False,-0.004571506549079577,2.070113039450984,0.9936718440570615,False
3.216,0.9771005117442982,-8.019786703881593,2.070113039450984,0.9936718440570615,0.9941429414517241,-0.01657133231276331,-0.017042429707425866,-0.0020450915648911037,-0.00287657687845401,-0.00589805709801032,-0.010819725541355435,-0.010819725541355435,False,False,-0.007373856259118423,2.072067987081066,0.9774738150410964,False
3.218,0.9610454012375925,-8.035281019251265,2.072067987081066,0.9774738150410964,0.9788885752350175,-0.016428413803503905,-0.017843173997424966,-0.0021411808796909957,-0.00289798868725092,-0.007876881169436661,-0.012916050736378578,-0.012916050736378578,False,False,-0.00863111538505666,2.07399063152886,0.961322223897187,False
3.22,0.9449595589659143,-8.050518386960137,2.07399063152886,0.961322223897187,0.9618312926399987,-0.016362664931272697,-0.016871733674084344,-0.0020246080408901214,-0.002918234767659821,-0.009854078046733987,-0.014796920855283929,-0.014796920855283929,False,False,-0.010819725541355435,2.075880869624722,0.9451190479309464,False
3.222,0.928843499313208,-8.065498319756303,2.075880869624722,0.9451190479309464,0.9485357932347409,-0.01627554861773839,-0.019692293921532933,-0.002363075270583952,-0.002941865520365661,-0.011829584504221537,-0.01713452529517115,-0.01713452529517115,False,False,-0.012916050736378578,2.0777386186576163,0.9288745164470502,False
3.224,0.912697737629692,-8.080220338619965,2.0777386186576163,0.9288745164470502,0.9286424796077092,-0.01617677881735824,-0.015944741978017207,-0.0019133690373620649,-0.0029609992107392817,-0.013803337370273824,-0.01867770561837517,-0.01867770561837517,False,False,-0.014796920855283929,2.0795638419419555,0.9126116421697034,False
3.226,0.8965227902153847,-8.094683972778746,2.0795638419419555,0.9126116421697034,0.9114215874143372,-0.01608885195431864,-0.014898797198952485,-0.001787855663874298,-0.002978877767378025,-0.015775273529340127,-0.020542006960592447,-0.020542006960592447,False,False,-0.01713452529517115,2.081356407555555,0.8962828067997349,False
3.228,0.8803191743035739,-8.108888759722763,2.081356407555555,0.8962828067997349,0.8927837113340822,-0.015963632496161062,-0.012464537030508316,-0.001495744443660998,-0.0029938352118146347,-0.0177453299239652,-0.022234909579440833,-0.022234909579440833,False,False,-0.01867770561837517,2.0831163513784583,0.879971911451559,False
3.23,0.8640874080443075,-8.122834245219385,2.0831163513784583,0.879971911451559,0.8807430326673492,-0.01588450340725145,-0.01665562462304171,-0.001998674954765005,-0.0030138219613622848,-0.019713443556801907,-0.024725940472929198,-0.024725940472929198,False,False,-0.020542006960592447,2.0848436416537086,0.8636451376251243,False
3.232,0.8478280104878042,-8.136519983327789,2.0848436416537086,0.8636451376251243,0.8651513756260444,-0.015817127137320086,-0.017323365138240177,-0.002078803816588821,-0.003034609999528173,-0.021679551492628492,-0.026792965308745486,-0.026792965308745486,False,False,-0.022234909579440833,2.0865382828642614,0.8473206052763089,False
3.234,0.8315415015678662,-8.14994553641319,2.0865382828642614,0.8473206052763089,0.8485171861392242,-0.01577910370844271,-0.016975684571358007,-0.002037082148562961,-0.0030549808210138026,-0.02364359086035931,-0.028735653829936075,-0.028735653829936075,False,False,-0.024725940472929198,2.0882001123161933,0.8309147259660767,False
3.236,0.8152284020852315,-8.163110475160877,2.0882001123161933,0.8309147259660767,0.8300831715365915,-0.015686323880845232,-0.014854769451359995,-0.0017825723341631993,-0.003072806544355435,-0.02560549885505841,-0.030460877733577044,-0.030460877733577044,False,False,-0.026792965308745486,2.089829057890774,0.8144727872902471,False
3.238,0.7988892336909519,-8.176014378589896,2.089829057890774,0.8144727872902471,0.8115342310596365,-0.015583553599295197,-0.01264499736868463,-0.0015173996842421556,-0.003087980541197856,-0.02756521273994371,-0.03217059296538372,-0.03217059296538372,False,False,-0.028735653829936075,2.0914250742980585,0.7980082036422044,False
3.24,0.7825245188696907,-8.188656834066538,2.0914250742980585,0.7980082036422044,0.7944576407330664,-0.015483684772513717,-0.011933121863375695,-0.0014319746236050833,-0.003102300287433907,-0.029522669848395897,-0.03405694475943489,-0.03405694475943489,False,False,-0.030460877733577044,2.09298816228296,0.7815439924507471,False
3.242,0.7661347809230202,-8.201037437317531,2.09298816228296,0.7815439924507471,0.7793438952657384,-0.015409211527726896,-0.013209114342718209,-0.0015850937211261851,-0.0031181512246451688,-0.03147780758596183,-0.036181052531733184,-0.036181052531733184,False,False,-0.03217059296538372,2.0945183258297093,0.7650817733747001,False
3.244,0.7497205439526885,-8.213155792442963,2.0945183258297093,0.7650817733747001,0.7646523586447631,-0.015361229422011569,-0.014931814692074608,-0.0017918177630489528,-0.003136069402275658,-0.033430563432356335,-0.03835845059768095,-0.03835845059768095,False,False,-0.03405694475943489,2.096015531891144,0.7486030307172881,False
3.246,0.7332823328438642,-8.225011511928944,2.096015531891144,0.7486030307172881,0.7491180491634385,-0.015320697873423827,-0.015835716319574256,-0.0019002859583489107,-0.0031550722618591473,-0.03538087494346129,-0.040436233163669344,-0.040436233163669344,False,False,-0.036181052531733184,2.097479697997441,0.7320830531484634,False
3.248,0.7168206732483327,-8.236604216659998,2.097479697997441,0.7320830531484634,0.731610365783934,-0.015262379900130796,-0.014789692535601362,-0.0017747631042721633,-0.003172819892901869,-0.037328679753325406,-0.042276262750499435,-0.042276262750499435,False,False,-0.03835845059768095,2.0989107314264506,0.7155167145047693,False
3.25,0.700336091567716,-8.247933535931189,2.0989107314264506,0.7155167145047693,0.7160776689526909,-0.015180622937053245,-0.015741577384974836,-0.0018889892861969804,-0.003191709785763839,-0.03927391557615697,-0.04435461464811779,-0.04435461464811779,False,False,-0.040436233163669344,2.1003085613347885,0.6989149541690352,False
3.2520000000000002,0.6838291149366215,-8.258999107459964,2.1003085613347885,0.6989149541690352,0.6999451041898479,-0.01508583923241369,-0.016115989253226437,-0.0019339187103871724,-0.0032110489728677106,-0.041216520208320444,-0.04636148789157533,-0.04636148789157533,False,False,-0.042276262750499435,2.1016731674432205,0.6823030542160782,False
3.254,0.6673002712057942,-8.26980057739775,2.1016731674432205,0.6823030542160782,0.681750623011582,-0.015002783010284015,-0.014450351805787798,-0.0017340422166945357,-0.003228389395034656,-0.0431564315303307,-0.04811886314205989,-0.04811886314205989,False,False,-0.04435461464811779,2.103004479790899,0.6656561738390875,False
3.2560000000000002,0.6507500889252125,-8.280337600341273,2.103004479790899,0.6656561738390875,0.6636337695360952,-0.014906084913875017,-0.012883680610882742,-0.001546041673305929,-0.003243849811767715,-0.04509358750885368,-0.049883478993927324,-0.049883478993927324,False,False,-0.04636148789157533,2.1043024441536757,0.648982181388518,False
3.258,0.6341790973272426,-8.290609839343574,2.1043024441536757,0.648982181388518,0.6496546207088975,-0.014803084061275396,-0.01547552338165481,-0.0018570628057985772,-0.003262420439825701,-0.04702792619870577,-0.05214740944433005,-0.05214740944433005,False,False,-0.04811886314205989,2.10556705914825,0.6323074972871795,False
3.2600000000000002,0.6175878263096437,-8.30061696592483,2.10556705914825,0.6323074972871795,0.6336060198143515,-0.014719670977535793,-0.01601819350470779,-0.0019221832205649346,-0.00328164227203135,-0.04895938574488677,-0.05416321123748306,-0.05416321123748306,False,False,-0.049883478993927324,2.10679832189035,0.615631371049884,False
3.262,0.6009768064186787,-8.310358660082816,2.10679832189035,0.615631371049884,0.6147581209116454,-0.014654564631205291,-0.013781314492966712,-0.0016537577391560053,-0.00329817984942291,-0.05088790438463592,-0.055839841973214836,-0.055839841973214836,False,False,-0.05214740944433005,2.107996124971226,0.5989015404380105,False
3.2640000000000002,0.5843465688321243,-8.319834610303161,2.107996124971226,0.5989015404380105,0.5995462996306752,-0.014554971605886147,-0.015199730798550859,-0.001823967695826103,-0.003316419526381171,-0.05281342044957589,-0.05795380767178317,-0.05795380767178317,False,False,-0.05416321123748306,2.10916041412092,0.5821445748470375,False
3.266,0.5676976453422944,-8.329044513569295,2.10916041412092,0.5821445748470375,0.5833044926853961,-0.014446929504743133,-0.015606847343101693,-0.001872821681172203,-0.003335147743192893,-0.05473587236800729,-0.05994384179237239,-0.05994384179237239,False,False,-0.055839841973214836,2.1102912066883106,0.565396283695417,False
3.2680000000000002,0.5510305683390149,-8.337988075372163,2.1102912066883106,0.565396283695417,0.5649536379995321,-0.014365715356402076,-0.013923069660517262,-0.0016707683592620715,-0.003351855426785514,-0.05665519866751316,-0.061677822453560745,-0.061677822453560745,False,False,-0.05795380767178317,2.1113884282538673,0.5486107827783162,False
3.27,0.5343458707926301,-8.346665009719612,2.1113884282538673,0.5486107827783162,0.5506903736276428,-0.014264911985686135,-0.016344502835012764,-0.0019613403402015317,-0.0033714688301875293,-0.05857133797815915,-0.06390414714854821,-0.06390414714854821,False,False,-0.05994384179237239,2.112452031167389,0.5318014567608329,False
3.2720000000000002,0.5176440862369384,-8.35507503914555,2.112452031167389,0.5318014567608329,0.5337184049890171,-0.014157370523894541,-0.016074318752078764,-0.0019289182502494518,-0.0033907580126900237,-0.06048422903688168,-0.06580390529982115,-0.06580390529982115,False,False,-0.061677822453560745,2.1134820219199635,0.5149953762871955,False
3.274,0.5009257487521426,-8.36321789471883,2.1134820219199635,0.5149953762871955,0.5154883168394666,-0.01406962753505292,-0.014562568087324035,-0.001747508170478884,-0.0034082330943948124,-0.062393810694190456,-0.06754955195906415,-0.06754955195906415,False,False,-0.06390414714854821,2.1144783038347703,0.49814095740340913,False
3.2760000000000002,0.4841913929477445,-8.371093316051834,2.1144783038347703,0.49814095740340913,0.49806715433205895,-0.013949564455664643,-0.013875761384314456,-0.0016650913661177347,-0.00342488400805599,-0.06430002192542207,-0.0693899972995958,-0.0693899972995958,False,False,-0.06580390529982115,2.115440849680656,0.4812729229429413,False
3.278,0.46744155394550746,-8.378701051308795,2.115440849680656,0.4812729229429413,0.479635290667767,-0.013831368997433813,-0.01219373672225954,-0.0014632484066711448,-0.003439516492122701,-0.06620280185090473,-0.07110556674969858,-0.07110556674969858,False,False,-0.06754955195906415,2.116369664796708,0.4644075580259122,False
3.2800000000000002,0.4506767673622708,-8.386040857213878,2.116369664796708,0.4644075580259122,0.46499310254876236,-0.013730790663641412,-0.014316335186491558,-0.001717960222378987,-0.003456696094346491,-0.0681020897736431,-0.07327674609036858,-0.07327674609036858,False,False,-0.0693899972995958,2.1172647346125664,0.44753490792906425,False
3.282,0.43389756929288037,-8.393112499058926,2.1172647346125664,0.44753490792906425,0.44618263784575796,-0.013637338636183882,-0.012285068552877587,-0.0014742082263453104,-0.0034714381766099444,-0.06999782525135187,-0.07494347165430712,-0.07494347165430712,False,False,-0.07110556674969858,2.1181260708670613,0.4306681272475486,False
3.2840000000000003,0.41710449629301893,-8.399915750710989,2.1181260708670613,0.4306681272475486,0.43177998038019316,-0.01356363095452967,-0.014675484087174229,-0.0017610580904609075,-0.0034890487575145535,-0.07188994823598346,-0.07714005508395892,-0.07714005508395892,False,False,-0.07327674609036858,2.1189535897656713,0.4137594493050793,False
3.286,0.40029808536205946,-8.406450394619537,2.1189535897656713,0.4137594493050793,0.4159003822574285,-0.013461363943019833,-0.015602296895369017,-0.001872275627444282,-0.0035077715137889964,-0.07377839934582657,-0.07915844648705984,-0.07915844648705984,False,False,-0.07494347165430712,2.1197473140676766,0.396862151002553,False
3.2880000000000003,0.38347887392587143,-8.412716221823436,2.1197473140676766,0.396862151002553,0.39851802775071893,-0.013383277076681577,-0.015039153824847495,-0.0018046984589816994,-0.0035258184983788135,-0.0756631203981513,-0.08099363735551182,-0.08099363735551182,False,False,-0.07714005508395892,2.1205071553307797,0.3799206315514987,False
3.29,0.3666473998196679,-8.418713031957616,2.1205071553307797,0.3799206315514987,0.3826528747432267,-0.013273231731830815,-0.016005474923558805,-0.0019206569908270564,-0.003545025068287084,-0.07754405545405868,-0.08300973751317282,-0.08300973751317282,False,False,-0.07915844648705984,2.1212330633993757,0.3629540342980188,False
3.2920000000000003,0.349804201270785,-8.424440633259483,2.1212330633993757,0.3629540342980188,0.3610177968219575,-0.013149833027233826,-0.011213595551172517,-0.001345631466140702,-0.003558481382948491,-0.07942115287063586,-0.08432526571972505,-0.08432526571972505,False,False,-0.08099363735551182,2.1219250270334964,0.34598181706041115,False
3.294,0.33294981688148206,-8.429898842575046,2.1219250270334964,0.34598181706041115,0.3463140104126901,-0.013032000178929082,-0.013364193531208046,-0.0016037032237449654,-0.003574518415185941,-0.081294369334644,-0.0864725909735749,-0.0864725909735749,False,False,-0.08300973751317282,2.1225829972387125,0.3289851026080244,False
3.2960000000000003,0.31608478561169145,-8.435087485364788,2.1225829972387125,0.3289851026080244,0.3286388259911923,-0.012900316996332928,-0.012554040379500864,-0.0015064848455401036,-0.0035895832636413418,-0.08316367779533634,-0.0882597459045178,-0.0882597459045178,False,False,-0.08432526571972505,2.1232070722670255,0.31203751415657577,False
3.298,0.29920964676184264,-8.440006395709224,2.1232070722670255,0.31203751415657577,0.30939891766795224,-0.012827867394733128,-0.010189270906109604,-0.0012227125087331525,-0.0036018103887286734,-0.08502908307161033,-0.08985360596907216,-0.08985360596907216,False,False,-0.0864725909735749,2.1237971751290265,0.29505143100040543,False
3.3000000000000003,0.2823249399555424,-8.444655416314236,2.1237971751290265,0.29505143100040543,0.2973142438351963,-0.012726491044863009,-0.014989303879653859,-0.001798716465558463,-0.003619797553384258,-0.08689065256719117,-0.09230916658613389,-0.09230916658613389,False,False,-0.0882597459045178,2.124353305133987,0.2780650024803343,False
3.302,0.2654312051223776,-8.449034398516075,2.124353305133987,0.2780650024803343,0.27726709144741163,-0.012633797357956666,-0.011835886325034017,-0.001420306359004082,-0.0036340006169742986,-0.08874857673269981,-0.09380288370867819,-0.09380288370867819,False,False,-0.08985360596907216,2.1248755021392998,0.2610985026563398,False
3.3040000000000003,0.2485289824806225,-8.45314320228613,2.1248755021392998,0.2610985026563398,0.2598212630371678,-0.01256952017571733,-0.011292280556545298,-0.0013550736667854357,-0.003647551353642153,-0.09060328810182883,-0.09560591312225641,-0.09560591312225641,False,False,-0.09230916658613389,2.125363625251798,0.2440615562490559,False
3.306,0.23161881251997551,-8.456981696235403,2.125363625251798,0.2440615562490559,0.24426823489962754,-0.012442743729080386,-0.012649422379652026,-0.001517930685558243,-0.0036627306604977354,-0.0924556956548849,-0.09763635700094088,-0.09763635700094088,False,False,-0.09380288370867819,2.12581773679055,0.22705576937592784,False
3.3080000000000003,0.21470123598425356,-8.460549757618713,2.12581773679055,0.22705576937592784,0.22808863942487645,-0.012354533391674277,-0.013387403440622891,-0.0016064884128747469,-0.0036787955446264827,-0.09430764616861562,-0.09959293012611685,-0.09959293012611685,False,False,-0.09560591312225641,2.126237834117449,0.21004866344959644,False
3.31,0.19777679385413302,-8.463847272338615,2.126237834117449,0.21004866344959644,0.2110581933676541,-0.01227186959546342,-0.013281399513521086,-0.0015937679416225302,-0.003694733224042708,-0.09616283191511399,-0.10145133308077922,-0.10145133308077922,False,False,-0.09763635700094088,2.1266238679869,0.19301693472541953,False
3.3120000000000003,0.18084602732982893,-8.466874134949053,2.1266238679869,0.19301693472541953,0.19600277632379076,-0.012170907395590597,-0.015156748993961827,-0.0018188098792754192,-0.003712921322835462,-0.09802857436593318,-0.10356030556804406,-0.10356030556804406,False,False,-0.09959293012611685,2.1269758071127427,0.17596956292141652,False
3.314,0.16390947781379955,-8.469630248658731,2.1269758071127427,0.17596956292141652,0.1765839902068757,-0.012060085107616969,-0.012674512393076154,-0.0015209414871691384,-0.0037281307377071532,-0.09991932031391071,-0.105168392538787,-0.105168392538787,False,False,-0.10145133308077922,2.1272936449647295,0.15891892599329616,False
3.3160000000000003,0.1469676868934071,-8.472115525334209,2.1272936449647295,0.15891892599329616,0.15908047694681224,-0.011951239099889044,-0.012112790053405126,-0.001453534806408615,-0.0037426660857712395,-0.10186345861808453,-0.10705965951026439,-0.10705965951026439,False,False,-0.10356030556804406,2.127577330223678,0.14184262947404389,False
3.318,0.13002119632365772,-8.474329885502712,2.127577330223678,0.14184262947404389,0.14113986197323738,-0.011821433150386168,-0.011118665649579668,-0.0013342398779495601,-0.003756008484550735,-0.10391647211345138,-0.10900672047595168,-0.10900672047595168,False,False,-0.105168392538787,2.1278269320714758,0.1248009238990439,False
3.3200000000000003,0.113070548009803,-8.476273258354693,2.1278269320714758,0.1248009238990439,0.12195410010360931,-0.011730375889240904,-0.008883552093806313,-0.0010660262512567575,-0.0037666687470633026,-0.10618577682585484,-0.1110184718241749,-0.1110184718241749,False,False,-0.10705965951026439,2.1280424890081924,0.107778468358396,False
3.322,0.09611628399006981,-8.477945581746074,2.1280424890081924,0.107778468358396,0.10935049021232734,-0.011662184368326181,-0.01323420622225753,-0.0015881047466709036,-0.0037825497945300117,-0.10887561311763769,-0.11424626765883861,-0.11424626765883861,False,False,-0.10900672047595168,2.1282240845490614,0.09079777043449255,False
3.3240000000000003,0.07915894641830068,-8.479346802200245,2.1282240845490614,0.09079777043449255,0.0882824716089047,-0.011638824016191873,-0.009123525190604026,-0.0010948230228724832,-0.0037934980247587365,-0.11236076512290646,-0.11724908617053768,-0.11724908617053768,False,False,-0.1110184718241749,2.128371896659671,0.07390605530488384,False
3.326,0.062199077546627776,-8.480476874909774,2.128371896659671,0.07390605530488384,0.07185143712996037,-0.011706977758256062,-0.00965235958333259,-0.0011582831499999107,-0.0038050808562587355,-0.11728176788041259,-0.12224513188667123,-0.12224513188667123,False,False,-0.11424626765883861,2.128486046900213,0.057075120271181855,False
3.3280000000000003,0.04523721970811178,-8.481335763737837,2.128486046900213,0.057075120271181855,0.05406506280342721,-0.011837900563070075,-0.008827843095315431,-0.0010593411714378516,-0.003815674267973114,-0.12458388287210512,-0.12945889831151608,-0.12945889831151608,False,False,-0.11724908617053768,2.128567052666754,0.040502883270498766,False
3.33,0.028273915299431362,-8.481923441219372,2.128567052666754,0.040502883270498766,0.04245946412305787,-0.012228967971067404,-0.01418554882362651,-0.001702265858835181,-0.0038326969265614656,-0.13526075282228378,-0.14079571560768042,-0.14079571560768042,False,False,-0.12224513188667123,2.1286155404453897,0.02424388931780684,False
3.332,0.011309706763522838,-8.482239888561963,2.1286155404453897,0.02424388931780684,0.02564287916949217,-0.012934182554284003,-0.014333172405969333,-0.00171998068871632,-0.003849896733448629,-0.1495043722601312,-0.15507424968229613,-0.15507424968229613,False,False,-0.12945889831151608,2.128632333404119,0.00839647936468018,False
3.334,-0.005654863427781822,-8.482285095646438,2.128632333404119,0.00839647936468018,0.009507411410018114,-0.014051342792462002,-0.015162274837799935,-0.0018194729805359922,-0.0038680914632539887,-0.1656961243796865,-0.1713836888234765,-0.1713836888234765,False,False,-0.14079571560768042,2.1286179611970164,-0.00718610355134928,False
3.336,-0.022619252791069834,-8.482059061027186,2.1286179611970164,-0.00718610355134928,-0.006500049345721879,-0.015433149239720554,-0.016119203445347955,-0.0019343044134417545,-0.0038874345073884064,-0.18085949658196415,-0.1866812355027943,-0.1866812355027943,False,False,-0.15507424968229613,2.1285725597943252,-0.022700701345557843,False
3.338,-0.03958291884871616,-8.481561791932217,2.1285725597943252,-0.022700701345557843,-0.025287066286734255,-0.01688221750315832,-0.014295852561981907,-0.0017155023074378287,-0.003904589530462785,-0.1927597454759179,-0.1983798373138185,-0.1983798373138185,False,False,-0.1713836888234765,2.1284955983777976,-0.03848070826390821,False
3.34,-0.05654531914621991,-8.48079330426292,2.1284955983777976,-0.03848070826390821,-0.039724752832389076,-0.018064610882311698,-0.01682056631383083,-0.0020184679576596997,-0.0039247742100393815,-0.20106314961401445,-0.20700639178171354,-0.20700639178171354,False,False,-0.1866812355027943,2.1283862151377706,-0.05469162001353647,False
3.342,-0.07350591126957724,-8.479753622593558,2.1283862151377706,-0.05469162001353647,-0.052754291198090976,-0.018814291256040776,-0.020751620071486267,-0.002490194408578352,-0.003949676154125165,-0.20662110500712444,-0.21306097556982795,-0.21306097556982795,False,False,-0.1983798373138185,2.128243681563444,-0.07126678716341843,False
3.344,-0.0904641528625678,-8.478442780170482,2.128243681563444,-0.07126678716341843,-0.07259554972917377,-0.01919736569914937,-0.01786860313339403,-0.0021442323760072833,-0.0039711184778852375,-0.21044852842333245,-0.21656387927722498,-0.21656387927722498,False,False,-0.20700639178171354,2.1280673879894847,-0.08814678697948561,False
3.346,-0.10741950164417244,-8.476860818911067,2.1280673879894847,-0.08814678697948561,-0.08764512710902149,-0.01927271466468683,-0.01977437453515095,-0.0023729249442181136,-0.003994847727327419,-0.213290917339377,-0.21965869001092253,-0.21965869001092253,False,False,-0.21306097556982795,2.1278569070557363,-0.10524046687424204,False
3.348,-0.1243714154258554,-8.475007789402374,2.1278569070557363,-0.10524046687424204,-0.10679573126620609,-0.01913094855161336,-0.017575684159649316,-0.002109082099157918,-0.004015938548318998,-0.2156010867767944,-0.22172610742427132,-0.22172610742427132,False,False,-0.21656387927722498,2.127612132316306,-0.12238736971509531,False
3.35,-0.14131935212892874,-8.47288375089953,2.127612132316306,-0.12238736971509531,-0.12294735210580962,-0.018931982413833426,-0.018372000023119117,-0.002204640002774294,-0.004037984948346741,-0.21763039028582212,-0.22387301523694317,-0.22387301523694317,False,False,-0.21965869001092253,2.1273329225678617,-0.13960487422220405,False
3.352,-0.15826276980187592,-8.470488771323835,2.1273329225678617,-0.13960487422220405,-0.14227908637648842,-0.018657895579671874,-0.0159836834253875,-0.0019180420110465,-0.004057165368457206,-0.2195122544770432,-0.22548746185654692,-0.22548746185654692,False,False,-0.22172610742427132,2.1270192897605855,-0.15681640363818125,False
3.354,-0.17520112663770337,-8.467822927260585,2.1270192897605855,-0.15681640363818125,-0.15384890307916635,-0.018384722999522124,-0.021352223558537026,-0.002562266827024443,-0.0040827880367274505,-0.22131592626901156,-0.22796098113276345,-0.22796098113276345,False,False,-0.22387301523694317,2.1266711962406433,-0.17404675997113375,False
3.356,-0.19213388099123418,-8.46488630395663,2.1266711962406433,-0.17404675997113375,-0.17515436453797145,-0.018087121020100433,-0.016979516453262733,-0.002037541974391528,-0.004103163456471366,-0.22307692872162538,-0.22921763415248828,-0.22921763415248828,False,False,-0.22548746185654692,2.126288699664572,-0.19124828803575952,False
3.358,-0.20906049139644967,-8.46167899531765,2.126288699664572,-0.19124828803575952,-0.19157286839185378,-0.017812203360690143,-0.017487623004595887,-0.0020985147605515064,-0.004124148604076881,-0.22481336928545964,-0.23103603265008804,-0.23103603265008804,False,False,-0.22796098113276345,2.125871668762124,-0.20851545122388196,False
3.36,-0.22598041658379367,-8.45820110390514,2.125871668762124,-0.20851545122388196,-0.21274661034727313,-0.01746496535991171,-0.01323380623652054,-0.0015880567483824647,-0.004140029171560706,-0.2265344392001427,-0.23226252512008588,-0.23226252512008588,False,False,-0.22921763415248828,2.1254202243160125,-0.22572222305571224,False
3.362,-0.2428931154975072,-8.454452740933137,2.1254202243160125,-0.22572222305571224,-0.22658025466748355,-0.017170892441794955,-0.016312860830023646,-0.0019575432996028373,-0.0041596046045567344,-0.22824478453513242,-0.234361932439292,-0.234361932439292,False,False,-0.23103603265008804,2.1249343660162414,-0.24292914988554018,False
3.364,-0.2597980473128719,-8.45043402626467,2.1249343660162414,-0.24292914988554018,-0.24076672807743954,-0.016868897427331747,-0.019031319235432387,-0.002283758308251886,-0.004182442187639254,-0.22994673929753007,-0.2364129397934212,-0.2364129397934212,False,False,-0.23226252512008588,2.124414216437746,-0.26007478924753924,False
3.366,-0.2766946714535785,-8.446145088407917,2.124414216437746,-0.26007478924753924,-0.2625843216018195,-0.01661988220603927,-0.014110349851759019,-0.0016932419822110823,-0.004199374607461365,-0.23164146257634136,-0.2375340791660138,-0.2375340791660138,False,False,-0.234361932439292,2.1238597134843626,-0.2772514766916729,False
3.368,-0.29358244760895447,-8.4415860645121,2.1238597134843626,-0.2772514766916729,-0.2824586311686731,-0.016330970917281584,-0.011123816440281376,-0.001334857972833765,-0.004212723187189703,-0.23332951668795,-0.23887709784797345,-0.23887709784797345,False,False,-0.2364129397934212,2.1232708056106446,-0.29445393685891713,False
3.37,-0.3104608357512685,-8.436757100363103,2.1232708056106446,-0.29445393685891713,-0.2953007158488755,-0.01600689889235135,-0.015160119902392966,-0.0018192143882871559,-0.004230915331072575,-0.23501116090745636,-0.24106129062681608,-0.24106129062681608,False,False,-0.2375340791660138,2.122647636416834,-0.3115845969052283,False
3.372,-0.32732929615298845,-8.431658350378804,2.122647636416834,-0.3115845969052283,-0.31044018812572144,-0.015744699247760174,-0.016889108027267008,-0.0020266929632720408,-0.004251182260705295,-0.2366865006623422,-0.24296437588631953,-0.24296437588631953,False,False,-0.23887709784797345,2.1219903013948898,-0.3286675109720516,False
3.374,-0.344187289404062,-8.426289977604135,2.1219903013948898,-0.3286675109720516,-0.3283196341762488,-0.015519778432010412,-0.015867655227813193,-0.0019041186273375831,-0.004270223446978671,-0.238355563310274,-0.24452990538459024,-0.24452990538459024,False,False,-0.24106129062681608,2.1212987188115666,-0.3457912916616536,False
3.376,-0.36103427642913327,-8.42065215370588,2.1212987188115666,-0.3457912916616536,-0.3447861384390333,-0.01524298476747965,-0.016248137990099998,-0.0019497765588119996,-0.004289721212566791,-0.24001833663234032,-0.24625783440371912,-0.24625783440371912,False,False,-0.24296437588631953,2.120572866678869,-0.3629260663489046,False
3.378,-0.37786971850480267,-8.414745058967178,2.120572866678869,-0.3629260663489046,-0.36119761808186784,-0.014943652155898046,-0.01667210042293482,-0.0020006520507521784,-0.004309727733074313,-0.24167478839066633,-0.24798516817449281,-0.24798516817449281,False,False,-0.24452990538459024,2.119812793925865,-0.38003637650178085,False
3.38,-0.3946930772768431,-8.408568882281752,2.119812793925865,-0.38003637650178085,-0.37899206690047005,-0.014656700775062259,-0.01570101037637306,-0.001884121245164767,-0.004328568945525961,-0.24332487626795615,-0.2495375664586469,-0.2495375664586469,False,False,-0.24625783440371912,2.1190185149329936,-0.3971394964356682,False
3.382,-0.41150381477744175,-8.402123821147875,2.1190185149329936,-0.3971394964356682,-0.395818760290519,-0.014364318341773541,-0.015685054486922756,-0.0018822065384307305,-0.004347391010910268,-0.24496855292072442,-0.25119815047006544,-0.25119815047006544,False,False,-0.24798516817449281,2.1181900440450523,-0.4142354439706415,False
3.384,-0.4283013934423445,-8.395410081662066,2.1181900440450523,-0.4142354439706415,-0.4133307781181137,-0.014065949471703032,-0.01497061532423083,-0.0017964738389076994,-0.004365355749299345,-0.24660576854950428,-0.2527675981377113,-0.2527675981377113,False,False,-0.2495375664586469,2.117327432079423,-0.4313059828148181,False
3.386,-0.4450852761281202,-8.388427878512472,2.117327432079423,-0.4313059828148181,-0.4268929494658801,-0.013779293313302132,-0.018192326662240133,-0.0021830791994688157,-0.004387186541294033,-0.24823647220696257,-0.2548067379477254,-0.2548067379477254,False,False,-0.25119815047006544,2.116430706640241,-0.4483627195909683,False
3.388,-0.46185492612927875,-8.381177434972031,2.116430706640241,-0.4483627195909683,-0.4496914659904641,-0.013492206538310458,-0.012163460138814641,-0.0014596152166577569,-0.004401782693460611,-0.24986061246428495,-0.25572201037440334,-0.25572201037440334,False,False,-0.2527675981377113,2.1154999141117936,-0.46539626422357316,False
3.39,-0.47860980719545987,-8.373658982891317,2.1154999141117936,-0.46539626422357316,-0.46453633539468314,-0.013213542971886705,-0.014073471800776727,-0.0016888166160932072,-0.004418670859621543,-0.2514781377511823,-0.25758562522689704,-0.25758562522689704,False,False,-0.2548067379477254,2.114535002015042,-0.48245604837588696,False
3.392,-0.49534938354857094,-8.365872762691128,2.114535002015042,-0.48245604837588696,-0.483027162283341,-0.012893335172683984,-0.012322221265229916,-0.00147866655182759,-0.004433457525139819,-0.2530889965298284,-0.2590011206067958,-0.2590011206067958,False,False,-0.25572201037440334,2.1135361537849757,-0.49942411503321993,False
3.394,-0.5120731198999403,-8.357819023354795,2.1135361537849757,-0.49942411503321993,-0.4969577756541209,-0.012649004866720381,-0.015115344245819395,-0.0018138413094983274,-0.004451595938234802,-0.2546931373842749,-0.26095857463200806,-0.26095857463200806,False,False,-0.25758562522689704,2.112503352257611,-0.5164007636824417,False
3.396,-0.5287804814674035,-8.349498022420232,2.112503352257611,-0.5164007636824417,-0.5156387484251652,-0.01237971778496183,-0.013141733042238313,-0.0015770079650685974,-0.004467366017885489,-0.25629050906681916,-0.26233488304977326,-0.26233488304977326,False,False,-0.2590011206067958,2.1114366742935933,-0.5333389820087772,False
3.398,-0.5454709339924243,-8.340910025971686,2.1114366742935933,-0.5333389820087772,-0.5333179369381477,-0.012131951983647138,-0.012152997054276637,-0.0014583596465131965,-0.0044819496143506206,-0.2578810605224491,-0.2638213697833129,-0.2638213697833129,False,False,-0.26095857463200806,2.1103360824227706,-0.5502959354114183,False
3.4,-0.5621439437571696,-8.332055308631244,2.1103360824227706,-0.5502959354114183,-0.5494361650921807,-0.011848008345751282,-0.012707778664988845,-0.0015249334397986613,-0.0044971989487486074,-0.25946474090210747,-0.26548687329065473,-0.26548687329065473,False,False,-0.26233488304977326,2.109201661278463,-0.5672105721537164,False
3.402,-0.5787989776016016,-8.322934153550028,2.109201661278463,-0.5672105721537164,-0.5657574219556117,-0.011588405447885197,-0.013041555645989855,-0.0015649866775187826,-0.004512848815523795,-0.2610414995702568,-0.2671193350632994,-0.2671193350632994,False,False,-0.2638213697833129,2.1080334714923006,-0.5840948930812746,False
3.404,-0.5954355029404697,-8.313546852399174,2.1080334714923006,-0.5840948930812746,-0.5861180275650941,-0.01134060985919505,-0.009317475375375528,-0.0011180970450450634,-0.0045240297859742455,-0.26261128610952433,-0.26825341294054367,-0.26825341294054367,False,False,-0.26548687329065473,2.106831535543351,-0.600967974474645,False
3.406,-0.6120529877804144,-8.303893705360471,2.106831535543351,-0.600967974474645,-0.6028014306564887,-0.011085013305769387,-0.009251557123925669,-0.0011101868548710802,-0.004535131654522956,-0.2641740503238701,-0.26981936883326413,-0.26981936883326413,False,False,-0.2671193350632994,2.1055958825824796,-0.617826480435627,False
3.408,-0.6286509007369216,-8.29397502111678,2.1055958825824796,-0.617826480435627,-0.6184062179894039,-0.010824420301294602,-0.010244682747517775,-0.001229361929702133,-0.004547425273819978,-0.265729742240978,-0.2715065294445001,-0.2715065294445001,False,False,-0.26825341294054367,2.1043266458013785,-0.63461839055055,False
3.41,-0.6452287110513412,-8.283791116842165,2.1043266458013785,-0.63461839055055,-0.6331052675262683,-0.010610320500791137,-0.012123443525072886,-0.0014548132230087461,-0.0045619734060500655,-0.26727831211426134,-0.27329509874332014,-0.27329509874332014,False,False,-0.26981936883326413,2.1030238664924963,-0.6513896544410623,False
3.412,-0.6617858886078485,-8.273342318191748,2.1030238664924963,-0.6513896544410623,-0.6502996929378124,-0.010396234166786145,-0.011486195670036059,-0.001378343480404327,-0.004575756840854109,-0.26881971042465996,-0.2747738107459184,-0.2747738107459184,False,False,-0.2715065294445001,2.1016875601141374,-0.6681531891794941,False
3.414,-0.678321903950417,-8.262628959291279,2.1016875601141374,-0.6681531891794941,-0.6652339779269352,-0.01016871477092296,-0.013087926023481855,-0.0015705511228178226,-0.004591462352082287,-0.27035388788233133,-0.2765159013572314,-0.2765159013572314,False,False,-0.27329509874332014,2.100317720719745,-0.684919697196056,False
3.416,-0.6948362282997184,-8.251651382726479,2.100317720719745,-0.684919697196056,-0.6836863984159425,-0.009916531103662307,-0.011149829883775886,-0.0013379795860531062,-0.004604842147942818,-0.27188079542827875,-0.27782361716227466,-0.27782361716227466,False,False,-0.2747738107459184,2.098914407312074,-0.7016567038356343,False
3.418,-0.7113283335700511,-8.240409939532068,2.098914407312074,-0.7016567038356343,-0.700900994502777,-0.00967162973441682,-0.01042733906727411,-0.0012512806880728932,-0.004617354954823547,-0.2734003842359494,-0.27926901987884584,-0.27926901987884584,False,False,-0.2765159013572314,2.097477623093906,-0.718392109084183,False
3.42,-0.7277976923862182,-8.228904989180545,2.097477623093906,-0.718392109084183,-0.7168343037294274,-0.009405583302035114,-0.010963388656790807,-0.0013156066388148968,-0.004630511021211696,-0.27491260571280973,-0.28085872337283635,-0.28085872337283635,False,False,-0.27782361716227466,2.0960074621906437,-0.7350804516311044,False
3.422,-0.7442437781004162,-8.217136899570681,2.0960074621906437,-0.7350804516311044,-0.7338612579360123,-0.009163326469311839,-0.010382520164403886,-0.0012459024197284663,-0.004642970045408981,-0.2764174115019082,-0.28230628396704566,-0.28230628396704566,False,False,-0.27926901987884584,2.0945039888613675,-0.7517366646382208,False
3.424,-0.7606660648090195,-8.205106047015787,2.0945039888613675,-0.7517366646382208,-0.7509858651419015,-0.008929400170798796,-0.009680199667118083,-0.00116162396005417,-0.0046545862850095225,-0.2779147534834209,-0.28373096372848455,-0.28373096372848455,False,False,-0.28085872337283635,2.092967236442228,-0.7683762095699257,False
3.426,-0.7770640273694703,-8.192812816231635,2.092967236442228,-0.7683762095699257,-0.770217923650293,-0.00868781779954464,-0.006846103719177377,-0.0008215324463012851,-0.004662801609472535,-0.2794045837761985,-0.2848889178319723,-0.2848889178319723,False,False,-0.28230628396704566,2.091397267667536,-0.7849843873460732,False
3.428,-0.7934371414170132,-8.180257600324191,2.091397267667536,-0.7849843873460732,-0.7870268284044115,-0.008452754070939927,-0.006410313012601643,-0.0007692375615121971,-0.004670493985087657,-0.28088685473929315,-0.286326586285893,-0.286326586285893,False,False,-0.28373096372848455,2.089794149373168,-0.8015591471840137,False
3.43,-0.8097848833814901,-8.167440800777035,2.089794149373168,-0.8015591471840137,-0.8030573378197661,-0.008225736197476463,-0.006727545561724058,-0.0008073054674068869,-0.004678567039761726,-0.2823615189734851,-0.2878473914806537,-0.2878473914806537,False,False,-0.2848889178319723,2.0881580035124396,-0.8180729303642832,False
3.432,-0.8261067305040719,-8.154362827438517,2.0881580035124396,-0.8180729303642832,-0.8166608112019358,-0.008033800139788716,-0.009445919302136119,-0.0011335103162563342,-0.004689902142924289,-0.2838285293227972,-0.2896519417819778,-0.2896519417819778,False,False,-0.286326586285893,2.086488892125954,-0.834555693242755,False
3.434,-0.8424021608539949,-8.141024098508645,2.086488892125954,-0.834555693242755,-0.8328590650252976,-0.00784646761123986,-0.009543095828697279,-0.0011451714994436734,-0.004701353857918726,-0.28528783887600534,-0.29113436423336775,-0.29113436423336775,False,False,-0.2878473914806537,2.0847868591634886,-0.8510164812326687,False
3.436,-0.8586706533452214,-8.127425040525736,2.0847868591634886,-0.8510164812326687,-0.8514793590976498,-0.007654172112552704,-0.007191294247571589,-0.0008629553097085907,-0.004709983411015812,-0.28673940096813577,-0.29231233968886017,-0.29231233968886017,False,False,-0.2896519417819778,2.0830518886756004,-0.8674852439441344,False
3.438,-0.8749116877531219,-8.113566088352757,2.0830518886756004,-0.8674852439441344,-0.867406511750887,-0.007426443808987493,-0.007505176002234881,-0.0009006211202681857,-0.0047189896222184936,-0.28818316918195874,-0.2938027799244454,-0.2938027799244454,False,False,-0.29113436423336775,2.0812840323415696,-0.8839281670154201,False
3.44,-0.8911247447311008,-8.099447685163426,2.0812840323415696,-0.8839281670154201,-0.8847611621360291,-0.007196577715680719,-0.006363582595071748,-0.0007636299114086098,-0.00472662592133258,-0.28961909734947255,-0.29510935318221376,-0.29510935318221376,False,False,-0.29231233968886017,2.079483405023565,-0.9003136590022008,False
3.442,-0.9073093058272295,-8.085070282428022,2.079483405023565,-0.9003136590022008,-0.9015970288497053,-0.006995646825028623,-0.005712276977524189,-0.0006854732373029026,-0.004733480653705609,-0.29104713955338163,-0.2964660934443901,-0.2964660934443901,False,False,-0.2938027799244454,2.07765005489108,-0.916675066242627,False
3.444,-0.9234648535007689,-8.070434339899,2.07765005489108,-0.916675066242627,-0.9169053101234615,-0.006789787258141944,-0.006559543377307353,-0.0007871452052768824,-0.004741352105758378,-0.29246725012856034,-0.2979957474395956,-0.2979957474395956,False,False,-0.29510935318221376,2.0757840680856945,-0.9329934026927036,False
3.446,-0.9395908711387899,-8.055540325596214,2.0757840680856945,-0.9329934026927036,-0.9318276307148459,-0.00659746844608633,-0.007763240423944051,-0.0009315888508732861,-0.004750667994267111,-0.29387938366351907,-0.29956164050865947,-0.29956164050865947,False,False,-0.2964660934443901,2.0738855192970536,-0.9492743943205648,False
3.448,-0.9556868430726384,-8.040388715792016,2.0738855192970536,-0.9492743943205648,-0.94898981090849,-0.006412448752073585,-0.006697032164148409,-0.000803643859697809,-0.004758704432864089,-0.29528349500185186,-0.3008458432944138,-0.3008458432944138,False,False,-0.2979957474395956,2.0719544461856683,-0.9655365556927525,False
3.45,-0.9717522545944494,-8.024979994995993,2.0719544461856683,-0.9655365556927525,-0.9668091738846506,-0.00621569890169682,-0.004943080709798764,-0.0005931696851758517,-0.0047646361297158475,-0.2966795392436824,-0.3020373450585741,-0.3020373450585741,False,False,-0.29956164050865947,2.0699908784095893,-0.981783888039562,False
3.452,-0.9877865919735966,-8.009314655939491,2.0699908784095893,-0.981783888039562,-0.9800108596821192,-0.006002703934034681,-0.007775732291477433,-0.0009330878749772919,-0.00477396700846562,-0.29806747174709897,-0.3037745266305419,-0.3037745266305419,False,False,-0.3008458432944138,2.0679949042866035,-0.9979870614929781,False
3.454,-1.0037893424731403,-7.993393199559825,2.0679949042866035,-0.9979870614929781,-0.9972307527222317,-0.005802280980162222,-0.006558589750908617,-0.0007870307701090339,-0.004781837316166711,-0.2994472481295838,-0.30501611621585956,-0.30501611621585956,False,False,-0.3020373450585741,2.0659666305751183,-1.0141368557425363,False
3.456,-1.0197599943661924,-7.97721613498431,2.0659666305751183,-1.0141368557425363,-1.016007889931139,-0.005623138623656043,-0.0037521044350532495,-0.0004502525322063899,-0.004786339841488774,-0.30081882426942946,-0.30605541664312463,-0.30605541664312463,False,False,-0.3037745266305419,2.0639060485948635,-1.0302909901274988,False
3.458,-1.0356980369523017,-7.960783979513945,2.0639060485948635,-1.0302909901274988,-1.026522025808144,-0.005407046824802864,-0.00917601114415767,-0.0011011213372989204,-0.004797351054861764,-0.3021821563071519,-0.3080806286993126,-0.3080806286993126,False,False,-0.30501611621585956,2.0618132535376668,-1.0463975285983567,False
3.46,-1.0516029605737733,-7.944097258606884,2.0618132535376668,-1.0463975285983567,-1.047957798971993,-0.0052054319754166745,-0.0036451616017803,-0.000437419392213636,-0.0048017252487839,-0.3035372006468916,-0.30877634528788916,-0.30877634528788916,False,False,-0.30605541664312463,2.0596883819080998,-1.0624358147835231,False
3.462,-1.067474256631992,-7.927156505861613,2.0596883819080998,-1.0624358147835231,-1.0629115364164732,-0.0050384418484688,-0.004562720215518734,-0.000547526425862248,-0.004807200513042523,-0.3048839139578103,-0.31023864089671505,-0.31023864089671505,False,False,-0.3080806286993126,2.057531362260755,-1.0785098236722188,False
3.464,-1.0833114176036307,-7.90996226299994,2.057531362260755,-1.0785098236722188,-1.0796190978488585,-0.004801593931411885,-0.003692319754772244,-0.0004430783705726693,-0.0048116312967482495,-0.3062222531754715,-0.31147696284279247,-0.31147696284279247,False,False,-0.30877634528788916,2.055342402331234,-1.094479964760552,False
3.466,-1.0991139370569498,-7.892515079849599,2.055342402331234,-1.094479964760552,-1.0923787874312265,-0.004633972296397726,-0.006735149625723302,-0.0008082179550867963,-0.004819713476299117,-0.3075521755032237,-0.3131801069346096,-0.3131801069346096,False,False,-0.31023864089671505,2.053121547050203,-1.1104276405156968,False
3.468,-1.1148813096679366,-7.874815514326728,2.053121547050203,-1.1104276405156968,-1.1100582277700464,-0.004453669152239881,-0.004823081897890269,-0.0005787698277468323,-0.004825501174576585,-0.30887363841356447,-0.3142779094158879,-0.3142779094158879,False,False,-0.31147696284279247,2.050868887754338,-1.1263296479324822,False
3.47,-1.1306130312364893,-7.8568641324179955,2.050868887754338,-1.1263296479324822,-1.1287260843447717,-0.004283383304007016,-0.0018869468917175336,-0.00022643362700610402,-0.004827765510846647,-0.3101865996495019,-0.31524079878735467,-0.31524079878735467,False,False,-0.3131801069346096,2.048584417442723,-1.1422351558073869,False
3.472,-1.1463085987025292,-7.838661508162522,2.048584417442723,-1.1422351558073869,-1.144795471287604,-0.004073442895142332,-0.0015131274149251528,-0.00018157528979101834,-0.004829581263744557,-0.3114910172259056,-0.3165021737794412,-0.3165021737794412,False,False,-0.3142779094158879,2.0462682559495864,-1.1580807465682776,False
3.474,-1.1619675101621092,-7.820208223633494,2.0462682559495864,-1.1580807465682776,-1.1557646019903702,-0.003886763593831555,-0.006202908171738963,-0.0007443489806086756,-0.004837024753550643,-0.3127868494308508,-0.3183682231650101,-0.3183682231650101,False,False,-0.31524079878735467,2.0439205500424884,-1.1738529535488884,False
3.476,-1.177589264883431,-7.801504868919587,2.0439205500424884,-1.1738529535488884,-1.1759787672452169,-0.0037363113345425525,-0.0016104976382140812,-0.00019325971658568973,-0.004838957350716501,-0.31407405482694933,-0.3191062718942515,-0.3191062718942515,False,False,-0.3165021737794412,2.0415413823727904,-1.1895838348489245,False
3.478,-1.1931733633228792,-7.782552042106077,2.0415413823727904,-1.1895838348489245,-1.1905644742772123,-0.003589528473954662,-0.002608889045666807,-0.0003130666854800168,-0.004842088017571301,-0.3153525922526769,-0.32050774695572826,-0.32050774695572826,False,False,-0.3183682231650101,2.0391307080647634,-1.2053371540135123,False
3.48,-1.2087193071409845,-7.763350349255717,2.0391307080647634,-1.2053371540135123,-1.2083069194261833,-0.003382153127472254,-0.00041238771480123226,-4.9486525776147866e-05,-0.004842582882829062,-0.31662242082368824,-0.32151449023229345,-0.32151449023229345,False,False,-0.3191062718942515,2.036688718938697,-1.2209945630331651,False
3.482,-1.2242265992183836,-7.743900404389338,2.036688718938697,-1.2209945630331651,-1.219510689658708,-0.003232036185218501,-0.004715909559675602,-0.0005659091471610721,-0.004848241974300673,-0.31788349993412635,-0.3232976510555881,-0.3232976510555881,False,False,-0.32050774695572826,2.034215465785024,-1.2366265768364864,False
3.484,-1.2396947436716632,-7.7242028294662735,2.034215465785024,-1.2366265768364864,-1.2419947129372024,-0.0030681668351768554,0.0022999692655392145,0.00027599631186470575,-0.004845482011182026,-0.3191357892579168,-0.3237052749572341,-0.3237052749572341,False,False,-0.32151449023229345,2.0317110814924195,-1.2521921463023307,False
3.486,-1.2551232458692845,-7.7042582543643885,2.0317110814924195,-1.2521921463023307,-1.2513527318316946,-0.00293109956695381,-0.0037705140375898782,-0.0004524616845107854,-0.004850006628027133,-0.3203792487500629,-0.32568171706260085,-0.32568171706260085,False,False,-0.3232976510555881,2.0291755349072695,-1.267773292575031,False
3.488,-1.2705116124473461,-7.684067316860005,2.0291755349072695,-1.267773292575031,-1.2675335002564427,-0.002738319872315209,-0.0029781121909033814,-0.00035737346290840575,-0.004853580362656217,-0.32161383864792153,-0.32682479247348617,-0.32682479247348617,False,False,-0.3237052749572341,2.026609083255075,-1.2832258260971925,False
3.49,-1.2858593513253864,-7.663630662607474,2.026609083255075,-1.2832258260971925,-1.2799336143763655,-0.0026335252281939336,-0.005925736949020877,-0.0007110884338825051,-0.004860691246995042,-0.32283951947247685,-0.3284112991533544,-0.3284112991533544,False,False,-0.32568171706260085,2.0240116524239204,-1.2987154155772167,False
3.492,-1.301165971722108,-7.642948945118546,2.0240116524239204,-1.2987154155772167,-1.2974680603524393,-0.002450556144891314,-0.0036979113696686827,-0.0004437493643602419,-0.004865128740638644,-0.32405625202960203,-0.3293651301346009,-0.3293651301346009,False,False,-0.32682479247348617,2.0213833436231368,-1.3141544003918724,False
3.494,-1.316430984171092,-7.6220228257414435,2.0213833436231368,-1.3141544003918724,-1.3109359923457369,-0.0022765837792195764,-0.005494991825355067,-0.000659399019042608,-0.00487172273082907,-0.3252639974113139,-0.3307951191611856,-0.3307951191611856,False,False,-0.3284112991533544,2.018724164095164,-1.3295897639864445,False
3.496,-1.3316539005364194,-7.600852973639755,2.018724164095164,-1.3295897639864445,-1.3323836792944304,-0.0020641365499749487,0.000729778758010946,8.757345096131352e-05,-0.004870846996319457,-0.32646271699701507,-0.3312459905423732,-0.3312459905423732,False,False,-0.3293651301346009,2.0160342534847446,-1.344955305209706,False
3.498,-1.346834234028302,-7.579440065771008,2.0160342534847446,-1.344955305209706,-1.3445501174230905,-0.0018789288185958597,-0.0022841166052114392,-0.0002740939926253727,-0.004873587936245711,-0.32765237245473017,-0.3328000543836013,-0.3328000543836013,False,False,-0.3307951191611856,2.0133136501942244,-1.3603016452601364,False
3.5,-1.361971499218637,-7.557784786865038,2.0133136501942244,-1.3603016452601364,-1.3562118322077823,-0.0016698539585005001,-0.005759667010854619,-0.0006911600413025543,-0.0048804995366587365,-0.3288329257423312,-0.3344045853202925,-0.3344045853202925,False,False,-0.3312459905423732,2.0105625972304373,-1.3755264818935236,False
3.5020000000000002,-1.3770652120565543,-7.5358878294020535,2.0105625972304373,-1.3755264818935236,-1.3756042059775404,-0.0015387301630307437,-0.0014610060790138935,-0.0001753207294816672,-0.004882252743953553,-0.3300043391087554,-0.3350619125821906,-0.3350619125821906,False,False,-0.3328000543836013,2.0077811039208724,-1.3907466547825582,False
3.504,-1.3921148898838434,-7.513749893590576,2.0077811039208724,-1.3907466547825582,-1.3894238539675836,-0.0013682351012851424,-0.002691035916259743,-0.00032292430995116916,-0.004885481987053065,-0.3311665750952089,-0.33637498139221317,-0.33637498139221317,False,False,-0.3344045853202925,2.0049691689226963,-1.4059674990881372,False
3.5060000000000002,-1.4071200514504536,-7.491371687344944,2.0049691689226963,-1.4059674990881372,-1.4056552350413547,-0.0011525523623163725,-0.0014648164090989013,-0.00017577796909186815,-0.004887239766743983,-0.3323195965363694,-0.33738261427220523,-0.33738261427220523,False,False,-0.3350619125821906,2.002126989251735,-1.4210898354807544,False
3.508,-1.4220802169298306,-7.468753926262756,2.002126989251735,-1.4210898354807544,-1.418940728452433,-0.0009903814490761498,-0.003139488477397645,-0.0003767386172877174,-0.004891007152916861,-0.33346336656157044,-0.338731112331775,-0.338731112331775,False,False,-0.33637498139221317,1.999254622446029,-1.4361834028528424,False
3.5100000000000002,-1.4369949079342845,-7.445897333601953,1.999254622446029,-1.4361834028528424,-1.4388227153426254,-0.000811505081442121,0.0018278074083408757,0.00021933688900090508,-0.004888813784026852,-0.3345978485959828,-0.33926732549100874,-0.33926732549100874,False,False,-0.33738261427220523,1.996352189369183,-1.4512165384230142,False
3.512,-1.4518636475302775,-7.422802640257702,1.996352189369183,-1.4512165384230142,-1.452765760775541,-0.0006471091072632884,0.0009021132452635694,0.00010825358943162832,-0.0048877312481325355,-0.3357230063617827,-0.3405024840204836,-0.3405024840204836,False,False,-0.338731112331775,1.9934197381791203,-1.4662255950312524,False
3.5140000000000002,-1.4666859602536941,-7.399470584739001,1.9934197381791203,-1.4662255950312524,-1.4700568329305435,-0.0004603652224417498,0.0033708726768493236,0.0004045047212219188,-0.004883686200920317,-0.3368388038793138,-0.3413179853590122,-0.3413179853590122,False,False,-0.33926732549100874,1.9904574865963265,-1.4811257913968876,False
3.516,-1.481461372125017,-7.3759019131451,1.9904574865963265,-1.4811257913968876,-1.4798586407540681,-0.0003355807281293366,-0.0016027313709487956,-0.00019232776451385546,-0.0048856094785654555,-0.3379452054682353,-0.3430231427113146,-0.3430231427113146,False,False,-0.3405024840204836,1.9874655035890305,-1.4959915036479376,False
3.5180000000000002,-1.4961894106645024,-7.3520973791416155,1.9874655035890305,-1.4959915036479376,-1.49237052862921,-0.00019790701656474674,-0.003818882035292459,-0.00045826584423509504,-0.004890192137007807,-0.3390421757486645,-0.3443906337299074,-0.3443906337299074,False,False,-0.3413179853590122,1.9844439452432325,-1.5107791728990445,False
3.52,-1.510869604907284,-7.328057743936442,1.9844439452432325,-1.5107791728990445,-1.5082549566054266,-9.043200823954933e-05,-0.002614648301857425,-0.000313757796222891,-0.0048933297149700355,-0.3401296796423077,-0.34533676715350065,-0.34533676715350065,False,False,-0.3430231427113146,1.9813927796355555,-1.5255828038385322,False
3.5220000000000002,-1.5255014854184332,-7.303783776255402,1.9813927796355555,-1.5255828038385322,-1.5283491843294954,8.131842009895252e-05,0.0028476989110621798,0.0003417238693274616,-0.004889912476276761,-0.34120768237358196,-0.34575587098053123,-0.34575587098053123,False,False,-0.3443906337299074,1.9783120459007046,-1.5403668674254773,False
3.524,-1.5400845843079658,-7.279276252317682,1.9783120459007046,-1.5403668674254773,-1.5378485269467457,0.00028228311751155033,-0.002236057361220123,-0.0002683268833464147,-0.004892595745110225,-0.34227614947072665,-0.3474370720991833,-0.3474370720991833,False,False,-0.34533676715350065,1.975201870975193,-1.5550874627557474,False
3.5260000000000002,-1.554618435245823,-7.254535955810971,1.975201870975193,-1.5550874627557474,-1.5544863662866304,0.00046902750992439124,-0.00013206895919259942,-1.584827510311193e-05,-0.004892754227861256,-0.3433350467669075,-0.3482436492698719,-0.3482436492698719,False,False,-0.34575587098053123,1.9720624907597517,-1.5696901077207308,False
3.528,-1.5691025734767547,-7.2295636778664525,1.9720624907597517,-1.5696901077207308,-1.5700742444668843,0.0005875342439760622,0.000971670990129514,0.00011660051881554168,-0.0048915882226731,-0.34438434040130683,-0.34915932810516437,-0.34915932810516437,False,False,-0.3474370720991833,1.9688938742793072,-1.584308240222243,False
3.5300000000000002,-1.5835365358352007,-7.2043602170334715,1.9688938742793072,-1.584308240222243,-1.588307821247799,0.0007717043870423268,0.004771285412598303,0.0005725542495117963,-0.004885862680177982,-0.34542399682020763,-0.3497373052508738,-0.3497373052508738,False,False,-0.3482436492698719,1.9656961740450543,-1.5988501171264335,False
3.532,-1.597919860760091,-7.178926379254018,1.9656961740450543,-1.5988501171264335,-1.5987319119895351,0.0009302563663424745,0.0008120512294440552,9.744614753328661e-05,-0.004884888218702649,-0.346453982778066,-0.3512414248492354,-0.3512414248492354,False,False,-0.34915932810516437,1.9624695180457357,-1.6133279996593173,False
3.5340000000000003,-1.6122520883096259,-7.153262977836921,1.9624695180457357,-1.6133279996593173,-1.6131337888153714,0.0010759113496914274,0.0008817005057455418,0.00010580406068946501,-0.004883830178095755,-0.3474742653385757,-0.352252291455982,-0.352252291455982,False,False,-0.3497373052508738,1.9592141035775903,-1.6277072340727132,False
3.536,-1.6265327601759527,-7.127370833431889,1.9592141035775903,-1.6277072340727132,-1.6257745243073274,0.0011744738967605084,-0.0007582358686253343,-9.098830423504012e-05,-0.004884740061138105,-0.34848481187571906,-0.3534605402410922,-0.3534605402410922,False,False,-0.3512414248492354,1.9559299318341978,-1.6420858716961975,False
3.5380000000000003,-1.6407614196998441,-7.101250774003236,1.9559299318341978,-1.6420858716961975,-1.641959700507396,0.0013244519963533374,0.0011982808075519102,0.00014379369690622923,-0.004883302124169043,-0.3494855900748119,-0.35422509850207473,-0.35422509850207473,False,False,-0.352252291455982,1.9526171072829053,-1.6564122756462956,False
3.54,-1.654937611885292,-7.074903634803413,1.9526171072829053,-1.6564122756462956,-1.6556536199509126,0.0014746637610034696,0.0007160080656205547,8.592096787446657e-05,-0.0048824429144902984,-0.3504765679335364,-0.3552730898801522,-0.3552730898801522,False,False,-0.3534605402410922,1.9492756919108878,-1.670707686008764,False
3.5420000000000003,-1.6690608834140606,-7.0483302583463,1.9492756919108878,-1.670707686008764,-1.6736351299119783,0.0016468025947034004,0.004574246497917711,0.0005489095797501253,-0.004876953818692797,-0.3514577137629642,-0.35578575800190687,-0.35578575800190687,False,False,-0.35422509850207473,1.9459058399324032,-1.6849259892422737,False
3.544,-1.6831307826601754,-7.021531494380271,1.9459058399324032,-1.6849259892422737,-1.683690840166091,0.0017952065820983076,0.0005600575059157009,6.720690070988411e-05,-0.004876281749685699,-0.3524289961885702,-0.357238071037546,-0.357238071037546,False,False,-0.3552730898801522,1.9425076445156306,-1.6990977083863235,False
3.5460000000000003,-1.6971468597043842,-6.994508199860992,1.9425076445156306,-1.6990977083863235,-1.7003617879337356,0.0019508486819392878,0.0032149282293514325,0.00038579138752217187,-0.004872423835810477,-0.3533903841512362,-0.3578770165995245,-0.3578770165995245,False,False,-0.35578575800190687,1.9390813099008848,-1.713167307372971,False
3.548,-1.7111086663485169,-6.967261238924062,1.9390813099008848,-1.713167307372971,-1.7108775528337032,0.0020586410244540776,-0.00023111351481364117,-2.773362177763694e-05,-0.004872701172028254,-0.3543418469082425,-0.35924228170204836,-0.35924228170204836,False,False,-0.357238071037546,1.9356268413220743,-1.7272342894052848,False
3.5500000000000003,-1.725015756129837,-6.9397914828573475,1.9356268413220743,-1.7272342894052848,-1.7236158385324039,0.0022185332754478537,-0.0013999175974330758,-0.0001679901116919691,-0.004874381073145174,-0.35528335403425276,-0.3603257252190899,-0.3603257252190899,False,False,-0.3578770165995245,1.9321444142742432,-1.7412135239155617,False
3.552,-1.738867684335308,-6.912099810073145,1.9321444142742432,-1.7412135239155617,-1.7424282561518938,0.0023458395802538057,0.003560571816585867,0.000427268617990304,-0.00487010838696527,-0.3562148754222855,-0.3606577151912605,-0.3606577151912605,False,False,-0.35924228170204836,1.9286340502322483,-1.755182020997415,False
3.5540000000000003,-1.7526640080158309,-6.8841871060800495,1.9286340502322483,-1.755182020997415,-1.7551959289193169,0.00251801298158405,0.0025319209034859735,0.00030383050841831683,-0.004867070081881087,-0.35713638128467845,-0.3616996208581412,-0.3616996208581412,False,False,-0.3603257252190899,1.925095829448139,-1.7691103920546842,False
3.556,-1.7664042860003852,-6.856054263454691,1.925095829448139,-1.7691103920546842,-1.772131036062929,0.0027061060542989956,0.005726750062543751,0.0006872100075052501,-0.004860197981806035,-0.35804784215403934,-0.3622208301283401,-0.3622208301283401,False,False,-0.3606577151912605,1.9215299886456496,-1.7829204012447555,False
3.5580000000000003,-1.7800880789101514,-6.827702181813163,1.9215299886456496,-1.7829204012447555,-1.7803276310774305,0.002832322334604065,0.00023955216727911122,2.8746260073493346e-05,-0.0048599105192053,-0.3589492288841893,-0.3637803931433211,-0.3637803931433211,False,False,-0.3616996208581412,1.9179366132901672,-1.7966876777412355,False
3.56,-1.7937149491725581,-6.7991317677822565,1.9179366132901672,-1.7966876777412355,-1.7947982788965262,0.002972728568677363,0.001083329723968074,0.00012999956687616886,-0.004858610523536538,-0.35984051265109435,-0.36456912360775473,-0.36456912360775473,False,False,-0.3622208301283401,1.9143158969410394,-1.8103581745639146,False
3.5620000000000003,-1.8072844610352738,-6.770343934970475,1.9143158969410394,-1.8103581745639146,-1.8116045688502498,0.0030737135286407202,0.0043201078149759375,0.0005184129377971125,-0.004853426394158567,-0.36072166495378766,-0.3650566784101491,-0.3650566784101491,False,False,-0.3637803931433211,1.9106678135990571,-1.8240416709912055,False
3.564,-1.820796180580137,-6.741339603938821,1.9106678135990571,-1.8240416709912055,-1.8220273750934817,0.0032454904110685856,0.0012311945133447466,0.0001477433416013696,-0.004851948960742553,-0.3615926576152801,-0.3662968632344213,-0.3662968632344213,False,False,-0.36456912360775473,1.9069924989627185,-1.837657318169279,False
3.5660000000000003,-1.8342496757370492,-6.712119702171333,1.9069924989627185,-1.837657318169279,-1.8365287109642494,0.003407642432229796,0.002279035227200188,0.00027348422726402254,-0.004849214118469913,-0.3624534627834628,-0.3670291926746687,-0.3670291926746687,False,False,-0.3650566784101491,1.9032901503047328,-1.85117432899286,False
3.568,-1.8476445162977662,-6.682685164045471,1.9032901503047328,-1.85117432899286,-1.852167572117017,0.0035298126950937814,0.004523055819250832,0.0005427666983100998,-0.004843786451486812,-0.36330405293199586,-0.36760507268517256,-0.36760507268517256,False,False,-0.3662968632344213,1.8995608051288102,-1.864672587961324,False
3.5700000000000003,-1.8609802739296692,-6.653036930802205,1.8995608051288102,-1.864672587961324,-1.8633114332986307,0.0036923140316547087,0.002331159368961444,0.0002797391242753733,-0.0048409890602440575,-0.36414440086118954,-0.3687056507971582,-0.3687056507971582,False,False,-0.3670291926746687,1.895804606870986,-1.878099128912126,False
3.572,-1.8742565221894592,-6.623175950515942,1.895804606870986,-1.878099128912126,-1.8781065263245558,0.003842606722666897,0.0038500041350966185,0.00046200049621159423,-0.0048363690552819414,-0.36497447969887425,-0.3693488482579446,-0.3693488482579446,False,False,-0.36760507268517256,1.892021730150855,-1.8914383600654614,False
3.5740000000000003,-1.8874728365368032,-6.593103178064159,1.892021730150855,-1.8914383600654614,-1.8974546806959478,0.003965523528658199,0.009981844159144604,0.0011978212990973525,-0.004824390842290968,-0.3657942629012598,-0.36942083244445345,-0.36942083244445345,False,False,-0.3687056507971582,1.888212237796861,-1.9047461769970044,False
3.576,-1.9006287943478906,-6.562819575096933,1.888212237796861,-1.9047461769970044,-1.9023616063938347,0.0041173826491138765,0.0017328120459441099,0.00020793744551329317,-0.004822311467835835,-0.3666037242537836,-0.3712180982761062,-0.3712180982761062,False,False,-0.3693488482579446,1.8843762877219865,-1.917975037437346,False
3.5780000000000003,-1.9137239749289612,-6.53232611000615,1.8843762877219865,-1.917975037437346,-1.9180925193422798,0.004251062508384917,0.004368544413318576,0.000524225329598229,-0.004817069214539853,-0.36740283787194944,-0.37169568175689105,-0.37169568175689105,False,False,-0.36942083244445345,1.8805141557149283,-1.931066003529145,False
3.58,-1.9267579595297546,-6.501623757894549,1.8805141557149283,-1.931066003529145,-1.928186380568869,0.004308043999390332,0.001428421039114447,0.00017141052469373362,-0.004815355109292916,-0.36819157820215503,-0.3728355227867542,-0.3728355227867542,False,False,-0.3712180982761062,1.8766257532595394,-1.9442012276944183,False
3.5820000000000003,-1.939730331356901,-6.470713500544539,1.8766257532595394,-1.9442012276944183,-1.9463778545388155,0.004470896337517294,0.0066475231819145275,0.0007977027818297433,-0.004807378081474619,-0.36896992002250933,-0.3729795953221542,-0.3729795953221542,False,False,-0.37169568175689105,1.8727112691534866,-1.9572420530264056,False
3.584,-1.952640675587245,-6.4395963263868135,1.8727112691534866,-1.9572420530264056,-1.9563679722764387,0.00460137743916067,0.003727296689193693,0.0004472756027032432,-0.004802905325447586,-0.36973783844363867,-0.374093468166383,-0.374093468166383,False,False,-0.3728355227867542,1.868770751442551,-1.9702588554678961,False
3.586,-1.9654885793811259,-6.4082732304687084,1.868770751442551,-1.9702588554678961,-1.9697512466533567,0.004770276086770275,0.004262667272230791,0.0005115200726676949,-0.0047977901247209095,-0.37049530890948357,-0.3747815789615368,-0.3747815789615368,False,False,-0.3729795953221542,1.8648044561576649,-1.9831476424430456,False
3.588,-1.9782736318955567,-6.376745214422432,1.8648044561576649,-1.9831476424430456,-1.9828817375184857,0.004874010547488927,0.004608105622929015,0.0005529726747514818,-0.004792260397973394,-0.3712423071980826,-0.3754815949213045,-0.3754815949213045,False,False,-0.374093468166383,1.8608124334394744,-1.9960113590952582,False
3.59,-1.990995424297373,-6.345013286433022,1.8608124334394744,-1.9960113590952582,-1.993659554623979,0.005015934797885091,0.0026641303266059513,0.00031969563919271416,-0.004789063441581467,-0.37197880942234807,-0.37644817722473684,-0.37644817722473684,False,False,-0.3747815789615368,1.8567948220317303,-2.0088057038720812,False
3.592,-2.0036535497763173,-6.313078461206056,1.8567948220317303,-2.0088057038720812,-2.009450852759269,0.005152154095763972,0.005797302982951891,0.0006956763579542269,-0.004782106678001925,-0.37270479203082957,-0.37679122235087725,-0.37679122235087725,False,False,-0.3754815949213045,1.8527517566599736,-2.0215326858783618,False
3.594,-2.016247603558026,-6.280941759935283,1.8527517566599736,-2.0215326858783618,-2.021364837503024,0.005285082320335643,0.0051172339449978566,0.0006140680733997427,-0.004775965997267927,-0.3734202318084668,-0.37758212973233496,-0.37758212973233496,False,False,-0.37644817722473684,1.8486833147498076,-2.0342209550830375,False
3.596,-2.0287771829169876,-6.248604210269914,1.8486833147498076,-2.0342209550830375,-2.0307717207320914,0.005443772166049854,0.001994537815103836,0.00023934453781246034,-0.004773572551889802,-0.374125105877332,-0.3786593338914093,-0.3786593338914093,False,False,-0.37679122235087725,1.8445897034439804,-2.0468056529136236,False
3.598,-2.041241887189413,-6.21606684628179,1.8445897034439804,-2.0468056529136236,-2.045420116837805,0.00556376572421069,0.0041782296483918735,0.0005013875578070248,-0.004768558676311732,-0.3748193916973618,-0.3790865628158665,-0.3790865628158665,False,False,-0.37758212973233496,1.8404710338259278,-2.0593348090262706,False
3.6,-2.0536413177860675,-6.183330708432258,1.8404710338259278,-2.0593348090262706,-2.0601567767587023,0.00569349124020313,0.0065154589726348355,0.0007818550767161802,-0.004760740125544571,-0.37550306706707837,-0.37948195211590674,-0.37948195211590674,False,False,-0.3786593338914093,1.8363273558075153,-2.071839009206213,False
3.602,-2.065975078204974,-6.150396843539015,1.8363273558075153,-2.071839009206213,-2.0713812569791834,0.005863931001238942,0.005406178774209458,0.0006487414529051349,-0.0047542527110155195,-0.37617611012429764,-0.380281621382408,-0.380281621382408,False,False,-0.3790865628158665,1.8321588548563386,-2.0842504755883633,False
3.604,-2.078242774044146,-6.117266304742492,1.8321588548563386,-2.0842504755883633,-2.0849318454309316,0.006007701544217259,0.006689071386785539,0.0008026885664142646,-0.004746225825351377,-0.37683849934683084,-0.3807820366057679,-0.3807820366057679,False,False,-0.37948195211590674,1.8279657210682596,-2.0965668940395017,False
3.606,-2.090444013014157,-6.083940151472282,1.8279657210682596,-2.0965668940395017,-2.0985593357236363,0.00612288102534464,0.008115322709479234,0.000973838725137508,-0.004736487438100003,-0.3774902135531707,-0.3812528622661332,-0.3812528622661332,False,False,-0.380281621382408,1.8237480577933383,-2.108831637460644,False
3.608,-2.1025784049507057,-6.050419449413221,1.8237480577933383,-2.108831637460644,-2.108089857078853,0.006253232509938478,0.005511452128147187,0.0006613742553776624,-0.004729873695546226,-0.37813123190316994,-0.3821997313433385,-0.3821997313433385,False,False,-0.3807820366057679,1.8195060299090808,-2.1210139421286702,False
3.61,-2.114645561827082,-6.016705270471327,1.8195060299090808,-2.1210139421286702,-2.1183810205067646,0.00636838030158815,0.0037354586796825018,0.0004482550415619002,-0.004725391145130607,-0.378761533898707,-0.3830386700022757,-0.3830386700022757,False,False,-0.3812528622661332,1.815239806676455,-2.1331116163128763,False
3.612,-2.126645097766592,-5.982798692739477,1.815239806676455,-2.1331116163128763,-2.1311980282726055,0.006466518546284217,0.004552930506013464,0.0005463516607216157,-0.004719927628523391,-0.3793810993843423,-0.38355467535214405,-0.38355467535214405,False,False,-0.3821997313433385,1.8109494558124497,-2.145175432002702,False
3.614,-2.1385766290548758,-5.948700800463002,1.8109494558124497,-2.145175432002702,-2.145510055852939,0.006598802947826332,0.006933426798063191,0.000832011215767583,-0.004711607516365715,-0.3799899085479619,-0.38386950484856003,-0.38386950484856003,False,False,-0.3830386700022757,1.8066350668901754,-2.157194461137175,False
3.616,-2.1504397741521895,-5.914412684004967,1.8066350668901754,-2.157194461137175,-2.157623112401906,0.006754686984985714,0.00718333824971662,0.0008620005899659944,-0.004702987510466055,-0.38058794192141143,-0.3844289288419115,-0.3844289288419115,False,False,-0.38355467535214405,1.80229679612007,-2.1691353850527078,False
3.618,-2.162234153705602,-5.879935439811334,1.80229679612007,-2.1691353850527078,-2.169885764761623,0.006901231347105963,0.007651611056021412,0.0009181933267225694,-0.004693805577198829,-0.38117518038111864,-0.3849507926315949,-0.3849507926315949,False,False,-0.38386950484856003,1.797934840121383,-2.180977999343488,False
3.62,-2.1739593905611416,-5.845270170375837,1.797934840121383,-2.180977999343488,-2.179415416451898,0.007018608782346281,0.005456025890756333,0.00065472310689076,-0.004687258346129921,-0.3817516051487056,-0.3857841403879448,-0.3857841403879448,False,False,-0.3844289288419115,1.7935493421338915,-2.1927489937458065,False
3.622,-2.185615109775817,-5.810417984204851,1.7935493421338915,-2.1927489937458065,-2.1913614568644038,0.007133883969989263,0.0057463470885865675,0.0006895616506303881,-0.004680362729623617,-0.38231719779158707,-0.3863079988705803,-0.3863079988705803,False,False,-0.3849507926315949,1.7891404516877547,-2.2044452230683507,False
3.624,-2.1972009386296585,-5.775379995781796,1.7891404516877547,-2.2044452230683507,-2.2042529067058028,0.007244284438692183,0.007051968076144277,0.0008462361691373132,-0.004671900367932244,-0.38287194022356275,-0.3866976044223577,-0.3866976044223577,False,False,-0.3857841403879448,1.7847082514447163,-2.216100121519137,False
3.626,-2.208716506637596,-5.740157325531608,1.7847082514447163,-2.216100121519137,-2.2164514158138022,0.007383614881540712,0.007734909176206006,0.0009281891011447207,-0.0046626184769207974,-0.38341581470539343,-0.3871502440811695,-0.3871502440811695,False,False,-0.3863079988705803,1.780252887964654,-2.2276817400312043,False
3.628,-2.2201614455613248,-5.70475109978487,1.780252887964654,-2.2276817400312043,-2.2261027321747417,0.007520294469879563,0.005941286613416974,0.0007129543936100368,-0.0046554889329846975,-0.38394880384536945,-0.3878913383847441,-0.3878913383847441,False,False,-0.3866976044223577,1.7757745343087288,-2.2391768279626345,False
3.63,-2.231535389421073,-5.669162450741804,1.7757745343087288,-2.2391768279626345,-2.2352832942015493,0.007641438541561296,0.0037479047804760413,0.0004497485736571249,-0.004650991447248126,-0.38447089059986594,-0.38867213347345697,-0.38867213347345697,False,False,-0.3871502440811695,1.7712733484362542,-2.250592936237324,False
3.632,-2.2428379745073195,-5.633392516436031,1.7712733484362542,-2.250592936237324,-2.2494055295350543,0.007754961730004339,0.006567555027734873,0.0007881066033281847,-0.004643110381214844,-0.38498205827388904,-0.3888370620517757,-0.3888370620517757,False,False,-0.3878913383847441,1.7667494261677885,-2.2619611342328296,False
3.634,-2.254068839392403,-5.59744244069824,1.7667494261677885,-2.2619611342328296,-2.2649835706771975,0.00789229484042675,0.010914731284794588,0.0013097677541753505,-0.0046300127036730905,-0.38548229052160854,-0.38880253547110627,-0.38880253547110627,False,False,-0.38867213347345697,1.7622028539571686,-2.273286105309955,False
3.636,-2.2652276249420926,-5.561313373119572,1.7622028539571686,-2.273286105309955,-2.273376354965705,0.008058480367862497,0.008148730023612494,0.0009778476028334993,-0.0046202342276447554,-0.38597157134688115,-0.3896139579716924,-0.3896139579716924,False,False,-0.3888370620517757,1.7576338462698913,-2.2845038436386056,False
3.638,-2.2763139743270684,-5.525006469014878,1.7576338462698913,-2.2845038436386056,-2.2844301470517143,0.008189869311537201,0.008116172724645931,0.0009739407269575117,-0.004610494820375181,-0.38644988510376205,-0.3900864391971797,-0.3900864391971797,False,False,-0.38880253547110627,1.7530426569795277,-2.29559464518178,False
3.64,-2.287327533034345,-5.488522889385719,1.7530426569795277,-2.29559464518178,-2.2960848002627796,0.008267112147434919,0.008757267228434618,0.001050872067412154,-0.004599986099701059,-0.38691721649700545,-0.39046633052929436,-0.39046633052929436,False,False,-0.3896139579716924,1.7484293600274536,-2.306648476037057,False
3.642,-2.298267948878572,-5.451863800883365,1.7484293600274536,-2.306648476037057,-2.3033603823520705,0.008380527158484696,0.0050924334734983034,0.0006110920168197964,-0.0045938751795328615,-0.38737355058255235,-0.3913563337452654,-0.3913563337452654,False,False,-0.3900864391971797,1.7437940995162777,-2.3176302555879778,False
3.644,-2.309134872013346,-5.41503037577133,1.7437940995162777,-2.3176302555879778,-2.3179042833455066,0.008495383574631532,0.00876941133216036,0.0010523293598592432,-0.004583351885934269,-0.3878188727680107,-0.3913498952940857,-0.3913498952940857,False,False,-0.39046633052929436,1.7391370373526907,-2.3285310817935354,False
3.646,-2.3199279549423553,-5.378023791888012,1.7391370373526907,-2.3285310817935354,-2.3279741350055803,0.008603126851180143,0.008046180063224995,0.0009655416075869994,-0.004573696469858399,-0.3882531688131198,-0.39186132367539117,-0.39186132367539117,False,False,-0.3913563337452654,1.7344582268463362,-2.339405253177215,False
3.648,-2.3306468525305135,-5.340845232608967,1.7344582268463362,-2.339405253177215,-2.3367230239101717,0.008758400646701414,0.006076171379658213,0.0007291405655589855,-0.004566405064202809,-0.388676424830207,-0.3925136893288508,-0.3925136893288508,False,False,-0.3913498952940857,1.7297579084351622,-2.3501592055870595,False
3.65,-2.3412912220149873,-5.303495886809098,1.7297579084351622,-2.3501592055870595,-2.3502000133396024,0.008867983572072191,0.008908791324615084,0.00106905495895381,-0.004555714514613271,-0.38908862728463134,-0.3925752868402908,-0.3925752868402908,False,False,-0.39186132367539117,1.7250362114728564,-2.360848481152896,False
3.652,-2.3518607230161708,-5.265976948824587,1.7250362114728564,-2.360848481152896,-2.3614020467876116,0.008987758136725255,0.00954132377144079,0.0011449588525728948,-0.004544264926087542,-0.38948976299521654,-0.39288906906873117,-0.39288906906873117,False,False,-0.3925136893288508,1.7202932343788786,-2.3714885469888887,False
3.654,-2.3623550175485506,-5.228289618414773,1.7202932343788786,-2.3714885469888887,-2.3711492222686514,0.009133529440338073,0.00879420472010084,0.0010553045664121008,-0.004533711880423421,-0.3898798191346723,-0.3933582264486836,-0.3933582264486836,False,False,-0.3925752868402908,1.7155291981972214,-2.3820180908286415,False
3.656,-2.372773770031525,-5.1904351007237395,1.7155291981972214,-2.3820180908286415,-2.3808195972510378,0.009244320797116679,0.008045827219512969,0.0009654992663415562,-0.0045240568877600055,-0.3902587832300043,-0.3938173408514227,-0.3938173408514227,False,False,-0.39288906906873117,1.7107442687345042,-2.3924647313586025,False
3.658,-2.383116647300132,-5.152414606241804,1.7107442687345042,-2.3924647313586025,-2.389130256580764,0.00934808405847054,0.006013609280631993,0.0007216331136758391,-0.004516840556623247,-0.39062664316291373,-0.39442185060586116,-0.39442185060586116,False,False,-0.3933582264486836,1.7059385774390907,-2.4028456477067848,False
3.66,-2.3933833186157143,-5.114229350766748,1.7059385774390907,-2.4028456477067848,-2.4056009292654164,0.009462329091070476,0.01221761064970206,0.0014661132779642471,-0.0045021794238436046,-0.39098338717018427,-0.39401945331606364,-0.39401945331606364,False,False,-0.3938173408514227,1.7011122564172643,-2.413160510913183,False
3.662,-2.403573455676466,-5.075880555365068,1.7011122564172643,-2.413160510913183,-2.4108328718234393,0.009587055236716768,0.00725941614697323,0.0008711299376367875,-0.0044934681244672365,-0.39132900384405805,-0.3949513420308885,-0.3949513420308885,False,False,-0.39442185060586116,1.6962654058773006,-2.4234252699818764,False
3.664,-2.41368673262797,-5.037369446332768,1.6962654058773006,-2.4234252699818764,-2.4259218793555175,0.009738537353906285,0.012235146727547441,0.0014682176073056929,-0.00447878594839418,-0.3916634821326014,-0.39467405047368986,-0.39467405047368986,False,False,-0.39401945331606364,1.6913983357715856,-2.433535052857503,False
3.666,-2.423722826073588,-4.9986972551562685,1.6913983357715856,-2.433535052857503,-2.436056161409055,0.009812226783914912,0.012333335335466877,0.0014800002402560251,-0.004463985945991619,-0.391986811340057,-0.3949707970457926,-0.3949707970457926,False,False,-0.3949513420308885,1.6865110732463429,-2.443631262621363,False
3.668,-2.433681415084812,-4.959865218472975,1.6865110732463429,-2.443631262621363,-2.4421692062611626,0.00994984753655137,0.00848779117635079,0.0010185349411620946,-0.004453800596579999,-0.3922989811271867,-0.3957342467826046,-0.3957342467826046,False,False,-0.39467405047368986,1.681603898351008,-2.4535874476674646,False
3.67,-2.4435621812115267,-4.920874578031751,1.681603898351008,-2.4535874476674646,-2.451338074185686,0.010025266455937931,0.007775892974159149,0.0009331071568990978,-0.004444469525011008,-0.39259998151160214,-0.39611134387971403,-0.39611134387971403,False,False,-0.3949707970457926,1.6766769678530522,-2.4634652489778555,False
3.672,-2.4533648084922004,-4.881726580653167,1.6766769678530522,-2.4634652489778555,-2.463448646505913,0.01010044048565506,0.010083838013712487,0.0012100605616454983,-0.0044323689193945534,-0.3928898028680837,-0.3961121112258328,-0.3961121112258328,False,False,-0.3957342467826046,1.6717303390691585,-2.4733143919468703,False
3.674,-2.463088983463973,-4.842422478189701,1.6717303390691585,-2.4733143919468703,-2.471739110356477,0.010225408482897436,0.008650126892504328,0.0010380152271005194,-0.004421988767123549,-0.39316843592888834,-0.39655240946891135,-0.39655240946891135,False,False,-0.39611134387971403,1.6667641495879175,-2.4830947406204866,False
3.676,-2.4727343951726897,-4.802963527485658,1.6667641495879175,-2.4830947406204866,-2.4846695319162944,0.01036034544779696,0.01193513674360469,0.0014322164092325628,-0.004407666603031223,-0.39343587178404604,-0.3964113219778447,-0.3964113219778447,False,False,-0.3961121112258328,1.6617786142885744,-2.492767649671586,False
3.678,-2.4823007351828412,-4.763350990337004,1.6617786142885744,-2.492767649671586,-2.4938023981986284,0.010466914488744816,0.011501663015787145,0.0013801995618944573,-0.004393864607412278,-0.3936921018816446,-0.3967057669271624,-0.3967057669271624,False,False,-0.39655240946891135,1.6567738536505925,-2.5023803189910008,False
3.68,-2.4917876975874393,-4.723586133450956,1.6567738536505925,-2.5023803189910008,-2.4992343738616456,0.01059262140356143,0.007446676274206254,0.0008936011529047504,-0.0043849285958832305,-0.39393711802810333,-0.3974284454710818,-0.3974284454710818,False,False,-0.3964113219778447,1.651750108570781,-2.5118725399056876,False
3.682,-2.5011949790177663,-4.683670228405613,1.651750108570781,-2.5118725399056876,-2.512149800711625,0.010677560887921267,0.01095482169385864,0.0013145786032630368,-0.0043717828098506,-0.39417091238843466,-0.3972281165950222,-0.3972281165950222,False,False,-0.3967057669271624,1.6467075260974193,-2.521291236680891,False
3.684,-2.510522278653119,-4.643604551609119,1.6467075260974193,-2.521291236680891,-2.520022685738444,0.010768958027771891,0.009500407085324625,0.0011400488502389548,-0.0043603823213482105,-0.39439347748649517,-0.39761381095760445,-0.39761381095760445,False,False,-0.3974284454710818,1.6416461619903506,-2.53068205353436,False
3.686,-2.519769298230396,-4.603390384258982,1.6416461619903506,-2.53068205353436,-2.530372543318664,0.010912755303964072,0.010603245088268043,0.0012723894105921652,-0.004347658427242289,-0.3946048062052243,-0.39768007522187443,-0.39768007522187443,False,False,-0.3972281165950222,1.6365662646736392,-2.539948658355668,False
3.688,-2.5289357420536467,-4.5630290123010475,1.6365662646736392,-2.539948658355668,-2.5375955985801006,0.011012916302021392,0.008659856526453957,0.0010391827831744747,-0.004337266599410545,-0.3948048917868721,-0.3981029756031082,-0.3981029756031082,False,False,-0.39761381095760445,1.6314679571273831,-2.549153773128039,False
3.69,-2.538021317003525,-4.5225217263883986,1.6314679571273831,-2.549153773128039,-2.550245266683804,0.011132456124514079,0.012223949680278956,0.0014668739616334747,-0.00432259785979421,-0.39499372783321535,-0.3978494517313761,-0.3978494517313761,False,False,-0.39768007522187443,1.6263514278681783,-2.5582646296023737,False
3.692,-2.547025732546672,-4.48186982184003,1.6263514278681783,-2.5582646296023737,-2.556819544149958,0.011238897055701802,0.009793811603286073,0.0011752573923943287,-0.0043108452858702665,-0.3951713083057619,-0.39830689619923787,-0.39830689619923787,False,False,-0.3981029756031082,1.621216788660775,-2.567319603701745,False
3.694,-2.55594870074499,-4.441074598599513,1.621216788660775,-2.567319603701745,-2.570172787329563,0.011370902956755025,0.01422408658457286,0.0017068903901487431,-0.004293776381968779,-0.3953376275259443,-0.39792451351776437,-0.39792451351776437,False,False,-0.3978494517313761,1.616064291684084,-2.576248488345459,False
3.696,-2.5647899362648596,-4.400137361193364,1.616064291684084,-2.576248488345459,-2.5747863740312003,0.011458552080599205,0.009996437766340627,0.0011995725319608752,-0.00428178065664917,-0.39549268017530054,-0.3985748882999888,-0.3985748882999888,False,False,-0.39830689619923787,1.6108940374683405,-2.5851271078717413,False
3.698,-2.573549156386263,-4.359059418689369,1.6108940374683405,-2.5851271078717413,-2.5859926248863014,0.011577951485478355,0.012443468500038524,0.0014932162200046227,-0.004266848494449123,-0.39563646129564506,-0.39841009357008955,-0.39841009357008955,False,False,-0.39792451351776437,1.605706301297918,-2.593868085211189,False
3.7,-2.5822260810118323,-4.317842084654641,1.605706301297918,-2.593868085211189,-2.593011015242009,0.01164200419935657,0.010784934230176901,0.0012941921076212281,-0.004253906573372911,-0.3957689662892267,-0.39872868075497836,-0.39872868075497836,False,False,-0.3985748882999888,1.60050113917205,-2.602581062934003,False
3.702,-2.5908204326757804,-4.276486677113775,1.60050113917205,-2.602581062934003,-2.6027353847602708,0.011760630258222715,0.011914952084490338,0.0014297942501388405,-0.004239608630871522,-0.39589019091887595,-0.39870000529960864,-0.39870000529960864,False,False,-0.39841009357008955,1.5952787771703638,-2.6111810008430996,False
3.704,-2.5993319365528107,-4.234994518506505,1.5952787771703638,-2.6111810008430996,-2.611055440506772,0.011849064290288869,0.011723503953961156,0.0014068204744753386,-0.004225540426126769,-0.39600013130814016,-0.3988188512597916,-0.3988188512597916,False,False,-0.39872868075497836,1.5900393376671966,-2.6197197515836095,False
3.706,-2.6077603204668756,-4.193366935645568,1.5900393376671966,-2.6197197515836095,-2.621770810877652,0.01195943111673392,0.014010490410776288,0.0016812588492931546,-0.004208727837633838,-0.39609878394140813,-0.3986262529297488,-0.3986262529297488,False,False,-0.39870000529960864,1.5847830144081612,-2.6281616295177095,False
3.708,-2.616105314899892,-4.151605259674209,1.5847830144081612,-2.6281616295177095,-2.6266482575153227,0.01205631461781742,0.01054294261543065,0.001265153113851678,-0.004196076306495321,-0.39618614566402166,-0.3991170688566653,-0.3991170688566653,False,False,-0.3988188512597916,1.5795099681180356,-2.636523145062782,False
3.71,-2.624366653000357,-4.109710826023639,1.5795099681180356,-2.636523145062782,-2.6358309759673175,0.012156492062425084,0.011464322966960427,0.0013757187560352513,-0.004182319118934969,-0.3962622136823772,-0.3990688140452769,-0.3990688140452769,False,False,-0.3986262529297488,1.5742204229709276,-2.6447725735539973,False
3.712,-2.63254407059189,-4.067684974370276,1.5742204229709276,-2.6447725735539973,-2.644662866871018,0.012228502962107424,0.012118796279128041,0.001454255553495365,-0.004167776563400016,-0.39632698556401486,-0.3990405065739195,-0.3990405065739195,False,False,-0.3991170688566653,1.5689144575699472,-2.6529827004901954,False
3.714,-2.640637306181664,-4.025529048592992,1.5689144575699472,-2.6529827004901954,-2.6538181203110365,0.012345394308531432,0.013180814129372553,0.0015816976955247064,-0.004151959586444769,-0.396380459237696,-0.39895072112861607,-0.39895072112861607,False,False,-0.3990688140452769,1.5635922625351815,-2.661097517382845,False
3.716,-2.6486461009687807,-3.9832443967300826,1.5635922625351815,-2.661097517382845,-2.6593149926197213,0.01245141641406411,0.010668891650940537,0.0012802669981128645,-0.00413915691646364,-0.39642263299346997,-0.39928152291182073,-0.39928152291182073,False,False,-0.3990405065739195,1.55825402221418,-2.6691201605006682,False
3.718,-2.6565701988525383,-3.9408323709361834,1.55825402221418,-2.6691201605006682,-2.6705307846899045,0.012549961648129937,0.013960585837366146,0.0016752703004839374,-0.004122404213458801,-0.3964535054827281,-0.39890063939570297,-0.39890063939570297,False,False,-0.39895072112861607,1.5528999318013255,-2.6770452064273047,False
3.72,-2.664409346440635,-3.898294327438969,1.5528999318013255,-2.6770452064273047,-2.6770632771857805,0.012635859986669828,0.012653930745145647,0.0015184716894174777,-0.004107219496564626,-0.3964730757182477,-0.3990618235253948,-0.3990618235253948,False,False,-0.39928152291182073,1.5475300962744163,-2.684917763454561,False
3.722,-2.6721632930572428,-3.8556316264959323,1.5475300962744163,-2.684917763454561,-2.6880174416770277,0.01275447039731814,0.015854148619784958,0.001902497834374195,-0.004088194518220884,-0.3964813430742226,-0.3986670397580693,-0.3986670397580693,False,False,-0.39890063939570297,1.5421447684836675,-2.6926638953744106,False
3.724,-2.679831790751061,-3.812845632350695,1.5421447684836675,-2.6926638953744106,-2.6919607545104345,0.012832104623349494,0.012128963759373335,0.0014554756511248,-0.004073639761709636,-0.39647830728628414,-0.399096471396869,-0.399096471396869,False,False,-0.3990618235253948,1.5367440849909442,-2.7003417463617114,False
3.726,-2.687414594303216,-3.7699377131895337,1.5367440849909442,-2.7003417463617114,-2.6997240833284053,0.012927152058495484,0.012309489025189357,0.0014771386830227228,-0.004058868374879409,-0.396463968451509,-0.39904569814336566,-0.39904569814336566,False,False,-0.3986670397580693,1.5313282972761757,-2.7078938573842444,False
3.728,-2.6949114612351144,-3.726909241097561,1.5313282972761757,-2.7078938573842444,-2.707101240644909,0.012982396149129993,0.01218977940979471,0.001462773529175365,-0.004044240639587656,-0.39643832702841636,-0.39901979413882865,-0.39901979413882865,False,False,-0.399096471396869,1.52589748146443,-2.7154079058729326,False
3.73,-2.702322151816193,-3.6837615920148754,1.52589748146443,-2.7154079058729326,-2.715543167946267,0.013085754056739507,0.01322101613007387,0.0015865219356088645,-0.004028375420231567,-0.39640138383695295,-0.39884323732157567,-0.39884323732157567,False,False,-0.39904569814336566,1.5204518133985199,-2.722834032955,False
3.732,-2.7096464290715954,-3.64049614569251,1.5204518133985199,-2.722834032955,-2.724493757394055,0.013187603883404453,0.014847328322459497,0.0017816793986951396,-0.004010558626244616,-0.3963531400584673,-0.3985820192860168,-0.3985820192860168,False,False,-0.39901979413882865,1.5149914617805302,-2.7301758089948436,False
3.734,-2.7168840587897334,-3.5971142856483906,1.5149914617805302,-2.7301758089948436,-2.732672534379652,0.013291750205110198,0.015788475589918693,0.0018946170707902432,-0.003991612455536714,-0.39629359723567165,-0.3983905926204181,-0.3983905926204181,False,False,-0.39884323732157567,1.509516625004535,-2.737418387997539,False
3.736,-2.7240348095297873,-3.5536173991230426,1.509516625004535,-2.737418387997539,-2.735875715439667,0.013383578467751622,0.01184090590987985,0.001420908709185582,-0.003977403368444858,-0.39622275727259254,-0.3987792519318518,-0.3987792519318518,False,False,-0.3985820192860168,1.5040275170115796,-2.7445539964778254,False
3.738,-2.731098452629102,-3.510006877035256,1.5040275170115796,-2.7445539964778254,-2.7459233873580997,0.013455543848723384,0.014824934728997707,0.0017789921674797248,-0.003959613446770061,-0.39614062243451026,-0.3983212437138006,-0.3983212437138006,False,False,-0.3983905926204181,1.4985243347764816,-2.751591117548929,False
3.74,-2.7380747622105095,-3.46628411393754,1.4985243347764816,-2.751591117548929,-2.7547643111964013,0.013516355338419661,0.01668954898589181,0.002002745878307017,-0.003939585987986991,-0.39604719534788596,-0.39798403545756594,-0.39798403545756594,False,False,-0.3987792519318518,1.4930071516389583,-2.7585915687616622,False
3.742,-2.744963515189529,-3.42245050797168,1.4930071516389583,-2.7585915687616622,-2.7582445526672634,0.013628053572133147,0.013281037477734348,0.0015937244973281217,-0.00392364874301371,-0.3959424790002782,-0.39827240324596375,-0.39827240324596375,False,False,-0.3983212437138006,1.4874762174241547,-2.765467107401752,False
3.744,-2.751764491281529,-3.3785074608238332,1.4874762174241547,-2.765467107401752,-2.7652260783683498,0.013702616120223166,0.013461587086820881,0.0016153904504185056,-0.003907494838509525,-0.3958264767402468,-0.3981185811283378,-0.3981185811283378,False,False,-0.39798403545756594,1.4819317539153298,-2.7722317544124846,False
3.746,-2.758477473008751,-3.334456377679862,1.4819317539153298,-2.7722317544124846,-2.7765168151284145,0.013754281403733692,0.018039342119663626,0.002164721054359635,-0.0038858476279659284,-0.39569919227724637,-0.39742031885085266,-0.39742031885085266,False,False,-0.39827240324596375,1.476373849462316,-2.7789522265068873,False
3.748,-2.7651022457072703,-3.2902986671803283,1.476373849462316,-2.7789522265068873,-2.776217508638028,0.013849980799617079,0.011115262930757819,0.001333831551690938,-0.003872509312449019,-0.39556062968150735,-0.3980993074422654,-0.3980993074422654,False,False,-0.3981185811283378,1.470802684037983,-2.785582712166442,False
3.75,-2.771638597533859,-3.2460357413754766,1.470802684037983,-2.785582712166442,-2.7860655316835885,0.013944114632582938,0.014426934149729398,0.0017312320979675276,-0.0038551969914693437,-0.3954107933839057,-0.39753475827740753,-0.39753475827740753,False,False,-0.39742031885085266,1.4652185496421262,-2.7920671979284206,False
3.7520000000000002,-2.7780863194727696,-3.201669015680026,1.4652185496421262,-2.7920671979284206,-2.79020120423086,0.013980878455650991,0.012114884758090305,0.0014537861709708365,-0.0038406591297596355,-0.3952496881758218,-0.3976365611346106,-0.3976365611346106,False,False,-0.3980993074422654,1.4596214466689217,-2.798551486602245,False
3.754,-2.7844452053424034,-3.1571999088279905,1.4596214466689217,-2.798551486602245,-2.797721834299276,0.014106281259841591,0.01327662895687265,0.001593195474824718,-0.003824727175011388,-0.3950773192089865,-0.3973088509091732,-0.3973088509091732,False,False,-0.39753475827740753,1.4540116359042927,-2.8049053823144434,False
3.7560000000000002,-2.7907150518019117,-3.112629842827257,1.4540116359042927,-2.8049053823144434,-2.8053611908798612,0.014190330512531713,0.014646139077949538,0.0017575366893539445,-0.0038071518081178486,-0.3948936919953169,-0.39694330711408077,-0.39694330711408077,False,False,-0.3976365611346106,1.4483892357334962,-2.8112000853982786,False
3.758,-2.7968956583576987,-3.0679602429141415,1.4483892357334962,-2.8112000853982786,-2.8113516182605878,0.014304427040579881,0.01445595990288906,0.0017347151883466872,-0.003789804656234382,-0.39469881240674015,-0.39675390187462783,-0.39675390187462783,False,False,-0.3973088509091732,1.4427544531801129,-2.8173912766916973,False
3.7600000000000002,-2.8029868273698373,-3.0231925375077413,1.4427544531801129,-2.8173912766916973,-2.8136112555793624,0.014404449321860024,0.010624428209525139,0.0012749313851430166,-0.0037770553423829515,-0.39449268667500487,-0.3969948106322448,-0.3969948106322448,False,False,-0.39694330711408077,1.4371075009141434,-2.8234761329846947,False
3.762,-2.8089883640583704,-2.978328158164416,1.4371075009141434,-2.8234761329846947,-2.823312016712211,0.014487768926324307,0.014323652653840835,0.0017188383184609,-0.0037598669591983424,-0.39427532139148314,-0.3963163500322206,-0.3963163500322206,False,False,-0.39675390187462783,1.431448552384297,-2.829474264923208,False
3.7640000000000002,-2.8149000765095664,-2.933368539531809,1.431448552384297,-2.829474264923208,-2.8303471362585078,0.014574188413641664,0.015447059748941339,0.0018536471698729605,-0.003741330487499613,-0.3940467235069587,-0.39593440682458536,-0.39593440682458536,False,False,-0.3969948106322448,1.4257776890249796,-2.835431679658677,False
3.766,-2.8207217756820344,-2.88831511930313,1.4257776890249796,-2.835431679658677,-2.8338276942552354,0.014709903976642735,0.01310591857320098,0.0015727102287841177,-0.003725603385211772,-0.39380690033140503,-0.39595979348783267,-0.39595979348783267,False,False,-0.3963163500322206,1.4200951838907576,-2.8412525671109994,False
3.7680000000000002,-2.8264532754127787,-2.843169338171107,1.4200951838907576,-2.8412525671109994,-2.839502137232911,0.014799291698220696,0.013048861820132096,0.0015658634184158515,-0.0037099447510276135,-0.39355585953375166,-0.3956999408663634,-0.3956999408663634,False,False,-0.39593440682458536,1.4144012449438115,-2.846969473473122,False
3.77,-2.8320943924231483,-2.797932639781948,1.4144012449438115,-2.846969473473122,-2.8434176130672864,0.014875081049973815,0.011323220644138043,0.0013587864772965652,-0.003696356886254648,-0.393293609141639,-0.3956311795505971,-0.3956311795505971,False,False,-0.39595979348783267,1.4086959925654583,-2.8526261891765765,False
3.7720000000000002,-2.8376449463247058,-2.7526064706891185,1.4086959925654583,-2.8526261891765765,-2.8528747909449295,0.014981242851870746,0.015229844620223698,0.0018275813544268438,-0.0036780810727103795,-0.3930201575411614,-0.3948706572594449,-0.3948706572594449,False,False,-0.3956999408663634,1.402979605542547,-2.8581935114556614,False
3.774,-2.8431047596249837,-2.7071922803071704,1.402979605542547,-2.8581935114556614,-2.8565885485940274,0.015088751830677705,0.013483788969043786,0.0016180546762852542,-0.003661900525947527,-0.39273551347659896,-0.39477935932626124,-0.39477935932626124,False,False,-0.3956311795505971,1.3972522206820306,-2.863692430258185,False
3.7760000000000002,-2.8484736577331673,-2.661691520865335,1.3972522206820306,-2.863692430258185,-2.8676468388031093,0.015218772525017688,0.019173181069942036,0.0023007817283930442,-0.0036388927086635965,-0.39243968605013824,-0.39377779703040877,-0.39377779703040877,False,False,-0.3948706572594449,1.3915141181412236,-2.8690512704034385,False
3.778,-2.853751468965675,-2.616105647361117,1.3915141181412236,-2.8690512704034385,-2.8697644379214484,0.015299801437763438,0.01601296895577331,0.0019215562746927972,-0.0036196771459166685,-0.3921326847215812,-0.3938308055928051,-0.3938308055928051,False,False,-0.39477935932626124,1.38576543486235,-2.8743416394368144,False
3.7800000000000002,-2.8589380245516574,-2.5704361175136894,1.38576543486235,-2.8743416394368144,-2.8740499682245932,0.015403614885157069,0.01511194367293589,0.0018134332407523067,-0.0036015428135091456,-0.39181451930804184,-0.39360262888079867,-0.39360262888079867,False,False,-0.39377779703040877,1.3800064968909895,-2.8794689856802718,False
3.782,-2.864033158638373,-2.5246843917174435,1.3800064968909895,-2.8794689856802718,-2.878258921763409,0.015435827041898609,0.014225763125035762,0.0017070915750042914,-0.003584471897759103,-0.3914851999836338,-0.3933625803063886,-0.3933625803063886,False,False,-0.3938308055928051,1.3742374058618276,-2.884545514580938,False
3.7840000000000003,-2.869036708296518,-2.478851932995084,1.3742374058618276,-2.884545514580938,-2.883173510011067,0.015508806284420196,0.014136801714549119,0.0016964162057458941,-0.003567507735701644,-0.3911447372791434,-0.39301582880909913,-0.39301582880909913,False,False,-0.39360262888079867,1.3684583211722645,-2.889542344781548,False
3.786,-2.8739485135254164,-2.4329402069510064,1.3684583211722645,-2.889542344781548,-2.887180069674558,0.015593831256131452,0.013231556149141621,0.0015877867378969945,-0.003551629868322674,-0.3907931420816941,-0.39275698521211977,-0.39275698521211977,False,False,-0.3933625803063886,1.3626694029533308,-2.8944591094667893,False
3.7880000000000003,-2.8787684172581454,-2.3869506817243558,1.3626694029533308,-2.8944591094667893,-2.8928206798766065,0.01569069220864394,0.014052262618461153,0.0016862715142153383,-0.0035347671531805206,-0.3904304256343978,-0.39227892127336295,-0.39227892127336295,False,False,-0.39301582880909913,1.3568708319191918,-2.8992855170695675,False
3.79,-2.883496265366555,-2.34088482794211,1.3568708319191918,-2.8992855170695675,-2.8987678657769043,0.015789251703012486,0.01527160041034925,0.00183259204924191,-0.0035164412326881014,-0.39005659953599553,-0.39174044871944175,-0.39174044871944175,False,False,-0.39275698521211977,1.3510627683894734,-2.9040317648592064,False
3.7920000000000003,-2.8881319066662012,-2.294744118671996,1.3510627683894734,-2.9040317648592064,-2.905612343448349,0.015899858193005212,0.017480436782147724,0.002097652413857727,-0.003495464708549524,-0.3896716757404861,-0.39106948803517794,-0.39106948803517794,False,False,-0.39227892127336295,1.3452454168259447,-2.9086757817643507,False
3.794,-2.892675192921174,-2.2485300293754684,1.3452454168259447,-2.9086757817643507,-2.9103809274017522,0.0160005888431769,0.01770573448057844,0.0021246881376694128,-0.0034742178271728297,-0.3892756665567445,-0.3906251962462479,-0.3906251962462479,False,False,-0.39174044871944175,1.3394189920921593,-2.913212366892719,False
3.7960000000000003,-2.8971259788488406,-2.2022440378604746,1.3394189920921593,-2.913212366892719,-2.9125542854965363,0.016086388043878408,0.015428306647695678,0.0018513967977234812,-0.003455703859195595,-0.3888685846481279,-0.39047289170960003,-0.39047289170960003,False,False,-0.39106948803517794,1.3335837344325119,-2.9176288298236766,False
3.798,-2.901484122124491,-2.1558876242342233,1.3335837344325119,-2.9176288298236766,-2.9188398739383437,0.016144707699185634,0.017355751813852738,0.0020826902176623286,-0.003434876957018972,-0.3884504430320709,-0.38980262977142754,-0.38980262977142754,False,False,-0.3906251962462479,1.3277398339859436,-2.921950223284108,False
3.8000000000000003,-2.905749483385894,-2.109462270855784,1.3277398339859436,-2.921950223284108,-2.924357824611612,0.0162007398982138,0.01860834122571786,0.002233000947086143,-0.0034125469475481105,-0.3880212550796686,-0.38920080108013055,-0.38920080108013055,False,False,-0.39047289170960003,1.3218874176591489,-2.9262081633974213,False
3.802,-2.909921926237741,-2.0629694622888444,1.3218874176591489,-2.9262081633974213,-2.923739541865894,0.01628623715968036,0.013817615628152868,0.0016581138753783442,-0.003395965808794327,-0.3875810345152506,-0.3893188864486666,-0.3893188864486666,False,False,-0.38980262977142754,1.3160267194236543,-2.93034911774727,False
3.8040000000000003,-2.914001317256023,-2.0164106852540336,1.3160267194236543,-2.93034911774727,-2.9347495356139777,0.016347800491246733,0.020748218357954595,0.0024897862029545515,-0.0033710679467647813,-0.3871297954159401,-0.38801107715975036,-0.38801107715975036,False,False,-0.38920080108013055,1.3101579563489463,-2.934381537354035,False
3.806,-2.9179875259922867,-1.969787428581541,1.3101579563489463,-2.934381537354035,-2.933891529632686,0.01639401136174845,0.015904003640399456,0.0019084804368479345,-0.003351983142396302,-0.38666755221120536,-0.38811105491675374,-0.38811105491675374,False,False,-0.3893188864486666,1.3042811923685802,-2.938381990183047,False
3.8080000000000003,-2.9218804249778083,-1.923101183163436,1.3042811923685802,-2.938381990183047,-2.9382584780622065,0.01650156520523849,0.016378053084398214,0.0019653663701277857,-0.0033323294786950244,-0.3861943196823974,-0.3875612827909647,-0.3875612827909647,False,False,-0.38801107715975036,1.298396789294769,-2.9422015369056087,False
3.81,-2.92567988972767,-1.8763534419060204,1.298396789294769,-2.9422015369056087,-2.9388807823883143,0.016521647177938803,0.013200892660644392,0.001584107119277327,-0.003316488407502251,-0.38571011296227803,-0.387442494250503,-0.387442494250503,False,False,-0.38811105491675374,1.2925048101723684,-2.945989561200303,False
3.8120000000000003,-2.9293857987447445,-1.8295456996820305,1.2925048101723684,-2.945989561200303,-2.943877051550661,0.016603762455558613,0.014491252805916677,0.0017389503367100012,-0.0032990989041351507,-0.3852149475345347,-0.38677509610195987,-0.38677509610195987,False,False,-0.3875612827909647,1.2866054534103986,-2.9496783809848766,False
3.814,-2.9329980335235732,-1.782679453282924,1.2866054534103986,-2.9496783809848766,-2.951294441049825,0.016680347461303313,0.018296407526251723,0.0021955689031502067,-0.0032771432151036486,-0.38470883923328714,-0.3857904135452406,-0.3857904135452406,False,False,-0.387442494250503,1.2806988249889653,-2.9533142107166714,False
3.8160000000000003,-2.936516478554161,-1.7357562013709575,1.2806988249889653,-2.9533142107166714,-2.95345552665587,0.01679773216251057,0.016939048101709098,0.0020326857722050918,-0.0032568163573815975,-0.38419180424257954,-0.38541593482775605,-0.38541593482775605,False,False,-0.38677509610195987,1.2747851446016165,-2.9568401936743554,False
3.818,-2.9399410213256654,-1.688777444431292,1.2747851446016165,-2.9568401936743554,-2.9573965827043964,0.016899172348689984,0.017455561378731055,0.0020946673654477265,-0.0032358696837271202,-0.38366385909586387,-0.3848050614141433,-0.3848050614141433,False,False,-0.3857904135452406,1.2688646959658763,-2.9602243178701366,False
3.8200000000000003,-2.943271552330003,-1.6417446847239376,1.2688646959658763,-2.9602243178701366,-2.961055744657399,0.016952765540133807,0.01778419232739603,0.0021341030792875236,-0.0032145286529342448,-0.38312502067547016,-0.3842054462491169,-0.3842054462491169,False,False,-0.38541593482775605,1.2629376319039005,-2.9635320309878472,False
3.822,-2.9465079650653374,-1.5946594262358786,1.2629376319039005,-2.9635320309878472,-2.9647373157161163,0.017024065922509823,0.018229350650778908,0.002187522078093469,-0.0031926534321533103,-0.3825753062120687,-0.38358043756612853,-0.38358043756612853,False,False,-0.3848050614141433,1.2570041530587113,-2.966739422594639,False
3.8240000000000003,-2.9496501560394996,-1.5475231746327707,1.2570041530587113,-2.966739422594639,-2.968640022667964,0.017089266555139204,0.01898986662846447,0.0022787839954157363,-0.003169865592199153,-0.3820147332841163,-0.3829058148808997,-0.3829058148808997,False,False,-0.3842054462491169,1.2510644555100967,-2.969848774307309,False
3.826,-2.9526980247732877,-1.5003374372109584,1.2510644555100967,-2.969848774307309,-2.971677549049729,0.017150749534021514,0.01897952427644123,0.0022775429131729474,-0.0031470901630674237,-0.3814433198172965,-0.382312867067191,-0.382312867067191,False,False,-0.38358043756612853,1.2451187384996356,-2.9728585052305103,False
3.8280000000000003,-2.955651473803683,-1.4531037228492014,1.2451187384996356,-2.9728585052305103,-2.9731854889832414,0.017207031426827335,0.017534015179558438,0.0021040818215470125,-0.0031260493448519535,-0.3808610840839451,-0.38188305160725006,-0.38188305160725006,False,False,-0.3829058148808997,1.239167209467694,-2.975764515970784,False
3.83,-2.9585104086869665,-1.4058235419604526,1.239167209467694,-2.975764515970784,-2.974434592991454,0.01725410728381771,0.01592418430448772,0.0019109021165385264,-0.0031069403236865683,-0.3802680447024666,-0.38146408290961464,-0.38146408290961464,False,False,-0.382312867067191,1.233210056471478,-2.978576498107994,False
3.8320000000000003,-2.96127473800174,-1.358498406443501,1.233210056471478,-2.978576498107994,-2.9791188734206466,0.017301760106253727,0.017844135418906504,0.0021412962502687805,-0.0030855273611838803,-0.3796642206367376,-0.3806084517476527,-0.3806084517476527,False,False,-0.38188305160725006,1.227247431340973,-2.9813125652525354,False
3.834,-2.9639443733518487,-1.3111298296347145,1.227247431340973,-2.9813125652525354,-2.982482466019146,0.017368191900686725,0.018538092667297335,0.00222457112007568,-0.0030632816499831235,-0.379049631195502,-0.3798883417254094,-0.3798883417254094,False,False,-0.38146408290961464,1.22127948196572,-2.9839746876264024,False
3.8360000000000003,-2.9665192293692053,-1.2637193262595856,1.22127948196572,-2.9839746876264024,-2.9808949236652307,0.017455458257197076,0.014375694296025365,0.0017250833155230438,-0.003046030816827893,-0.3784242960317525,-0.37974524353305733,-0.37974524353305733,False,False,-0.3806084517476527,1.2153064460463068,-2.98651795970659,False
3.838,-2.968999223716524,-1.2162684123843273,1.2153064460463068,-2.98651795970659,-2.986249145029121,0.017518735990065704,0.01724992131259695,0.002069990557511634,-0.0030253309112527765,-0.3777882351421025,-0.37874357549584364,-0.37874357549584364,False,False,-0.3798883417254094,1.2093285302921188,-2.9889578770939362,False
3.84,-2.9713842770899532,-1.1687786053673308,1.2093285302921188,-2.9889578770939362,-2.987828480735248,0.017573600003983003,0.016444203645294753,0.0019733044374353704,-0.003005597866878423,-0.37714146886614636,-0.3781737622955894,-0.3781737622955894,False,False,-0.37974524353305733,1.2033458183141483,-2.991355988985278,False
3.842,-2.9736743132216077,-1.1212514238107352,1.2033458183141483,-2.991355988985278,-2.990609376933009,0.017681675763670412,0.016935063711401188,0.0020322076453681425,-0.002985275790424741,-0.3764840178858094,-0.37743708603086595,-0.37743708603086595,False,False,-0.37874357549584364,1.1973585725882365,-2.993622862955872,False
3.844,-2.9758692588820095,-1.0736883875118073,1.1973585725882365,-2.993622862955872,-2.9940821731430454,0.017753604073862395,0.018212914261035884,0.002185549711324306,-0.002963420293311498,-0.37581590322468633,-0.3765937738066735,-0.3765937738066735,False,False,-0.3781737622955894,1.1913669622745542,-2.9958051568411705,False
3.846,-2.9779690438824313,-1.026091017414355,1.1913669622745542,-2.9958051568411705,-3.0003396656581316,0.017836112958739214,0.02237062177570026,0.002684474613084031,-0.002936575547180658,-0.375137146247369,-0.3753892471814656,-0.3753892471814656,False,False,-0.37743708603086595,1.185371189614643,-2.9978863299555987,False
3.848,-2.979973601077139,-0.978460835560109,1.185371189614643,-2.9978863299555987,-2.999024030943282,0.01791272887845974,0.019050429866143137,0.0022860515839371763,-0.0029137150313412862,-0.3744477686587635,-0.3750754321061676,-0.3750754321061676,False,False,-0.3765937738066735,1.1793714769562162,-2.9998563292134177,False
3.85,-2.981882866365539,-0.9307993650399906,1.1793714769562162,-2.9998563292134177,-3.000934384754778,0.017973462847878707,0.019051518389238797,0.0022861822067086557,-0.0028908532092741996,-0.373747792503395,-0.3743524635059606,-0.3743524635059606,False,False,-0.3753892471814656,1.1733681198406989,-3.0016785577586473,False
3.852,-2.9836967786942283,-0.8831081299454974,1.1733681198406989,-3.0016785577586473,-3.000069180405506,0.017981779064419,0.01637240171127763,0.0019646882053533155,-0.0028712063272206666,-0.3730372401647044,-0.3739437582865718,-0.3739437582865718,False,False,-0.3750754321061676,1.167361224046012,-3.0034478973434093,False
3.854,-2.9854152800589473,-0.8353886553199064,1.167361224046012,-3.0034478973434093,-3.0030666801158348,0.018032617284462038,0.01765140005688748,0.0021181680068264974,-0.0028500246471524016,-0.37231613436433153,-0.3730479910046574,-0.3730479910046574,False,False,-0.3743524635059606,1.1613509798637196,-3.0051220911462235,False
3.856,-2.987038315506432,-0.7876424671095372,1.1613509798637196,-3.0051220911462235,-3.004446983847391,0.018083775639791355,0.017408668340958666,0.0020890402009150397,-0.0028291342451432513,-0.371584498161389,-0.3723245922056172,-0.3723245922056172,False,False,-0.3739437582865718,1.1553375096868523,-3.0067350884335817,False
3.858,-2.9885658331361773,-0.7398710921148968,1.1553375096868523,-3.0067350884335817,-3.0042584772233347,0.01816925529740443,0.015692644087157426,0.001883117290458891,-0.002810303072238662,-0.37084235495172413,-0.3717695407335039,-0.3717695407335039,False,False,-0.3730479910046574,1.149321036553429,-3.008236566711704,False
3.86,-2.9899977841020897,-0.6920760579419455,1.149321036553429,-3.008236566711704,-3.0110282500587693,0.0182387826096142,0.021030465956679567,0.002523655914801548,-0.002785066513090647,-0.370089728467172,-0.3703511390654611,-0.3703511390654611,False,False,-0.3723245922056172,1.1433017449556464,-3.009645798891252,False
3.862,-2.9913341226140524,-0.6442588929531885,1.1433017449556464,-3.009645798891252,-3.012087925310261,0.018311676277199762,0.020753802696208634,0.002490456323545036,-0.0027601619498551964,-0.3693266427747954,-0.36959634840110556,-0.36959634840110556,False,False,-0.3717695407335039,1.1372797821056606,-3.0109814249928815,False
3.864,-2.9925748059393906,-0.5964211262188178,1.1372797821056606,-3.0109814249928815,-3.0123044702107475,0.018406619053490836,0.019729664271356917,0.00236755971256283,-0.002736486352729568,-0.3685531222761162,-0.36892204891628294,-0.36892204891628294,False,False,-0.3703511390654611,1.1312554743822822,-3.0121538616892085,False
3.866,-2.993719794404236,-0.5485642874678159,1.1312554743822822,-3.0121538616892085,-3.010885156661283,0.018434067284972322,0.0171653622570469,0.002059843470845628,-0.0027158879180211115,-0.3677691917063342,-0.3684252361535097,-0.3684252361535097,False,False,-0.36959634840110556,1.1252290056165295,-3.0132343828763712,False
3.868,-2.9947690513947975,-0.5006899070390554,1.1252290056165295,-3.0132343828763712,-3.014067330399229,0.0184653314815737,0.019298279004431595,0.0023157934805317915,-0.0026927299832157935,-0.36697487613353713,-0.36735181263622113,-0.36735181263622113,False,False,-0.36892204891628294,1.119200540763674,-3.0142324264277085,False
3.87,-2.995722543358529,-0.4527995158323003,1.119200540763674,-3.0142324264277085,-3.013060959947065,0.018509883069179445,0.017338416588535743,0.002080609990624289,-0.0026719238833095506,-0.36617020095789743,-0.36676151485058267,-0.36676151485058267,False,False,-0.3684252361535097,1.1131702057999409,-3.015167481866581,False
3.872,-2.9965802398052057,-0.4048946452593445,1.1131702057999409,-3.015167481866581,-3.0153197760415313,0.018587242061375076,0.018739536236325627,0.002248744348359075,-0.0026494364398259597,-0.36535519191086185,-0.3657558840023287,-0.3657558840023287,False,False,-0.36735181263622113,1.1071382460585946,-3.015979870673159,False
3.874,-2.9973421133078966,-0.35697682719497914,1.1071382460585946,-3.015979870673159,-3.0145996390586385,0.01863775736526252,0.01725752575074191,0.002070903090089029,-0.0026287274089250696,-0.3645298750543277,-0.36508769937316377,-0.36508769937316377,False,False,-0.36676151485058267,1.1011048030095898,-3.0167215245024095,False
3.876,-2.9980081395038427,-0.30904759392803816,1.1011048030095898,-3.0167215245024095,-3.0175083008137578,0.018713384998566784,0.019500161309915054,0.0023400193571898064,-0.0026053272153531717,-0.3636942767798098,-0.3639595846379732,-0.3639595846379732,False,False,-0.3657558840023287,1.0950701035381365,-3.017349735726697,False
3.878,-2.9985782970952357,-0.2611084781123242,1.0950701035381365,-3.017349735726697,-3.018851663243566,0.018771438631461468,0.020273366148330307,0.002432803937799637,-0.0025809991759751755,-0.36284842380759513,-0.3629966190457707,-0.3629966190457707,False,False,-0.36508769937316377,1.0890343013741475,-3.0179010819944785,False
3.88,-2.9990525678499,-0.2131610127177637,1.0890343013741475,-3.0179010819944785,-3.0134087845783037,0.018848514144578665,0.014356216728403925,0.001722746007408471,-0.002563771715901091,-0.3619923431858915,-0.3628333688943841,-0.3628333688943841,False,False,-0.3639595846379732,1.0829976448666065,-3.018328253770427,False
3.882,-2.999430936601874,-0.16520673098117591,1.0829976448666065,-3.018328253770427,-3.020394025120345,0.018897317168552696,0.02096308851847084,0.002515570622216501,-0.0025386160096789257,-0.3611260622899592,-0.36114910767742164,-0.36114910767742164,False,False,-0.3629966190457707,1.0769603450521463,-3.0186499072300848,False
3.884,-2.999713391251896,-0.11724716635740944,1.0769603450521463,-3.0186499072300848,-3.015566867585207,0.018936515978188684,0.015853476333310912,0.0019024171599973095,-0.0025195918380789524,-0.3602496088212374,-0.36086678349931905,-0.36086678349931905,False,False,-0.3628333688943841,1.0709224431874282,-3.0189509323590853,False
3.886,-2.999899922767792,-0.06928385247023089,1.0709224431874282,-3.0189509323590853,-3.017705190151669,0.019051009591293244,0.017805267383876888,0.0021366320860652264,-0.0024982255172183,-0.35936301080645855,-0.3597246042376116,-0.3597246042376116,False,False,-0.36114910767742164,1.064884298574389,-3.0190723065196914,False
3.888,-2.9999905251847623,-0.021318323063313865,1.064884298574389,-3.0190723065196914,-3.0182041223806837,0.019081781334929104,0.018213597195921416,0.00218563166351057,-0.0024763692005831946,-0.35846629659675133,-0.358757034133824,-0.358757034133824,False,False,-0.36086678349931905,1.0588459730001927,-3.0191627870981312,False
3.89,-2.9999851956055745,0.026647888048866638,1.0588459730001927,-3.0191627870981312,-3.0191315545034385,0.01917759149255671,0.01914635889786398,0.0022975630677436773,-0.002453393569905758,-0.357559494866734,-0.35771532536889605,-0.35771532536889605,False,False,-0.3597246042376116,1.0528077076259013,-3.0191326871457496,False
3.892,-2.9998839342006547,0.07461324702999124,1.0528077076259013,-3.0191326871457496,-3.0189553110287033,0.01924875294509487,0.019071376828048603,0.002288565219365832,-0.0024305079177120996,-0.35664263461359835,-0.35678457731194463,-0.35678457731194463,False,False,-0.358757034133824,1.0467697043983237,-3.019001613788791,False
3.894,-2.999686744208083,0.12257622007100458,1.0467697043983237,-3.019001613788791,-3.0195322713203283,0.019314869580708383,0.01984552711224552,0.0023814632534694623,-0.002406693285177405,-0.35571574515618176,-0.3557409751878897,-0.3557409751878897,False,False,-0.35771532536889605,1.0407321785687655,-3.018762914779101,False
3.896,-2.999393631933489,0.17053527343913247,1.0407321785687655,-3.018762914779101,-3.0213690122395205,0.019369282845612013,0.02197538030603141,0.0026370456367237694,-0.002380322828810167,-0.35477885613403004,-0.35452213332611643,-0.35452213332611643,False,False,-0.35678457731194463,1.034695319787066,-3.0184293908497355,False
3.898,-2.9990046067498506,0.2184888735270021,1.034695319787066,-3.0184293908497355,-3.0180465545298283,0.019424784099884906,0.019041947779977697,0.0022850337335973236,-0.0023574724914741936,-0.35383199750644834,-0.3539044362643252,-0.3539044362643252,False,False,-0.3557409751878897,1.0286593392497307,-3.017990268667654,False
3.9,-2.9985196810971946,0.2664354869015171,1.0286593392497307,-3.017990268667654,-3.0180764135215195,0.019470587570459497,0.019556732424324874,0.0023468078909189847,-0.0023340044125650036,-0.35287519955154617,-0.3528623960731922,-0.3528623960731922,False,False,-0.35452213332611643,1.0226244825265816,-3.0174283615746167,False
3.902,-2.997938870482199,0.3143735803531036,1.0226244825265816,-3.0174283615746167,-3.0180617384840236,0.019489491092417488,0.02012286800182439,0.0024147441602189266,-0.0023098569709628144,-0.35190849286526527,-0.35180360567600916,-0.35180360567600916,False,False,-0.3539044362643252,1.0165908666084058,-3.016807959087893,False
3.904,-2.997262193477696,0.36230162094457286,1.0165908666084058,-3.016807959087893,-3.0148853407866296,0.01954576561019694,0.01762314730893344,0.0021147776770720126,-0.002288709194192094,-0.35093190836040417,-0.35110583987752425,-0.35110583987752425,False,False,-0.3528623960731922,1.0105586960570598,-3.0160852756730034,False
3.906,-2.9964896717220793,0.41021807606021593,1.0105586960570598,-3.0160852756730034,-3.0175843460871907,0.01959560395092419,0.021094674365111477,0.0025313609238133772,-0.0022633955849539603,-0.34994547726562847,-0.34967751192676905,-0.34967751192676905,False,False,-0.35180360567600916,1.0045281766930387,-3.015259682010513,False
3.908,-2.9956213299186123,0.45812141345478236,1.0045281766930387,-3.015259682010513,-3.012590201693967,0.01963835209190057,0.016968871775354888,0.0020362646130425866,-0.0022430329388235344,-0.3489492311244729,-0.34915599945025383,-0.34915599945025383,False,False,-0.35110583987752425,0.9984994364758163,-3.014370108611193,False
3.91,-2.9946571958346353,0.5060101013025381,0.9984994364758163,-3.014370108611193,-3.0172429511103602,0.019712912776557623,0.022585755275724928,0.0027102906330869914,-0.0022159300324926644,-0.34794320179433097,-0.34744884119373665,-0.34744884119373665,False,False,-0.34967751192676905,0.9924727549374359,-3.0133407691901923,False
3.912,-2.993597300300683,0.5538826082461588,0.9924727549374359,-3.0133407691901923,-3.0115959140601745,0.019743468889509508,0.017998613759491633,0.002159833651138996,-0.0021943316959812747,-0.34692742144543864,-0.34696191949028093,-0.34696191949028093,False,False,-0.34915599945025383,0.986448218650283,-3.0122681435764855,False
3.914,-2.992441677209493,0.6017374034457588,0.986448218650283,-3.0122681435764855,-3.011759691033374,0.0198264663669927,0.01931801382388132,0.0023181616588657584,-0.002171150079392617,-0.34590192255984403,-0.34575491098037087,-0.34575491098037087,False,False,-0.34744884119373665,0.9804261615085462,-3.0110285708683704,False
3.916,-2.9911903635149253,0.6495729566278138,0.9804261615085462,-3.0110285708683704,-3.009975269068062,0.019838207353445103,0.01878490555313661,0.002254188666376393,-0.0021486081927288535,-0.34486673793036926,-0.3447611574567217,-0.3447611574567217,False,False,-0.34696191949028093,0.974406658218937,-3.009751644804593,False
3.918,-2.9898433992307796,0.6973877381341697,0.974406658218937,-3.009751644804593,-3.007956480625641,0.01990824557381332,0.018113081394861563,0.0021735697673833875,-0.0021268724950550197,-0.34382190065956064,-0.3437752033872323,-0.3437752033872323,False,False,-0.34575491098037087,0.9683899334526377,-3.0083623831496453,False
3.92,-2.9884008274295173,0.7451802189707921,0.9683899334526377,-3.0083623831496453,-3.0107407922041105,0.019961555720128032,0.022339964774593213,0.0026807957729511854,-0.002100064537325508,-0.34276744415863336,-0.3421867129230077,-0.3421867129230077,False,False,-0.3447611574567217,0.9623761647554452,-3.00688434859623,False
3.922,-2.986862694240881,0.79294887085687,0.9623761647554452,-3.00688434859623,-3.007797578685699,0.02002165435534886,0.020934884444817836,0.00251218613337814,-0.0020749426759917263,-0.34170340214639866,-0.3412661586890122,-0.3412661586890122,False,False,-0.3437752033872323,0.9563655260881111,-3.00531933366706,False
3.924,-2.985229048850421,0.8406921662735212,0.9563655260881111,-3.00531933366706,-3.0042632192530156,0.02009028481663888,0.019034170402594697,0.0022841004483113636,-0.002052101671508613,-0.34062980864818887,-0.3403978098713861,-0.3403978098713861,False,False,-0.3421867129230077,0.950358315669724,-3.0036052091935517,False
3.926,-2.983499943497924,0.8884085785127129,0.950358315669724,-3.0036052091935517,-3.003888327832165,0.02010526569562776,0.02038838433424095,0.0024466061201089137,-0.0020276356103075236,-0.33954669799476833,-0.33912772748496695,-0.33912772748496695,False,False,-0.3412661586890122,0.9443546885754533,-3.00181354713528,False
3.928,-2.981675433475741,0.9360965817260526,0.9443546885754533,-3.00181354713528,-3.0000705772626266,0.02013811365953888,0.01839514378688545,0.0022074172544262536,-0.002005561437763261,-0.33845410482123583,-0.33825224900457285,-0.33825224900457285,False,False,-0.3403978098713861,0.938354787243871,-2.999950665791164,False
3.93,-2.9797555771270186,0.9837546509736403,0.938354787243871,-2.999950665791164,-2.998272487344155,0.020195088664145544,0.018516910217136306,0.0022220292260563567,-0.001983341145502697,-0.33735206406591567,-0.337113375985362,-0.337113375985362,False,False,-0.33912772748496695,0.9323588366704293,-2.997975286720834,False
3.932,-2.9777404358438346,1.0313812622727427,0.9323588366704293,-2.997975286720834,-2.999522685319931,0.02023485087699939,0.021782249476096194,0.002613869937131543,-0.0019572024461313817,-0.3362406109692427,-0.3355839434782425,-0.3355839434782425,False,False,-0.33825224900457285,0.9263669767472725,-2.995929961578391,False
3.934,-2.975630074065234,1.078974892646586,0.9263669767472725,-2.995929961578391,-2.9945473471875546,0.02029988751315681,0.01891727312232039,0.0022700727746784465,-0.0019345017183845972,-0.3351197810726337,-0.33478421001633984,-0.33478421001633984,False,False,-0.337113375985362,0.9203794009833075,-2.993787881982493,False
3.936,-2.973424559275171,1.1265340201730258,0.9203794009833075,-2.993787881982493,-2.9898709269670984,0.020363322707321885,0.01644636769192731,0.001973564123031277,-0.0019147660771542843,-0.3339896102173523,-0.3339308121714753,-0.3339308121714753,False,False,-0.3355839434782425,0.9143963825430358,-2.9915092201358604,False
3.938,-2.9711239620003447,1.1740571240332918,0.9143963825430358,-2.9915092201358604,-2.990176473338615,0.020385258135515727,0.01905251133827024,0.0022863013605924284,-0.00189190306354836,-0.33285013454336015,-0.3324557362463161,-0.3324557362463161,False,False,-0.33478421001633984,0.9084180387893791,-2.989171876828352,False
3.94,-2.9687283558079534,1.2215426845604513,0.9084180387893791,-2.989171876828352,-2.991385365979969,0.020443521020398592,0.022657010172015823,0.002718841220641899,-0.001864714651341941,-0.33170139048816577,-0.3308472639188658,-0.3308472639188658,False,False,-0.3339308121714753,0.902444497032324,-2.9867708785275755,False
3.942,-2.9662378173033304,1.2689891832882174,0.902444497032324,-2.9867708785275755,-2.986665642368309,0.02053306122424514,0.020427825064978755,0.0024513390077974505,-0.0018402012612639665,-0.3305434147856541,-0.3299322770391206,-0.3299322770391206,False,False,-0.3324557362463161,0.8964760133613057,-2.984241835509179,False
3.944,-2.9636524261275063,1.3163951029993384,0.8964760133613057,-2.984241835509179,-2.982355603074402,0.020589409381672752,0.018703176946895717,0.002244381233627486,-0.0018177574489276916,-0.32937624446491615,-0.3289496206802163,-0.3289496206802163,False,False,-0.3308472639188658,0.8905128689835767,-2.981572188864454,False
3.946,-2.9609722649546537,1.3637589277741913,0.8905128689835767,-2.981572188864454,-2.9821068070747456,0.020599923909800477,0.021134542120091915,0.0025361450544110296,-0.0017923959983835813,-0.3281999168490627,-0.32745616779303527,-0.32745616779303527,False,False,-0.3299322770391206,0.8845551967994987,-2.9788360920390384,False
3.948,-2.958197419489448,1.411079143039225,0.8845551967994987,-2.9788360920390384,-2.979267586096985,0.02063867254959062,0.021070166607537022,0.0025284199929044428,-0.001767111798454537,-0.3270144695540315,-0.3262531613595816,-0.3262531613595816,False,False,-0.3289496206802163,0.8786031424183463,-2.9760271905762385,False
3.95,-2.955327978464322,1.4583542356154544,0.8786031424183463,-2.9760271905762385,-2.97205101093038,0.0206992121119165,0.016723032466058108,0.0020067638959269728,-0.0017470441594952672,-0.32581994048738355,-0.32556022075095187,-0.32556022075095187,False,False,-0.32745616779303527,0.8726569568091379,-2.9730928046041702,False
3.952,-2.9523640336366355,1.505582693766757,0.8726569568091379,-2.9730928046041702,-2.974899857923271,0.020728770967534782,0.022535824286635364,0.0027042989143962436,-0.0017200011703513048,-0.32461636784709236,-0.3236320701030474,-0.3236320701030474,False,False,-0.3262531613595816,0.8667168273625542,-2.970064723291879,False
3.954,-2.949305679785735,1.5527630072482739,0.8667168273625542,-2.970064723291879,-2.967163776958585,0.020759043506143993,0.017858097172849696,0.0021429716607419633,-0.0016985714537438852,-0.32340379012032144,-0.32295938991332335,-0.32295938991332335,False,False,-0.32556022075095187,0.8607828326017157,-2.9669973804192127,False
3.956,-2.946153014709928,1.5998936673546753,0.8607828326017157,-2.9669973804192127,-2.9653622766893246,0.020844365709284496,0.01920926197939643,0.0023051114375275713,-0.0016755203393686094,-0.32218224608219426,-0.3215526549840353,-0.3215526549840353,False,False,-0.3236320701030474,0.8548553088387632,-2.9637618814763163,False
3.958,-2.9429061392233478,1.6469731669684777,0.8548553088387632,-2.9637618814763163,-2.963903753588728,0.02085574225296849,0.02099761436538028,0.0025197137238456334,-0.001650323202130153,-0.3209517747945524,-0.3200823842728369,-0.3200823842728369,False,False,-0.32295938991332335,0.8489343257938184,-2.960491522472357,False
3.96,-2.939565157152741,1.6940000006080747,0.8489343257938184,-2.960491522472357,-2.9625633491769556,0.020926365319616114,0.022998192024214603,0.0027597830429057523,-0.0016227253717010955,-0.3197124156047105,-0.31857535793350583,-0.31857535793350583,False,False,-0.3215526549840353,0.8430201061311717,-2.9571098313233497,False
3.962,-2.9361301753341356,1.740972664476087,0.8430201061311717,-2.9571098313233497,-2.9542205567491555,0.02097965598921414,0.01809038141501995,0.002170845769802394,-0.0016010169140030716,-0.3184642081441931,-0.31789437928839376,-0.31789437928839376,False,False,-0.3200823842728369,0.8371128833716157,-2.953611379777996,False
3.964,-2.9326013036094336,1.787889656507286,0.8371128833716157,-2.953611379777996,-2.953766181383755,0.02101007616856254,0.02116487777432141,0.002539785332918569,-0.001575619060673886,-0.31720719232747085,-0.3162430260552262,-0.3162430260552262,False,False,-0.31857535793350583,0.8312128961653465,-2.949993603134597,False
3.966,-2.9289786548228944,1.8347494764166998,0.8312128961653465,-2.949993603134597,-2.9482755029971885,0.021014948311702586,0.019296848174294112,0.0023156217809152933,-0.001552462842864733,-0.31594140835068313,-0.31517824941263256,-0.31517824941263256,False,False,-0.31789437928839376,0.8253202075650616,-2.9463443001424636,False
3.968,-2.9252623448175283,1.8815506257475603,0.8253202075650616,-2.9463443001424636,-2.94579127367946,0.021081955324935286,0.020528928861931472,0.0024634714634317765,-0.0015278281282304152,-0.3146668966903525,-0.3137312533551512,-0.3137312533551512,False,False,-0.3162430260552262,0.8194350831261629,-2.9425622194493797,False
3.97,-2.9214524924313867,1.928291607919278,0.8194350831261629,-2.9425622194493797,-2.946987528477428,0.021109727017992963,0.02553503604604135,0.0030642043255249616,-0.0014971860849751655,-0.31338369810208955,-0.31181667986153977,-0.31181667986153977,False,False,-0.31517824941263256,0.8135576626558814,-2.9387102351407717,False
3.972,-2.9175492194937713,1.97497092827521,0.8135576626558814,-2.9387102351407717,-2.935113051512429,0.021161015647000347,0.01756383201865752,0.0021076598422389023,-0.0014761094865527766,-0.3120918536192916,-0.31146030326360546,-0.31146030326360546,False,False,-0.3137312533551512,0.807688164461004,-2.9347490974387074,False
3.974,-2.913552650821331,2.0215870941305147,0.807688164461004,-2.9347490974387074,-2.9322551178047545,0.021196446617376186,0.01870246698342326,0.0022442960380107914,-0.0014536665261726687,-0.31079140455182913,-0.310000775039991,-0.310000775039991,False,False,-0.31181667986153977,0.8018269023588108,-2.9306310510965723,False
3.976,-2.9094629142140733,2.0681386148198557,0.8018269023588108,-2.9306310510965723,-2.9302416952192956,0.021168136882498967,0.020778781005222235,0.0024934537206266682,-0.001428731988966402,-0.30948239248472537,-0.3084176707530651,-0.3084176707530651,False,False,-0.31146030326360546,0.795973860431121,-2.9265209638449097,False
3.978,-2.905280140451274,2.11462400174514,0.795973860431121,-2.9265209638449097,-2.925557401750367,0.021240823393635644,0.02027726129909313,0.0024332713558911753,-0.0014043992754074902,-0.3081648592768251,-0.3071359871963414,-0.3071359871963414,False,False,-0.310000775039991,0.7901292539340561,-2.922303248532449,False
3.98,-2.9010044632873058,2.1610417684229617,0.7901292539340561,-2.922303248532449,-2.919386526713208,0.021298785245143392,0.018382063425902206,0.0022058476111082646,-0.0013823407992964076,-0.3068388470594597,-0.3060153402476478,-0.3060153402476478,False,False,-0.3084176707530651,0.7842933216340816,-2.917966149987216,False
3.982,-2.8966360194473446,2.207390430532338,0.7842933216340816,-2.917966149987216,-2.9176615691504426,0.021330130539871206,0.021025549703098,0.00252306596437176,-0.00135711013965269,-0.30550439823509484,-0.3043384424103758,-0.3043384424103758,False,False,-0.3071359871963414,0.7784662365554664,-2.913542539307603,False
3.984,-2.8921749486230124,2.253668505962015,0.7784662365554664,-2.913542539307603,-2.915673253318728,0.02136759068459071,0.023498304695715788,0.0028197965634858945,-0.001328912174017831,-0.304161555475979,-0.30267067108651097,-0.30267067108651097,False,False,-0.3060153402476478,0.7726481360993704,-2.9090502280479713,False
3.986,-2.887621393467903,2.2998745148579354,0.7726481360993704,-2.9090502280479713,-2.908553106194346,0.02142883458006839,0.02093171272644323,0.0025118055271731877,-0.0013037941187460992,-0.3028103617227765,-0.3016023503143494,-0.3016023503143494,False,False,-0.3043384424103758,0.7668392726350497,-2.9044317321603494,False
3.988,-2.8829754995930226,2.3460069796705274,0.7668392726350497,-2.9044317321603494,-2.905051923460758,0.02145623256732687,0.02207642386773534,0.0026491708641282405,-0.0012773024101048168,-0.30145086018319545,-0.300078991729172,-0.300078991729172,False,False,-0.30267067108651097,0.7610398938462599,-2.8996893943948687,False
3.99,-2.878237415562129,2.392064425202016,0.7610398938462599,-2.8996893943948687,-2.8985644756593723,0.021451978832739638,0.020327060097243166,0.00243924721166918,-0.001252909937988125,-0.3000830943306047,-0.29889675705692365,-0.29889675705692365,False,False,-0.3016023503143494,0.7552501191692574,-2.894887338501232,False
3.992,-2.8734072928869883,2.438045378653505,0.7552501191692574,-2.894887338501232,-2.891594238748219,0.02148004561424388,0.018186945861230708,0.002182433503347685,-0.0012310856029546483,-0.2987071079026455,-0.29775576000225246,-0.29775576000225246,False,False,-0.300078991729172,0.7494701620119322,-2.8899785786626313,False
3.994,-2.868485286022525,2.483948369672135,0.7494701620119322,-2.8899785786626313,-2.8941113653568005,0.021493292640106354,0.02562607933427552,0.0030751295201130622,-0.0012003343077535177,-0.2973229448998317,-0.29544814968747213,-0.29544814968747213,False,False,-0.29889675705692365,0.7437001620049327,-2.885000003499742,False
3.996,-2.8634715523618857,2.529771930398069,0.7437001620049327,-2.885000003499742,-2.8877406983935505,0.021528451137856397,0.024269146031664857,0.0029122975237997825,-0.0011712113325155198,-0.29593064958414356,-0.2941895633928593,-0.2941895633928593,False,False,-0.29775576000225246,0.7379402486087493,-2.8799566980917173,False
3.998,-2.8583662522313977,2.5755145955115055,0.7379402486087493,-2.8799566980917173,-2.8781029212734808,0.02159044586031955,0.019736669042083044,0.002368400285049965,-0.00114752732966502,-0.29453026647760994,-0.293309393522225,-0.293309393522225,False,False,-0.29544814968747213,0.732190794148788,-2.8747272299806665,False
4.0,-2.8531695488854614,2.6211749022793764,0.732190794148788,-2.8747272299806665,-2.8794669911181643,0.021557681095205172,0.026297442232702917,0.00315569306792435,-0.0011159703989857765,-0.2931218403608897,-0.2910821176919511,-0.2910821176919511,False,False,-0.2941895633928593,0.7264519471922893,-2.869423478249314,False
4.002,-2.847881608501306,2.666751390602307,0.7264519471922893,-2.869423478249314,-2.8673397482659677,0.021541869748008313,0.01945813976466182,0.0023349767717594184,-0.0010926206312681824,-0.29170541627183366,-0.29046306013134243,-0.29046306013134243,False,False,-0.293309393522225,0.7207237754330463,-2.8640858796215136,False
4.0040000000000004,-2.8425026001736877,2.7122426030612226,0.7207237754330463,-2.8640858796215136,-2.862876725850417,0.021583279447825898,0.02037412567672936,0.0024448950812075232,-0.0010681716804561072,-0.2902810395040476,-0.2889043161032962,-0.2889043161032962,False,False,-0.2910821176919511,0.7150066279038638,-2.8585737645912626,False
4.006,-2.8370326959094907,2.7576470849638794,0.7150066279038638,-2.8585737645912626,-2.858649064399215,0.021541068681771858,0.02161636848972437,0.002593964218766924,-0.001042232038268438,-0.28884875560544543,-0.28729702342494695,-0.28729702342494695,False,False,-0.29046306013134243,0.7093005130404983,-2.853057431682758,False
4.008,-2.8314720706222127,2.8029633843914983,0.7093005130404983,-2.853057431682758,-2.854022438356458,0.021585361060545427,0.022550367734245125,0.002706044128109415,-0.001015171596987344,-0.2874086103767897,-0.2857177378456677,-0.2857177378456677,False,False,-0.2889043161032962,0.7036056359557659,-2.847438542366223,False
4.01,-2.825820902126372,2.8481900522451755,0.7036056359557659,-2.847438542366223,-2.84764507688471,0.02161764023985091,0.02182417475833809,0.0026189009710005707,-0.0009889825872773383,-0.2859606498702271,-0.2843307314865039,-0.2843307314865039,False,False,-0.28729702342494695,0.6979222096736402,-2.841713141062868,False
4.0120000000000005,-2.8200793711318317,2.8933256422921687,0.6979222096736402,-2.841713141062868,-2.839934953684221,0.021633769931036273,0.019855582552389173,0.0023826699062867007,-0.0009651558882144714,-0.28450492038781783,-0.2830874063697456,-0.2830874063697456,False,False,-0.2857177378456677,0.692250439011552,-2.835885331044055,False
4.014,-2.81424766123802,2.938368711212127,0.692250439011552,-2.835885331044055,-2.8352730811284905,0.02163766980603521,0.021025419890470687,0.0025230503868564824,-0.0009399253843459065,-0.2830414684800553,-0.2814583434775447,-0.2814583434775447,False,False,-0.2843307314865039,0.6865904862721218,-2.829976369715089,False
4.016,-2.8083259589280454,2.983317818643357,0.6865904862721218,-2.829976369715089,-2.8304028696570986,0.02165041078704366,0.022076910729053267,0.002649229287486392,-0.0009134330914710426,-0.2815703409443739,-0.27983454474835856,-0.27983454474835856,False,False,-0.2830874063697456,0.6809424818869327,-2.8240021925945573,False
4.018,-2.802314453562746,3.0281715272288,0.6809424818869327,-2.8240021925945573,-2.824192570982375,0.021687739031811315,0.021878117419629195,0.0026253740903555032,-0.0008871793505674876,-0.2800915848236556,-0.27835339008386756,-0.27835339008386756,False,False,-0.2814583434775447,0.6753066356269373,-2.817923129997755,False
4.0200000000000005,-2.7962133373746316,3.072928402661993,0.6753066356269373,-2.817923129997755,-2.820603795793922,0.02170979262312356,0.02439045841929044,0.0029268550103148526,-0.000857910800464339,-0.2786052474047251,-0.2765363031948746,-0.2765363031948746,False,False,-0.27983454474835856,0.6696831538546647,-2.811740886136283,False
4.022,-2.7900228054617418,3.1175870137329067,0.6696831538546647,-2.811740886136283,-2.8132243648897033,0.021718080674541174,0.023201559427961538,0.0027841871313553845,-0.0008300689291507852,-0.2771113762168391,-0.27515725801463453,-0.27515725801463453,False,False,-0.27835339008386756,0.6640722107944204,-2.8054715301221544,False
4.024,-2.783743055781392,3.1621459323738366,0.6640722107944204,-2.8054715301221544,-2.8072551657276077,0.021728474340762638,0.023512109946215887,0.002821453193545906,-0.0008018543972153261,-0.27561001903016225,-0.2735904202338317,-0.2735904202338317,False,False,-0.2765363031948746,0.6584740490991918,-2.799080847614287,False
4.026,-2.77737428914386,3.2066037337049185,0.6584740490991918,-2.799080847614287,-2.801333187175829,0.02170655847042724,0.023958898031969156,0.0028750677638362987,-0.0007731037195769631,-0.27410122385424424,-0.2719992598099849,-0.2719992598099849,False,False,-0.27515725801463453,0.6528888170286902,-2.7926160352508362,False
4.0280000000000005,-2.770916709205948,3.2509589960798273,0.6528888170286902,-2.7926160352508362,-2.7945152281797214,0.021699326044888334,0.02359851897377352,0.0028318222768528222,-0.000744785496808435,-0.27258503893648034,-0.27049800215643593,-0.27049800215643593,False,False,-0.2735904202338317,0.6473167005363989,-2.7860582461456254,False
4.03,-2.7643705224644957,3.295210301131076,0.6473167005363989,-2.7860582461456254,-2.7836574084869863,0.0216877236811297,0.019286886022490624,0.0023144263226988746,-0.0007216412335814463,-0.27106151276057433,-0.2694687276714569,-0.2694687276714569,False,False,-0.2719992598099849,0.6417578886246749,-2.779405955861988,False
4.032,-2.7577359382497444,3.3393562338155616,0.6417578886246749,-2.779405955861988,-2.7766149435912197,0.02167001761224352,0.018879005341475352,0.002265480640977042,-0.0006989864271716758,-0.2695306940449809,-0.26796419983117553,-0.26796419983117553,False,False,-0.27049800215643593,0.6362125493924958,-2.772669616089545,False
4.034,-2.751013168718671,3.3833953824596485,0.6362125493924958,-2.772669616089545,-2.7757030179960593,0.021656447370874243,0.024689849277388376,0.002962781913286605,-0.0006693586080388097,-0.2679926317413541,-0.26569920843610634,-0.26569920843610634,False,False,-0.2694687276714569,0.6306807502578483,-2.7658995673237774,False
4.0360000000000005,-2.7442024288481814,3.4273263388044524,0.6306807502578483,-2.7658995673237774,-2.7629099979219944,0.021697138475595956,0.01870756907381299,0.002244908288857559,-0.0006469095251502342,-0.2664473750329768,-0.26484937626926947,-0.26484937626926947,False,False,-0.26796419983117553,0.6251626574153366,-2.759046421255872,False
4.038,-2.73730393642826,3.4711476980507157,0.6251626574153366,-2.759046421255872,-2.7624085245868137,0.021742484827611985,0.025104588158553653,0.0030125505790264385,-0.0006167840193599698,-0.2648949733331932,-0.2624992067735267,-0.2624992067735267,False,False,-0.26569920843610634,0.6196585944731341,-2.7520314711012297,False
4.04,-2.7303179120549874,3.514858058903857,0.6196585944731341,-2.7520314711012297,-2.75230249050831,0.02171355904624228,0.0219845784533228,0.002638149414398736,-0.0005904025252159824,-0.26333547628382503,-0.2612877293946423,-0.2612877293946423,False,False,-0.26484937626926947,0.6141685851483215,-2.7450046624063003,False
4.042,-2.723244579123487,3.558456023618754,0.6141685851483215,-2.7450046624063003,-2.745677911647337,0.021760083282813092,0.022433332523849714,0.0026919999028619654,-0.0005634825261873628,-0.261768933753584,-0.25964041637690943,-0.25964041637690943,False,False,-0.2624992067735267,0.6086929670670073,-2.7378090406571203,False
4.0440000000000005,-2.7160841638207853,3.601940198044435,0.6086929670670073,-2.7378090406571203,-2.7391215430887845,0.02172487683633495,0.023037379267999203,0.0027644855121599044,-0.0005358376710657638,-0.26019539583647827,-0.2579667479953841,-0.2579667479953841,False,False,-0.2612877293946423,0.603231835702153,-2.7305656824271365,False
4.046,-2.708836895118589,3.645309191668583,0.603231835702153,-2.7305656824271365,-2.732297024836333,0.02172878730854766,0.023460129717744138,0.0028152155661292965,-0.0005076855154044709,-0.25861491285021243,-0.2563073827994876,-0.2563073827994876,False,False,-0.25964041637690943,0.5977853767408696,-2.723229480641699,False
4.048,-2.701503004765949,3.6885616176621085,0.5977853767408696,-2.723229480641699,-2.723992613731857,0.021726475875749607,0.02248960896590768,0.002698753075908922,-0.00048069798464538165,-0.2570275353345756,-0.25480948024331207,-0.25480948024331207,False,False,-0.2579667479953841,0.5923537793477203,-2.7157986965746916,False
4.05,-2.694082727281847,3.731696092923482,0.5923537793477203,-2.7157986965746916,-2.716652456131519,0.021715969292844584,0.02256972884967201,0.0027083674619606413,-0.00045361431002577526,-0.2554333140498248,-0.2531785608978899,-0.2531785608978899,False,False,-0.2563073827994876,0.5869372276126145,-2.70827586755289,False
4.0520000000000005,-2.686576299947711,3.7747112381229093,0.5869372276126145,-2.70827586755289,-2.7039098225474896,0.02169956760517877,0.017333522599778384,0.002080022711973406,-0.0004328140829060412,-0.2538322999750646,-0.25218509134599726,-0.25218509134599726,False,False,-0.25480948024331207,0.5815358697914926,-2.7006789105609394,False
4.054,-2.6789839627998244,3.817605677746424,0.5815358697914926,-2.7006789105609394,-2.7002362121772197,0.021694947761115024,0.021252249377395227,0.002550269925287427,-0.00040731138365316695,-0.2522245443066167,-0.25008158576498246,-0.25008158576498246,False,False,-0.2531785608978899,0.5761498803640859,-2.6929947137033956,False
4.056,-2.671305958621636,3.860378040139982,0.5761498803640859,-2.6929947137033956,-2.6916404252696364,0.021688755081759492,0.020334466648000316,0.0024401359977600377,-0.0003829100236755666,-0.2506100984563796,-0.24855287248229513,-0.24855287248229513,False,False,-0.25218509134599726,0.5707792984103731,-2.6852909768563897,False
4.058,-2.6635425329360074,3.9030269575532417,0.5707792984103731,-2.6852909768563897,-2.6825035801453745,0.021748443920382332,0.018961047209367088,0.0022753256651240504,-0.0003601567670243261,-0.24898901405018659,-0.24707384515208686,-0.24707384515208686,False,False,-0.25008158576498246,0.5654243950216052,-2.6774516943839126,False
4.0600000000000005,-2.6556939339973638,3.9455510661833024,0.5654243950216052,-2.6774516943839126,-2.6789275881514207,0.021757760386548863,0.023233654154056982,0.002788038498486838,-0.0003322763820394577,-0.24736134292615594,-0.24490558080970856,-0.24490558080970856,False,False,-0.24855287248229513,0.5600853179476282,-2.669538536988526,False
4.062,-2.6477604127837595,3.987949006218287,0.5600853179476282,-2.669538536988526,-2.66632162220286,0.021778124204766325,0.018561209419100333,0.0022273451302920397,-0.0003100029307365373,-0.24572713713303343,-0.24380979493347793,-0.24380979493347793,False,False,-0.24707384515208686,0.5547622029097948,-2.661557518916654,False
4.064,-2.6397422229888305,4.030219421880948,0.5547622029097948,-2.661557518916654,-2.661155888567688,0.021815295927823275,0.021413665578857266,0.002569639869462872,-0.0002843065320419086,-0.24408644892852394,-0.24180111559110298,-0.24180111559110298,False,False,-0.24490558080970856,0.5494553284632377,-2.6534372232785444,False
4.066,-2.6316396210137096,4.072360961471871,0.5494553284632377,-2.6534372232785444,-2.6547477742691354,0.021797602264834737,0.023108153255425812,0.002772978390651097,-0.0002565767481353976,-0.2424393307776257,-0.23992292913510999,-0.23992292913510999,False,False,-0.24380979493347793,0.5441647455244373,-2.645291469400256,False
4.0680000000000005,-2.6234528659588014,4.114372277412834,0.5441647455244373,-2.645291469400256,-2.646189540797077,0.021838603441454385,0.022736674838275572,0.0027284009805930687,-0.00022929273832946693,-0.24078583535094755,-0.23828672710868395,-0.23828672710868395,False,False,-0.24180111559110298,0.5388906956094839,-2.6370249574766946,False
4.07,-2.615182219615527,4.156252026289745,0.5388906956094839,-2.6370249574766946,-2.6373978698780096,0.021842737861167638,0.022215650262482622,0.0026658780314979145,-0.00020263395801448778,-0.2391260155230308,-0.2366627714495474,-0.2366627714495474,False,False,-0.23992292913510999,0.5336333902542342,-2.6286526776248507,False
4.072,-2.606827946457919,4.197998868895774,0.5336333902542342,-2.6286526776248507,-2.62822353959303,0.02182473116693151,0.021395593135110857,0.0025674711762133026,-0.00017695924625235474,-0.23745992437065142,-0.23506941244069046,-0.23506941244069046,False,False,-0.23828672710868395,0.5283929879976335,-2.620201128300355,False
4.074,-2.5983903136341926,4.239611470274032,0.5283929879976335,-2.620201128300355,-2.61765140474388,0.021810814666162415,0.019261091109687545,0.0023113309331625055,-0.0001538459369207297,-0.23578761517112862,-0.23363013017488685,-0.23363013017488685,False,False,-0.2366627714495474,0.5231696430713518,-2.6116724631408066,False
4.0760000000000005,-2.5898695909581795,4.281088499760384,0.5231696430713518,-2.6116724631408066,-2.613197711438705,0.02180287218262711,0.02332812048052535,0.002799374457663042,-0.00012585219234409928,-0.23410914140061634,-0.2314356191352974,-0.2314356191352974,False,False,-0.23506941244069046,0.5179635016045976,-2.6030707333771304,False
4.078,-2.5812660509007253,4.322428631025858,0.5179635016045976,-2.6030707333771304,-2.6066244467286026,0.0218046824764051,0.025358395827877356,0.0030430074993452825,-9.542211735064646e-05,-0.23242455673239876,-0.22947697135040412,-0.22947697135040412,False,False,-0.23363013017488685,0.5127746758565319,-2.5944128740328423,False
4.08,-2.5725799685809574,4.363630542119173,0.5127746758565319,-2.5944128740328423,-2.596963181610948,0.021832905451884876,0.024383213029990802,0.002925985563598896,-6.61622617146575e-05,-0.23073391503516938,-0.22787409173328513,-0.22787409173328513,False,False,-0.2314356191352974,0.5076034349966628,-2.5856204299345658,False
4.082,-2.5638116217574876,4.404692915508989,0.5076034349966628,-2.5856204299345658,-2.5882141174309714,0.0218088081770782,0.02440249567348385,0.0029282994808180617,-3.687926690647688e-05,-0.22903727037130914,-0.22614585015739755,-0.22614585015739755,False,False,-0.22947697135040412,0.5024499958457637,-2.5767195754495993,False
4.0840000000000005,-2.554961290819535,4.445614438126037,0.5024499958457637,-2.5767195754495993,-2.577981094641161,0.02175828463006413,0.02301980382162583,0.0027623764585950994,-9.255502320525882e-06,-0.2273346769951584,-0.22458155603888383,-0.22458155603888383,False,False,-0.22787409173328513,0.49731449834334857,-2.5677487512075414,False
4.086,-2.5460292587779727,4.486393801405027,0.49731449834334857,-2.5677487512075414,-2.5670266713111136,0.02171949242956872,0.020997412533140913,0.0025196895039769096,1.5941392719243212e-05,-0.2256261893512843,-0.22309055845458817,-0.22309055845458817,False,False,-0.22614585015739755,0.492197107141232,-2.558695601058277,False
4.088,-2.537015811256257,4.527029701326601,0.492197107141232,-2.558695601058277,-2.5615565918976775,0.02167978980202001,0.0245407806414204,0.002944893676970448,4.539032948894769e-05,-0.22391186207273614,-0.22092157806627674,-0.22092157806627674,False,False,-0.22458155603888383,0.48709795075063184,-2.5495781953000827,False
4.09,-2.5279212364812973,4.567520838459018,0.48709795075063184,-2.5495781953000827,-2.5515004534138934,0.021656958818785377,0.023579216932596125,0.002829506031911535,7.368538980806304e-05,-0.22219174997929853,-0.21928855855757892,-0.21928855855757892,False,False,-0.22309055845458817,0.4820171409217303,-2.5404049144507668,False
4.0920000000000005,-2.5187458252742485,4.607865917999646,0.4820171409217303,-2.5404049144507668,-2.5385761938408877,0.021659089176518265,0.019830368566639223,0.002379644227996707,9.748183208803011e-05,-0.22046590807574074,-0.217988782015656,-0.217988782015656,False,False,-0.22092157806627674,0.47695493014539087,-2.531105388169721,False
4.094,-2.509489871041218,4.648063649816372,0.47695493014539087,-2.531105388169721,-2.528486920658111,0.021615517128502848,0.01899704961689297,0.002279645954027156,0.00012027829162830167,-0.21873439155005853,-0.21633446730440306,-0.21633446730440306,False,False,-0.21928855855757892,0.47191145590683103,-2.5217371192799054,False
4.096,-2.500153669763856,4.68811274848894,0.47191145590683103,-2.5217371192799054,-2.526114685388084,0.021583449516049402,0.025961015624227812,0.0031153218749073374,0.00015143151037737504,-0.21699725577170437,-0.21373050238641966,-0.21373050238641966,False,False,-0.217988782015656,0.46688678439894615,-2.512335753942447,False
4.098,-2.4907375199899118,4.728011933349995,0.46688678439894615,-2.512335753942447,-2.511140877094138,0.02159823395253513,0.02040335710422614,0.0024484028525071366,0.00017591553890244642,-0.21525455628982085,-0.21263023789841126,-0.21263023789841126,False,False,-0.21633446730440306,0.4618810553270276,-2.502864535959272,False
4.1,-2.4812417228236887,4.767759928525997,0.4618810553270276,-2.502864535959272,-2.5020134175592093,0.02162281313558312,0.02077169473552054,0.0024926033682624647,0.00020084157258507107,-0.21350634883146502,-0.2108129038906175,-0.2108129038906175,False,False,-0.21373050238641966,0.45689460571671997,-2.4932248051538113,False
4.102,-2.471666581916397,4.807355462978128,0.45689460571671997,-2.4932248051538113,-2.492844702360736,0.021558223237414076,0.021178120444338866,0.002541374453320664,0.0002262553171182777,-0.21175268929982227,-0.20898505952938334,-0.20898505952938334,False,False,-0.21263023789841126,0.45192745401459444,-2.483575851062776,False
4.104,-2.462012403456473,4.846797270542802,0.45192745401459444,-2.483575851062776,-2.4848048276904504,0.021563447606302688,0.022792424233977204,0.0027350909080772643,0.00025360622619905035,-0.20999363377242442,-0.2070049366381481,-0.2070049366381481,False,False,-0.2108129038906175,0.4469797686183692,-2.473842698112629,False
4.106,-2.4522794961597616,4.886084089972257,0.4469797686183692,-2.473842698112629,-2.4701372209941055,0.021563201952867317,0.01785772483434389,0.002142926980121267,0.000275035496000263,-0.20822923849935182,-0.2058112760232303,-0.2058112760232303,False,False,-0.20898505952938334,0.44205171827534917,-2.4640251715100097,False
4.108,-2.442468171259648,4.9252146649748765,0.44205171827534917,-2.4640251715100097,-2.4662512872232236,0.021557000250361558,0.02378311596357552,0.0028539739156290623,0.0003035752351565536,-0.20645955990143516,-0.20330201075064955,-0.20330201075064955,False,False,-0.2070049366381481,0.4371435017647563,-2.4541082552964326,False
4.11,-2.432578742497121,4.9641877442553115,0.4371435017647563,-2.4541082552964326,-2.453011677662259,0.02152951279931159,0.020432935165137778,0.0024519522198165333,0.00032809475735471894,-0.2046846545684538,-0.20190460759128256,-0.20190460759128256,False,False,-0.2058112760232303,0.43225515099579764,-2.444175384479341,False
4.112,-2.422611526110726,5.003002081554524,0.43225515099579764,-2.444175384479341,-2.444144718751208,0.021563858368614852,0.021533192640482035,0.002583983116857844,0.0003539345885232974,-0.20290457925732422,-0.19996666155194306,-0.19996666155194306,False,False,-0.20330201075064955,0.4273869730137347,-2.434088991031482,False
4.114,-2.412566840826461,5.041656435689634,0.4273869730137347,-2.434088991031482,-2.4323390711376303,0.021522150205020907,0.01977223031116937,0.0023726676373403244,0.00037766126489670066,-0.20111939089028597,-0.19836906198804893,-0.19836906198804893,False,False,-0.20190460759128256,0.42253903866505876,-2.4239671743379487,False
4.116,-2.402445007847571,5.08014957059364,0.42253903866505876,-2.4239671743379487,-2.4238535478674135,0.021522166490377526,0.02140854001984227,0.0025690248023810722,0.0004033515129205114,-0.1993291465530796,-0.196356770237778,-0.196356770237778,False,False,-0.19996666155194306,0.4177115312067761,-2.4137537291413316,False
4.118,-2.392246350844293,5.118480255354901,0.4177115312067761,-2.4137537291413316,-2.4110292994051696,0.02150737829703875,0.01878294856087681,0.0022539538273052173,0.00042589105119356357,-0.1975339034931234,-0.1948540586146246,-0.1948540586146246,False,False,-0.19836906198804893,0.41290456061290925,-2.40348529693342,False
4.12,-2.3819711959435064,5.156647264256474,0.41290456061290925,-2.40348529693342,-2.401615900523475,0.021514100989913576,0.019644704579968586,0.0023573645495962303,0.00044946469668952584,-0.19573371911768375,-0.192926889871398,-0.192926889871398,False,False,-0.196356770237778,0.4081183224847866,-2.3931190640613518,False
4.122,-2.371619871718284,5.194649376815413,0.4081183224847866,-2.3931190640613518,-2.3954171603436474,0.02149919234306763,0.023797288625363233,0.002855674635043588,0.00047802144303996173,-0.19392865099203505,-0.1905949549139515,-0.1905949549139515,False,False,-0.1948540586146246,0.40335290356761794,-2.3827094585843196,False
4.124,-2.3611927091774,5.232485377821717,0.40335290356761794,-2.3827094585843196,-2.386126163094273,0.021516749406919722,0.024933453916873294,0.002992014470024795,0.0005079415877402097,-0.19211875683762172,-0.1886188007798567,-0.1886188007798567,False,False,-0.192926889871398,0.3986084785340557,-2.3722125167811337,False
4.126,-2.3506900417547456,5.270154057377199,0.3986084785340557,-2.3722125167811337,-2.3717874359937086,0.021522475026388044,0.021097394238962952,0.002531687308675554,0.0005332584608269652,-0.19030409453021296,-0.18723914876071043,-0.18723914876071043,False,False,-0.1905949549139515,0.3938853048943026,-2.3615868198765213,False
4.128,-2.3401122052986754,5.307654210934145,0.3938853048943026,-2.3615868198765213,-2.3635503095259325,0.02147461457784594,0.023438104227257117,0.002812572507270854,0.0005613841858996738,-0.1884847220980529,-0.18511076540488236,-0.18511076540488236,False,False,-0.1886188007798567,0.3891835628273344,-2.3508710334841143,False
4.13,-2.329459538061236,5.344984639333941,0.3891835628273344,-2.3508710334841143,-2.3523302115666107,0.021411495422878346,0.02287067350537475,0.00274448082064497,0.0005888289941061235,-0.18666069771999988,-0.18332738790524877,-0.18332738790524877,False,False,-0.18723914876071043,0.38450330562413987,-2.3401286015972818,False
4.132,-2.3187323806873885,5.382144148845287,0.38450330562413987,-2.3401286015972818,-2.340185480070937,0.021396220909893238,0.02145309938354867,0.00257437192602584,0.0006145727133663819,-0.18483207972367266,-0.18164313508428043,-0.18164313508428043,False,False,-0.18511076540488236,0.37984474277375985,-2.3292814251900174,False
4.134,-2.3079310762040786,5.419131551202493,0.37984474277375985,-2.3292814251900174,-2.3305578210808684,0.021350348985938794,0.02262674487678984,0.0027152093852147808,0.0006417248072185297,-0.18299892658357886,-0.17964199239114556,-0.17964199239114556,False,False,-0.18332738790524877,0.37520800921819897,-2.31836677778045,False
4.136,-2.2970559700093114,5.455945663643329,0.37520800921819897,-2.31836677778045,-2.3173536569566755,0.021310807771138585,0.020297686947364113,0.0024357224336836935,0.0006660820315553666,-0.18116129691925276,-0.1780594924540137,-0.1780594924540137,False,False,-0.18164313508428043,0.3705932176593312,-2.307395779433903,False
4.138,-2.286107409861056,5.492585308947013,0.3705932176593312,-2.307395779433903,-2.307999377196657,0.021288369572846744,0.02189196733560106,0.002627036080272127,0.0006923523923580879,-0.17931924949337205,-0.17599986102074183,-0.17599986102074183,False,False,-0.17964199239114556,0.3660005459166001,-2.296335871365543,False
4.14,-2.2750857458661695,5.529049315471719,0.3660005459166001,-2.296335871365543,-2.298072699376045,0.02125012549937333,0.022986953509875452,0.002758434421185054,0.0007199367365699384,-0.1774728432098862,-0.17399447205213123,-0.17399447205213123,False,False,-0.1780594924540137,0.361430082191048,-2.285231862776045,False
4.142,-2.263991330469163,5.565336517192153,0.361430082191048,-2.285231862776045,-2.2852218409722553,0.021240532306881832,0.021230510503092326,0.002547661260371079,0.0007454133491736492,-0.1756221371121267,-0.17232906250258198,-0.17232906250258198,False,False,-0.17599986102074183,0.3568820136251385,-2.2740342829547417,False
4.144,-2.2528245184409728,5.601445753736718,0.3568820136251385,-2.2740342829547417,-2.2753946270002006,0.02120976451376899,0.02257010855922781,0.002708413027107337,0.0007724974794447226,-0.17376719038092567,-0.17028627987437361,-0.17028627987437361,False,False,-0.17399447205213123,0.3523565139456499,-2.2627498397443224,False
4.146,-2.241585666867583,5.63737587042472,0.3523565139456499,-2.2627498397443224,-2.263381291413912,0.02116417287673933,0.021795624546328884,0.0026154749455594662,0.0007986522289003172,-0.17190806233271802,-0.16849393515825822,-0.16849393515825822,False,False,-0.17232906250258198,0.3478536837780084,-2.2514150838207456,False
4.148,-2.2302751351386108,5.6731257183032815,0.3478536837780084,-2.2514150838207456,-2.2487157877799584,0.021139948682134868,0.018440652641347643,0.002212878316961717,0.0008207810120699344,-0.1700448124176453,-0.16701115308861364,-0.16701115308861364,False,False,-0.17028627987437361,0.34337370166312026,-2.2399910574440827,False
4.15,-2.218893284935829,5.708694154184023,0.34337370166312026,-2.2399910574440827,-2.240965415204677,0.02109777250825351,0.0220721302688478,0.0026486556322617358,0.0008472675683925517,-0.16817750021765737,-0.1646815770170031,-0.1646815770170031,False,False,-0.16849393515825822,0.338916691737555,-2.2285049627826297,False
4.152,-2.207440480221593,5.744080040679668,0.338916691737555,-2.2285049627826297,-2.227533161377402,0.02106448256103688,0.02009268115580909,0.0024111217386970905,0.0008713787857795226,-0.1663061854446052,-0.1630236849201286,-0.1630236849201286,False,False,-0.16701115308861364,0.3344827119509532,-2.2169898933009127,False
4.154,-2.1959170872272002,5.77928224624039,0.3344827119509532,-2.2169898933009127,-2.218004635971833,0.021072806073712425,0.022087548744632812,0.002650505849355937,0.000897883844273082,-0.16443092793833225,-0.16088253824470322,-0.16088253824470322,False,False,-0.1646815770170031,0.3300719969340575,-2.2053575084478623,False
4.156,-2.184323474441172,5.814299645190038,0.3300719969340575,-2.2053575084478623,-2.207032926152337,0.021034034006690128,0.022709451711164785,0.002725134205339774,0.0009251351863264797,-0.16255178766475858,-0.15890151827309232,-0.15890151827309232,False,False,-0.1630236849201286,0.3256846380879724,-2.1936794230425414,False
4.158,-2.1726600125974853,5.8491311177620835,0.3256846380879724,-2.1936794230425414,-2.195749320976037,0.021019410445056064,0.02308930837855172,0.002770717005426206,0.0009528423563807418,-0.1606688247139666,-0.15694526535215964,-0.15694526535215964,False,False,-0.16088253824470322,0.3213208270022139,-2.1819055428792344,False
4.16,-2.160927074663721,5.883775550135411,0.3213208270022139,-2.1819055428792344,-2.184859183774792,0.020978468215513413,0.02393210911107113,0.0028718530933285356,0.0009815608873140272,-0.1587820992982797,-0.15492868531763712,-0.15492868531763712,False,False,-0.15890151827309232,0.31698071962962626,-2.1700536862938344,False
4.162,-2.149125035829105,5.918231834470036,0.31698071962962626,-2.1700536862938344,-2.1660210657196357,0.020928650464729248,0.016896029890530517,0.002027523586863662,0.0010018361231826638,-0.15689167175033175,-0.15386231204028541,-0.15386231204028541,False,False,-0.15694526535215964,0.3126644650223848,-2.158127303620726,False
4.164,-2.1372542734925526,5.952498868942412,0.3126644650223848,-2.158127303620726,-2.1571907408978,0.02087303012817321,0.01993646740524735,0.0023923760886296816,0.0010257598840689606,-0.15499760252114436,-0.15157946654844573,-0.15157946654844573,False,False,-0.15492868531763712,0.30837222322652685,-2.146120897928984,False
4.166,-2.125315167250559,5.986575557780769,0.30837222322652685,-2.146120897928984,-2.142946155192374,0.02080573067842506,0.017630987941815057,0.002115718553017807,0.0010469170695991386,-0.15309995217818761,-0.14993731655557066,-0.14993731655557066,False,False,-0.15386231204028541,0.3041039535558881,-2.1341348353193688,False
4.168,-2.11330809888511,6.020460811300032,0.3041039535558881,-2.1341348353193688,-2.132824321937746,0.02082673643425892,0.019516223052636228,0.0023419467663163473,0.001070336537262302,-0.15119878140345067,-0.14778649809987202,-0.14778649809987202,False,False,-0.15157946654844573,0.2998598705001581,-2.122041527865002,False
4.17,-2.101233452351419,6.054153545936805,0.2998598705001581,-2.122041527865002,-2.1205353816258423,0.020808075513583102,0.019301929274423202,0.002316231512930784,0.0010934988523916098,-0.149294150991493,-0.14588442062617063,-0.14588442062617063,False,False,-0.14993731655557066,0.295640052029777,-2.1099092351905524,False
4.172,-2.089091613765696,6.087652684283902,0.295640052029777,-2.1099092351905524,-2.1093534829289178,0.020817621424856547,0.020261869163221924,0.002431424299586631,0.0011178130953874762,-0.14738612184750724,-0.14383688445253312,-0.14383688445253312,False,False,-0.14778649809987202,0.2914446817728985,-2.097685128439239,False
4.174,-2.0768829713927577,6.1209571551248985,0.2914446817728985,-2.097685128439239,-2.099204719057793,0.020802157046481362,0.022321747665035474,0.0026786097198042568,0.0011445991925855188,-0.14547475498536572,-0.14165154607297595,-0.14165154607297595,False,False,-0.14588442062617063,0.28727388925274944,-2.085396260074523,False
4.176,-2.0646079156336654,6.154065893468268,0.28727388925274944,-2.085396260074523,-2.0809323243296762,0.020788344440857642,0.016324408696010817,0.001958929043521298,0.0011641884830207317,-0.14356011152567683,-0.14043699399913478,-0.14043699399913478,False,False,-0.14383688445253312,0.28312783302761385,-2.073028112567785,False
4.178,-2.05226683901318,6.186977840581578,0.28312783302761385,-2.073028112567785,-2.0719102001315797,0.020761273554604998,0.019643361118399483,0.002357203334207938,0.0011877605163628112,-0.1416422526938217,-0.13809728884325095,-0.13809728884325095,False,False,-0.14165154607297595,0.27900669876837164,-2.0605671296211017,False
4.18,-2.0398601361672615,6.219691944025223,0.27900669876837164,-2.0605671296211017,-2.0600578019914457,0.020706993453840195,0.020197665824184252,0.0024237198989021103,0.0012119977153518323,-0.13972123981800394,-0.13608552220375,-0.13608552220375,False,False,-0.14043699399913478,0.2749104668226498,-2.048115972860921,False
4.182,-2.027388203830408,6.252207157686181,0.2749104668226498,-2.048115972860921,-2.047867259116125,0.020727769030512988,0.02047905528571725,0.00245748663428607,0.0012365725816946929,-0.13779713432728244,-0.13410307511130168,-0.13410307511130168,False,False,-0.13809728884325095,0.27083935336052173,-2.035556731064049,False
4.184,-2.0148514408230107,6.284522441811353,0.27083935336052173,-2.035556731064049,-2.0384339872952677,0.020705290241038288,0.023582546472256993,0.0028299055766708393,0.0012648716374614013,-0.13586999774961334,-0.1317752205354811,-0.1317752205354811,False,False,-0.13608552220375,0.26679350350546777,-2.022924927526981,False
4.186,-2.002250248038571,6.316636763040903,0.26679350350546777,-2.022924927526981,-2.0203454364713793,0.020674679488410064,0.018095188432808218,0.002171422611936986,0.0012865858635807712,-0.13393989170987775,-0.13048188323436,-0.13048188323436,False,False,-0.13410307511130168,0.26277305464606177,-2.0102244297030043,False
4.188,-1.9895850284308794,6.348549094441299,0.26277305464606177,-2.0102244297030043,-2.0114483660734535,0.020639401272124935,0.021863337642574088,0.0026236005171088902,0.00131282186875186,-0.13200687792791094,-0.12807045554205018,-0.12807045554205018,False,False,-0.1317752205354811,0.25877821498862585,-1.9974198287179545,False
4.19,-1.9768561870011512,6.380258415538085,0.25877821498862585,-1.9974198287179545,-1.9942843964676955,0.02056364171680336,0.01742820946654433,0.0020913851359853197,0.0013337357201117133,-0.13007101821653236,-0.12664589736043533,-0.12664589736043533,False,False,-0.13048188323436,0.2548089738232589,-1.9846205826834795,False
4.192,-1.9640641307850613,6.411763712348572,0.2548089738232589,-1.9846205826834795,-1.9823623605224274,0.02055645189841826,0.018298229737366167,0.00219578756848394,0.0013556935957965528,-0.12813237447956632,-0.12458089331528584,-0.12458089331528584,False,False,-0.12807045554205018,0.250865554685274,-1.971709568992452,False
4.194,-1.9512092688397347,6.44306397741423,0.250865554685274,-1.971709568992452,-1.9714316415548614,0.02050030015271731,0.020222372715126724,0.0024266847258152067,0.0013799604430547049,-0.12619100870986372,-0.1223843635409938,-0.1223843635409938,False,False,-0.12664589736043533,0.24694797200265614,-1.9587913413089306,False
4.196,-1.938292012230651,6.4741582098329475,0.24694797200265614,-1.9587913413089306,-1.957845154543465,0.02049932907827956,0.01955314231281391,0.002346377077537669,0.0014034242138300816,-0.12424698298731732,-0.12049718169594957,-0.12049718169594957,False,False,-0.12458089331528584,0.24305637415376669,-1.9457989244447234,False
4.198,-1.925312774018518,6.50504541529099,0.24305637415376669,-1.9457989244447234,-1.9475344961366792,0.020486150426205274,0.02222172211816109,0.0026666066541793307,0.001430090280371875,-0.1223003594768794,-0.11820366254232818,-0.11820366254232818,False,False,-0.1223843635409938,0.23919093542718498,-1.932719363290859,False
4.2,-1.9122719692460692,6.535724606094783,0.23919093542718498,-1.932719363290859,-1.93337444405714,0.02044739404478979,0.02110247481107086,0.002532296977328503,0.00145541325014516,-0.12035120042657481,-0.11636349019910114,-0.11636349019910114,False,False,-0.12049718169594957,0.23535176341817832,-1.9195860045033246,False
4.202,-1.899170014924754,6.566194801202587,0.23535176341817832,-1.9195860045033246,-1.920658758140642,0.020415989578570715,0.021488743215888118,0.002578649185906574,0.0014811997420042257,-0.1183995681655048,-0.114339719237594,-0.114339719237594,False,False,-0.11820366254232818,0.23153904962596403,-1.9063568961071387,False
4.204,-1.8860073300214473,6.596455026255758,0.23153904962596403,-1.9063568961071387,-1.904207429913232,0.020349566085691384,0.018200099891784838,0.0021840119870141805,0.0015030398618743675,-0.11644552510186049,-0.11275847325297193,-0.11275847325297193,False,False,-0.11636349019910114,0.22775288851396117,-1.8930805560014288,False
4.206,-1.8727843354450118,6.626504313610003,0.22775288851396117,-1.8930805560014288,-1.893648448627198,0.020296220556417,0.020864113182186284,0.002503693581862354,0.001528076797692991,-0.11448913372092129,-0.11045736334136594,-0.11045736334136594,False,False,-0.114339719237594,0.22399341195255157,-1.8797382807047955,False
4.208,-1.859501454032888,6.656341702366212,0.22399341195255157,-1.8797382807047955,-1.8823200094055004,0.020236826671907515,0.022818555372612348,0.0027382266447134817,0.0015554590641401259,-0.11253045658306401,-0.10823677087421041,-0.10823677087421041,False,False,-0.11275847325297193,0.22026065769793224,-1.8663771273096685,False
4.21,-1.8461591105375146,6.685966238401309,0.22026065769793224,-1.8663771273096685,-1.8623704369088574,0.020218016772153957,0.016211326371342816,0.0019453591645611377,0.0015749126557857373,-0.11056955632175394,-0.10704928450140706,-0.10704928450140706,False,False,-0.11045736334136594,0.21655481383031466,-1.8529219338087826,False
4.212,-1.8327577316127956,6.715376974398661,0.21655481383031466,-1.8529219338087826,-1.8519754909656996,0.020164202195986913,0.01921775935290393,0.0023061311223484715,0.001597973967009222,-0.108606495641549,-0.10470239055219131,-0.10470239055219131,False,False,-0.10823677087421041,0.21287604950195047,-1.8393821641820933,False
4.214,-1.8192977458004158,6.744572969878453,0.21287604950195047,-1.8393821641820933,-1.83982092828596,0.020084418381677516,0.020523182485544078,0.0024627818982652892,0.0016226017859918749,-0.10664133731608891,-0.10255595363183174,-0.10255595363183174,False,False,-0.10704928450140706,0.20922431567370803,-1.8258669141212143,False
4.216,-1.8057795835161874,6.773553291227656,0.20922431567370803,-1.8258669141212143,-1.828712983917273,0.020087330605026876,0.022933400401085713,0.0027520080481302856,0.0016501218664731778,-0.10467414418609497,-0.1002720142714915,-0.1002720142714915,False,False,-0.10470239055219131,0.20559980662483568,-1.8122545244361734,False
4.218,-1.7922036770362264,6.802317011730014,0.20559980662483568,-1.8122545244361734,-1.8129732354324684,0.020050847399947003,0.02076955839624195,0.0024923470075490337,0.001675045336548668,-0.10270497915735174,-0.09853758681325404,-0.09853758681325404,False,False,-0.10255595363183174,0.20200267252319393,-1.7985670508208698,False
4.22,-1.7785704604831825,6.830863211595562,0.20200267252319393,-1.7985670508208698,-1.799508953508766,0.019996590337687303,0.020938493025583593,0.0025126191630700312,0.0017001715281793684,-0.10073390519870348,-0.09652111450745408,-0.09652111450745408,False,False,-0.1002720142714915,0.1984330906787082,-1.7847909222428542,False
4.222,-1.7648803698123114,6.859190977990131,0.1984330906787082,-1.7847909222428542,-1.782539786115391,0.01991055243054274,0.017659416303079656,0.0021191299563695586,0.001721362827743064,-0.09876098534003375,-0.09492049255592112,-0.09492049255592112,False,False,-0.09853758681325404,0.19489112138458117,-1.770984647063517,False
4.224,-1.7511338427975849,6.887299405064443,0.19489112138458117,-1.770984647063517,-1.771619734460054,0.01985080426593222,0.020485891662469058,0.002458306999496287,0.0017459458977380268,-0.09678628267025721,-0.0925820297730229,-0.0925820297730229,False,False,-0.09652111450745408,0.19137688333121042,-1.7571190266853716,False
4.226,-1.7373313190176498,6.915187593983151,0.19137688333121042,-1.7571190266853716,-1.7584128067170437,0.019787707667721754,0.021081487699393886,0.002529778523927266,0.0017712436829772993,-0.09480986033529623,-0.09050883812839167,-0.09050883812839167,False,False,-0.09492049255592112,0.18789040682535288,-1.7432382529287678,False
4.228,-1.7234732398417778,6.942854652953581,0.18789040682535288,-1.7432382529287678,-1.7407354324175686,0.01976501308698997,0.017262192575790758,0.002071463109094891,0.0017919583140682482,-0.09283178153606247,-0.08896836011289934,-0.08896836011289934,False,False,-0.0925820297730229,0.18443187634402847,-1.7292652406622027,False
4.23,-1.7095600484157714,6.9702996972541955,0.18443187634402847,-1.7292652406622027,-1.7267179751294295,0.019705192246431302,0.017157926713658123,0.0020589512056389744,0.001812547826124638,-0.09085210952643882,-0.08698061049467522,-0.08698061049467522,False,False,-0.09050883812839167,0.18100141878859313,-1.7152287777176658,False
4.232,-1.6955921896477788,6.99752184926293,0.18100141878859313,-1.7152287777176658,-1.7146641211902018,0.019636588069886995,0.019071931542423037,0.0022886317850907643,0.0018354341439755456,-0.08887090761125455,-0.08474684168218824,-0.08474684168218824,False,False,-0.08896836011289934,0.17759904811539365,-1.7011853365997394,False
4.234,-1.6815701101940723,7.024520238485231,0.17759904811539365,-1.7011853365997394,-1.701609403573766,0.01961522640566704,0.02003929337969379,0.0024047152055632548,0.0018594812960311782,-0.0868882391442618,-0.08262404264266737,-0.08262404264266737,False,False,-0.08698061049467522,0.17422487178576068,-1.687088164816489,False
4.236,-1.6674942584447503,7.051294001581935,0.17422487178576068,-1.687088164816489,-1.687554327282088,0.019593906371738745,0.020060068837337797,0.0024072082604805357,0.0018835533786359835,-0.0849041675261075,-0.08061340588699098,-0.08061340588699098,False,False,-0.08474684168218824,0.17087904759592767,-1.6729120949164988,False
4.238,-1.6533650845094199,7.077842282396822,0.17087904759592767,-1.6729120949164988,-1.6689529343657865,0.019547010407078957,0.015587849856366631,0.0018705419827639957,0.0019022587984636235,-0.08291875620230899,-0.07914595542108137,-0.07914595542108137,False,False,-0.08262404264266737,0.16756170837039439,-1.6586696127666405,False
4.24,-1.6391830402028074,7.1041642319839955,0.16756170837039439,-1.6586696127666405,-1.6582125452280039,0.019486572563833127,0.019029505025196514,0.0022835406030235817,0.0019250942044938594,-0.08093206866122579,-0.07672343385370835,-0.07672343385370835,False,False,-0.08061340588699098,0.1642729619867417,-1.6443731918263318,False
4.242,-1.624948579030272,7.130259008635101,0.1642729619867417,-1.6443731918263318,-1.6430651748157097,0.01942461279605978,0.018116595785437672,0.0021739914942525205,0.0019468341194363845,-0.07894416843202387,-0.07482334281833497,-0.07482334281833497,False,False,-0.07914595542108137,0.16101280139370966,-1.630080296516022,False
4.244,-1.6106621561733516,7.156125777906149,0.16101280139370966,-1.630080296516022,-1.6297390838008299,0.01941814034267031,0.019076927627478257,0.0022892313152973907,0.0019697264325893586,-0.07695511908265093,-0.07269616133476418,-0.07269616133476418,False,False,-0.07672343385370835,0.15778141960888722,-1.6156908924112203,False
4.246,-1.5963242284751635,7.181763712644278,0.15778141960888722,-1.6156908924112203,-1.6165826707983262,0.019366663936056794,0.02025844232316265,0.002431013078779518,0.0019940365633771538,-0.0749649842177976,-0.07053993457564092,-0.07053993457564092,False,False,-0.07482334281833497,0.15457889813128195,-1.6012607388026305,False
4.248,-1.5819352544258483,7.207171993014118,0.15457889813128195,-1.6012607388026305,-1.601758940614408,0.019325484376782276,0.019823686188559675,0.002378842342627161,0.0020178249868034255,-0.07297382747687065,-0.06857716014744006,-0.06857716014744006,False,False,-0.07269616133476418,0.1514053651165519,-1.5867665073650237,False
4.25,-1.5674956941478468,7.232349806524106,0.1514053651165519,-1.5867665073650237,-1.58395983664867,0.01927081321717683,0.016464142500823176,0.001975697100098781,0.002037581957804413,-0.07098171253194965,-0.06696843347404646,-0.06696843347404646,False,False,-0.07053993457564092,0.14826095339354353,-1.5722058615041763,False
4.252,-1.5530060093812401,7.2572963480523835,0.14826095339354353,-1.5722058615041763,-1.5690417385902249,0.01919985212293618,0.016035729208984772,0.0019242875050781726,0.002056824832855195,-0.06898870308575802,-0.06500759074782465,-0.06500759074782465,False,False,-0.06857716014744006,0.14514575382204833,-1.5575997857476034,False
4.2540000000000004,-1.5384666634689388,7.2820108198726095,0.14514575382204833,-1.5575997857476034,-1.5592980938804606,0.019133122278664594,0.0208314304115218,0.002499771649382616,0.0020818225493490212,-0.06699486286962011,-0.06241326867088848,-0.06241326867088848,False,False,-0.06696843347404646,0.1420597821256002,-1.5429858482240706,False
4.256,-1.5238781213419175,7.306492431679394,0.1420597821256002,-1.5429858482240706,-1.5452016945474012,0.01910772688215312,0.021323573205483726,0.002558828784658047,0.0021074108371956016,-0.0650002556414298,-0.06033401601957616,-0.06033401601957616,False,False,-0.06500759074782465,0.13900312758777278,-1.5283272689137064,False
4.258,-1.5092408495043053,7.330740400613635,0.13900312758777278,-1.5283272689137064,-1.5283531650930406,0.019086419409401145,0.019112315588735385,0.002293477870648246,0.002130345615902084,-0.06300494518360616,-0.05858112169705584,-0.05858112169705584,False,False,-0.06241326867088848,0.13597601116080982,-1.5135582134814876,False
4.26,-1.4945553160184772,7.354753951287537,0.13597601116080982,-1.5135582134814876,-1.5088556929834898,0.019002897463010315,0.014300376965012518,0.001716045235801502,0.0021475060682600994,-0.061008995301055136,-0.057145443996993533,-0.057145443996993533,False,False,-0.06033401601957616,0.13297854351268618,-1.498733824061814,False
4.2620000000000005,-1.4798219904900882,7.378532315809406,0.13297854351268618,-1.498733824061814,-1.4996183619920662,0.018911833571725767,0.019796371501977994,0.002375564580237359,0.002171261714062473,-0.05901246981912919,-0.05446564352482936,-0.05446564352482936,False,False,-0.05858112169705584,0.13001076575550827,-1.4838888785889577,False
4.264,-1.4650413440530827,7.402074733808159,0.13001076575550827,-1.4838888785889577,-1.4820310644178574,0.018847534535874955,0.01698972036477464,0.0020387664437729568,0.0021916493785002025,-0.05701543258159017,-0.05278501675931701,-0.05278501675931701,False,False,-0.057145443996993533,0.12707265212444216,-1.469056815533051,False
4.266,-1.4502138493545926,7.425380452457702,0.12707265212444216,-1.469056815533051,-1.4682467910142933,0.018842966178458376,0.018032941659700708,0.0021639529991640846,0.0022132889084918433,-0.055017947448562615,-0.05064070554090669,-0.05064070554090669,False,False,-0.05446564352482936,0.12416443765648116,-1.4541072339804966,False
4.268,-1.4353399805398275,7.448448726500993,0.12416443765648116,-1.4541072339804966,-1.4555921053568563,0.018767253440669096,0.02025212481702887,0.0024302549780434645,0.002237591458272278,-0.053020078294492345,-0.0483522318581766,-0.0483522318581766,False,False,-0.05278501675931701,0.12128614557835564,-1.4391460390627633,False
4.2700000000000005,-1.4204202132369363,7.471278818273833,0.12128614557835564,-1.4391460390627633,-1.438409787975453,0.018725825825826936,0.01798957473851659,0.0021587489686219906,0.002259178947958498,-0.05102188900610716,-0.04660396108952667,-0.04660396108952667,False,False,-0.05064070554090669,0.11843789595670737,-1.4241248108241333,False
4.272,-1.405455024541779,7.493869997728492,0.11843789595670737,-1.4241248108241333,-1.4217128857673536,0.018669786282354384,0.0162578612255746,0.0019509433470689518,0.0022786883814291873,-0.04902344348037116,-0.04479381175187302,-0.04479381175187302,False,False,-0.0483522318581766,0.11561983772576509,-1.40902911547114,False
4.274,-1.3904448930026796,7.516221542457036,0.11561983772576509,-1.40902911547114,-1.4085311078100355,0.018584222468460476,0.01808621480735595,0.0021703457768827137,0.0023003918391980146,-0.047024805622443044,-0.042554068006362314,-0.042554068006362314,False,False,-0.04660396108952667,0.11283200506427875,-1.393916330743169,False
4.276,-1.3753902986051052,7.538332737714454,0.11283200506427875,-1.393916330743169,-1.3972709544709965,0.018526032138063808,0.021880655865891274,0.002625678703906953,0.002326648626237084,-0.04502603934362975,-0.04007371201348572,-0.04007371201348572,False,False,-0.04479381175187302,0.1100744447325915,-1.3787801658436247,False
4.2780000000000005,-1.36029172275634,7.560202876441478,0.1100744447325915,-1.3787801658436247,-1.3804491236264624,0.0184884430872847,0.02015740087012241,0.0024188881044146892,0.002350837507281231,-0.04302720855934622,-0.0382574829476503,-0.0382574829476503,False,False,-0.042554068006362314,0.10734729293380633,-1.3635758993925817,False
4.28,-1.3451496482700966,7.581831259287191,0.10734729293380633,-1.3635758993925817,-1.3619316592706805,0.018426251122485082,0.016782011000583852,0.002013841320070062,0.0023709759204819316,-0.04102837718707192,-0.036643559946519924,-0.036643559946519924,False,False,-0.04007371201348572,0.10465073475774576,-1.348279088030283,False
4.282,-1.329964559351034,7.603217194631451,0.10465073475774576,-1.348279088030283,-1.3488899491016337,0.018314528679248987,0.018925389750599653,0.002271046770071958,0.0023936863881826513,-0.03902960914430126,-0.03436487598604665,-0.03436487598604665,False,False,-0.0382574829476503,0.10198481419166214,-1.3329602830418101,False
4.284,-1.3147369415793255,7.624359998606927,0.10198481419166214,-1.3329602830418101,-1.3323181950181167,0.01822334146248461,0.017581253438791133,0.002109750412654936,0.0024147838923092007,-0.03703096834650679,-0.03250643404154266,-0.03250643404154266,False,False,-0.036643559946519924,0.09934953237646343,-1.3176409075993496,False
4.2860000000000005,-1.2994672818950852,7.645258995121041,0.09934953237646343,-1.3176409075993496,-1.316496050621428,0.018173625704264396,0.017028768726342847,0.0020434522471611417,0.002435218414780812,-0.03503251870508897,-0.03055384804314702,-0.03055384804314702,False,False,-0.03436487598604665,0.09674502964107196,-1.3022513676957377,False
4.288,-1.284156068582852,7.665913515877506,0.09674502964107196,-1.3022513676957377,-1.3020857833461867,0.018095299112885765,0.017929714763334825,0.002151565771600179,0.0024567340724968136,-0.03303432412533988,-0.028426024281242888,-0.028426024281242888,False,False,-0.03250643404154266,0.09417135677327546,-1.286836433898252,False
4.29,-1.2688037912559098,7.686322900397784,0.09417135677327546,-1.286836433898252,-1.2849691919811854,0.018032642642342278,0.016165400725275614,0.0019398480870330735,0.0024761325533671445,-0.031036448504391023,-0.026620467863990804,-0.026620467863990804,False,False,-0.03055384804314702,0.09162858371623761,-1.2713865285189203,False
4.292,-1.2534109408406888,7.706486496042139,0.09162858371623761,-1.2713865285189203,-1.275938321207982,0.017975587678231486,0.02252738036729318,0.002703285644075182,0.0025031654098078963,-0.02903895572917753,-0.02383250467529445,-0.02383250467529445,False,False,-0.028426024281242888,0.08911681633888949,-1.2558836886740599,False
4.2940000000000005,-1.2379780095610182,7.726403658030557,0.08911681633888949,-1.2558836886740599,-1.2539559838909922,0.01790567911304164,0.015977974329973943,0.001917356919596873,0.0025223389790038652,-0.027041909674389075,-0.022602213775788336,-0.022602213775788336,False,False,-0.026620467863990804,0.08663609186370143,-1.2403622375940262,False
4.296,-1.222505490922439,7.7460737494633065,0.08663609186370143,-1.2403622375940262,-1.2388893846012983,0.017856746671587098,0.016383893678859174,0.001966067241463101,0.002541999651418496,-0.025045374200433984,-0.020537307307552388,-0.020537307307552388,False,False,-0.02383250467529445,0.0841866528193442,-1.224719522178609,False
4.298,-1.2069938796963804,7.765496141341357,0.0841866528193442,-1.224719522178609,-1.2257663033357156,0.01772564248222852,0.01877242363933518,0.0022526908367202212,0.0025645265597856984,-0.023049413151391696,-0.018232195754885775,-0.018232195754885775,False,False,-0.022602213775788336,0.08176841289258893,-1.2091199633776335,False
4.3,-1.1914436719043464,7.7846702125864775,0.08176841289258893,-1.2091199633776335,-1.2079708314573039,0.017676291473287087,0.01652715955295747,0.0019832591463548963,0.0025843591512492475,-0.0210540903529724,-0.016486472055368254,-0.016486472055368254,False,False,-0.020537307307552388,0.0793814614871015,-1.1934757027437188,False
4.3020000000000005,-1.1758553648020564,7.803595350061101,0.0793814614871015,-1.1934757027437188,-1.1936344144075766,0.0176203379416624,0.017779049605520125,0.0021334859526624147,0.0026056940107758715,-0.019059469610476096,-0.014320289647037809,-0.014320289647037809,False,False,-0.018232195754885775,0.07702593732249578,-1.1777620823028594,False
4.304,-1.1602294568635712,7.822270948587891,0.07702593732249578,-1.1777620823028594,-1.1783872383672027,0.01753262543928824,0.018157781503631565,0.0021789337804357877,0.0026274833485802293,-0.017065614706755827,-0.01225919757773981,-0.01225919757773981,False,False,-0.016486472055368254,0.07470186045788592,-1.1620384323049344,False
4.306,-1.144566447765316,7.84069641096915,0.07470186045788592,-1.1620384323049344,-1.1649256894140234,0.017471984539618512,0.020359241648707505,0.0024431089978449003,0.002651914438558678,-0.015072589400173336,-0.009977565963769757,-0.009977565963769757,False,False,-0.014320289647037809,0.07240933877567497,-1.1462608411054704,False
4.308,-1.1288668383701053,7.858871148005895,0.07240933877567497,-1.1462608411054704,-1.1470756227752137,0.017394002735365177,0.018208784405108425,0.002185054128613011,0.002673764979844808,-0.013080457422560643,-0.008221638314102823,-0.008221638314102823,False,False,-0.01225919757773981,0.07014845696640849,-1.1304409046332398,False
4.3100000000000005,-1.1131311307111529,7.876794578516689,0.07014845696640849,-1.1304409046332398,-1.1310439601771964,0.01730977392208688,0.017912829466043556,0.0021495395359252267,0.00269526037520406,-0.011089282477185297,-0.00624448256605601,-0.00624448256605601,False,False,-0.009977565963769757,0.06791934497044101,-1.1145559979837383,False
4.312,-1.0973598279759964,7.894466129356229,0.06791934497044101,-1.1145559979837383,-1.1166688310587771,0.017196170007741873,0.019309003082780718,0.002317080369933686,0.002718431178903397,-0.00909912823671083,-0.004063616687873747,-0.004063616687873747,False,False,-0.008221638314102823,0.0657220212175285,-1.0986618764562543,False
4.314,-1.0815534344904183,7.911885235433679,0.0657220212175285,-1.0986618764562543,-1.0973284684416023,0.017108441965836052,0.01577503395118396,0.001893004074142075,0.0027373612196448177,-0.007110058341161782,-0.0024796930473748886,-0.0024796930473748886,False,False,-0.00624448256605601,0.06355655025985464,-1.0827354788369319,False
4.316,-1.0657124557022981,7.929051339730747,0.06355655025985464,-1.0827354788369319,-1.0817301303549915,0.017023023134633775,0.016017674652693437,0.0019221209583232123,0.00275658242922805,-0.00512213639588642,-0.0004434330083351581,-0.0004434330083351581,False,False,-0.004063616687873747,0.06142303859673299,-1.0667558315608252,False
4.3180000000000005,-1.049837398165474,7.945963893319485,0.06142303859673299,-1.0667558315608252,-1.0659422125867035,0.01691843339535115,0.016104814421229463,0.0019325777305475354,0.002775908206533525,-0.0031354259695255404,0.00157305996755552,0.00157305996755552,False,False,-0.0024796930473748886,0.059321466557324044,-1.050786019704472,False
4.32,-1.0339287695235508,7.9626223553798265,0.059321466557324044,-1.050786019704472,-1.053909703149512,0.016857250180921213,0.019980933625961095,0.0023977120351153314,0.0027998853268846784,-0.0011499905919807318,0.004047606770019278,0.004047606770019278,False,False,-0.0004434330083351581,0.0572519094060169,-1.034778575653574,False
4.322,-1.017987078493621,7.979026193216933,0.0572519094060169,-1.034778575653574,-1.0361657049993744,0.016791497159952984,0.018178626505753526,0.002181435180690423,0.0028216996786915825,0.0008341062476230621,0.005837241107005068,0.005837241107005068,False,False,0.00157305996755552,0.055214437440572396,-1.018735982722251,False
4.324,-1.0020128348500514,7.995174882278167,0.055214437440572396,-1.018735982722251,-1.0194336353591087,0.01672314787219964,0.017420800509057255,0.0020904960610868707,0.002842604639302451,0.002816801102960731,0.007749901803350053,0.007749901803350053,False,False,0.004047606770019278,0.05320921610213903,-1.0026106692166843,False
4.3260000000000005,-0.9860065494081341,8.011067906169922,0.05320921610213903,-1.0026106692166843,-1.0043770650258703,0.016604119808550144,0.01837051561773617,0.0022044618741283405,0.0028646492580437347,0.004798030572542203,0.009867141704714278,0.009867141704714278,False,False,0.005837241107005068,0.0512362655928226,-0.9864752546582153,False
4.328,-0.9699687340078101,8.026704756674068,0.0512362655928226,-0.9864752546582153,-0.9871737832394025,0.016506520650405143,0.017205049231592384,0.002064605907791086,0.0028852953171216457,0.006777731301732204,0.011727632526644936,0.011727632526644936,False,False,0.007749901803350053,0.04929563165428552,-0.9703169692685399,False
4.33,-0.9538999014972326,8.042084933764283,0.04929563165428552,-0.9703169692685399,-0.9716402386730271,0.01641706777130736,0.017740337175794485,0.002128840461095338,0.002906583721732599,0.008755839984785158,0.013791264167613095,0.013791264167613095,False,False,0.009867141704714278,0.04738740236409676,-0.9541146450943813,False
4.332,-0.9378005657164272,8.05720794562197,0.04738740236409676,-0.9541146450943813,-0.9563042512451719,0.01631407937795404,0.018503685528744707,0.0022204422634493647,0.0029287881443670924,0.01073229336686176,0.01588152377467822,0.01588152377467822,False,False,0.011727632526644936,0.04551161106843986,-0.9378956478284514,False
4.3340000000000005,-0.9216712414808107,8.072073308652048,0.04551161106843986,-0.9378956478284514,-0.9360462125384004,0.016224406347640663,0.01437497105758967,0.0017249965269107604,0.0029460381096362,0.01270702824605826,0.017378062882605218,0.017378062882605218,False,False,0.013791264167613095,0.04366833328447704,-0.9216388919814071,False
4.336,-0.9055124445647844,8.086680547498348,0.04366833328447704,-0.9216388919814071,-0.9244990826817696,0.016126447416622725,0.0189866381169852,0.002278396574038224,0.0029688220753765824,0.014679981475420337,0.01992720012483514,0.01992720012483514,False,False,0.01588152377467822,0.041857649275055496,-0.905342004710774,False
4.338,-0.8893246916851947,8.101029195058873,0.041857649275055496,-0.905342004710774,-0.9057787862272748,0.016017313025579294,0.016454094542080133,0.0019744913450496157,0.0029885669888270786,0.01665108996496828,0.021614148298844976,0.021614148298844976,False,False,0.017378062882605218,0.040079514095929275,-0.8890675895631095,False
4.34,-0.8731085004848202,8.115118792500708,0.040079514095929275,-0.8890675895631095,-0.8898688378890194,0.015959089078289246,0.016760337404199133,0.002011240488503896,0.0030086793937121174,0.01862029068371296,0.023640210565928972,0.023640210565928972,False,False,0.01992720012483514,0.03833410371038056,-0.8727051927743582,False
4.3420000000000005,-0.8568643895158194,8.128948889274701,0.03833410371038056,-0.8727051927743582,-0.8739181114917465,0.01584080325853876,0.017053721975927028,0.002046446637111243,0.0030291438600832297,0.02058752066167141,0.02566311115886588,0.02566311115886588,False,False,0.021614148298844976,0.036621411605356945,-0.8563460525118077,False
4.344,-0.8405928782231782,8.142519043129848,0.036621411605356945,-0.8563460525118077,-0.8582252141781824,0.015753174288629546,0.01763233595500424,0.002115880314600509,0.003050302663229235,0.022552716991876963,0.02771889996970671,0.02771889996970671,False,False,0.023640210565928972,0.03494150234970022,-0.8399546278283627,False
4.346,-0.8242944869280598,8.155828820127464,0.03494150234970022,-0.8399546278283627,-0.8388795324629869,0.015660140900302877,0.01458504553492701,0.0017502054641912411,0.0030678047178711474,0.024515816832395586,0.029333827014457976,0.029333827014457976,False,False,0.02566311115886588,0.03329443914036387,-0.8235316046681754,False
4.348,-0.8079697368111702,8.16887779465505,0.03329443914036387,-0.8235316046681754,-0.8238030695107739,0.015561867857005196,0.01583333269960363,0.0018999999239524357,0.003086804717110672,0.026476757408334828,0.03146356204939794,0.03146356204939794,False,False,0.02771889996970671,0.03168029136632124,-0.8070738870213156,False
4.3500000000000005,-0.7916191498961183,8.181665549439897,0.03168029136632124,-0.8070738870213156,-0.8096089390958806,0.015454737125197293,0.01798978919976235,0.0021587747039714823,0.0031083924641503867,0.028435476013848354,0.03370264318197022,0.03370264318197022,False,False,0.029333827014457976,0.03009903533752363,-0.790628014398803,False
4.352,-0.7752432490327026,8.19419167556243,0.03009903533752363,-0.790628014398803,-0.7898163662062889,0.01538476536610045,0.014573117173586336,0.0017487740608303603,0.00312588020475869,0.030391910014143396,0.035266564279732446,0.035266564279732446,False,False,0.03146356204939794,0.028550755424850832,-0.7741399563363999,False
4.354,-0.7588425578802016,8.206455772469289,0.028550755424850832,-0.7741399563363999,-0.7723185056996804,0.015297398456198263,0.013475947819478806,0.0016171137383374566,0.0031420513421420646,0.03234599684748269,0.03710516192796221,0.03710516192796221,False,False,0.03370264318197022,0.027035557968662957,-0.7575987280939375,False
4.356,-0.7424176008906083,8.218457447986138,0.027035557968662957,-0.7575987280939375,-0.7575668400562071,0.015181127203329203,0.015149239165598849,0.0018179086998718619,0.0031602304291407832,0.03429767402718779,0.039275813156200434,0.039275813156200434,False,False,0.035266564279732446,0.02555340676215344,-0.7410756032547599,False
4.358,-0.7259689032918955,8.230196318330199,0.02555340676215344,-0.7410756032547599,-0.7409154458026954,0.0151066999628644,0.014946542510799965,0.0017935851012959958,0.003178166280153743,0.03624687914363354,0.041218630525083275,0.041218630525083275,False,False,0.03710516192796221,0.02410432351366346,-0.7245416242449887,False
4.36,-0.7094969910711736,8.241672008122542,0.02410432351366346,-0.7245416242449887,-0.7225095892025726,0.015044633173815103,0.013012598131398989,0.0015615117757678786,0.003193781397911422,0.03819354986625027,0.042948843039929574,0.042948843039929574,False,False,0.039275813156200434,0.02268839922471006,-0.7079621444766994,False
4.362,-0.6930023909579285,8.252884150400051,0.02268839922471006,-0.7079621444766994,-0.7086907382009433,0.01495975351877088,0.015688347243014822,0.0018826016691617785,0.0032126074146030395,0.04013762394551228,0.045232833029277095,0.045232833029277095,False,False,0.041218630525083275,0.021305676188110724,-0.6913615182996685,False
4.364,-0.676485630407131,8.263832386627202,0.021305676188110724,-0.6913615182996685,-0.6894342790615171,0.014875887892537576,0.012948648654386163,0.0015538378385263395,0.003228145792988303,0.0420790392149382,0.04686102284645284,0.04686102284645284,False,False,0.042948843039929574,0.019956151712405796,-0.6747622378524636,False
4.366,-0.6599472375823804,8.274516366707505,0.019956151712405796,-0.6747622378524636,-0.6739622087657742,0.0148150002700832,0.014014971183393787,0.0016817965420072543,0.0032449637584083756,0.044017733593085404,0.048944493893501036,0.048944493893501036,False,False,0.045232833029277095,0.018639939096404018,-0.6581063080008888,False
4.368,-0.6433877413390156,8.284935748994707,0.018639939096404018,-0.6581063080008888,-0.658599596581446,0.014718566661873211,0.015211855242430405,0.0018254226290916485,0.0032632179846992923,0.04595364508555064,0.05104228569934158,0.05104228569934158,False,False,0.04686102284645284,0.01735701306919387,-0.6414630136050737,False
4.37,-0.6268076712072346,8.295090200303703,0.01735701306919387,-0.6414630136050737,-0.6393450677084175,0.014655342397839166,0.012537396501182907,0.0015044875801419487,0.0032782628605007116,0.04788671178697897,0.05266946222762163,0.05266946222762163,False,False,0.048944493893501036,0.01610744397330258,-0.6247845479456445,False
4.372,-0.61020755737512,8.304979395921203,0.01610744397330258,-0.6247845479456445,-0.6222311509350666,0.014576990570524528,0.012023593559946644,0.0014428312271935972,0.0032926911727726477,0.049816871883106656,0.0545523942830729,0.0545523942830729,False,False,0.05104228569934158,0.014891304376707432,-0.6080697982975738,False
4.374,-0.59358793067169,8.314603019616122,0.014891304376707432,-0.6080697982975738,-0.6054508609907711,0.01448186762588377,0.011862930319081033,0.001423551638289724,0.003306926689155545,0.05174406365285153,0.0564745419802968,0.0564745419802968,False,False,0.05266946222762163,0.013708567503047334,-0.5913684368300487,False
4.376,-0.5769493225499447,8.32396076364968,0.013708567503047334,-0.5913684368300487,-0.5899214828222584,0.014419114280104006,0.012972160272313737,0.0015566592326776484,0.0033224932814823215,0.053668225470507556,0.058547377984667526,0.058547377984667526,False,False,0.0545523942830729,0.012559260425384178,-0.5746535388315781,False
4.378,-0.560292265069877,8.333052328785234,0.012559260425384178,-0.5746535388315781,-0.5764485931608188,0.014361273761701154,0.016156328090941807,0.0019387593709130168,0.0033418808751914516,0.055589295808150974,0.06086993605425544,0.06086993605425544,False,False,0.0564745419802968,0.011443418130885029,-0.5579211472495745,False
4.38,-0.5436172908814167,8.341877424297873,0.011443418130885029,-0.5579211472495745,-0.5581068590053676,0.014303856368157786,0.014489568123950858,0.0017387481748741029,0.0033592683569401926,0.057507213238465665,0.06260522977027996,0.06260522977027996,False,False,0.058547377984667526,0.010361106776129291,-0.5411556773778685,False
4.382,-0.5269249332074294,8.350435767983702,0.010361106776129291,-0.5411556773778685,-0.5412317276147234,0.014230744170439125,0.014306794407293988,0.0017168153288752786,0.0033764365102289455,0.05942191643837226,0.06451516827747648,0.06451516827747648,False,False,0.06086993605425544,0.009312444082059026,-0.524331347035133,False
4.384,-0.5102157258266649,8.358727086168857,0.009312444082059026,-0.524331347035133,-0.5241788481477186,0.014115621208468099,0.01396312232105379,0.0016755746785264546,0.00339319225701421,0.06133334419425553,0.0664021111297962,0.0664021111297962,False,False,0.06260522977027996,0.008297423502638498,-0.5075102897102638,False
4.386,-0.4934902030566989,8.366751113718257,0.008297423502638498,-0.5075102897102638,-0.5074853610586629,0.014020086653564912,0.013995158001964048,0.0016794189602356857,0.003409986446616567,0.06324143541031768,0.06833084081716993,0.06833084081716993,False,False,0.06451516827747648,0.0073160751343063594,-0.4906741841660696,False
4.388,-0.4767488997368007,8.374507594044106,0.0073160751343063594,-0.4906741841660696,-0.4874018338997085,0.013925284429268936,0.010652934162907801,0.0012783520995489361,0.0034227699676120564,0.06514612912307291,0.0698472511902339,0.0698472511902339,False,False,0.0664021111297962,0.006368423927347321,-0.4738256034795191,False
4.39,-0.45999235121088655,8.38199627911407,0.006368423927347321,-0.4738256034795191,-0.4768175887247972,0.013833252268632523,0.01682523751391063,0.0020190285016692755,0.003442960252628749,0.06704736452786633,0.07250935328216436,0.07250935328216436,False,False,0.06833084081716993,0.00545450330786934,-0.4569603097389907,False
4.392,-0.4432210933103493,8.38921692945923,0.00545450330786934,-0.4569603097389907,-0.4543054844838003,0.013739216428641399,0.011084391173451003,0.0013301269408141202,0.0034562615220368902,0.0689450810290286,0.07373146949187961,0.07373146949187961,False,False,0.0698472511902339,0.004574259995037716,-0.4401216564158119,False
4.394,-0.4264356623369866,8.396169314181716,0.004574259995037716,-0.4401216564158119,-0.4413242753994489,0.013685994078825314,0.014888613062462308,0.001786633567495477,0.003474127857711845,0.07083921833639972,0.07609997976160704,0.07609997976160704,False,False,0.07250935328216436,0.003727881200838473,-0.42318939709962133,False
4.396,-0.4096365950457777,8.402853210962114,0.003727881200838473,-0.42318939709962133,-0.4222700403063505,0.013552802053843627,0.012633445260572806,0.0015160134312687367,0.0034892879920245326,0.07272971665296837,0.07773501807626164,0.07773501807626164,False,False,0.07373146949187961,0.0029152505467503844,-0.40631532704404444,False
4.398,-0.39282442862778283,8.409268406066559,0.0029152505467503844,-0.40631532704404444,-0.4095505061204488,0.01349089841626161,0.01672607749266597,0.002007129299119916,0.0035093592850157316,0.07461651704149508,0.08013300562563072,0.08013300562563072,False,False,0.07609997976160704,0.0021364929875246595,-0.3893787796128624,False
4.4,-0.375999700692912,8.415414694353588,0.0021364929875246595,-0.3893787796128624,-0.38935655032724237,0.013379078919950382,0.01335684963433037,0.0016028219561196443,0.003525387504576928,0.07649956214298137,0.08162777160367794,0.08162777160367794,False,False,0.07773501807626164,0.0013915785148744823,-0.3724572363250886,False
4.402,-0.3591629492527923,8.42129187928067,0.0013915785148744823,-0.3724572363250886,-0.3714600499234877,0.013294287072296296,0.012297100670695393,0.0014756520804834472,0.0035401440253817625,0.07837879758690794,0.08339459369277315,0.08339459369277315,False,False,0.08013300562563072,0.0006806372100585875,-0.3554706524079474,False
4.404,-0.3423147127035154,8.426899772910518,0.0006806372100585875,-0.3554706524079474,-0.3544029490467534,0.013155939704432018,0.012088236343238024,0.0014505883611885628,0.003554649908993648,0.08025417476211517,0.08525941303229738,0.08525941303229738,False,False,0.08162777160367794,3.6085872879685786e-06,-0.33851431138530946,False
4.406,-0.32545552980842707,8.432238195917092,3.6085872879685786e-06,-0.33851431138530946,-0.33697437175020034,0.013058781576882394,0.011518841941773272,0.0013822610330127927,0.003568472519323776,0.08212565626461892,0.08707638981695548,0.08707638981695548,False,False,0.08339459369277315,-0.0006395102116297012,-0.3215593994588349,False
4.408,-0.30858593968092474,8.43730697759133,-0.0006395102116297012,-0.3215593994588349,-0.32103390650070324,0.012973459777910146,0.0124479668197785,0.00149375601837342,0.00358341007950751,0.08399322661352714,0.08907039271140807,0.08907039271140807,False,False,0.08525941303229738,-0.0012487015042259922,-0.30459564629814545,False
4.41,-0.29170648176719727,8.4421059558466,-0.0012487015042259922,-0.30459564629814545,-0.3058911431509897,0.012889164530948183,0.01418466138379243,0.0017021593660550916,0.0036004316731680606,0.08585691333679069,0.09115950437601383,0.09115950437601383,False,False,0.08707638981695548,-0.0018239578429802622,-0.287628169377135,False
4.412,-0.2748176958289853,8.446634977223898,-0.0018239578429802622,-0.287628169377135,-0.2850551977460376,0.012810473548149681,0.010237501917052305,0.0012285002300462765,0.0036127166754685233,0.08771682847299828,0.09255804537851307,0.09255804537851307,False,False,0.08907039271140807,-0.002365234837150172,-0.2706384970849549,False
4.414,-0.25792012192629976,8.450893896896746,-0.002365234837150172,-0.2706384970849549,-0.27143587775022415,0.012718375158655149,0.013515755823924391,0.0016218906988709268,0.0036289355824572324,0.0895732502730866,0.09482407655441476,0.09482407655441476,False,False,0.09115950437601383,-0.002872468755455114,-0.25361695915247096,False
4.416,-0.24101430040017874,8.454882578675829,-0.002872468755455114,-0.25361695915247096,-0.2536882045033166,0.012602658752292217,0.012673904103137845,0.0015208684923765413,0.0036441442673809978,0.09142678405792787,0.09659179681768541,0.09659179681768541,False,False,0.09255804537851307,-0.0033457413450688352,-0.23663629480686077,False
4.418,-0.22410077185541413,8.458600895013337,-0.0033457413450688352,-0.23663629480686077,-0.23484768766890346,0.012535522951446637,0.010746915813489327,0.0012896298976187192,0.003657040566357185,0.09327867890878035,0.09822534937275625,0.09822534937275625,False,False,0.09482407655441476,-0.0037849521410224345,-0.2196053979767995,False
4.42,-0.20718007714322192,8.462048727007058,-0.0037849521410224345,-0.2196053979767995,-0.2205088967834226,0.012425320833577586,0.013328819640200662,0.0015994583568240794,0.0036730351499254256,0.09513145097053949,0.100403944477289,0.100403944477289,False,False,0.09659179681768541,-0.004190106802993063,-0.2025773309853144,False
4.422,-0.1902527573439791,8.465225964404182,-0.004190106802993063,-0.2025773309853144,-0.2083920186119333,0.012324573641335324,0.018139261267954204,0.0021767113521545044,0.003694802263446971,0.09699010926654594,0.10286162288214742,0.10286162288214742,False,False,0.09822534937275625,-0.004561240351585932,-0.18556677429643403,False
4.424,-0.1733193537499211,8.468132505604808,-0.004561240351585932,-0.18556677429643403,-0.18928594540080818,0.012247420546512927,0.01596659165088707,0.0019159909981064482,0.0037139621734280353,0.0988645623140332,0.1044945154855677,0.1044945154855677,False,False,0.100403944477289,-0.004898275907097481,-0.16851777775577456,False
4.426,-0.1563804078478436,8.47076825766521,-0.004898275907097481,-0.16851777775577456,-0.16559300535916188,0.012137369907930962,0.009212597511318282,0.0011055117013581937,0.003725017290441617,0.10077432630165357,0.10560485529345338,0.10560485529345338,False,False,0.10286162288214742,-0.005201084191127981,-0.15140414201525007,False
4.428,-0.13943646130173912,8.473133136300802,-0.005201084191127981,-0.15140414201525007,-0.14955742456477614,0.011967680713510953,0.01012096326303702,0.0012145155915644424,0.0037371624463572615,0.10275767032422338,0.10770934836214509,0.10770934836214509,False,False,0.1044945154855677,-0.005469720397664895,-0.13431810326845695,False
4.43,-0.12248805593553448,8.475227065888838,-0.005469720397664895,-0.13431810326845695,-0.13389796508684687,0.011830047332922464,0.011409909151312389,0.0013691890981574867,0.003750854337338836,0.10488912625230806,0.11000916968780439,0.11000916968780439,False,False,0.10560485529345338,-0.005704368789391017,-0.11732419586306134,False
4.432,-0.10553573371571158,8.477049979470824,-0.005704368789391017,-0.11732419586306134,-0.11119874324035971,0.011788462147349757,0.005663009524648127,0.0006795611429577753,0.003757649948768414,0.10731204502428635,0.11174925611601254,0.11174925611601254,False,False,0.10770934836214509,-0.005905042581320178,-0.10033689596458027,False
4.434,-0.08858003673404044,8.478601818754662,-0.005905042581320178,-0.10033689596458027,-0.10105570758246513,0.011756859230539832,0.012475670848424686,0.0014970805018109622,0.0037726207537865236,0.11029551159114678,0.11556521284674427,0.11556521284674427,False,False,0.11000916968780439,-0.00607178988458988,-0.08337365163485107,False
4.436,-0.0716215071901701,8.479882534116514,-0.00607178988458988,-0.08337365163485107,-0.08549239411511055,0.011752144444680965,0.013870886924940443,0.001664506430992853,0.003789265818096452,0.1143208303618926,0.1197746026109819,0.1197746026109819,False,False,0.11174925611601254,-0.006204918988523707,-0.06656455196691358,False
4.438,-0.05466068737435423,8.480892084602395,-0.006204918988523707,-0.06656455196691358,-0.06693922046193344,0.011903864592559349,0.012278533087579216,0.0014734239705095058,0.003804000057801547,0.12016889826216101,0.12544632229047206,0.12544632229047206,False,False,0.11556521284674427,-0.006304555542624307,-0.04981827705030026,False
4.44,-0.03769811965005695,8.481630437929468,-0.006304555542624307,-0.04981827705030026,-0.046037398615282325,0.01212015740024331,0.008339278965225377,0.0010007134758270452,0.0038140071925598174,0.1288689205084222,0.13368364117680906,0.13368364117680906,False,False,0.1197746026109819,-0.0063711722683382965,-0.03330836285699473,False
4.442,-0.020734346436667914,8.482097570487088,-0.0063711722683382965,-0.03330836285699473,-0.02987419284473839,0.012574016420326819,0.009139846408070477,0.0010967815689684572,0.0038249750082495018,0.14119907961534028,0.14612083619255825,0.14612083619255825,False,False,0.12544632229047206,-0.006405543749255871,-0.017185740458787416,False
4.444,-0.0037699101921092773,8.48229346733756,-0.006405543749255871,-0.017185740458787416,-0.020707606535816568,0.013415830266678138,0.01693769634370729,0.002032523561244875,0.0038453002438619504,0.15662630303024275,0.16250412683534957,0.16250412683534957,False,False,0.13368364117680906,-0.006408565602906453,-0.0015109268252905643,False
4.446,0.013194646604505447,8.4822181222166,-0.006408565602906453,-0.0015109268252905643,-0.0009435418638478177,0.01470557342979601,0.014138188468353264,0.0016965826162023915,0.0038622660700239745,0.17273652841017928,0.17829537709640564,0.17829537709640564,False,False,0.14612083619255825,-0.006380684607896953,0.013940497504750005,False
4.448,0.030158781470191805,8.481871537533555,-0.006380684607896953,0.013940497504750005,0.014464496325565387,0.0162182839654418,0.015694285144626417,0.00188331421735517,0.0038810992121975263,0.18661302087252787,0.19237743430208057,0.19237743430208057,False,False,0.16250412683534957,-0.0063215292169422925,0.029577695477330194,False
4.45,0.04712195193546295,8.481253724371314,-0.0063215292169422925,0.029577695477330194,0.027937669920097302,0.01754425645813276,0.01918428201536565,0.0023021138418438778,0.003904120350615965,0.19685705797275627,0.2030632921652161,0.2030632921652161,False,False,0.17829537709640564,-0.006230470528475071,0.045529344233610575,False
4.452,0.06408361556166575,8.480364702485952,-0.006230470528475071,0.045529344233610575,0.044122594913582495,0.018554271328055177,0.019961020648083257,0.0023953224777699907,0.003928073575393665,0.20380794083348014,0.2101313368866438,0.2101313368866438,False,False,0.19237743430208057,-0.0061066249046764,0.06192281189933531,False
4.454,0.0810432299583479,8.479204500306112,-0.0061066249046764,0.06192281189933531,0.06534803209866369,0.019120418059012587,0.015695197859684207,0.0018834237431621047,0.003946907812825286,0.20848394080567972,0.2143142723616671,0.2143142723616671,False,False,0.2030632921652161,-0.005949228099539864,0.0786984025682682,False
4.456,0.09800025280057553,8.477773154932075,-0.005949228099539864,0.0786984025682682,0.08071344813121464,0.019301850232307335,0.01728680466936089,0.002074416560323307,0.003967651978428519,0.2118006695067416,0.21784273804549342,0.21784273804549342,False,False,0.2101313368866438,-0.00575782297496997,0.09570256228494703,False
4.458,0.11495414184627008,8.476070712134598,-0.00575782297496997,0.09570256228494703,0.095708866838468,0.01925157956132305,0.01924527500780207,0.0023094330009362485,0.003990746308437881,0.2143648551421922,0.22066503445156632,0.22066503445156632,False,False,0.2143142723616671,-0.0055322655896127846,0.11277869267859278,False
4.46,0.13190435495359035,8.47409722635343,-0.0055322655896127846,0.11277869267859278,0.11186722071229889,0.019125662274997568,0.020037134241291457,0.002404456108954975,0.004014790869527431,0.21652776144062397,0.22294700841910636,0.22294700841910636,False,False,0.21784273804549342,-0.005272380208028164,0.12994269079231013,False
4.462,0.14885035009823694,8.47185276069558,-0.005272380208028164,0.12994269079231013,0.13197439033825115,0.018907659305926805,0.016875959759985792,0.002025115171198295,0.004035042021239414,0.21847980924401583,0.22453996643645355,0.22453996643645355,False,False,0.22066503445156632,-0.0049780498892242715,0.14716515940194638,False
4.464,0.1657915853907847,8.469337386933296,-0.0049780498892242715,0.14716515940194638,0.14686161282198068,0.01862642598883832,0.01892997256880402,0.0022715967082564824,0.0040577579883219785,0.22032088269869265,0.22665023739527113,0.22665023739527113,False,False,0.22294700841910636,-0.004649224623590996,0.16441263281663782,False
4.466,0.18272751909400034,8.466551185501778,-0.004649224623590996,0.16441263281663782,0.16254933626006884,0.018314886277362524,0.020178182833931496,0.0024213819400717793,0.004081971807722696,0.22210250556331557,0.22860585931111005,0.22860585931111005,False,False,0.22453996643645355,-0.004285974879942481,0.18162487182425743,False
4.468,0.19965760964021378,8.463494245496593,-0.004285974879942481,0.18162487182425743,0.18305285414941871,0.01803273781595635,0.01660475549079507,0.0019925706588954082,0.004101897514311651,0.22385102320064848,0.22994549137385553,0.22994549137385553,False,False,0.22665023739527113,-0.0038882496687844582,0.1988626055790115,False
4.47,0.2165813156485775,8.460166664670837,-0.0038882496687844582,0.1988626055790115,0.2011551162448673,0.01771871006956599,0.015426199403710206,0.0018511439284452245,0.004120408953596103,0.22557983797057216,0.23155139085261348,0.23155139085261348,False,False,0.22860585931111005,-0.00345602475884245,0.21611245497100404,False
4.472,0.23349809594243165,8.456568549432,-0.00345602475884245,0.21611245497100404,0.21651347252024197,0.017385640971427613,0.016984623422189676,0.0020381548106627612,0.004140790501702731,0.22729574100456307,0.23347468631692855,0.23347468631692855,False,False,0.22994549137385553,-0.0029894020528428993,0.2333113529997754,False
4.474,0.2504074095665458,8.452700014838577,-0.0029894020528428993,0.2333113529997754,0.23434968097069409,0.01709605656677038,0.016057728595851695,0.0019269274315022033,0.0041600597760177525,0.2290021570722695,0.23508914427978947,0.23508914427978947,False,False,0.23155139085261348,-0.002488425004391713,0.2504885242255931,False
4.476,0.26730871580449156,8.448561184596366,-0.002488425004391713,0.2504885242255931,0.24913574515118783,0.01682019157889847,0.018172970653303727,0.0021807564783964473,0.004181867340801717,0.2307007994588352,0.23706342327803337,0.23706342327803337,False,False,0.23347468631692855,-0.0019530693419151182,0.26767783123829736,False
4.478,0.28420147419586966,8.444152191054542,-0.0019530693419151182,0.26767783123829736,0.2693170763797653,0.016523642957572304,0.014884397816104344,0.0017861277379325213,0.004199728618181043,0.23239251194884455,0.23837836830495812,0.23837836830495812,False,False,0.23508914427978947,-0.001383375337708383,0.2848470021033675,False
4.48,0.3010851445536457,8.439473175201394,-0.001383375337708383,0.2848470021033675,0.2857757784781392,0.016238142450278215,0.015309366075506536,0.0018371239290607842,0.0042180998574716504,0.23407769673930603,0.24013292052583846,0.24013292052583846,False,False,0.23706342327803337,-0.0007793072766720372,0.3020340305181729,False
4.482,0.3179591869813653,8.434524286659842,-0.0007793072766720372,0.3020340305181729,0.3014410338666496,0.015925156463192425,0.016518153114715717,0.001982178373765886,0.004237921641209309,0.23575653181038056,0.24197663182535575,0.24197663182535575,False,False,0.23837836830495812,-0.0001409678010722684,0.3191697377998844,False
4.484,0.3348230618904665,8.42930568368264,-0.0001409678010722684,0.3191697377998844,0.32328923904218987,0.01565332409058212,0.011533822848276643,0.001384058741793197,0.004251762228627241,0.23742908133017696,0.2430649023005974,0.2430649023005974,False,False,0.24013292052583846,0.0005316336789510702,0.33630074001166926,False
4.486,0.3516762300175291,8.42381753314731,0.0005316336789510702,0.33630074001166926,0.3360037089050015,0.01537549000585986,0.01567252111252765,0.0018807025335033179,0.004270569253962275,0.2390953517332621,0.24524662352072768,0.24524662352072768,False,False,0.24197663182535575,0.0012385065516784337,0.3534364363636817,False
4.488,0.3685181524414924,8.418060010550821,0.0012385065516784337,0.3534364363636817,0.35197205828903283,0.01508171607781067,0.016546094152459556,0.001985531298295147,0.004290424566945226,0.24075532020947857,0.24703127607471895,0.24703127607471895,False,False,0.2430649023005974,0.0019795019259560794,0.37049768713882286,False
4.49,0.3853482906009097,8.412033300003966,0.0019795019259560794,0.37049768713882286,0.3711006696004584,0.014850603462086831,0.014247621000451294,0.001709714520054155,0.004307521712145768,0.24240894918016628,0.24842618541236622,0.24842618541236622,False,False,0.24524662352072768,0.002754701521803429,0.38759979792367477,False
4.492,0.40216610631115957,8.40573759422548,0.002754701521803429,0.38759979792367477,0.38770944532517054,0.014566308387484794,0.014456660985989023,0.0017347993183186826,0.004324869705328954,0.2440561936563133,0.25011586267996094,0.25011586267996094,False,False,0.24703127607471895,0.0035641030180940305,0.40470074814530066,False
4.494,0.4189710617816767,8.39917309453587,0.0035641030180940305,0.40470074814530066,0.400287420539359,0.014270313636376042,0.018683641242317695,0.002242036949078123,0.004347290074819736,0.24569700498011388,0.25228633200401174,0.25228633200401174,False,False,0.24842618541236622,0.004407622508835803,0.42175974537088645,False
4.496,0.4357626196331227,8.392340010850983,0.004407622508835803,0.42175974537088645,0.421104509165018,0.014002874262236231,0.014658110468104668,0.0017589732561725602,0.0043648798073814615,0.2473313327285061,0.2534551857920601,0.2534551857920601,False,False,0.25011586267996094,0.005285238735505346,0.43880811333477143,False
4.498,0.45254024291456485,8.385238561675305,0.005285238735505346,0.43880811333477143,0.43603971343213965,0.013732129579793417,0.016500529482425197,0.0019800635378910236,0.004384680442760372,0.24895912568233539,0.25532386966298676,0.25532386966298676,False,False,0.25228633200401174,0.006197031351271092,0.45589630788287255,False
4.5,0.46930339512069374,8.377868974094941,0.006197031351271092,0.45589630788287255,0.4533211440786296,0.013407087237821191,0.015982251042064133,0.0019178701250476958,0.004403859144010849,0.2505803323203707,0.25690206158942924,0.25690206158942924,False,False,0.2534551857920601,0.007142869396135283,0.4729190224320957,False
4.502,0.48605154020892166,8.370231483770391,0.007142869396135283,0.4729190224320957,0.4708430886562397,0.013132517776825947,0.015208451552681967,0.001825014186321836,0.004422109285874067,0.2521949010716048,0.2584420245438007,0.2584420245438007,False,False,0.25532386966298676,0.008122769893921257,0.48995024889298716,False
4.5040000000000004,0.502784142616576,8.362326334928984,0.008122769893921257,0.48995024889298716,0.4903406139917307,0.01283389372358884,0.012443528624845324,0.0014932234349814388,0.004437041520223881,0.25380278044456434,0.25973304539976966,0.25973304539976966,False,False,0.25690206158942924,0.009136688852510672,0.5069594792947076,False
4.506,0.5195006672779627,8.354153780357096,0.009136688852510672,0.5069594792947076,0.5086379334838592,0.012541187983255098,0.010862733794103518,0.001303528055292422,0.004450076800776806,0.25540391909399085,0.2611575239500601,0.2611575239500601,False,False,0.2584420245438007,0.010184574758313539,0.5239429529014339,False
4.508,0.5362005796415493,8.345714081392037,0.010184574758313539,0.5239429529014339,0.5235920605361692,0.012257626740115435,0.012608519105380078,0.0015130222926456093,0.004465207023703262,0.2569982658556427,0.2629764951719916,0.2629764951719916,False,False,0.25973304539976966,0.011266324535736377,0.5408748887114192,False
4.51,0.5528833456869959,8.33700750791372,0.011266324535736377,0.5408748887114192,0.540036910157777,0.012008456975576731,0.012846435529218936,0.0015415722635062723,0.0044806227463383246,0.2585857697648315,0.2646079647746761,0.2646079647746761,False,False,0.2611575239500601,0.01238186418831422,0.5577698262889211,False
4.5120000000000005,0.5695484319422839,8.328034338336009,0.01238186418831422,0.5577698262889211,0.5609506006141519,0.01177860565336275,0.008597831328131966,0.001031739759375836,0.004490940143932083,0.26016638006668286,0.26568905996999076,0.26568905996999076,False,False,0.2629764951719916,0.013531203139598599,0.5746694756421896,False
4.514,0.5861953055007125,8.318794859597842,0.013531203139598599,0.5746694756421896,0.5747456043069699,0.011525829858522907,0.011449701193742667,0.0013739641432491201,0.004504679785364574,0.2617400462221567,0.2676186901507704,0.2676186901507704,False,False,0.2646079647746761,0.014714311446815643,0.5915541536085223,False
4.516,0.6028234340380128,8.309289367154026,0.014714311446815643,0.5915541536085223,0.5935658802555928,0.011269280429490491,0.009257553782419992,0.001110906453890399,0.004515788849903478,0.263306717911919,0.2689334132157129,0.2689334132157129,False,False,0.26568905996999076,0.015931044248287687,0.6083664007360227,False
4.518,0.6194322858293071,8.299518164965814,0.015931044248287687,0.6083664007360227,0.605273963400849,0.011065885093284433,0.014158322428458048,0.0016989986914149656,0.004532778836817628,0.2648663450390947,0.2710981225673273,0.2710981225673273,False,False,0.2676186901507704,0.0171814359576006,0.6251958546564573,False
4.5200000000000005,0.6360213297661652,8.28948156549116,0.0171814359576006,0.6251958546564573,0.6283970578239526,0.010825475109707883,0.0076242719422126015,0.0009149126330655122,0.004541927963148283,0.26641887773146145,0.27187571832767526,0.27187571832767526,False,False,0.2689334132157129,0.018465391848824647,0.6419779456120223,False
4.522,0.6525900353735296,8.279179889674761,0.018465391848824647,0.6419779456120223,0.6413914472538202,0.010612089761507293,0.011198588119709307,0.0013438305743651167,0.004555366268891934,0.2679642663433402,0.27386346318659727,0.27386346318659727,False,False,0.2710981225673273,0.019782996224029098,0.6588021876022245,False
4.524,0.6691378728267259,8.268613466937767,0.019782996224029098,0.6588021876022245,0.6600810373604444,0.010335685224501345,0.009056835466281443,0.0010868202559537732,0.004566234471451471,0.26950246145734086,0.2751555161847461,0.2751555161847461,False,False,0.27187571832767526,0.021134041997734717,0.6755228868528103,False
4.526,0.6856643129684006,8.257782635167246,0.021134041997734717,0.6755228868528103,0.6761062669447541,0.010141426115590324,0.009558046023646516,0.0011469655228375818,0.004577704126679847,0.27103341388602076,0.2767580835355382,0.2767580835355382,False,False,0.27386346318659727,0.022518577765565054,0.6922678839151679,False
4.5280000000000005,0.7021688273254152,8.246687740705399,0.022518577765565054,0.6922678839151679,0.6932289947348946,0.009900943410247276,0.008939832590520558,0.0010727799108624669,0.004588431925788472,0.2725570746734959,0.2782182865101468,0.2782182865101468,False,False,0.2751555161847461,0.023936505911439594,0.708964072937271,False
4.53,0.7186508881257668,8.23532913833847,0.023936505911439594,0.708964072937271,0.7113800832607298,0.00968681518849579,0.007270804865037062,0.0008724965838044473,0.004597156891626517,0.2740733950970284,0.2795430485724594,0.2795430485724594,False,False,0.2767580835355382,0.025387794913941428,0.7256445012509164,False
4.532,0.7351099683154547,8.223707191285412,0.025387794913941428,0.7256445012509164,0.7219680708823811,0.009465467064538324,0.01314189743307359,0.0015770276919688307,0.004612927168546206,0.2755823266685951,0.28177228152911016,0.28177228152911016,False,False,0.2782182865101468,0.026872383787166096,0.7422944366123342,False
4.534,0.7515455415753544,8.211822271186248,0.026872383787166096,0.7422944366123342,0.7392008298871441,0.009251104963020174,0.012344711688210275,0.0014813654025852328,0.004627740822572058,0.2770838211364448,0.2831929273616021,0.2831929273616021,False,False,0.2795430485724594,0.028390183854407842,0.7589000336208724,False
4.5360000000000005,0.7679570823380224,8.199674758090218,0.028390183854407842,0.7589000336208724,0.7563528735052433,0.009057048717149963,0.011604208832779128,0.0013925050599334953,0.004641665873171393,0.2785778304866418,0.2846120014197467,0.2846120014197467,False,False,0.28177228152911016,0.029941296809502888,0.7755564775475223,False
4.538,0.7843440658044973,8.18726504044362,0.029941296809502888,0.7755564775475223,0.7753017123230292,0.00878758825697501,0.00904235348146809,0.0010850824177761709,0.004652516697349155,0.2800643069446024,0.2858019060597277,0.2858019060597277,False,False,0.2831929273616021,0.03152565391064756,0.7921785505723351,False
4.54,0.800705967961128,8.174593515077353,0.03152565391064756,0.7921785505723351,0.7933174313321447,0.008527417388792924,0.007388536628983311,0.0008866243954779973,0.0046613829413039345,0.28154320297662744,0.2870912103134094,0.2870912103134094,False,False,0.2846120014197467,0.033143186842620465,0.8087664659864515,False
4.542,0.8170422655962735,8.161660587194284,0.033143186842620465,0.8087664659864515,0.8071761245709493,0.008275799609821943,0.009866141025324127,0.0011839369230388951,0.004673222310534323,0.28301447129141755,0.28887163052499076,0.28887163052499076,False,False,0.2858019060597277,0.03479378005327911,0.8252966053293196,False
4.5440000000000005,0.833352436317085,8.148466670356235,0.03479378005327911,0.8252966053293196,0.8233509178616245,0.008055830987765411,0.01000151845546049,0.0012001822146552588,0.004685224132680876,0.28447806484159033,0.29036347118892647,0.29036347118892647,False,False,0.2870912103134094,0.036477340075021014,0.8417800108709528,False
4.546,0.8496359585661504,8.135012186470814,0.036477340075021014,0.8417800108709528,0.8397327023304573,0.007855947695197596,0.009903256235693103,0.0011883907482831723,0.004697108040163708,0.2859339368251793,0.2918194356136262,0.2918194356136262,False,False,0.28887163052499076,0.03819387730717186,0.8582686160754225,False
4.548,0.8658923116382422,8.121297565777866,0.03819387730717186,0.8582686160754225,0.8556680306328653,0.007623695562819721,0.010224281005376867,0.001226913720645224,0.00470937717737016,0.2873820406871371,0.29331833158515247,0.29331833158515247,False,False,0.29036347118892647,0.039943341606343816,0.8747321495859783,False
4.55,0.8821209756969082,8.107323246835763,0.039943341606343816,0.8747321495859783,0.87481211736081,0.007388826110929836,0.0073088583360981785,0.0008770630003317813,0.004718147807373478,0.2888223301208183,0.29441754092852357,0.29441754092852357,False,False,0.2918194356136262,0.0417256758679353,0.8911671307957414,False
4.5520000000000005,0.8983214317911454,8.093089676507345,0.0417256758679353,0.8911671307957414,0.8915337949360563,0.007154300995404039,0.006787636855089096,0.0008145164226106915,0.004726292971599585,0.2902547590694657,0.29579556846367594,0.29579556846367594,False,False,0.29331833158515247,0.043540832604963255,0.9075783685139788,False
4.554,0.9144931618719336,8.078597309945668,0.043540832604963255,0.9075783685139788,0.9073438385665628,0.006914793357954863,0.0071493233053708805,0.0008579187966445056,0.00473487215956603,0.29167928172767643,0.29727207268388695,0.29727207268388695,False,False,0.29441754092852357,0.04538868115834469,0.9239242766907177,False
4.556,0.9306356488088718,8.0638466105794,0.04538868115834469,0.9239242766907177,0.9276276631026646,0.006711372118154091,0.0030079857062071946,0.00036095828474486336,0.004738481742413479,0.293095852542874,0.29819529257003236,0.29819529257003236,False,False,0.29579556846367594,0.04726915068975985,0.9402347657075771,False
4.558,0.9467483764066549,8.048838050098052,0.04726915068975985,0.9402347657075771,0.9379392031223047,0.006513610699077743,0.008809173284350158,0.0010571007941220188,0.0047490527503546995,0.29450442621675915,0.3003105797612359,0.3003105797612359,False,False,0.29727207268388695,0.04918219176060823,0.9565205354241908,False
4.5600000000000005,0.9628308294216298,8.03357210843685,0.04918219176060823,0.9565205354241908,0.9556503120549696,0.006310293997438987,0.007180517366660144,0.0008616620839992172,0.004757669371194691,0.2959049577067629,0.3015242891619568,0.3015242891619568,False,False,0.29819529257003236,0.051127639618374486,0.9727239288831281,False
4.562,0.9788824935782172,8.018049273761433,0.051127639618374486,0.9727239288831281,0.9751123041446825,0.00615856469508913,0.0037701894335346875,0.0004524227320241625,0.0047621935985149326,0.29729740222748186,0.30251201855802096,0.30251201855802096,False,False,0.3003105797612359,0.05310558093994286,0.9889706607841876,False
4.564,0.9949028555854011,8.002270042452208,0.05310558093994286,0.9889706607841876,0.9908758262667516,0.005932194801213542,0.004027029318649511,0.0004832435182379413,0.004767026033697312,0.2986817152521147,0.3039319848040499,0.3039319848040499,False,False,0.3015242891619568,0.055115912659454855,1.0051658597559965,False
4.566,1.0108914031531382,7.9862349190884805,0.055115912659454855,1.0051658597559965,1.0077168126723814,0.005725543397141708,0.003174590480756745,0.0003809508576908094,0.0047708355422742205,0.3000578525138852,0.3052096389138503,0.3052096389138503,False,False,0.30251201855802096,0.05715848552402225,1.0212864322836979,False
4.5680000000000005,1.026847625008714,7.969944416432335,0.05715848552402225,1.0212864322836979,1.02498478627468,0.005561192725016095,0.0018628387340340335,0.00022354064808408403,0.004773070948755061,0.3014257700074558,0.3064223816042949,0.3064223816042949,False,False,0.3039319848040499,0.05923324243170797,1.037378453842861,False
4.57,1.0427710109131125,7.953399055412231,0.05923324243170797,1.037378453842861,1.037745726701281,0.005392557070251547,0.00502528421183146,0.0006030341054197751,0.004779101289809259,0.30278542399033637,0.3081675593855654,0.3081675593855654,False,False,0.3052096389138503,0.06134009710824508,1.0534273382685542,False
4.572,1.058661051677322,7.93659936510635,0.06134009710824508,1.0534273382685542,1.053573898618044,0.005233713408767882,0.005087153059277982,0.0006104583671133579,0.004785205873480393,0.3041367709842823,0.30953243522487606,0.30953243522487606,False,False,0.3064223816042949,0.06347895063540682,1.0694267635808705,False
4.574,1.074517239178638,7.919545882725652,0.06347895063540682,1.0694267635808705,1.0688344414346,0.00509047559776743,0.005682797744037904,0.0006819357292845485,0.004792025230773238,0.3054797677766865,0.3109537287367443,0.3109537287367443,False,False,0.3081675593855654,0.06564981667401816,1.0854330193056752,False
4.5760000000000005,1.0903390663768864,7.902239153596727,0.06564981667401816,1.0854330193056752,1.088208925135501,0.004906047071211228,0.0021301412413854415,0.000255616948966253,0.004794581400262901,0.30681437142195883,0.311864569771188,0.311864569771188,False,False,0.30953243522487606,0.06785262909971958,1.1014062128507058,False
4.578,1.1061260273306317,7.884679731144364,0.06785262909971958,1.1014062128507058,1.1051030764200003,0.004719814479925866,0.001022950910631426,0.00012275410927577111,0.004795808941355659,0.3081405392428994,0.31305910229353084,0.31305910229353084,False,False,0.3109537287367443,0.07008733432891533,1.1173526145978738,False
4.58,1.1218776172134028,7.866868176873803,0.07008733432891533,1.1173526145978738,1.1164395316895241,0.004525002615529017,0.0054380855238787,0.0006525702628654439,0.004802334643984313,0.3094582288320668,0.31491313373891655,0.31491313373891655,False,False,0.311864569771188,0.07235377247862848,1.1332190748565776,False
4.582,1.1375933323297782,7.848805060352838,0.07235377247862848,1.1332190748565776,1.1343328880810997,0.004374257473200638,0.003260444248678551,0.0003912533098414261,0.004806247177082727,0.3107673980531294,0.31596489854005355,0.31596489854005355,False,False,0.31305910229353084,0.07465184482838269,1.149036174877108,False
4.5840000000000005,1.1532726701315457,7.830490959193552,0.07465184482838269,1.149036174877108,1.1481082921434496,0.004236495254437589,0.005164377988096103,0.0006197253585715323,0.004812444430668443,0.3120680050422176,0.3175001748314576,0.3175001748314576,False,False,0.31491313373891655,0.07698159184167169,1.1648735066444988,False
4.586,1.1689151292337099,7.811926459033913,0.07698159184167169,1.1648735066444988,1.1666351904254706,0.004041622589211036,0.00227993880823929,0.0002735926569887148,0.00481518035723833,0.3133600082092567,0.31844878122348375,0.31844878122348375,False,False,0.31596489854005355,0.07934288554298799,1.1806468506581498,False
4.588,1.1845202094305973,7.793112153518962,0.07934288554298799,1.1806468506581498,1.1788178547963337,0.003873358772447544,0.005702354634263607,0.0006842825561116328,0.004822023182799446,0.3146433662393031,0.3201496719782142,0.3201496719782142,False,False,0.3175001748314576,0.08173570061074277,1.1964075338773885,False
4.59,1.2000874117117908,7.774048644281907,0.08173570061074277,1.1964075338773885,1.193844686172045,0.0036798778344022676,0.006242725539745697,0.0007491270647694837,0.00482951445344714,0.3159180380938606,0.32149667961207723,0.32149667961207723,False,False,0.31844878122348375,0.08415988915338482,1.2120942713210257,False
4.5920000000000005,1.2156162382781368,7.754736540924819,0.08415988915338482,1.2120942713210257,1.2094636463379116,0.0035219669571111556,0.006152591940225216,0.0007383110328270259,0.004836897563775411,0.31718398301219647,0.3227591916087989,0.3227591916087989,False,False,0.3201496719782142,0.08661546243311062,1.2277866398628996,False
4.594,1.2311061925576035,7.735176460999216,0.08661546243311062,1.2277866398628996,1.227060673685174,0.0033195526947038534,0.004045518872429543,0.0004854622646915452,0.004841752186422326,0.3184411605126403,0.3237683749637542,0.3237683749637542,False,False,0.32149667961207723,0.08910235748538708,1.2434475261382307,False
4.596,1.24655677922123,7.715369029986224,0.08910235748538708,1.2434475261382307,1.246496883584602,0.0031092530829992526,5.989563662800457e-05,7.1874763953605474e-06,0.00484182406118628,0.31968953039388387,0.32453854193146553,0.32453854193146553,False,False,0.3227591916087989,0.0916204943445427,1.259068429577803,False
4.598,1.261967504198906,7.695314881276657,0.0916204943445427,1.259068429577803,1.257426957895631,0.0028990746211030594,0.00454054630327505,0.0005448655563930061,0.00484727271675021,0.3209290527362622,0.32632119100940543,0.32632119100940543,False,False,0.3237683749637542,0.09416974087713637,1.274623266296837,False
4.6000000000000005,1.2773378746952195,7.675014656150691,0.09416974087713637,1.274623266296837,1.2729047293571416,0.0027146083983824454,0.004433145338077926,0.0005319774405693512,0.0048525924911559035,0.32215968790303356,0.3275442578347588,0.3275442578347588,False,False,0.32453854193146553,0.09674991635243999,1.2900877376518134,False
4.602,1.292667399205163,7.654469003757438,0.09674991635243999,1.2900877376518134,1.2888656201986595,0.0025796615533495437,0.0038017790065034696,0.0004562134807804163,0.004857154625963708,0.32338139654164333,0.3286947646483874,0.3286947646483874,False,False,0.32632119100940543,0.09936105403974607,1.30556884365304,False
4.604,1.3079555875298925,7.633678581094118,0.09936105403974607,1.30556884365304,1.306223059545404,0.0023867438768525595,0.001732527984488419,0.00020790335813861027,0.004859233659545094,0.32459413958498523,0.3296612766026689,0.3296612766026689,False,False,0.3275442578347588,0.1020030696664051,1.3210078133295116,False
4.606,1.323201950792399,7.61264405298507,0.1020030696664051,1.3210078133295116,1.322166990884934,0.0021941374628875465,0.0010349599074650495,0.00012419518889580594,0.004860475611434052,0.3257978782526505,0.3307825490529804,0.3307825490529804,False,False,0.3286947646483874,0.10467586469219224,1.3363975128935721,False
4.6080000000000005,1.338406001453118,7.591366092060513,0.10467586469219224,1.3363975128935721,1.336157667825367,0.00200848855954594,0.002248333627751009,0.0002698000353301211,0.0048631736117873536,0.32699257405216625,0.3321255476992837,0.3321255476992837,False,False,0.3296612766026689,0.10737930313176548,1.3517192197866181,False
4.61,1.3535672533255367,7.569845378735018,0.10737930313176548,1.3517192197866181,1.351514800903009,0.0018480335389186031,0.0020524524225278284,0.0002462942907033394,0.004865636554694387,0.3281781887802275,0.3332901196256252,0.3332901196256252,False,False,0.3307825490529804,0.11011328290149101,1.3669898848627622,False
4.612,1.368685221591734,7.548082601185763,0.11011328290149101,1.3669898848627622,1.3640826292465968,0.001695336728971819,0.0046025923451371575,0.0005523110814164589,0.004871159665508552,0.3293546845239182,0.3347781552708432,0.3347781552708432,False,False,0.3321255476992837,0.11287774946932434,1.3822332839166636,False
4.614,1.3837594228179015,7.526078455330493,0.11287774946932434,1.3822332839166636,1.379038904714857,0.0015261389012379833,0.004720518103044524,0.0005664621723653429,0.004876824287232205,0.33052202366192523,0.3359653101215228,0.3359653101215228,False,False,0.3332901196256252,0.11567261154026634,1.3974310354709962,False
4.616,1.3987893749697689,7.503833644805327,0.11567261154026634,1.3974310354709962,1.3999822501383896,0.0013583394987726205,-0.0011928751686207661,-0.00014314502023449194,0.0048753928370298604,0.33168016886573887,0.33641241668253424,0.33641241668253424,False,False,0.3347781552708432,0.11849784655608056,1.4126175079071113,False
4.618,1.413774597428062,7.481348880942179,0.11849784655608056,1.4126175079071113,1.4145393862974687,0.001157089520950727,-0.000764788869406674,-9.177466432880088e-05,0.004874475090386573,0.3328290831008493,0.33761178352690707,0.33761178352690707,False,False,0.3359653101215228,0.12135336920226111,1.427761323090273,False
4.62,1.428714611003819,7.458624882746103,0.12135336920226111,1.427761323090273,1.4281819470886958,0.0009532879135458749,0.0005326639151230772,6.391966981476926e-05,0.00487511428708472,0.3339687296279276,0.3389077635848271,0.3389077635848271,False,False,0.33641241668253424,0.12423894013652459,1.44278546713174,False
4.622,1.4436089379537558,7.43566237687223,0.12423894013652459,1.44278546713174,1.4439156067925996,0.0008234708220158371,-0.00030666883884378215,-3.680026066125386e-05,0.004874746284478108,0.33509907200400313,0.33993701802782,0.33993701802782,False,False,0.33761178352690707,0.12715448017065392,1.4577700170646615,False
4.624,1.4584571019955344,7.412462097602546,0.12715448017065392,1.4577700170646615,1.4601151123611913,0.0006870849308728832,-0.0016580103656569367,-0.0001989612438788324,0.00487275667203932,0.3362200740836286,0.34089386951178907,0.34089386951178907,False,False,0.3389077635848271,0.13009993121773575,1.4727255235409182,False
4.626,1.4732586283229923,7.389024786822415,0.13009993121773575,1.4727255235409182,1.472093364652498,0.0005331047820740231,0.0011652636704941877,0.00013983164045930252,0.004874154988443913,0.3373317000200358,0.34234568664893905,0.34234568664893905,False,False,0.33993701802782,0.13307517997724538,1.4876243797548223,False
4.628,1.4880130436212988,7.365351193996895,0.13307517997724538,1.4876243797548223,1.490644169073537,0.00038866386647651296,-0.0026311254522382033,-0.0003157350542685844,0.004870997637901227,0.3384339142662798,0.3429891768499124,0.3429891768499124,False,False,0.34089386951178907,0.13608009923308662,1.5024596279206177,False
4.63,1.5027198760821265,7.341442076146715,0.13608009923308662,1.5024596279206177,1.4990685665188568,0.0002602481615088248,0.0036513095632697556,0.00043815714759237067,0.00487537920937715,0.33952668157637816,0.3448402179333477,0.3448402179333477,False,False,0.34234568664893905,0.13911466681322834,1.5172837900708642,False
4.632,1.5173786554187347,7.3172981978240745,0.13911466681322834,1.5172837900708642,1.5174084620177055,9.486534787050971e-05,-2.980659897078297e-05,-3.5767918764939565e-06,0.004875343441458385,0.3406099670064383,0.3454817336560202,0.3454817336560202,False,False,0.3429891768499124,0.1421786915261984,1.5320123564850272,False
4.634,1.5319889128809876,7.292920331088228,0.1421786915261984,1.5320123564850272,1.5312142153352104,-2.344360403960799e-05,0.0007746975457771921,9.296370549326305e-05,0.004876273078513318,0.34168373591577267,0.34665297269977924,0.34665297269977924,False,False,0.3448402179333477,0.14527223714283213,1.546772808316871,False
4.636,1.5465501812703426,7.268309255480797,0.14527223714283213,1.546772808316871,1.542843405951629,-0.00022262704652842302,0.003706775318713662,0.0004448130382456394,0.004880721208895774,0.34274795396800706,0.3480734882151485,0.3480734882151485,False,False,0.3454817336560202,0.14839511345899767,1.5614381580827623,False
4.638,1.5610619949548235,7.2434657580007915,0.14839511345899767,1.5614381580827623,1.5645551141241896,-0.00037616312793886664,-0.003493119169366121,-0.0004191743003239345,0.004876529465892535,0.34380258713218054,0.34825994229774915,0.34825994229774915,False,False,0.34665297269977924,0.1515472432853206,1.5760649131614666,False
4.64,1.5755238898838841,7.218390633079479,0.1515472432853206,1.5760649131614666,1.5755193149821896,-0.0005410232775824309,4.574901694587297e-06,5.489882033504756e-07,0.004876534955774568,0.34484760168383194,0.34972468562780984,0.34972468562780984,False,False,0.3480734882151485,0.15472860247935324,1.5906795970163208,False
4.642,1.5899354036032483,7.193084682554988,0.15472860247935324,1.5906795970163208,1.5916727033841942,-0.0007441934130725247,-0.0017372997809459445,-0.00020847597371351334,0.004874450196037433,0.3458829642060786,0.3505489384284025,0.3505489384284025,False,False,0.34825994229774915,0.15793890875231345,1.605153136480105,False
4.644,1.6042960752696866,7.1675487156466815,0.15793890875231345,1.605153136480105,1.602993659493963,-0.0008570612104183972,0.0013024157757235422,0.00015628989308682505,0.004876013094968301,0.34690864159068363,0.35194094457873876,0.35194094457873876,False,False,0.34972468562780984,0.16117815059177446,1.619620919730497,False
4.646,1.6186054456657966,7.141783548929207,0.16117815059177446,1.619620919730497,1.6192204703088873,-0.0010154740647003724,-0.0006150246430907114,-7.380295717088537e-05,0.004875275065396592,0.3479246010391183,0.352726073147344,0.352726073147344,False,False,0.3505489384284025,0.16444618249352794,1.6340159508767442,False
4.648,1.6328630572146348,7.115790006306476,0.16444618249352794,1.6340159508767442,1.633439568061174,-0.0011528936621094665,-0.0005765108465392021,-6.918130158470426e-05,0.004874583252380745,0.34893081006360654,0.3537362120144026,0.3537362120144026,False,False,0.35194094457873876,0.1677429794401817,1.6483984733268933,False
4.65,1.6470684539943967,7.089568918985231,0.1677429794401817,1.6483984733268933,1.6477024564747618,-0.001330019332496546,-0.0006340024803650479,-7.608029764380575e-05,0.004873822449404307,0.34992723648816765,0.35472497863992813,0.35472497863992813,False,False,0.352726073147344,0.17106838960956017,1.6627050846892217,False
4.652,1.6612211817529399,7.063121125448569,0.17106838960956017,1.6627050846892217,1.660404067409902,-0.0014839029362818668,0.0008171143430377725,9.80537211645327e-05,0.004874802986615952,0.3509138484496412,0.35588670515742166,0.35588670515742166,False,False,0.3537362120144026,0.1744223099655652,1.676960178002526,False
4.654,1.6753207879223728,7.036447471429013,0.1744223099655652,1.676960178002526,1.677570913434852,-0.0016393900801532357,-0.002250125512479162,-0.00027001506149749944,0.004872102836000977,0.3518906143987101,0.3564927021732136,0.3564927021732136,False,False,0.35472497863992813,0.1778046341294881,1.6911620819614486,False
4.656,1.6893668216334747,7.009548809881566,0.1778046341294881,1.6911620819614486,1.6918639144394472,-0.0017952603279738355,-0.002497092805972434,-0.00029965113671669207,0.00486910632463381,0.35285750310090597,0.3574269582888231,0.3574269582888231,False,False,0.35588670515742166,0.18121529310979156,1.705329490151737,False
4.658,1.7033588337301562,6.982426000956349,0.18121529310979156,1.705329490151737,1.7035873660979837,-0.0019706564215808964,-0.0002285323678274942,-2.7423884139299304e-05,0.0048688320857924175,0.353814483637611,0.3586558918392641,0.3586558918392641,False,False,0.3564927021732136,0.18465410230396143,1.7194045970849288,False
4.66,1.7172963767837743,6.955079911971196,0.18465410230396143,1.7194045970849288,1.7176777686912652,-0.0021082203011544287,-0.00038139190749086893,-4.576702889890427e-05,0.0048683744155034285,0.35476152540704325,0.35958413279364776,0.35958413279364776,False,False,0.3574269582888231,0.18812094787616945,1.7334227861040135,False
4.662,1.731179005107479,6.927511417383836,0.18812094787616945,1.7334227861040135,1.731185008649773,-0.00224378099653455,-6.003542294186204e-06,-7.204250753023444e-07,0.004868367211252675,0.3556985981252379,0.36056624491141526,0.36056624491141526,False,False,0.3586558918392641,0.19161577894732099,1.7474155355757608,False
4.664,1.7450062747704569,6.899721398763949,0.19161577894732099,1.7474155355757608,1.746651350641352,-0.0024092608053039033,-0.0016450758708950186,-0.00019740910450740222,0.004866393120207601,0.35662567182701527,0.3612946558427155,0.3612946558427155,False,False,0.35958413279364776,0.195138482232805,1.7613516427420048,False
4.666,1.7587777436121268,6.87171074476498,0.195138482232805,1.7613516427420048,1.761957621166179,-0.0025738991298780434,-0.003179877554052135,-0.0003815853064862562,0.004862577267142738,0.35754271686693867,0.36202370882759516,0.36202370882759516,False,False,0.36056624491141526,0.19868895697399155,1.7752373705932794,False
4.668,1.7724929712562534,6.843480351095766,0.19868895697399155,1.7752373705932794,1.7757660511366988,-0.002744399337025971,-0.003273079880445451,-0.00039276958565345407,0.004858649571286204,0.3584497039202608,0.36291558390589357,0.36291558390589357,False,False,0.3612946558427155,0.20226705039505727,1.7890467105328594,False
4.67,1.7861515191250623,6.815031120491831,0.20226705039505727,1.7890467105328594,1.7902381433583683,-0.0028951914077970375,-0.004086624233305969,-0.0004903949079967162,0.004853745622206237,0.3593466039838639,0.36370995469807343,0.36370995469807343,False,False,0.36202370882759516,0.20587261153416073,1.8027805695517336,False
4.672,1.7997529504532623,6.786363962686524,0.20587261153416073,1.8027805695517336,1.8040724419249194,-0.003027619098471268,-0.004319491471657111,-0.0005183389765988532,0.004848562232440248,0.3602333883771869,0.36456361163302825,0.36456361163302825,False,False,0.36291558390589357,0.20950552518390622,1.816456824872752,False
4.674,1.8132968303019936,6.7574797943819656,0.20950552518390622,1.816456824872752,1.8145663736529625,-0.003159994570758329,-0.0012695433509688492,-0.0001523452021162619,0.004847038780419086,0.3611100287431411,0.3658047223214439,0.3658047223214439,False,False,0.36370995469807343,0.21316565698608642,1.8300659010901017,False
4.676,1.8267827255727331,6.7283795392197385,0.21316565698608642,1.8300659010901017,1.8308277698183615,-0.003283175517368564,-0.004045044245628349,-0.0004854053094754018,0.004842184727324332,0.3619764970490172,0.36633327646686614,0.36633327646686614,False,False,0.36456361163302825,0.2168528864740405,1.8436147439770463,False
4.678,1.8402102050211755,6.699064127751288,0.2168528864740405,1.8436147439770463,1.8499367813832184,-0.003404538955870784,-0.009726576362042882,-0.0011671891634451458,0.0048305128356898805,0.36283276558738337,0.3664960892596281,0.3664960892596281,False,False,0.3658047223214439,0.22056717563804404,1.8571445820017662,False
4.68,1.8535788392710006,6.66953449740821,0.22056717563804404,1.8571445820017662,1.857098924494118,-0.0035657427307655976,-0.0035200852231174196,-0.00042241022677409035,0.00482628873342214,0.36367880697697014,0.36808268548361817,0.36808268548361817,False,False,0.36633327646686614,0.22430833767730712,1.8705810196315409,False
4.682,1.8668882008276007,6.6397915924722835,0.22430833767730712,1.8705810196315409,1.8691852638580575,-0.0036928188039402343,-0.0022970630304568473,-0.00027564756365482167,0.004823532257785592,0.36451459416354554,0.3690624788576763,0.3690624788576763,False,False,0.3664960892596281,0.22807611125860286,1.8838867906478678,False
4.684,1.8801378640917465,6.609836364045286,0.22807611125860286,1.8838867906478678,1.8854400434317324,-0.003748926556121246,-0.005302179339985891,-0.0006362615207983069,0.004817169642577609,0.36534010042078,0.3695210085425593,0.3695210085425593,False,False,0.36808268548361817,0.2318705360610826,1.8972124012398757,False
4.686,1.8933274053732294,6.579669770018503,0.2318705360610826,1.8972124012398757,1.900433579585015,-0.003884995866646257,-0.007106174211785499,-0.0008527409054142598,0.004808642233523466,0.3661552993511033,0.3701112006792125,0.3701112006792125,False,False,0.3690624788576763,0.2356915242635236,1.910494101220505,False
4.688,1.906456402904369,6.549292775042193,0.2356915242635236,1.910494101220505,1.9070329973049471,-0.004037698316136096,-0.0005765944005782231,-6.919132806938677e-05,0.0048079503202427725,0.36696016488654565,0.37169892387871906,0.37169892387871906,False,False,0.3695210085425593,0.2395388798578508,1.923677797163591,False
4.69,1.919524436853537,6.51870635049465,0.2395388798578508,1.923677797163591,1.9251412020839884,-0.004153360310054088,-0.005616765230451515,-0.0006740118276541817,0.00480121020196623,0.367754671289574,0.37188186966388603,0.37188186966388603,False,False,0.3701112006792125,0.24341243656083839,1.9367783514937915,False
4.692,1.932531089338537,6.4879114744512565,0.24341243656083839,1.9367783514937915,1.9359133461510476,-0.004247262155254505,-0.0033822568125105867,-0.0004058708175012704,0.0047971514937912175,0.36853879315391214,0.3729300738302021,0.3729300738302021,False,False,0.37169892387871906,0.24731223879971245,1.9499011194370308,False
4.694,1.9454759444400223,6.456909131653069,0.24731223879971245,1.9499011194370308,1.9460423064765453,-0.004425174997008563,-0.0005663620365230493,-6.796344438276591e-05,0.00479647185934739,0.3693125054053563,0.37404101382032096,0.37404101382032096,False,False,0.37188186966388603,0.2512380363537191,1.9628987770033381,False
4.696,1.9583585882147472,6.425700313475448,0.2512380363537191,1.9628987770033381,1.961628334279195,-0.004540188788590971,-0.0032697460644477427,-0.0003923695277337291,0.004792548164070053,0.37007578330257435,0.3744759619389107,0.3744759619389107,False,False,0.3729300738302021,0.2551897629374987,1.975863291889789,False
4.698,1.9711786087088452,6.394286017896261,0.2551897629374987,1.975863291889789,1.9757069680410413,-0.004684683180943727,-0.004528359332196086,-0.0005434031198635303,0.004787114132871418,0.3708286024378991,0.375072313450907,0.375072313450907,False,False,0.37404101382032096,0.2591673661312424,1.988801596871861,False
4.7,1.9839355959709573,6.362667249464066,0.2591673661312424,1.988801596871861,1.9850164394945826,-0.004866000900903833,-0.0010808435236253633,-0.0001297012228350436,0.004785817120643068,0.37157093873810637,0.3762270546359144,0.3762270546359144,False,False,0.3744759619389107,0.26317065253911376,2.0016432039356746,False
4.702,1.9966291420653772,6.330845019265918,0.26317065253911376,2.0016432039356746,1.9997534146361757,-0.005014061870297404,-0.003124272570798503,-0.00037491270849582037,0.00478206799355811,0.37230276846518684,0.37670992375024914,0.37670992375024914,False,False,0.375072313450907,0.2671994646891438,2.014406075015015,False
4.704,2.0092588410850887,6.298820344895041,0.2671994646891438,2.014406075015015,2.0181328773796587,-0.005147233929926109,-0.008874036294570065,-0.0010648843553484077,0.004771419150004626,0.3730240682171046,0.3767306030117608,0.3767306030117608,False,False,0.3762270546359144,0.27125376376699845,2.0271495389273118,False
4.706,2.021824289164745,6.266594250418294,0.27125376376699845,2.0271495389273118,2.0242048786788334,-0.005325249762566653,-0.0023805895140882605,-0.00028567074169059123,0.00476856244258772,0.37373481492854566,0.37821770662944276,0.37821770662944276,False,False,0.37670992375024914,0.27533337069542835,2.0398034642149487,False
4.708,2.0343250844935596,6.234167766343487,0.27533337069542835,2.0398034642149487,2.0401131994229025,-0.005478379721389093,-0.005788114929342836,-0.0006945737915211403,0.0047616167046725085,0.37443498587165386,0.3785020287848052,0.3785020287848052,False,False,0.3767306030117608,0.27943801158357906,2.0523204440753515,False
4.71,2.046760827328187,6.2015419295863445,0.27943801158357906,2.0523204440753515,2.0493767688772415,-0.00555961674716432,-0.0026159415490543125,-0.0003139129858865175,0.004758477574813643,0.3751245586567598,0.3795691232456869,0.3795691232456869,False,False,0.37821770662944276,0.28356772262001106,2.0648555182159924,False
4.712,2.0591311200055005,6.168717783437355,0.28356772262001106,2.0648555182159924,2.065559973167734,-0.005724398210491977,-0.0064288531622334055,-0.0007714623794680087,0.004750762951018964,0.37580351123309635,0.3797828118046473,0.3797828118046473,False,False,0.3785020287848052,0.28772228773371084,2.077282556849884,False
4.714,2.071435566955295,6.135696377528455,0.28772228773371084,2.077282556849884,2.077535122662515,-0.005846989894588983,-0.0060995557072200945,-0.0007319466848664113,0.004743443484170299,0.376471821889503,0.3804833186888069,0.3804833186888069,False,False,0.3795691232456869,0.29190165714109884,2.089684703693994,False
4.716,2.08367377471293,6.102478767799472,0.29190165714109884,2.089684703693994,2.089676949877346,-0.006010928981063923,-0.006003175164416064,-0.0007203810197299276,0.004736239673973,0.37712946925511975,0.38114532790936284,0.38114532790936284,False,False,0.3797828118046473,0.296105602903192,2.1019728810465863,False
4.718,2.095845351931944,6.069066016464276,0.296105602903192,2.1019728810465863,2.101666703498998,-0.006127529114642094,-0.0058213515670537674,-0.0006985621880464521,0.004729254052092536,0.3777764323000726,0.38180712416411866,0.38180712416411866,False,False,0.3804833186888069,0.30033400152632067,2.114199311564344,False
4.72,2.1079499093965457,6.035459191976875,0.30033400152632067,2.114199311564344,2.113757397901137,-0.006249402167798124,-0.0058074885045913405,-0.0006968986205509608,0.004722285065887026,0.37841269033614405,0.3824380767814801,0.3824380767814801,False,False,0.38114532790936284,0.30458672281305077,2.126360643365059,False
4.722,2.1199870600340582,6.001659368997249,0.30458672281305077,2.126360643365059,2.1267178589728517,-0.006373583331000798,-0.00673079893879347,-0.0008076958726552163,0.004714208107160474,0.3790382230174354,0.38294473525194067,0.38294473525194067,False,False,0.38180712416411866,0.3088636379526748,2.138457569812026,False
4.724,2.1319564189272926,5.967667628357008,0.3088636379526748,2.138457569812026,2.1413827270277626,-0.006501150884733242,-0.00942630810046996,-0.0011311569720563951,0.00470289653743991,0.3796530103410168,0.3832247499064003,0.3832247499064003,False,False,0.3824380767814801,0.3131646130919222,2.150487569623694,False
4.726,2.1438576033268872,5.933485057024726,0.3131646130919222,2.150487569623694,2.149932575920665,-0.0066299662968067885,-0.006074972593777872,-0.0007289967112533446,0.004695606570327377,0.3802570326475682,0.38422364250664226,0.38422364250664226,False,False,0.38294473525194067,0.31748948982191233,2.1624383649950722,False
4.728,2.155690232663507,5.899112748071317,0.31748948982191233,2.1624383649950722,2.1639534885389047,-0.0067481323315652375,-0.008263255875397668,-0.0009915907050477202,0.0046856906632769,0.38085027062200644,0.3845443705802356,0.3845443705802356,False,False,0.3832247499064003,0.32183806401614506,2.174287097116358,False
4.73,2.167453928560051,5.86455180063495,0.32183806401614506,2.174287097116358,2.176048868688062,-0.006833168556307001,-0.008594940128010986,-0.0010313928153613183,0.004675376735123286,0.38143270529410445,0.3850766892138664,0.3850766892138664,False,False,0.38422364250664226,0.3262102843248008,2.186110154327883,False
4.732,2.1791483148437067,5.829803319886056,0.3262102843248008,2.186110154327883,2.186114503098609,-0.006961839484176391,-0.006966188254902139,-0.0008359425905882567,0.004667017309217403,0.3820043180390957,0.3858353927577248,0.3858353927577248,False,False,0.3845443705802356,0.3306059579553167,2.197836815257963,False
4.734,2.1907730175580307,5.794868416991817,0.3306059579553167,2.197836815257963,2.1970863695255525,-0.007063797699932373,-0.0063133519675218075,-0.0007576022361026169,0.0046594412868563775,0.38256509057827254,0.3864669296290263,0.3864669296290263,False,False,0.3850766892138664,0.3350249385415288,2.2094902931060467,False
4.736,2.202327664974862,5.759748209080773,0.3350249385415288,2.2094902931060467,2.211557458695833,-0.007162628131184512,-0.009229793720970658,-0.0011075752465164789,0.0046483655343912125,0.3831150049795682,0.3866557952674429,0.3866557952674429,False,False,0.3858353927577248,0.3394671287312131,2.221095094842134,False
4.738,2.213811887606249,5.724443819206989,0.3394671287312131,2.221095094842134,2.2189324332694467,-0.0072832072358850475,-0.005120545663197529,-0.0006144654795837034,0.0046422208795953756,0.3836540436581323,0.387681799058144,0.387681799058144,False,False,0.3864669296290263,0.3439324056137572,2.232638441272068,False
4.74,2.225225318216219,5.688956376314261,0.3439324056137572,2.232638441272068,2.2331823730324727,-0.007413123055848736,-0.007957054816253528,-0.0009548465779504234,0.004632672413815871,0.38418218937689114,0.3878600152127566,0.3878600152127566,False,False,0.3866557952674429,0.34842055493466517,2.244074660453984,False
4.742,2.2365675918325603,5.653287015199917,0.34842055493466517,2.244074660453984,2.2455664812578418,-0.007507068621423585,-0.008998889425281487,-0.0010798667310337783,0.004621873746505534,0.38469942524710027,0.388241432262572,0.388241432262572,False,False,0.387681799058144,0.35293154009108163,2.255492578208225,False
4.744,2.2478383457584803,5.617436876478555,0.35293154009108163,2.255492578208225,2.258591958534618,-0.0076542324497448355,-0.010753612776137622,-0.0012904335331365147,0.004608969411174169,0.3852057347288845,0.38852427060692213,0.38852427060692213,False,False,0.3878600152127566,0.35746514735630747,2.2668036326129046,False
4.746,2.259037219584207,5.581407106545561,0.35746514735630747,2.2668036326129046,2.265568492534034,-0.007766413028697627,-0.006531272949827027,-0.0007837527539792433,0.004601131883634376,0.3857011016317665,0.38951848076142165,0.38951848076142165,False,False,0.388241432262572,0.36202120790339026,2.2780302735414044,False
4.748,2.270163855198492,5.545198857540527,0.36202120790339026,2.2780302735414044,2.2809513131614536,-0.00786641834291224,-0.010787457962961433,-0.001294494955555372,0.004588186934078822,0.3861855101151839,0.3894792020937074,0.3894792020937074,False,False,0.38852427060692213,0.3665995341190483,2.2891631078289962,False
4.75,2.281217896800091,5.508813287310308,0.3665995341190483,2.2891631078289962,2.2882269042319168,-0.00794521102890533,-0.007009007431825864,-0.0008410808918191037,0.004579776125160632,0.3866589446889969,0.39039763992233845,0.39039763992233845,False,False,0.38951848076142165,0.3712000894133623,2.3002776471570208,False
4.752,2.2921989909091343,5.472251559372019,0.3712000894133623,2.3002776471570208,2.3010066960704307,-0.008078656247886506,-0.008807705161296475,-0.001056924619355577,0.0045692068789670755,0.38712139021398334,0.3906336724735948,0.3906336724735948,False,False,0.3894792020937074,0.3758226211867073,2.3112658866724938,False
4.7540000000000004,2.303106786378421,5.435514842875868,0.3758226211867073,2.3112658866724938,2.3131548853444492,-0.00815910029407263,-0.010048098966028096,-0.0012057718759233714,0.004557149160207842,0.3875728319023225,0.390924209186607,0.390924209186607,False,False,0.39039763992233845,0.3804670801616797,2.322229487486191,False
4.756,2.3139409344046413,5.39860431256778,0.3804670801616797,2.322229487486191,2.3210523948518293,-0.008288553081549743,-0.007111460447188023,-0.0008533752536625627,0.004548615407671216,0.38801325531806746,0.3917084954720761,0.3917084954720761,False,False,0.3906336724735948,0.38513327470733877,2.333097272829545,False
4.758,2.3247010885395585,5.361521148751745,0.38513327470733877,2.333097272829545,2.334930563012387,-0.008396184289986675,-0.010229474472828404,-0.0012275369367394085,0.004536340038303822,0.3884426463776083,0.3917514494791727,0.3917514494791727,False,False,0.390924209186607,0.3898210267125724,2.343876002616822,False
4.76,2.3353869047010685,5.324266537252138,0.3898210267125724,2.343876002616822,2.3420883810325015,-0.008489097915753696,-0.006701476331433032,-0.0008041771597719638,0.004528298266706102,0.3888609913501212,0.39258511245705535,0.39258511245705535,False,False,0.3917084954720761,0.39453026341519976,2.3546183513136834,False
4.7620000000000005,2.3459980411842,5.2868416693758045,0.39453026341519976,2.3546183513136834,2.355993284339506,-0.0086203101294835,-0.009995243155306088,-0.0011994291786367305,0.0045163039749197345,0.38926827685800797,0.392585151654291,0.392585151654291,False,False,0.3917514494791727,0.39926075761840246,2.3652471016013443,False
4.764,2.356534158672036,5.249247741873986,0.39926075761840246,2.3652471016013443,2.3656928128920076,-0.008712942929308465,-0.009158654219971751,-0.00109903850639661,0.004505313589855769,0.389664489877323,0.39307076496078214,0.39307076496078214,False,False,0.39258511245705535,0.4040124501970403,2.375846289318908,False
4.766,2.3669949202465954,5.211485956903948,0.4040124501970403,2.375846289318908,2.3773167114477083,-0.008851369072312654,-0.010321791201112873,-0.0012386149441335446,0.004492927440414433,0.39004961773819147,0.39330393023447235,0.39330393023447235,False,False,0.392585151654291,0.4087851081156304,2.3863289592950423,False
4.768,2.377379991399569,5.173557521990664,0.4087851081156304,2.3863289592950423,2.3848721072889982,-0.008948967895473281,-0.007492115889429218,-0.0008990539067315062,0.004483936901347118,0.39042364812521274,0.39400853111982836,0.39400853111982836,False,False,0.39307076496078214,0.41357860257949336,2.3967472319314913,False
4.7700000000000005,2.3876890400430493,5.135463649988086,0.41357860257949336,2.3967472319314913,2.3945614584521837,-0.009058191888442035,-0.00687241840913444,-0.0008246902090961328,0.004475689999256157,0.39078656907785553,0.39443756886801556,0.39443756886801556,False,False,0.39330393023447235,0.4183927533473795,2.407075383943078,False
4.772,2.3979217365201095,5.097205559040503,0.4183927533473795,2.407075383943078,2.4081828048649117,-0.009153647422968536,-0.010261068344802116,-0.0012313282013762538,0.004463376717242394,0.3911383689908388,0.39437041750670493,0.39437041750670493,False,False,0.39400853111982836,0.42322748087785766,2.417363765239083,False
4.774,2.4080777536153937,5.058784472543422,0.42322748087785766,2.417363765239083,2.4157727726763585,-0.009286011623689472,-0.007695019060964814,-0.0009234022873157776,0.004454142694369236,0.39147903661450484,0.3950097770215583,0.3950097770215583,False,False,0.39443756886801556,0.42808264880117286,2.427583961657611,False
4.776,2.418156766565539,5.020201619104588,0.42808264880117286,2.427583961657611,2.4315255101359985,-0.009427195092072349,-0.013368743570459696,-0.0016042492284551635,0.0044381002020846844,0.3918085610551773,0.39464241202880684,0.39464241202880684,False,False,0.39437041750670493,0.432958018345037,2.4376847719320716,False
4.7780000000000005,2.4281584530695914,4.981458232504576,0.432958018345037,2.4376847719320716,2.438684259797773,-0.009526318862480121,-0.010525806728181486,-0.0012630968073817782,0.004425469234010867,0.39212693177551067,0.39528930420213976,0.39528930420213976,False,False,0.3950097770215583,0.43785350130506284,2.44774148001292,False
4.78,2.4380824932992837,4.942555551657474,0.43785350130506284,2.44774148001292,2.446522538101007,-0.009658986713636075,-0.008440044801723445,-0.0010128053762068134,0.004415341180248798,0.3924341385948264,0.3958366743988684,0.3958366743988684,False,False,0.39464241202880684,0.4427687996390111,2.4576491669741363,False
4.782,2.4479285699092816,4.903494820571155,0.4427687996390111,2.4576491669741363,2.4561132139558874,-0.00972059706485462,-0.008184644046605793,-0.000982157285592695,0.004405519607392871,0.3927301716894388,0.396153534011239,0.396153534011239,False,False,0.39528930420213976,0.44770383096601934,2.467515663504111,False
4.784,2.4576963680473365,4.864277288307505,0.44770383096601934,2.467515663504111,2.4701966098588146,-0.009819295456774402,-0.01250024181147813,-0.0015000290173773755,0.004390519317219097,0.39301502159296964,0.39590551189281137,0.39590551189281137,False,False,0.3958366743988684,0.4526584929710327,2.4773310025066824,False
4.7860000000000005,2.4673855753643346,4.824904208942553,0.4526584929710327,2.4773310025066824,2.477420282496426,-0.009945427142347807,-0.010034707132091647,-0.0012041648558509977,0.004378477668660587,0.3932886791966503,0.3964629920094599,0.3964629920094599,False,False,0.396153534011239,0.45763263619501204,2.487071611989653,False
4.788,2.4769958820242977,4.785376841526303,0.45763263619501204,2.487071611989653,2.4841725734480633,-0.010075729965355329,-0.0071766914237656465,-0.0008612029708518776,0.004369865638952069,0.3935511357496129,0.3970597984177131,0.3970597984177131,False,False,0.39590551189281137,0.46262599453608677,2.4966791705373526,False
4.79,2.4865269807142845,4.745696450042516,0.46262599453608677,2.4966791705373526,2.496197050503452,-0.010152189823068092,-0.009670069789167623,-0.0011604083747001148,0.004358261555205068,0.3938023828591706,0.39700023603967555,0.39700023603967555,False,False,0.3964629920094599,0.46763847348946697,2.5062394766900873,False
4.792,2.4959785666542307,4.705864303368228,0.46763847348946697,2.5062394766900873,2.506424313774678,-0.010260910035856607,-0.010445747120447102,-0.0012534896544536523,0.004345726658660532,0.3940424124910858,0.39713464949529265,0.39713464949529265,False,False,0.3970597984177131,0.4726699878242007,2.515757167366867,False
4.7940000000000005,2.5053503376066804,4.6658816752332415,0.4726699878242007,2.515757167366867,2.5150525196594926,-0.010406829760186476,-0.009702182052812258,-0.001164261846337471,0.0043340840401971574,0.39427121696982714,0.39744103916368684,0.39744103916368684,False,False,0.39700023603967555,0.4777203158030792,2.525163989439257,False
4.796,2.514641993886446,4.62574984417941,0.4777203158030792,2.525163989439257,2.5252885545488546,-0.010521995552810637,-0.010646560662408433,-0.001277587279489012,0.004321308167402268,0.3944887889788144,0.39753250986672767,0.39753250986672767,False,False,0.39713464949529265,0.4827892787449813,2.5344814709510337,False
4.798,2.5238532383702177,4.585470093519648,0.4827892787449813,2.5344814709510337,2.5336549968147564,-0.010628232580816022,-0.009801758444538677,-0.0011762110133446413,0.004309546057268822,0.3946951215606536,0.3978284566045778,0.3978284566045778,False,False,0.39744103916368684,0.48787673594482966,2.5437285999241994,False
4.8,2.532983776506044,4.545043711296972,0.48787673594482966,2.5437285999241994,2.5433467444525357,-0.010744823418155303,-0.010362967946491608,-0.0012435561535789929,0.004297110495733032,0.39489020811735825,0.3979437624595123,0.3979437624595123,False,False,0.39753250986672767,0.4929825032404782,2.552883647824283,False
4.8020000000000005,2.5420333163227524,4.504471990243315,0.4929825032404782,2.552883647824283,2.5576037533791,-0.010850331501530697,-0.01557043705634742,-0.0018684524467616902,0.004278425971265415,0.3950740424105611,0.3974840159350648,0.3974840159350648,False,False,0.3978284566045778,0.49810644131152404,2.561969035522908,False
4.804,2.5510015684392817,4.463756227738205,0.49810644131152404,2.561969035522908,2.5603921662004856,-0.010967467083626392,-0.009390597761203878,-0.0011268717313444654,0.00426715725395197,0.3952466185617132,0.3983869040843207,0.3983869040843207,False,False,0.3979437624595123,0.5032483745430834,2.570966615779643,False
4.806,2.559888246073958,4.422897725767177,0.5032483745430834,2.570966615779643,2.570233098496037,-0.011078369705685098,-0.010344852422079054,-0.0012413822906494863,0.004254743431045475,0.39540793105227234,0.3984212921926683,0.3984212921926683,False,False,0.3974840159350648,0.5084080088352566,2.5798171460866177,False
4.808,2.5686930650536377,4.381897790880266,0.5084080088352566,2.5798171460866177,2.5794537099034636,-0.011124081032980015,-0.010760644849825862,-0.0012912773819791035,0.004241830657225685,0.39555797472387916,0.39850852799912573,0.39850852799912573,False,False,0.3983869040843207,0.5135853386562278,2.5886649104855994,False
4.8100000000000005,2.5774157438228187,4.340757734150105,0.5135853386562278,2.5886649104855994,2.5880571805215213,-0.011249166662780752,-0.010641436698702655,-0.0012769724038443186,0.004229060933187242,0.39569674477852224,0.39864883330786516,0.39864883330786516,False,False,0.3984212921926683,0.5187801766715932,2.5974190076827024,False
4.812,2.586056003452614,4.299478871130158,0.5187801766715932,2.5974190076827024,2.596445445853935,-0.011363004230088514,-0.010389442401321336,-0.0012467330881585602,0.004216593602305656,0.3958242367786913,0.3987940972928384,0.3987940972928384,False,False,0.39850852799912573,0.5239923486726812,2.6060860005440083,False
4.814,2.594613567649708,4.258062521812462,0.5239923486726812,2.6060860005440083,2.604025867540677,-0.011472432894300333,-0.009412299890969145,-0.0011294759869162974,0.0042052988424364935,0.39594044664751954,0.39901626950303976,0.39901626950303976,False,False,0.39864883330786516,0.5292216934787007,2.6146724030097643,False
4.816,2.603088162765159,4.216510010585583,0.5292216934787007,2.6146724030097643,2.6154763593286137,-0.011584240244605137,-0.012388196563454468,-0.0014865835876145361,0.004190433006560348,0.3960453706689137,0.3987492200878595,0.3987492200878595,False,False,0.3987940972928384,0.5344680527191407,2.6231796202199686,False
4.8180000000000005,2.6114795178031778,4.174822666192125,0.5344680527191407,2.6231796202199686,2.623965322801814,-0.01170010241679087,-0.012485804998636052,-0.001498296599836326,0.004175450040561985,0.39613900548767295,0.3988161589283986,0.3988161589283986,False,False,0.39901626950303976,0.5397312858690687,2.6316165749640374,False
4.82,2.6197873644297616,4.133001821686392,0.5397312858690687,2.6316165749640374,2.632425011941914,-0.01182921053427588,-0.012637647512152572,-0.0015165177014583085,0.004160284863547402,0.3962213481095959,0.398865115271685,0.398865115271685,False,False,0.3987492200878595,0.5450111515056864,2.639932818308841,False
4.822,2.628011436981302,4.09104881439164,0.5450111515056864,2.639932818308841,2.639022528465204,-0.011921381327538949,-0.01101109148390167,-0.0013213309780682003,0.00414707155376672,0.3962923959015771,0.3991181364772756,0.3991181364772756,False,False,0.3988161589283986,0.550307480797215,2.6481646457643473,False
4.824,2.6361514724730744,4.0489649858573245,0.550307480797215,2.6481646457643473,2.650159489878432,-0.012013173291272938,-0.01400801740535762,-0.0016809620886429144,0.004130261932880291,0.39635214659169044,0.3988014464359278,0.3988014464359278,False,False,0.398865115271685,0.5556201030023987,2.656311102591834,False
4.8260000000000005,2.644207210607636,4.006751681816267,0.5556201030023987,2.656311102591834,2.654942603238666,-0.012103891984197812,-0.01073539263102985,-0.001288247115723582,0.004117379461723055,0.39640059826926227,0.39922973061526174,0.39922973061526174,False,False,0.3991181364772756,0.5609488919880832,2.6643944928422107,False
4.828,2.65217839378316,3.9644102521415716,0.5609488919880832,2.6643944928422107,2.665684606561854,-0.012216099059050745,-0.013506212778693794,-0.001620745533443255,0.004101172006388622,0.39643774938493226,0.39891817585787764,0.39891817585787764,False,False,0.3988014464359278,0.5662936037105525,2.672355861234677,False
4.83,2.660064767101668,3.9219420508034846,0.5662936037105525,2.672355861234677,2.6712261983609937,-0.012291094133008773,-0.01116143125932556,-0.0013393717511190671,0.004087778288877432,0.3964635987507032,0.39921200528846157,0.39921200528846157,False,False,0.39922973061526174,0.5716541528061451,2.6802745477962726,False
4.832,2.6678660783771906,3.8793484358260435,0.5716541528061451,2.6802745477962726,2.6823078697063374,-0.012408469419082024,-0.014441791329146803,-0.0017330149594976163,0.004070448139282455,0.3964781455399787,0.39881557871976353,0.39881557871976353,False,False,0.39891817585787764,0.5770302999278003,2.6880735608276454,False
4.8340000000000005,2.6755820781438175,3.83663076924372,0.5770302999278003,2.6880735608276454,2.6867273263036453,-0.012491482683827826,-0.011145248159827759,-0.001337429779179331,0.004057073841490662,0.3964813892875895,0.39920103334990087,0.39920103334990087,False,False,0.39921200528846157,0.5824219351268081,2.6958175995038807,False
4.836,2.683212519663677,3.7937904170578767,0.5824219351268081,2.6958175995038807,2.6975063865117566,-0.012605079840203537,-0.014293866848079428,-0.0017152640217695313,0.004039921201272967,0.3964733298898094,0.3987979870693128,0.3987979870693128,False,False,0.39881557871976353,0.5878288051239725,2.703434998582194,False
4.838,2.69075715893484,3.7508287491929813,0.5878288051239725,2.703434998582194,2.7070912724587237,-0.012677839647353917,-0.016334113523883698,-0.0019600936228660435,0.004020320265044307,0.39645396760435686,0.3985141942465351,0.3985141942465351,False,False,0.39920103334990087,0.5932508231499815,2.71100901300445,False
4.84,2.698215754699112,3.707747139452877,0.5932508231499815,2.71100901300445,2.7125436830971354,-0.012793258305338284,-0.014327928398023548,-0.0017193514077628257,0.004003126750966679,0.39642330305038814,0.398707078393592,0.398707078393592,False,False,0.3987979870693128,0.5986877382777881,2.718457563903307,False
4.8420000000000005,2.705588068449747,3.664546965476856,0.5986877382777881,2.718457563903307,2.718712899187334,-0.012869495453560198,-0.013124830737587079,-0.0015749796885104494,0.003987376954081574,0.39638133720847707,0.3987937344740482,0.3987937344740482,False,False,0.3985141942465351,0.6041393273105089,2.725794516360393,False
4.844,2.712873864439067,3.621229608695628,0.6041393273105089,2.725794516360393,2.727036270341159,-0.012920651921326076,-0.014162405902091724,-0.0016994887082510068,0.003970382066999064,0.39632807142058346,0.39859896477933154,0.39859896477933154,False,False,0.398707078393592,0.6096054693208477,2.7330710051693816,False
4.846,2.720072909686027,3.5777964542870304,0.6096054693208477,2.7330710051693816,2.7323625251916135,-0.012998095483354621,-0.012289615505586493,-0.001474753860670379,0.003955634528392361,0.3962635073900104,0.39874438805773244,0.39874438805773244,False,False,0.3987937344740482,0.6150860224668236,2.740276572987965,False
4.848,2.727184973983635,3.534248891131877,0.6150860224668236,2.740276572987965,2.7411143646610383,-0.013091599004329879,-0.013929390677403397,-0.0016715268812884075,0.003938919259579477,0.39618764718135013,0.3984550395596412,0.3984550395596412,False,False,0.39859896477933154,0.6205807875353984,2.7473825342873504,False
4.8500000000000005,2.734209829906337,3.490588311769411,0.6205807875353984,2.7473825342873504,2.7476023970270527,-0.013172704381013478,-0.013392567120715793,-0.001607108054485895,0.0039228481790346175,0.39610049322041707,0.3984162333449658,0.3984162333449658,False,False,0.39874438805773244,0.6260896387397858,2.754425602193755,False
4.852,2.7411472528172647,3.4468161123529413,0.6260896387397858,2.754425602193755,2.754711750365595,-0.013278349376490528,-0.013564497548330223,-0.0016277397057996267,0.003906570781976621,0.39600204829417135,0.39828087937034834,0.39828087937034834,False,False,0.3984550395596412,0.6316123606350772,2.7613609476456573,False
4.854,2.747997020875448,3.402933692605003,0.6316123606350772,2.7613609476456573,2.763683419480369,-0.013363926770209478,-0.01568639860492116,-0.001882367832590539,0.003887747103650716,0.3958923155506289,0.39789769482168913,0.39789769482168913,False,False,0.3984162333449658,0.6371487926082582,2.7682159865905116,False
4.856,2.754758915042883,3.3589424557727625,0.6371487926082582,2.7682159865905116,2.768488923181688,-0.01345707154762854,-0.013730008138804983,-0.001647600976656598,0.00387127109388415,0.3957712984987614,0.397994968615989,0.397994968615989,False,False,0.39828087937034834,0.6426987555949645,2.7749814933531542,False
4.8580000000000005,2.761432719091559,3.314843808583009,0.6426987555949645,2.7749814933531542,2.774059422059329,-0.013548774261595398,-0.012626702967770242,-0.0015152043561324291,0.0038561190503228256,0.3956390010083833,0.3979799157025737,0.3979799157025737,False,False,0.39789769482168913,0.6482620206037927,2.7816325044141137,False
4.86,2.7680182196103456,3.2706391611973222,0.6482620206037927,2.7816325044141137,2.778623525502136,-0.01361428480376814,-0.01060530589179054,-0.0012726367070148648,0.003843392683252677,0.3954954273100288,0.3980661832862666,0.3980661832862666,False,False,0.397994968615989,0.653838461768446,2.788220582326664,False
4.862,2.7745152060118423,3.2263299271668533,0.653838461768446,2.788220582326664,2.790300543016854,-0.013705376314821827,-0.015785337005011613,-0.0018942404406013934,0.003824450278846663,0.39534058199481625,0.3972707918330615,0.3972707918330615,False,False,0.3979799157025737,0.6594279310851878,2.7947346583709285,False
4.864,2.780923470539106,3.1819175233871406,0.6594279310851878,2.7947346583709285,2.7971325099218105,-0.013811187831822558,-0.01620903938270457,-0.0019450847259245485,0.003804999431587417,0.3951744700143014,0.3970343847199643,0.3970343847199643,False,False,0.3980661832862666,0.6650303033938091,2.801186154310655,False
4.866,2.787242808272281,3.137403370052879,0.6650303033938091,2.801186154310655,2.800505213927569,-0.013943346038373772,-0.01326240565528769,-0.0015914886786345228,0.0037890845448010717,0.3949970966803189,0.39719469254648543,0.39719469254648543,False,False,0.3972707918330615,0.670645270291158,2.807483448674454,False
4.868,2.793473017135176,3.092788890612385,0.670645270291158,2.807483448674454,2.800891814686223,-0.014010431539277945,-0.007418797551046907,-0.0008902557061256288,0.0037801819877398154,0.39480846766481265,0.3976983939464268,0.3976983939464268,False,False,0.3970343847199643,0.6762726438154978,2.8136867621698953,False
4.87,2.799613897901695,3.048075511722243,0.6762726438154978,2.8136867621698953,2.811858869689848,-0.014072864268200203,-0.01224497178815298,-0.0014693966145783576,0.0037654880215940317,0.39460858899965445,0.39690468040667015,0.39690468040667015,False,False,0.39719469254648543,0.6819123211433201,2.8198386639111717,False
4.872,2.805665254202241,3.0032646632014917,0.6819123211433201,2.8198386639111717,2.8188387954456706,-0.014173409708930773,-0.013173541243429732,-0.0015808249492115678,0.003749679772101916,0.39439746707645085,0.3965663218993412,0.3965663218993412,False,False,0.3976983939464268,0.6875642724879176,2.8259756722987444,False
4.874,2.8116268925299686,2.958357777986067,0.6875642724879176,2.8259756722987444,2.823654236784938,-0.014348779768775799,-0.012027344254969652,-0.0014432813105963581,0.0037352469589959523,0.3941751086463391,0.3964670742947387,0.3964670742947387,False,False,0.39690468040667015,0.693228196712111,2.8319621120967056,False
4.876,2.817498622246993,2.913356292082842,0.693228196712111,2.8319621120967056,2.834038358385974,-0.014463489849712463,-0.016539736138980743,-0.0019847683366776892,0.0037153992756291756,0.3939415208197708,0.3956721517587223,0.3956721517587223,False,False,0.3965663218993412,0.6989038913403415,2.8378473141152307,False
4.878,2.8232802555904657,2.868261644523862,0.6989038913403415,2.8378473141152307,2.836780647306771,-0.01456705852476503,-0.013500391716305238,-0.0016200470059566285,0.003699198805569609,0.3936967110662853,0.3957758628658983,0.3957758628658983,False,False,0.3964670742947387,0.7045912061926425,2.8436574261504766,False
4.88,2.8289716076785925,2.823075277320199,0.7045912061926425,2.8436574261504766,2.842375237289686,-0.014685818471884104,-0.01340362961109376,-0.0016084355533312511,0.0036831144500362968,0.39344068721427006,0.3955153661109751,0.3955153661109751,False,False,0.3956721517587223,0.7102898470661216,2.8493204367395877,False
4.882,2.8345724965165457,2.7777986354158712,0.7102898470661216,2.8493204367395877,2.8452937736228527,-0.014747940223041933,-0.010721277106306992,-0.001286553252756839,0.0036702489175087284,0.3931734574507106,0.39555715311546247,0.39555715311546247,False,False,0.3957758628658983,0.7159997111655576,2.8549320497179793,False
4.884,2.8400827430022804,2.7324331666416355,0.7159997111655576,2.8549320497179793,2.8558668435219934,-0.014849306715698951,-0.015784100519713018,-0.0018940920623655621,0.0036513079968850727,0.39289503032092865,0.39465224625544815,0.39465224625544815,False,False,0.3955153661109751,0.7217206205608913,2.860454697666843,False
4.886,2.845502170932254,2.686980321668775,0.7217206205608913,2.860454697666843,2.8613794302029043,-0.014952526734588911,-0.015877259270650423,-0.0019052711124780508,0.003632255285760292,0.39260541472830934,0.3943323989015916,0.3943323989015916,False,False,0.39555715311546247,0.727452462576175,2.865921007641892,False
4.888,2.8508306070070715,2.6414415539625957,0.727452462576175,2.865921007641892,2.864986310906706,-0.0150904006348207,-0.01415570389963472,-0.0016986844679561662,0.0036152684410807306,0.3923046199340159,0.39422120390714044,0.39422120390714044,False,False,0.39465224625544815,0.7331949275370182,2.8712324804215963,False
4.89,2.8560678808370294,2.595818319735965,0.7331949275370182,2.8712324804215963,2.8711773174751904,-0.01516459958456684,-0.015109436638161,-0.00181313239657932,0.0035971371171149374,0.39199265555669355,0.3937766602772292,0.3937766602772292,False,False,0.3943323989015916,0.7389478316845451,2.8764520737634616,False
4.892,2.8612138249475523,2.5501120779028152,0.7389478316845451,2.8764520737634616,2.874985831712908,-0.015238248815909294,-0.013772006765355727,-0.0016526408118426872,0.0035806107089965105,0.3916695315721622,0.39359750146931605,0.39359750146931605,False,False,0.39422120390714044,0.7447110369717099,2.8816026435824074,False
4.894,2.8662682747845576,2.5043242900314344,0.7447110369717099,2.8816026435824074,2.880452735699134,-0.015334368797849773,-0.01418446091457648,-0.0017021353097491775,0.003563589355899019,0.39133525831309773,0.3931967123592476,0.3931967123592476,False,False,0.3937766602772292,0.7504843370660731,2.8866500471815724,False
4.896,2.871231068719712,2.458456420297757,0.7504843370660731,2.8866500471815724,2.88343804022174,-0.015418978461860355,-0.012206971502028097,-0.0014648365802433715,0.003548940990096585,0.3909898464687009,0.3930739508785541,0.3930739508785541,False,False,0.39359750146931605,0.7562675834749312,2.8916232044290435,False
4.898,2.876102048055608,2.412509935438489,0.7562675834749312,2.8916232044290435,2.893767442142359,-0.015521156373435652,-0.017665394086751274,-0.0021198472904101527,0.0035277425171924837,0.3906333070843555,0.3920412023111378,0.3920412023111378,False,False,0.3931967123592476,0.7620605829287749,2.8964997269218595,False
4.9,2.8808810570308303,2.366486304704272,0.7620605829287749,2.8964997269218595,2.894077252916936,-0.015618669891029224,-0.013196195886105766,-0.001583543506332692,0.0035119070821291567,0.390265651561276,0.39219401513707247,0.39219401513707247,False,False,0.3930739508785541,0.7678632025016207,2.9013097864228876,False
4.902,2.8855679428249337,2.320386999812721,0.7678632025016207,2.9013097864228876,2.899968456513675,-0.01574184359795394,-0.014400513688741512,-0.0017280616426489815,0.0034946264657026668,0.38988689165614243,0.39165345647919614,0.39165345647919614,False,False,0.3920412023111378,0.7736751201780379,2.905958838208592,False
4.904,2.8901625555633474,2.2742134949012285,0.7736751201780379,2.905958838208592,2.907405064104895,-0.015796282645244464,-0.01724250854154752,-0.002069101024985702,0.0034739354554528096,0.3894970394807241,0.39090187391119124,0.39090187391119124,False,False,0.39219401513707247,0.7794962657385264,2.910572780244234,False
4.906,2.8946647483221466,2.227967266479984,0.7794962657385264,2.910572780244234,2.910247459384332,-0.01590803192208723,-0.01558271106218534,-0.0018699253274622406,0.0034552362021781874,0.38909610750149304,0.390681418376209,0.390681418376209,False,False,0.39165345647919614,0.785326424543958,2.9150794027157807,False
4.908,2.899074377132768,2.1816497933846173,0.785326424543958,2.9150794027157807,2.911867601547078,-0.016005025583012866,-0.012793224414310078,-0.0015351869297172093,0.003439884332881015,0.38868410853922436,0.39058880594238815,0.39058880594238815,False,False,0.39090187391119124,0.7911653401265495,2.9194577912957684,False
4.91,2.9033913009865957,2.135262556729082,0.7911653401265495,2.9194577912957684,2.9188687667548607,-0.016066490309172732,-0.01547746576826503,-0.0018572958921918036,0.003421311373959097,0.3882610557685878,0.3898250712503551,0.3898250712503551,False,False,0.390681418376209,0.7970128700556793,2.923764964564902,False
4.912,2.9076153818394914,2.0888070398580885,0.7970128700556793,2.923764964564902,2.9246584614066937,-0.01614958272541056,-0.0170430795672023,-0.002045169548064276,0.0034008596784784544,0.3878269627177248,0.389182652848139,0.389182652848139,False,False,0.39058880594238815,0.8028689002368031,2.9280150905618996,False
4.914,2.9117464846161885,2.0422847282998458,0.8028689002368031,2.9280150905618996,2.923879609923559,-0.016268605945711112,-0.012133125307370651,-0.001455975036884478,0.0033862999281096097,0.3873818432678168,0.3893121681590419,0.3893121681590419,False,False,0.3898250712503551,0.8087331772970624,2.932138530129632,False
4.916,2.915784477214629,1.9956971097184137,0.8087331772970624,2.932138530129632,2.9341264659679642,-0.016354052915002804,-0.018341988753335148,-0.002201038650400218,0.0033642895416056075,0.3869257116526409,0.3880889625438463,0.3880889625438463,False,False,0.389182652848139,0.8146054760526056,2.9361493777716143,False
4.918,2.9197292305101716,1.94904567386629,0.8146054760526056,2.9361493777716143,2.9372242740178542,-0.016420147261442697,-0.017495043507682606,-0.0020994052209219126,0.0033432954893963885,0.3864585824581159,0.38770247272659036,0.38770247272659036,False,False,0.3893121681590419,0.820485735437602,2.9401296924982065,False
4.92,2.923580618359731,1.902331912536641,0.820485735437602,2.9401296924982065,2.940530146989117,-0.016549074138475728,-0.016949528629386368,-0.002033943435526364,0.0033229560550411246,0.385980470621834,0.38726948324134874,0.38726948324134874,False,False,0.3880889625438463,0.8263736117985737,2.943938180485908,False
4.922,2.9273385176058118,1.8555573195156272,0.8263736117985737,2.943938180485908,2.94384027173175,-0.0165996628800964,-0.016501754125938017,-0.001980210495112562,0.003303153950089999,0.38549139143258465,0.38681433488756206,0.38681433488756206,False,False,0.38770247272659036,0.8322689404677869,2.947664334606556,False
4.924,2.931002808080445,1.8087233905346358,0.8322689404677869,2.947664334606556,2.949834217791741,-0.016661526526110748,-0.018831409711296043,-0.0022597691653555253,0.0032805562584364437,0.3849913605298643,0.3860121476229452,0.3860121476229452,False,False,0.38726948324134874,0.8381715488507735,2.951304191493327,False
4.926,2.934573372609024,1.7618316232225395,0.8381715488507735,2.951304191493327,2.9494254790918437,-0.016730818884302945,-0.01485210648281976,-0.001782252777938371,0.00326273373065706,0.3844803939033783,0.385960874856097,0.385960874856097,False,False,0.38681433488756206,0.8440812616104237,2.9548563798251477,False
4.928,2.9380500970140595,1.7148835170576875,0.8440812616104237,2.9548563798251477,2.9545705917878817,-0.016806282811088202,-0.016520494773822225,-0.001982459372858667,0.0032429091369284733,0.38395850789252756,0.38521895765659736,0.38521895765659736,False,False,0.3860121476229452,0.8499978326674456,2.95828552851091,False
4.93,2.941432870118833,1.6678805733199722,0.8499978326674456,2.95828552851091,2.957753771621011,-0.01685265839207739,-0.01632090150217813,-0.0019585081802613756,0.0032233240551258597,0.3834257191858869,0.3846905350607514,0.3846905350607514,False,False,0.385960874856097,0.8559211758888695,2.9616716107119547,False
4.932,2.944721583750942,1.6208242950428948,0.8559211758888695,2.9616716107119547,2.9584886521217655,-0.016950026961012554,-0.01376706837082331,-0.0016520482044987972,0.0032068035730808716,0.38288204482067156,0.38443680018925364,0.38443680018925364,False,False,0.38521895765659736,0.8618510614680852,2.9649427896078273,False
4.934,2.9479161327457675,1.5737161869654428,0.8618510614680852,2.9649427896078273,2.9658748536517945,-0.01702665686205984,-0.017958720906027015,-0.002155046508723242,0.003185253107993639,0.3823275021821922,0.3833577087814626,0.3833577087814626,False,False,0.3846905350607514,0.8677873068304995,2.9681226812071864,False
4.936,2.951016414949832,1.5265577554840033,0.8677873068304995,2.9681226812071864,2.9674932640171487,-0.017106266257354452,-0.016476849067316834,-0.00197722188807802,0.003165480889112859,0.38176210900329915,0.382950368004334,0.382950368004334,False,False,0.38443680018925364,0.8737297889280969,2.9712410487987,False
4.938,2.9540223312240697,1.479350508604132,0.8737297889280969,2.9712410487987,2.9671740344158217,-0.01721871757463056,-0.013151703191752073,-0.0015782043830102487,0.0031496988452827564,0.3811858833638145,0.382757377826087,0.382757377826087,False,False,0.3833577087814626,0.8796782132364094,2.9742121541561946,False
4.94,2.956933785446995,1.4320959558924053,0.8796782132364094,2.9742121541561946,2.97542859448552,-0.017278368709199743,-0.018494809038525073,-0.0022193770846230085,0.0031275050744365264,0.38059884368995506,0.3815069716797686,0.3815069716797686,False,False,0.382950368004334,0.8856324291330044,2.977107948297506,False
4.942,2.959750684517772,1.3847956084281632,0.8856324291330044,2.977107948297506,2.975584944757878,-0.017357263779734122,-0.015834260240106257,-0.0019001112288127508,0.003108503962148399,0.3800010087537432,0.3812094014870789,0.3812094014870789,False,False,0.382757377826087,0.8915923325362031,2.9799517015993264,False
4.944,2.962472938359203,1.3374509787550546,0.8915923325362031,2.9799517015993264,2.977870864504856,-0.01747876324012365,-0.015397926145653162,-0.0018477511374783795,0.003090026450773615,0.3793923976724052,0.3806346729857004,0.3806346729857004,False,False,0.3815069716797686,0.8975575990862587,2.98263327502778,False
4.946,2.965100459920595,1.2900635808328358,0.8975575990862587,2.98263327502778,2.97864880222484,-0.017532815107184962,-0.013548342304245065,-0.0016258010765094076,0.003073768440008521,0.37877302990776124,0.38022099727126035,0.38022099727126035,False,False,0.3812094014870789,0.9035281075125559,2.985254213148594,False
4.948,2.967633165180557,1.2426349299888055,0.9035281075125559,2.985254213148594,2.9857207555062946,-0.017621047968037207,-0.01808759032573759,-0.0021705108390885105,0.003052063331617636,0.3781429252656022,0.37902447775813136,0.37902447775813136,False,False,0.3806346729857004,0.9095036798408761,2.9877861641601346,False
4.95,2.970070973149672,1.1951665428695306,0.9095036798408761,2.9877861641601346,2.9886321728319545,-0.017715191010462483,-0.018561199682282314,-0.0022273439618738775,0.0030297898919988972,0.3775021038950579,0.3783045498251829,0.3783045498251829,False,False,0.38022099727126035,0.9154841737779146,2.990246968519249,False
4.952,2.972413805873102,1.1476599373921372,0.9154841737779146,2.990246968519249,2.9890694227336203,-0.017833162646147205,-0.016655616860518307,-0.0019986740232621966,0.0030098031517662755,0.37685058628795,0.3778617154164541,0.3778617154164541,False,False,0.37902447775813136,0.921469284667629,2.9925554448572314,False
4.954,2.9746615884330687,1.100116632695951,0.921469284667629,2.9925554448572314,2.9929559236976386,-0.017893856424162635,-0.018294335264569916,-0.0021953202317483897,0.0029878499494487916,0.37618839327813985,0.37698092299584024,0.37698092299584024,False,False,0.3783045498251829,0.9274588110012028,2.994763166786865,False
4.956,2.9768142489512575,1.05253814909377,0.9274588110012028,2.994763166786865,2.99603255675715,-0.017948917835607592,-0.01921830780589273,-0.0023061969367071276,0.00296478798008172,0.3755155460408591,0.3761741370842337,0.3761741370842337,False,False,0.3778617154164541,0.9334526115083223,2.996900253559767,False
4.958,2.9788717185911087,1.0049260080234128,0.9334526115083223,2.996900253559767,2.9967877778852805,-0.018028534968658416,-0.017916059294171838,-0.0021499271153006204,0.002943288708928714,0.3748320660920362,0.37562542768566426,0.37562542768566426,False,False,0.37698092299584024,0.9394504547635729,2.998921627625342,False
4.96,2.980833931560025,0.9572817319989325,0.9394504547635729,2.998921627625342,2.999872685844433,-0.018087696065316905,-0.019038754284407933,-0.0022846505141289517,0.0029204422037874245,0.3741379752876053,0.3747737669772638,0.3747737669772638,False,False,0.3761741370842337,0.9454521273826281,3.0008363095275863,False
4.962,2.9827008251114733,0.909606844561961,0.9454521273826281,3.0008363095275863,3.000961078123685,-0.018135484416113012,-0.01826025301221179,-0.002191230361465415,0.0028985299001727705,0.3734332958228083,0.37414059536151567,0.37414059536151567,False,False,0.37562542768566426,0.9514574723680663,3.0026724927191233,False
4.964,2.9844723395469908,0.8619028702329893,0.9514574723680663,3.0026724927191233,3.0031851247444874,-0.018200153172132527,-0.01871278519749664,-0.0022455342236995966,0.0028760745579357746,0.3727180502314854,0.37334859056572156,0.37334859056572156,False,False,0.3747737669772638,0.9574662710105851,3.0043993212594007,False
4.966,2.986148418218092,0.8141713344627073,0.9574662710105851,3.0043993212594007,3.007150998996438,-0.018250903041308497,-0.021002580778345603,-0.002520309693401472,0.00285087146100176,0.3719922613853551,0.3723228231529554,0.3723228231529554,False,False,0.37414059536151567,0.9634783527567444,3.0060408730796606,False
4.968,2.987729007528084,0.7664137635831045,0.9634783527567444,3.0060408730796606,3.0095608746041735,-0.018311865551576822,-0.02183186707608975,-0.00261982404913077,0.002824673220510452,0.3712559524932818,0.3714608016646615,0.3714608016646615,False,False,0.37334859056572156,0.9694935156685031,3.0075814558793157,False
4.97,2.9892140569337773,0.7186316847586761,0.9694935156685031,3.0075814558793157,3.0098712083091925,-0.018367398945538405,-0.02065715137541524,-0.0024788581650498284,0.002799884638859954,0.3705091471005331,0.3708301735743432,0.3708301735743432,False,False,0.3723228231529554,0.9755115110780639,3.0089977047804273,False
4.972,2.9906035189471045,0.6708266259376634,0.9755115110780639,3.0089977047804273,3.0090999103841716,-0.01839418583332275,-0.01849639143706705,-0.0022195669724480458,0.0027776889691354736,0.369751869088029,0.3703099910847164,0.3703099910847164,False,False,0.3714608016646615,0.9815321273396527,3.0103081307944013,False
4.974,2.991897349136637,0.6230001158031343,0.9815321273396527,3.0103081307944013,3.009791646116145,-0.018410781657764108,-0.01789429697950773,-0.0021473156375409275,0.0027562158127600643,0.3689841426715761,0.36959304284679523,0.36959304284679523,False,False,0.3708301735743432,0.987555203587859,3.0115381241031405,False
4.976,2.993095506129006,0.5751536837241292,0.987555203587859,3.0115381241031405,3.010779919141957,-0.01844261797413438,-0.017684413012950984,-0.002122129561554118,0.002734994517144523,0.36820599240109486,0.3688188573566853,0.3688188573566853,False,False,0.3703099910847164,0.9935806038529855,3.0127001325632836,False
4.978,2.9941979516102277,0.5272888597066968,0.9935806038529855,3.0127001325632836,3.0095450732952873,-0.01850218095305589,-0.015347121685059584,-0.00184165460220715,0.0027165779711224515,0.36741744315983305,0.36829236652874836,0.36829236652874836,False,False,0.36959304284679523,0.999608152457481,3.0137743022477608,False
4.98,2.9952046503269254,0.47940717434504193,0.999608152457481,3.0137743022477608,3.0115358197645197,-0.018569651920835373,-0.016331169437594273,-0.0019597403325113125,0.0026969805677973385,0.36661852016357116,0.3673557603988572,0.3673557603988572,False,False,0.3688188573566853,1.0056376636696527,3.0147556060858607,False
4.982,2.996115570087457,0.4315101587725978,1.0056376636696527,3.0147556060858607,3.012459078405989,-0.018640035998403803,-0.01634350831853215,-0.0019612209982238582,0.0026773683578151,0.3658092489598166,0.36652539631940784,0.36652539631940784,False,False,0.36829236652874836,1.0116690056667612,3.0156709985542594,False
4.984,2.9969306817629477,0.38359934461292766,1.0116690056667612,3.0156709985542594,3.0153758865575457,-0.018740316791311606,-0.01844520479459799,-0.0022134245753517587,0.0026552341120615825,0.3649896554269843,0.3654314649636941,0.3654314649636941,False,False,0.3673557603988572,1.0177019621973515,3.0164782652951576,False
4.986,2.9976499592882178,0.3356762639309137,1.0177019621973515,3.0164782652951576,3.018867309597144,-0.018828306006939854,-0.021217350308926353,-0.0025460820370711624,0.002629773291690871,0.36415976577357195,0.36424345702819166,0.36424345702819166,False,False,0.36652539631940784,1.0237363416343457,3.0171897184971015,False
4.988,2.99827337966262,0.28774244918361463,1.0237363416343457,3.0171897184971015,3.018648953424455,-0.018916338834481294,-0.020375573761834964,-0.0024450688514201955,0.002605322603176669,0.36331960653732,0.3634798602890765,0.3634798602890765,False,False,0.3654314649636941,1.0297718992664784,3.017778816066393,False
4.99,2.9988009229507697,0.23979943317144228,1.0297718992664784,3.017778816066393,3.0199456803724822,-0.018977893115623257,-0.021144757421712512,-0.0025373708906055014,0.002579948894270614,0.36246920458436493,0.3625117825880301,0.3625117825880301,False,False,0.36424345702819166,1.0358083733731294,3.0182370533254823,False
4.992,2.9992325722831867,0.1918487489889362,1.0358083733731294,3.0182370533254823,3.0191897481625567,-0.019004481042295573,-0.01995717587936996,-0.002394861105524395,0.00255600028321537,0.36160858710837745,0.3617697262860684,0.3617697262860684,False,False,0.3634798602890765,1.0418455939823525,3.018610304611577,False
4.994,2.999568313856834,0.14389192997591937,1.0418455939823525,3.018610304611577,3.018648273832859,-0.01904199075474322,-0.019079959976024963,-0.0022895951971229956,0.00253310433124414,0.3607377816296959,0.360981290763817,0.360981290763817,False,False,0.3625117825880301,1.0478833501725893,3.0188780951183305,False
4.996,2.9998081369355574,0.09593050966831573,1.0478833501725893,3.0188780951183305,3.0245901196185496,-0.019069958182773128,-0.024781982682992254,-0.0029738379219590703,0.0025033659520245495,0.3598568159944433,0.3593863440245088,0.3593863440245088,False,False,0.3617697262860684,1.0539214806697894,3.019065248600108,False
4.998,2.999952033850431,0.04796602174927715,1.0539214806697894,3.019065248600108,3.018351412109429,-0.019113214749677088,-0.018399378258997956,-0.0022079253910797544,0.002481286698113752,0.3589657183736401,0.3592390796806741,0.3592390796806741,False,False,0.360981290763817,1.0599598162610828,3.0191677956467444,False
5.0,3.0,4.6745197857439496e-15,1.0599598162610828,3.0191677956467444,3.019486309109723,-0.019167795646744423,-0.01948630910972282,-0.0023383570931667383,0.0024579031271820843,0.35806451726230093,0.3581840632963163,0.3581840632963163,False,False,0.3593863440245088,1.0659980207108577,3.0191022248874466,False
5.002,2.999952033850431,-0.04796602174926781,1.0659980207108577,3.0191022248874466,3.0188716173040344,-0.019150191037015762,-0.01891958345360356,-0.0022703500144324274,0.00243519962703776,0.3571532414785235,0.35731809109112883,0.35731809109112883,False,False,0.3592390796806741,1.0720360646237466,3.0190219564444614,False
5.0040000000000004,2.9998081369355574,-0.09593050966832145,1.0720360646237466,3.0190219564444614,3.0164236339677006,-0.019213819508903995,-0.016615497032143267,-0.001993859643857192,0.0024152610305991883,0.3562319201625678,0.3566533215493098,0.3566533215493098,False,False,0.3581840632963163,1.0780737288447917,3.018832110522609,False
5.006,2.999568313856834,-0.14389192997591002,1.0780737288447917,3.018832110522609,3.018609703946218,-0.019263796665775157,-0.01904139008938399,-0.002284966810726079,0.0023924113624919276,0.35530058277592524,0.3554080273276911,0.3554080273276911,False,False,0.35731809109112883,1.0841108362140495,3.018553684628932,False
5.008,2.9992325722831867,-0.19184874898892681,1.0841108362140495,3.018553684628932,3.019906352246143,-0.019321112345745295,-0.020673779962956385,-0.002480853595554766,0.00236760282653638,0.35435925910037486,0.35424600833135644,0.35424600833135644,False,False,0.3566533215493098,1.090147253650899,3.01820871842477,False
5.01,2.9988009229507697,-0.23979943317143293,1.090147253650899,3.01820871842477,3.020731867454355,-0.019407795474000178,-0.021930944503585348,-0.0026317133404302417,0.0023412856931320776,0.35340797923703077,0.3531175515897326,0.3531175515897326,False,False,0.3554080273276911,1.0961827279762077,3.0177371626544383,False
5.0120000000000005,2.9982733796626198,-0.2877424491836354,1.0961827279762077,3.0177371626544383,3.017886949713729,-0.0194637829918185,-0.019613570051109086,-0.0023536284061330902,0.0023177494090707465,0.3524467736053812,0.3524108946083188,0.3524108946083188,False,False,0.35424600833135644,1.1022170262319442,3.0171491278682367,False
5.014,2.997649959288218,-0.33567626393090433,1.1022170262319442,3.0171491278682367,3.017292576312906,-0.019499168580018544,-0.019642617024687947,-0.0023571140429625537,0.002294178268641121,0.3514756729423157,0.35141273716799426,0.35141273716799426,False,False,0.3531175515897326,1.10824992504901,3.01644940853293,False
5.016,2.9969306817629477,-0.38359934461291834,1.10824992504901,3.01644940853293,3.0156108619802975,-0.01951872676998212,-0.01868018021734974,-0.002241621626081969,0.0022717620523803016,0.35049470830114016,0.3505248487274385,0.3505248487274385,False,False,0.3524108946083188,1.114281291838532,3.0156833947609774,False
5.018,2.996115570087457,-0.43151015877258847,1.114281291838532,3.0156833947609774,3.0144875825162205,-0.019567824673520473,-0.01837201242876363,-0.0022046414914516353,0.0022497156374657852,0.34950391105058537,0.3495489851965995,0.3495489851965995,False,False,0.35141273716799426,1.1203109344292226,3.0148212953452638,False
5.0200000000000005,2.995204650326925,-0.47940717434506275,1.1203109344292226,3.0148212953452638,3.015724478687176,-0.01961664501833882,-0.020519828360251235,-0.0024623794032301483,0.002225091843433484,0.34850331287380415,0.34826602531400747,0.34826602531400747,False,False,0.3505248487274385,1.1263386858526876,3.013875711732463,False
5.022,2.994197951610228,-0.5272888597066875,1.1263386858526876,3.013875711732463,3.0158040647422717,-0.019677760122234655,-0.021606113132043525,-0.002592733575845223,0.0021991645076750318,0.3474929457673585,0.34709937669918833,0.34709937669918833,False,False,0.3495489851965995,1.1323643625541622,3.0128383507372596,False
5.024,2.9930955061290065,-0.57515368372412,1.1323643625541622,3.0128383507372596,3.0115398218317964,-0.01974284460825304,-0.018444315702789815,-0.002213317884334778,0.002177031328831684,0.34647284204019413,0.34643655548469104,0.34643655548469104,False,False,0.34826602531400747,1.1383877186909883,3.0116780684130933,False
5.026,2.991897349136637,-0.623000115803125,1.1383877186909883,3.0116780684130933,3.0173488395552535,-0.019780719276456082,-0.025451490418616274,-0.0030541788502339525,0.0021464895403293443,0.3454430343126102,0.3445353450027056,0.3445353450027056,False,False,0.34709937669918833,1.1444085354786835,3.0104083938476167,False
5.0280000000000005,2.990603518947104,-0.6708266259376691,1.1444085354786835,3.0104083938476167,3.0111352074605393,-0.019804874900512637,-0.02053168851343523,-0.0024638026216122276,0.002121851514113222,0.34440355551521346,0.34406160440771444,0.34406160440771444,False,False,0.34643655548469104,1.1504267020391292,3.009083280222854,False
5.03,2.9892140569337773,-0.7186316847586667,1.1504267020391292,3.009083280222854,3.0079364137287463,-0.01986922328907692,-0.01872235679496903,-0.0022466828153962838,0.002099384685959259,0.34335443888786876,0.34320714075843173,0.34320714075843173,False,False,0.3445353450027056,1.1564418493951523,3.0075736780115236,False
5.032,2.987729007528084,-0.7664137635830952,1.1564418493951523,3.0075736780115236,3.005827215967106,-0.019844670483439852,-0.018098208439022212,-0.0021717850126826655,0.0020776668358324325,0.34229571797863195,0.3422015998017817,0.3422015998017817,False,False,0.34406160440771444,1.1624539115372798,3.0060310710638087,False
5.034,2.9861484182180926,-0.814171334462698,1.1624539115372798,3.0060310710638087,3.0062314017823137,-0.01988265284571611,-0.020082983564221113,-0.0024099580277065335,0.0020535672555553673,0.3412274266426807,0.3408710358705295,0.3408710358705295,False,False,0.34320714075843173,1.168462743458527,3.004415960623597,False
5.0360000000000005,2.9844723395469908,-0.8619028702329949,1.168462743458527,3.004415960623597,3.0045898756736995,-0.01994362107660619,-0.020117536126708746,-0.0024141043352050493,0.002029426212203317,0.34014959904122855,0.3397649209182268,0.3397649209182268,False,False,0.3422015998017817,1.1744681701105386,3.002713326005822,False
5.038,2.9827008251114737,-0.9096068445619517,1.1744681701105386,3.002713326005822,2.99934462933317,-0.02001250089434814,-0.01664380422169609,-0.0019972565066035306,0.0020094536471372817,0.33906226964043656,0.3390744667809703,0.3390744667809703,False,False,0.3408710358705295,1.1804699503097271,3.000890099594265,False
5.04,2.9808339315600256,-0.9572817319989232,1.1804699503097271,3.000890099594265,3.004227832304936,-0.020056168034239263,-0.023393900744910212,-0.0028072680893892255,0.0019813809662433896,0.33796547321030773,0.3371395860871619,0.3371395860871619,False,False,0.3397649209182268,1.1864678925234344,2.998971106853706,False
5.042,2.978871718591109,-1.0049260080234035,1.1864678925234344,2.998971106853706,3.0011442607841463,-0.02009938826259683,-0.022272542193037204,-0.002672705063164464,0.001954653915611745,0.33685924482357626,0.3361411936760235,0.3361411936760235,False,False,0.3390744667809703,1.1924618943637433,2.9970009201543726,False
5.0440000000000005,2.976814248951257,-1.0525381490937755,1.1924618943637433,2.9970009201543726,2.996574657861013,-0.02018667120311557,-0.019760408909756055,-0.0023712490691707266,0.0019309414249200378,0.3357436198545856,0.33530331221033494,0.33530331221033494,False,False,0.3371395860871619,1.1984515939861398,2.9948498111981974,False
5.046,2.9746615884330687,-1.1001166326959417,1.1984515939861398,2.9948498111981974,2.991469888727334,-0.02018822276512866,-0.016808300294265166,-0.00201699603531182,0.0019107714645669196,0.33461863397815955,0.33451240940741467,0.33451240940741467,False,False,0.3361411936760235,1.2044368296241366,2.992617818998348,False
5.048,2.972413805873103,-1.1476599373921281,1.2044368296241366,2.992617818998348,2.99025107546989,-0.020204013125245,-0.01783726959678722,-0.0021404723516144663,0.001889366741050775,0.3334843231684586,0.3332332175578949,0.3332332175578949,False,False,0.33530331221033494,1.2104174749005194,2.990322638191428,False
5.05,2.970070973149673,-1.1951665428695213,1.2104174749005194,2.990322638191428,2.988407440120743,-0.020251665041755018,-0.018336466971069942,-0.002200376036528393,0.001867362980685491,0.3323407236978301,0.3320077106419872,0.3320077106419872,False,False,0.33451240940741467,1.2163934146647029,2.9879698820917344,False
5.0520000000000005,2.967633165180556,-1.242634929988826,1.2163934146647029,2.9879698820917344,2.9892979972925073,-0.020336716911178332,-0.02166483211195125,-0.0025997798534341497,0.0018413651821511494,0.3311878721356494,0.33042945746436636,0.33042945746436636,False,False,0.3332332175578949,1.2223644327845644,2.9855090599308123,False
5.054,2.965100459920596,-1.2900635808328265,1.2223644327845644,2.9855090599308123,2.9858356486269373,-0.020408600010216382,-0.02073518870634139,-0.002488222644760967,0.0018164829557035396,0.3300258053471513,0.3293540656580939,0.3293540656580939,False,False,0.3320077106419872,1.2283303267456174,2.9829469805264752,False
5.056,2.9624729383592032,-1.3374509787550455,1.2283303267456174,2.9829469805264752,2.9801098282777074,-0.020474042167272,-0.017636889918504206,-0.0021164267902205047,0.0017953186878013345,0.32885456049224804,0.3285334523898289,0.3285334523898289,False,False,0.33042945746436636,1.2342908223948503,2.9802478246164736,False
5.058,2.959750684517773,-1.3847956084281536,1.2342908223948503,2.9802478246164736,2.981355735454047,-0.02049714009870085,-0.021605050936274406,-0.0025926061123529285,0.0017693926266778052,0.3276741750243432,0.3268509615386681,0.3268509615386681,False,False,0.3293540656580939,1.2402457538920224,2.977465748585992,False
5.0600000000000005,2.9569337854469935,-1.4320959558924258,1.2402457538920224,2.977465748585992,2.9758758080886385,-0.02053196313899841,-0.018942022641645018,-0.002273042716997402,0.0017466621995078312,0.32648468668913394,0.3259583061716444,0.3259583061716444,False,False,0.3285334523898289,1.2461950105705293,2.9746283392534054,False
5.062,2.95402233122407,-1.479350508604123,1.2461950105705293,2.9746283392534054,2.9736828992312274,-0.02060600802933532,-0.01966056800715732,-0.002359268160858878,0.0017230695178992424,0.32528613352340513,0.32464993488044547,0.32464993488044547,False,False,0.3268509615386681,1.2521383025037138,2.9716459665922854,False
5.064,2.951016414949832,-1.5265577554839942,1.2521383025037138,2.9716459665922854,2.9755909719787064,-0.020629551642453503,-0.024574557028874455,-0.0029489468434649346,0.001693580049464593,0.324078553853809,0.32282318705980867,0.32282318705980867,False,False,0.3259583061716444,1.2580755083433082,2.9686029197972172,False
5.066,2.9479161327457684,-1.5737161869654335,1.2580755083433082,2.9686029197972172,2.9694995195064995,-0.020686787051448885,-0.021583386760731127,-0.002590006411287735,0.0016676799853517158,0.32286198629564467,0.3219396598697086,0.3219396598697086,False,False,0.32464993488044547,1.264006421024411,2.9654563405514986,False
5.0680000000000005,2.944721583750942,-1.6208242950429004,1.264006421024411,2.9654563405514986,2.9638220205186165,-0.020734756800556475,-0.019100436767674367,-0.002292052412120924,0.0016447594612305067,0.3216364697516184,0.32098917680072797,0.32098917680072797,False,False,0.32282318705980867,1.2699307272107403,2.9621530931646096,False
5.07,2.9414328701188337,-1.667880573319963,1.2699307272107403,2.9621530931646096,2.9598726213579183,-0.02072022304577592,-0.01843975123908459,-0.0022127701486901507,0.001622631759743605,0.3204020434106051,0.3198119050216585,0.3198119050216585,False,False,0.3219396598697086,1.2758483145205157,2.958793654887697,False
5.072,2.93805009701406,-1.7148835170576782,1.2758483145205157,2.958793654887697,2.957912467703249,-0.02074355787363702,-0.019862370689188946,-0.0023834844827026734,0.0015987969149165782,0.31915874674638905,0.31837405917860295,0.31837405917860295,False,False,0.32098917680072797,1.281759057786901,2.9553716331926108,False
5.074,2.9345733726090244,-1.7618316232225302,1.281759057786901,2.9553716331926108,2.9553874561480282,-0.02079826058358636,-0.020814083539003825,-0.002497690024680459,0.0015738200146697737,0.31790661951640714,0.31698274950639643,0.31698274950639643,False,False,0.3198119050216585,1.2876627857296539,2.9518639713764827,False
5.0760000000000005,2.9310028080804447,-1.8087233905346414,1.2876627857296539,2.9518639713764827,2.95347161109985,-0.020861163296038043,-0.022468803019405126,-0.002696256362328615,0.0015468574510464875,0.31664570176047274,0.3154963028491906,0.3154963028491906,False,False,0.31837405917860295,1.2935592743874398,2.9482443288929083,False
5.078,2.9273385176058127,-1.8555573195156179,1.2935592743874398,2.9482443288929083,2.947656502244608,-0.020905811287095677,-0.020317984638795306,-0.0024381581566554366,0.001522475869479933,0.3153760337995001,0.3144603515123246,0.3144603515123246,False,False,0.31698274950639643,1.2994483120056826,2.9445188091214303,False
5.08,2.9235806183597317,-1.9023319125366318,1.2994483120056826,2.9445188091214303,2.9452735608453007,-0.02093819076169856,-0.021692942485568967,-0.002603153098268276,0.0014964443384972504,0.3140976562342115,0.31299094747444045,0.31299094747444045,False,False,0.3154963028491906,1.305329669236095,2.9406786152062048,False
5.082,2.919729230510172,-1.949045673866281,1.305329669236095,2.9406786152062048,2.938496773757408,-0.02094938469603269,-0.018767543247236063,-0.0022521051896683274,0.001473923286600567,0.31281060994383947,0.3120324280407717,0.3120324280407717,False,False,0.3144603515123246,1.3112032135851799,2.936772174542479,False
5.0840000000000005,2.915784477214629,-1.9956971097184195,1.3112032135851799,2.936772174542479,2.937428031342207,-0.020987697327849997,-0.021643554127578124,-0.002597226495309375,0.0014479510216474734,0.31151493608481995,0.31036566061115806,0.31036566061115806,False,False,0.31299094747444045,1.317068723251261,2.9327548330405597,False
5.086,2.9117464846161893,-2.042284728299837,1.317068723251261,2.9327548330405597,2.93020641463162,-0.021008348424370382,-0.018459930015430448,-0.0022151916018516536,0.001425799105628957,0.310210676089478,0.3094212835932553,0.3094212835932553,False,False,0.3120324280407717,1.3229260858499698,2.9286812993543725,False
5.088,2.907615381839492,-2.088807039858079,1.3229260858499698,2.9286812993543725,2.927180319038854,-0.021065917514880628,-0.01956493719936203,-0.0023477924639234435,0.0014023211809897226,0.30889787166470045,0.30795240038176674,0.30795240038176674,False,False,0.31036566061115806,1.328775041925715,2.9244780378725,False
5.09,2.9033913009865966,-2.135262556729073,1.328775041925715,2.9244780378725,2.929982371948927,-0.021086736885903345,-0.026591070962330488,-0.0031909285154796585,0.001370411895834926,0.3075765647906021,0.30575604817095736,0.30575604817095736,False,False,0.3094212835932553,1.3346154861433526,2.9202221088187645,False
5.0920000000000005,2.8990743771327656,-2.1816497933846373,1.3346154861433526,2.9202221088187645,2.9198434865079705,-0.021147731685998927,-0.02076910937520493,-0.0024922931250245914,0.00134548896458468,0.30624679771918484,0.30509999355874495,0.30509999355874495,False,False,0.30795240038176674,1.3404472044944469,2.915859175547113,False
5.094,2.8946647483221475,-2.227967266479975,1.3404472044944469,2.915859175547113,2.9135829290213087,-0.021194427224965562,-0.01891818069916118,-0.0022701816838993417,0.0013227871477456867,0.3049086129729877,0.30396121843683405,0.30396121843683405,False,False,0.30575604817095736,1.3462698329916734,2.911314248613219,False
5.096,2.8901625555633483,-2.2742134949012187,1.3462698329916734,2.911314248613219,2.912412242728294,-0.021151693049870524,-0.022249687164945797,-0.0026699624597934955,0.0012960875231477517,0.3035620533437228,0.30218817840707707,0.30218817840707707,False,False,0.30509999355874495,1.3520833341866092,2.906750597467868,False
5.098,2.8855679428249346,-2.3203869998127122,1.3520833341866092,2.906750597467868,2.904751807535922,-0.02118265464293323,-0.019183864710987653,-0.0023020637653185182,0.0012730668854945666,0.30220716189091007,0.30117816501108613,0.30117816501108613,False,False,0.30396121843683405,1.3578875699611264,2.902117887258621,False
5.1000000000000005,2.880881057030828,-2.366486304704292,1.3578875699611264,2.902117887258621,2.905143922286446,-0.02123683022779277,-0.02426286525561805,-0.0029115438306741657,0.0012439514471878248,0.3008439819405004,0.29917638955701403,0.29917638955701403,False,False,0.30218817840707707,1.3636822709007932,2.8973504698334405,False
5.102,2.876102048055609,-2.41250993543848,1.3636822709007932,2.8973504698334405,2.89523209344767,-0.02124842177783126,-0.019130045392060868,-0.002295605447047304,0.0012209953927173518,0.29947255708349046,0.2983979470291605,0.2983979470291605,False,False,0.30117816501108613,1.3694673303303089,2.892529714757842,False
5.104,2.8712310687197133,-2.458456420297748,1.3694673303303089,2.892529714757842,2.894116918274326,-0.021298646038128588,-0.02288584955461248,-0.0027463019465534975,0.0011935323732518168,0.2980929311745256,0.29654016160122393,0.29654016160122393,False,False,0.29917638955701403,1.3752424350727082,2.8875523711996163,False
5.106,2.8662682747845585,-2.504324290031425,1.3752424350727082,2.8875523711996163,2.890323660992817,-0.021284096415057796,-0.024055386208258422,-0.0028866463449910107,0.0011646659098019066,0.2967051483305019,0.29498316789531276,0.29498316789531276,False,False,0.2983979470291605,1.3810075315591277,2.882548243209793,False
5.1080000000000005,2.861213824947552,-2.5501120779028206,1.3810075315591277,2.882548243209793,2.8811570721864377,-0.02133441826224125,-0.019943247238885853,-0.0023931896686663024,0.0011407340131152435,0.29530925292915083,0.2940567972735998,0.2940567972735998,False,False,0.29654016160122393,1.386762340795839,2.877404618355569,False
5.11,2.8560678808370303,-2.5958183197359563,1.386762340795839,2.877404618355569,2.8804752160780907,-0.021336737518538484,-0.024407335241060313,-0.0029288802289272374,0.0011114452108259712,0.293905289607626,0.29208785458952474,0.29208785458952474,False,False,0.29498316789531276,1.3925066498418328,2.872154522996957,False
5.112,2.8508306070070724,-2.6414415539625864,1.3925066498418328,2.872154522996957,2.8727539444198875,-0.02132391598988459,-0.021923337412815158,-0.0026308004895378187,0.001085137205930593,0.29249330326106937,0.29094763997746215,0.29094763997746215,False,False,0.2940567972735998,1.398240380149167,2.8668651536670526,False
5.114,2.8455021709322548,-2.6869803216687655,1.398240380149167,2.8668651536670526,2.8686534521594615,-0.021362982734797864,-0.023151281227206777,-0.002778153747264813,0.0010573556684579449,0.2910733390411804,0.2893525409623735,0.2893525409623735,False,False,0.29208785458952474,1.4039632357194318,2.8614277851324017,False
5.1160000000000005,2.84008274300228,-2.732433166641641,1.4039632357194318,2.8614277851324017,2.8658419323878594,-0.021345042130121783,-0.02575918938557953,-0.0030911027262695433,0.0010264446411952495,0.2896454423547686,0.2875807842696943,0.2875807842696943,False,False,0.29094763997746215,1.4096750973434418,2.8559308120050013,False
5.118,2.8345724965165466,-2.777798635415863,1.4096750973434418,2.8559308120050013,2.8535560847527477,-0.021358315488454682,-0.018983588236201054,-0.0022780305883441264,0.0010036643353118083,0.288209658862306,0.28693529260927364,0.28693529260927364,False,False,0.2893525409623735,1.4153757518700054,2.850327263281877,False
5.12,2.828971607678594,-2.82307527732019,1.4153757518700054,2.850327263281877,2.8486978654552684,-0.021355655603283008,-0.019726257776674583,-0.00236715093320095,0.0009799928259797987,0.2867660344764632,0.28537887636924203,0.28537887636924203,False,False,0.2875807842696943,1.421064951499188,2.844599814591288,False
5.122,2.8232802555904666,-2.868261644523853,1.421064951499188,2.844599814591288,2.84575990401924,-0.021319559000821275,-0.02247964842877348,-0.0026975578114528174,0.0009530172478652705,0.2853146153606418,0.28357007479705426,0.28357007479705426,False,False,0.28693529260927364,1.4267426869944757,2.838867747643906,False
5.124,2.8174986222469944,-2.9133562920828333,1.4267426869944757,2.838867747643906,2.8392717940216152,-0.021369125396911492,-0.021773171774620792,-0.0026127806129544948,0.0009268894417357255,0.28385544792749906,0.2821695567562803,0.2821695567562803,False,False,0.28537887636924203,1.4324087584738212,2.8330357396727646,False
5.126,2.8116268925299694,-2.9583577779860586,1.4324087584738212,2.8330357396727646,2.833294500542206,-0.021408847142795118,-0.02166760801223644,-0.0026001129614683727,0.0009008883121210419,0.28238857883746366,0.2806893541881163,0.2806893541881163,False,False,0.28357007479705426,1.438062915403233,2.827078464705828,False
5.128,2.8056652542022418,-3.003264663201483,1.438062915403233,2.827078464705828,2.825499183860232,-0.021413210503586022,-0.019833929657990357,-0.002380071558958843,0.0008770875965314535,0.28091405499724525,0.2794110710348179,0.2794110710348179,False,False,0.2821695567562803,1.44370499549729,2.821040047028556,False
5.13,2.799613897901696,-3.0480755117222347,1.44370499549729,2.821040047028556,2.8200266693324365,-0.02142614912686014,-0.020412771430740495,-0.0024495325716888594,0.0008525922708145649,0.2794319235583298,0.2778349832574555,0.2778349832574555,False,False,0.2806893541881163,1.4493348215687583,2.8149130357340875,False
5.132,2.793473017135177,-3.0927888906123764,1.4493348215687583,2.8149130357340875,2.8157476121910143,-0.021440018598910537,-0.0222745950558374,-0.0026729514067004878,0.00082586275674756,0.27794223191547707,0.27609514326552415,0.27609514326552415,False,False,0.2794110710348179,1.454952260660113,2.8087195456774436,False
5.134,2.7872428082722824,-3.1374033700528705,1.454952260660113,2.8087195456774436,2.811061267894664,-0.021476737405161206,-0.023818459622381383,-0.002858215154685766,0.0007972806052007024,0.2764450277052004,0.2743840931557153,0.2743840931557153,False,False,0.2778349832574555,1.4605571189153803,2.8024291276336344,False
5.136,2.780923470539107,-3.181917523387132,1.4605571189153803,2.8024291276336344,2.8008071339877616,-0.021505657094527564,-0.019883663448654776,-0.002386039613838573,0.0007734202090623166,0.27494035880424916,0.2733277393994729,0.2733277393994729,False,False,0.27609514326552415,1.4661491703201173,2.7960257023684423,False
5.138,2.774515206011844,-3.226329927166845,1.4661491703201173,2.7960257023684423,2.796223242607122,-0.021510496356598185,-0.021708036595277758,-0.0026049643914333306,0.0007473705651479833,0.27342827332807096,0.2715706795017856,0.2715706795017856,False,False,0.2743840931557153,1.4717281973731484,2.7895135265155484,False
5.14,2.768018219610347,-3.2706391611973133,1.4717281973731484,2.7895135265155484,2.7903826827531835,-0.021495306905201517,-0.022364463142836577,-0.0026837355771403893,0.0007205332093765794,0.27190881962927865,0.26994561726151484,0.26994561726151484,False,False,0.2733277393994729,1.4772941220574252,2.782962342138351,False
5.142,2.761432719091558,-3.314843808583014,1.4772941220574252,2.782962342138351,2.7848156245988562,-0.021529623046792956,-0.02338290550729827,-0.002805948660875792,0.0006924737227678215,0.2703820462960999,0.2682685713579919,0.2682685713579919,False,False,0.2715706795017856,1.48284672048612,2.776299214347359,False
5.144,2.754758915042885,-3.358942455772754,1.48284672048612,2.776299214347359,2.771660273970917,-0.021540299304473987,-0.016901358928032018,-0.002028163071363842,0.000672192092054183,0.2688480021508281,0.26749203117151843,0.26749203117151843,False,False,0.26994561726151484,1.4883857988739306,2.7695391939052687,False
5.146,2.7479970208754496,-3.4029336926049947,1.4883857988739306,2.7695391939052687,2.7686892229340625,-0.02154217302981909,-0.020692202058612885,-0.002483064247033546,0.0006473614495838475,0.2673067362482572,0.26547103345080747,0.26547103345080747,False,False,0.2682685713579919,1.4939111546805788,2.7626779033241005,False
5.148,2.7411472528172665,-3.446816112352933,1.4939111546805788,2.7626779033241005,2.758494095079947,-0.021530650506834004,-0.01734684226268035,-0.002081621071521642,0.0006265452388686311,0.26575829787411354,0.2643032220414605,0.2643032220414605,False,False,0.26749203117151843,1.4994227761577783,2.7558107385997865,False
5.15,2.7342098299063364,-3.4905883117694163,1.4994227761577783,2.7558107385997865,2.7562638741432863,-0.021600908693450105,-0.0220540442369499,-0.0026464853084339876,0.0006000803857842912,0.2642027365434819,0.26215633162083224,0.26215633162083224,False,False,0.26547103345080747,1.504920391097716,2.7488074699689005,False
5.152,2.7271849739836362,-3.5342488911318686,1.504920391097716,2.7488074699689005,2.750175301510509,-0.021622495985264223,-0.0229903275268728,-0.002758839303224736,0.0005724919927520439,0.26264010199922055,0.2604537546887479,0.2604537546887479,False,False,0.2643032220414605,1.5104039089418027,2.7417589220433656,False
5.154,2.7200729096860283,-3.577796454287022,1.5104039089418027,2.7417589220433656,2.7392207029499063,-0.021686012357337248,-0.019147793263877944,-0.0022977351916653533,0.0005495146408353904,0.2610704442103717,0.2593222236595417,0.2593222236595417,False,False,0.26215633162083224,1.5158730351084286,2.7345630833129833,False
5.156,2.7128738644390684,-3.6212296086956197,1.5158730351084286,2.7345630833129833,2.734139465142353,-0.02168921887391484,-0.021265600703284537,-0.002551872084394144,0.0005239959199914489,0.25949381337056104,0.25746593720615835,0.25746593720615835,False,False,0.2604537546887479,1.521327571293443,2.7272680925072805,False
5.158,2.7055880684497433,-3.6645469654768745,1.521327571293443,2.7272680925072805,2.725836811773408,-0.021680024057537217,-0.020248743323664886,-0.002429849198839786,0.000499697428003051,0.25791025989639577,0.25598010812555905,0.25598010812555905,False,False,0.2593222236595417,1.526767440949425,2.719934827990931,False
5.16,2.6982157546991137,-3.7077471394528687,1.526767440949425,2.719934827990931,2.7191878563545337,-0.021719073291817104,-0.020972101655420072,-0.0025166521986504085,0.0004745309060165469,0.2563198344258526,0.25427771313321873,0.25427771313321873,False,False,0.25746593720615835,1.5321924166071117,2.7124878288434076,False
5.162,2.6907571589348414,-3.750828749192973,1.5321924166071117,2.7124878288434076,2.70999284852821,-0.021730669908566203,-0.019235689593368743,-0.002308282751204249,0.0004514480785045044,0.2547225878166539,0.25286575314395415,0.25286575314395415,False,False,0.25598010812555905,1.5376023508714751,2.7049671321817055,False
5.164,2.6832125196636785,-3.7937904170578682,1.5376023508714751,2.7049671321817055,2.7041508307726914,-0.021754612518027017,-0.020938311109012897,-0.0025125973330815477,0.0004263221051736889,0.2531185711446473,0.2510322959167394,0.2510322959167394,False,False,0.25427771313321873,1.542997052619094,2.6973508738094343,False
5.166,2.6755820781438144,-3.8366307692437385,1.542997052619094,2.6973508738094343,2.6956224846120085,-0.021768795665619844,-0.02004040646819405,-0.002404848776183286,0.00040227361741185605,0.25150783570216695,0.24950526054339553,0.24950526054339553,False,False,0.25286575314395415,1.5483763936445767,2.689670512741389,False
5.168,2.667866078377192,-3.8793484358260355,1.5483763936445767,2.689670512741389,2.6862433290158925,-0.02180443436419699,-0.01837725063870055,-0.0022052700766440657,0.0003802209166454154,0.24989043299639968,0.24806538383640103,0.24806538383640103,False,False,0.2510322959167394,1.5537401588906783,2.6818826230507917,False
5.17,2.66006476710167,-3.921942050803476,1.5537401588906783,2.6818826230507917,2.6783078680936137,-0.02181785594912178,-0.018243100991943706,-0.0021891721190332447,0.00035832919545508295,0.24826641474773076,0.2464355718241526,0.2464355718241526,False,False,0.24950526054339553,1.559088199828936,2.6740204691289304,False
5.172,2.652178393783162,-3.964410252141563,1.559088199828936,2.6740204691289304,2.675000413675671,-0.021842075345768652,-0.022822019892509093,-0.002738642387101091,0.00033094277158407206,0.24663583288809593,0.24422813327257892,0.24422813327257892,False,False,0.24806538383640103,1.5644203878147047,2.666093992884285,False
5.174,2.644207210607635,-4.006751681816272,1.5644203878147047,2.666093992884285,2.667263291961497,-0.021886782276649974,-0.023056081353861835,-0.00276672976246342,0.00030327547395943787,0.2449987395593159,0.24253528527081192,0.24253528527081192,False,False,0.2464355718241526,1.5697365558452474,2.658084015271313,False
5.176,2.6361514724730757,-4.048964985857316,1.5697365558452474,2.658084015271313,2.6531698922045055,-0.02193254279823753,-0.017018419731429812,-0.0020422103677715775,0.00028285337028172207,0.24335518711143497,0.24159583011394511,0.24159583011394511,False,False,0.24422813327257892,1.5750364177991067,2.6499309769296615,False
5.178,2.6280114369813035,-4.091048814391632,1.5750364177991067,2.6499309769296615,2.6494586751311995,-0.021919539948358047,-0.02144723814989602,-0.0025736685779875223,0.00025711668450184686,0.24170522810104011,0.23938867620755444,0.23938867620755444,False,False,0.24253528527081192,1.5803197984552537,2.641690328073448,False
5.18,2.6197873644297633,-4.133001821686384,1.5803197984552537,2.641690328073448,2.641697066787786,-0.021902963643684714,-0.02190970235802281,-0.002629164282962737,0.00023082504167221948,0.2400489152895861,0.2376505760482956,0.2376505760482956,False,False,0.24159583011394511,1.5855866822789682,2.633441911857163,False
5.182,2.611479517803177,-4.17482266619213,1.5855866822789682,2.633441911857163,2.6378492278131684,-0.021962394053986145,-0.026369710009991554,-0.0031643652011989864,0.0001991813896602296,0.23838630164170338,0.23542111783016462,0.23542111783016462,False,False,0.23938867620755444,1.590836788450932,2.6250530859819445,False
5.184,2.603088162765161,-4.216510010585575,1.590836788450932,2.6250530859819445,2.624448007426309,-0.02196492321678356,-0.021359844661148042,-0.002563181359337765,0.00017354957606685196,0.2367174403235101,0.23432780854023919,0.23432780854023919,False,False,0.2376505760482956,1.596069937458587,2.6165745038275063,False
5.186,2.5946135676497097,-4.258062521812455,1.596069937458587,2.6165745038275063,2.6194443193252255,-0.021960936177796597,-0.02483075167551574,-0.0029796902010618886,0.0001437526740562331,0.23504238470090733,0.23220644717390168,0.23220644717390168,False,False,0.23542111783016462,1.6012858488727497,2.607955707081393,False
5.188,2.5860560034526157,-4.29947887113015,1.6012858488727497,2.607955707081393,2.6062297280326567,-0.021899703628777356,-0.020173724580041075,-0.002420846949604929,0.0001195442045601838,0.2333611883378731,0.23105988559282833,0.23105988559282833,False,False,0.23432780854023919,1.606484483256049,2.5993171916496185,False
5.19,2.577415743822818,-4.3407577341501105,1.606484483256049,2.5993171916496185,2.598566537027655,-0.021901447826800702,-0.02115079320483737,-0.0025380951845804843,9.416325271437895e-05,0.23167390499475204,0.22922997306288595,0.22922997306288595,False,False,0.23220644717390168,1.6116655863311622,2.590551537556587,False
5.192,2.5686930650536395,-4.381897790880258,1.6116655863311622,2.590551537556587,2.5908755424960033,-0.021858472502947368,-0.02218247744236379,-0.002661897293083655,6.75442797835424e-05,0.22998058862653425,0.22738623561323415,0.22738623561323415,False,False,0.23105988559282833,1.6168291107386628,2.5817622037502956,False
5.194,2.5598882460739603,-4.422897725767168,1.6168291107386628,2.5817622037502956,2.5824645762786047,-0.021873957676335376,-0.022576330204644446,-0.0027091596245573334,4.045268353796907e-05,0.2282812933811311,0.22561258644011173,0.22561258644011173,False,False,0.22922997306288595,1.6219748665464788,2.572877903908037,False
5.196,2.5510015684392835,-4.463756227738197,1.6219748665464788,2.572877903908037,2.570500421884246,-0.02187633546875345,-0.019498853444962716,-0.002339862413395526,1.705405940401381e-05,0.22657607359764137,0.22425326524364986,0.22425326524364986,False,False,0.22738623561323415,1.6271026630156207,2.563898234570958,False
5.198,2.5420333163227484,-4.5044719902433314,1.6271026630156207,2.563898234570958,2.5641513934632965,-0.021864918248209353,-0.02211807714054803,-0.0026541692568657635,-9.487633164643829e-06,0.2248649838046166,0.22220132691458622,0.22220132691458622,False,False,0.22561258644011173,1.6322123261804262,2.5548315824027745,False
5.2,2.5329837765060454,-4.545043711296964,1.6322123261804262,2.5548315824027745,2.556855270863928,-0.021847805896729078,-0.023871494357882383,-0.002864579322945886,-3.8133426394102686e-05,0.2231480787183177,0.22024536596897773,0.22024536596897773,False,False,0.22425326524364986,1.6373037707477558,2.54572228366481,False
5.202,2.5238532383702195,-4.58547009351964,1.6373037707477558,2.54572228366481,2.546086508608571,-0.02186904529459044,-0.022233270238351643,-0.0026679924286021972,-6.481335068012466e-05,0.2214254132409605,0.21869260746167818,0.21869260746167818,False,False,0.22220132691458622,1.6423767673285141,2.5364982903791793,False
5.204,2.5146419938864484,-4.625749844179403,1.6423767673285141,2.5364982903791793,2.5387764906011956,-0.02185629649273091,-0.02413449671474721,-0.002896139605769665,-9.377474673782132e-05,0.21969704245896599,0.2167071281064585,0.2167071281064585,False,False,0.22024536596897773,1.6474311091529958,2.5271709122409143,False
5.206,2.5053503376066764,-4.66588167523326,1.6474311091529958,2.5271709122409143,2.5287484743734185,-0.02182057463423792,-0.023398136766742184,-0.002807776412009062,-0.00012185251085791193,0.21796302164119352,0.21503339271832655,0.21503339271832655,False,False,0.21869260746167818,1.6524666761549676,2.5177835009858405,False
5.208,2.495978566654233,-4.70586430336822,1.6524666761549676,2.5177835009858405,2.5166779809780446,-0.021804934331607573,-0.020699414323811727,-0.002483929718857407,-0.00014669180804648601,0.21622340623717995,0.21359278471027607,0.21359278471027607,False,False,0.2167071281064585,1.657483258976647,2.5082914108397003,False
5.21,2.4865269807142862,-4.745696450042509,1.657483258976647,2.5082914108397003,2.5089839218684657,-0.02176443012541407,-0.02245694115417951,-0.002694832938501541,-0.00017364013743150143,0.2144782518753586,0.21160977879942555,0.21160977879942555,False,False,0.21503339271832655,1.6624807158408252,2.498728432089046,False
5.212,2.4769958820242994,-4.785376841526296,1.6624807158408252,2.498728432089046,2.5006186998973448,-0.021732550064746725,-0.02362281787304532,-0.002834738144765438,-0.0002019875188791558,0.21272761436128743,0.20969088869764282,0.20969088869764282,False,False,0.21359278471027607,1.6674589553456538,2.489119752414236,False
5.214,2.4673855753643332,-4.824904208942558,1.6674589553456538,2.489119752414236,2.4874661787224595,-0.02173417704990266,-0.020080603358126226,-0.002409672402975147,-0.00022608424290890728,0.21097154967585863,0.20833579302997457,0.20833579302997457,False,False,0.21160977879942555,1.6724177735163035,2.4794090853248543,False
5.216,2.4576963680473387,-4.864277288307498,1.6724177735163035,2.4794090853248543,2.4789755984634065,-0.02171271727751556,-0.02127923041606783,-0.0025535076499281395,-0.00025161931940818866,0.20921011397351547,0.20640498700417914,0.20640498700417914,False,False,0.20969088869764282,1.6773569820461494,2.4696042649229155,False
5.218,2.4479285699092834,-4.903494820571147,1.6773569820461494,2.4696042649229155,2.46690542492046,-0.02167569501363209,-0.018976855011176408,-0.002277222601341169,-0.0002743915454216004,0.20744336358044824,0.20489174943368546,0.20489174943368546,False,False,0.20833579302997457,1.6822765127569348,2.459765355392684,False
5.22,2.438082493299285,-4.942555551657467,1.6822765127569348,2.459765355392684,2.4603293280270653,-0.02168286209339909,-0.022246834727780218,-0.0026696201673336263,-0.00030108774709493665,0.20567135499280065,0.2027006470783721,0.2027006470783721,False,False,0.20640498700417914,1.6871761776665057,2.4498324547854726,False
5.222,2.4281584530695905,-4.981458232504581,1.6871761776665057,2.4498324547854726,2.452147540848172,-0.021674001715882074,-0.023989087778581553,-0.002878690533429786,-0.0003298746524292345,0.203894144874857,0.20068557968899797,0.20068557968899797,False,False,0.20489174943368546,1.6920558782978752,2.439850315684708,False
5.224,2.4181567665655406,-5.020201619104581,1.6920558782978752,2.439850315684708,2.4386680020114593,-0.021693549119167432,-0.020511235445918707,-0.002461348253510245,-0.000354488134964337,0.20211179005723645,0.19929595366876188,0.19929595366876188,False,False,0.2027006470783721,1.6969153753121695,2.429748507147125,False
5.226,2.408077753615396,-5.058784472543415,1.6969153753121695,2.429748507147125,2.425656410984923,-0.021670753531729314,-0.01757865736952713,-0.0021094388843432552,-0.0003755825238077695,0.20032434753507092,0.1978393261269199,0.1978393261269199,False,False,0.20068557968899797,1.7017544688632986,2.419546775564568,False
5.228,2.3979217365201118,-5.097205559040496,1.7017544688632986,2.419546775564568,2.417377185270115,-0.02162503904445634,-0.019455448750003157,-0.0023346538500003786,-0.0003989290623077733,0.19853187446618276,0.1957982915538746,0.1957982915538746,False,False,0.19929595366876188,1.7065730922692322,2.409311702966783,False
5.23,2.387689040043048,-5.135463649988091,1.7065730922692322,2.409311702966783,2.4055794188060866,-0.02162266292373527,-0.017890378763038672,-0.002146845451564641,-0.0004203975168234197,0.19673442816926012,0.19416718520087206,0.19416718520087206,False,False,0.1978393261269199,1.711371165550927,2.399036640847442,False
5.232,2.3773799913995712,-5.173557521990657,1.711371165550927,2.399036640847442,2.4022769903880254,-0.021656649447870713,-0.02489699898845421,-0.002987639878614505,-0.00045027391560956473,0.19493206612202166,0.1914941523277976,0.1914941523277976,False,False,0.1957982915538746,1.716148487234096,2.3886608415845165,False
5.234,2.3669949202465976,-5.211485956903941,1.716148487234096,2.3886608415845165,2.387400627887214,-0.021665921337918892,-0.020405707640616555,-0.0024486849168739865,-0.0004747607647783046,0.19312484595937962,0.19020140027772733,0.19020140027772733,False,False,0.19416718520087206,1.7209049438980835,2.378228331993709,False
5.236,2.356534158672038,-5.249247741873979,1.7209049438980835,2.378228331993709,2.3779022740014115,-0.021694173321670895,-0.02136811532937344,-0.0025641738395248124,-0.0005004025031735528,0.1913128254715946,0.18824824912889623,0.18824824912889623,False,False,0.1914941523277976,1.7256402051903148,2.367630646115706,False
5.238,2.3459980411841954,-5.2868416693758205,1.7256402051903148,2.367630646115706,2.3632465337164112,-0.021632604931510535,-0.01724849253221583,-0.0020698191038658995,-0.0005211006942122118,0.18949606260243046,0.18690514280435236,0.18690514280435236,False,False,0.19020140027772733,1.7303542334199353,2.357014114810292,False
5.24,2.3353869047010707,-5.3242665372521305,1.7303542334199353,2.357014114810292,2.352762877795443,-0.021627210109221195,-0.01737597309437211,-0.002085116771324653,-0.0005419518619254583,0.1876746154473018,0.1850475468140517,0.1850475468140517,False,False,0.18824824912889623,1.7350468530232577,2.346309801661193,False
5.242,2.3247010885395607,-5.361521148751737,1.7350468530232577,2.346309801661193,2.346122965480585,-0.021608713121632483,-0.021421876941024376,-0.002570625232922925,-0.0005676581142546876,0.1858485422514115,0.1827102589042339,0.1827102589042339,False,False,0.18690514280435236,1.7397180181096785,2.3355825432104793,False
5.244,2.313940934404643,-5.398604312567772,1.7397180181096785,2.3355825432104793,2.332652232791894,-0.02164160880583621,-0.018711298387251052,-0.002245355806470126,-0.0005901116723193889,0.184017901407894,0.1811824339291045,0.1811824339291045,False,False,0.1850475468140517,1.744367575559256,2.32477872478877,False
5.246,2.3031067863784163,-5.435514842875884,1.744367575559256,2.32477872478877,2.3247398472810543,-0.021671938410353864,-0.021633060902638057,-0.002595967308316567,-0.0006160713454025546,0.18218275145594262,0.17897071280222349,0.17897071280222349,False,False,0.1827102589042339,1.7489952734881595,2.3138489644517852,False
5.248,2.2921989909091365,-5.472251559372013,1.7489952734881595,2.3138489644517852,2.3149109103711467,-0.02164997354264875,-0.022711919462010233,-0.002725430335441228,-0.0006433256487569669,0.18034315107894433,0.17697439509474613,0.17697439509474613,False,False,0.1811824339291045,1.7536010322827018,2.30287939727113,False
5.25,2.281217896800093,-5.508813287310301,1.7536010322827018,2.30287939727113,2.305513068786816,-0.021661500471036987,-0.02429517198672304,-0.0029154206384067647,-0.0006724798551410346,0.1784991591025953,0.17491125860904752,0.17491125860904752,False,False,0.17897071280222349,1.758184629996971,2.291798857134628,False
5.252,2.2701638551984944,-5.545198857540519,1.758184629996971,2.291798857134628,2.290633613026202,-0.02163500193613377,-0.020469757827707546,-0.0024563709393249054,-0.0006970435645342836,0.17665083449302668,0.17349741998916748,0.17349741998916748,False,False,0.17697439509474613,1.7627458922303614,2.280631116695215,False
5.2540000000000004,2.2590372195842057,-5.581407106545566,1.7627458922303614,2.280631116695215,2.282176080538904,-0.02159389711100923,-0.023138860954698526,-0.002776663314563823,-0.0007248101976799219,0.17479823635491315,0.1712967628426694,0.1712967628426694,False,False,0.17491125860904752,1.7672846325077216,2.2693701386801695,False
5.256,2.2478383457584825,-5.617436876478547,1.7672846325077216,2.2693701386801695,2.270642109155685,-0.021531792921686943,-0.02280376339720247,-0.0027364516076642965,-0.0007521747137565649,0.17294142392958944,0.1694527976081686,0.1694527976081686,False,False,0.17349741998916748,1.7718008023665035,2.258084929390976,False
5.258,2.2365675918325625,-5.65328701519991,1.7718008023665035,2.258084929390976,2.257666859030796,-0.021517337558413452,-0.021099267198233296,-0.0025319120637879956,-0.0007774938343944449,0.1710804565931504,0.16777105069496798,0.16777105069496798,False,False,0.1712967628426694,1.77629418911759,2.2466933755433,False
5.26,2.2252253182162214,-5.688956376314254,1.77629418911759,2.2466933755433,2.245431605262193,-0.021468057327078682,-0.020206287045971827,-0.002424754445516619,-0.0008017413788496111,0.16921539385455397,0.16598889803018774,0.16598889803018774,False,False,0.1694527976081686,1.7807646571011337,2.235233991771872,False
5.2620000000000005,2.2138118876062474,-5.724443819206993,1.7807646571011337,2.235233991771872,2.2318187905777753,-0.021422104165624845,-0.01800690297152796,-0.0021608283565833553,-0.0008233496624154447,0.16734629535371787,0.16436211733471906,0.16436211733471906,False,False,0.16777105069496798,1.7852121061170814,2.2237245079737775,False
5.264,2.2023276649748644,-5.759748209080766,1.7852121061170814,2.2237245079737775,2.224269312670704,-0.02139684299891309,-0.021941647695839617,-0.002632997723500754,-0.0008496796396504522,0.16547322085961597,0.16199054349646477,0.16199054349646477,False,False,0.16598889803018774,1.7896364160420197,2.2121549624692367,False
5.266,2.190773017558033,-5.79486841699181,1.7896364160420197,2.2121549624692367,2.212647190781185,-0.02138194491120382,-0.021874173223152216,-0.0026249007867782657,-0.0008759286475182349,0.16359623026836245,0.16009540083406595,0.16009540083406595,False,False,0.16436211733471906,1.794037500607909,2.2005422829446206,False
5.268,2.179148314843709,-5.829803319886049,1.794037500607909,2.2005422829446206,2.201632242510349,-0.021393968100911653,-0.022483927666640202,-0.002698071319996824,-0.0009029093607182032,0.16171538360129717,0.15811440292058215,0.15811440292058215,False,False,0.16199054349646477,1.7984151185358446,2.1888089639677752,False
5.2700000000000005,2.16745392856005,-5.864551800634954,1.7984151185358446,2.1888089639677752,2.1897716692776386,-0.02135503540772543,-0.02231774071758874,-0.002678128886110649,-0.0009296906495793097,0.15983074100306904,0.1562229214673791,0.1562229214673791,False,False,0.16009540083406595,1.8027691309638243,2.1770062139898876,False
5.272,2.1556902326635092,-5.8991127480713095,1.8027691309638243,2.1770062139898876,2.1766806566063788,-0.021315981326378353,-0.02099042394286954,-0.0025188508731443446,-0.0009548791583107531,0.15794236273971057,0.15446863270825548,0.15446863270825548,False,False,0.15811440292058215,1.8070993825783819,2.1651258072788084,False
5.274,2.1438576033268895,-5.93348505702472,1.8070993825783819,2.1651258072788084,2.1673481650712896,-0.021268203951918974,-0.023490561744400118,-0.0028188674093280143,-0.0009830678324040333,0.15605030919671187,0.1522483739549798,0.1522483739549798,False,False,0.1562229214673791,1.8114057385181792,2.1531779698987203,False
5.276,2.131956418927295,-5.967667628357001,1.8114057385181792,2.1531779698987203,2.1565340611790065,-0.02122155097142553,-0.024577642251711662,-0.0029493170702053996,-0.0010125610031060874,0.15415464087708716,0.15019276280377566,0.15019276280377566,False,False,0.15446863270825548,1.8156880941325424,2.1411778071816467,False
5.2780000000000005,2.119987060034053,-6.001659368997264,1.8156880941325424,2.1411778071816467,2.144011431781648,-0.021190747147593836,-0.024024371747595197,-0.0028829246097114235,-0.0010413902492032016,0.1522554183994433,0.14833110354052867,0.14833110354052867,False,False,0.1522483739549798,1.8199462483474267,2.1290771074421824,False
5.28,2.107949909396548,-6.035459191976868,1.8199462483474267,2.1290771074421824,2.1313538816187574,-0.021127198045634454,-0.023403972222209468,-0.002808476666665136,-0.001069475015869853,0.15035270249604166,0.14647475081350667,0.14647475081350667,False,False,0.15019276280377566,1.8241800367764005,2.1168942144868863,False
5.282,2.0958453519319464,-6.069066016464269,1.8241800367764005,2.1168942144868863,2.121758644362602,-0.021048862554939873,-0.025913292430655765,-0.0031095950916786917,-0.00110057096678664,0.1484465540108508,0.14423638795238547,0.14423638795238547,False,False,0.14833110354052867,1.8283893374536213,2.1046503386104223,False
5.284,2.083673774712932,-6.102478767799465,1.8283893374536213,2.1046503386104223,2.102541532129719,-0.02097656389749014,-0.018867757416786812,-0.0022641308900144172,-0.0011232122756867841,0.14653703389760755,0.14314969073190636,0.14314969073190636,False,False,0.14647475081350667,1.8325740308652603,2.0923467058194594,False
5.2860000000000005,2.0714355669552895,-6.135696377528469,1.8325740308652603,2.0923467058194594,2.092166159414588,-0.020911138864169843,-0.020730592459298425,-0.002487671095115811,-0.0011480889866379422,0.14462420321786168,0.14098844313610792,0.14098844313610792,False,False,0.14423638795238547,1.8367339188186609,2.0799439767002554,False
5.288,2.059131120005503,-6.168717783437349,1.8367339188186609,2.0799439767002554,2.0805556537978154,-0.020812856694752302,-0.02142453379231224,-0.0025709440550774685,-0.001173798427188717,0.14270812313903058,0.1389633806567644,0.1389633806567644,False,False,0.14314969073190636,1.8408690464581043,2.067563819721719,False
5.29,2.0467608273281894,-6.201541929586338,1.8408690464581043,2.067563819721719,2.069058098895063,-0.020802992393529784,-0.022297271566873444,-0.0026756725880248133,-0.0012005551530689651,0.14078885493243487,0.1369126271913411,0.1369126271913411,False,False,0.14098844313610792,1.8449792334213584,2.0550934816270265,False
5.292,2.0343250844935623,-6.234167766343481,1.8449792334213584,2.0550934816270265,2.0499098251845225,-0.020768397133464234,-0.015584740690960164,-0.0018701688829152196,-0.0012192568418981174,0.13886645997134628,0.13577703424653295,0.13577703424653295,False,False,0.1389633806567644,1.8490643298460814,2.0425482123614613,False
5.2940000000000005,2.0218242891647438,-6.266594250418298,1.8490643298460814,2.0425482123614613,2.0389664087618504,-0.020723923196717564,-0.017142119597106653,-0.0020570543516527985,-0.0012398273854146453,0.13694099972901924,0.1336441179919518,0.1336441179919518,False,False,0.1369126271913411,1.853124182137761,2.0299261458398092,False
5.296,2.0092588410850913,-6.2988203448950335,1.853124182137761,2.0299261458398092,2.0307566821392564,-0.020667304754717897,-0.02149784105416508,-0.0025797409264998092,-0.0012656247946796434,0.1350125357767315,0.13116717005555206,0.13116717005555206,False,False,0.13577703424653295,1.8571588300245006,2.0173239433697705,False
5.298,1.99662914206538,-6.330845019265912,1.8571588300245006,2.0173239433697705,2.0182710060974935,-0.02069480130439061,-0.021641864032113656,-0.0025970236838536386,-0.0012915950315181798,0.13308112978181,0.12919251106643817,0.12919251106643817,False,False,0.1336441179919518,1.8611681039587347,2.0046369671170385,False
5.3,1.98393559597096,-6.36266724946406,1.8611681039587347,2.0046369671170385,2.00421408814508,-0.020701371146078618,-0.020278492174119922,-0.0024334190608943907,-0.0013159292221271237,0.13114684350565997,0.12739749522263846,0.12739749522263846,False,False,0.13116717005555206,1.8651517642167805,1.9918301290229148,False
5.3020000000000005,1.9711786087088436,-6.394286017896264,1.8651517642167805,1.9918301290229148,1.9931656791733892,-0.020651520314071137,-0.02198707046454551,-0.002638448455745461,-0.0013423137066845784,0.12920973880179007,0.12522897663936003,0.12522897663936003,False,False,0.12919251106643817,1.8691096788893626,1.9789573362910673,False
5.304,1.9583585882147498,-6.425700313475443,1.8691096788893626,1.9789573362910673,1.9796220207031752,-0.020598748076317452,-0.021263432488425327,-0.002551611898611039,-0.0013678298256706888,0.12726987761383823,0.1233504358895565,0.1233504358895565,False,False,0.12739749522263846,1.873041755134516,1.9660381225766699,False
5.306,1.945475944440025,-6.456909131653062,1.873041755134516,1.9660381225766699,1.964706387779066,-0.02056217813664496,-0.019230443339041114,-0.0023076532006849337,-0.001390906357677538,0.12532732197358556,0.1216287624152231,0.1216287624152231,False,False,0.12522897663936003,1.876947822919675,1.9530338925795554,False
5.308,1.9325310893385397,-6.48791147445125,1.876947822919675,1.9530338925795554,1.9515443995755781,-0.02050280324101572,-0.01901331023703845,-0.0022815972284446137,-0.0014137223299619842,0.12338213399897381,0.11968681444056721,0.11968681444056721,False,False,0.1233504358895565,1.8808277748027113,1.9399759415181572,False
5.3100000000000005,1.9195244368535356,-6.518706350494654,1.8808277748027113,1.9399759415181572,1.942628766423907,-0.020451504664621645,-0.02310432957037145,-0.0027725195484445742,-0.00144144752544643,0.12143437589212187,0.11722040881823087,0.11722040881823087,False,False,0.1216287624152231,1.8846815373705739,1.9268812839313092,False
5.312,1.9064564029043711,-6.549292775042187,1.8846815373705739,1.9268812839313092,1.9287524673799599,-0.02042488102693807,-0.02229606447558874,-0.0026755277370706485,-0.0014682028028171366,0.11948410993733409,0.1153403793974463,0.1153403793974463,False,False,0.11968681444056721,1.8885089918919242,1.9137272606751776,False
5.314,1.893327405373232,-6.579669770018497,1.8885089918919242,1.9137272606751776,1.909328148849329,-0.020399855301945546,-0.016000743476096924,-0.0019200892171316309,-0.0014874036949884528,0.11753139849911018,0.1141239055869901,0.1141239055869901,False,False,0.11722040881823087,1.8923099111195678,1.9004596138217795,False
5.316,1.8801378640917492,-6.609836364045281,1.8923099111195678,1.9004596138217795,1.899098278156404,-0.020321749730030314,-0.018960414064654874,-0.002275249687758585,-0.0015101561918660386,0.11557630402014815,0.11179089814052352,0.11179089814052352,False,False,0.1153403793974463,1.8960841930913794,1.8871409859058177,False
5.3180000000000005,1.866888200827595,-6.639791592472296,1.8960841930913794,1.8871409859058177,1.8860131715989479,-0.02025278507822259,-0.01912497077135278,-0.0022949964925623335,-0.001533106156791662,0.11361888901935072,0.10979078636999672,0.10979078636999672,False,False,0.1141239055869901,1.899831875914309,1.8738414114647837,False
5.32,1.853578839271003,-6.669534497408204,1.899831875914309,1.8738414114647837,1.8779112320681999,-0.02026257219378058,-0.02433239279719679,-0.0029198871356636144,-0.001562305028148298,0.11165921608982696,0.10717702392601504,0.10717702392601504,False,False,0.11179089814052352,1.903552763474887,1.8604437802890552,False
5.322,1.8402102050211782,-6.699064127751281,1.903552763474887,1.8604437802890552,1.8647640700927801,-0.020233575267877058,-0.024553865071601955,-0.0029464638085922343,-0.0015917696662342204,0.1096973478968849,0.10515911442205844,0.10515911442205844,False,False,0.10979078636999672,1.907246731523772,1.8469840244424556,False
5.324,1.8267827255727358,-6.728379539219733,1.907246731523772,1.8469840244424556,1.84847026715577,-0.020201298869719775,-0.02168754158303421,-0.002602504989964105,-0.0016177947161338615,0.10773334717603453,0.10351304746993656,0.10351304746993656,False,False,0.10717702392601504,1.9109135286794605,1.8333985778442337,False
5.3260000000000005,1.813296830301988,-6.757479794381978,1.9109135286794605,1.8333985778442337,1.8335373690882726,-0.020101747542245585,-0.020240538786284512,-0.0024288646543541414,-0.001642083362677403,0.1057672767309756,0.10169632871394406,0.10169632871394406,False,False,0.10515911442205844,1.914553031095262,1.8197512079007363,False
5.328,1.799752950453265,-6.7863639626865195,1.914553031095262,1.8197512079007363,1.8227117487549316,-0.0199982574474713,-0.022958798301666583,-0.00275505579619999,-0.0016696339206394028,0.10379919943159657,0.09937450971475718,0.09937450971475718,False,False,0.10351304746993656,1.918165194149604,1.8060815271710169,False
5.33,1.786151519125065,-6.815031120491826,1.918165194149604,1.8060815271710169,1.8052115192640157,-0.019930008045951908,-0.019060000138950706,-0.0022872000166740845,-0.0016925059208061438,0.10182917821195567,0.09784947227447544,0.09784947227447544,False,False,0.10169632871394406,1.921749937977072,1.7923719137339598,False
5.332,1.772492971256256,-6.843480351095761,1.921749937977072,1.7923719137339598,1.7939076458713812,-0.01987894247770372,-0.02141467461512514,-0.002569760953815017,-0.0017182035303442938,0.09985727606827574,0.09556931158411643,0.09556931158411643,False,False,0.09937450971475718,1.925307077822553,1.7785699227405105,False
5.3340000000000005,1.7587777436121255,-6.871710744764984,1.925307077822553,1.7785699227405105,1.7784905629632703,-0.019792179128385046,-0.019712819351144883,-0.002365538322137386,-0.0017418589135656678,0.09788355605692375,0.0937761588212207,0.0937761588212207,False,False,0.09784947227447544,1.9288365978076274,1.7647599925371806,False
5.336,1.7450062747704596,-6.899721398763944,1.9288365978076274,1.7647599925371806,1.7649002421332143,-0.01975371776672108,-0.019893967362754728,-0.0023872760835305673,-0.0017657316744009734,0.09590808129240105,0.09175507353446952,0.09175507353446952,False,False,0.09556931158411643,1.9323383241060665,1.7508631492195308,False
5.338,1.7311790051074816,-6.92751141738383,1.9323383241060665,1.7508631492195308,1.7506708209692805,-0.019684144112049218,-0.019491815861798933,-0.0023390179034158717,-0.001789121853435132,0.09393091494531966,0.08980277518846866,0.08980277518846866,False,False,0.0937761588212207,1.9358121867817708,1.7369313378520919,False
5.34,1.717296376783777,-6.955079911971191,1.9358121867817708,1.7369313378520919,1.736380894352226,-0.01963496106831486,-0.01908451756844909,-0.0022901421082138908,-0.001812023274517271,0.09195212024038349,0.08784995485765233,0.08784995485765233,False,False,0.09175507353446952,1.9392580689385435,1.7229410783863222,False
5.3420000000000005,1.7033588337301546,-6.982426000956352,1.9392580689385435,1.7229410783863222,1.7252833220830721,-0.019582244656167536,-0.021924488352917493,-0.002630938602350099,-0.0018383326605407718,0.08997176045436642,0.08550248919147554,0.08550248919147554,False,False,0.08980277518846866,1.9426758693692279,1.7089002153422206,False
5.344,1.6893668216334774,-7.00954880988156,1.9426758693692279,1.7089002153422206,1.710347864460525,-0.019533393708743185,-0.020981042827047602,-0.0025177251392457124,-0.001863509911933229,0.08798989891409278,0.08360866386291384,0.08360866386291384,False,False,0.08784995485765233,1.946065487869982,1.694809250377017,False
5.346,1.6753207879223755,-7.036447471429008,1.946065487869982,1.694809250377017,1.6962486145415345,-0.01948846245464142,-0.02092782661915904,-0.0025113391942990847,-0.0018886233038762198,0.08600659899440735,0.08160663649623205,0.08160663649623205,False,False,0.08550248919147554,1.9494267427000482,1.6806274150332108,False
5.348,1.6612211817529425,-7.063121125448564,1.9494267427000482,1.6806274150332108,1.6796156513237337,-0.019406233280268248,-0.01839446957079116,-0.0022073363484949394,-0.0019106966673611693,0.08402192411614917,0.07990389110029306,0.07990389110029306,False,False,0.08360866386291384,1.9527595491086531,1.6664032043024777,False
5.3500000000000005,1.647068453994395,-7.089568918985234,1.9527595491086531,1.6664032043024777,1.6670765494490496,-0.019334750308082738,-0.02000809545465465,-0.002400971454558558,-0.001934706381906755,0.08203593774412701,0.0777002599076617,0.0777002599076617,False,False,0.08160663649623205,1.956063800619284,1.6521257553155229,False
5.352,1.6328630572146379,-7.115790006306471,1.956063800619284,1.6521257553155229,1.6543507453711637,-0.01926269810088499,-0.021487688156525797,-0.0025785225787830954,-0.001960491607694586,0.08004870338508707,0.0755096891986094,0.0755096891986094,False,False,0.07990389110029306,1.959339454595445,1.637826988080476,False
5.354,1.6186054456657992,-7.141783548929203,1.959339454595445,1.637826988080476,1.6393686109233367,-0.019221542414676884,-0.02076316525753752,-0.002491579830904502,-0.001985407406003631,0.07806028458568359,0.07358329734877546,0.07358329734877546,False,False,0.0777002599076617,1.9625863639841692,1.6234546943621144,False
5.356,1.6042960752696893,-7.167548715646677,1.9625863639841692,1.6234546943621144,1.6192151490747146,-0.01915861909242511,-0.014919073805025329,-0.0017902888566030395,-0.0020033102945696615,0.07607074493044441,0.07227714577927172,0.07227714577927172,False,False,0.0755096891986094,1.96580438608397,1.6090110499003978,False
5.3580000000000005,1.5899354036032418,-7.193084682554999,1.96580438608397,1.6090110499003978,1.6059937063794258,-0.019075646297155968,-0.01605830277618403,-0.0019269963331420836,-0.0020225802579010824,0.07408014803974064,0.07013057144869747,0.07013057144869747,False,False,0.07358329734877546,1.968993435081044,1.5945244985369964,False
5.36,1.575523889883887,-7.218390633079474,1.968993435081044,1.5945244985369964,1.5940213134404841,-0.019000608653109374,-0.018497423556597115,-0.0022196908267916537,-0.002044777166168999,0.07208855756775295,0.0678240895747923,0.0678240895747923,False,False,0.07227714577927172,1.972153555982932,1.5800604509439524,False
5.362,1.5610619949548263,-7.243465758000786,1.972153555982932,1.5800604509439524,1.5774869131695417,-0.018998455989126084,-0.016424918214715367,-0.001970990185765844,-0.0020644870680266575,0.07009603720043042,0.06606055994663793,0.06606055994663793,False,False,0.07013057144869747,1.9752846173183498,1.5655306677089496,False
5.364,1.5465501812703453,-7.268309255480792,1.9752846173183498,1.5655306677089496,1.5692746991015387,-0.018980486438604283,-0.022724517831193447,-0.0027269421397432135,-0.0020917564894240895,0.06810265065346091,0.06328395202429361,0.06328395202429361,False,False,0.0678240895747923,1.9783864555767932,1.5509191292216356,False
5.3660000000000005,1.5319889128809812,-7.292920331088238,1.9783864555767932,1.5509191292216356,1.553338928227711,-0.018930216340654393,-0.021350015346729867,-0.002562001841607584,-0.0021173765078401656,0.06610846167022744,0.06142908332077969,0.06142908332077969,False,False,0.06606055994663793,1.9814590227391882,1.5362835811975406,False
5.368,1.5173786554187374,-7.31729819782407,1.9814590227391882,1.5362835811975406,1.5373228992528614,-0.018904925778803205,-0.019944243834123965,-0.0023933092600948755,-0.0021413096004411145,0.06411353401977718,0.059578915159241186,0.059578915159241186,False,False,0.06328395202429361,1.9845020591763542,1.5215182185830374,False
5.37,1.5027198760821294,-7.34144207614671,1.9845020591763542,1.5215182185830374,1.5211287309516806,-0.01879834250090795,-0.018408854869551128,-0.002209062584346135,-0.002163400226284576,0.062117931494773626,0.05774546868414292,0.05774546868414292,False,False,0.06142908332077969,1.9875155011249903,1.5067209743180487,False
5.372,1.4880130436213017,-7.365351193996891,1.9875155011249903,1.5067209743180487,1.5088623993205192,-0.018707930696747033,-0.02084935569921753,-0.002501922683906104,-0.002188419453123637,0.06012171790946419,0.05543137577243445,0.05543137577243445,False,False,0.059578915159241186,1.990499286507066,1.4918926910378956,False
5.3740000000000006,1.4732586283229905,-7.389024786822419,1.990499286507066,1.4918926910378956,1.4908578036690758,-0.018634062714905086,-0.01759917534608535,-0.0021119010415302417,-0.0022095384635389395,0.05812495709763321,0.053803517592564035,0.053803517592564035,False,False,0.05774546868414292,1.9934533574285156,1.4770354607247298,False
5.376,1.458457101995537,-7.412462097602543,1.9934533574285156,1.4770354607247298,1.4773554445223722,-0.01857835872919278,-0.0188983425268352,-0.002267801103220224,-0.002232216474571142,0.056127712910567756,0.05162769533277639,0.05162769533277639,False,False,0.05543137577243445,1.9963775559846462,1.4620992780652355,False
5.378,1.4436089379537584,-7.435662376872226,1.9963775559846462,1.4620992780652355,1.4628326497866928,-0.0184903401114771,-0.019223711832934365,-0.0023068454199521235,-0.002255284928770663,0.054130049215010106,0.04956791886628732,0.04956791886628732,False,False,0.053803517592564035,1.9992718697038376,1.4471568595957582,False
5.38,1.4287146110038218,-7.458624882746099,1.9992718697038376,1.4471568595957582,1.4511494749625888,-0.01844224859193644,-0.022434863958767037,-0.0026921836750520445,-0.0022822067655211835,0.05213202989111673,0.047157639450543506,0.047157639450543506,False,False,0.05162769533277639,2.002136171508218,1.4321509021902403,False
5.382,1.4137745974280649,-7.481348880942174,2.002136171508218,1.4321509021902403,1.4337724521967998,-0.018376304762175444,-0.019997854768734946,-0.0023997425722481936,-0.0023062041912436655,0.05013371883041612,0.04542777206692426,0.04542777206692426,False,False,0.04956791886628732,2.0049703600168636,1.417094254322718,False
5.384,1.398789374969772,-7.503833644805321,2.0049703600168636,1.417094254322718,1.4153150768097726,-0.018304879352946113,-0.016525701840000684,-0.001983084220800082,-0.0023260350334516665,0.04813517993376645,0.04382606067951471,0.04382606067951471,False,False,0.047157639450543506,2.007774261568265,1.40195077570074,False
5.386,1.3837594228179042,-7.526078455330489,2.007774261568265,1.40195077570074,1.4012395458076847,-0.018191352882835687,-0.017480122989780522,-0.0020976147587736626,-0.002347011181039403,0.04613647710931329,0.04169185116950022,0.04169185116950022,False,False,0.04542777206692426,2.0105478468879387,1.3867926598367288,False
5.388,1.3686852215917371,-7.548082601185758,2.0105478468879387,1.3867926598367288,1.3849709280552147,-0.018107438244991725,-0.0162857064634776,-0.001954284775617312,-0.002366554028795576,0.04413767427044063,0.03981683546602774,0.03981683546602774,False,False,0.04382606067951471,2.0132911138590193,1.3716334855401573,False
5.39,1.3535672533255396,-7.569845378735014,2.0132911138590193,1.3716334855401573,1.371212110060382,-0.018066232214617672,-0.017644856734842396,-0.0021173828081810873,-0.002387727856877387,0.042138835333733554,0.03763372466867508,0.03763372466867508,False,False,0.04169185116950022,2.016003948883117,1.3564175120488444,False
5.392,1.338406001453116,-7.591366092060516,2.016003948883117,1.3564175120488444,1.3560922592508082,-0.018011510595728364,-0.017686257797692173,-0.0021223509357230605,-0.0024089513662346176,0.0401400242169285,0.03560872191497082,0.03560872191497082,False,False,0.03981683546602774,2.0186862938857146,1.341172501298896,False
5.394,1.3232019507924022,-7.612644052985066,2.0186862938857146,1.341172501298896,1.3399109804293827,-0.017970550506493765,-0.01670902963698051,-0.002005083556437661,-0.002429002201798994,0.038141304836876694,0.033707219078640036,0.033707219078640036,False,False,0.03763372466867508,2.021338026915803,1.3258665150441136,False
5.396,1.3079555875298952,-7.633678581094115,2.021338026915803,1.3258665150441136,1.3258162850963662,-0.01791092751421841,-0.017860697566471018,-0.002143283707976522,-0.0024504350388787595,0.036142741107491244,0.03154902236063596,0.03154902236063596,False,False,0.03560872191497082,2.023959060470769,1.310516777482867,False
5.398,1.2926673992051658,-7.654469003757433,2.023959060470769,1.310516777482867,1.3092324334697936,-0.017849378277701167,-0.016565034264627743,-0.001987804111755329,-0.002470313079996313,0.034144396937711485,0.029686279745959845,0.029686279745959845,False,False,0.033707219078640036,2.026549333870767,1.2951366999991087,False
5.4,1.2773378746952178,-7.675014656150694,2.026549333870767,1.2951366999991087,1.2950674379987441,-0.017798825303890986,-0.017729563303526374,-0.002127547596423165,-0.002491588555960545,0.03214633622945226,0.02752720007706855,0.02752720007706855,False,False,0.03154902236063596,2.0291087333514857,1.2796997403593522,False
5.402,1.261967504198909,-7.695314881276653,2.0291087333514857,1.2796997403593522,1.2788859317891175,-0.017732236160443282,-0.016918427590208562,-0.0020302113108250273,-0.0025118906690687953,0.030148622875567965,0.025606520895674143,0.025606520895674143,False,False,0.029686279745959845,2.031637208267194,1.2642374578542261,False
5.404,1.2465567792212329,-7.7153690299862205,2.031637208267194,1.2642374578542261,1.2639449092401625,-0.017680678632993274,-0.017388130018929582,-0.0020865756022715497,-0.0025327564250915108,0.02815132075780369,0.02353198873044063,0.02353198873044063,False,False,0.02752720007706855,2.0341346464761276,1.248719104466785,False
5.406,1.2311061925576066,-7.735176460999212,2.0341346464761276,1.248719104466785,1.2503471848624956,-0.017612911909178353,-0.01924099230488907,-0.0023089190765866884,-0.002555845615857378,0.026154493744752927,0.02128972905230886,0.02128972905230886,False,False,0.025606520895674143,2.0366009869902717,1.2331702570720184,False
5.408,1.215616238278135,-7.754736540924821,2.0366009869902717,1.2331702570720184,1.2352800823214805,-0.017554018793883408,-0.019663844043345424,-0.002359661285201451,-0.0025794422287093925,0.024158205689818385,0.01921910217590754,0.01921910217590754,False,False,0.02353198873044063,2.0390361372753563,1.217575142542356,False
5.41,1.200087411711794,-7.774048644281902,2.0390361372753563,1.217575142542356,1.2197139001223165,-0.017487730830562098,-0.019626488410522613,-0.0023551786092627135,-0.00260299401480202,0.022162520429167665,0.01720434780510293,0.01720434780510293,False,False,0.02128972905230886,2.041439970692341,1.2019167084924782,False
5.412,1.1845202094306002,-7.793112153518958,2.041439970692341,1.2019167084924782,1.2037738673174423,-0.017396499061878012,-0.01925365788684208,-0.0023104389464210493,-0.00262609840426623,0.020167501779693203,0.015230964429005924,0.015230964429005924,False,False,0.01921910217590754,2.0438123979341967,1.1862136209278402,False
5.414,1.1689151292337128,-7.811926459033909,2.0438123979341967,1.1862136209278402,1.188255897071453,-0.01729849169412745,-0.01934076783774019,-0.0023208921405288227,-0.0026493073256715184,0.018173213536969088,0.013203014070768748,0.013203014070768748,False,False,0.01720434780510293,2.0461533423753577,1.1704722205805178,False
5.416,1.1532726701315388,-7.830490959193561,2.0461533423753577,1.1704722205805178,1.1692017659335543,-0.01719955044897903,-0.015929095802015514,-0.0019114914962418616,-0.002668422240633937,0.016179719473214033,0.011599805736338235,0.011599805736338235,False,False,0.015230964429005924,2.0484627368957016,1.154697260171985,False
5.418,1.1375933323297815,-7.848805060352834,2.0484627368957016,1.154697260171985,1.1545933557701087,-0.01710392784220338,-0.01700002344032714,-0.002040002812839257,-0.0026888222687623297,0.014187083335252898,0.009458258253651312,0.009458258253651312,False,False,0.013203014070768748,2.050740503686695,1.1388833954966415,False
5.42,1.1218776172134057,-7.866868176873799,2.050740503686695,1.1388833954966415,1.1421618600647998,-0.017005778283235795,-0.020284242851394074,-0.0024341091421672886,-0.0027131633601840026,0.012195368842473034,0.007048096340121743,0.007048096340121743,False,False,0.011599805736338235,2.0529866547359212,1.123075524613284,False
5.422,1.1061260273306348,-7.88467973114436,2.0529866547359212,1.123075524613284,1.1202710425276659,-0.016949497282649162,-0.014145015197031041,-0.001697401823643725,-0.00273013737842044,0.010204639684790767,0.005777100482726602,0.005777100482726602,False,False,0.009458258253651312,2.0552010891712764,1.1072172176776358,False
5.424,1.0903390663768795,-7.902239153596734,2.0552010891712764,1.1072172176776358,1.1084675266956219,-0.016878151300756317,-0.01812846031874238,-0.0021754152382490854,-0.002751891530802931,0.008214959520614407,0.0032876527515623907,0.0032876527515623907,False,False,0.007048096340121743,2.057383650981885,1.0912809053043782,False
5.426,1.074517239178641,-7.919545882725648,2.057383650981885,1.0912809053043782,1.0924585826134405,-0.016763666125737098,-0.017941343434799473,-0.0021529612121759367,-0.00277342114292469,0.006226391974810008,0.0013000096197093814,0.0013000096197093814,False,False,0.005777100482726602,2.05953442441268,1.0753867153975103,False
5.428,1.0586610516773254,-7.936599365106346,2.05953442441268,1.0753867153975103,1.0744641292253638,-0.016725663720184913,-0.015803077548038447,-0.0018963693057646135,-0.0027923848359823365,0.004239000636661369,-0.0004497535050855808,-0.0004497535050855808,False,False,0.0032876527515623907,2.0616532376393386,1.0594066133294109,False
5.43,1.0427710109131156,-7.953399055412229,2.0616532376393386,1.0594066133294109,1.0612475284294567,-0.016635602416295248,-0.01847651751634105,-0.002217182101960926,-0.0028145566570019456,0.002252849057843051,-0.0027788897011198207,-0.0027788897011198207,False,False,0.0013000096197093814,2.0637400258040746,1.0433940823678876,False
5.432,1.0268476250087122,-7.9699444164323365,2.0637400258040746,1.0433940823678876,1.0413181479067903,-0.01654645735917537,-0.014470522898078153,-0.0017364627477693784,-0.0028319212844796393,0.00026800075038239946,-0.004300383281866618,-0.004300383281866618,False,False,-0.0004497535050855808,2.065794774574047,1.0273743849863002,False
5.434,1.0108914031531413,-7.986234919088476,2.065794774574047,1.0273743849863002,1.0250862819768425,-0.016482981833158883,-0.014194878823701185,-0.0017033854588441421,-0.0028489551390680806,-0.0017154808153642398,-0.006267821413276462,-0.006267821413276462,False,False,-0.0027788897011198207,2.067817348453601,1.0112869397769995,False
5.436,0.9949028555854043,-8.002270042452206,2.067817348453601,1.0112869397769995,1.008194613541345,-0.016384084191595205,-0.013291757955940842,-0.001595010954712901,-0.0028649052486152096,-0.003697532212749821,-0.008157448416077932,-0.008157448416077932,False,False,-0.004300383281866618,2.0698077825565404,0.9952170514697632,False
5.438,0.9788824935782203,-8.01804927376143,2.0698077825565404,0.9952170514697632,0.9984353098779337,-0.016334557891542922,-0.019552816299713394,-0.002346337955965607,-0.0028883686281748655,-0.005678090060857163,-0.010912796644997636,-0.010912796644997636,False,False,-0.006267821413276462,2.0717660182301185,0.9791178367890213,False
5.44,0.9628308294216279,-8.033572108436852,2.0717660182301185,0.9791178367890213,0.9772532419276502,-0.016287007367393413,-0.014422412506022275,-0.001730689500722673,-0.002905675523182092,-0.007657091026532184,-0.01229345605043695,-0.01229345605043695,False,False,-0.008157448416077932,2.0736920137599903,0.9629977649358181,False
5.442,0.9467483764066579,-8.04883805009805,2.0736920137599903,0.9629977649358181,0.9650578915865486,-0.016249388529160247,-0.018309515179890767,-0.002197141821586892,-0.002927646941397961,-0.009634471826402181,-0.014759260589387035,-0.014759260589387035,False,False,-0.010912796644997636,2.0755855466088766,0.9467664244431265,False
5.444,0.930635648808875,-8.063846610579397,2.0755855466088766,0.9467664244431265,0.9451683726912167,-0.016130775634251582,-0.014532723882341725,-0.001743926865881007,-0.0029450862100567714,-0.011610169228904961,-0.01629918230484274,-0.01629918230484274,False,False,-0.01229345605043695,2.0774466845449924,0.93056896805794,False
5.446,0.9144931618719367,-8.078597309945664,2.0774466845449924,0.93056896805794,0.9271292734306423,-0.01607580618600324,-0.012636111558705587,-0.0015163333870446703,-0.0029602495439272182,-0.013584120056310399,-0.01806070298728229,-0.01806070298728229,False,False,-0.014759260589387035,2.0792752673627874,0.9142914088975823,False
5.448,0.8983214317911434,-8.093089676507347,2.0792752673627874,0.9142914088975823,0.9140324593051928,-0.015969977106438882,-0.015711027514049403,-0.0018853233016859284,-0.0029791027769440776,-0.015556261186737495,-0.020420687265367502,-0.020420687265367502,False,False,-0.01629918230484274,2.0810713304972492,0.8980315672308583,False
5.45,0.8821209756969113,-8.107323246835762,2.0810713304972492,0.8980315672308583,0.8975655359892655,-0.015910591533947027,-0.015444560292354192,-0.001853347235082503,-0.0029976362492949026,-0.01752652955617516,-0.022377513040552566,-0.022377513040552566,False,False,-0.01806070298728229,2.082834862591117,0.8817660469338753,False
5.452,0.8658923116382453,-8.121297565777862,2.082834862591117,0.8817660469338753,0.8787679535344477,-0.015873735295629965,-0.012875641896202383,-0.001545077027544286,-0.0030130870195703456,-0.01949486216049804,-0.024053026207612672,-0.024053026207612672,False,False,-0.020420687265367502,2.0845657270940583,0.8654322514706786,False
5.454,0.8496359585661535,-8.13501218647081,2.0845657270940583,0.8654322514706786,0.862190679643551,-0.01579629290452511,-0.012554721077397524,-0.0015065665292877028,-0.0030281526848632227,-0.021461196057483277,-0.025995915271634203,-0.025995915271634203,False,False,-0.022377513040552566,2.086263873378058,0.8490731419998074,False
5.456,0.8333524363170781,-8.14846667035624,2.086263873378058,0.8490731419998074,0.8532805071015556,-0.01572070568272932,-0.019928070784477447,-0.0023913684941372936,-0.0030520663698045958,-0.02342546836882039,-0.028868903232762276,-0.028868903232762276,False,False,-0.024053026207612672,2.087929310278374,0.8327184501579991,False
5.458,0.8170422655962766,-8.161660587194282,2.087929310278374,0.8327184501579991,0.8305966602988585,-0.015676184561722484,-0.013554394702581907,-0.0016265273643098288,-0.003068331643447694,-0.025387616282121266,-0.03008247528987879,-0.03008247528987879,False,False,-0.025995915271634203,2.0895619905447775,0.8163401332018055,False
5.46,0.8007059679611312,-8.174593515077351,2.0895619905447775,0.8163401332018055,0.8121157054213248,-0.01563416524067429,-0.01140973746019358,-0.0013691684952232296,-0.0030820233283999263,-0.027347577052933676,-0.03179876887655683,-0.03179876887655683,False,False,-0.028868903232762276,2.0911616726843176,0.7998410697701207,False
5.462,0.7843440658045006,-8.187265040443616,2.0911616726843176,0.7998410697701207,0.8018733213687322,-0.015497003965620149,-0.017529255564231683,-0.0021035106677078017,-0.0031030584350770045,-0.029305288006744215,-0.03451185710952902,-0.03451185710952902,False,False,-0.03008247528987879,2.0927284653396105,0.7833963276464714,False
5.464,0.7679570823380154,-8.199674758090223,2.0927284653396105,0.7833963276464714,0.7864107216047929,-0.015439245308455973,-0.018453639266777455,-0.0022144367120132944,-0.0031252028021971374,-0.031260686540982324,-0.036600326055192756,-0.036600326055192756,False,False,-0.03179876887655683,2.094262370689318,0.7669526748537968,False
5.466,0.7515455415753577,-8.211822271186247,2.094262370689318,0.7669526748537968,0.7647606150353985,-0.015407133278439122,-0.013215073460040805,-0.0015858088152048966,-0.0031410608903491865,-0.033213710127021324,-0.037940579832575407,-0.037940579832575407,False,False,-0.03451185710952902,2.095763182159934,0.7504057353080184,False
5.468,0.7351099683154578,-8.223707191285408,2.095763182159934,0.7504057353080184,0.7460481150810689,-0.015295766992560522,-0.010938146765611112,-0.0013125776118733334,-0.0031541866664679197,-0.03516429631218371,-0.03963106059052496,-0.03963106059052496,False,False,-0.036600326055192756,2.097230826243826,0.733822041945977,False
5.47,0.71865088812577,-8.235329138338468,2.097230826243826,0.733822041945977,0.7331635670985842,-0.01517115382020695,-0.014512678972814164,-0.0017415214767376997,-0.0031716018812352966,-0.03711238272173232,-0.042025506079705316,-0.042025506079705316,False,False,-0.037940579832575407,2.098665386917285,0.7172803367293782,False
5.472,0.7021688273254132,-8.246687740705399,2.098665386917285,0.7172803367293782,0.7145000892305776,-0.015111509403964996,-0.012331261905164426,-0.001479751428619731,-0.003186399395521494,-0.039057907060872386,-0.043724057885013615,-0.043724057885013615,False,False,-0.03963106059052496,2.1000668738960853,0.7007434894001808,False
5.474,0.6856643129684038,-8.257782635167244,2.1000668738960853,0.7007434894001808,0.7007773799857645,-0.01507917643177703,-0.015113067017360704,-0.0018135680420832843,-0.0032045350759423268,-0.041000807116739195,-0.04601891023476481,-0.04601891023476481,False,False,-0.042025506079705316,2.1014351493793884,0.6841377416514427,False
5.476,0.6691378728267292,-8.268613466937763,2.1014351493793884,0.6841377416514427,0.6822500564848176,-0.014999868824713491,-0.013112183658088417,-0.00157346203897061,-0.003220269696332033,-0.04294102076040116,-0.0477347524957038,-0.0477347524957038,False,False,-0.043724057885013615,2.102770222800995,0.6675367108034219,False
5.478,0.6525900353735328,-8.27917988967476,2.102770222800995,0.6675367108034219,0.6660974599102327,-0.014946675429889145,-0.013507424536699952,-0.0016208909444039943,-0.0032364786057760726,-0.04487848594885047,-0.04973585549903054,-0.04973585549903054,False,False,-0.04601891023476481,2.104071978626011,0.6508779125080477,False
5.48,0.6360213297661632,-8.28948156549116,2.104071978626011,0.6508779125080477,0.6519064227199725,-0.014856582741884505,-0.015885092953809243,-0.001906211154457109,-0.0032555407173206438,-0.04681314072701319,-0.05197489259879094,-0.05197489259879094,False,False,-0.0477347524957038,2.1053404238340456,0.6342226040173071,False
5.482,0.6194322858293103,-8.299518164965813,2.1053404238340456,0.6342226040173071,0.635053282188263,-0.01479031818799681,-0.015620996358952643,-0.001874519563074317,-0.003274285912951387,-0.04874492322976469,-0.05389372870579039,-0.05389372870579039,False,False,-0.04973585549903054,2.106575505594545,0.6175408802496858,False
5.484,0.602823434038016,-8.309289367154024,2.106575505594545,0.6175408802496858,0.6132831113201807,-0.014717446211669816,-0.010459677282164681,-0.0012551612738597618,-0.0032868375256899845,-0.050673771683991835,-0.05521577048354158,-0.05521577048354158,False,False,-0.05197489259879094,2.1077771218344856,0.6008081199703053,False
5.486,0.5861953055007157,-8.31879485959784,2.1077771218344856,0.6008081199703053,0.6017383209732364,-0.014612814469589508,-0.015543015472520683,-0.001865161856702482,-0.0033054891442570095,-0.052599624410721975,-0.05777027541168146,-0.05777027541168146,False,False,-0.05389372870579039,2.1089452386528817,0.5840584091980633,False
5.488,0.569548431942282,-8.328034338336009,2.1089452386528817,0.5840584091980633,0.5845244958726165,-0.014509977255781292,-0.01497606393033446,-0.0017971276716401351,-0.003323460420973411,-0.05452241982739262,-0.059643007920006166,-0.059643007920006166,False,False,-0.05521577048354158,2.1100799474898215,0.5673544184699348,False
5.49,0.5528833456869992,-8.337007507913718,2.1100799474898215,0.5673544184699348,0.5690405996313508,-0.01447107278293569,-0.016157253944351635,-0.0019388704733221962,-0.0033428491257066328,-0.056442096450410886,-0.06172381604943972,-0.06172381604943972,False,False,-0.05777027541168146,2.1111810807030857,0.5505666066321626,False
5.492,0.5362005796415525,-8.345714081392035,2.1111810807030857,0.5505666066321626,0.5525881650154353,-0.01436602699061007,-0.01638758537388274,-0.0019665102448659286,-0.003362514228155292,-0.058358592898267406,-0.06368761737128863,-0.06368761737128863,False,False,-0.059643007920006166,2.112248615256173,0.5337672765435153,False
5.494,0.519500667277966,-8.354153780357093,2.112248615256173,0.5337672765435153,0.533109750249692,-0.014266609265549346,-0.013609082971726028,-0.0016330899566071233,-0.003378845127721363,-0.060271847895750554,-0.06528378298007904,-0.06528378298007904,False,False,-0.06172381604943972,2.1132824847949205,0.5169347693738795,False
5.496,0.5027841426165687,-8.362326334928985,2.1132824847949205,0.5169347693738795,0.5175216982178248,-0.014150626757310825,-0.014737555601256114,-0.0017685066721507335,-0.0033965301944428703,-0.062181800280306385,-0.06734683714689998,-0.06734683714689998,False,False,-0.06368761737128863,2.114282648195791,0.5000817004353504,False
5.498,0.48605154020892494,-8.37023148377039,2.114282648195791,0.5000817004353504,0.5025336653732957,-0.014030160226425448,-0.016482125164370753,-0.0019778550197244904,-0.003416308744640115,-0.06408838901261923,-0.06948255277698384,-0.06948255277698384,False,False,-0.06528378298007904,2.11524914177005,0.48324678712941943,False
5.5,0.469303395120697,-8.37786897409494,2.11524914177005,0.48324678712941943,0.48377464915371254,-0.01394339200872241,-0.014471254033015524,-0.0017365504839618629,-0.0034336742494797336,-0.06599155319547537,-0.07116177792891697,-0.07116177792891697,False,False,-0.06734683714689998,2.116181903663601,0.46638094677563513,False
5.502,0.45254024291456807,-8.385238561675303,2.116181903663601,0.46638094677563513,0.4672061588354014,-0.01384070386106706,-0.014665915920833328,-0.0017599099104999992,-0.0034512733485847335,-0.06789123210885939,-0.07310241536794412,-0.07310241536794412,False,False,-0.06948255277698384,2.1170808574871063,0.4494769117527207,False
5.5040000000000004,0.43576261963311536,-8.392340010850987,2.1170808574871063,0.4494769117527207,0.44898017085197217,-0.013714292119605342,-0.013217551218856816,-0.0015861061462628177,-0.0034671344100473617,-0.0697873652769366,-0.07484060583324678,-0.07484060583324678,False,False,-0.07116177792891697,2.1179460232799188,0.43258289640631065,False
5.506,0.41897106178168,-8.399173094535868,2.1179460232799188,0.43258289640631065,0.4322739278001123,-0.01361183462463067,-0.013302866018432336,-0.0015963439222118803,-0.0034830978492694804,-0.0716798925976414,-0.07675933436912276,-0.07675933436912276,False,False,-0.07310241536794412,2.118777366121642,0.41567142086162157,False
5.508,0.4021661063111628,-8.40573759422548,2.118777366121642,0.41567142086162157,0.4159673937226609,-0.01350531455045878,-0.013801287411498109,-0.001656154489379773,-0.003499659394163278,-0.07356875459526294,-0.07872456847880599,-0.07872456847880599,False,False,-0.07484060583324678,2.1195748938683154,0.3987638733367955,False
5.51,0.3853482906009129,-8.412033300003966,2.1195748938683154,0.3987638733367955,0.401479306479533,-0.013415582735882614,-0.016131015878620092,-0.0019357219054344109,-0.003519016613217622,-0.07545389291471441,-0.08090863143336645,-0.08090863143336645,False,False,-0.07675933436912276,2.120338576485562,0.38184130862312005,False
5.5120000000000005,0.3685181524414904,-8.418060010550821,2.120338576485562,0.38184130862312005,0.3783922391814329,-0.013323156181629658,-0.0098740867399425,-0.0011848904087931,-0.0035308655173055528,-0.07733525129095623,-0.08205100721705488,-0.08205100721705488,False,False,-0.07872456847880599,2.121068374531959,0.3648990231986521,False
5.514,0.3516762300175324,-8.423817533147309,2.121068374531959,0.3648990231986521,0.36402552482159034,-0.013222793181119685,-0.012349294804057942,-0.001481915376486953,-0.0035456846710704222,-0.07921277745277294,-0.08424037750033031,-0.08424037750033031,False,False,-0.08090863143336645,2.121764203179052,0.3479143235466135,False
5.516,0.33482306189046984,-8.429305683682639,2.121764203179052,0.3479143235466135,0.34596149459718784,-0.01309126165614366,-0.011138432706717993,-0.001336611924806159,-0.0035590507903184836,-0.08108642686456971,-0.08598208957969436,-0.08598208957969436,False,False,-0.08205100721705488,2.122426196663595,0.33099674227151465,False
5.518,0.3179591869813686,-8.434524286659842,2.122426196663595,0.33099674227151465,0.328497039131657,-0.013037555290146052,-0.010537852150288407,-0.0012645422580346089,-0.0035716962128988297,-0.08295617008474027,-0.0877924085556737,-0.0877924085556737,False,False,-0.08424037750033031,2.1230542685142977,0.3140359253512138,False
5.5200000000000005,0.3010851445536437,-8.439473175201394,2.1230542685142977,0.3140359253512138,0.313897009865967,-0.01295078079757006,-0.012811865312323312,-0.0015374238374787972,-0.003587070451273618,-0.08482200724210379,-0.0899465015308562,-0.0899465015308562,False,False,-0.08598208957969436,2.1236484269651967,0.29707922544959103,False
5.522,0.28420147419587294,-8.444152191054542,2.1236484269651967,0.29707922544959103,0.2933403906428399,-0.012877751253718095,-0.00913891644696696,-0.0010966699736360353,-0.003598037151009978,-0.08668399652492068,-0.09137870364956668,-0.09137870364956668,False,False,-0.0877924085556737,2.1242086658237245,0.280119429263789,False
5.524,0.26730871580449483,-8.448561184596366,2.1242086658237245,0.280119429263789,0.2823004819392408,-0.012810713459294187,-0.014991766134745954,-0.0017990119361695144,-0.0036160272703716734,-0.08854231025959954,-0.09395734946614072,-0.09395734946614072,False,False,-0.0899465015308562,2.124734907038782,0.26312060752885374,False
5.526,0.25040740956654906,-8.452700014838575,2.124734907038782,0.26312060752885374,0.2648654279471938,-0.01271319796230469,-0.014458018380644755,-0.0017349622056773706,-0.003633376892428447,-0.09039734531566843,-0.09576568441377424,-0.09576568441377424,False,False,-0.09137870364956668,2.1252272246987753,0.24615882999677102,False
5.5280000000000005,0.23349809594242965,-8.456568549432001,2.1252272246987753,0.24615882999677102,0.24727697736808837,-0.012660734054341372,-0.013778881425658723,-0.0016534657710790468,-0.0036499115501392376,-0.09224994047667588,-0.09755331779789417,-0.09755331779789417,False,False,-0.09395734946614072,2.125685452243934,0.22911377257943152,False
5.53,0.21658131564858082,-8.460166664670837,2.125685452243934,0.22911377257943152,0.23218512630052762,-0.0125324569308507,-0.015603810651946798,-0.0018724572782336157,-0.003668636122921574,-0.09410180435333204,-0.09964289775448723,-0.09964289775448723,False,False,-0.09576568441377424,2.126109586710313,0.21206723318929072,False
5.532,0.19965760964021706,-8.463494245496593,2.126109586710313,0.21206723318929072,0.2160311064374627,-0.012409623549073656,-0.016373496797245646,-0.0019648196156694772,-0.0036882843190782686,-0.09595635736760805,-0.10160946130235579,-0.10160946130235579,False,False,-0.09755331779789417,2.1264996304120656,0.195021850876307,False
5.534,0.18272751909400364,-8.466551185501777,2.1264996304120656,0.195021850876307,0.19573097062288833,-0.012294331782303353,-0.013003451528884685,-0.0015604141834661622,-0.00370388846091293,-0.09782038663019338,-0.10308468927457247,-0.10308468927457247,False,False,-0.09964289775448723,2.1268555242099945,0.17794689896433755,False
5.5360000000000005,0.16579158539077735,-8.469337386933297,2.1268555242099945,0.17794689896433755,0.17843306593251174,-0.0121553135735602,-0.01264148054173439,-0.0015169776650081268,-0.0037190582375630113,-0.09970729080720495,-0.10494332670977609,-0.10494332670977609,False,False,-0.10160946130235579,2.1271772389472767,0.16085736864124003,False
5.538,0.14885035009824024,-8.47185276069558,2.1271772389472767,0.16085736864124003,0.16222633445978832,-0.012007018542999792,-0.013375984361548077,-0.001605118123385769,-0.003735109418796869,-0.10164341189477688,-0.10698363943695952,-0.10698363943695952,False,False,-0.10308468927457247,2.1274648557415796,0.14380839715140614,False
5.54,0.13190435495359365,-8.47409722635343,2.1274648557415796,0.14380839715140614,0.14117328024072048,-0.011904042197812492,-0.009268925287126834,-0.0011122710344552199,-0.0037462321291414215,-0.10368027061219452,-0.10853877377579116,-0.10853877377579116,False,False,-0.10494332670977609,2.1277183883851096,0.12676632176493918,False
5.542,0.1149541418462734,-8.476070712134598,2.1277183883851096,0.12676632176493918,0.12822885737788292,-0.011812179918665788,-0.013274715531609527,-0.0015929658637931431,-0.003762161787779353,-0.10591774839374617,-0.11127287604531866,-0.11127287604531866,False,False,-0.10698363943695952,2.1279378396955084,0.10972565519936645,False
5.5440000000000005,0.09800025280056818,-8.477773154932077,2.1279378396955084,0.10972565519936645,0.10545639770861286,-0.011725402398798268,-0.007456144908044679,-0.0008947373889653615,-0.0037711091616690067,-0.10854626369680814,-0.11321211024744252,-0.11321211024744252,False,False,-0.10853877377579116,2.1281233671374467,0.09276372096907001,False
5.546,0.0810432299583512,-8.47920450030611,2.1281233671374467,0.09276372096907001,0.09337394297392082,-0.011720491010718814,-0.012330713015569622,-0.0014796855618683547,-0.0037859060172876903,-0.11191707819286956,-0.1171826697720256,-0.1171826697720256,False,False,-0.11127287604531866,2.128274980376406,0.07580661947960153,False
5.548,0.06408361556166906,-8.480364702485952,2.128274980376406,0.07580661947960153,0.07581822384873145,-0.011723003917932476,-0.011734608287062395,-0.0014081529944474874,-0.0037999875472321653,-0.1166369183579373,-0.12184505889961694,-0.12184505889961694,False,False,-0.11321211024744252,2.1283930443276304,0.05903197561211895,False
5.55,0.04712195193546626,-8.481253724371314,2.1283930443276304,0.05903197561211895,0.05746310158218837,-0.011910023676652691,-0.010341149646722107,-0.0012409379576066527,-0.0038123969268082317,-0.1236213944074995,-0.1286747292919144,-0.1286747292919144,False,False,-0.1171826697720256,2.1284778200299845,0.04238785117695325,False
5.5520000000000005,0.030158781470189786,-8.481871537533555,2.1284778200299845,0.04238785117695325,0.04298221132799689,-0.012229069706763462,-0.012823429857807107,-0.0015388115829368528,-0.0038277850426376003,-0.13388877661831605,-0.1392553732438905,-0.1392553732438905,False,False,-0.12184505889961694,2.128529937525961,0.02605874798841755,False
5.554,0.013194646604508753,-8.4822181222166,2.128529937525961,0.02605874798841755,0.02713619762304456,-0.012864101383908796,-0.013941551018535808,-0.0016729861222242969,-0.003844514903859843,-0.14777836536647487,-0.15329586639255902,-0.15329586639255902,False,False,-0.1286747292919144,2.1285502282014415,0.010145337740100166,False
5.556,-0.0037699101921059705,-8.48229346733756,2.1285502282014415,0.010145337740100166,0.011344520251294853,-0.013915247932206137,-0.015114430443400825,-0.0018137316532080988,-0.003862652220391924,-0.1638914377886698,-0.16956782166226983,-0.16956782166226983,False,False,-0.1392553732438905,2.1285393334774083,-0.0054473620165123235,False
5.558,-0.020734346436664608,-8.482097570487088,2.1285393334774083,-0.0054473620165123235,-0.004773835397116779,-0.015286984420152284,-0.015960511039547827,-0.0019152613247457391,-0.0038818048336393815,-0.17931125891123414,-0.18510832506961927,-0.18510832506961927,False,False,-0.15329586639255902,2.1284974355763446,-0.02094895053174936,False
5.5600000000000005,-0.03769811965005897,-8.481630437929468,2.1284974355763446,-0.02094895053174936,-0.018898476433136555,-0.016749169118309606,-0.018799643216922412,-0.0022559571860306894,-0.0039043644054996885,-0.1916237666279269,-0.19778408821945728,-0.19778408821945728,False,False,-0.16956782166226983,2.1284240571588406,-0.03668920875200401,False
5.562,-0.054660687374350925,-8.480892084602395,2.1284240571588406,-0.03668920875200401,-0.03713008970116114,-0.017971478622346916,-0.017530597673189784,-0.002103671720782774,-0.003925401122707516,-0.20029588895051145,-0.20632496179400175,-0.20632496179400175,False,False,-0.18510832506961927,2.128318354835483,-0.05285116167887487,False
5.564,-0.07162150719016679,-8.479882534116514,2.128318354835483,-0.05285116167887487,-0.05268075108595931,-0.01877034551129192,-0.01894075610420748,-0.0022728907325048975,-0.003948130030032565,-0.2061058092858295,-0.21232683004836697,-0.21232683004836697,False,False,-0.19778408821945728,2.128179462647035,-0.06944609422385353,False
5.566,-0.08858003673403714,-8.478601818754662,2.128179462647035,-0.06944609422385353,-0.07017677492657981,-0.019133942510183605,-0.018403261807457327,-0.0022083914168948794,-0.003970213944201514,-0.21008273407020933,-0.21626133943130574,-0.21626133943130574,False,False,-0.20632496179400175,2.1280068431264056,-0.08630976031474531,False
5.5680000000000005,-0.10553573371571359,-8.477049979470824,2.1280068431264056,-0.08630976031474531,-0.0844673369250937,-0.01922597340096828,-0.021068396790619892,-0.002528207614874387,-0.003995496020350258,-0.2130075617768043,-0.21953126541202894,-0.21953126541202894,False,False,-0.21232683004836697,2.1278001115397545,-0.10336579332568807,False
5.57,-0.12248805593553119,-8.475227065888838,2.1278001115397545,-0.10336579332568807,-0.10315046322669162,-0.01912226260984312,-0.01933759270883957,-0.0023205111250607486,-0.004018701131600866,-0.21536159868973562,-0.22170081094639724,-0.22170081094639724,False,False,-0.21626133943130574,2.1275590880817377,-0.12051172900833045,False
5.572,-0.13943646130173581,-8.473133136300802,2.1275590880817377,-0.12051172900833045,-0.11953815945988486,-0.01892473229340537,-0.019898301841850957,-0.002387796221022115,-0.0040425790938110875,-0.21741393196265926,-0.22384430727749247,-0.22384430727749247,False,False,-0.21953126541202894,2.127283604723794,-0.1377416789718498,False
5.574,-0.15638040784784032,-8.47076825766521,2.127283604723794,-0.1377416789718498,-0.14093509380642827,-0.018638728875990523,-0.015445314041412056,-0.0018534376849694467,-0.004061113470660782,-0.21930791506409267,-0.2252224662197229,-0.2252224662197229,False,False,-0.22170081094639724,2.1269736574440476,-0.1549736398730766,False
5.5760000000000005,-0.17331935374992846,-8.468132505604807,2.1269736574440476,-0.1549736398730766,-0.154559183525401,-0.018345713876851855,-0.018760170224527473,-0.0022512204269432966,-0.004083625674930215,-0.22111808272213515,-0.22745292882400867,-0.22745292882400867,False,False,-0.22384430727749247,2.126629212356761,-0.17222254364329065,False
5.578,-0.1902527573439758,-8.465225964404183,2.126629212356761,-0.17222254364329065,-0.17326890398303282,-0.018030213700685138,-0.016983853360942963,-0.0020380624033131556,-0.004104006298963346,-0.22288270721643472,-0.22902477591871123,-0.22902477591871123,False,False,-0.2252224662197229,2.126250378305513,-0.18941702562403462,False
5.58,-0.20718007714321862,-8.46204872700706,2.126250378305513,-0.18941702562403462,-0.19008522756589669,-0.017763051519184003,-0.017094849577321936,-0.0020513819492786324,-0.004124520118456132,-0.22462130824768223,-0.230797210315417,-0.230797210315417,False,False,-0.22745292882400867,2.1258370753989593,-0.20665145327686077,False
5.582,-0.22410077185541083,-8.458600895013337,2.1258370753989593,-0.20665145327686077,-0.20371533483539955,-0.01744931857855006,-0.020385437020011277,-0.0024462524424013533,-0.004148982642880145,-0.22634379817223327,-0.23293903325751478,-0.23293903325751478,False,False,-0.22902477591871123,2.125389358017051,-0.22385869095421157,False
5.5840000000000005,-0.24101430040018607,-8.454882578675827,2.125389358017051,-0.22385869095421157,-0.22408658363539996,-0.017155609445974496,-0.016927716764786105,-0.0020313260117743323,-0.004169295902997888,-0.22805519017951772,-0.23425581209428994,-0.23425581209428994,False,False,-0.230797210315417,2.124907235650322,-0.24106118336459814,False
5.586,-0.2579201219262965,-8.450893896896748,2.124907235650322,-0.24106118336459814,-0.24325185049556305,-0.016858938561698344,-0.014668271430733432,-0.0017601925716880117,-0.004186897828714768,-0.22975800490734824,-0.23570509530775102,-0.23570509530775102,False,False,-0.23293903325751478,2.1243906391894423,-0.25829823043971695,False
5.588,-0.274817695828982,-8.446634977223898,2.1243906391894423,-0.25829823043971695,-0.26113149169397537,-0.016519465389265076,-0.013686204135006652,-0.0016423444962007981,-0.004203321273676776,-0.23145349625659475,-0.23729916202647233,-0.23729916202647233,False,False,-0.23425581209428994,2.1238396724738844,-0.2754833577789908,False
5.59,-0.291706481767194,-8.4421059558466,2.1238396724738844,-0.2754833577789908,-0.2740807741640076,-0.016223123988203192,-0.01762570760318638,-0.0021150849123823656,-0.0042244721228005995,-0.2331422746942713,-0.23948183172945425,-0.23948183172945425,False,False,-0.23570509530775102,2.1232544101645487,-0.29263115466785183,False
5.5920000000000005,-0.30858593968092674,-8.437306977591328,2.1232544101645487,-0.29263115466785183,-0.29022850168526987,-0.0159547850130749,-0.018357437995656867,-0.002202892559478824,-0.004246501048395388,-0.23482462394382714,-0.24127401755170136,-0.24127401755170136,False,False,-0.23729916202647233,2.1226348956387846,-0.30975726288199423,False
5.594,-0.32545552980842374,-8.432238195917094,2.1226348956387846,-0.30975726288199423,-0.31247742543387785,-0.015698266926429505,-0.012978104374545885,-0.0015573725249455061,-0.004262074773644843,-0.23650066184255653,-0.24232010914114688,-0.24232010914114688,False,False,-0.23948183172945425,2.121981048471205,-0.32692358378972214,False
5.596,-0.3423147127035121,-8.426899772910518,2.121981048471205,-0.32692358378972214,-0.32801242719971857,-0.015391128913789964,-0.014302285503793533,-0.0017162742604552238,-0.004279237516249395,-0.23817042204312805,-0.24416593381983268,-0.24416593381983268,False,False,-0.24127401755170136,2.121292870851193,-0.3440888100060874,False
5.598,-0.359162949252789,-8.42129187928067,2.121292870851193,-0.3440888100060874,-0.3415323842157145,-0.015074139246701646,-0.017630565037074497,-0.0021156678044489396,-0.004300394194293884,-0.2398338955151784,-0.2462499575139212,-0.2462499575139212,False,False,-0.24232010914114688,2.120570521157278,-0.36117484695743457,False
5.6000000000000005,-0.3759997006929141,-8.415414694353586,2.120570521157278,-0.36117484695743457,-0.36049274728030944,-0.014824853735479537,-0.015506953412604663,-0.0018608344095125595,-0.004319002538389009,-0.24149105163086051,-0.24767088857876207,-0.24767088857876207,False,False,-0.24416593381983268,2.119813988553889,-0.37826630169436687,False
5.602,-0.39282442862777955,-8.40926840606656,2.119813988553889,-0.37826630169436687,-0.3752846785695686,-0.014558126933412685,-0.017539750058210957,-0.002104770006985315,-0.004340050238458863,-0.2431418488805399,-0.2495866691259841,-0.2495866691259841,False,False,-0.2462499575139212,2.119023212441192,-0.3953880563485601,False
5.604,-0.40963659504577443,-8.402853210962116,2.119023212441192,-0.3953880563485601,-0.3945863113301076,-0.014248538697214319,-0.015050283715666857,-0.0018060340458800226,-0.004358110578917663,-0.2447862403203894,-0.25095038494518707,-0.25095038494518707,False,False,-0.24767088857876207,2.118198271734418,-0.41247035338695714,False
5.606,-0.4264356623369833,-8.396169314181718,2.118198271734418,-0.41247035338695714,-0.4145757104623623,-0.013965308950026178,-0.011859951874621022,-0.0014231942249545225,-0.004372342521167208,-0.24642417634302544,-0.25221971308914715,-0.25221971308914715,False,False,-0.2495866691259841,2.1173391408588635,-0.42956543777726064,False
5.6080000000000005,-0.4432210933103513,-8.389216929459229,2.1173391408588635,-0.42956543777726064,-0.43056852066479173,-0.013655655533090671,-0.012652572645559579,-0.0015183087174671494,-0.004387525608341879,-0.24805560608750318,-0.2539614404133122,-0.2539614404133122,False,False,-0.25095038494518707,2.116445910122414,-0.44661536822468456,False
5.61,-0.45999235121088333,-8.381996279114071,2.116445910122414,-0.44661536822468456,-0.4465120724090044,-0.013376982986198771,-0.013480278801878909,-0.001617633456225469,-0.0044037019429041336,-0.2496804781575231,-0.25570181355665267,-0.25570181355665267,False,False,-0.25221971308914715,2.1155186886045803,-0.4636107589169038,False
5.612,-0.4767488997367974,-8.374507594044108,2.1155186886045803,-0.4636107589169038,-0.4641338079536982,-0.013138140819893618,-0.01261509178309922,-0.0015138110139719062,-0.0044188400530438526,-0.2512987409877915,-0.2572313920548072,-0.2572313920548072,False,False,-0.2539614404133122,2.1145574852654456,-0.48060166956742234,False
5.614,-0.49349020305669566,-8.366751113718259,2.1145574852654456,-0.48060166956742234,-0.48120816980859316,-0.012888533489273324,-0.012282033248102509,-0.0014738439897723009,-0.004433578492941575,-0.2529103430313749,-0.25881776551408875,-0.25881776551408875,False,False,-0.25570181355665267,2.113562309250079,-0.4975880076833186,False
5.6160000000000005,-0.5102157258266721,-8.358727086168853,2.113562309250079,-0.4975880076833186,-0.4942122060710948,-0.01262771814335345,-0.01600351975557729,-0.0019204223706692745,-0.004452782716648268,-0.2545152328559387,-0.2608884379432562,-0.2608884379432562,False,False,-0.2572313920548072,2.1125332137432506,-0.5145477534141379,False
5.618,-0.5269249332074262,-8.350435767983704,2.1125332137432506,-0.5145477534141379,-0.5158074622760361,-0.012377179793288229,-0.011117470931390039,-0.0013340965117668046,-0.004466123681765936,-0.25611335919359607,-0.2619135793871288,-0.2619135793871288,False,False,-0.25881776551408875,2.1114702394521943,-0.5314871455281205,False
5.62,-0.5436172908814135,-8.341877424297877,2.1114702394521943,-0.5314871455281205,-0.5312237151350758,-0.012130145353293043,-0.012393575746337704,-0.0014872290895605244,-0.004480995972661541,-0.2577046709671277,-0.26367289602934973,-0.26367289602934973,False,False,-0.2608884379432562,2.1103733252246983,-0.5484571137478966,False
5.622,-0.5602922650698737,-8.333052328785236,2.1103733252246983,-0.5484571137478966,-0.5494963998784106,-0.0118351513219771,-0.010795865191463139,-0.0012955038229755765,-0.004493951010891297,-0.25928911730414494,-0.26507857213801184,-0.26507857213801184,False,False,-0.2619135793871288,2.1092426295143993,-0.5653478551494715,False
5.6240000000000006,-0.5769493225499519,-8.323960763649676,2.1092426295143993,-0.5653478551494715,-0.5661665522377501,-0.011601467400480403,-0.010782770312201762,-0.0012939324374642114,-0.004506890335265939,-0.260866647545119,-0.26666747031784915,-0.26666747031784915,False,False,-0.26367289602934973,2.1080781552971177,-0.582237108640724,False
5.626,-0.5935879306716867,-8.314603019616124,2.1080781552971177,-0.582237108640724,-0.582270949373639,-0.011350822030962715,-0.011316981298047701,-0.0013580377557657242,-0.004520470712823596,-0.2624372112482609,-0.26831571971685025,-0.26831571971685025,False,False,-0.26507857213801184,2.1068799795680797,-0.5990878645189418,False
5.628,-0.6102075573751168,-8.304979395921205,2.1068799795680797,-0.5990878645189418,-0.5978850503809122,-0.011119692856174979,-0.012322506994204563,-0.0014787008393045474,-0.004535257721216641,-0.26400075819281027,-0.27001471675333144,-0.27001471675333144,False,False,-0.26666747031784915,2.1056481401094715,-0.6159197293041611,False
5.63,-0.6268076712072314,-8.295090200303704,2.1056481401094715,-0.6159197293041611,-0.6144165049241528,-0.010887941903070297,-0.01239116628307857,-0.0014869399539694282,-0.004550127120756336,-0.26555723838148804,-0.2715943054562138,-0.2715943054562138,False,False,-0.26831571971685025,2.1043826618600106,-0.6327391247305251,False
5.632,-0.6433877413390123,-8.28493574899471,2.1043826618600106,-0.6327391247305251,-0.6341543653726611,-0.01064861660848726,-0.00923337596635121,-0.001108005115962145,-0.0045612071719159574,-0.26710660204253617,-0.27277581433041426,-0.27277581433041426,False,False,-0.27001471675333144,2.1030835588577257,-0.6495515011424664,False
5.634,-0.6599472375823772,-8.274516366707507,2.1030835588577257,-0.6495515011424664,-0.6504895823631255,-0.010395736439910763,-0.009457655219251682,-0.0011349186263102018,-0.0045725563581790595,-0.26864879963152916,-0.2743562746160184,-0.2743562746160184,False,False,-0.2715943054562138,2.1017508699903544,-0.6663444336856696,False
5.636,-0.6764856304071276,-8.263832386627204,2.1017508699903544,-0.6663444336856696,-0.6646593911842593,-0.010141196721457968,-0.011826239222868296,-0.0014191487067441954,-0.004586747845246502,-0.2701837818330723,-0.276189678385063,-0.276189678385063,False,False,-0.27277581433041426,2.1003847170758068,-0.6830764572738488,False
5.638,-0.6930023909579253,-8.252884150400053,2.1003847170758068,-0.6830764572738488,-0.6848947361910719,-0.00992593368407646,-0.008107654766853378,-0.0009729185720224054,-0.0045964770309667256,-0.27171149956244134,-0.2772808951654305,-0.2772808951654305,False,False,-0.2743562746160184,2.0989851370525985,-0.6997900116040854,False
5.64,-0.7094969910711704,-8.241672008122544,2.0989851370525985,-0.6997900116040854,-0.7022936468940735,-0.009706979467084986,-0.007203344177096893,-0.0008644013012516272,-0.0046051210439792415,-0.2732319039671789,-0.27870142631240974,-0.27870142631240974,False,False,-0.276189678385063,2.0975521134869455,-0.716511782826501,False
5.642,-0.7259689032918922,-8.2301963183302,2.0975521134869455,-0.716511782826501,-0.7143893596142169,-0.009457120465391267,-0.01157954367767533,-0.0013895452413210396,-0.0046190164963924515,-0.2747449464286722,-0.28075350816638567,-0.28075350816638567,False,False,-0.2772808951654305,2.0960857855392496,-0.7331639738478392,False
5.644,-0.742417600890605,-8.21845744798614,2.0960857855392496,-0.7331639738478392,-0.7315470437005215,-0.009253627042765888,-0.010870557190083563,-0.0013044668628100274,-0.004632061165020552,-0.27625057856371465,-0.2821871065915452,-0.2821871065915452,False,False,-0.27870142631240974,2.094586221881822,-0.7497818287139835,False
5.646,-0.7588425578801985,-8.20645577246929,2.094586221881822,-0.7497818287139835,-0.7533222516824314,-0.009060729166215031,-0.005520306197767111,-0.0006624367437320532,-0.004638685532457872,-0.27774875222606155,-0.2830498745022515,-0.2830498745022515,False,False,-0.28075350816638567,2.0930533581856756,-0.7664318480731087,False
5.648,-0.7752432490326994,-8.194191675562433,2.0930533581856756,-0.7664318480731087,-0.7631561675931272,-0.008811400959590654,-0.012087081439572156,-0.0014504497727486586,-0.004653190030185358,-0.2792394195079662,-0.2853430593109002,-0.2853430593109002,False,False,-0.2821871065915452,2.091487260339093,-0.783048923291355,False
5.65,-0.7916191498961203,-8.181665549439895,2.091487260339093,-0.783048923291355,-0.7835930337092195,-0.008570226604765252,-0.008026116186900745,-0.0009631339424280894,-0.004662821369609639,-0.2807225327417182,-0.28634848805375596,-0.28634848805375596,False,False,-0.2830498745022515,2.089888113037591,-0.7995736507508596,False
5.652,-0.807969736811167,-8.168877794655053,2.089888113037591,-0.7995736507508596,-0.800891899275209,-0.008396086060307395,-0.0070778375359580314,-0.0008493405043149638,-0.004671314774652788,-0.2821980445011621,-0.28771869978012987,-0.28771869978012987,False,False,-0.2853430593109002,2.0882557994177797,-0.8161568099056252,False
5.654,-0.8242944869280565,-8.155828820127466,2.0882557994177797,-0.8161568099056252,-0.8147676879282755,-0.008137677022431289,-0.009526798999781039,-0.0011432158799737247,-0.004682746933452525,-0.28366590760322113,-0.28949187041664737,-0.28949187041664737,False,False,-0.28634848805375596,2.086590473556371,-0.8326629307043443,False
5.656,-0.8405928782231751,-8.142519043129852,2.086590473556371,-0.8326629307043443,-0.8347864832219553,-0.007929947518830804,-0.005806395001219822,-0.0006967674001463785,-0.004689714607453989,-0.2851260751094004,-0.2905125571170008,-0.2905125571170008,False,False,-0.28771869978012987,2.084892211450896,-0.8491310527377355,False
5.658,-0.8568643895158212,-8.1289488892747,2.084892211450896,-0.8491310527377355,-0.8497914038105407,-0.007733336778085742,-0.007072985705280477,-0.0008487582846336572,-0.004698202190300326,-0.2865785003272928,-0.2921254608022268,-0.2921254608022268,False,False,-0.28949187041664737,2.0831610038840473,-0.8656037834243494,False
5.66,-0.873108500484812,-8.115118792500715,2.0831610038840473,-0.8656037834243494,-0.8641113795119544,-0.007504717060462629,-0.008997120972857653,-0.0010796545167429184,-0.004708998735467755,-0.2880231368120664,-0.2938117900642771,-0.2938117900642771,False,False,-0.2905125571170008,2.081396999309546,-0.8820022872505944,False
5.662,-0.8893246916851967,-8.10102919505887,2.081396999309546,-0.8820022872505944,-0.8832466823558838,-0.007322404434602303,-0.006078009329312906,-0.0007293611195175486,-0.0047162923466629305,-0.2894599383679566,-0.29490559183413706,-0.29490559183413706,False,False,-0.2921254608022268,2.079600220539201,-0.8983893851726626,False
5.664,-0.9055124445647864,-8.086680547498347,2.079600220539201,-0.8983893851726626,-0.900942650266644,-0.007123059392123765,-0.0045697942981424156,-0.0005483753157770898,-0.004721776099820702,-0.2908888590497358,-0.2961590104653336,-0.2961590104653336,False,False,-0.2938117900642771,2.077770674758766,-0.9147728902174764,False
5.666,-0.9216712414808177,-8.07207330865204,2.077770674758766,-0.9147728902174764,-0.9137228022347879,-0.0068983512633412625,-0.007948439246029837,-0.0009538127095235804,-0.004731314226915938,-0.29230985316419067,-0.2979949801006302,-0.2979949801006302,False,False,-0.29490559183413706,2.0759084931499103,-0.9310908044277189,False
5.668,-0.937800565716424,-8.057207945621974,2.0759084931499103,-0.9310908044277189,-0.9342941618536552,-0.006709761288705152,-0.003506403862768792,-0.000420768463532255,-0.00473552191155126,-0.2937228752715752,-0.29887916564665873,-0.29887916564665873,False,False,-0.2961590104653336,2.074013772028484,-0.9473605607130176,False
5.67,-0.9538999014972294,-8.042084933764285,2.074013772028484,-0.9473605607130176,-0.9455229973881115,-0.006539340784211811,-0.008376904109117844,-0.0010052284930941412,-0.004745574196482202,-0.29512788018707037,-0.3008786828766467,-0.3008786828766467,False,False,-0.2979949801006302,2.0720864846656517,-0.963643681416156,False
5.672,-0.969968734007802,-8.026704756674077,2.0720864846656517,-0.963643681416156,-0.9611340770837487,-0.006325052591646063,-0.008834656924053386,-0.0010601588308864062,-0.004756175784791066,-0.29652482298222566,-0.30234115759790314,-0.30234115759790314,False,False,-0.29887916564665873,2.070126803929453,-0.9798403680994485,False
5.674,-0.986006549408136,-8.01106790616992,2.070126803929453,-0.9798403680994485,-0.9802951712569237,-0.006166181308687513,-0.005711378151212365,-0.0006853653781454837,-0.0047630294385725205,-0.29791365898639716,-0.30336205380311515,-0.30336205380311515,False,False,-0.3008786828766467,2.068134667237704,-0.9960683458744441,False
5.676,-1.0020128348500434,-7.995174882278176,2.068134667237704,-0.9960683458744441,-0.9982927400381262,-0.005944488975599294,-0.0037200948119172628,-0.00044641137743007154,-0.004767493552346821,-0.2992943437881728,-0.30450824871794974,-0.30450824871794974,False,False,-0.30234115759790314,2.066110125152605,-1.012271042549557,False
5.678,-1.0179870784936227,-7.9790261932169315,2.066110125152605,-1.012271042549557,-1.011567445498422,-0.005716035944065778,-0.0064196329952006526,-0.0007703559594240783,-0.0047751971119410624,-0.30066683323679855,-0.30621238630816366,-0.30621238630816366,False,False,-0.30336205380311515,2.064053320146785,-1.0284025029100288,False
5.68,-1.033928769523548,-7.962622355379831,2.064053320146785,-1.0284025029100288,-1.0293396386929456,-0.005526266613519182,-0.004589130830602306,-0.0005506956996722767,-0.004780704068937785,-0.30203108344358326,-0.30736248321219334,-0.30736248321219334,False,False,-0.30450824871794974,2.061964366889128,-1.0444766288284306,False
5.682,-1.049837398165481,-7.945963893319478,2.061964366889128,-1.0444766288284306,-1.0427106468318512,-0.0053607693370503195,-0.007126751333629722,-0.0008552101600355665,-0.004789256170538141,-0.3033870507833089,-0.3090315171138826,-0.3090315171138826,False,False,-0.30621238630816366,2.0598432619550393,-1.060552467044471,False
5.684,-1.065712455702295,-7.92905133973075,2.0598432619550393,-1.060552467044471,-1.0602902753751393,-0.005159988657823966,-0.00542218032715569,-0.0006506616392586827,-0.004795762786930728,-0.304734691895619,-0.31018111632180845,-0.31018111632180845,False,False,-0.30736248321219334,2.0576901179733675,-1.0765719908359117,False
5.686,-1.0815534344904103,-7.911885235433687,2.0576901179733675,-1.0765719908359117,-1.0766547055982645,-0.004981443654498596,-0.0048987288921458205,-0.0005878474670574984,-0.004801641261601304,-0.30607396368641104,-0.31146345241506984,-0.31146345241506984,False,False,-0.3090315171138826,2.0555049376696757,-1.0925901518458567,False
5.688,-1.0973598279759982,-7.8944661293562275,2.0555049376696757,-1.0925901518458567,-1.09259328545335,-0.004769676130141454,-0.004766542522648187,-0.0005719851027177824,-0.004807361112628482,-0.3074048233292117,-0.31278416954455796,-0.31278416954455796,False,False,-0.31018111632180845,2.0532878325088855,-1.108552580395163,False
5.69,-1.1131311307111498,-7.876794578516693,2.0532878325088855,-1.108552580395163,-1.1068415920710915,-0.004578550315986751,-0.006289538640058323,-0.0007547446368069987,-0.004814908558996552,-0.3087272282665443,-0.31429688146234785,-0.31429688146234785,False,False,-0.31146345241506984,2.0510388849355055,-1.124473786690084,False
5.692,-1.128866838370107,-7.8588711480058935,2.0510388849355055,-1.124473786690084,-1.1266224460643368,-0.004393051680023019,-0.0022443923057702264,-0.0002693270766924272,-0.004817601829763476,-0.3100411362112951,-0.315128065117751,-0.315128065117751,False,False,-0.31278416954455796,2.0487581684507266,-1.1403582423895016,False
5.694,-1.1445664477653128,-7.840696410969153,2.0487581684507266,-1.1403582423895016,-1.1393785551895026,-0.004208205375811236,-0.005187892575810205,-0.0006225471090972245,-0.004823827300854448,-0.31134650514805917,-0.31679287955801083,-0.31679287955801083,False,False,-0.31429688146234785,2.04644571554411,-1.1562264533082625,False
5.696,-1.160229456863568,-7.822270948587895,2.04644571554411,-1.1562264533082625,-1.1578811588327693,-0.004003003555305584,-0.0023482980307987233,-0.0002817957636958468,-0.004826645258491407,-0.3126432933344895,-0.31775173435667675,-0.31775173435667675,False,False,-0.315128065117751,2.0441017010596645,-1.1720072422226975,False
5.698,-1.1758553648020582,-7.803595350061098,2.0441017010596645,-1.1720072422226975,-1.1719025819068225,-0.0038481225793607354,-0.003952782895235707,-0.0004743339474282848,-0.00483138859796569,-0.3139314593026295,-0.31923718184802347,-0.31923718184802347,False,False,-0.31679287955801083,2.041726123357457,-1.1877888511038113,False
5.7,-1.1914436719043386,-7.784670212586487,2.041726123357457,-1.1877888511038113,-1.1876708017237647,-0.0036548208005273697,-0.0037728701805739284,-0.0004527444216688714,-0.004835916042182378,-0.3152109618602366,-0.32049962232408785,-0.32049962232408785,False,False,-0.31775173435667675,2.039319128643119,-1.203497357168885,False
5.702,-1.2069938796963822,-7.765496141341354,2.039319128643119,-1.203497357168885,-1.2025868730001532,-0.0034965225274972145,-0.0044070066962289545,-0.0005288408035474745,-0.004841204450217853,-0.316481760092105,-0.3218518053458703,-0.3218518053458703,False,False,-0.31923718184802347,2.0368807512467737,-1.2191886981727238,False
5.704,-1.2225054909224409,-7.746073749463305,2.0368807512467737,-1.2191886981727238,-1.2209131169992782,-0.003316792749717079,-0.0015923739231626932,-0.00019108487077952317,-0.0048431152989256475,-0.31774381336136776,-0.32277801353107294,-0.32277801353107294,False,False,-0.32049962232408785,2.0344110718186745,-1.2348397140494871,False
5.706,-1.2379780095610249,-7.726403658030549,2.0344110718186745,-1.2348397140494871,-1.2358652834302608,-0.0031382955115377698,-0.0021127261307640754,-0.00025352713569168903,-0.004845650570282564,-0.31899708131080245,-0.3240962590167767,-0.3240962590167767,False,False,-0.3218518053458703,2.0319101513304134,-1.250460244130569,False
5.708,-1.2534109408406857,-7.706486496042142,2.0319101513304134,-1.250460244130569,-1.24981319942617,-0.002950696710116718,-0.0035977414145156317,-0.00043172896974187576,-0.004849967859979983,-0.3202415238641157,-0.32552322069383754,-0.32552322069383754,False,False,-0.32277801353107294,2.029378139282174,-1.2660060241195612,False
5.71,-1.2688037912559067,-7.686322900397788,2.029378139282174,-1.2660060241195612,-1.2653991212485418,-0.002797767136345497,-0.003404670007364885,-0.00040856040088378616,-0.004854053463988821,-0.3214771012272297,-0.3267397150921023,-0.3267397150921023,False,False,-0.3240962590167767,2.026815101438234,-1.2815189219702565,False
5.712,-1.2841560685828441,-7.665913515877516,2.026815101438234,-1.2815189219702565,-1.2838131592154998,-0.0026371466125876264,-0.0003429093673443795,-4.114912408132554e-05,-0.004854464955229634,-0.32270377388955224,-0.3275993879688632,-0.3275993879688632,False,False,-0.32552322069383754,2.024221080074784,-1.297010681724941,False
5.714,-1.299467281895087,-7.645258995121038,2.024221080074784,-1.297010681724941,-1.2945168853818951,-0.0024566001701460394,-0.004950396513191846,-0.0005940475815830215,-0.004860405431045465,-0.32392150262524105,-0.32937595563786953,-0.32937595563786953,False,False,-0.3267397150921023,2.02159616107498,-1.3124594999019603,False
5.716,-1.314736941579318,-7.624359998606937,2.02159616107498,-1.3124594999019603,-1.3148710499789762,-0.002277441677357661,0.00013410839965821708,1.609300795898605e-05,-0.004860244500965875,-0.3251302484944555,-0.32997439998746236,-0.32997439998746236,False,False,-0.3275993879688632,2.018940504096042,-1.3278284894690697,False
5.718,-1.3299645593510359,-7.603217194631449,2.018940504096042,-1.3278284894690697,-1.3272483197704779,-0.0021360698819661295,-0.0027162395805579997,-0.00032594874966695997,-0.004863503988462545,-0.326329972844607,-0.3315194255827365,-0.3315194255827365,False,False,-0.32937595563786953,2.0162540750427684,-1.3432145266367979,False
5.72,-1.3451496482700938,-7.5818312592871955,2.0162540750427684,-1.3432145266367979,-1.3451160729169231,-0.0019351216332958998,-3.357535317061178e-05,-4.029042380473413e-06,-0.00486354427888635,-0.3275206373115889,-0.33238821063285573,-0.33238821063285573,False,False,-0.32997439998746236,2.013537086893118,-1.358494074825163,False
5.722,-1.3602917227563465,-7.560202876441468,2.013537086893118,-1.358494074825163,-1.3576070807498932,-0.0017976479311834215,-0.0026846420064532417,-0.000322157040774389,-0.004866765849294094,-0.32870220382100956,-0.33389112671107807,-0.33389112671107807,False,False,-0.3315194255827365,2.0107895520701224,-1.3737674114976592,False
5.724,-1.3753902986051023,-7.538332737714457,2.0107895520701224,-1.3737674114976592,-1.3729057089600012,-0.0016228871074430717,-0.0024845896451011207,-0.0002981507574121345,-0.004869747356868215,-0.3298746345894034,-0.3350425327036838,-0.3350425327036838,False,False,-0.33238821063285573,2.008011624464617,-1.3889638027526792,False
5.726,-1.3904448930026718,-7.516221542457047,2.008011624464617,-1.3889638027526792,-1.3896998684251478,-0.001481090249992656,-0.0007450245775240116,-8.940294930288139e-05,-0.004870641386361244,-0.33103789212544493,-0.33599793646110904,-0.33599793646110904,False,False,-0.33389112671107807,2.0052033234889755,-1.4041504878208828,False
5.728,-1.4054550245417807,-7.49386999772849,2.0052033234889755,-1.4041504878208828,-1.4085241279193927,-0.0013045367208979197,0.0030691033776120147,0.00036829240531344176,-0.00486695846230811,-0.3321919392311448,-0.3366906052881395,-0.3366906052881395,False,False,-0.3350425327036838,2.0023647419481683,-1.419290770403562,False
5.73,-1.4204202132369335,-7.471278818273837,2.0023647419481683,-1.419290770403562,-1.4195977032996694,-0.0011294428333714635,-0.000822509937264071,-9.87011924716885e-05,-0.004867945474232827,-0.3333367390030375,-0.338303385669742,-0.338303385669742,False,False,-0.33599793646110904,1.999496012669672,-1.4343646392481992,False
5.732,-1.4353399805398295,-7.448448726500989,1.999496012669672,-1.4343646392481992,-1.4352977522318895,-0.0009753412916302384,-4.222830793998433e-05,-5.06739695279812e-06,-0.004867996148202355,-0.33447225483336646,-0.3393453183785216,-0.3393453183785216,False,False,-0.3366906052881395,1.9965973220372686,-1.4493453162016554,False
5.734,-1.4502138493545897,-7.4253804524577065,1.9965973220372686,-1.4493453162016554,-1.4509445646367929,-0.0008685331529343365,0.0007307152822031426,8.768583386437711e-05,-0.004867119289863712,-0.33559845041124875,-0.3403778838672481,-0.3403778838672481,False,False,-0.338303385669742,1.993668661714914,-1.4643301611773591,False
5.736,-1.46504134405308,-7.402074733808163,1.993668661714914,-1.4643301611773591,-1.4637478279545884,-0.0007111828757209171,-0.0012935160984917093,-0.0001552219318190051,-0.004868671509181901,-0.33671528972384146,-0.34173918316484236,-0.34173918316484236,False,False,-0.3393453183785216,1.990710142993375,-1.4792593607695432,False
5.738,-1.47982199049009,-7.378532315809403,1.990710142993375,-1.4792593607695432,-1.4807511703005998,-0.0005626297205467701,0.0009291798105097726,0.0001115015772611727,-0.0048675564934092894,-0.3378227370574909,-0.342578791973639,-0.342578791973639,False,False,-0.3403778838672481,1.9877218779014372,-1.4941325459688204,False
5.74,-1.4945553160184697,-7.354753951287549,1.9877218779014372,-1.4941325459688204,-1.4962627705073497,-0.0004227700496493014,0.0017074544888799892,0.0002048945386655987,-0.004865507548022633,-0.3389207569988727,-0.34358137000822975,-0.34358137000822975,False,False,-0.34173918316484236,1.984703908399634,-1.50898475090155,False
5.742,-1.5092408495043068,-7.3307404006136325,1.984703908399634,-1.50898475090155,-1.5073076078974763,-0.00025609860275688234,-0.0019332416068305047,-0.00023198899281966055,-0.00486782743795083,-0.34000931443612914,-0.34510913086689965,-0.34510913086689965,False,False,-0.342578791973639,1.9816563852288906,-1.5237615853717277,False
5.744,-1.523878121341919,-7.306492431679391,1.9816563852288906,-1.5237615853717277,-1.523735361818177,-0.00011653597019134487,-0.00014275952374198653,-1.7131142849038383e-05,-0.00486799874937932,-0.34108837455998625,-0.3459735044522146,-0.3459735044522146,False,False,-0.34358137000822975,1.9785794233473055,-1.5384809407926021,False
5.746,-1.5384666634689452,-7.282010819872599,1.9785794233473055,-1.5384809407926021,-1.5391233986966437,1.4277323656886054e-05,0.0006567352276984906,7.880822732381886e-05,-0.004867210667106082,-0.3421579028648725,-0.34694630530465476,-0.34694630530465476,False,False,-0.34510913086689965,1.975473026476212,-1.5531984355467463,False
5.748,-1.553006009381237,-7.257296348052388,1.975473026476212,-1.5531984355467463,-1.556325097950882,0.00019242616550929625,0.0033190885696450234,0.00039829062835740277,-0.004863227760822508,-0.3432178651500169,-0.347682802282482,-0.347682802282482,False,False,-0.3459735044522146,1.972337337208941,-1.5678446336354328,False
5.75,-1.5674956941478437,-7.232349806524111,1.972337337208941,-1.5678446336354328,-1.5677014246789334,0.0003489394875890728,0.0002057305310896318,2.4687663730755815e-05,-0.0048629808841852,-0.3442682275205469,-0.34910652074100135,-0.34910652074100135,False,False,-0.34694630530465476,1.9691724738666219,-1.582431671159592,False
5.752,-1.581935254425841,-7.207171993014131,1.9691724738666219,-1.582431671159592,-1.5814523213338005,0.000496416733751115,-0.00048293309204039403,-5.795197104484728e-05,-0.004863560403895649,-0.34530895638857045,-0.35023046876351094,-0.35023046876351094,False,False,-0.347682802282482,1.9659786029515172,-1.5969354575523704,False
5.7540000000000004,-1.596324228475165,-7.181763712644275,1.9659786029515172,-1.5969354575523704,-1.597267694602269,0.0006112290772053441,0.0009434661271039424,0.00011321593525247309,-0.004862428244543124,-0.34634001847425017,-0.3510892307835408,-0.3510892307835408,False,False,-0.34910652074100135,1.9627557452316753,-1.6114288599209923,False
5.756,-1.6106621561733534,-7.156125777906144,1.9627557452316753,-1.6114288599209923,-1.6120992859042687,0.0007667037476388749,0.0014371297309152542,0.0001724555677098305,-0.004860703688866026,-0.3473613808068667,-0.3520496289280229,-0.3520496289280229,False,False,-0.35023046876351094,1.9595039840185857,-1.6258806065447466,False
5.758,-1.6249485790302738,-7.1302590086350985,1.9595039840185857,-1.6258806065447466,-1.6249410355817557,0.0009320275144728551,-7.543448518054774e-06,-9.052138221665728e-07,-0.004860712741004247,-0.3483730107258739,-0.3532346286807003,-0.3532346286807003,False,False,-0.3510892307835408,1.9562234572376502,-1.6402633904677235,False
5.76,-1.6391830402028047,-7.104164231984002,1.9562234572376502,-1.6402633904677235,-1.6381038501328706,0.0010803502649188168,-0.0010791900699340662,-0.00012950280839208795,-0.004862007769088168,-0.3493748758819443,-0.3543663864594246,-0.3543663864594246,False,False,-0.3520496289280229,1.9529142800154466,-1.654588611101828,False
5.7620000000000005,-1.653365084509426,-7.07784228239681,1.9529142800154466,-1.654588611101828,-1.657169950930339,0.0012235265924018801,0.0038048664209129335,0.000456583970509552,-0.004857441929383073,-0.35036694423800263,-0.35476780219687615,-0.35476780219687615,False,False,-0.3532346286807003,1.9495765191814665,-1.6688804169901403,False
5.764,-1.6674942584447476,-7.05129400158194,1.9495765191814665,-1.6688804169901403,-1.6713531814122444,0.0013861585453927017,0.0038589229674967918,0.000463070756099615,-0.004852811221822077,-0.3513491840702481,-0.35573892453597056,-0.35573892453597056,False,False,-0.3543663864594246,1.9462102519793514,-1.6831336010575104,False
5.766,-1.6815701101940652,-7.024520238485246,1.9462102519793514,-1.6831336010575104,-1.6819122325840414,0.001563490863445205,0.00034212238997621824,4.105468679714619e-05,-0.004852400674954105,-0.3523215639691731,-0.35713290995733005,-0.35713290995733005,False,False,-0.35476780219687615,1.942815707736765,-1.6972721212931725,False
5.768,-1.6955921896477806,-6.9975218492629265,1.942815707736765,-1.6972721212931725,-1.696722783239584,0.00167993164539193,0.0011305935918033416,0.000135671231016401,-0.004851043962643941,-0.3532840528405649,-0.35799942557219244,-0.35799942557219244,False,False,-0.35573892453597056,1.9393929939640342,-1.7113568863653694,False
5.7700000000000005,-1.7095600484157687,-6.9702996972542,1.9393929939640342,-1.7113568863653694,-1.7138265777310233,0.001796837949600727,0.004266529315254619,0.0005119835178305543,-0.004845924127465636,-0.3542366199064989,-0.358570560516134,-0.358570560516134,False,False,-0.35713290995733005,1.935942128442292,-1.725432760871144,False
5.772,-1.7234732398417794,-6.942854652953577,1.935942128442292,-1.725432760871144,-1.7239491016732298,0.001959521029364586,0.00047586183145043037,5.7103419774051645e-05,-0.004845353093267895,-0.35517923470632684,-0.3599674843798207,-0.3599674843798207,False,False,-0.35799942557219244,1.9324632392090642,-1.7394446166138677,False
5.774,-1.7373313190176471,-6.915187593983156,1.9324632392090642,-1.7394446166138677,-1.735310487616164,0.002113297596220587,-0.0020208314014831252,-0.00024249976817797503,-0.004847778090949675,-0.3561118670976457,-0.36120214495677333,-0.36120214495677333,False,False,-0.358570560516134,1.9289565147468406,-1.753362231111812,False
5.776,-1.7511338427975822,-6.887299405064449,1.9289565147468406,-1.753362231111812,-1.7542197359187854,0.002228388314229779,0.0030858931212032203,0.00037030717454438644,-0.004844075019204232,-0.35703448725726633,-0.3615082551019262,-0.3615082551019262,False,False,-0.3599674843798207,1.9254219685463163,-1.7672731002621038,False
5.7780000000000005,-1.764880369812313,-6.859190977990128,1.9254219685463163,-1.7672731002621038,-1.767632176303667,0.0023927304497908253,0.002751806491354092,0.000330216778962491,-0.0048407728514146065,-0.3579470656821649,-0.362457621754617,-0.362457621754617,False,False,-0.36120214495677333,1.9218596479277148,-1.7811603093007513,False
5.78,-1.7785704604831754,-6.8308632115955765,1.9218596479277148,-1.7811603093007513,-1.783431218115731,0.002589848817575957,0.004860757632555668,0.0005832909159066801,-0.00483493994225554,-0.3588495731904249,-0.3631012222167737,-0.3631012222167737,False,False,-0.3615082551019262,1.9182697941289644,-1.7949268993752554,False
5.782,-1.792203677036228,-6.802317011730011,1.9182697941289644,-1.7949268993752554,-1.797621800150401,0.0027232223390274424,0.005418123114173001,0.0006501747737007601,-0.004828438194518532,-0.35974198092217385,-0.36392024434299164,-0.36392024434299164,False,False,-0.362457621754617,1.914652511038414,-1.8086415452751066,False
5.784,-1.8057795835161847,-6.773553291227662,1.914652511038414,-1.8086415452751066,-1.8066988238101043,0.0028619617589218382,0.0009192402939195432,0.00011030883527034517,-0.004827335106165829,-0.3606242603405022,-0.3653412866113977,-0.3653412866113977,False,False,-0.3631012222167737,1.911007965429582,-1.822272804416086,False
5.7860000000000005,-1.8192977458004218,-6.74457296987844,1.911007965429582,-1.822272804416086,-1.8221960537986102,0.002975058615664272,0.002898307998188354,0.0003477969597826025,-0.004823857136568003,-0.36149638323238004,-0.36597244340916546,-0.36597244340916546,False,False,-0.36392024434299164,1.9073362855093718,-1.8358399601050026,False
5.788,-1.8327577316127934,-6.715376974398667,1.9073362855093718,-1.8358399601050026,-1.8376057819010152,0.0030822284922091825,0.004848050288221772,0.0005817660345866127,-0.004818039476222137,-0.36235832170955495,-0.36659459515119047,-0.36659459515119047,False,False,-0.3653412866113977,1.903637472012583,-1.8494067483943792,False
5.79,-1.846159110537512,-6.685966238401315,1.903637472012583,-1.8494067483943792,-1.8513051737046495,0.0032476378568673248,0.005146063167137616,0.0006175275800565139,-0.004811864200421572,-0.3632100482094474,-0.36740438482981247,-0.36740438482981247,False,False,-0.36597244340916546,1.8999116910674931,-1.8628904725449642,False
5.792,-1.8595014540328811,-6.656341702366227,1.8999116910674931,-1.8628904725449642,-1.861376029263412,0.003389018512083064,0.0018745752305309171,0.00022494902766371006,-0.004809614710144934,-0.3640515354960305,-0.3686362011785117,-0.3686362011785117,False,False,-0.36659459515119047,1.896159108861707,-1.8762911028931137,False
5.7940000000000005,-1.8727843354450133,-6.62650431361,1.896159108861707,-1.8762911028931137,-1.8736733240932075,0.003506767448100412,0.0008889886481942,0.00010667863778330399,-0.004808547923767102,-0.3648827566607012,-0.369584625946685,-0.369584625946685,False,False,-0.36740438482981247,1.8923798504645766,-1.889629198565198,False
5.796,-1.8860073300214486,-6.596455026255755,1.8923798504645766,-1.889629198565198,-1.8891891936659246,0.0036218685437494624,0.003181863644476035,0.0003818236373371242,-0.00480472968739373,-0.36570368512313983,-0.37012659117319646,-0.37012659117319646,False,False,-0.3686362011785117,1.8885739511983697,-1.9029496331034506,False
5.798,-1.8991700149247555,-6.566194801202584,1.8885739511983697,-1.9029496331034506,-1.9051799064229613,0.003779618178695099,0.006009891498205855,0.0007211869797847026,-0.004797517817595884,-0.36651429463216106,-0.37059062546997223,-0.37059062546997223,False,False,-0.369584625946685,1.8847415053390713,-1.9162229296492317,False
5.8,-1.912271969246067,-6.53572460609479,1.8847415053390713,-1.9162229296492317,-1.918294249912176,0.003950960403164672,0.006022280666108992,0.0007226736799330791,-0.004790291080796553,-0.367314559266554,-0.37138217666741746,-0.37138217666741746,False,False,-0.37012659117319646,1.8808826912386367,-1.9294070502172305,False
5.8020000000000005,-1.9253127740185239,-6.505045415290977,1.8808826912386367,-1.9294070502172305,-1.9278907561248932,0.0040942761987066145,0.002577982106369392,0.00030935785276432705,-0.00478719750226891,-0.3681044534359104,-0.372582293085415,-0.372582293085415,False,False,-0.37059062546997223,1.8769977016070063,-1.9424948158152269,False
5.804,-1.9382920122306484,-6.474158209832954,1.8769977016070063,-1.9424948158152269,-1.9415134463216979,0.004202803584578474,0.0032214340910494688,0.0003865720909259362,-0.004783331781359651,-0.36888395188144146,-0.3732807115718752,-0.3732807115718752,False,False,-0.37138217666741746,1.8730866584537211,-1.955521576642545,False
5.806,-1.9512092688397282,-6.443063977414246,1.8730866584537211,-1.955521576642545,-1.957560501151619,0.004312307802816662,0.006351232311890831,0.0007621478774268997,-0.004775710302585382,-0.3696530296767882,-0.3736665921019467,-0.3736665921019467,False,False,-0.372582293085415,1.869149596893696,-1.9685307800126137,False
5.808,-1.9640641307850626,-6.411763712348568,1.869149596893696,-1.9685307800126137,-1.9676419549935273,0.004466649227551134,0.0035778242084647527,0.0004293389050157703,-0.004771416913535225,-0.3704116622288174,-0.3747537402373368,-0.3747537402373368,False,False,-0.3732807115718752,1.8651866567110644,-1.98147009131579,False
5.8100000000000005,-1.9768561870011485,-6.3802584155380915,1.8651866567110644,-1.98147009131579,-1.984646536719468,0.0046139043146415926,0.007790349718319378,0.0009348419661983254,-0.004762068493873241,-0.3711598252784066,-0.3749870518060815,-0.3749870518060815,False,False,-0.3736665921019467,1.8611980415985134,-1.9943075562755501,False
5.812,-1.989585028430881,-6.348549094441294,1.8611980415985134,-1.9943075562755501,-1.9899588927690282,0.0047225278446692,0.00037386433814723397,4.486372057766807e-05,-0.004761619856667464,-0.3718974949012227,-0.3766142510373125,-0.3766142510373125,False,False,-0.3747537402373368,1.857183806164413,-2.007117717050161,False
5.814,-2.0022502480385684,-6.31663676304091,1.857183806164413,-2.007117717050161,-2.00685395276527,0.004867469011592629,0.004603704726701352,0.0005524445672041622,-0.004756095410995423,-0.3726246475084839,-0.37682829835227516,-0.37682829835227516,False,False,-0.3749870518060815,1.853144183209677,-2.01981147736801,False
5.816,-2.0148514408230085,-6.284522441811358,1.853144183209677,-2.01981147736801,-2.019907145087604,0.004960036545001323,0.005055704264595562,0.0006066845117514674,-0.004750028565877908,-0.37334125984771693,-0.37748460390184335,-0.37748460390184335,False,False,-0.3766142510373125,1.8490791110966662,-2.032536056505407,False
5.8180000000000005,-2.027388203830409,-6.252207157686176,1.8490791110966662,-2.032536056505407,-2.031739570982153,0.005147852674997733,0.00435136715174389,0.0005221640582092668,-0.0047448069252958155,-0.3740473090034991,-0.37826995187058565,-0.37826995187058565,False,False,-0.37682829835227516,1.8449888247785395,-2.0451431590633997,False
5.82,-2.0398601361672553,-6.21969194402524,1.8449888247785395,-2.0451431590633997,-2.0480012788273427,0.0052830228961444625,0.008141142660087475,0.000976937119210497,-0.004735037554103711,-0.3747427723981898,-0.37850087283308304,-0.37850087283308304,False,False,-0.37748460390184335,1.8408734640168891,-2.0576803808252535,False
5.822,-2.052266839013182,-6.186977840581574,1.8408734640168891,-2.0576803808252535,-2.055957075404683,0.005413541812071543,0.0036902363915012337,0.000442828366980148,-0.00473060927043391,-0.37542762779265587,-0.37971540869610965,-0.37971540869610965,False,False,-0.37826995187058565,1.8367331400154352,-2.070162000726986,False
5.824,-2.0646079156336627,-6.154065893468274,1.8367331400154352,-2.070162000726986,-2.064902206454316,0.005554085093323113,0.0002942908206531314,3.5314898478375766e-05,-0.004730256121449126,-0.37610185328697887,-0.38079679450994963,-0.38079679450994963,False,False,-0.37850087283308304,1.8325680788520748,-2.082530581680198,False
5.8260000000000005,-2.076882971392763,-6.120957155124884,1.8325680788520748,-2.082530581680198,-2.08221947986927,0.00564761028743499,0.005336508476506907,0.0006403810171808288,-0.004723852311277318,-0.37676542732115914,-0.3808488986152556,-0.3808488986152556,False,False,-0.37971540869610965,1.8283782981509387,-2.094890350568124,False
5.828,-2.089091613765693,-6.087652684283907,1.8283782981509387,-2.094890350568124,-2.09407980162606,0.005798736802430593,0.004988187860366811,0.0005985825432440172,-0.004717866485844878,-0.3774183286758015,-0.38153761261840236,-0.38153761261840236,False,False,-0.38079679450994963,1.8241638432239493,-2.1072274634946426,False
5.83,-2.101233452351417,-6.054153545936812,1.8241638432239493,-2.1072274634946426,-2.1087448768100265,0.00599401114322573,0.007511424458609639,0.0009013709350331567,-0.004708852776494546,-0.3780605364727971,-0.3818680183142585,-0.3818680183142585,False,False,-0.3808488986152556,1.8199249744158836,-2.119434404032885,False
5.832,-2.113308098885104,-6.020460811300049,1.8199249744158836,-2.119434404032885,-2.1183951723136993,0.006126305147780897,0.005087073428595268,0.0006104488114314321,-0.004702748288380232,-0.378692030175989,-0.3827843296529378,-0.3827843296529378,False,False,-0.38153761261840236,1.8156618159036846,-2.131579256099521,False
5.8340000000000005,-2.12531516725056,-5.986575557780766,1.8156618159036846,-2.131579256099521,-2.1298021514454395,0.006264088848960903,0.004486984194879362,0.0005384381033855235,-0.004697363907346376,-0.37931278959183007,-0.38347171539579095,-0.38347171539579095,False,False,-0.3818680183142585,1.8113745655287106,-2.14362518748706,False
5.836,-2.137254273492554,-5.952498868942407,1.8113745655287106,-2.14362518748706,-2.1431952974984805,0.006370913994506289,0.005941024005926554,0.0007129228807111864,-0.004690234678539264,-0.3799227948700272,-0.3839001066678553,-0.3839001066678553,False,False,-0.3827843296529378,1.8070632962690572,-2.1556346298267632,False
5.838,-2.1491250358291065,-5.918231834470032,1.8070632962690572,-2.1556346298267632,-2.1541710064870854,0.006509593997656715,0.005045970657978849,0.0006055164789574619,-0.00468417951374969,-0.38052202650417716,-0.38460068953896936,-0.38460068953896936,False,False,-0.38347171539579095,1.8027281282374237,-2.1675840158167885,False
5.84,-2.160927074663719,-5.883775550135417,1.8027281282374237,-2.1675840158167885,-2.1655938009628795,0.006656941153069695,0.004666726299160651,0.000560007155899278,-0.004678579442190697,-0.38111046533239074,-0.38522903761868216,-0.38522903761868216,False,False,-0.3839001066678553,1.7983692344593452,-2.179446889039272,False
5.8420000000000005,-2.17266001259749,-5.849131117762068,1.7983692344593452,-2.179446889039272,-2.179251932529118,0.006786876441781775,0.006591919931627999,0.0007910303917953598,-0.004670669138272744,-0.38168809253790514,-0.38556773128438254,-0.38556773128438254,False,False,-0.38460068953896936,1.7939867290614437,-2.1912526989506538,False
5.844,-2.18432347444117,-5.8142996451900455,1.7939867290614437,-2.1912526989506538,-2.192202955350324,0.006929224509483856,0.007879480909154246,0.0009455377090985095,-0.004661213761181758,-0.3822548896496844,-0.38597056570176763,-0.38597056570176763,False,False,-0.38522903761868216,1.7895807400416175,-2.202994509913118,False
5.846,-2.195917087227194,-5.779282246240408,1.7895807400416175,-2.202994509913118,-2.1998217993764846,0.007077422685923818,0.0039047121492905568,0.0004685654579148668,-0.00465652810660261,-0.38281083854301207,-0.3869988011916998,-0.3869988011916998,False,False,-0.38556773128438254,1.7851514546440883,-2.2146426987645365,False
5.848,-2.207440480221594,-5.744080040679664,1.7851514546440883,-2.2146426987645365,-2.2158686362712037,0.00720221854294234,0.008428156049609559,0.001011378725953147,-0.004646414319343078,-0.3833559214400701,-0.38699095703346004,-0.38699095703346004,False,False,-0.38597056570176763,1.7806990446235789,-2.2262050102547004,False
5.8500000000000005,-2.2188932849358274,-5.7086941541840295,1.7806990446235789,-2.2262050102547004,-2.2284866001918573,0.00731172531887303,0.00959331525602991,0.0011511978307235892,-0.004634902341035842,-0.38389012091050584,-0.3873738254208181,-0.3873738254208181,False,False,-0.3869988011916998,1.7762235488880118,-2.237747867783521,False
5.852,-2.230275135138612,-5.673125718303278,1.7762235488880118,-2.237747867783521,-2.2373207489919964,0.007472732644909108,0.007045613853384314,0.0008454736624061176,-0.004626447604411781,-0.38441341987199223,-0.3881943938139979,-0.3881943938139979,False,False,-0.38699095703346004,1.7717252228720504,-2.249163007980743,False
5.854,-2.241585666867581,-5.637375870424727,1.7717252228720504,-2.249163007980743,-2.247544081249465,0.007577341113162106,0.005958414381884047,0.0007150097258260856,-0.00461929750715352,-0.3849258015907711,-0.38883008937209856,-0.38883008937209856,False,False,-0.3873738254208181,1.7672042373872654,-2.2604927423924317,False
5.856,-2.252824518440971,-5.6014457537367255,1.7672042373872654,-2.2604927423924317,-2.2575515586015924,0.0076682239514607176,0.004727040160621421,0.0005672448192745704,-0.004613625058960774,-0.3854272496821907,-0.38947362992187695,-0.38947362992187695,False,False,-0.3881943938139979,1.7626606697132907,-2.27178383698734,False
5.8580000000000005,-2.2639913304691643,-5.565336517192149,1.7626606697132907,-2.27178383698734,-2.270391955817817,0.007792506518175646,0.0064006253486526,0.000768075041838312,-0.004605944308542391,-0.38591774811122853,-0.38975561737793263,-0.38975561737793263,False,False,-0.38883008937209856,1.7580946349924522,-2.283017360419232,False
5.86,-2.2750857458661637,-5.529049315471737,1.7580946349924522,-2.283017360419232,-2.2844116621809274,0.007931614553068123,0.00932591631476365,0.001119109957771638,-0.004594753208964675,-0.3863972811930034,-0.3898729244441964,-0.3898729244441964,False,False,-0.38947362992187695,1.7535062454585257,-2.2941947669632627,False
5.862,-2.2861074098610574,-5.492585308947008,1.7535062454585257,-2.2941947669632627,-2.290902941213046,0.008087357102205317,0.0047955313519887355,0.0005754637622386482,-0.004588998571342288,-0.38686583359327864,-0.3908793684023823,-0.3908793684023823,False,False,-0.38975561737793263,1.7488956878204551,-2.3052788190353266,False
5.864,-2.297055970009309,-5.455945663643335,1.7488956878204551,-2.3052788190353266,-2.3032553784590664,0.008222849026017442,0.006199408449757193,0.0007439290139708631,-0.004581559281202579,-0.38732339032895097,-0.3911610205961827,-0.3911610205961827,False,False,-0.3898729244441964,1.7442631812185827,-2.316253300936201,False
5.8660000000000005,-2.3079310762040834,-5.419131551202477,1.7442631812185827,-2.316253300936201,-2.3175745036636926,0.008322224732117522,0.00964342745960911,0.0011572112951530932,-0.004569987168251049,-0.3877699367685309,-0.39118271264162885,-0.39118271264162885,False,False,-0.3908793684023823,1.739608756199392,-2.3272125095952942,False
5.868,-2.3187323806873863,-5.382144148845295,1.739608756199392,-2.3272125095952942,-2.3264756884229647,0.008480128907907947,0.007743307735578409,0.000929196928269409,-0.004560695198968355,-0.38820545863260897,-0.3918369569033079,-0.3918369569033079,False,False,-0.3911610205961827,1.7349325947445273,-2.3380807274323216,False
5.87,-2.329459538061234,-5.344984639333948,1.7349325947445273,-2.3380807274323216,-2.3356572020419026,0.008621189371087468,0.006197663980668455,0.0007437196776802146,-0.004553258002191553,-0.38862994199431433,-0.3924394803188257,-0.3924394803188257,False,False,-0.39118271264162885,1.7302349312705265,-2.3488317370004337,False
5.872,-2.34011220529867,-5.307654210934164,1.7302349312705265,-2.3488317370004337,-2.349444292202527,0.00871953170176365,0.009332086903857117,0.001119850428462854,-0.004542059497906924,-0.3890433732797587,-0.39246558234920276,-0.39246558234920276,False,False,-0.3918369569033079,1.7255158651608113,-2.359533054857572,False
5.8740000000000006,-2.350690041754747,-5.270154057377194,1.7255158651608113,-2.359533054857572,-2.3600326291187734,0.008843013102825203,0.009342587364026489,0.0011211104836831786,-0.004530848393070093,-0.3894457392684709,-0.39285547717785785,-0.39285547717785785,False,False,-0.3924394803188257,1.7207755055365503,-2.3701798121305404,False
5.876,-2.361192709177401,-5.232485377821713,1.7207755055365503,-2.3701798121305404,-2.368994968839474,0.008987102953139203,0.007802259662072597,0.0009362711594487116,-0.0045214856814756055,-0.38983702709381945,-0.3934222416158463,-0.3934222416158463,False,False,-0.39246558234920276,1.7160140810215931,-2.3807122574786534,False
5.878,-2.3716198717182824,-5.19464937681542,1.7160140810215931,-2.3807122574786534,-2.381015376011993,0.00909238576037108,0.009395504293710832,0.0011274605152452998,-0.004510211076323153,-0.3902172242434237,-0.39359997480450154,-0.39359997480450154,False,False,-0.39285547717785785,1.7112317415484204,-2.3911697365863605,False
5.88,-2.3819711959435046,-5.156647264256482,1.7112317415484204,-2.3911697365863605,-2.3935327767195687,0.009198540642855857,0.011561580776064062,0.0013873896931276873,-0.004496337179391876,-0.39058631855955506,-0.3936952660458192,-0.3936952660458192,False,False,-0.3934222416158463,1.706428598364842,-2.401571591789206,False
5.882000000000001,-2.392246350844297,-5.118480255354885,1.706428598364842,-2.401571591789206,-2.399088275624028,0.009325240944909385,0.006841924779731112,0.0008210309735677334,-0.004488126869656199,-0.390944298239525,-0.39461139413561347,-0.39461139413561347,False,False,-0.39359997480450154,1.7016048429585848,-2.4118777031286176,False
5.884,-2.402445007847569,-5.0801495705936475,1.7016048429585848,-2.4118777031286176,-2.4103467663165854,0.00943269528104862,0.007901758469016418,0.0009482110162819701,-0.004478644759493379,-0.3912911518360617,-0.39482158557927316,-0.39482158557927316,False,False,-0.3936952660458192,1.6967606819755567,-2.4220804915139977,False
5.886,-2.4125668408264556,-5.041656435689653,1.6967606819755567,-2.4220804915139977,-2.4235408039225197,0.009513650687542174,0.010973963096064132,0.0013168755715276957,-0.004465476003778102,-0.39162686825767795,-0.39477546868992835,-0.39477546868992835,False,False,-0.39461139413561347,1.6918961479071537,-2.4322670342015495,False
5.888,-2.4226115261107273,-5.00300208155452,1.6918961479071537,-2.4322670342015495,-2.431947350767251,0.009655508090822273,0.009335824656523606,0.0011202989587828327,-0.004454273014190274,-0.39195143676902444,-0.39528541082443186,-0.39528541082443186,False,False,-0.39482158557927316,1.6870114207102997,-2.4423635984270318,False
5.89,-2.432578742497119,-4.964187744255319,1.6870114207102997,-2.4423635984270318,-2.441156072836673,0.009784855929912961,0.008577330339554212,0.0010292796407465055,-0.004443980217782808,-0.3922648469912328,-0.3956795475682691,-0.3956795475682691,False,False,-0.39477546868992835,1.6821067320343832,-2.452344337958248,False
5.892,-2.4424681712596494,-4.925214664974872,1.6821067320343832,-2.452344337958248,-2.4506209261126717,0.009876166698598698,0.008152754853022248,0.0009783305823626697,-0.004434196911959181,-0.39256708890224923,-0.3960229552318457,-0.3960229552318457,False,False,-0.39528541082443186,1.6771821945437273,-2.4622687453279366,False
5.894,-2.45227949615976,-4.886084089972264,1.6771821945437273,-2.4622687453279366,-2.458125806681341,0.009989249168176784,0.005846310521581355,0.0007015572625897625,-0.004427181339333284,-0.39285815283715275,-0.3965837769138963,-0.3965837769138963,False,False,-0.3956795475682691,1.6722379439136645,-2.4721253150313838,False
5.896,-2.4620124034564714,-4.846797270542809,1.6722379439136645,-2.4721253150313838,-2.47162055787283,0.010112911574912342,0.009608154416358428,0.0011529785299630112,-0.0044156515540336545,-0.3931380294884661,-0.39640070251253673,-0.39640070251253673,False,False,-0.3960229552318457,1.6672741249506244,-2.4819094815199962,False
5.898,-2.4716665819163923,-4.807355462978149,1.6672741249506244,-2.4819094815199962,-2.483789034899636,0.010242899603603917,0.012122452983243548,0.0014546943579892258,-0.0044011046104537625,-0.3934067099064524,-0.39635312015891694,-0.39635312015891694,False,False,-0.3965837769138963,1.6622908353427432,-2.49164480394058,False
5.9,-2.4812417228236843,-4.767759928526017,1.6622908353427432,-2.49164480394058,-2.4940548114390015,0.010403081116895585,0.01281308861531727,0.0015375706338380723,-0.004385728904115382,-0.3936641854994018,-0.3965123437696791,-0.3965123437696791,False,False,-0.39640070251253673,1.6572883274756312,-2.501253933556073,False
5.902,-2.4907375199899127,-4.728011933349991,1.6572883274756312,-2.501253933556073,-2.4983765871633907,0.010516413566160399,0.007639067173478065,0.0009166880608173678,-0.004376562023507208,-0.3939104480339054,-0.3973703219965952,-0.3973703219965952,False,False,-0.39635312015891694,1.652266822588349,-2.510752443641066,False
5.904,-2.5001536697638547,-4.688112748488949,1.652266822588349,-2.510752443641066,-2.508947178663487,0.010598773877211531,0.008793508899632485,0.0010552210679558981,-0.004366009812827649,-0.39414548963511953,-0.39745627837999126,-0.39745627837999126,False,False,-0.3965123437696791,1.6472264961827248,-2.520163202812092,False
5.906,-2.5094898710412163,-4.648063649816379,1.6472264961827248,-2.520163202812092,-2.519066334954226,0.010673331770875816,0.009576463913009814,0.0011491756695611777,-0.0043545180561320364,-0.39436930278701726,-0.3975746451735881,-0.3975746451735881,False,False,-0.3973703219965952,1.6421673755124038,-2.5295603351605145,False
5.908,-2.5187458252742525,-4.607865917999629,1.6421673755124038,-2.5295603351605145,-2.5309688803410384,0.01081450988626198,0.012223055066785893,0.001466766608014307,-0.004339850390051894,-0.39458188033262853,-0.39745496411466613,-0.39745496411466613,False,False,-0.39745627837999126,1.6370896491923423,-2.5388631600306883,False
5.91,-2.5279212364812955,-4.567520838459025,1.6370896491923423,-2.5388631600306883,-2.538786171710867,0.010941923549392829,0.010864935229571326,0.0013037922275485592,-0.004326812467776408,-0.3947832154742689,-0.39780623571449675,-0.39780623571449675,False,False,-0.3975746451735881,1.6319934969772434,-2.5480761075494742,False
5.912,-2.5370158112562526,-4.527029701326622,1.6319934969772434,-2.5480761075494742,-2.546095056414889,0.011060296293221583,0.00907924515863634,0.0010895094190363607,-0.004315917373586045,-0.3949733017737576,-0.3981997097283073,-0.3981997097283073,False,False,-0.39745496411466613,1.6268791464927632,-2.557175242240097,False
5.914,-2.546029258777974,-4.486393801405022,1.6268791464927632,-2.557175242240097,-2.558742616637084,0.01114598346212281,0.012713357859110097,0.0015256029430932116,-0.004300661344155112,-0.3951521331526227,-0.3979271915536846,-0.3979271915536846,False,False,-0.39780623571449675,1.6217467242449506,-2.566211123906318,False
5.916,-2.5549612908195396,-4.445614438126019,1.6217467242449506,-2.566211123906318,-2.567469787501677,0.011249833086778516,0.012508496682137604,0.0015010196018565125,-0.004285651148136547,-0.3953197038922957,-0.39810433543857576,-0.39810433543857576,False,False,-0.3981997097283073,1.616596346511953,-2.5751888664987503,False
5.918,-2.5638116217574862,-4.404692915508997,1.616596346511953,-2.5751888664987503,-2.573529854037204,0.011377244741264114,0.009718232279717576,0.001166187873566109,-0.004273989269400886,-0.3954760086342943,-0.39858381003012905,-0.39858381003012905,False,False,-0.3979271915536846,1.6114282677519935,-2.5840393799797607,False
5.92,-2.5725799685809556,-4.36363054211918,1.6114282677519935,-2.5840393799797607,-2.5855481266109437,0.01145941139880513,0.012968158029988075,0.0015561789635985689,-0.0042584274797649,-0.39562104238039425,-0.3983232908965606,-0.3983232908965606,False,False,-0.39810433543857576,1.6062426454669434,-2.592811142525084,False
5.922,-2.581266050900724,-4.322428631025866,1.6062426454669434,-2.592811142525084,-2.5913985277688787,0.011545091624360015,0.010132476868154772,0.0012158972241785725,-0.004246268507523115,-0.3957548004927887,-0.39878517177613326,-0.39878517177613326,False,False,-0.39858381003012905,1.6010395721193085,-2.6015366738174706,False
5.924,-2.5898695909581804,-4.281088499760379,1.6010395721193085,-2.6015366738174706,-2.60033036921864,0.01166708285929019,0.010460778260459769,0.0012552933912551721,-0.0042337155736105634,-0.3958772786942365,-0.3988557008765919,-0.3988557008765919,False,False,-0.3983232908965606,1.595819294109365,-2.61013900497173,False
5.926,-2.5983903136341886,-4.2396114702740535,1.595819294109365,-2.61013900497173,-2.6131405142418314,0.011748691337541306,0.01475020060764276,0.0017700240729171311,-0.004216015332881392,-0.3959884730681992,-0.39843446432816343,-0.39843446432816343,False,False,-0.39878517177613326,1.5905819038584543,-2.6186951254553485,False
5.928,-2.60682794645792,-4.197998868895769,1.5905819038584543,-2.6186951254553485,-2.621931281365342,0.011867178997428507,0.015103334907422106,0.0018124001888906527,-0.004197891330992486,-0.3960883800589661,-0.398473871201068,-0.398473871201068,False,False,-0.3988557008765919,1.5853275747207205,-2.627164568866861,False
5.93,-2.6151822196155257,-4.156252026289753,1.5853275747207205,-2.627164568866861,-2.627247680175215,0.011982349251335123,0.012065460559689267,0.001447855267162712,-0.004183412778320858,-0.39617699647176813,-0.3989125539829263,-0.3989125539829263,False,False,-0.39843446432816343,1.5800565811199843,-2.6354968003680863,False
5.932,-2.623452865958805,-4.114372277412817,1.5800565811199843,-2.6354968003680863,-2.6347778855506148,0.01204393440928131,0.01132501959180976,0.001359002351017171,-0.004169822754810686,-0.39625431947287987,-0.39906513987667336,-0.39906513987667336,False,False,-0.398473871201068,1.5747690980047329,-2.643741557625731,False
5.934,-2.6316396210137087,-4.072360961471879,1.5747690980047329,-2.643741557625731,-2.6442230240321583,0.01210193661202208,0.012583403018449513,0.0015100083622139415,-0.004154722671188547,-0.3963203465897102,-0.39896506089868483,-0.39896506089868483,False,False,-0.3989125539829263,1.56946521479202,-2.651941606356349,False
5.936,-2.639742222988829,-4.030219421880957,1.56946521479202,-2.651941606356349,-2.6501267074672494,0.0121993833675198,0.01038448447842022,0.0012461381374104263,-0.004142261289814443,-0.3963750757108814,-0.3992711988632854,-0.3992711988632854,False,False,-0.39906513987667336,1.5641450798244179,-2.660067483801075,False
5.938,-2.6477604127837555,-3.987949006218309,1.5641450798244179,-2.660067483801075,-2.6627481074574697,0.012307071017319426,0.014987694673714191,0.001798523360845703,-0.004124276056205986,-0.3964185050862967,-0.398744257781657,-0.398744257781657,False,False,-0.39896506089868483,1.558808892721575,-2.6680935514213364,False
5.94,-2.655693933997364,-3.9455510661832975,1.558808892721575,-2.6680935514213364,-2.663702631324831,0.01239961742397222,0.008008697327466674,0.0009610436792960008,-0.004114665619413026,-0.3964506333271962,-0.39960425526731325,-0.39960425526731325,False,False,-0.3992711988632854,1.5534567658470377,-2.676063437268715,False
5.942,-2.6635425329360083,-3.9030269575532364,1.5534567658470377,-2.676063437268715,-2.6762438237334605,0.012520904332706806,0.012701290797452192,0.001524154895694263,-0.004099424070456084,-0.3964714594062012,-0.399046728580963,-0.399046728580963,False,False,-0.398744257781657,1.548088984775352,-2.683890535842804,False
5.944,-2.6713059586216343,-3.86037804013999,1.548088984775352,-2.683890535842804,-2.687564265815019,0.012584577221169457,0.016258307193384613,0.0019509968632061535,-0.004079914101824022,-0.3964809826573471,-0.39860989989596496,-0.39860989989596496,False,False,-0.39960425526731325,1.5427055415174833,-2.6917216289343315,False
5.946,-2.6789839627998226,-3.8176056777464322,1.5427055415174833,-2.6917216289343315,-2.6880490030938953,0.012737666134508885,0.009065040294072624,0.0010878048352887149,-0.0040690360534711345,-0.39647920277610477,-0.3994604339942872,-0.3994604339942872,False,False,-0.399046728580963,1.5373067250009582,-2.6994082582625896,False
5.948,-2.6865762999477143,-3.7747112381228907,1.5373067250009582,-2.6994082582625896,-2.698818909405892,0.01283195831487527,0.012242609458177789,0.0014691131349813347,-0.004054344922121321,-0.3964661198193904,-0.3990513516065304,-0.3990513516065304,False,False,-0.39860989989596496,1.531892795702896,-2.706964649031048,False
5.95,-2.694082727281846,-3.7316960929234906,1.531892795702896,-2.706964649031048,-2.7069097951394356,0.012881921749201997,0.01282706785758947,0.0015392481429107362,-0.004038952440692214,-0.39644173420556317,-0.3989414385033446,-0.3989414385033446,False,False,-0.3994604339942872,1.526463741663854,-2.7145270195210194,False
5.952,-2.7015030047659447,-3.6885616176621308,1.526463741663854,-2.7145270195210194,-2.7136470491108886,0.013024014755074642,0.012144044344943872,0.0014572853213932647,-0.004024379587478281,-0.39640604671441243,-0.39897314098049746,-0.39897314098049746,False,False,-0.3990513516065304,1.5210198148188216,-2.7219634225161453,False
5.954,-2.70883689511859,-3.6453091916685776,1.5210198148188216,-2.7219634225161453,-2.7220804635757965,0.013126527397555154,0.013243568457206312,0.0015892282148647573,-0.004008487305329634,-0.3963590584871327,-0.3987783175775976,-0.3987783175775976,False,False,-0.3989414385033446,1.5155612016872757,-2.7293065657730025,False
5.956,-2.7160841638207884,-3.601940198044416,1.5155612016872757,-2.7293065657730025,-2.7311203649474325,0.013222401952214025,0.015036201126644055,0.0018043441351972866,-0.003990443863977661,-0.39630077102628675,-0.3984868707550671,-0.3984868707550671,False,False,-0.39897314098049746,1.5100880570839765,-2.736572301649596,False
5.958,-2.723244579123486,-3.5584560236187626,1.5100880570839765,-2.736572301649596,-2.7396275857926056,0.013327722526110364,0.016383006669119737,0.001965960800294368,-0.003970784255974717,-0.396231186195758,-0.39823600965143835,-0.39823600965143835,False,False,-0.3987783175775976,1.5046005815561203,-2.74373776392806,False
5.96,-2.730317912054986,-3.514858058903866,1.5046005815561203,-2.74373776392806,-2.745476805355059,0.013419851873073707,0.015158893300073029,0.0018190671960087634,-0.003952593584014629,-0.3961503062206906,-0.39828383260869643,-0.39828383260869643,False,False,-0.3984868707550671,1.4990989936790817,-2.7507939385192857,False
5.962,-2.737303936428259,-3.471147698050724,1.4990989936790817,-2.7507939385192857,-2.750649461483627,0.013490002091026465,0.01334552505536779,0.001601463006644135,-0.003936578953948187,-0.39605813368741877,-0.39839324963472283,-0.39839324963472283,False,False,-0.39823600965143835,1.4935835011267076,-2.757746276187038,False
5.964,-2.7442024288481823,-3.4273263388044466,1.4935835011267076,-2.757746276187038,-2.7572896622962797,0.01354384733885583,0.013087233448097368,0.001570468013771684,-0.00392087427381047,-0.3959546715433832,-0.398305077803422,-0.398305077803422,False,False,-0.39828383260869643,1.488054246745521,-2.7646271905933575,False
5.966,-2.751013168718668,-3.3833953824596708,1.488054246745521,-2.7646271905933575,-2.7638009403536596,0.01361402187468963,0.012787771634991785,0.0015345325961990141,-0.0039055289478484804,-0.39583992309703797,-0.3982109194486874,-0.3982109194486874,False,False,-0.39839324963472283,1.4825113589139034,-2.771443915808703,False
5.968,-2.7577359382497453,-3.3393562338155562,1.4825113589139034,-2.771443915808703,-2.7704360367688103,0.013707977558957918,0.012700098519065062,0.0015240118222878073,-0.003890288829625602,-0.39571389201774354,-0.3980801690250813,-0.3980801690250813,False,False,-0.398305077803422,1.4769550059739047,-2.7781764699992837,False
5.97,-2.7643705224644943,-3.2952103011310845,1.4769550059739047,-2.7781764699992837,-2.778824009997021,0.013805947534789365,0.014453487532526843,0.0017344185039032212,-0.00387294464458657,-0.39557658233565063,-0.39771510847633396,-0.39771510847633396,False,False,-0.3982109194486874,1.471385355670486,-2.784825151709424,False
5.972,-2.770916709205951,-3.2509589960798086,1.471385355670486,-2.784825151709424,-2.784332140751597,0.013908442503472784,0.013415431545646062,0.0016098517854775272,-0.003856846126731795,-0.3954279984415702,-0.3976749927828245,-0.3976749927828245,False,False,-0.3980801690250813,1.4658025815668665,-2.791387051809736,False
5.974,-2.777374289143858,-3.206603733704927,1.4658025815668665,-2.791387051809736,-2.7900298000442167,0.014012762665877698,0.012655510900358546,0.0015186613080430255,-0.003841659513651365,-0.39526814508683394,-0.3975911432924423,-0.3975911432924423,False,False,-0.39771510847633396,1.4602069043826076,-2.797838592129469,False
5.976,-2.7837430557813905,-3.1621459323738454,1.4602069043826076,-2.797838592129469,-2.796930006462812,0.014095536348078586,0.013186950681421727,0.0015824340817706072,-0.003825835172833659,-0.3950970273831417,-0.3973404284742047,-0.3973404284742047,False,False,-0.3976749927828245,1.4545984743675335,-2.8042150075369974,False
5.978,-2.7900228054617386,-3.1175870137329293,1.4545984743675335,-2.8042150075369974,-2.802974881824938,0.01419220207525873,0.012952076363199172,0.0015542491635839005,-0.00381029268119782,-0.3949146508023984,-0.39717069432001234,-0.39717069432001234,False,False,-0.3975911432924423,1.4489774492775336,-2.8105125449999724,False
5.98,-2.796213337374632,-3.0729284026619883,1.4489774492775336,-2.8105125449999724,-2.8103369615747273,0.014299207625340316,0.014123624200095275,0.0016948349040114329,-0.0037933443321577056,-0.3947210211765388,-0.39681953060468506,-0.39681953060468506,False,False,-0.3973404284742047,1.4433440200757146,-2.8167146009095334,False
5.982,-2.802314453562747,-3.028171527228795,1.4433440200757146,-2.8167146009095334,-2.819652439768263,0.014400147346786518,0.017337986205516298,0.002080558344661956,-0.003772538748711086,-0.39451614469734136,-0.3962081251013905,-0.3962081251013905,False,False,-0.39717069432001234,1.4376983586685324,-2.8228307035911033,False
5.984,-2.8083259589280445,-2.9833178186433655,1.4376983586685324,-2.8228307035911033,-2.8221007710019728,0.014504744663058844,0.013774812073928278,0.0016529774488713933,-0.003756008974222372,-0.39430002791623026,-0.3964030594415812,-0.3964030594415812,False,False,-0.39681953060468506,1.4320406730638389,-2.82884280234676,False
5.986,-2.814247661238019,-2.9383687112121355,1.4320406730638389,-2.82884280234676,-2.8275137028430106,0.01459514110874105,0.013266041604991674,0.0015919249925990008,-0.003740089724296382,-0.3940726777440651,-0.3962208424757625,-0.3962208424757625,False,False,-0.3962081251013905,1.4263712234772363,-2.8347247933012265,False
5.988,-2.8200793711318344,-2.893325642292149,1.4263712234772363,-2.8347247933012265,-2.830681394726378,0.01464542216939213,0.010602023594543653,0.0012722428313452383,-0.0037273672959829292,-0.3938341014509208,-0.3962892259155585,-0.3962892259155585,False,False,-0.3964030594415812,1.4206900984165625,-2.840562530336911,False
5.99,-2.825820902126371,-2.8481900522451844,1.4206900984165625,-2.840562530336911,-2.83943092866495,0.014741628210539925,0.01361002653857879,0.0016332031846294547,-0.0037110352641366346,-0.393584306665855,-0.39566213874536216,-0.39566213874536216,False,False,-0.3962208424757625,1.4149974643919099,-2.8463170123262462,False
5.992,-2.8314720706222096,-2.8029633843915214,1.4149974643919099,-2.8463170123262462,-2.8429921140662704,0.014844941704036607,0.011520043444060768,0.001382405213287292,-0.0036972112120037615,-0.39332330137666355,-0.39563810737538,-0.39563810737538,False,False,-0.3962892259155585,1.409293433607269,-2.8520153923203626,False
5.994,-2.8370326959094916,-2.7576470849638746,1.409293433607269,-2.8520153923203626,-2.850673042121755,0.014982696410871021,0.013640346212263399,0.0016368415454716078,-0.0036808427965490456,-0.3930510939296255,-0.39509509518070296,-0.39509509518070296,False,False,-0.39566213874536216,1.4035782626642592,-2.8575854715049323,False
5.996,-2.84250260017369,-2.712242603061203,1.4035782626642592,-2.8575854715049323,-2.8564275466840012,0.015082871331242309,0.013924946510311287,0.0016709935812373544,-0.003664132860736672,-0.3927676930292364,-0.3947608323087357,-0.3947608323087357,False,False,-0.39563810737538,1.3978520790640248,-2.863091800117254,False
5.998,-2.8478816085013046,-2.666751390602316,1.3978520790640248,-2.863091800117254,-2.86363017723505,0.015210191615949498,0.015748568733745305,0.0018898282480494365,-0.0036452345782561776,-0.3924731077379298,-0.3942285140681366,-0.3942285140681366,False,False,-0.39509509518070296,1.392115117580312,-2.8684807418564096,False
