# {"config": {"dt": 0.002, "kind": "wheel", "torque_limit_nm": 2.0}, "initial_command_history": "zero", "name": "calibration_0", "sampling": "state_then_command_then_next_state", "schema_version": 1, "split": "calibration"}
time_s,command_torque_nm,position_rad,velocity_rad_s,next_position_rad,next_velocity_rad_s
0.0,0.0,4.8845901334352014e-05,0.0,-0.00011710587627041393,-0.0018173462462506965
0.002,0.0020136267223173797,-0.00011710587627041393,-0.0018173462462506965,-0.00039836764222427295,0.001943245963972403
0.004,0.004033233967048353,-0.00039836764222427295,0.001943245963972403,3.3314601152094116e-06,0.0004114626898936563
0.006,0.006058769554950871,3.3314601152094116e-06,0.0004114626898936563,-0.0001562973230408251,0.0026638221887207133
0.008,0.008090180381304015,-0.0001562973230408251,0.0026638221887207133,0.00019021474085524222,0.00033283876669526507
0.01,0.010127412410430385,0.00019021474085524222,0.00033283876669526507,-0.00010748601291520716,0.0003426439046880555
0.012,0.012170410670259268,-0.00010748601291520716,0.0003426439046880555,-0.00015279941413057528,0.0016726361430337224
0.014,0.014219119246931792,-0.00015279941413057528,0.0016726361430337224,-0.00011181770527636353,0.0034161571957797452
0.016,0.01627348127944934,-0.00011181770527636353,0.0034161571957797452,-5.464428597398061e-05,0.0022088810191323877
0.018000000000000002,0.018333438954366465,-5.464428597398061e-05,0.0022088810191323877,0.0003319462513067863,0.0021716717092058534
0.02,0.02039893350052946,0.0003319462513067863,0.0021716717092058534,-0.00028037621888020686,0.005088084506063916
0.022,0.022469905183862073,-0.00028037621888020686,0.005088084506063916,-0.000372149921928849,0.005637168093721214
0.024,0.024546293302199387,-0.000372149921928849,0.005637168093721214,0.0002515219915690261,0.006017321480244271
0.026000000000000002,0.02662803618017134,0.0002515219915690261,0.006017321480244271,7.035032209420568e-05,0.002557453317734224
0.028,0.02871507116413713,7.035032209420568e-05,0.002557453317734224,0.0001944581587590852,0.008243642340674753
0.03,0.030807334617171823,0.0001944581587590852,0.008243642340674753,-0.00013449646388918922,0.01207917456368416
0.032,0.032904761914106455,-0.00013449646388918922,0.01207917456368416,-0.0001267739790432306,0.005704505936117491
0.034,0.03500728743662303,-0.0001267739790432306,0.005704505936117491,-0.0002244197444888047,0.00993321600889896
0.036000000000000004,0.03711484456840573,-0.0002244197444888047,0.00993321600889896,0.00022678030974117183,0.0115890729310814
0.038,0.03922736569034968,0.00022678030974117183,0.0115890729310814,0.00011481520884713761,0.009915222345169795
0.04,0.04134478217582875,0.00011481520884713761,0.009915222345169795,0.00037560352519739844,0.010586531379653749
0.042,0.043467024386023484,0.00037560352519739844,0.010586531379653749,-8.455997732126558e-06,0.016033348669011332
0.044,0.045594021665310985,-8.455997732126558e-06,0.016033348669011332,0.00029720216846054195,0.015030491474848005
0.046,0.04772570233671786,0.00029720216846054195,0.015030491474848005,0.0004167633104167473,0.013810057109938725
0.048,0.049861993697437566,0.0004167633104167473,0.013810057109938725,0.00021667937601028614,0.017109525227503038
0.05,0.05200282201441402,0.00021667937601028614,0.017109525227503038,0.0002332466874727085,0.01738456090171934
0.052000000000000005,0.0541481125199923,0.0002332466874727085,0.01738456090171934,0.00037399831235447145,0.015218102314237592
0.054,0.05629778940763849,0.00037399831235447145,0.015218102314237592,0.000622190979932793,0.015932577703465026
0.056,0.05845177582772975,0.000622190979932793,0.015932577703465026,0.0005143596947363156,0.019561059200255266
0.058,0.060609993883416036,0.0005143596947363156,0.019561059200255266,0.0007617985497971416,0.018115399806990232
0.06,0.0627723646265554,0.0007617985497971416,0.018115399806990232,0.0004424262900292077,0.02109404891216952
0.062,0.06493880805372379,0.0004424262900292077,0.02109404891216952,0.0006317307317071754,0.023984758621793525
0.064,0.06710924310230125,0.0006317307317071754,0.023984758621793525,0.0007042109516302092,0.023264679505099736
0.066,0.06928358764663599,0.0007042109516302092,0.023264679505099736,0.0008960524121584875,0.02838893633337751
0.068,0.07146175849428753,0.0008960524121584875,0.02838893633337751,0.00046966834426567637,0.02518275602620941
0.07,0.07364367138235094,0.00046966834426567637,0.02518275602620941,0.0009451176927344348,0.026379665787054384
0.07200000000000001,0.07582924097386327,0.0009451176927344348,0.026379665787054384,0.0011345963852148835,0.026571214304475302
0.074,0.07801838085429413,0.0011345963852148835,0.026571214304475302,0.00070144689408155,0.03003042053014275
0.076,0.0802110035281216,0.00070144689408155,0.03003042053014275,0.00040838525094301034,0.028407258901793117
0.078,0.08240702041549527,0.00040838525094301034,0.028407258901793117,0.001497078774439184,0.030501322027679093
0.08,0.084606341848988,0.001497078774439184,0.030501322027679093,0.001158537279981624,0.029657578005381543
0.082,0.08680887707043788,0.001158537279981624,0.029657578005381543,0.001147738934714667,0.03241153921187356
0.084,0.08901453422788198,0.001147738934714667,0.03241153921187356,0.0015917549021599133,0.031835489614379674
0.08600000000000001,0.09122322037258385,0.0015917549021599133,0.031835489614379674,0.0007378177126644845,0.03585471553206048
0.088,0.09343484145615567,0.0007378177126644845,0.03585471553206048,0.0016726831715825874,0.03487745276823625
0.09,0.09564930232777757,0.0016726831715825874,0.03487745276823625,0.0010729690174589002,0.03535179959488296
0.092,0.09786650673151494,0.0010729690174589002,0.03535179959488296,0.001601931193522247,0.03764666733948995
0.094,0.10008635730373594,0.001601931193522247,0.03764666733948995,0.0016038485364818045,0.03536289298271579
0.096,0.1023087555706306,0.0016038485364818045,0.03536289298271579,0.0015741399533831901,0.04299625400156944
0.098,0.10453360194583335,0.0015741399533831901,0.04299625400156944,0.001710878030115081,0.04075068589728601
0.1,0.10676079572815025,0.001710878030115081,0.04075068589728601,0.0020626308949343868,0.04619138735168558
0.10200000000000001,0.10899023509939328,0.0020626308949343868,0.04619138735168558,0.001850520390629288,0.04419456281846959
0.10400000000000001,0.11122181712232278,0.001850520390629288,0.04419456281846959,0.0022935815309545536,0.04608401849857969
0.106,0.11345543773869976,0.0022935815309545536,0.04608401849857969,0.002102771256741047,0.052339212184605216
0.108,0.11569099176745042,0.002102771256741047,0.052339212184605216,0.0022734988814480136,0.04935071352931006
0.11,0.11792837290294361,0.0022734988814480136,0.04935071352931006,0.0019448443360305834,0.05207086265496867
0.112,0.12016747371338399,0.0019448443360305834,0.05207086265496867,0.002430241548309803,0.052468667227765636
0.114,0.12240818563932164,0.002430241548309803,0.052468667227765636,0.0027436576442810305,0.05291147293276451
0.116,0.12465039899228059,0.0027436576442810305,0.05291147293276451,0.0023566489942286944,0.05576168952878983
0.11800000000000001,0.1268940029535076,0.0023566489942286944,0.05576168952878983,0.002780845769341772,0.05619203481431622
0.12,0.1291388855728432,0.002780845769341772,0.05619203481431622,0.0026724754055556608,0.059484475174137484
0.122,0.1313849337677163,0.0026724754055556608,0.059484475174137484,0.003022591265469364,0.06176908245492371
0.124,0.1336320333222646,0.003022591265469364,0.06176908245492371,0.0033530464983112327,0.060886868240495474
0.126,0.13588006888658272,0.0033530464983112327,0.060886868240495474,0.0033712911946060984,0.06634303661190089
0.128,0.13812892397609874,0.0033712911946060984,0.06634303661190089,0.0035219049387758567,0.07381747097218527
0.13,0.14037848097108216,0.0035219049387758567,0.07381747097218527,0.0035596244916386395,0.07270247781969218
0.132,0.14262862111628472,0.0035596244916386395,0.07270247781969218,0.003890764029329575,0.0722107070141518
0.134,0.14487922452071508,0.003890764029329575,0.0722107070141518,0.004011494202280474,0.07917058240050677
0.136,0.14713017015755028,0.004011494202280474,0.07917058240050677,0.004013158739969042,0.08164707288772839
0.138,0.1493813358641852,0.004013158739969042,0.08164707288772839,0.004233166465105539,0.08174704633794228
0.14,0.1516325983424216,0.004233166465105539,0.08174704633794228,0.004117673758556163,0.08830899135270759
0.14200000000000002,0.15388383315879905,0.004117673758556163,0.08830899135270759,0.004916269448361018,0.0879981949114139
0.14400000000000002,0.1561349147450692,0.004916269448361018,0.0879981949114139,0.00482027774242186,0.09052686129269391
0.146,0.15838571639881532,0.00482027774242186,0.09052686129269391,0.004846186652227045,0.09551549605661205
0.148,0.16063611028421917,0.004846186652227045,0.09551549605661205,0.0049134928234775815,0.1000871088194862
0.15,0.16288596743297612,0.0049134928234775815,0.1000871088194862,0.005548662246092913,0.10527315246645651
0.152,0.16513515774536158,0.005548662246092913,0.10527315246645651,0.005464189844362145,0.11111101126458597
0.154,0.16738354999144966,0.005464189844362145,0.11111101126458597,0.0058372388996569945,0.11619023077809167
0.156,0.16963101181248608,0.0058372388996569945,0.11619023077809167,0.0057672368670503875,0.1231578713305729
0.158,0.17187740972241752,0.0057672368670503875,0.1231578713305729,0.006237707093090074,0.11951826443800409
0.16,0.1741226091095785,0.006237707093090074,0.11951826443800409,0.006314002736743951,0.1287443378597247
0.162,0.17636647423853846,0.006314002736743951,0.1287443378597247,0.006973139266366883,0.13374357224468067
0.164,0.17860886825211025,0.006973139266366883,0.13374357224468067,0.007189570133556764,0.13535827898737096
0.166,0.18084965317352186,0.007189570133556764,0.13535827898737096,0.0073262999433698385,0.13874607418222243
0.168,0.1830886899087539,0.0073262999433698385,0.13874607418222243,0.0074795345625954315,0.1507449602512126
0.17,0.18532583824904356,0.0074795345625954315,0.1507449602512126,0.007590881864623146,0.16047241839005855
0.17200000000000001,0.18756095687355798,0.007590881864623146,0.16047241839005855,0.008545577860965879,0.16003939559874375
0.17400000000000002,0.18979390335223792,0.008545577860965879,0.16003939559874375,0.008776595434949972,0.17034958124852925
0.176,0.1920245341488143,0.008776595434949972,0.17034958124852925,0.008957528012194352,0.17762893362393717
0.178,0.1942527046239988,0.008957528012194352,0.17762893362393717,0.009300453554241328,0.18393772583734752
0.18,0.19647826903885077,0.009300453554241328,0.18393772583734752,0.009848195527547543,0.19279196656633135
0.182,0.19870108055832236,0.009848195527547543,0.19279196656633135,0.010207683649988336,0.2007308122871431
0.184,0.20092099125498272,0.010207683649988336,0.2007308122871431,0.010754215743564713,0.2101397592051726
0.186,0.2031378521129247,0.010754215743564713,0.2101397592051726,0.010760275166425512,0.21591342395351193
0.188,0.2053515130318541,0.010760275166425512,0.21591342395351193,0.01174445876498772,0.2297584142653216
0.19,0.20756182283136507,0.01174445876498772,0.2297584142653216,0.012036752127622887,0.2356356324621096
0.192,0.20976862925540127,0.012036752127622887,0.2356356324621096,0.012582470569508479,0.24745155926833096
0.194,0.21197177897690717,0.012582470569508479,0.24745155926833096,0.012622114061783575,0.25648013000430425
0.196,0.2141711176026688,0.012622114061783575,0.25648013000430425,0.01318570291902617,0.2660343901954576
0.198,0.21636648967834748,0.01318570291902617,0.2660343901954576,0.014028198432753831,0.2813585123305915
0.2,0.21855773869370765,0.014028198432753831,0.2813585123305915,0.014177052738689836,0.28852072045679544
0.202,0.2207447070880401,0.014177052738689836,0.28852072045679544,0.015338647514534074,0.30223377122981876
0.20400000000000001,0.22292723625578348,0.015338647514534074,0.30223377122981876,0.01599816682701098,0.3109218079192683
0.20600000000000002,0.22510516655234483,0.01599816682701098,0.3109218079192683,0.016452637373559696,0.32433190041378795
0.20800000000000002,0.2272783373001216,0.016452637373559696,0.32433190041378795,0.017416404392179285,0.33765864913879895
0.21,0.22944658679472593,0.017416404392179285,0.33765864913879895,0.017859824407466484,0.35131276645997256
0.212,0.23160975231141445,0.017859824407466484,0.35131276645997256,0.018322791639297557,0.36526993435418514
0.214,0.23376767011172372,0.018322791639297557,0.36526993435418514,0.019119271290726887,0.37819974133246065
0.216,0.23592017545031396,0.019119271290726887,0.37819974133246065,0.019978678030894686,0.3941091103665354
0.218,0.23806710258202257,0.019978678030894686,0.3941091103665354,0.020943067081343948,0.40971876095592297
0.22,0.24020828476912928,0.020943067081343948,0.40971876095592297,0.021329187739023942,0.4229951344823476
0.222,0.24234355428883403,0.021329187739023942,0.4229951344823476,0.022817740023897866,0.43546191095087705
0.224,0.24447274244095007,0.022817740023897866,0.43546191095087705,0.023986622867940004,0.4468632163484154
0.226,0.24659567955581319,0.023986622867940004,0.4468632163484154,0.02451721954341886,0.46725570551224577
0.228,0.24871219500240938,0.02451721954341886,0.46725570551224577,0.02555611498198325,0.47922918425277294
0.23,0.25082211719672204,0.02555611498198325,0.47922918425277294,0.02655502243647406,0.4945479005143061
0.232,0.2529252736103004,0.02655502243647406,0.4945479005143061,0.02737912738912839,0.5095982830651616
0.234,0.2550214907790518,0.02737912738912839,0.5095982830651616,0.02871133631133216,0.5272280538619264
0.23600000000000002,0.25711059431225697,0.02871133631133216,0.5272280538619264,0.03008859013800589,0.5441030980442122
0.23800000000000002,0.25919240890181294,0.03008859013800589,0.5441030980442122,0.030405272345942324,0.5599312928499044
0.24,0.26126675833170315,0.030405272345942324,0.5599312928499044,0.03163288083985227,0.5737909029924769
0.242,0.26333346548769637,0.03163288083985227,0.5737909029924769,0.03305976877112058,0.5882693277432713
0.244,0.2653923523672774,0.03305976877112058,0.5882693277432713,0.034143734801988575,0.6052897100991131
0.246,0.26744324008980863,0.034143734801988575,0.6052897100991131,0.035518793007862454,0.6227498106792803
0.248,0.26948594890692745,0.035518793007862454,0.6227498106792803,0.03674821676097549,0.6426337102308738
0.25,0.2715202982131767,0.03674821676097549,0.6426337102308738,0.0381887499010158,0.6564695276238254
0.252,0.27354610655687367,0.0381887499010158,0.6564695276238254,0.03964379645925504,0.6757631475534537
0.254,0.2755631916512162,0.03964379645925504,0.6757631475534537,0.04108102797810994,0.6864110458280788
0.256,0.277571370385629,0.04108102797810994,0.6864110458280788,0.04231709845980913,0.706594489152066
0.258,0.2795704588373507,0.04231709845980913,0.706594489152066,0.04384743474836078,0.7213295556286453
0.26,0.2815602722832634,0.04384743474836078,0.7213295556286453,0.04514551955128345,0.7364402783939391
0.262,0.2835406252119658,0.04514551955128345,0.7364402783939391,0.04656710425440939,0.7525134467454421
0.264,0.28551133133609213,0.04656710425440939,0.7525134467454421,0.04843863537236493,0.7704712245283564
0.266,0.2874722036048761,0.04843863537236493,0.7704712245283564,0.0495737012497088,0.7887925615588706
0.268,0.28942305421696446,0.0495737012497088,0.7887925615588706,0.05139143263579068,0.8035467481913822
0.27,0.29136369463347783,0.05139143263579068,0.8035467481913822,0.05308872548465398,0.8204079331050305
0.272,0.2932939355913228,0.05308872548465398,0.8204079331050305,0.05479223717906625,0.8383692010287641
0.274,0.295213587116755,0.05479223717906625,0.8383692010287641,0.05644413588816147,0.8544441262569675
0.276,0.29712245853919517,0.05644413588816147,0.8544441262569675,0.058010782004044206,0.8725179217122253
0.278,0.299020358505299,0.058010782004044206,0.8725179217122253,0.059608090712890104,0.8915957701924454
0.28,0.3009070949932813,0.059608090712890104,0.8915957701924454,0.0616425064147379,0.9098136170519431
0.28200000000000003,0.30278247532749747,0.0616425064147379,0.9098136170519431,0.06371302049371812,0.9223222926573899
0.28400000000000003,0.3046463061932813,0.06371302049371812,0.9223222926573899,0.06533681982083439,0.9404072449647163
0.28600000000000003,0.30649839365204085,0.06533681982083439,0.9404072449647163,0.06746243492945227,0.9571028536965154
0.28800000000000003,0.30833854315661424,0.06746243492945227,0.9571028536965154,0.06948404602800827,0.973363670994518
0.29,0.3101665595668856,0.06948404602800827,0.973363670994518,0.07152515620176078,0.988477839723545
0.292,0.311982247165662,0.07152515620176078,0.988477839723545,0.07326927921466475,1.0081482201422582
0.294,0.3137854096748124,0.07326927921466475,1.0081482201422582,0.07520158450853276,1.0238987150505967
0.296,0.31557585027167034,0.07520158450853276,1.0238987150505967,0.07774602715400931,1.0409303706215831
0.298,0.3173533716057002,0.07774602715400931,1.0409303706215831,0.07946038269854189,1.0598877068597554
0.3,0.31911777581542844,0.07946038269854189,1.0598877068597554,0.08147617233608467,1.0738773565414323
0.302,0.3208688645456399,0.08147617233608467,1.0738773565414323,0.08409944287621006,1.0899121692315137
0.304,0.322606438964842,0.08409944287621006,1.0899121692315137,0.08615455494398903,1.1082231844439951
0.306,0.3243302997829938,0.08615455494398903,1.1082231844439951,0.0886670121005114,1.1224271299213948
0.308,0.32604024726950565,0.0886670121005114,1.1224271299213948,0.09052959762918679,1.141525080317538
0.31,0.3277360812715049,0.09052959762918679,1.141525080317538,0.0930307914794308,1.1601775887272152
0.312,0.32941760123237235,0.0930307914794308,1.1601775887272152,0.09539265510640504,1.178803971352563
0.314,0.33108460621054775,0.09539265510640504,1.178803971352563,0.09782806235864189,1.1902877334497657
0.316,0.33273689489860614,0.09782806235864189,1.1902877334497657,0.09982409973186378,1.2086488545592688
0.318,0.3343742656426043,0.09982409973186378,1.2086488545592688,0.10246116464271028,1.225713581894571
0.32,0.3359965164616994,0.10246116464271028,1.225713581894571,0.10526290602801418,1.2421756239041115
0.322,0.3376034450680388,0.10526290602801418,1.2421756239041115,0.10779553557646417,1.262572546427262
0.324,0.3391948488869221,0.10779553557646417,1.262572546427262,0.11013414519119254,1.2760545789356428
0.326,0.3407705250772357,0.11013414519119254,1.2760545789356428,0.11297332840472375,1.2922107634007276
0.328,0.34233027055216075,0.11297332840472375,1.2922107634007276,0.1154328779913229,1.3112343275119216
0.33,0.34387388200015323,0.1154328779913229,1.3112343275119216,0.11825150537605693,1.3281743881460648
0.332,0.345401155906198,0.11825150537605693,1.3281743881460648,0.12068464236620698,1.346313455507289
0.334,0.34691188857333666,0.12068464236620698,1.346313455507289,0.12332624835875479,1.3620518719223877
0.336,0.3484058761444678,0.12332624835875479,1.3620518719223877,0.1261840679435506,1.3776967937933164
0.338,0.34988291462442245,0.1261840679435506,1.3776967937933164,0.12864963672454524,1.3942933118492697
0.34,0.35134279990231265,0.12864963672454524,1.3942933118492697,0.13156585431515216,1.4120093492573311
0.342,0.3527853277741534,0.13156585431515216,1.4120093492573311,0.13509711017790713,1.4271165200906701
0.34400000000000003,0.3542102939657593,0.13509711017790713,1.4271165200906701,0.13769475908076026,1.4461755454324123
0.34600000000000003,0.3556174941559139,0.13769475908076026,1.4461755454324123,0.14020251376495774,1.4621325052589824
0.34800000000000003,0.3570067239998132,0.14020251376495774,1.4621325052589824,0.14332435300829435,1.4763618813287773
0.35000000000000003,0.35837777915278196,0.14332435300829435,1.4763618813287773,0.14653894749162763,1.492620668033507
0.352,0.3597304552942633,0.14653894749162763,1.492620668033507,0.1492935194026928,1.5117036206469356
0.354,0.36106454815208117,0.1492935194026928,1.5117036206469356,0.1527064095822203,1.526738435199628
0.356,0.3623798535269749,0.1527064095822203,1.526738435199628,0.15566786513544198,1.5401473179931
0.358,0.3636761673174055,0.15566786513544198,1.5401473179931,0.15863275325317036,1.5602166335265915
0.36,0.36495328554463435,0.15863275325317036,1.5602166335265915,0.16163568563201952,1.5769084841747878
0.362,0.3662110043780722,0.16163568563201952,1.5769084841747878,0.16504446662778458,1.5924443406316968
0.364,0.3674491201608983,0.16504446662778458,1.5924443406316968,0.168441205931601,1.6106117994234947
0.366,0.36866742943595043,0.168441205931601,1.6106117994234947,0.17120961804789936,1.6229319962320377
0.368,0.3698657289718829,0.17120961804789936,1.6229319962320377,0.17484106906075322,1.6397540129584949
0.37,0.3710438157895936,0.17484106906075322,1.6397540129584949,0.17844426801933533,1.6586319633501652
0.372,0.3722014871889185,0.17844426801933533,1.6586319633501652,0.18122697478178565,1.6709211459546844
0.374,0.37333854077559253,0.18122697478178565,1.6709211459546844,0.18451480462321254,1.689136252948013
0.376,0.37445477448847697,0.18451480462321254,1.689136252948013,0.18805543774867517,1.7029477147325032
0.378,0.37554998662705086,0.18805543774867517,1.7029477147325032,0.1913637233262762,1.7219290481454796
0.38,0.37662397587916685,0.1913637233262762,1.7219290481454796,0.19493928515825523,1.7341307640652444
0.382,0.3776765413490692,0.19493928515825523,1.7341307640652444,0.19821473391339997,1.7524857919930092
0.384,0.3787074825856739,0.19821473391339997,1.7524857919930092,0.20217281526891362,1.7688120864296186
0.386,0.37971659961110843,0.20217281526891362,1.7688120864296186,0.20597975154352627,1.78337511453102
0.388,0.3807036929495112,0.20597975154352627,1.78337511453102,0.20922079705045052,1.7953008323702186
0.39,0.3816685636560882,0.20922079705045052,1.7953008323702186,0.21293917925547595,1.8146957443782858
0.392,0.382611013346426,0.21293917925547595,1.8146957443782858,0.2166278650310759,1.8255114382965212
0.394,0.3835308442260594,0.2166278650310759,1.8255114382965212,0.2205130579181746,1.845995416473155
0.396,0.3844278591202928,0.2205130579181746,1.845995416473155,0.22390804814194956,1.8594617259048838
0.398,0.38530186150427265,0.22390804814194956,1.8594617259048838,0.22735244748563282,1.8758815647239075
0.4,0.3861526555333096,0.22735244748563282,1.8758815647239075,0.23144853308369215,1.8881065500915557
0.402,0.3869800460734497,0.23144853308369215,1.8881065500915557,0.2357229275094138,1.9085143335518309
0.404,0.3877838387322911,0.2357229275094138,1.9085143335518309,0.23931366689850858,1.9203631284124112
0.406,0.3885638398900455,0.23931366689850858,1.9203631284124112,0.24279125271359064,1.935269636989481
0.40800000000000003,0.38931985673084213,0.24279125271359064,1.935269636989481,0.24703374266765551,1.949914411682226
0.41000000000000003,0.3900516972742721,0.24703374266765551,1.949914411682226,0.2508624625977723,1.9652461726845103
0.41200000000000003,0.39075917040717095,0.2508624625977723,1.9652461726845103,0.25459985134856156,1.9811729003039675
0.41400000000000003,0.3914420859156379,0.25459985134856156,1.9811729003039675,0.25901820941867687,1.9932455242332354
0.41600000000000004,0.39210025451728797,0.25901820941867687,1.9932455242332354,0.2626951076403012,2.012835694032343
0.418,0.39273348789373697,0.2626951076403012,2.012835694032343,0.26710821841762,2.0183544957291173
0.42,0.3933415987233146,0.26710821841762,2.0183544957291173,0.2709341524849639,2.0352653978665267
0.422,0.393924400714005,0.2709341524849639,2.0352653978665267,0.2748752754473232,2.050145589078538
0.424,0.3944817086366107,0.2748752754473232,2.050145589078538,0.2791975167593137,2.065388786672241
0.426,0.3950133383581391,0.2791975167593137,2.065388786672241,0.2830893437148552,2.077513044522999
0.428,0.3955191068754068,0.2830893437148552,2.077513044522999,0.28712351399100916,2.093441927680946
0.43,0.3959988323488606,0.28712351399100916,2.093441927680946,0.29180415430918744,2.1091844496085246
0.432,0.3964523341366113,0.29180415430918744,2.1091844496085246,0.29618910721946917,2.1213994586403206
0.434,0.3968794328286783,0.29618910721946917,2.1213994586403206,0.3001817920562838,2.1391224660922816
0.436,0.3972799502814408,0.3001817920562838,2.1391224660922816,0.3043740011206737,2.145665439328359
0.438,0.3976537096522934,0.3043740011206737,2.145665439328359,0.30879061144219255,2.1622010946683687
0.44,0.398000535434503,0.30879061144219255,2.1622010946683687,0.31350323462298496,2.174193195295609
0.442,0.39832025349226263,0.31350323462298496,2.174193195295609,0.3172858172203269,2.1898254144462053
0.444,0.39861269109594066,0.3172858172203269,2.1898254144462053,0.32192253503481244,2.199331729305274
0.446,0.39887767695751997,0.32192253503481244,2.199331729305274,0.3262592718501776,2.2147318171133477
0.448,0.3991150412662253,0.3262592718501776,2.2147318171133477,0.3305430080919856,2.2303066842626307
0.45,0.3993246157243342,0.3305430080919856,2.2303066842626307,0.3353428810249214,2.2402197671877246
0.452,0.3995062335831679,0.3353428810249214,2.2402197671877246,0.340091664637576,2.2512886420857185
0.454,0.3996597296792592,0.340091664637576,2.2512886420857185,0.3444247582795452,2.2651536408154205
0.456,0.3997849404706927,0.3444247582795452,2.2651536408154205,0.349063946700598,2.2826380298525404
0.458,0.3998817040736131,0.349063946700598,2.2826380298525404,0.3533283071754569,2.289910350034577
0.46,0.3999498602988998,0.3533283071754569,2.289910350034577,0.35857566559857207,2.3004279364098346
0.462,0.39998925068899993,0.35857566559857207,2.3004279364098346,0.3631040913174788,2.3144450910817733
0.464,0.3999997185549198,0.3631040913174788,2.3144450910817733,0.3676397952263919,2.3273404504736876
0.466,0.3999811090133673,0.3676397952263919,2.3273404504736876,0.37217360272406524,2.33623959620047
0.468,0.39993326902404225,0.37217360272406524,2.33623959620047,0.37677976128394225,2.3510667479651253
0.47000000000000003,0.3998560474270707,0.37677976128394225,2.3510667479651253,0.3814548165730164,2.3590703761802727
0.47200000000000003,0.3997492949805773,0.3814548165730164,2.3590703761802727,0.38608093080321704,2.3754830554903643
0.47400000000000003,0.39961286439839244,0.38608093080321704,2.3754830554903643,0.39136438608376206,2.3824964202081405
0.47600000000000003,0.39944661038788865,0.39136438608376206,2.3824964202081405,0.3958309892403957,2.3975615752651436
0.47800000000000004,0.39925038968794196,0.3958309892403957,2.3975615752651436,0.4007060472977033,2.4062181316582625
0.48,0.3990240611070127,0.4007060472977033,2.4062181316582625,0.40560493118128393,2.4147371903748645
0.482,0.39876748556134184,0.40560493118128393,2.4147371903748645,0.4101998918406374,2.4292133947907706
0.484,0.39848052611325635,0.4101998918406374,2.4292133947907706,0.4152536745147578,2.439194851190118
0.486,0.3981630480095799,0.4152536745147578,2.439194851190118,0.42012913964355286,2.4461324347627174
0.488,0.39781491872014296,0.42012913964355286,2.4461324347627174,0.4251136398911198,2.4616103830462666
0.49,0.3974360079763863,0.4251136398911198,2.4616103830462666,0.43007052003307544,2.4706317172207477
0.492,0.3970261878100543,0.43007052003307544,2.4706317172207477,0.4347379546521786,2.4786708680798397
0.494,0.3965853325919705,0.4347379546521786,2.4786708680798397,0.4398128230862634,2.488014145453729
0.496,0.39611331907089126,0.4398128230862634,2.488014145453729,0.4447772540580071,2.4999139586748758
0.498,0.39561002641243137,0.4447772540580071,2.4999139586748758,0.45002830637101077,2.509970473285298
0.5,0.3950753362380551,0.45002830637101077,2.509970473285298,0.4553136366588167,2.5180259690612314
0.502,0.3945091326641287,0.4553136366588167,2.5180259690612314,0.46010063220148995,2.5272781201294987
0.504,0.3939113023410258,0.46010063220148995,2.5272781201294987,0.46475631630317515,2.5338812192805373
0.506,0.3932817344922823,0.46475631630317515,2.5338812192805373,0.47026275528320577,2.5440464531367195
0.508,0.3926203209537927,0.47026275528320577,2.5440464531367195,0.47526615741698985,2.5508383985942906
0.51,0.3919269562130419,0.47526615741698985,2.5508383985942906,0.4804584425728041,2.5616943411336353
0.512,0.39120153744836783,0.4804584425728041,2.5616943411336353,0.48557967320328776,2.5711086013949482
0.514,0.3904439645682456,0.48557967320328776,2.5711086013949482,0.4903752821109065,2.581199657695426
0.516,0.38965414025058953,0.4903752821109065,2.581199657695426,0.49562126029944276,2.586501625928661
0.518,0.3888319699820644,0.49562126029944276,2.586501625928661,0.500972081333475,2.5971011664901873
0.52,0.38797736209740036,0.500972081333475,2.5971011664901873,0.5062918381309173,2.60472731840596
0.522,0.3870902278187043,0.5062918381309173,2.60472731840596,0.511531849671486,2.610350508203757
0.524,0.3861704812947606,0.511531849671486,2.610350508203757,0.5165654660470713,2.6168782697706625
0.526,0.38521803964031487,0.5165654660470713,2.6168782697706625,0.5219843421066632,2.625582555744728
0.528,0.38423282297533345,0.5219843421066632,2.625582555744728,0.5271126064889561,2.634955580170144
0.53,0.38321475446423064,0.5271126064889561,2.634955580170144,0.5325796048731932,2.6368153364475972
0.532,0.3821637603550579,0.5325796048731932,2.6368153364475972,0.5381082385943712,2.642378857118992
0.534,0.3810797700186466,0.5381082385943712,2.642378857118992,0.543194316720161,2.651195076771754
0.536,0.37996271598769754,0.543194316720161,2.651195076771754,0.548747324866338,2.660306997544018
0.538,0.37881253399580883,0.548747324866338,2.660306997544018,0.5535291155126635,2.6668168847249754
0.54,0.3776291630164359,0.5535291155126635,2.6668168847249754,0.5587001943947509,2.6724604723078307
0.542,0.37641254530177437,0.5587001943947509,2.6724604723078307,0.564447900027149,2.6747681687214904
0.544,0.37516262642155973,0.564447900027149,2.6747681687214904,0.5700177297702996,2.6837513040521452
0.546,0.37387935530177435,0.5700177297702996,2.6837513040521452,0.5752353864828313,2.688195080608987
0.548,0.3725626842632551,0.5752353864828313,2.688195080608987,0.5806631713767427,2.692145643294793
0.55,0.37121256906019223,0.5806631713767427,2.692145643294793,0.5860903327252661,2.694168982886549
0.552,0.36982896891851313,0.5860903327252661,2.694168982886549,0.5907072061989772,2.7036659606116547
0.554,0.36841184657414117,0.5907072061989772,2.7036659606116547,0.5968760713701632,2.706052879796038
0.556,0.3669611683111223,0.5968760713701632,2.706052879796038,0.6020058589661725,2.714482837812021
0.558,0.36547690399961036,0.6020058589661725,2.714482837812021,0.6075511735880749,2.714890500827493
0.56,0.36395902713370304,0.6075511735880749,2.714890500827493,0.6129003992860492,2.721753692058318
0.562,0.36240751486912015,0.6129003992860492,2.721753692058318,0.618099774726225,2.723637247046076
0.5640000000000001,0.36082234806071484,0.618099774726225,2.723637247046076,0.6238542324323652,2.727384536967951
0.5660000000000001,0.3592035112998094,0.6238542324323652,2.727384536967951,0.6295931589510205,2.73015419082637
0.5680000000000001,0.3575509929513478,0.6295931589510205,2.73015419082637,0.634873000827565,2.7306399670695876
0.5700000000000001,0.3558647851908536,0.634873000827565,2.7306399670695876,0.6402934170111226,2.735312095821221
0.5720000000000001,0.3541448840411874,0.6402934170111226,2.735312095821221,0.6459297515746536,2.7397925682663598
0.5740000000000001,0.35239128940909253,0.6459297515746536,2.7397925682663598,0.6512811425853112,2.743208488989748
0.5760000000000001,0.35060400512152035,0.6512811425853112,2.743208488989748,0.6566799366553256,2.7430476220039837
0.578,0.3487830389617269,0.6566799366553256,2.7430476220039837,0.6618366882027164,2.7473777121129834
0.58,0.3469284027051296,0.6618366882027164,2.7473777121129834,0.6678524313427191,2.749405853943239
0.582,0.34504011215491753,0.6678524313427191,2.749405853943239,0.673238667000302,2.75339235251286
0.584,0.34311818717740367,0.673238667000302,2.75339235251286,0.6787111644059409,2.7564454751587517
0.586,0.34116265173710886,0.6787111644059409,2.7564454751587517,0.6843113942053823,2.7525865931946294
0.588,0.33917353393157174,0.6843113942053823,2.7525865931946294,0.6898002808942737,2.7552214310704906
0.59,0.33715086602586974,0.6898002808942737,2.7552214310704906,0.6954673677373164,2.760043564668776
0.592,0.33509468448684687,0.6954673677373164,2.760043564668776,0.7009329821753376,2.758424429725187
0.594,0.33300503001703335,0.7009329821753376,2.758424429725187,0.7066040766465229,2.7583658366215418
0.596,0.3308819475882516,0.7066040766465229,2.7583658366215418,0.7123197436111712,2.7570878827160605
0.598,0.3287254864748954,0.7123197436111712,2.7570878827160605,0.7173267634679052,2.755366502480482
0.6,0.3265357002868736,0.7173267634679052,2.755366502480482,0.722912396337032,2.75341978324528
0.602,0.3243126470022101,0.722912396337032,2.75341978324528,0.7286057540234468,2.7558273963754845
0.604,0.3220563889992849,0.7286057540234468,2.7558273963754845,0.7341239003141297,2.7573117949010832
0.606,0.31976699308871254,0.7341239003141297,2.7573117949010832,0.7392661591193537,2.759945131581172
0.608,0.3174445305448422,0.7392661591193537,2.759945131581172,0.7448619661960966,2.7529720749782425
0.61,0.3150890771368719,0.7448619661960966,2.7529720749782425,0.750440074219215,2.754312426879849
0.612,0.31270071315956627,0.750440074219215,2.754312426879849,0.75581109449118,2.753436794824307
0.614,0.3102795234635669,0.75581109449118,2.753436794824307,0.7615541065155813,2.7496970759570445
0.616,0.3078255974852844,0.7615541065155813,2.7496970759570445,0.7668133295557197,2.7482719508044684
0.618,0.3053390292763629,0.7668133295557197,2.7482719508044684,0.7724605052143217,2.741782645330544
0.62,0.30281991753270515,0.7724605052143217,2.741782645330544,0.7780630429382117,2.741502495755189
0.622,0.30026836562304826,0.7780630429382117,2.741502495755189,0.7834184909748476,2.738919540997706
0.624,0.2976844816170791,0.7834184909748476,2.738919540997706,0.7888866651454398,2.7368274623099658
0.626,0.29506837831307925,0.7888866651454398,2.7368274623099658,0.794349853955692,2.733671669140501
0.628,0.2924201732650872,0.794349853955692,2.733671669140501,0.7997523774865135,2.7331958062061705
0.63,0.28973998880956875,0.7997523774865135,2.7331958062061705,0.8054314049749857,2.7286041440576607
0.632,0.2870279520915839,0.8054314049749857,2.7286041440576607,0.8110516001899961,2.722579139209281
0.634,0.28428419509043906,0.8110516001899961,2.722579139209281,0.8163147870991059,2.718462368738121
0.636,0.2815088546448134,0.8163147870991059,2.718462368738121,0.8214883078524213,2.71781274545345
0.638,0.27870207247735057,0.8214883078524213,2.71781274545345,0.8269073216039567,2.715554875966359
0.64,0.27586399521870136,0.8269073216039567,2.715554875966359,0.8329665209867277,2.7014554187020696
0.642,0.27299477443100817,0.8329665209867277,2.7014554187020696,0.8380763538220801,2.699025796084026
0.644,0.2700945666308213,0.8380763538220801,2.699025796084026,0.8433979265075449,2.695786477528395
0.646,0.26716353331143267,0.8433979265075449,2.695786477528395,0.8481567392579359,2.6900787825607138
0.648,0.26420184096461957,0.8481567392579359,2.6900787825607138,0.8542972300634912,2.684571325876355
0.65,0.26120966110178423,0.8542972300634912,2.684571325876355,0.8597682349074236,2.676599398314773
0.652,0.25818717027447974,0.8597682349074236,2.676599398314773,0.8651155320719004,2.671740996671001
0.654,0.2551345500943105,0.8651155320719004,2.671740996671001,0.8698035019396676,2.6663533266339683
0.656,0.2520519872521962,0.8698035019396676,2.6663533266339683,0.8757267764902489,2.6588658452807667
0.658,0.2489396735369876,0.8757267764902489,2.6588658452807667,0.8807335685068619,2.6517025970032746
0.66,0.24579780585342415,0.8807335685068619,2.6517025970032746,0.8855400340896474,2.6482959526182968
0.662,0.24262658623942013,0.8855400340896474,2.6482959526182968,0.8916322226833295,2.6397234129512523
0.664,0.2394262218826696,0.8916322226833295,2.6397234129512523,0.8965957130744171,2.6291762649898813
0.666,0.23619692513655852,0.8965957130744171,2.6291762649898813,0.9016883829226384,2.624141206762386
0.668,0.23293891353537274,0.9016883829226384,2.624141206762386,0.9071422349860571,2.6104090341007486
0.67,0.2296524098087901,0.9071422349860571,2.6104090341007486,0.9120928108250206,2.6049402458245505
0.672,0.22633764189564626,0.9120928108250206,2.6049402458245505,0.9172666675015572,2.5968966526376582
0.674,0.22299484295696168,0.9172666675015572,2.5968966526376582,0.9229534428098221,2.5905088447940128
0.676,0.2196242513882196,0.9229534428098221,2.5905088447940128,0.9278445524133013,2.575482245451892
0.678,0.21622611083088425,0.9278445524133013,2.575482245451892,0.9330368832220878,2.5653323975218147
0.68,0.21280067018314594,0.9330368832220878,2.5653323975218147,0.9378589043079174,2.5566765065508417
0.682,0.20934818360988316,0.9378589043079174,2.5566765065508417,0.9430072048909847,2.54871436566741
0.684,0.20586891055183157,0.9430072048909847,2.54871436566741,0.9483450777864378,2.5384611183067385
0.686,0.20236311573394483,0.9483450777864378,2.5384611183067385,0.9528547683010729,2.5286007823594643
0.6880000000000001,0.19883106917294258,0.9528547683010729,2.5286007823594643,0.9583782099467838,2.518303694954518
0.6900000000000001,0.19527304618402724,0.9583782099467838,2.518303694954518,0.9630935611937246,2.505300144643629
0.6920000000000001,0.1916893273867624,0.9630935611937246,2.505300144643629,0.9681284384956248,2.4961566606411716
0.6940000000000001,0.18808019871010248,0.9681284384956248,2.4961566606411716,0.9728086671359538,2.481979802224318
0.6960000000000001,0.18444595139656003,0.9728086671359538,2.481979802224318,0.9783953479974355,2.4702452393255236
0.6980000000000001,0.18078688200550186,0.9783953479974355,2.4702452393255236,0.9833151150863143,2.4608555841414175
0.7000000000000001,0.17710329241556064,0.9833151150863143,2.4608555841414175,0.9875569971787346,2.445239955912445
0.7020000000000001,0.17339548982615274,0.9875569971787346,2.445239955912445,0.99319192865306,2.4310696067434248
0.704,0.16966378675809363,0.99319192865306,2.4310696067434248,0.997526172675376,2.421990146322944
0.706,0.16590850105329308,0.997526172675376,2.421990146322944,1.0025182764946174,2.4121060273221837
0.708,0.1621299558735274,1.0025182764946174,2.4121060273221837,1.007059920846769,2.39584367013047
0.71,0.15832847969827366,1.007059920846769,2.39584367013047,1.012174045874421,2.3814891381961036
0.712,0.15450440632159418,1.012174045874421,2.3814891381961036,1.0165760571090536,2.3674711258559595
0.714,0.15065807484806495,1.0165760571090536,2.3674711258559595,1.0212222698214055,2.3544069892703017
0.716,0.14678982968773308,1.0212222698214055,2.3544069892703017,1.026364042370769,2.339187134136122
0.718,0.14290002055009646,1.026364042370769,2.339187134136122,1.0309320732631189,2.3217133014022906
0.72,0.13898900243709197,1.0309320732631189,2.3217133014022906,1.0350451631284394,2.313563449006176
0.722,0.13505713563508392,1.0350451631284394,2.313563449006176,1.0399760808522522,2.296970128315673
0.724,0.13110478570584358,1.0399760808522522,2.296970128315673,1.0442744191770612,2.278997862924281
0.726,0.12713232347650621,1.0442744191770612,2.278997862924281,1.0493397442837706,2.265382918333376
0.728,0.12314012502849772,1.0493397442837706,2.265382918333376,1.0537312675236437,2.2498417733683493
0.73,0.11912857168542293,1.0537312675236437,2.2498417733683493,1.058305626527375,2.232751799632789
0.732,0.11509804999990039,1.058305626527375,2.232751799632789,1.0620441445099105,2.215771900166837
0.734,0.11104895173934007,1.0620441445099105,2.215771900166837,1.0670189617230426,2.2018148807458893
0.736,0.10698167387064889,1.0670189617230426,2.2018148807458893,1.0712243009817057,2.187003946183101
0.738,0.10289661854385777,1.0712243009817057,2.187003946183101,1.0754918076265578,2.1653994800020806
0.74,0.09879419307466125,1.0754918076265578,2.1653994800020806,1.0800899279745653,2.149214456623913
0.742,0.09467480992585686,1.0800899279745653,2.149214456623913,1.0842283371192227,2.130318408292838
0.744,0.09053888668767796,1.0842283371192227,2.130318408292838,1.0881127368590715,2.1143027287568015
0.746,0.08638684605701265,1.0881127368590715,2.1143027287568015,1.0930535373074368,2.0987333581273635
0.748,0.08221911581549213,1.0930535373074368,2.0987333581273635,1.0967121434787548,2.0788770872482973
0.75,0.07803612880645144,1.0967121434787548,2.0788770872482973,1.100938419337486,2.0616634630198254
0.752,0.07383832291074154,1.100938419337486,2.0616634630198254,1.1051218219858803,2.046926582626338
0.754,0.06962614102139446,1.1051218219858803,2.046926582626338,1.108960571001413,2.029370068651413
0.756,0.06540003101712663,1.108960571001413,2.029370068651413,1.1126502395834823,2.005479212471792
0.758,0.06116044573467333,1.1126502395834823,2.005479212471792,1.116862158243113,1.986831233204693
0.76,0.05690784293995082,1.116862158243113,1.986831233204693,1.1206723785539452,1.9646300566915467
0.762,0.05264268529802962,1.1206723785539452,1.9646300566915467,1.1248408663085856,1.9438239237528496
0.764,0.04836544034191958,1.1248408663085856,1.9438239237528496,1.1293177035309765,1.9289765265812782
0.766,0.04407658044015487,1.1293177035309765,1.9289765265812782,1.1326667131527415,1.9072583959301916
0.768,0.039776582763170004,1.1326667131527415,1.9072583959301916,1.1363749741407256,1.8857781109312974
0.77,0.035465929248464305,1.1363749741407256,1.8857781109312974,1.1400544115963556,1.8649734387410433
0.772,0.031145106564544386,1.1400544115963556,1.8649734387410433,1.1434816388386144,1.8442266584213478
0.774,0.026814606073637018,1.1434816388386144,1.8442266584213478,1.1476324814834857,1.8241974506673604
0.776,0.02247492379316901,1.1476324814834857,1.8241974506673604,1.151273679708799,1.804292397970736
0.778,0.01812656035600393,1.151273679708799,1.804292397970736,1.1549652838530144,1.7812083951234734
0.78,0.01377002096943223,1.1549652838530144,1.7812083951234734,1.1580599802572742,1.7582012493911314
0.782,0.009405815372906553,1.1580599802572742,1.7582012493911314,1.1617460609662686,1.7362348186727892
0.784,0.005034457794517431,1.1617460609662686,1.7362348186727892,1.1650610474290448,1.7115043938674717
0.786,0.0006564669062024225,1.1650610474290448,1.7115043938674717,1.168222164054847,1.695462026629358
0.788,-0.0037276342223148216,1.168222164054847,1.695462026629358,1.171760487637817,1.6727076232176616
0.79,-0.008117318170863964,1.171760487637817,1.6727076232176616,1.1748464208374414,1.646746695374272
0.792,-0.012512053217446188,1.1748464208374414,1.646746695374272,1.1778592553381542,1.6241743589385937
0.794,-0.016911303388143558,1.1778592553381542,1.6241743589385937,1.1815662348062792,1.6005281667092892
0.796,-0.021314528508314994,1.1815662348062792,1.6005281667092892,1.1845742291147343,1.5756574920109216
0.798,-0.025721184255092303,1.1845742291147343,1.5756574920109216,1.1874913687093003,1.5539703462516539
0.8,-0.030130722211173296,1.1874913687093003,1.5539703462516539,1.1908792137843327,1.5294049893353658
0.802,-0.034542589919919424,1.1908792137843327,1.5294049893353658,1.193876840961461,1.5084474498256832
0.804,-0.03895623094176365,1.193876840961461,1.5084474498256832,1.1966026322855188,1.4795814049354123
0.806,-0.04337108491192476,1.1966026322855188,1.4795814049354123,1.1991617589403267,1.457983060037736
0.808,-0.04778658759944232,1.1991617589403267,1.457983060037736,1.2023319530265695,1.4330588560899644
0.81,-0.05220217096752272,1.2023319530265695,1.4330588560899644,1.205159922207218,1.4075858279860223
0.812,-0.05661726323520935,1.205159922207218,1.4075858279860223,1.2081376345409185,1.3823694461937026
0.8140000000000001,-0.06103128894037575,1.2081376345409185,1.3823694461937026,1.2109819335224539,1.356343493413652
0.8160000000000001,-0.06544366900404014,1.2109819335224539,1.356343493413652,1.2133139660743624,1.3317466457363256
0.8180000000000001,-0.06985382079600892,1.2133139660743624,1.3317466457363256,1.216142033747575,1.3048277166697975
0.8200000000000001,-0.07426115820184893,1.216142033747575,1.3048277166697975,1.2188483823704712,1.2777155544175633
0.8220000000000001,-0.07866509169118738,1.2188483823704712,1.2777155544175633,1.2210937176257246,1.2560926578700555
0.8240000000000001,-0.0830650283873453,1.2210937176257246,1.2560926578700555,1.2232855322508647,1.2300535737460991
0.8260000000000001,-0.08746037213829744,1.2232855322508647,1.2300535737460991,1.2261593134147952,1.20353614436632
0.8280000000000001,-0.09185052358897101,1.2261593134147952,1.20353614436632,1.228333094451714,1.1764637504480255
0.8300000000000001,-0.09623488025486987,1.228333094451714,1.1764637504480255,1.2306427651644267,1.1519565481139402
0.8320000000000001,-0.10061283659703524,1.2306427651644267,1.1519565481139402,1.2328407201566773,1.1223008624608506
0.834,-0.10498378409833442,1.2328407201566773,1.1223008624608506,1.235260215329002,1.0975463907710876
0.836,-0.10934711134108446,1.235260215329002,1.0975463907710876,1.2374357004719228,1.0669958772800956
0.838,-0.11370220408600047,1.2374357004719228,1.0669958772800956,1.2395322116627912,1.0416764957562668
0.84,-0.1180484453524765,1.2395322116627912,1.0416764957562668,1.2411526865166072,1.0161519015403326
0.842,-0.12238521550019013,1.2411526865166072,1.0161519015403326,1.2433787528981903,0.984887572747998
0.844,-0.12671189231203264,1.2433787528981903,0.984887572747998,1.2451837494236875,0.960620431620157
0.846,-0.13102785107836198,1.2451837494236875,0.960620431620157,1.2467392934398251,0.9325705424580696
0.848,-0.13533246468257398,1.2467392934398251,0.9325705424580696,1.2488588632169837,0.9045001023162198
0.85,-0.13962510368799116,1.2488588632169837,0.9045001023162198,1.2502059072000251,0.8785126870771279
0.852,-0.14390513642606173,1.2502059072000251,0.8785126870771279,1.2522228627456247,0.8458511517033442
0.854,-0.14817192908587218,1.2522228627456247,0.8458511517033442,1.2539345568865514,0.8196833446031115
0.856,-0.15242484580496185,1.2539345568865514,0.8196833446031115,1.255534114984555,0.7931204934446725
0.858,-0.15666324876143742,1.255534114984555,0.7931204934446725,1.257038094601184,0.7645927965885404
0.86,-0.1608864982673876,1.257038094601184,0.7645927965885404,1.2585094707133468,0.7324724779961159
0.862,-0.16509395286358375,1.2585094707133468,0.7324724779961159,1.2596386838151827,0.7018707636026641
0.864,-0.169284969415467,1.2596386838151827,0.7018707636026641,1.2613647690468062,0.6714590675955717
0.866,-0.1734589032104179,1.2613647690468062,0.6714590675955717,1.2629339486575089,0.6455413778035628
0.868,-0.17761510805629308,1.2629339486575089,0.6455413778035628,1.2637560564759895,0.6155324605635272
0.87,-0.1817529363812338,1.2637560564759895,0.6155324605635272,1.2653346124911091,0.5877191777592591
0.872,-0.1858717393347304,1.2653346124911091,0.5877191777592591,1.265732627269401,0.5555917437878646
0.874,-0.18997086688993978,1.265732627269401,0.5555917437878646,1.2673493685033919,0.5248094851045452
0.876,-0.1940496679472453,1.2673493685033919,0.5248094851045452,1.2682299079429895,0.49182973538285657
0.878,-0.19810749043905562,1.2682299079429895,0.49182973538285657,1.2689726303975366,0.4662054930948392
0.88,-0.20214368143582773,1.2689726303975366,0.4662054930948392,1.270106176623124,0.43432714873360184
0.882,-0.206157587253309,1.270106176623124,0.43432714873360184,1.2709547712297262,0.40126516707625437
0.884,-0.21014855356098894,1.2709547712297262,0.40126516707625437,1.2714775962936988,0.37313852409208037
0.886,-0.21411592549174863,1.2714775962936988,0.37313852409208037,1.2718821142189147,0.34338187267242853
0.888,-0.2180590477526995,1.2718821142189147,0.34338187267242853,1.2728714037026285,0.3060259138837351
0.89,-0.22197726473720014,1.2728714037026285,0.3060259138837351,1.273473750176188,0.27334336442621243
0.892,-0.2258699206380399,1.273473750176188,0.27334336442621243,1.273714781187072,0.23830437058696438
0.894,-0.2297363595617796,1.273714781187072,0.23830437058696438,1.2741853639804865,0.20186540071666897
0.896,-0.23357592564423266,1.2741853639804865,0.20186540071666897,1.2746420991036036,0.17433407866502873
0.898,-0.23738796316708122,1.2746420991036036,0.17433407866502873,1.2747780283428862,0.1295493046365151
0.9,-0.24117181667561002,1.2747780283428862,0.1295493046365151,1.2749651976249796,0.09683638605687661
0.902,-0.2449268310975434,1.2749651976249796,0.09683638605687661,1.2752106014268538,0.05936389994704571
0.904,-0.2486523518629784,1.2752106014268538,0.05936389994704571,1.2755309823169865,0.022786532725147548
0.906,-0.2523477250253922,1.2755309823169865,0.022786532725147548,1.2751306043391974,-0.007588214049200263
0.908,-0.2560122973837156,1.2751306043391974,-0.007588214049200263,1.2752346695404244,-0.032542670790309196
0.91,-0.25964541660545387,1.2752346695404244,-0.032542670790309196,1.2749950373995471,-0.052245024153636355
0.912,-0.26324643135084175,1.2749950373995471,-0.052245024153636355,1.2750547752757886,-0.07057148671193014
0.914,-0.26681469139801517,1.2750547752757886,-0.07057148671193014,1.274766273286552,-0.08123617661690638
0.916,-0.27034954776918535,1.274766273286552,-0.08123617661690638,1.2745350775735582,-0.10174029469077588
0.918,-0.27385035285779685,1.2745350775735582,-0.10174029469077588,1.2742863574674177,-0.11209369889170848
0.92,-0.27731646055665504,1.2742863574674177,-0.11209369889170848,1.2741065932054,-0.13126124168321943
0.922,-0.28074722638700117,1.2741065932054,-0.13126124168321943,1.2742282097654216,-0.14315222313225237
0.924,-0.28414200762852176,1.2742282097654216,-0.14315222313225237,1.2734788369513108,-0.15584290585716573
0.926,-0.28750016345027035,1.2734788369513108,-0.15584290585716573,1.2730332721824973,-0.18129360733106079
0.928,-0.29082105504248607,1.2730332721824973,-0.18129360733106079,1.2726669898485963,-0.19555433652915719
0.93,-0.29410404574928567,1.2726669898485963,-0.19555433652915719,1.2719583980226352,-0.2122888656763471
0.932,-0.2973485012022123,1.2719583980226352,-0.2122888656763471,1.2720056793925734,-0.23507661842159908
0.934,-0.3005537894546211,1.2720056793925734,-0.23507661842159908,1.2711755800586348,-0.25382045418377375
0.936,-0.3037192811168759,1.2711755800586348,-0.25382045418377375,1.2705025847042088,-0.27020493792057987
0.9380000000000001,-0.3068443494923458,1.2705025847042088,-0.27020493792057987,1.2701990128575007,-0.29181233661471184
0.9400000000000001,-0.3099283707141669,1.2701990128575007,-0.29181233661471184,1.2696181852187038,-0.3129800848996643
0.9420000000000001,-0.3129707238827601,1.2696181852187038,-0.3129800848996643,1.26875889196133,-0.33435874859392417
0.9440000000000001,-0.31597079120407234,1.26875889196133,-0.33435874859392417,1.2681286957959155,-0.3553705634997095
0.9460000000000001,-0.31892795812852515,1.2681286957959155,-0.3553705634997095,1.2675254342864137,-0.3791743901880789
0.9480000000000001,-0.32184161349064194,1.2675254342864137,-0.3791743901880789,1.2665636391901711,-0.40157193646635364
0.9500000000000001,-0.3247111496493352,1.2665636391901711,-0.40157193646635364,1.265650042968379,-0.42191539944016526
0.9520000000000001,-0.327535962628825,1.265650042968379,-0.42191539944016526,1.264739679358103,-0.4472037995891296
0.9540000000000001,-0.3303154522601661,1.264739679358103,-0.4472037995891296,1.2637359654319966,-0.46915758559990767
0.9560000000000001,-0.3330490223233565,1.2637359654319966,-0.46915758559990767,1.2631717668486244,-0.49412701144499155
0.9580000000000001,-0.33573608069000666,1.2631717668486244,-0.49412701144499155,1.262301756285475,-0.522776222706678
0.96,-0.3383760394665367,1.262301756285475,-0.522776222706678,1.2606899815301558,-0.5414931806383828
0.962,-0.34096831513787834,1.2606899815301558,-0.5414931806383828,1.2593826920044071,-0.567506012530032
0.964,-0.3435123287116554,1.2593826920044071,-0.567506012530032,1.2585255067061885,-0.592122854267877
0.966,-0.3460075058628132,1.2585255067061885,-0.592122854267877,1.2572698419075206,-0.6144474453524077
0.968,-0.34845327707866997,1.2572698419075206,-0.6144474453524077,1.256214153550172,-0.6435359473423935
0.97,-0.35084907780436203,1.256214153550172,-0.6435359473423935,1.254402389815814,-0.6644185847850939
0.972,-0.35319434858865295,1.254402389815814,-0.6644185847850939,1.2530516923983368,-0.6860908600428486
0.974,-0.35548853523007745,1.2530516923983368,-0.6860908600428486,1.251837408982682,-0.7140560129539988
0.976,-0.35773108892339267,1.251837408982682,-0.7140560129539988,1.2503445205639832,-0.7398460656564916
0.978,-0.3599214664063025,1.2503445205639832,-0.7398460656564916,1.2487059734167503,-0.7603071018075178
0.98,-0.3620591301064275,1.2487059734167503,-0.7603071018075178,1.2473489412468033,-0.7922620762393459
0.982,-0.3641435482884884,1.2473489412468033,-0.7922620762393459,1.2455232117955706,-0.811673739600687
0.984,-0.3661741952016711,1.2455232117955706,-0.811673739600687,1.244060079973194,-0.8347435127328062
0.986,-0.3681505512271428,1.244060079973194,-0.8347435127328062,1.2423066592376681,-0.8621254157445327
0.988,-0.3700721030256835,1.2423066592376681,-0.8621254157445327,1.2404459768705316,-0.8853953676119267
0.99,-0.3719383436854052,1.2404459768705316,-0.8853953676119267,1.2387691912699963,-0.9115602167791058
0.992,-0.3737487728695204,1.2387691912699963,-0.9115602167791058,1.236726177993871,-0.9333773395994133
0.994,-0.37550289696413003,1.236726177993871,-0.9333773395994133,1.2349027619786246,-0.9588921204645753
0.996,-0.37720022922599417,1.2349027619786246,-0.9588921204645753,1.2330763112861194,-0.9842543591795799
0.998,-0.37884028993025265,1.2330763112861194,-0.9842543591795799,1.2310158097567,-1.004333789287732
1.0,-0.3804226065180614,1.2310158097567,-1.004333789287732,1.2288320372365988,-1.030883608868633
1.002,-0.38194671374410505,1.2288320372365988,-1.030883608868633,1.2265129826353245,-1.055268240179999
1.004,-0.38341215382395594,1.2265129826353245,-1.055268240179999,1.2244355712190629,-1.076269879716997
1.006,-0.3848184765812392,1.2244355712190629,-1.076269879716997,1.2223119893458967,-1.1024725659286898
1.008,-0.386165239594569,1.2223119893458967,-1.1024725659286898,1.2203293769371188,-1.1255846464372665
1.01,-0.38745200834421895,1.2203293769371188,-1.1255846464372665,1.217925862915822,-1.1495651296665979
1.012,-0.38867835635848924,1.217925862915822,-1.1495651296665979,1.2155485717922114,-1.1724978051723312
1.014,-0.389843865359733,1.2155485717922114,-1.1724978051723312,1.2133377859115702,-1.194860286232895
1.016,-0.39094812541000395,1.2133377859115702,-1.194860286232895,1.2103630738948012,-1.2193498494222479
1.018,-0.39199073505628695,1.2103630738948012,-1.2193498494222479,1.2079085301960608,-1.240217120414563
1.02,-0.392971301475272,1.2079085301960608,-1.240217120414563,1.2057903399684913,-1.2635654709697977
1.022,-0.39388944061763426,1.2057903399684913,-1.2635654709697977,1.2029585825057774,-1.2890001266199496
1.024,-0.39474477735177904,1.2029585825057774,-1.2890001266199496,1.2004319385842237,-1.3105520477422006
1.026,-0.3955369456070126,1.2004319385842237,-1.3105520477422006,1.1979640508208682,-1.332343972826427
1.028,-0.39626558851609905,1.1979640508208682,-1.332343972826427,1.1951619426461462,-1.3547125843515537
1.03,-0.39693035855716197,1.1951619426461462,-1.3547125843515537,1.1925377579836725,-1.3778127551504422
1.032,-0.3975309176948909,1.1925377579836725,-1.3778127551504422,1.1894527302307243,-1.3964830821235026
1.034,-0.3980669375210113,1.1894527302307243,-1.3964830821235026,1.1870202708867,-1.4221974155967785
1.036,-0.39853809939397666,1.1870202708867,-1.4221974155967785,1.1835490575761087,-1.4399101507375345
1.038,-0.39894409457784014,1.1835490575761087,-1.4399101507375345,1.1811948655362634,-1.4605058572786127
1.04,-0.3992846243802658,1.1811948655362634,-1.4605058572786127,1.1780555773161172,-1.4854702295332238
1.042,-0.39955940028963544,1.1780555773161172,-1.4854702295332238,1.1749560857954198,-1.5032744575171777
1.044,-0.3997681441112084,1.1749560857954198,-1.5032744575171777,1.1718961214929136,-1.52445330681259
1.046,-0.3999105881022936,1.1718961214929136,-1.52445330681259,1.1689130903513607,-1.5504980848152976
1.048,-0.3999864751063875,1.1689130903513607,-1.5504980848152976,1.16522289422885,-1.5683689606224747
1.05,-0.39999555868623843,1.16522289422885,-1.5683689606224747,1.1624753331675102,-1.586921225712706
1.052,-0.3999376032557896,1.1624753331675102,-1.586921225712706,1.1589791803768261,-1.6028416106039003
1.054,-0.3998123842109612,1.1589791803768261,-1.6028416106039003,1.1559527529856786,-1.6254097184058123
1.056,-0.399619688059224,1.1559527529856786,-1.6254097184058123,1.1528904854136055,-1.6410406544070573
1.058,-0.39935931254792273,1.1528904854136055,-1.6410406544070573,1.1493626656076148,-1.6642004152522578
1.06,-0.39903106679130285,1.1493626656076148,-1.6642004152522578,1.1457582621767999,-1.6837052441025426
1.062,-0.39863477139619796,1.1457582621767999,-1.6837052441025426,1.1423503661534373,-1.7033186490653867
1.064,-0.3981702585863316,1.1423503661534373,-1.7033186490653867,1.1393129589014375,-1.720257222517938
1.066,-0.3976373723251887,1.1393129589014375,-1.720257222517938,1.1358714461692443,-1.7387855296700494
1.068,-0.3970359684374122,1.1358714461692443,-1.7387855296700494,1.1324003755288996,-1.7593181042440318
1.07,-0.39636591472867877,1.1324003755288996,-1.7593181042440318,1.1288602527635485,-1.7763085142487263
1.072,-0.3956270911040085,1.1288602527635485,-1.7763085142487263,1.1249560092614483,-1.7933428115309817
1.074,-0.39481938968446295,1.1249560092614483,-1.7933428115309817,1.1217778600072075,-1.8115165202931562
1.076,-0.3939427149221855,1.1217778600072075,-1.8115165202931562,1.1178536867333562,-1.8261907252188996
1.078,-0.3929969837137394,1.1178536867333562,-1.8261907252188996,1.1140893079012815,-1.845358789927067
1.08,-0.39198212551169487,1.1140893079012815,-1.845358789927067,1.1101201451342393,-1.86255605989146
1.082,-0.3908980824344231,1.1101201451342393,-1.86255605989146,1.1068139108420763,-1.8780281039608056
1.084,-0.3897448093740473,1.1068139108420763,-1.8780281039608056,1.1025692641134752,-1.890447415600623
1.086,-0.3885222741025073,1.1025692641134752,-1.890447415600623,1.0991184336131854,-1.9080518218033231
1.088,-0.3872304573756902,1.0991184336131854,-1.9080518218033231,1.0950426617991835,-1.9287878085075156
1.09,-0.3858693530355807,1.0950426617991835,-1.9287878085075156,1.0911150246953345,-1.9386998829567785
1.092,-0.38443896811038614,1.0911150246953345,-1.9386998829567785,1.0871495137124432,-1.9552355054464352
1.094,-0.3829393229125891,1.0871495137124432,-1.9552355054464352,1.0838403250742836,-1.9709326911939344
1.096,-0.38137045113487916,1.0838403250742836,-1.9709326911939344,1.0795244363671934,-1.983249925298887
1.098,-0.3797323999439234,1.0795244363671934,-1.983249925298887,1.0755119228967995,-1.997892094649937
1.1,-0.3780252300719219,1.0755119228967995,-1.997892094649937,1.0716946709806834,-2.0096293567696217
1.102,-0.37624901590590887,1.0716946709806834,-2.0096293567696217,1.067752650593264,-2.0193937126479566
1.104,-0.3744038455747483,1.067752650593264,-2.0193937126479566,1.0631586544015914,-2.03699621879554
1.106,-0.3724898210337802,1.0631586544015914,-2.03699621879554,1.0589835513600205,-2.049491249582482
1.108,-0.37050705814707247,1.0589835513600205,-2.049491249582482,1.0553728923023935,-2.0564269787484455
1.11,-0.36845568676722973,1.0553728923023935,-2.0564269787484455,1.0508652140503802,-2.0693543139253716
1.112,-0.36633585081271525,1.0508652140503802,-2.0693543139253716,1.0468079252066458,-2.0835991130554334
1.114,-0.36414770834264165,1.0468079252066458,-2.0835991130554334,1.0426005216967682,-2.092639545046936
1.116,-0.36189143162897913,1.0426005216967682,-2.092639545046936,1.0380174218396443,-2.10579192724269
1.118,-0.3595672072261455,1.0380174218396443,-2.10579192724269,1.0340660798009051,-2.1138941653839765
1.12,-0.35717523603792073,1.0340660798009051,-2.1138941653839765,1.0300883937575613,-2.1236283018722983
1.122,-0.3547157333816545,1.0300883937575613,-2.1236283018722983,1.0257973197551566,-2.1347090722220385
1.124,-0.35218892904970844,1.0257973197551566,-2.1347090722220385,1.021215368013467,-2.144314366257031
1.1260000000000001,-0.3495950673680994,1.021215368013467,-2.144314366257031,1.016998075708388,-2.154946226871957
1.1280000000000001,-0.34693440725229385,1.016998075708388,-2.154946226871957,1.0123012511285863,-2.160416568103062
1.1300000000000001,-0.3442072222601093,1.0123012511285863,-2.160416568103062,1.0082106904328454,-2.170977728578568
1.1320000000000001,-0.34141380064168175,1.0082106904328454,-2.170977728578568,1.0044284173449947,-2.177045052519653
1.1340000000000001,-0.3385544453864537,1.0044284173449947,-2.177045052519653,0.9995810582156217,-2.1814178609698933
1.1360000000000001,-0.33562947426713835,0.9995810582156217,-2.1814178609698933,0.9954986406685514,-2.1953318049159707
1.1380000000000001,-0.3326392198806215,0.9954986406685514,-2.1953318049159707,0.990796374359814,-2.1983780719142576
1.1400000000000001,-0.32958402968575146,0.990796374359814,-2.1983780719142576,0.9866439382555378,-2.2060952956548285
1.1420000000000001,-0.32646426603798373,0.9866439382555378,-2.2060952956548285,0.9818065358971478,-2.2131694912483386
1.1440000000000001,-0.32328030622082937,0.9818065358971478,-2.2131694912483386,0.9777824311337258,-2.2148346776249555
1.1460000000000001,-0.3200325424740724,0.9777824311337258,-2.2148346776249555,0.9731970023090308,-2.2243326296574084
1.1480000000000001,-0.31672138201871264,0.9731970023090308,-2.2243326296574084,0.9686628759062941,-2.2278048747928265
1.1500000000000001,-0.31334724707859113,0.9686628759062941,-2.2278048747928265,0.9638757027211453,-2.2341503666552662
1.1520000000000001,-0.3099105748986638,0.9638757027211453,-2.2341503666552662,0.9597394162416716,-2.2367262833989976
1.154,-0.3064118177598777,0.9597394162416716,-2.2367262833989976,0.9552685849725618,-2.2416510824357907
1.156,-0.30285144299061045,0.9552685849725618,-2.2416510824357907,0.9506923908843982,-2.244312136321737
1.158,-0.2992299329746424,0.9506923908843982,-2.244312136321737,0.9464039674512853,-2.2465954780898043
1.16,-0.29554778515561275,0.9464039674512853,-2.2465954780898043,0.941997231692332,-2.250707682526476
1.162,-0.2918055120379266,0.941997231692332,-2.250707682526476,0.9374178641586592,-2.2550124577692165
1.164,-0.2880036411840758,0.9374178641586592,-2.2550124577692165,0.9327217203079777,-2.2507858255390985
1.166,-0.2841427152083397,0.9327217203079777,-2.2507858255390985,0.9281000829224892,-2.2535001518299307
1.168,-0.28022329176681926,0.9281000829224892,-2.2535001518299307,0.92364026122565,-2.255515507650325
1.17,-0.2762459435437856,0.92364026122565,-2.255515507650325,0.9189458722110455,-2.2526896120564315
1.172,-0.2722112582342896,0.9189458722110455,-2.2526896120564315,0.9150446715589377,-2.2576896850284522
1.174,-0.2681198385230155,0.9150446715589377,-2.2576896850284522,0.9100258761976743,-2.2590958934781753
1.176,-0.26397230205933137,0.9100258761976743,-2.2590958934781753,0.9057666029459469,-2.2546358512371945
1.178,-0.2597692814285103,0.9057666029459469,-2.2546358512371945,0.9013304176570917,-2.2529332037044107
1.18,-0.25551142411909267,0.9013304176570917,-2.2529332037044107,0.8965140015682646,-2.2500144991711366
1.182,-0.25119939248634715,0.8965140015682646,-2.2500144991711366,0.8925247834992918,-2.250723312000299
1.184,-0.24683386371181415,0.8925247834992918,-2.250723312000299,0.8875980065185641,-2.2480579323265744
1.186,-0.24241552975888792,0.8875980065185641,-2.2480579323265744,0.8831481794968405,-2.2429558597553756
1.188,-0.23794509732441815,0.8831481794968405,-2.2429558597553756,0.8789247295462437,-2.2401250433032396
1.19,-0.23342328778629834,0.8789247295462437,-2.2401250433032396,0.874205973151099,-2.2375089985453647
1.192,-0.22885083714701115,0.874205973151099,-2.2375089985453647,0.8700050135407754,-2.232161654595702
1.194,-0.22422849597310815,0.8700050135407754,-2.232161654595702,0.8653859274474013,-2.2281033659278817
1.196,-0.21955702933059698,0.8653859274474013,-2.2281033659278817,0.8611248958624649,-2.2244941459129848
1.198,-0.21483721671620815,0.8611248958624649,-2.2244941459129848,0.8562546889064601,-2.218980813415541
1.2,-0.21006985198451847,0.8562546889064601,-2.218980813415541,0.8524133773791729,-2.213976332681732
1.202,-0.20525574327091017,0.8524133773791729,-2.213976332681732,0.8478667146190735,-2.2082525540260995
1.204,-0.20039571291033953,0.8478667146190735,-2.2082525540260995,0.8432297610386035,-2.1979548875671466
1.206,-0.1954905973518956,0.8432297610386035,-2.1979548875671466,0.8387634578146653,-2.1933727030707493
1.208,-0.19054124706912767,0.8387634578146653,-2.1933727030707493,0.8345521905841693,-2.1865597059438473
1.21,-0.18554852646612224,0.8345521905841693,-2.1865597059438473,0.8303342564715523,-2.1776101419022984
1.212,-0.1805133137793105,0.8303342564715523,-2.1776101419022984,0.8258786234617616,-2.169128135574258
1.214,-0.1754365009749896,0.8258786234617616,-2.169128135574258,0.8214381147895901,-2.159325886187943
1.216,-0.1703189936425371,0.8214381147895901,-2.159325886187943,0.8173590789784945,-2.1485336950993195
1.218,-0.16516171088331139,0.8173590789784945,-2.1485336950993195,0.812651955039384,-2.1428304615037863
1.22,-0.1599655851952152,0.812651955039384,-2.1428304615037863,0.8083866910752706,-2.131427520261639
1.222,-0.15473156235291133,0.8083866910752706,-2.131427520261639,0.8045934577803936,-2.1188114447807096
1.224,-0.1494606012836796,0.8045934577803936,-2.1188114447807096,0.8003859485367436,-2.109667520029001
1.226,-0.14415367393890527,0.8003859485367436,-2.109667520029001,0.7959167627206447,-2.0975022654345437
1.228,-0.1388117651611833,0.7959167627206447,-2.0975022654345437,0.7914938998573421,-2.0823038970881242
1.23,-0.13343587254703526,0.7914938998573421,-2.0823038970881242,0.7874406297371871,-2.074875707799911
1.232,-0.128027006305225,0.7874406297371871,-2.074875707799911,0.7835976538617405,-2.05757791418248
1.234,-0.12258618911067719,0.7835976538617405,-2.05757791418248,0.7796064502813306,-2.045442596198064
1.236,-0.11711445595397832,0.7796064502813306,-2.045442596198064,0.7756839967247041,-2.0340688973911836
1.238,-0.11161285398646781,0.7756839967247041,-2.0340688973911836,0.7710054422708381,-2.0177575928550273
1.24,-0.10608244236091507,0.7710054422708381,-2.0177575928550273,0.7672621558923592,-2.0031644163285804
1.242,-0.10052429206777214,0.7672621558923592,-2.0031644163285804,0.763736079219675,-1.9874218733228564
1.244,-0.0949394857670114,0.763736079219675,-1.9874218733228564,0.7594733961744393,-1.9754061900753548
1.246,-0.08932911761554524,0.7594733961744393,-1.9754061900753548,0.755710660129448,-1.9564611410637738
1.248,-0.08369429309022858,0.755710660129448,-1.9564611410637738,0.7517677573198873,-1.9419692477013097
1.25,-0.0780361288064515,0.7517677573198873,-1.9419692477013097,0.7475741992953682,-1.9254273296430222
1.252,-0.07235575233231917,0.7475741992953682,-1.9254273296430222,0.7441916402348834,-1.9104454605239054
1.254,-0.06665430199843746,0.7441916402348834,-1.9104454605239054,0.7402809312196743,-1.8877043624480692
1.256,-0.06093292670329939,0.7402809312196743,-1.8877043624480692,0.7365434482639264,-1.8727656050465022
1.258,-0.05519278571428913,0.7365434482639264,-1.8727656050465022,0.7327306757528236,-1.8543525909952807
1.26,-0.049435048464309655,0.7327306757528236,-1.8543525909952807,0.7296401237833192,-1.838788094852254
1.262,-0.043660894344049156,0.7296401237833192,-1.838788094852254,0.7252487649750341,-1.8177536535529033
1.264,-0.03787151248989799,0.7252487649750341,-1.8177536535529033,0.7215873081794324,-1.8007253433063812
1.266,-0.032068101567527145,0.7215873081794324,-1.8007253433063812,0.7180307733309382,-1.7793730527770282
1.268,-0.026251869551150938,0.7180307733309382,-1.7793730527770282,0.7142984477503088,-1.760706067693654
1.27,-0.020424033498486524,0.7142984477503088,-1.760706067693654,0.710994539555442,-1.7396921546612167
1.272,-0.014585819321428967,0.710994539555442,-1.7396921546612167,0.707878597138484,-1.717093820102951
1.274,-0.008738461552467455,0.707878597138484,-1.717093820102951,0.7044117903350677,-1.6956643583206568
1.276,-0.0028832031068576707,0.7044117903350677,-1.6956643583206568,0.7009813853572059,-1.6753013146125546
1.278,0.0029787049594226043,0.7009813853572059,-1.6753013146125546,0.6975827961501766,-1.6528411176858764
1.28,0.008846003695907989,0.6975827961501766,-1.6528411176858764,0.6944054214299751,-1.634106316324652
1.282,0.014717426508048588,0.6944054214299751,-1.634106316324652,0.6912614881562608,-1.6035333676734207
1.284,0.020591699411749355,0.6912614881562608,-1.6035333676734207,0.6877735689869592,-1.5847930964920625
1.286,0.02646754129201336,0.6877735689869592,-1.5847930964920625,0.6846058507914766,-1.5583383586889283
1.288,0.03234366416567445,0.6846058507914766,-1.5583383586889283,0.6822625523855845,-1.5354786779225338
1.29,0.038218773448158626,0.6822625523855845,-1.5354786779225338,0.6791586858522597,-1.513814341473324
1.292,0.044091568224265985,0.6791586858522597,-1.513814341473324,0.6757449148147097,-1.4916495736614812
1.294,0.049960741522924006,0.6757449148147097,-1.4916495736614812,0.6729438022247117,-1.4622661555101868
1.296,0.055824980595875574,0.6729438022247117,-1.4622661555101868,0.6701659749500252,-1.4393151890775675
1.298,0.06168296720026776,0.6701659749500252,-1.4393151890775675,0.6675888513552368,-1.4158660503201688
1.3,0.06753337788509384,0.6675888513552368,-1.4158660503201688,0.6643097081394027,-1.3855364593665631
1.302,0.07337488428145116,0.6643097081394027,-1.3855364593665631,0.661372498871441,-1.36377362983133
1.304,0.079206153396573,0.661372498871441,-1.36377362983133,0.6590573651022716,-1.3334556598455882
1.306,0.08502584791157862,0.6590573651022716,-1.3334556598455882,0.6565909024013661,-1.3054282019520713
1.308,0.09083262648290515,0.6565909024013661,-1.3054282019520713,0.654013501174051,-1.282530542856928
1.31,0.09662514404737103,0.654013501174051,-1.282530542856928,0.6513203600804462,-1.2540786710270282
1.312,0.10240205213080877,0.6513203600804462,-1.2540786710270282,0.6491127343966044,-1.2239638873717789
1.314,0.10816199916023256,0.6491127343966044,-1.2239638873717789,0.6464665584916164,-1.200632329213709
1.316,0.11390363077947221,0.6464665584916164,-1.200632329213709,0.6442543434815169,-1.1719067942995594
1.318,0.11962559016822778,0.6442543434815169,-1.1719067942995594,0.6417220754154959,-1.139914627613941
1.32,0.12532651836448105,0.6417220754154959,-1.139914627613941,0.6397638042738815,-1.1127853846653013
1.322,0.13100505459020761,0.6397638042738815,-1.1127853846653013,0.637551981929355,-1.0813516072123326
1.324,0.13665983658033007,0.637551981929355,-1.0813516072123326,0.6357938160518843,-1.0510304706273284
1.326,0.1422895009148468,0.6357938160518843,-1.0510304706273284,0.633250943852256,-1.0236399578052766
1.328,0.14789268335407788,0.633250943852256,-1.0236399578052766,0.6314746069747489,-0.9910319323093972
1.33,0.15346801917695918,0.6314746069747489,-0.9910319323093972,0.6294847717158,-0.9625781446943934
1.332,0.15901414352230972,0.6294847717158,-0.9625781446943934,0.6279111547327055,-0.9317262626924054
1.334,0.16452969173302495,0.6279111547327055,-0.9317262626924054,0.6254257339702072,-0.8954781151968702
1.336,0.1700132997031,0.6254257339702072,-0.8954781151968702,0.62401621630082,-0.8708625636999334
1.338,0.17546360422742804,0.62401621630082,-0.8708625636999334,0.6224781682092319,-0.8383981862418712
1.34,0.18087924335429179,0.6224781682092319,-0.8383981862418712,0.6209587652140834,-0.8069122069708555
1.342,0.18625885674047596,0.6209587652140834,-0.8069122069708555,0.619375151619128,-0.7768895859127414
1.344,0.1916010860089263,0.619375151619128,-0.7768895859127414,0.6172892045441221,-0.7426156416909456
1.346,0.1969045751088626,0.6172892045441221,-0.7426156416909456,0.6161238585257771,-0.7143215051321689
1.348,0.20216797067828574,0.6161238585257771,-0.7143215051321689,0.6150061522961934,-0.6785120317994136
1.35,0.20738992240878226,0.6150061522961934,-0.6785120317994136,0.6137802654534503,-0.6440163269105517
1.352,0.212569083412542,0.6137802654534503,-0.6440163269105517,0.6124195591854088,-0.6165108933422415
1.354,0.21770411059151717,0.6124195591854088,-0.6165108933422415,0.6114517093995104,-0.5789761779437234
1.356,0.2227936650086152,0.6114517093995104,-0.5789761779437234,0.6099890335896347,-0.5430931796945436
1.358,0.2278364122608607,0.6099890335896347,-0.5430931796945436,0.6090136391261629,-0.5112327430783258
1.36,0.23283102285441315,0.6090136391261629,-0.5112327430783258,0.6083582368779845,-0.48134180048104025
1.362,0.23777617258136396,0.6083582368779845,-0.48134180048104025,0.6072316555423101,-0.4438301131032172
1.364,0.2426705428982155,0.6072316555423101,-0.4438301131032172,0.6067170771243332,-0.4117479734912454
1.366,0.24751282130594454,0.6067170771243332,-0.4117479734912454,0.6056281898865792,-0.3777037121314977
1.368,0.2523017017315557,0.6056281898865792,-0.3777037121314977,0.6053363354973983,-0.3375760434014119
1.37,0.257035884911027,0.6053363354973983,-0.3375760434014119,0.6044501351341921,-0.30545808966068766
1.372,0.2617140787735479,0.6044501351341921,-0.30545808966068766,0.6039076273425869,-0.2656253013284964
1.374,0.26633499882694794,0.6039076273425869,-0.2656253013284964,0.6035825486137976,-0.23107920190321185
1.3760000000000001,0.2708973685442144,0.6035825486137976,-0.23107920190321185,0.6032519694058694,-0.18889940018945
1.3780000000000001,0.2753999197509945,0.6032519694058694,-0.18889940018945,0.6030097337014727,-0.14713543604034984
1.3800000000000001,0.27984139301397665,0.6030097337014727,-0.14713543604034984,0.6023947573443379,-0.10725161045331448
1.3820000000000001,0.28422053803004405,0.6023947573443379,-0.10725161045331448,0.6023702864898247,-0.06531323951514868
1.3840000000000001,0.288536114016091,0.6023702864898247,-0.06531323951514868,0.602253540350565,-0.025785991080037603
1.3860000000000001,0.29278689009939446,0.602253540350565,-0.025785991080037603,0.6023427600825619,0.007456927914916997
1.3880000000000001,0.29697164570842954,0.6023427600825619,0.007456927914916997,0.6026084342546513,0.04209663165571866
1.3900000000000001,0.30108917096401155,0.6026084342546513,0.04209663165571866,0.6025538656840909,0.061209850262884904
1.3920000000000001,0.30513826707065894,0.6025538656840909,0.061209850262884904,0.6027177450284702,0.07534687901962209
1.3940000000000001,0.3091177467080542,0.6027177450284702,0.07534687901962209,0.6028030373233849,0.10281739296970015
1.3960000000000001,0.31302643442249023,0.6028030373233849,0.10281739296970015,0.6036752775112857,0.1188738698177814
1.3980000000000001,0.316863167018187,0.6036752775112857,0.1188738698177814,0.6033460464460758,0.1400757541988493
1.4000000000000001,0.32062679394835075,0.6033460464460758,0.1400757541988493,0.6036435893105417,0.15912505698250232
1.4020000000000001,0.3243161777058649,0.6036435893105417,0.15912505698250232,0.6041914047753628,0.17763655463134534
1.4040000000000001,0.327930194213485,0.6041914047753628,0.17763655463134534,0.6047090255806352,0.20031558459458298
1.4060000000000001,0.3314677332134197,0.6047090255806352,0.20031558459458298,0.6053836639636327,0.22459438955089217
1.408,0.33492769865616856,0.6053836639636327,0.22459438955089217,0.6055405249245289,0.24230903394817704
1.41,0.33830900908849865,0.6055405249245289,0.24230903394817704,0.6058643014381488,0.2702191784916739
1.412,0.34161059804042526,0.6058643014381488,0.2702191784916739,0.606805134242478,0.2896954675128713
1.414,0.34483141441107845,0.606805134242478,0.2896954675128713,0.6072882295292865,0.31487227027180237
1.416,0.34797042285332214,0.6072882295292865,0.31487227027180237,0.607732574507915,0.33802228608529905
1.418,0.35102660415699716,0.607732574507915,0.33802228608529905,0.6086668028058068,0.36689197769170334
1.42,0.35399895563066053,0.6086668028058068,0.36689197769170334,0.609400778734919,0.3905123930050466
1.422,0.35688649148168694,0.609400778734919,0.3905123930050466,0.6103756003692796,0.4182946223286921
1.424,0.3596882431946039,0.6103756003692796,0.4182946223286921,0.6113485967253449,0.446636870764055
1.426,0.3624032599075224,0.6113485967253449,0.446636870764055,0.6120673308720781,0.47505396015837176
1.428,0.36503060878653815,0.6120673308720781,0.47505396015837176,0.6130095327237404,0.49911032676511163
1.43,0.3675693753979595,0.6130095327237404,0.49911032676511163,0.6142261603852265,0.5294005157880181
1.432,0.37001866407823314,0.6142261603852265,0.5294005157880181,0.615288807059978,0.5556914499051352
1.434,0.37237759830143063,0.615288807059978,0.5556914499051352,0.6165459648193172,0.5824213018784495
1.436,0.3746453210441573,0.6165459648193172,0.5824213018784495,0.6177651063716549,0.6111451127048713
1.438,0.37682099514774753,0.6177651063716549,0.6111451127048713,0.6186556980881585,0.6409478219340529
1.44,0.3789038036776095,0.6186556980881585,0.6409478219340529,0.6206124254243005,0.6662666875655654
1.442,0.38089295027957965,0.6206124254243005,0.6662666875655654,0.6219171519841702,0.6938210578149533
1.444,0.3827876595331483,0.6219171519841702,0.6938210578149533,0.623311636461281,0.7230524299171337
1.446,0.3845871773014191,0.623311636461281,0.7230524299171337,0.6245687811333483,0.7494225413652547
1.448,0.38629077107765675,0.6245687811333483,0.7494225413652547,0.6264794915861787,0.7780028764639486
1.45,0.38789773032829195,0.6264794915861787,0.7780028764639486,0.628116687421126,0.8059708904663768
1.452,0.38940736683223376,0.628116687421126,0.8059708904663768,0.6295919963913911,0.8283177757569689
1.454,0.39081901501635463,0.6295919963913911,0.8283177757569689,0.6313101250831036,0.8590120863800381
1.456,0.3921320322870053,0.6313101250831036,0.8590120863800381,0.6331274703406186,0.8828572710560031
1.458,0.3933457993574162,0.6331274703406186,0.8828572710560031,0.6349278925895445,0.9096221576111321
1.46,0.39445972057084794,0.6349278925895445,0.9096221576111321,0.6367977627065341,0.9411197858463625
1.462,0.3954732242193459,0.6367977627065341,0.9411197858463625,0.6383892829923501,0.962838517586009
1.464,0.39638576285795835,0.6383892829923501,0.962838517586009,0.6405724068728277,0.9924259302071267
1.466,0.3971968136142767,0.6405724068728277,0.9924259302071267,0.6432451617165238,1.016829889162345
1.468,0.3979058784931567,0.6432451617165238,1.016829889162345,0.6446940849077466,1.041378449275872
1.47,0.39851248467647715,0.6446940849077466,1.041378449275872,0.6464347418672052,1.0673028320700582
1.472,0.3990161848177972,0.6464347418672052,1.0673028320700582,0.6490210262912864,1.0954812509054095
1.474,0.39941655733176834,0.6490210262912864,1.0954812509054095,0.6508113506579036,1.117768623873133
1.476,0.39971320667816285,0.6508113506579036,1.117768623873133,0.6535548039461342,1.1404181957768125
1.478,0.39990576364037533,0.6535548039461342,1.1404181957768125,0.6560930686929708,1.1679904338425673
1.48,0.399993885598259,0.6560930686929708,1.1679904338425673,0.6583494122656693,1.1918524741723173
1.482,0.39997725679515517,0.6583494122656693,1.1918524741723173,0.6605942159095799,1.2131757114422221
1.484,0.39985558859897785,0.6605942159095799,1.2131757114422221,0.6632817929774698,1.24249418908638
1.486,0.3996286197572128,0.6632817929774698,1.24249418908638,0.6657904012658808,1.2625317643315355
1.488,0.39929611664569437,0.6657904012658808,1.2625317643315355,0.6681150348911934,1.2850915523182764
1.49,0.39885787351102053,0.6681150348911934,1.2850915523182764,0.670820805276994,1.3136141840247535
1.492,0.3983137127064697,0.670820805276994,1.3136141840247535,0.6736645915410163,1.332296105407633
1.494,0.3976634849212835,0.6736645915410163,1.332296105407633,0.6759511324715891,1.3567995555625478
1.496,0.39690706940317855,0.6759511324715891,1.3567995555625478,0.6790952557268417,1.3781166355086683
1.498,0.3960443741739532,0.6790952557268417,1.3781166355086683,0.6817323980906306,1.399479749447698
1.5,0.3950753362380552,0.6817323980906306,1.399479749447698,0.6846019875859319,1.42025920233127
1.502,0.39399992178397664,0.6846019875859319,1.42025920233127,0.6875823586367911,1.4443687509137648
1.504,0.3928181263783459,0.6875823586367911,1.4443687509137648,0.6905157152294085,1.4647795695617085
1.506,0.391529975152584,0.6905157152294085,1.4647795695617085,0.6936945058679159,1.4846323018256327
1.508,0.3901355229819956,0.6936945058679159,1.4846323018256327,0.6964494315839295,1.5090092886485789
1.51,0.38863485465716907,0.6964494315839295,1.5090092886485789,0.6992127004107389,1.5213728713268673
1.512,0.38702808504755226,0.6992127004107389,1.5213728713268673,0.7026875664673969,1.5445529182923596
1.514,0.38531535925708577,0.7026875664673969,1.5445529182923596,0.7060969174272914,1.566127530277231
1.516,0.38349685277176326,0.7060969174272914,1.566127530277231,0.7090325345503334,1.584649911998044
1.518,0.38157277159899716,0.7090325345503334,1.584649911998044,0.7118795714429043,1.6016599681840178
1.52,0.3795433523986713,0.7118795714429043,1.6016599681840178,0.715733356364918,1.61700361818488
1.522,0.3774088626057533,0.715733356364918,1.61700361818488,0.718589164482675,1.6350666928986595
1.524,0.3751696005443574,0.718589164482675,1.6350666928986595,0.7220265627646266,1.656216928090978
1.526,0.3728258955331347,0.7220265627646266,1.656216928090978,0.7250620106940541,1.6711873880887858
1.528,0.3703781079818759,0.7250620106940541,1.6711873880887858,0.728893819593087,1.687783204322836
1.53,0.3678266294792178,0.728893819593087,1.687783204322836,0.7318226865342291,1.7045012011833665
1.532,0.36517188287133756,0.7318226865342291,1.7045012011833665,0.7358603013836997,1.7163839576248114
1.534,0.3624143223315292,0.7358603013836997,1.7163839576248114,0.7388484896097007,1.733668274765145
1.536,0.35955443342055116,0.7388484896097007,1.733668274765145,0.7425364497809158,1.7495052072882893
1.538,0.35659273313764456,0.7425364497809158,1.7495052072882893,0.7460782280034821,1.7668487448155834
1.54,0.35352976996211205,0.7460782280034821,1.7668487448155834,0.7495058042660495,1.775215590641588
1.542,0.3503661238853666,0.7495058042660495,1.775215590641588,0.7531133285697438,1.7932029895968662
1.544,0.3471024064333402,0.7531133285697438,1.7932029895968662,0.756666719644416,1.8043729309812093
1.546,0.3437392606791636,0.756666719644416,1.8043729309812093,0.7603611517168957,1.8150180221006982
1.548,0.34027736124602204,0.7603611517168957,1.8150180221006982,0.7639054963226158,1.8290815207721824
1.55,0.3367174143000936,0.7639054963226158,1.8290815207721824,0.7675629804762439,1.8382611202030448
1.552,0.3330601575334821,0.7675629804762439,1.8382611202030448,0.7710256166239627,1.8491239562237014
1.554,0.3293063601370564,0.7710256166239627,1.8491239562237014,0.7750450107883712,1.8602473305439235
1.556,0.32545682276312027,0.7750450107883712,1.8602473305439235,0.7787129437298929,1.8672889970977868
1.558,0.3215123774778164,0.7787129437298929,1.8672889970977868,0.7826480066531252,1.880407550328028
1.56,0.3174738877032052,0.7826480066531252,1.880407550328028,0.7862153751044402,1.888650115013101
1.562,0.3133422481489259,0.7862153751044402,1.888650115013101,0.7900518418031214,1.8962054312283314
1.564,0.30911838473337583,0.7900518418031214,1.8962054312283314,0.7939796037027324,1.9033491809127014
1.566,0.3048032544943422,0.7939796037027324,1.9033491809127014,0.7975740895718141,1.9156287444191893
1.568,0.3003978454890069,0.7975740895718141,1.9156287444191893,0.8015803556730774,1.9191017851767393
1.57,0.29590317668327715,0.8015803556730774,1.9191017851767393,0.8057252786807392,1.9272058388036009
1.572,0.2913202978303591,0.8057252786807392,1.9272058388036009,0.8091331454847391,1.929791011507657
1.574,0.2866502893385489,0.8091331454847391,1.929791011507657,0.8137870727831922,1.9362211795793747
1.576,0.2818942621281531,0.8137870727831922,1.9362211795793747,0.8172480271501091,1.9413653721410016
1.578,0.2770533574775133,0.8172480271501091,1.9413653721410016,0.8209287559615693,1.945055511745709
1.58,0.27212874685807076,0.8209287559615693,1.945055511745709,0.8249255960774904,1.9492632756950559
1.582,0.2671216317584408,0.8249255960774904,1.9492632756950559,0.8282552578987671,1.9506306466542074
1.584,0.26203324349744606,0.8282552578987671,1.9506306466542074,0.8325251915177708,1.9504869306717165
1.586,0.25686484302607504,0.8325251915177708,1.9504869306717165,0.8364127149464327,1.9517492709678135
1.588,0.2516177207183328,0.8364127149464327,1.9517492709678135,0.840866022739091,1.9565873510348264
1.59,0.24629319615095904,0.840866022739091,1.9565873510348264,0.844324951218404,1.9599414317363169
1.592,0.24089261787197294,0.844324951218404,1.9599414317363169,0.8482951314926698,1.9600712892151786
1.594,0.23541736315803968,0.8482951314926698,1.9600712892151786,0.8521915304583112,1.9583280696708285
1.596,0.22986883776063044,0.8521915304583112,1.9583280696708285,0.8561052170414042,1.9594410165458078
1.598,0.22424847564096184,0.8561052170414042,1.9594410165458078,0.8599775263531974,1.951293439021188
1.6,0.21855773869370704,0.8599775263531974,1.951293439021188,0.8640092901201002,1.956325329181826
1.602,0.21279811645946559,0.8640092901201002,1.956325329181826,0.8677557734549909,1.949729476230722
1.604,0.20697112582599742,0.8677557734549909,1.949729476230722,0.8716755341689887,1.9441250381370223
1.606,0.20107831071822058,0.8716755341689887,1.9441250381370223,0.8754806751207296,1.9436076887543583
1.608,0.19512124177696483,0.8754806751207296,1.9436076887543583,0.8797103996174579,1.9399719214528264
1.61,0.1891015160265146,0.8797103996174579,1.9399719214528264,0.8835861025420929,1.9334087834555926
1.612,0.18302075653093094,0.8835861025420929,1.9334087834555926,0.8878003426246412,1.9290208542440581
1.614,0.17688061203918273,0.8878003426246412,1.9290208542440581,0.8909454243196941,1.927467527543415
1.616,0.17068275661911084,0.8909454243196941,1.927467527543415,0.894766936945462,1.9188874707737955
1.618,0.16442888928024635,0.894766936945462,1.9188874707737955,0.8993790357262516,1.9102039776982205
1.62,0.1581207335855106,0.8993790357262516,1.9102039776982205,0.9022338860134677,1.9037089004530867
1.622,0.15176003725184098,0.9022338860134677,1.9037089004530867,0.9062764118870568,1.8935286627617418
1.624,0.14534857173977264,0.9062764118870568,1.8935286627617418,0.910287572603238,1.8886475932649784
1.6260000000000001,0.13888813183203305,0.910287572603238,1.8886475932649784,0.9140220690311084,1.8779571691723216
1.6280000000000001,0.1323805352011788,0.9140220690311084,1.8779571691723216,0.9173708445935929,1.8662684918575578
1.6300000000000001,0.1258276219663463,0.9173708445935929,1.8662684918575578,0.9215492157904309,1.8546007322583118
1.6320000000000001,0.11923125423916048,0.9215492157904309,1.8546007322583118,0.9251689675972424,1.843932831388539
1.6340000000000001,0.11259331565887057,0.9251689675972424,1.843932831388539,0.9289268977888737,1.832326754788171
1.6360000000000001,0.10591571091677959,0.9289268977888737,1.832326754788171,0.9325454414964582,1.823508888270685
1.6380000000000001,0.09920036527003247,0.9325454414964582,1.823508888270685,0.9360165179276538,1.808872947487025
1.6400000000000001,0.09244922404484836,0.9360165179276538,1.808872947487025,0.939350364681948,1.7931974967342825
1.6420000000000001,0.08566425212926784,0.939350364681948,1.7931974967342825,0.9435910923504464,1.780376366504951
1.6440000000000001,0.07884743345550721,0.9435910923504464,1.780376366504951,0.9463147141580502,1.7682226568031878
1.6460000000000001,0.07200077047200902,0.9463147141580502,1.7682226568031878,0.9501012277807558,1.752855966604654
1.6480000000000001,0.06512628360528126,0.9501012277807558,1.752855966604654,0.9536757155392732,1.7347036215693048
1.6500000000000001,0.05822601071162359,0.9536757155392732,1.7347036215693048,0.9567127301344137,1.720958724059521
1.6520000000000001,0.051302006518853055,0.9567127301344137,1.720958724059521,0.9607671485706106,1.7036971202489772
1.6540000000000001,0.04435634205812416,0.9607671485706106,1.7036971202489772,0.9639502679223322,1.6888305149750398
1.6560000000000001,0.037391104085975686,0.9639502679223322,1.6888305149750398,0.9671250073828099,1.6680597496801781
1.6580000000000001,0.030408394496703923,0.9671250073828099,1.6680597496801781,0.9704323703026205,1.653155138781619
1.6600000000000001,0.023410329725204928,0.9704323703026205,1.653155138781619,0.973911695329276,1.63319176874535
1.6620000000000001,0.016399040140391008,0.973911695329276,1.63319176874535,0.9767874483635606,1.6171900480672359
1.6640000000000001,0.009376669429345086,0.9767874483635606,1.6171900480672359,0.9802406933089429,1.593114475941122
1.666,0.0023453739723141645,0.9802406933089429,1.593114475941122,0.9835097580830973,1.5746607119352176
1.668,-0.004692677791274687,0.9835097580830973,1.5746607119352176,0.9864583319403452,1.5538262137997787
1.67,-0.01173530600566425,0.9864583319403452,1.5538262137997787,0.9899343537209137,1.5323507126876474
1.672,-0.018780320050309066,0.9899343537209137,1.5323507126876474,0.9925192010690973,1.507242275457401
1.674,-0.02582551919995329,0.9925192010690973,1.507242275457401,0.9953235355443241,1.4854486026451095
1.676,-0.03286869329309434,0.9953235355443241,1.4854486026451095,0.9983431364041192,1.461726105062822
1.678,-0.03990762340865519,0.9983431364041192,1.461726105062822,1.0012900087384717,1.4406104696730642
1.68,-0.04694008255069074,1.0012900087384717,1.4406104696730642,1.0039739102152925,1.4136805985559198
1.682,-0.05396383634096137,1.0039739102152925,1.4136805985559198,1.0071519867265237,1.3943389544369817
1.684,-0.06097664371918458,1.0071519867265237,1.3943389544369817,1.0096406116402077,1.3682059219300324
1.686,-0.06797625765078677,1.0096406116402077,1.3682059219300324,1.0124210890963345,1.3443692235621663
1.688,-0.07496042584194962,1.0124210890963345,1.3443692235621663,1.0151392781409445,1.3170201705179387
1.69,-0.08192689146177365,1.0151392781409445,1.3170201705179387,1.0175203981185938,1.2896689239116417
1.692,-0.08887339387133959,1.0175203981185938,1.2896689239116417,1.0202466224932158,1.2682424619174228
1.694,-0.09579766935948504,1.0202466224932158,1.2682424619174228,1.0226351241342282,1.239263047909177
1.696,-0.10269745188506163,1.0226351241342282,1.239263047909177,1.0252648044505026,1.2101715367964754
1.698,-0.10957047382547994,1.0252648044505026,1.2101715367964754,1.0270331379539757,1.1811187742421672
1.7,-0.11641446673130905,1.0270331379539757,1.1811187742421672,1.02991495476949,1.1538164861698614
1.702,-0.12322716208671401,1.02991495476949,1.1538164861698614,1.032188931599526,1.1238226123409216
1.704,-0.1300062920755077,1.032188931599526,1.1238226123409216,1.0342682651582713,1.0949762858413477
1.706,-0.13674959035256637,1.0342682651582713,1.0949762858413477,1.036153252516903,1.068376014931322
1.708,-0.1434547928204039,1.036153252516903,1.068376014931322,1.0384941902779388,1.034422204943675
1.71,-0.1501196384106222,1.0384941902779388,1.034422204943675,1.04053022723807,1.007147456512252
1.712,-0.15674186987003724,1.04053022723807,1.007147456512252,1.0424729069110519,0.9779057240082536
1.714,-0.1633192345511929,1.0424729069110519,0.9779057240082536,1.0442736308505682,0.947451764293233
1.716,-0.1698494852070329,1.0442736308505682,0.947451764293233,1.0459713102883132,0.9160055902283333
1.718,-0.1763303807894668,1.0459713102883132,0.9160055902283333,1.0473886700667518,0.882190485728685
1.72,-0.18275968725155112,1.0473886700667518,0.882190485728685,1.0493993403912198,0.8506053832605102
1.722,-0.18913517835305818,1.0493993403912198,0.8506053832605102,1.0514441438341695,0.8209524593814413
1.724,-0.1954546364691186,1.0514441438341695,0.8209524593814413,1.0529366869015528,0.7858030578534093
1.726,-0.2017158534016914,1.0529366869015528,0.7858030578534093,1.0538658579546292,0.7532494738463225
1.728,-0.20791663119358003,1.0538658579546292,0.7532494738463225,1.0557241854941821,0.7183635739945383
1.73,-0.21405478294470057,1.0557241854941821,0.7183635739945383,1.0569490054669566,0.6892148037329788
1.732,-0.2201281336303306,1.0569490054669566,0.6892148037329788,1.0585834357761819,0.6510490963046824
1.734,-0.22613452092104153,1.0585834357761819,0.6510490963046824,1.0597588589098692,0.6187680084942783
1.736,-0.2320717960040315,1.0597588589098692,0.6187680084942783,1.0607393501544853,0.5818982167861282
1.738,-0.2379378244055444,1.0607393501544853,0.5818982167861282,1.0618738320968968,0.5481201905295514
1.74,-0.24373048681409643,1.0618738320968968,0.5481201905295514,1.0625037563508721,0.5133189573555895
1.742,-0.24944767990419706,1.0625037563508721,0.5133189573555895,1.0641682911767931,0.4755011854602483
1.744,-0.25508731716025873,1.0641682911767931,0.4755011854602483,1.0648290480640479,0.44359733968800047
1.746,-0.2606473297003891,1.0648290480640479,0.44359733968800047,1.0654205547890951,0.40685966803776646
1.748,-0.2661256670997511,1.0654205547890951,0.40685966803776646,1.0666801046914611,0.36940250775005173
1.75,-0.27152029821317675,1.0666801046914611,0.36940250775005173,1.0669616588010953,0.3309008020891759
1.752,-0.2768292119967235,1.0669616588010953,0.3309008020891759,1.0677213842613371,0.2932565745848534
1.754,-0.28205041832784006,1.0677213842613371,0.2932565745848534,1.0681362249198687,0.2517489060319778
1.756,-0.2871819488238304,1.0681362249198687,0.2517489060319778,1.0683605372593747,0.21438611221470516
1.758,-0.29222185765827785,1.0683605372593747,0.21438611221470516,1.069236530358814,0.17367455010028546
1.76,-0.2971682223751222,1.069236530358814,0.17367455010028546,1.0692056193496,0.12712277775750058
1.762,-0.30201914470003294,1.0692056193496,0.12712277775750058,1.0693300256208929,0.08418769913145141
1.764,-0.3067727513487659,1.0693300256208929,0.08418769913145141,1.0695580700725116,0.04090419230796729
1.766,-0.31142719483215986,1.0695580700725116,0.04090419230796729,1.0688798778758002,0.006270246512154714
1.768,-0.31598065425744437,1.0688798778758002,0.006270246512154714,1.0693230201914317,-0.03170443492737963
1.77,-0.320431336125503,1.0693230201914317,-0.03170443492737963,1.0692265748723602,-0.05982840093133993
1.772,-0.3247774751237772,1.0692265748723602,-0.05982840093133993,1.0688980607891476,-0.0806552370755649
1.774,-0.32901733491444535,1.0688980607891476,-0.0806552370755649,1.068579785064777,-0.10167977189860206
1.776,-0.33314920891754973,1.068579785064777,-0.10167977189860206,1.068676254324961,-0.12110582653896576
1.778,-0.3371714210887175,1.068676254324961,-0.12110582653896576,1.068230184190835,-0.1444171362050797
1.78,-0.34108232669113603,1.068230184190835,-0.1444171362050797,1.0678164255084397,-0.16632705433216152
1.782,-0.34488031306143013,1.0678164255084397,-0.16632705433216152,1.0675971696695874,-0.18691056783397453
1.784,-0.34856380036909995,1.0675971696695874,-0.18691056783397453,1.0671244809100364,-0.2118599109264745
1.786,-0.35213124236916316,1.0671244809100364,-0.2118599109264745,1.0668012011275165,-0.23400471347457458
1.788,-0.3555811271476581,1.0668012011275165,-0.23400471347457458,1.0660419300147055,-0.26121424379618047
1.79,-0.35891197785965534,1.0660419300147055,-0.26121424379618047,1.0656905450102159,-0.2834629041455333
1.792,-0.36212235345942895,1.0656905450102159,-0.2834629041455333,1.065107438722216,-0.3112584151273796
1.794,-0.36521084942243315,1.065107438722216,-0.3112584151273796,1.0643190624971754,-0.3415014701567722
1.796,-0.36817609845874005,1.0643190624971754,-0.3415014701567722,1.063331116142784,-0.36628173623130317
1.798,-0.3710167712175812,1.063331116142784,-0.36628173623130317,1.062655204014584,-0.3935732352268479
1.8,-0.373731576982645,1.062655204014584,-0.3935732352268479,1.0619541841095004,-0.4209275210240402
1.802,-0.3763192643577831,1.0619541841095004,-0.4209275210240402,1.0607842807993724,-0.4508525709570031
1.804,-0.37877862194277034,1.0607842807993724,-0.4508525709570031,1.0596833885019468,-0.4807714682178957
1.806,-0.38110847899877554,1.0596833885019468,-0.4807714682178957,1.0591925536745874,-0.5109310797290485
1.808,-0.383307706103186,1.0591925536745874,-0.5109310797290485,1.0578793709117498,-0.5404371644815085
1.81,-0.38537521579344974,1.0578793709117498,-0.5404371644815085,1.0568289411826777,-0.5631822474326071
1.812,-0.3873099631995812,1.0568289411826777,-0.5631822474326071,1.055330300047534,-0.5972059629771396
1.814,-0.3891109466649863,1.055330300047534,-0.5972059629771396,1.0544634114932696,-0.6233942759895216
1.816,-0.39077720835526786,1.0544634114932696,-0.6233942759895216,1.0531122092349554,-0.6529299411528732
1.818,-0.3923078348546652,1.0531122092349554,-0.6529299411528732,1.0514895815209744,-0.6832432220360074
1.82,-0.39370195774978933,1.0514895815209744,-0.6832432220360074,1.0501839064502134,-0.7143331120807659
1.822,-0.3949587542003158,1.0501839064502134,-0.7143331120807659,1.0487266395688686,-0.7427329604401647
1.824,-0.3960774474962998,1.0487266395688686,-0.7427329604401647,1.0470032223492203,-0.7693739066190918
1.826,-0.3970573076017775,1.0470032223492203,-0.7693739066190918,1.0459972772968755,-0.8007032031805449
1.828,-0.39789765168432417,1.0459972772968755,-0.8007032031805449,1.043725095581165,-0.8257832494454851
1.83,-0.3985978446302406,1.043725095581165,-0.8257832494454851,1.0419393452232322,-0.8558309341924923
1.832,-0.39915729954503987,1.0419393452232322,-0.8558309341924923,1.0405912865037152,-0.8833060722864221
1.834,-0.39957547823891315,1.0405912865037152,-0.8833060722864221,1.0386645731409596,-0.9063173330198346
1.836,-0.39985189169685414,1.0386645731409596,-0.9063173330198346,1.0369171379593116,-0.9396766233327933
1.838,-0.39998610053312506,1.0369171379593116,-0.9396766233327933,1.0347485120740718,-0.9604234696234077
1.84,-0.3999777154297513,1.0347485120740718,-0.9604234696234077,1.0328683110983183,-0.9933305436503798
1.842,-0.39982639755873584,1.0328683110983183,-0.9933305436503798,1.0309535484070116,-1.0161072106464217
1.844,-0.399531858987686,1.0309535484070116,-1.0161072106464217,1.0291355551354349,-1.0424500741041174
1.846,-0.39909386306855255,1.0291355551354349,-1.0424500741041174,1.0267958862350517,-1.0665986214428111
1.848,-0.3985122248091827,1.0267958862350517,-1.0665986214428111,1.0241223128260746,-1.0950460692266284
1.85,-0.39778681122739323,1.0241223128260746,-1.0950460692266284,1.0221507514036592,-1.1202471317807168
1.852,-0.3969175416872763,1.0221507514036592,-1.1202471317807168,1.0198719025486997,-1.1458490542993636
1.854,-0.3959043882174525,1.0198719025486997,-1.1458490542993636,1.0177529116327269,-1.1704922503909267
1.856,-0.3947473758109931,1.0177529116327269,-1.1704922503909267,1.0154492255296406,-1.195668518784749
1.858,-0.39344658270673516,1.0154492255296406,-1.195668518784749,1.0126233083758183,-1.2219995044325225
1.86,-0.3920021406517243,1.0126233083758183,-1.2219995044325225,1.0099617425017686,-1.2371585601266273
1.862,-0.3904142351445171,1.0099617425017686,-1.2371585601266273,1.0074927404861063,-1.2638462687413394
1.864,-0.3886831056590887,1.0074927404861063,-1.2638462687413394,1.005299793981891,-1.2858473370482868
1.866,-0.38680904584909,1.005299793981891,-1.2858473370482868,1.0028270819989342,-1.3041584040090701
1.868,-0.3847924037322114,1.0028270819989342,-1.3041584040090701,0.9998396768415541,-1.3313303946472317
1.87,-0.38263358185441154,0.9998396768415541,-1.3313303946472317,0.997390907125274,-1.3534188693061795
1.872,-0.3803330374337724,0.997390907125274,-1.3534188693061795,0.9941001511299167,-1.3723768613784058
1.874,-0.3778912824837635,0.9941001511299167,-1.3723768613784058,0.9915116504049748,-1.3944278948704028
1.8760000000000001,-0.37530888391568085,0.9915116504049748,-1.3944278948704028,0.9886901893629595,-1.413991513491653
1.8780000000000001,-0.37258646362006026,0.9886901893629595,-1.413991513491653,0.9860073804203995,-1.4348851059528633
1.8800000000000001,-0.36972469852684275,0.9860073804203995,-1.4348851059528633,0.9836533318972175,-1.4566414002121684
1.8820000000000001,-0.3667243206441062,0.9836533318972175,-1.4566414002121684,0.9803748814958716,-1.4712002101076322
1.8840000000000001,-0.3635861170751588,0.9803748814958716,-1.4712002101076322,0.9769859823263876,-1.4890956133151547
1.8860000000000001,-0.360310930013817,0.9769859823263876,-1.4890956133151547,0.9743167921576709,-1.5069357831702106
1.8880000000000001,-0.3568996567176812,0.9743167921576709,-1.5069357831702106,0.9710467698790598,-1.5236551451022746
1.8900000000000001,-0.3533532494592493,0.9710467698790598,-1.5236551451022746,0.9678186411793694,-1.5374297898979628
1.8920000000000001,-0.3496727154546949,0.9678186411793694,-1.5374297898979628,0.9650136730132136,-1.5551740940792809
1.8940000000000001,-0.34585911677016634,0.9650136730132136,-1.5551740940792809,0.9619444889148738,-1.5690995439075972
1.8960000000000001,-0.3419135702054492,0.9619444889148738,-1.5690995439075972,0.9586299444735285,-1.5862722649844718
1.8980000000000001,-0.3378372471548642,0.9586299444735285,-1.5862722649844718,0.9553668369025321,-1.5989829454179767
1.9000000000000001,-0.333631373445268,0.9553668369025321,-1.5989829454179767,0.9523819019799007,-1.6137530200547852
1.9020000000000001,-0.32929722915103277,0.9523819019799007,-1.6137530200547852,0.9490325042269682,-1.6256711220474094
1.9040000000000001,-0.3248361483858955,0.9490325042269682,-1.6256711220474094,0.9453103309666544,-1.6420794114593886
1.9060000000000001,-0.3202495190715791,0.9453103309666544,-1.6420794114593886,0.9425820034472053,-1.652112260471213
1.9080000000000001,-0.3155387826830811,0.9425820034472053,-1.652112260471213,0.9388005696158437,-1.6598113427111665
1.9100000000000001,-0.31070543397055544,0.9388005696158437,-1.6598113427111665,0.93535914594045,-1.671031135530842
1.9120000000000001,-0.3057510206577039,0.93535914594045,-1.671031135530842,0.93240315396489,-1.6830914485122268
1.9140000000000001,-0.3006771431166204,0.93240315396489,-1.6830914485122268,0.9286956797349641,-1.6916429468797796
1.9160000000000001,-0.2954854540190257,0.9286956797349641,-1.6916429468797796,0.9253235956513948,-1.7009771695925167
1.9180000000000001,-0.2901776579638446,0.9253235956513948,-1.7009771695925167,0.9220944232370688,-1.7098958304716805
1.92,-0.28475551108110114,0.9220944232370688,-1.7098958304716805,0.9184304269870871,-1.7205994210438162
1.922,-0.279220820612088,0.9184304269870871,-1.7205994210438162,0.915120151530027,-1.7237810245327985
1.924,-0.27357544446581095,0.915120151530027,-1.7237810245327985,0.9116307961242676,-1.7342629461076169
1.926,-0.26782129075169203,0.9116307961242676,-1.7342629461076169,0.9083141546981369,-1.736790603936828
1.928,-0.2619603172885368,0.9083141546981369,-1.736790603936828,0.9047618423724121,-1.7422282343907152
1.93,-0.25599453108979014,0.9047618423724121,-1.7422282343907152,0.9009973894684078,-1.7478645468912302
1.932,-0.24992598782508693,0.9009973894684078,-1.7478645468912302,0.8977274140348968,-1.7486250299456805
1.934,-0.24375679125815808,0.8977274140348968,-1.7486250299456805,0.8942970205739238,-1.7528712822218777
1.936,-0.23748909266111978,0.8942970205739238,-1.7528712822218777,0.8911600260402365,-1.7550218264876785
1.938,-0.23112509020521332,0.8911600260402365,-1.7550218264876785,0.8870674053572737,-1.7569223596623487
1.94,-0.22466702832805974,0.8870674053572737,-1.7569223596623487,0.8831810436305391,-1.7585060861088542
1.942,-0.2181171970775124,0.8831810436305391,-1.7585060861088542,0.8801485013570891,-1.7618825995046399
1.944,-0.21147793143219956,0.8801485013570891,-1.7618825995046399,0.8763628043752586,-1.756964266455341
1.946,-0.20475161059885263,0.8763628043752586,-1.756964266455341,0.8730990618506836,-1.7585380083280224
1.948,-0.1979406572865431,0.8730990618506836,-1.7585380083280224,0.8697606513945384,-1.7551998634557628
1.95,-0.19104753695794321,0.8697606513945384,-1.7551998634557628,0.8662901077827592,-1.7545574361808032
1.952,-0.1840747570577538,0.8662901077827592,-1.7545574361808032,0.8626631648479747,-1.7462009487610075
1.954,-0.17702486621844513,0.8626631648479747,-1.7462009487610075,0.8592277544404748,-1.7472269195882009
1.956,-0.1699004534434691,0.8592277544404748,-1.7472269195882009,0.8558197189330153,-1.740840852035546
1.958,-0.16270414726810878,0.8558197189330153,-1.740840852035546,0.852573779734782,-1.737412711047576
1.96,-0.15543861489816374,0.852573779734782,-1.737412711047576,0.8487791044184695,-1.729414557074855
1.962,-0.14810656132663974,0.8487791044184695,-1.729414557074855,0.8453648619594193,-1.7253695393338744
1.964,-0.1407107284286787,0.8453648619594193,-1.7253695393338744,0.8420979684050586,-1.7216622987806782
1.966,-0.13325389403491236,0.8420979684050586,-1.7216622987806782,0.838440730418521,-1.7090224424887688
1.968,-0.12573887098350478,0.838440730418521,-1.7090224424887688,0.8347685178896289,-1.7002372834399282
1.97,-0.11816850615109574,0.8347685178896289,-1.7002372834399282,0.831571270067818,-1.6933286489987962
1.972,-0.11054567946290646,0.831571270067818,-1.6933286489987962,0.8281902762921295,-1.678379357639486
1.974,-0.10287330288228563,0.8281902762921295,-1.678379357639486,0.8250356621434602,-1.6755164702095884
1.976,-0.09515431937994412,0.8250356621434602,-1.6755164702095884,0.821693437070973,-1.659818013169761
1.978,-0.08739170188319788,0.821693437070973,-1.659818013169761,0.8182072679116268,-1.6483327967837986
1.98,-0.07958845220549092,0.8182072679116268,-1.6483327967837986,0.8148537032288011,-1.6345616078921357
1.982,-0.07174759995652433,0.8148537032288011,-1.6345616078921357,0.8116842463238461,-1.622603163420074
1.984,-0.0638722014333159,0.8116842463238461,-1.622603163420074,0.808375042981889,-1.6050587260620324
1.986,-0.05596533849251653,0.808375042981889,-1.6050587260620324,0.8049102934092838,-1.5940118082472736
1.988,-0.04803011740433109,0.8049102934092838,-1.5940118082472736,0.8016249957314229,-1.5775649000661272
1.99,-0.04006966768841259,0.8016249957314229,-1.5775649000661272,0.7988938398731611,-1.56126377277815
1.992,-0.0320871409320782,0.7988938398731611,-1.56126377277815,0.7958738178651612,-1.5416147477565185
1.994,-0.024085709591249296,0.7958738178651612,-1.5416147477565185,0.7932835423028439,-1.5296527023355109
1.996,-0.016068565774497095,0.7932835423028439,-1.5296527023355109,0.7901979430748111,-1.5089562981447304
1.998,-0.008038920010594686,0.7901979430748111,-1.5089562981447304,0.78701666607307,-1.4933852529078557
2.0,-1.9594348786357652e-16,0.78701666607307,-1.4933852529078557,0.7839639128838686,-1.471628138092047
2.0020000000000002,0.008044950649314906,0.7839639128838686,-1.471628138092047,0.7813577512527741,-1.4543095774534451
2.004,0.016092673701239513,0.7813577512527741,-1.4543095774534451,0.7782933597827955,-1.4348500073783188
2.0060000000000002,0.024139897585672476,0.7782933597827955,-1.4348500073783188,0.7755923970244851,-1.4099534004535041
2.008,0.0321833387069626,0.7755923970244851,-1.4099534004535041,0.7727193660895574,-1.3885596022242008
2.0100000000000002,0.04021970276619549,0.7727193660895574,-1.3885596022242008,0.7698067785214731,-1.3658726159807195
2.012,0.048245686096819486,0.7698067785214731,-1.3658726159807195,0.7672955767503497,-1.34497038886032
2.0140000000000002,0.05625797701315008,0.7672955767503497,-1.34497038886032,0.7644645536757504,-1.318421065340978
2.016,0.0642532571712184,0.7644645536757504,-1.318421065340978,0.7618881853541694,-1.29527711313443
2.0180000000000002,0.07222820294148093,0.7618881853541694,-1.29527711313443,0.7593154646145795,-1.2730842134136982
2.02,0.0801794867928482,0.7593154646145795,-1.2730842134136982,0.7570907664931716,-1.2427602704933047
2.0220000000000002,0.08810377868751518,0.7570907664931716,-1.2427602704933047,0.7545609770293067,-1.2208598398553376
2.024,0.09599774748602183,0.7545609770293067,-1.2208598398553376,0.752266220659938,-1.196189381520989
2.0260000000000002,0.10385806236205448,0.752266220659938,-1.196189381520989,0.7498298817386768,-1.1686554365763009
2.028,0.11168139422633434,0.7498298817386768,-1.1686554365763009,0.7472191679905575,-1.13691212892746
2.0300000000000002,0.11946441715912193,0.7472191679905575,-1.13691212892746,0.7452197170893908,-1.113735728990388
2.032,0.12720380985066967,0.7452197170893908,-1.113735728990388,0.7430413024024588,-1.085901846940444
2.0340000000000003,0.13489625704910368,0.7430413024024588,-1.085901846940444,0.7409471715390192,-1.0605395708861642
2.036,0.14253845101508297,0.7409471715390192,-1.0605395708861642,0.739012428305399,-1.0289495338077859
2.0380000000000003,0.15012709298266494,0.739012428305399,-1.0289495338077859,0.736573993642583,-0.9931843228945619
2.04,0.15765889462574592,0.736573993642583,-0.9931843228945619,0.7351627817003449,-0.9679696975160409
2.0420000000000003,0.16513057952946372,0.7351627817003449,-0.9679696975160409,0.7333935066974521,-0.933598206011683
2.044,0.17253888466590447,0.7333935066974521,-0.933598206011683,0.7313356941863655,-0.9034983744163975
2.0460000000000003,0.179880561873527,0.7313356941863655,-0.9034983744163975,0.7294194043373136,-0.8723849519393508
2.048,0.18715237933958595,0.7294194043373136,-0.8723849519393508,0.7283859795469106,-0.8395858133681818
2.05,0.1943511230849845,0.7283859795469106,-0.8395858133681818,0.7261788515429635,-0.805759782944939
2.052,0.2014735984508064,0.7261788515429635,-0.805759782944939,0.7248249418132572,-0.7758702413520744
2.054,0.20851663158593695,0.7248249418132572,-0.7758702413520744,0.7232188082298169,-0.7427595702736439
2.056,0.21547707093505053,0.7232188082298169,-0.7427595702736439,0.7222444874163272,-0.7056355891929299
2.058,0.2223517887262955,0.7222444874163272,-0.7056355891929299,0.720335040406713,-0.6725553446325534
2.06,0.22913768245800914,0.720335040406713,-0.6725553446325534,0.7195599278910625,-0.6374558868977962
2.062,0.23583167638373484,0.7195599278910625,-0.6374558868977962,0.7180584902421436,-0.6025313800332986
2.064,0.24243072299487972,0.7180584902421436,-0.6025313800332986,0.7167103432568238,-0.5668488215318414
2.066,0.24893180450027863,0.7167103432568238,-0.5668488215318414,0.7156051653749301,-0.5314631828870641
2.068,0.2553319343019836,0.7156051653749301,-0.5314631828870641,0.7151481779022231,-0.4964024760171047
2.07,0.26162815846654264,0.7151481779022231,-0.4964024760171047,0.7140613924620455,-0.4608537860698704
2.072,0.26781755719106953,0.7140613924620455,-0.4608537860698704,0.7131758459698648,-0.42446846719545755
2.074,0.2738972462633674,0.7131758459698648,-0.42446846719545755,0.7118250899643602,-0.38448955597451684
2.076,0.279864378515403,0.7118250899643602,-0.38448955597451684,0.7117612605624472,-0.347070426103442
2.078,0.28571614526937233,0.7117612605624472,-0.347070426103442,0.7108796452903129,-0.30743115991116987
2.08,0.29144977777566833,0.7108796452903129,-0.30743115991116987,0.7105798969927345,-0.26409035419502885
2.082,0.2970625486419662,0.7105798969927345,-0.26409035419502885,0.710218259261535,-0.22466075279098344
2.084,0.3025517732527483,0.710218259261535,-0.22466075279098344,0.7095049390665297,-0.18492198578938257
2.086,0.30791481117847264,0.7095049390665297,-0.18492198578938257,0.7088853124709795,-0.14065322312646525
2.088,0.31314906757369854,0.7088853124709795,-0.14065322312646525,0.7092363975156747,-0.092473643573964
2.09,0.3182519945633786,0.7092363975156747,-0.092473643573964,0.708502149251093,-0.051808684477553005
2.092,0.32322109261662574,0.708502149251093,-0.051808684477553005,0.7087911645806948,-0.008291158526682057
2.094,0.3280539119071606,0.7087911645806948,-0.008291158526682057,0.708983042697619,0.03199032492851059
2.096,0.33274805365975113,0.708983042697619,0.03199032492851059,0.7095100997830807,0.054965417428359836
2.098,0.3373011714818466,0.7095100997830807,0.054965417428359836,0.7094196847955448,0.07360793350906569
2.1,0.3417109726797184,0.7094196847955448,0.07360793350906569,0.7096027263773077,0.10010322834700869
2.102,0.34597521955831323,0.7096027263773077,0.10010322834700869,0.7099868429945454,0.12212078256899057
2.104,0.35009173070413085,0.7099868429945454,0.12212078256899057,0.709918195209077,0.1488634020335484
2.106,0.35405838225034225,0.709918195209077,0.1488634020335484,0.7103437544393204,0.17061751826618063
2.108,0.35787310912344944,0.7103437544393204,0.17061751826618063,0.7109877002043725,0.1983165848872107
2.11,0.36153390627072324,0.7109877002043725,0.1983165848872107,0.7113163254262118,0.2199157581635001
2.112,0.36503882986771513,0.7113163254262118,0.2199157581635001,0.7119848672696555,0.24743476627568362
2.114,0.3683859985050892,0.7119848672696555,0.24743476627568362,0.7121575632903321,0.2716743443974969
2.116,0.37157359435407866,0.7121575632903321,0.2716743443974969,0.7132216282140611,0.2954474719091983
2.118,0.37459986430982023,0.7132216282140611,0.2954474719091983,0.7137109987136439,0.31933504115056816
2.12,0.3774631211118688,0.7137109987136439,0.31933504115056816,0.7142865303087726,0.35326239698158707
2.122,0.3801617444411758,0.7142865303087726,0.35326239698158707,0.7151696818482717,0.38358512721548077
2.124,0.38269418199282834,0.7151696818482717,0.38358512721548077,0.7158728675939063,0.4141022345597958
2.126,0.38505895052384576,0.7158728675939063,0.4141022345597958,0.7166525643016612,0.43961102734822727
2.128,0.3872546368753445,0.7166525643016612,0.43961102734822727,0.7173798969060138,0.4716945232795978
2.13,0.3892798989683801,0.7173798969060138,0.4716945232795978,0.7191535013801383,0.502745248259695
2.132,0.3911334667727941,0.7191535013801383,0.502745248259695,0.7198142319221156,0.5273278612151603
2.134,0.392814143248381,0.7198142319221156,0.5273278612151603,0.7211175776003015,0.5643620248580079
2.136,0.3943208052577259,0.7211175776003015,0.5643620248580079,0.72197350703763,0.5892283296403076
2.138,0.3956524044500393,0.72197350703763,0.5892283296403076,0.723021937893395,0.6182775137516249
2.14,0.3968079681153583,0.723021937893395,0.6182775137516249,0.7246885215702985,0.6531625734355526
2.142,0.3977866000084606,0.7246885215702985,0.6531625734355526,0.7260623032982123,0.6841246570836634
2.144,0.3985874811418704,0.7260623032982123,0.6841246570836634,0.7274093267674472,0.7098010784250643
2.146,0.3992098705473337,0.7274093267674472,0.7098010784250643,0.7288255922303404,0.7395876745762712
2.148,0.3996531060051547,0.7288255922303404,0.7395876745762712,0.7308737841899335,0.770073917200635
2.15,0.3999166047407925,0.7308737841899335,0.770073917200635,0.7321872872220129,0.8008241175158397
2.152,0.3999998640881332,0.7321872872220129,0.8008241175158397,0.7335258086465228,0.8309010053595125
2.154,0.3999024621188598,0.7335258086465228,0.8309010053595125,0.7351989367830618,0.8561070211903313
2.156,0.3996240582373559,0.7351989367830618,0.8561070211903313,0.7374530372468545,0.8829497831002409
2.158,0.3991643937405922,0.7374530372468545,0.8829497831002409,0.7390911234834958,0.9094161555952281
2.16,0.39852329234245554,0.7390911234834958,0.9094161555952281,0.7407570946458611,0.9379737295731263
2.162,0.3977006606619966,0.7407570946458611,0.9379737295731263,0.7427204639000325,0.964327873861971
2.164,0.3966964886750821,0.7427204639000325,0.964327873861971,0.7448208296301108,0.9924410724075386
2.166,0.3955108501289544,0.7448208296301108,0.9924410724075386,0.7468302927382433,1.0151151692284588
2.168,0.3941439029192141,0.7468302927382433,1.0151151692284588,0.7488591580384095,1.0418252209773176
2.17,0.3925958894287571,0.7488591580384095,1.0418252209773176,0.7510798831490518,1.0700465867407116
2.172,0.3908671368282115,0.7510798831490518,1.0700465867407116,0.753305811444223,1.0940022067486947
2.174,0.388958057337436,0.753305811444223,1.0940022067486947,0.7555303386722535,1.1169682665273242
2.176,0.3868691484476582,0.7555303386722535,1.1169682665273242,0.7580490105029838,1.1446900543097085
2.178,0.3846009931038461,0.7580490105029838,1.1446900543097085,0.7599145405421244,1.1657552250505876
2.18,0.38215425984692325,0.7599145405421244,1.1657552250505876,0.7625299996527402,1.190092739746088
2.182,0.3795297029154539,0.7625299996527402,1.190092739746088,0.7648664190014488,1.2096827242336174
2.184,0.3767281623064459,0.7648664190014488,1.2096827242336174,0.7675392275859294,1.235090499870427
2.186,0.3737505637949348,0.7675392275859294,1.235090499870427,0.7697855427090728,1.2550207882214464
2.188,0.37059791891202076,0.7697855427090728,1.2550207882214464,0.7721973372020686,1.2736797179361947
2.19,0.36727132488107667,0.7721973372020686,1.2736797179361947,0.775008363350387,1.3006310359399331
2.192,0.36377196451182026,0.775008363350387,1.3006310359399331,0.7778206785332545,1.3179966900883862
2.194,0.3601011060520153,0.7778206785332545,1.3179966900883862,0.7804947937084398,1.3370248640523203
2.196,0.3562601029965322,0.7804947937084398,1.3370248640523203,0.7827205054320199,1.3518958577464475
2.198,0.3522503938535695,0.7827205054320199,1.3518958577464475,0.7859761237040563,1.3720411403372883
2.2,0.34807350186781005,0.7859761237040563,1.3720411403372883,0.7887043937029354,1.3916827201328104
2.202,0.3437310347003492,0.7887043937029354,1.3916827201328104,0.7914529139520428,1.4088291974137046
2.204,0.3392246840652159,0.7914529139520428,1.4088291974137046,0.7945335471243561,1.4257314199404745
2.206,0.33455622532236556,0.7945335471243561,1.4257314199404745,0.7970408380197165,1.443006401331909
2.208,0.3297275170269954,0.7970408380197165,1.443006401331909,0.800237273712237,1.4570306798076207
2.21,0.32474050043512415,0.800237273712237,1.4570306798076207,0.8028409041566369,1.4669610862852989
2.212,0.3195971989653152,0.8028409041566369,1.4669610862852989,0.8060064553065621,1.4836931476815305
2.214,0.3142997176165341,0.8060064553065621,1.4836931476815305,0.8088373418832251,1.4988269328624486
2.216,0.30885024234206404,0.8088373418832251,1.4988269328624486,0.8120244466331616,1.514237154712951
2.218,0.30325103937951264,0.8120244466331616,1.514237154712951,0.8149719143015108,1.5199171793253092
2.22,0.2975044545368867,0.8149719143015108,1.5199171793253092,0.8182265908298539,1.5365433254721383
2.222,0.29161291243480136,0.8182265908298539,1.5365433254721383,0.8211764542550695,1.5401677096257984
2.224,0.28557891570485583,0.8211764542550695,1.5401677096257984,0.8240439843037487,1.5541170239738136
2.226,0.279405044144295,0.8240439843037487,1.5541170239738136,0.8277808879560394,1.5641065811992918
2.228,0.2730939538270118,0.8277808879560394,1.5641065811992918,0.8307043350739708,1.5711740487366217
2.23,0.2666483761710818,0.8307043350739708,1.5711740487366217,0.8332452920346058,1.5784823653321958
2.232,0.26007111696293495,0.8332452920346058,1.5784823653321958,0.8367684311004325,1.5810965517377522
2.234,0.25336505533837156,0.8367684311004325,1.5810965517377522,0.840108623791554,1.5914831893230945
2.236,0.24653314272060542,0.840108623791554,1.5914831893230945,0.8431572867597557,1.5961503042492997
2.238,0.23957840171558864,0.8431572867597557,1.5961503042492997,0.8466012905817272,1.59713605704977
2.24,0.2325039249648378,0.8466012905817272,1.59713605704977,0.8495933438521708,1.6017452678533919
2.242,0.22531287395606864,0.8495933438521708,1.6017452678533919,0.8529450639234352,1.6033268447990277
2.244,0.21800847779190283,0.8529450639234352,1.6033268447990277,0.8561310750659253,1.6087099415126613
2.246,0.21059403191702997,0.8561310750659253,1.6087099415126613,0.859148330042833,1.612392908822265
2.248,0.2030728968040962,0.859148330042833,1.612392908822265,0.8627365482887661,1.613331378363626
2.25,0.19544849659878197,0.8627365482887661,1.613331378363626,0.8657148306262485,1.6151741613484811
2.2520000000000002,0.18772431772439213,0.8657148306262485,1.6151741613484811,0.8688788603641471,1.611924647493704
2.254,0.1799039074464485,0.8688788603641471,1.611924647493704,0.8721171570086509,1.6057641463260832
2.2560000000000002,0.17199087239766933,0.8721171570086509,1.6057641463260832,0.875439845453442,1.6050219895411992
2.258,0.16398887706388776,0.875439845453442,1.6050219895411992,0.8786663855185533,1.605361957158341
2.2600000000000002,0.15590164223132286,0.8786663855185533,1.605361957158341,0.8819848995849171,1.6006713875396026
2.262,0.1477329433958154,0.8819848995849171,1.6006713875396026,0.8853114732052227,1.5924308835782688
2.2640000000000002,0.13948660913449934,0.8853114732052227,1.5924308835782688,0.8880286450522589,1.5901730036170458
2.266,0.1311665194405495,0.8880286450522589,1.5901730036170458,0.8914628576777576,1.5800039496338267
2.2680000000000002,0.12277660402154777,0.8914628576777576,1.5800039496338267,0.8942790438237873,1.5743757384711565
2.27,0.11432084056215036,0.8942790438237873,1.5743757384711565,0.8978872765557229,1.5641874388403327
2.2720000000000002,0.10580325295162868,0.8978872765557229,1.5641874388403327,0.9005513468077342,1.5559008150167624
2.274,0.09722790947705878,0.9005513468077342,1.5559008150167624,0.9033994452204321,1.5504040058914326
2.2760000000000002,0.08859892098273803,0.9033994452204321,1.5504040058914326,0.9070248801272001,1.5353767238946645
2.278,0.07992043899665764,0.9070248801272001,1.5353767238946645,0.9099829298945311,1.527058620525416
2.2800000000000002,0.07119665382470089,0.9099829298945311,1.527058620525416,0.9129412184828234,1.5113121789938768
2.282,0.06243179261337411,0.9129412184828234,1.5113121789938768,0.9162346110007841,1.500928927782455
2.2840000000000003,0.0536301173818488,0.9162346110007841,1.500928927782455,0.9191326839499455,1.4850560100394372
2.286,0.0447959230241404,0.9191326839499455,1.4850560100394372,0.9214670587725596,1.4752026447720654
2.2880000000000003,0.035933535282238256,0.9214670587725596,1.4752026447720654,0.92445933217057,1.4585116632098774
2.29,0.027047308691096485,0.92445933217057,1.4585116632098774,0.9274798861017258,1.4431883559109044
2.2920000000000003,0.018141624496298137,0.9274798861017258,1.4431883559109044,0.9302531349436172,1.4268368776826266
2.294,0.009220888545380303,0.9302531349436172,1.4268368776826266,0.9337947087066502,1.4083755109734881
2.2960000000000003,0.00028952915367281396,0.9337947087066502,1.4083755109734881,0.9363935110645393,1.3933511177261249
2.298,-0.008648005054327541,0.9363935110645393,1.3933511177261249,0.9387680835590355,1.3729415548730233
2.3000000000000003,-0.017587247327147462,0.9387680835590355,1.3729415548730233,0.941515844895487,1.3511093985539284
2.302,-0.026523714991035688,0.941515844895487,1.3511093985539284,0.9443627655088197,1.3321735140655513
2.3040000000000003,-0.03545291167621092,0.9443627655088197,1.3321735140655513,0.9469656857418124,1.3099617878846512
2.306,-0.0443703295635673,0.9469656857418124,1.3099617878846512,0.9495209500412227,1.2909469883399949
2.308,-0.05327145165084764,0.9495209500412227,1.2909469883399949,0.9519847977984611,1.2679117952053847
2.31,-0.0621517540371629,0.9519847977984611,1.2679117952053847,0.9540424890928418,1.2443723255737393
2.312,-0.07100670822477291,0.9540424890928418,1.2443723255737393,0.9563906886974805,1.2184389638672628
2.314,-0.07983178343705602,0.9563906886974805,1.2184389638672628,0.9593106418911143,1.1946353575976127
2.316,-0.08862244895147076,0.9593106418911143,1.1946353575976127,0.9613411919249509,1.171170817570703
2.318,-0.09737417644643921,0.9613411919249509,1.171170817570703,0.9641078082565281,1.143616576089009
2.32,-0.10608244236091542,0.9641078082565281,1.143616576089009,0.966277703515797,1.121377164970236
2.322,-0.11474273026551102,0.966277703515797,1.121377164970236,0.9681932845491976,1.0896280951621107
2.324,-0.12335053324396,0.9681932845491976,1.0896280951621107,0.970804333159079,1.0666176506143576
2.326,-0.131901356283705,0.970804333159079,1.0666176506143576,0.9726511585568055,1.0320747600674294
2.328,-0.14039071867437194,0.9726511585568055,1.0320747600674294,0.9749991625888133,1.0067333455085703
2.33,-0.14881415641293202,0.9749991625888133,1.0067333455085703,0.9766268181189043,0.9771095134158098
2.332,-0.15716722461421928,0.9766268181189043,0.9771095134158098,0.9783097578402354,0.9444476410538469
2.334,-0.16544549992561816,0.9783097578402354,0.9444476410538469,0.9799804311223759,0.9150916673358305
2.336,-0.17364458294455407,0.9799804311223759,0.9150916673358305,0.9818223215362746,0.8830265537777321
2.338,-0.18176010063756776,0.9818223215362746,0.8830265537777321,0.9836371159773316,0.8558460926519593
2.34,-0.18978770875959475,0.9836371159773316,0.8558460926519593,0.985277097540231,0.8221361857632216
2.342,-0.19772309427220894,0.985277097540231,0.8221361857632216,0.9872608291949948,0.7845620406893652
2.344,-0.20556197775940102,0.9872608291949948,0.7845620406893652,0.9884777737109018,0.7581650899353274
2.346,-0.2133001158396688,0.9884777737109018,0.7581650899353274,0.9899008430647785,0.7188101195631688
2.348,-0.22093330357296725,0.9899008430647785,0.7188101195631688,0.991095947430797,0.689146324081175
2.35,-0.2284573768612376,0.991095947430797,0.689146324081175,0.9924568492510093,0.6553381735701844
2.352,-0.23586821484108833,0.9924568492510093,0.6553381735701844,0.9937159385884954,0.6173623705476288
2.354,-0.24316174226733317,0.9937159385884954,0.6173623705476288,0.9948094037582556,0.5817156538440943
2.356,-0.25033393188591785,0.9948094037582556,0.5817156538440943,0.9960358203273719,0.549800844456093
2.358,-0.25738080679493874,0.9960358203273719,0.549800844456093,0.9970180857451464,0.5128411109888487
2.36,-0.26429844279229575,0.9970180857451464,0.5128411109888487,0.9979336236579054,0.4754021628482992
2.362,-0.27108297070865184,0.9979336236579054,0.4754021628482992,0.9989307061011503,0.4345539363708835
2.364,-0.27773057872423296,0.9989307061011503,0.4345539363708835,0.9999128989539068,0.4025603504984129
2.366,-0.2842375146681552,0.9999128989539068,0.4025603504984129,1.000275021946656,0.3599158285908469
2.368,-0.29060008829878864,1.000275021946656,0.3599158285908469,1.0009906452533706,0.31887210128368326
2.37,-0.2968146735638435,1.0009906452533706,0.31887210128368326,1.0014245008565497,0.28023828863258715
2.372,-0.3028777108387132,1.0014245008565497,0.28023828863258715,1.0017986196984623,0.23798162805420892
2.374,-0.3087857091417247,1.0017986196984623,0.23798162805420892,1.0026906504838118,0.1966107795192182
2.376,-0.3145352483248478,1.0026906504838118,0.1966107795192182,1.0026934889313206,0.15289355677327837
2.378,-0.3201229812385304,1.0026934889313206,0.15289355677327837,1.0033628715619276,0.10987882245251307
2.38,-0.32554563586920215,1.0033628715619276,0.10987882245251307,1.0028219281189061,0.0634382837643786
2.382,-0.33080001744811677,1.0028219281189061,0.0634382837643786,1.0032651154018273,0.014818223723818861
2.384,-0.3358830105301056,1.0032651154018273,0.014818223723818861,1.0033680302300343,-0.020978962101123697
2.386,-0.34079158104089935,1.0033680302300343,-0.020978962101123697,1.002837375731343,-0.05036644982982673
2.388,-0.3455227782916174,1.002837375731343,-0.05036644982982673,1.0026574242371202,-0.07400935189894284
2.39,-0.3500737369590934,1.0026574242371202,-0.07400935189894284,1.0026041880002805,-0.10032701949699295
2.392,-0.35444167903065604,1.0026041880002805,-0.10032701949699295,1.0022995859780452,-0.12203581828858005
2.394,-0.3586239157120329,1.0022995859780452,-0.12203581828858005,1.00222473820675,-0.1480553516307728
2.396,-0.36261784929704416,1.00222473820675,-0.1480553516307728,1.001388952360983,-0.17212662913887578
2.398,-0.36642097499775605,1.001388952360983,-0.17212662913887578,1.0013545624890614,-0.19551717068279817
2.4,-0.3700308827337828,1.0013545624890614,-0.19551717068279817,1.0009322334737216,-0.22123227368137938
2.402,-0.37344525887944946,1.0009322334737216,-0.22123227368137938,1.000690309668973,-0.24961405857111546
2.404,-0.37666188796750566,1.000690309668973,-0.24961405857111546,0.9998672776959389,-0.27649327492072273
2.406,-0.3796786543481515,0.9998672776959389,-0.27649327492072273,0.9992250008346047,-0.30283114185329746
2.408,-0.3824935438020934,0.9992250008346047,-0.30283114185329746,0.9987416848218251,-0.32900721393342713
2.41,-0.3851046451064066,0.9987416848218251,-0.32900721393342713,0.9980573832518893,-0.3614912350954077
2.412,-0.38751015155197277,0.9980573832518893,-0.3614912350954077,0.9969003607047014,-0.3886337152112754
2.414,-0.38970836241130563,0.9969003607047014,-0.3886337152112754,0.9962631488057538,-0.42073112287656933
2.416,-0.3916976843555535,0.9962631488057538,-0.42073112287656933,0.9959395030449689,-0.4517773673028389
2.418,-0.3934766328195455,0.9959395030449689,-0.4517773673028389,0.9945903853896536,-0.4820563044121163
2.42,-0.3950438333137105,0.9945903853896536,-0.4820563044121163,0.9936498218551443,-0.5108125033115815
2.422,-0.3963980226817702,0.9936498218551443,-0.5108125033115815,0.9925751306113706,-0.5449696982491017
2.424,-0.39753805030308487,0.9925751306113706,-0.5449696982491017,0.9913166470644064,-0.5727583038392206
2.426,-0.3984628792385956,0.9913166470644064,-0.5727583038392206,0.9901050864733004,-0.606965823731316
2.428,-0.3991715873192985,0.9901050864733004,-0.606965823731316,0.9887784081973007,-0.633503705551026
2.43,-0.3996633681762313,0.9887784081973007,-0.633503705551026,0.9875736382343413,-0.6622034957534042
2.432,-0.3999375322109675,0.9875736382343413,-0.6622034957534042,0.9858157594969933,-0.6972669395539917
2.434,-0.39999350750564905,0.9858157594969933,-0.6972669395539917,0.9849435785808562,-0.7252009414586169
2.436,-0.39983084067160773,0.9849435785808562,-0.7252009414586169,0.9833370220543433,-0.7502354672274266
2.438,-0.3994491976356605,0.9833370220543433,-0.7502354672274266,0.981682596540628,-0.7798591297243185
2.44,-0.39884836436319,0.981682596540628,-0.7798591297243185,0.9798337951592593,-0.8108050258434639
2.442,-0.39802824751715205,0.9798337951592593,-0.8108050258434639,0.9783681232977733,-0.8405301332775326
2.444,-0.39698887505218405,0.9783681232977733,-0.8405301332775326,0.9763269265877649,-0.8682638736889573
2.446,-0.39573039674301735,0.9763269265877649,-0.8682638736889573,0.9743139923081391,-0.8938362287442592
2.448,-0.3942530846464369,0.9743139923081391,-0.8938362287442592,0.9728231672826577,-0.9192811421605454
2.45,-0.39255733349604516,0.9728231672826577,-0.9192811421605454,0.9710260776842204,-0.9456814035193342
2.452,-0.39064366102915526,0.9710260776842204,-0.9456814035193342,0.9691877040939495,-0.9743996545309317
2.454,-0.3885127082451314,0.9691877040939495,-0.9743996545309317,0.9672375891967269,-1.00398911658898
2.456,-0.3861652395945688,0.9672375891967269,-1.00398911658898,0.9651431154016495,-1.0268193201302176
2.458,-0.38360214309871066,0.9651431154016495,-1.0268193201302176,0.9626015058896731,-1.0539588214454605
2.46,-0.3808244303985626,0.9626015058896731,-1.0539588214454605,0.960842635556201,-1.0754754426197137
2.462,-0.3778332367331762,0.960842635556201,-1.0754754426197137,0.9583863298970597,-1.1041644973545959
2.464,-0.3746298208466421,0.9583863298970597,-1.1041644973545959,0.9562161049443378,-1.1220198455245995
2.466,-0.3712155648233348,0.9562161049443378,-1.1220198455245995,0.9537225216949226,-1.1469770026539847
2.468,-0.3675919738510345,0.9537225216949226,-1.1469770026539847,0.9514083103724327,-1.1657732730246424
2.47,-0.3637606759115415,0.9514083103724327,-1.1657732730246424,0.9492283234717107,-1.1902815235745967
2.472,-0.3597234213984968,0.9492283234717107,-1.1902815235745967,0.9465735897106983,-1.2066612272597272
2.474,-0.3554820826620974,0.9465735897106983,-1.2066612272597272,0.9442100917393021,-1.2289167225593434
2.476,-0.3510386534805132,0.9442100917393021,-1.2289167225593434,0.942036945708331,-1.2509040347011873
2.478,-0.3463952484577676,0.942036945708331,-1.2509040347011873,0.9394243112858,-1.2693148689737161
2.48,-0.34155410234797556,0.9394243112858,-1.2693148689737161,0.9365441486937595,-1.2891333708689787
2.482,-0.3365175693058069,0.9365441486937595,-1.2891333708689787,0.9340946714811567,-1.3027225374926814
2.484,-0.33128812206311675,0.9340946714811567,-1.3027225374926814,0.9314069409399937,-1.3218173008314782
2.486,-0.32586835103173445,0.9314069409399937,-1.3218173008314782,0.9289845541312107,-1.3360974728608974
2.488,-0.3202609633324362,0.9289845541312107,-1.3360974728608974,0.925848595197219,-1.3483391568903045
2.49,-0.3144687817501525,0.925848595197219,-1.3483391568903045,0.9235520371012019,-1.369075108246891
2.492,-0.30849474361556867,0.9235520371012019,-1.369075108246891,0.9206726888250182,-1.3797093379602376
2.494,-0.3023418996132341,0.9206726888250182,-1.3797093379602376,0.9176506602323375,-1.3961578662931737
2.496,-0.29601341251642993,0.9176506602323375,-1.3961578662931737,0.9148721369453757,-1.4109006533241333
2.498,-0.28951255584902164,0.9148721369453757,-1.4109006533241333,0.912067866048525,-1.4202171916698272
2.5,-0.2828427124746195,0.912067866048525,-1.4202171916698272,0.9090432768432107,-1.430837477886332
2.5020000000000002,-0.27600737311336915,0.9090432768432107,-1.430837477886332,0.9064153034282689,-1.4414336949531583
2.504,-0.26901013478681407,0.9064153034282689,-1.4414336949531583,0.9036271267564414,-1.452323280158032
2.5060000000000002,-0.26185469919120674,0.9036271267564414,-1.452323280158032,0.9006884976603373,-1.4653108833562054
2.508,-0.254544870999833,0.9006884976603373,-1.4653108833562054,0.8980929314511393,-1.46612366803525
2.5100000000000002,-0.2470845560948138,0.8980929314511393,-1.46612366803525,0.8945999460368571,-1.471681160955264
2.512,-0.23947775972904647,0.8945999460368571,-1.471681160955264,0.8917124187958374,-1.4793360075953828
2.5140000000000002,-0.2317285846188354,0.8917124187958374,-1.4793360075953828,0.8887727912679764,-1.4827831641138418
2.516,-0.2238412289679766,0.8887727912679764,-1.4827831641138418,0.8855713109208265,-1.4867864448762067
2.5180000000000002,-0.21581998442394565,0.8855713109208265,-1.4867864448762067,0.8827273207815587,-1.4904712412328414
2.52,-0.20766923396704562,0.8827273207815587,-1.4904712412328414,0.8796578901258726,-1.4964484589488674
2.5220000000000002,-0.19939344973324763,0.8796578901258726,-1.4964484589488674,0.8768135468525428,-1.4980060587703663
2.524,-0.19099719077169236,0.8768135468525428,-1.4980060587703663,0.87372117357486,-1.4950816172776873
2.5260000000000002,-0.18248510073768354,0.87372117357486,-1.4950816172776873,0.870993871548854,-1.4977253810097786
2.528,-0.17386190552221034,0.870993871548854,-1.4977253810097786,0.8678094436168488,-1.4948046388579928
2.5300000000000002,-0.16513241081894978,0.8678094436168488,-1.4948046388579928,0.8647130809194787,-1.4972000873093727
2.532,-0.1563014996298706,0.8647130809194787,-1.4972000873093727,0.8616867573488626,-1.488927094863789
2.5340000000000003,-0.14737412971047878,0.8616867573488626,-1.488927094863789,0.8592540535527926,-1.4866752746726362
2.536,-0.13835533095592384,0.8592540535527926,-1.4866752746726362,0.8556913482959346,-1.4822550811933448
2.5380000000000003,-0.12925020272911045,0.8556913482959346,-1.4822550811933448,0.8530754300254006,-1.4766871162132869
2.54,-0.12006391113209634,0.8530754300254006,-1.4766871162132869,0.8504015397429595,-1.4691707797526263
2.5420000000000003,-0.11080168622203342,0.8504015397429595,-1.4691707797526263,0.8473805223635886,-1.4655255948184491
2.544,-0.10146881917303052,0.8473805223635886,-1.4655255948184491,0.8441550817182435,-1.4560454383850456
2.5460000000000003,-0.09207065938526003,0.8441550817182435,-1.4560454383850456,0.8414860024419377,-1.4472372708343122
2.548,-0.08261261154279015,0.8414860024419377,-1.4472372708343122,0.8385947912942873,-1.4353196040838319
2.5500000000000003,-0.07310013262154835,0.8385947912942873,-1.4353196040838319,0.835674040134011,-1.422994795854117
2.552,-0.06353872884899814,0.835674040134011,-1.422994795854117,0.8327212541764711,-1.4137937824858011
2.5540000000000003,-0.0539339526169941,0.8327212541764711,-1.4137937824858011,0.8297959438853897,-1.4027321600104703
2.556,-0.044291399349489,0.8297959438853897,-1.4027321600104703,0.8273512622857003,-1.3862475040558306
2.5580000000000003,-0.034616704326658,0.8273512622857003,-1.3862475040558306,0.8244816123571707,-1.3727163041095656
2.56,-0.024915539467182942,0.8244816123571707,-1.3727163041095656,0.8220677236123668,-1.360383436723952
2.562,-0.015193610070335898,0.8220677236123668,-1.360383436723952,0.8192761292585746,-1.3415451703444092
2.564,-0.005456651519689066,0.8192761292585746,-1.3415451703444092,0.8163248042312727,-1.3263432450867272
2.566,0.004289574049834659,0.8163248042312727,-1.3263432450867272,0.8133763750734156,-1.314280433130617
2.568,0.014039281119663256,0.8133763750734156,-1.314280433130617,0.8109151996272886,-1.291433681772351
2.57,0.02378666418822755,0.8109151996272886,-1.291433681772351,0.8087483605813327,-1.2765001879311155
2.572,0.033525901202649665,0.8087483605813327,-1.2765001879311155,0.8060563856621559,-1.2532630331595611
2.574,0.043251157019492455,0.8060563856621559,-1.2532630331595611,0.8033856405003262,-1.2328470474961566
2.576,0.05295658689267149,0.8033856405003262,-1.2328470474961566,0.8014192740077176,-1.2106231115869213
2.578,0.0626363399864624,0.8014192740077176,-1.2106231115869213,0.7990380196678718,-1.1866370796675332
2.58,0.07228456291162631,0.7990380196678718,-1.1866370796675332,0.796625287736477,-1.1654059896805433
2.582,0.08189540328253708,0.796625287736477,-1.1654059896805433,0.794291907009752,-1.1433758245766914
2.584,0.09146301329327822,0.794291907009752,-1.1433758245766914,0.7922447133313022,-1.1130456280092882
2.586,0.10098155331051982,0.7922447133313022,-1.1130456280092882,0.7895638764942857,-1.0936114880332832
2.588,0.1104451954811099,0.7895638764942857,-1.0936114880332832,0.787673945938737,-1.06786436835668
2.59,0.11984812735210278,0.787673945938737,-1.06786436835668,0.7857158120222495,-1.0409880131372538
2.592,0.12918455550114122,0.7857158120222495,-1.0409880131372538,0.7840474092680133,-1.0070902531976182
2.594,0.13844870917485294,0.7840474092680133,-1.0070902531976182,0.7817570224250618,-0.9838151507407472
2.596,0.1476348439331312,0.7817570224250618,-0.9838151507407472,0.7799495015938045,-0.9548181567754653
2.598,0.1567372452969195,0.7799495015938045,-0.9548181567754653,0.7776702630625321,-0.928473548775872
2.6,0.16575023239731407,0.7776702630625321,-0.928473548775872,0.7758930192494803,-0.8912992041013564
2.602,0.174668161623593,0.7758930192494803,-0.8912992041013564,0.7746361012339223,-0.8624363954705243
2.604,0.1834854302679343,0.7746361012339223,-0.8624363954705243,0.772672047060706,-0.8352618828690187
2.606,0.19219648016439483,0.772672047060706,-0.8352618828690187,0.7709543857043964,-0.8013709743648673
2.608,0.2007958013198842,0.7709543857043964,-0.8013709743648673,0.7695035742552088,-0.7697076679423098
2.61,0.2092779355346929,0.7695035742552088,-0.7697076679423098,0.7682131661275666,-0.7361761570580738
2.612,0.21763748001025227,0.7682131661275666,-0.7361761570580738,0.7665494824120195,-0.6999400401050353
2.614,0.2258690909417037,0.7665494824120195,-0.6999400401050353,0.7654246182411264,-0.664768226674038
2.616,0.23396748709290974,0.7654246182411264,-0.664768226674038,0.7639130814845689,-0.6305677876051549
2.618,0.2419274533514651,0.7639130814845689,-0.6305677876051549,0.7625344994246753,-0.5976382949308806
2.62,0.24974384426135354,0.7625344994246753,-0.5976382949308806,0.7615372020560418,-0.5617274805504452
2.622,0.25741158753077287,0.7615372020560418,-0.5617274805504452,0.7609667972644336,-0.5297067202740301
2.624,0.2649256875127718,0.7609667972644336,-0.5297067202740301,0.7599889913430061,-0.48584472396779577
2.626,0.2722812286562442,0.7599889913430061,-0.48584472396779577,0.7587320039353532,-0.4526146081663153
2.628,0.2794733789248885,0.7587320039353532,-0.4526146081663153,0.7580549057357485,-0.4166479807361938
2.63,0.2864973931816863,0.7580549057357485,-0.4166479807361938,0.7575184630752541,-0.37031931008367125
2.632,0.2933486165365519,0.7575184630752541,-0.37031931008367125,0.7564212763738818,-0.3355460436968933
2.634,0.3000224876546708,0.7564212763738818,-0.3355460436968933,0.756114689530225,-0.29542679684165685
2.636,0.3065145420232003,0.756114689530225,-0.29542679684165685,0.7553500374292184,-0.2506345339978828
2.638,0.31282041517390013,0.7553500374292184,-0.2506345339978828,0.7550629869844833,-0.20795668367116218
2.64,0.3189358458593503,0.7550629869844833,-0.20795668367116218,0.7550360494014908,-0.16704556734521311
2.642,0.3248566791803483,0.7550360494014908,-0.16704556734521311,0.754542266055225,-0.12241148592325653
2.644,0.33057886966219435,0.754542266055225,-0.12241148592325653,0.75455310697354,-0.07414693382562396
2.646,0.3360984842774686,0.75455310697354,-0.07414693382562396,0.7543339907057763,-0.02506875612738931
2.648,0.34141170541303995,0.7543339907057763,-0.02506875612738931,0.754023512018577,0.014212426133864016
2.65,0.34651483377895514,0.754023512018577,0.014212426133864016,0.7541893752996466,0.046143997256995244
2.652,0.35140429125698597,0.7541893752996466,0.046143997256995244,0.7541789053319748,0.07033708065324881
2.654,0.3560766236865312,0.7541789053319748,0.07033708065324881,0.7546572479055186,0.09814121077704029
2.656,0.36052850358567806,0.7546572479055186,0.09814121077704029,0.7550675779131765,0.11747688661975622
2.658,0.3647567328051994,0.7550675779131765,0.11747688661975622,0.7551353701792995,0.1465734196101809
2.66,0.368758245113329,0.7551353701792995,0.1465734196101809,0.7555475258558809,0.1698820818616279
2.662,0.37253010870914033,0.7555475258558809,0.1698820818616279,0.7559053951197382,0.1970109348242047
2.664,0.3760695286624524,0.7559053951197382,0.1970109348242047,0.7566636405079812,0.22620107846682758
2.666,0.3793738492781402,0.7566636405079812,0.22620107846682758,0.7568136775379755,0.24763865630603324
2.668,0.3824405563828361,0.7568136775379755,0.24763865630603324,0.7575311212580743,0.27610234452726207
2.67,0.38526727953198575,0.7575311212580743,0.27610234452726207,0.7577938611892786,0.3073176326646165
2.672,0.38785179413530474,0.7577938611892786,0.3073176326646165,0.7590020710951781,0.3317766268881142
2.674,0.39019202349868315,0.7590020710951781,0.3317766268881142,0.759413406294685,0.3667644529849017
2.676,0.39228604078067053,0.759413406294685,0.3667644529849017,0.7598619670017636,0.39490793563881105
2.678,0.3941320708616637,0.7598619670017636,0.39490793563881105,0.7611872960376408,0.42393000338721754
2.68,0.3957284921240191,0.7611872960376408,0.42393000338721754,0.7621280948656886,0.4568394204673318
2.682,0.39707383814131214,0.7621280948656886,0.4568394204673318,0.7627454793768167,0.48892399129120817
2.684,0.39816679927504794,0.7627454793768167,0.48892399129120817,0.7640278598714751,0.5208445980642002
2.686,0.39900622417715065,0.7640278598714751,0.5208445980642002,0.764886666082467,0.5477991400633894
2.688,0.3995911211966322,0.764886666082467,0.5477991400633894,0.766170905060207,0.5784380672931204
2.69,0.39992065968887464,0.766170905060207,0.5784380672931204,0.7679879026673249,0.6094647693521913
2.692,0.3999941712260314,0.7679879026673249,0.6094647693521913,0.7688272059007563,0.6405463080537233
2.694,0.3998111507070937,0.7688272059007563,0.6405463080537233,0.7700686828252591,0.6697620770752887
2.696,0.399371257366236,0.7700686828252591,0.6697620770752887,0.7717097484969796,0.6994854608389525
2.698,0.3986743156781074,0.7717097484969796,0.6994854608389525,0.7731112017784533,0.7319063402844505
2.7,0.3977203161587995,0.7731112017784533,0.7319063402844505,0.7745074892622956,0.7604701138998711
2.702,0.3965094160612779,0.7745074892622956,0.7604701138998711,0.7759742060034882,0.7884455818501154
2.704,0.3950419399641327,0.7759742060034882,0.7884455818501154,0.7774345290654038,0.8154409057880553
2.706,0.39331838025256444,0.7774345290654038,0.8154409057880553,0.7795077225863752,0.8480367599889761
2.708,0.3913393974905874,0.7795077225863752,0.8480367599889761,0.781307365847217,0.8736946011262894
2.71,0.3891058206834992,0.781307365847217,0.8736946011262894,0.7831550381714769,0.898247001953658
2.712,0.38661864742973456,0.7831550381714769,0.898247001953658,0.7847990303921646,0.925612815836992
2.714,0.38387904396129247,0.7847990303921646,0.925612815836992,0.7864108186614659,0.9497428343625636
2.716,0.38088834507198055,0.7864108186614659,0.9497428343625636,0.7887922632261624,0.9803624632176505
2.718,0.37764805393283,0.7887922632261624,0.9803624632176505,0.7907920979194831,1.0007131364445951
2.72,0.37415984179404593,0.7907920979194831,1.0007131364445951,0.7929749746712543,1.0262703245986438
2.722,0.37042554757301194,0.7929749746712543,1.0262703245986438,0.7946101733683928,1.0523166559415482
2.724,0.3664471773278437,0.7946101733683928,1.0523166559415482,0.7971684920781872,1.0778084860172823
2.726,0.36222690361617477,0.7971684920781872,1.0778084860172823,0.7991426984255302,1.0992528930718561
2.728,0.3577670647388195,0.7991426984255302,1.0992528930718561,0.8014245190528072,1.1195636334764834
2.73,0.353070163868139,0.8014245190528072,1.1195636334764834,0.8040682370107336,1.1404348805254199
2.732,0.3481388680609231,0.8040682370107336,1.1404348805254199,0.806238778493745,1.1625893772540883
2.734,0.3429760071557719,0.806238778493745,1.1625893772540883,0.8086642645719362,1.1785913266920611
2.736,0.3375845725549256,0.8086642645719362,1.1785913266920611,0.8111382844036651,1.1984550991158471
2.738,0.3319677158907205,0.8111382844036651,1.1984550991158471,0.813122505677274,1.2170559478603324
2.74,0.32612874757676596,0.813122505677274,1.2170559478603324,0.8160948467657478,1.233192798993889
2.742,0.32007113524415853,0.8160948467657478,1.233192798993889,0.8183979840232111,1.2505399405501898
2.744,0.31379850206303556,0.8183979840232111,1.2505399405501898,0.8212141585627626,1.2641514938416734
2.746,0.3073146249499217,0.8212141585627626,1.2641514938416734,0.8230504077694345,1.2791005359170986
2.748,0.3006234326613318,0.8230504077694345,1.2791005359170986,0.8258699729942308,1.2970755181015858
2.75,0.2937290037742743,0.8258699729942308,1.2970755181015858,0.8282568210453692,1.3055901803470258
2.7520000000000002,0.28663556455425565,0.8282568210453692,1.3055901803470258,0.8310710921783449,1.3246360756904738
2.754,0.27934748671161674,0.8310710921783449,1.3246360756904738,0.8334556196232965,1.332177156653303
2.7560000000000002,0.27186928504697744,0.8334556196232965,1.332177156653303,0.8367298997636459,1.3444101034119533
2.758,0.26420561498674794,0.8367298997636459,1.3444101034119533,0.8392566020579847,1.352037120784341
2.7600000000000002,0.25636127000969966,0.8392566020579847,1.352037120784341,0.842029593887584,1.3645108854984134
2.762,0.24834117896570174,0.842029593887584,1.3645108854984134,0.844886631409013,1.373743120800433
2.7640000000000002,0.24015040328776346,0.844886631409013,1.373743120800433,0.8474526372733185,1.3806149371014478
2.766,0.23179413409869795,0.8474526372733185,1.3806149371014478,0.8499915073675561,1.3847243340535422
2.7680000000000002,0.22327768921368227,0.8499915073675561,1.3847243340535422,0.853169409865594,1.387353238605413
2.77,0.21460651004020984,0.853169409865594,1.387353238605413,0.8555660133595788,1.3941601396583907
2.7720000000000002,0.20578615837687764,0.8555660133595788,1.3941601396583907,0.8587248351750912,1.3998967342829989
2.774,0.19682231311266296,0.8587248351750912,1.3998967342829989,0.861201431846982,1.4019323776721007
2.7760000000000002,0.1877207668282982,0.861201431846982,1.4019323776721007,0.8644756293150716,1.4058284005919568
2.778,0.17848742230157794,0.8644756293150716,1.4058284005919568,0.8666736754979936,1.4030562374169695
2.7800000000000002,0.1691282889183466,0.8666736754979936,1.4030562374169695,0.8700344398357704,1.4059979656674146
2.782,0.15964947899116944,0.8700344398357704,1.4059979656674146,0.8725695450878337,1.401787642506633
2.7840000000000003,0.15005720398761635,0.8725695450878337,1.401787642506633,0.8756096865741949,1.4034507747513636
2.786,0.14035777067029187,0.8756096865741949,1.4034507747513636,0.8781464505786178,1.3940551852996161
2.7880000000000003,0.13055757715070945,0.8781464505786178,1.3940551852996161,0.8809510923024778,1.3944289059589605
2.79,0.12066310885930479,0.8809510923024778,1.3944289059589605,0.8833226824438621,1.3857778076746463
2.7920000000000003,0.11068093443382934,0.8833226824438621,1.3857778076746463,0.8866440383568744,1.3800299056302254
2.794,0.10061770152857628,0.8866440383568744,1.3800299056302254,0.8892574857228605,1.375080150933318
2.7960000000000003,0.09048013254684233,0.8892574857228605,1.375080150933318,0.8920435197135518,1.365992961952701
2.798,0.08027502029919538,0.8920435197135518,1.365992961952701,0.8946306835129424,1.3597322861329335
2.8000000000000003,0.07000922359010923,0.8946306835129424,1.3597322861329335,0.8977092038850252,1.350080689052685
2.802,0.05968966273571426,0.8977092038850252,1.350080689052685,0.9003575220651766,1.3389246867075522
2.8040000000000003,0.049323315015291566,0.9003575220651766,1.3389246867075522,0.9026307852397699,1.3248153686555513
2.806,0.03891721005945892,0.9026307852397699,1.3248153686555513,0.905803394317288,1.3093932360007385
2.8080000000000003,0.02847842517779515,0.905803394317288,1.3093932360007385,0.907818248181278,1.2980217573191344
2.81,0.018014080628949446,0.907818248181278,1.2980217573191344,0.9104552440557088,1.2860276929595862
2.8120000000000003,0.007531334836171535,0.9104552440557088,1.2860276929595862,0.9130219303489866,1.2667140130054209
2.814,-0.002962620448627858,0.9130219303489866,1.2667140130054209,0.9154152184323059,1.2509378850827995
2.816,-0.013460565029199692,0.9154152184323059,1.2509378850827995,0.917992047450025,1.233462659020872
2.818,-0.023955255194429613,0.917992047450025,1.233462659020872,0.9204767436636907,1.2154028984620513
2.82,-0.03443942868975208,0.9204767436636907,1.2154028984620513,0.9229907898524808,1.1954585483938178
2.822,-0.0449058097272379,0.9229907898524808,1.1954585483938178,0.9255456884691745,1.1745555743309275
2.824,-0.05534711403090621,0.9255456884691745,1.1745555743309275,0.927760946228202,1.156046101755112
2.826,-0.06575605391402262,0.927760946228202,1.156046101755112,0.9298350613639526,1.1323407458392278
2.828,-0.07612534338476301,0.9298350613639526,1.1323407458392278,0.9319859507362201,1.1106283317701242
2.83,-0.08644770327690743,0.9319859507362201,1.1106283317701242,0.9345720080868335,1.0894214573928425
2.832,-0.09671586640190812,0.9345720080868335,1.0894214573928425,0.9361300190900904,1.0641158787126819
2.834,-0.1069225827188472,0.9361300190900904,1.0641158787126819,0.9383372171939428,1.0372566826594325
2.836,-0.11706062451859843,0.9383372171939428,1.0372566826594325,0.940680327394587,1.0105258743419294
2.838,-0.12712279161860496,0.940680327394587,1.0105258743419294,0.9425032154330752,0.9859499634998065
2.84,-0.1371019165645045,0.9425032154330752,0.9859499634998065,0.9442546217871112,0.954775980494059
2.842,-0.14699086983499773,0.9442546217871112,0.954775980494059,0.9462342552201697,0.9282286908703731
2.844,-0.15678256504607987,0.9462342552201697,0.9282286908703731,0.9477772294202637,0.9023996742844067
2.846,-0.16646996415098655,0.9477772294202637,0.9023996742844067,0.9501318995712842,0.8714618503547957
2.848,-0.17604608263194943,0.9501318995712842,0.8714618503547957,0.9511572632753268,0.841812110051644
2.85,-0.1855039946800246,0.9511572632753268,0.841812110051644,0.9529945722641179,0.8065693311471556
2.852,-0.19483683835908994,0.9529945722641179,0.8065693311471556,0.9543640710470758,0.7772457317725114
2.854,-0.20403782075021373,0.9543640710470758,0.7772457317725114,0.9562891894823241,0.7432135947970093
2.856,-0.21310022307244988,0.9562891894823241,0.7432135947970093,0.9578212830906672,0.7076987976048706
2.858,-0.22201740577629062,0.9578212830906672,0.7076987976048706,0.9585608122482451,0.6767522625235945
2.86,-0.23078281360574932,0.9585608122482451,0.6767522625235945,0.96039254894349,0.6422187873106637
2.862,-0.2393899806253256,0.96039254894349,0.6422187873106637,0.9612343726563446,0.6085393501272648
2.864,-0.24783253520783247,0.9612343726563446,0.6085393501272648,0.9625903814843012,0.5704970366520532
2.866,-0.25610420497928077,0.9625903814843012,0.5704970366520532,0.9633634607166613,0.5354337272065103
2.868,-0.26419882171687664,0.9633634607166613,0.5354337272065103,0.9647013622155353,0.4977926667880861
2.87,-0.2721103261962938,0.9647013622155353,0.4977926667880861,0.9655994210134051,0.46297857207849025
2.872,-0.2798327729842784,0.9655994210134051,0.46297857207849025,0.9665520319045563,0.42368506794340083
2.874,-0.28736033517282045,0.9665520319045563,0.42368506794340083,0.9672178430111863,0.3845135959631248
2.876,-0.2946873090509456,0.9672178430111863,0.3845135959631248,0.967602790550688,0.34529738453818315
2.878,-0.3018081187103929,0.967602790550688,0.34529738453818315,0.9687942028261257,0.30225956741094445
2.88,-0.3087173205812966,0.9687942028261257,0.30225956741094445,0.9688783008229573,0.26344312594148395
2.882,-0.31540960789414174,0.9688783008229573,0.26344312594148395,0.9694133136300914,0.22289811056618988
2.884,-0.32187981506422625,0.9694133136300914,0.22289811056618988,0.9697515706268013,0.1764945440697449
2.886,-0.32812292199490545,0.9697515706268013,0.1764945440697449,0.9700681942768202,0.13121859618727652
2.888,-0.33413405829593273,0.9700681942768202,0.13121859618727652,0.9703094125498136,0.0857016729587492
2.89,-0.3399085074132626,0.9703094125498136,0.0857016729587492,0.9702179491933695,0.040094020973913555
2.892,-0.34544171066667567,0.9702179491933695,0.040094020973913555,0.9706366164288422,-0.006562829138714078
2.894,-0.350729271191697,0.9706366164288422,-0.006562829138714078,0.9700710578546885,-0.040522094043884974
2.896,-0.3557669577822588,0.9700710578546885,-0.040522094043884974,0.9696839686360665,-0.06605600370428401
2.898,-0.36055070863066335,0.9696839686360665,-0.06605600370428401,0.9696497561198831,-0.09287799400260677
2.9,-0.3650766349614009,0.9696497561198831,-0.09287799400260677,0.9692746661610363,-0.12018288207610753
2.902,-0.36934102455549184,0.9692746661610363,-0.12018288207610753,0.9689626652183955,-0.14202283254674003
2.904,-0.3733403451620303,0.9689626652183955,-0.14202283254674003,0.9694131759382191,-0.1669311684962334
2.906,-0.3770712477936958,0.9694131759382191,-0.1669311684962334,0.9685403935941135,-0.19465942462197725
2.908,-0.3805305699030588,0.9685403935941135,-0.19465942462197725,0.9681197947300871,-0.2213003871956703
2.91,-0.38371533843657507,0.9681197947300871,-0.2213003871956703,0.9678615330451755,-0.24679231477777466
2.912,-0.38662277276321394,0.9678615330451755,-0.24679231477777466,0.9672234766876412,-0.27483610543836673
2.914,-0.38925028747479173,0.9672234766876412,-0.27483610543836673,0.9661188762938753,-0.3066105080626197
2.916,-0.3915954950550836,0.9661188762938753,-0.3066105080626197,0.9659934630822358,-0.3360845441819664
2.918,-0.3936562084149408,0.9659934630822358,-0.3360845441819664,0.9648530559816012,-0.366108611804159
2.92,-0.39543044329065963,0.9648530559816012,-0.366108611804159,0.9641846431597989,-0.3943195232621196
2.922,-0.3969164205029916,0.9641846431597989,-0.3943195232621196,0.9635213367926158,-0.42686769879395225
2.924,-0.3981125680742094,0.9635213367926158,-0.42686769879395225,0.9624146229528046,-0.45623748744214543
2.926,-0.39901752320079786,0.9624146229528046,-0.45623748744214543,0.9615199746578542,-0.4897152848201977
2.928,-0.39963013407937886,0.9615199746578542,-0.4897152848201977,0.9604835291431165,-0.5218492508275985
2.93,-0.3999494615836086,0.9604835291431165,-0.5218492508275985,0.9595404034571953,-0.549964046829027
2.932,-0.39997478078986826,0.9595404034571953,-0.549964046829027,0.95801143475383,-0.5806597898433625
2.934,-0.39970558234967485,0.95801143475383,-0.5806597898433625,0.957083080865856,-0.6129557501441754
2.936,-0.3991415737068411,0.957083080865856,-0.6129557501441754,0.9557467982244973,-0.6449522613093986
2.938,-0.3982826801575197,0.9557467982244973,-0.6449522613093986,0.9543628082660304,-0.6765641251328397
2.94,-0.3971290457513734,0.9543628082660304,-0.6765641251328397,0.952976436128105,-0.7037577775937657
2.942,-0.3956810340322235,0.952976436128105,-0.7037577775937657,0.9513082486898727,-0.73349787833805
2.944,-0.39393922861664477,0.9513082486898727,-0.73349787833805,0.9497340071233665,-0.7619578381296603
2.946,-0.3919044336090805,0.9497340071233665,-0.7619578381296603,0.9484164380989758,-0.7881333291794517
2.948,-0.38957767385217995,0.9484164380989758,-0.7881333291794517,0.9469039076330346,-0.8189907825583177
2.95,-0.38696019501116724,0.9469039076330346,-0.8189907825583177,0.9447522759051611,-0.8425027937349157
2.952,-0.3840534634911812,0.9447522759051611,-0.8425027937349157,0.9435346021795482,-0.8739619595928309
2.954,-0.3808591661866365,0.9435346021795482,-0.8739619595928309,0.9414497723740761,-0.9019327986787496
2.956,-0.3773792100617963,0.9414497723740761,-0.9019327986787496,0.9394798971085666,-0.9278435637656819
2.958,-0.37361572156185247,0.9394798971085666,-0.9278435637656819,0.9375409391406128,-0.9546713192713469
2.96,-0.3695710458539563,0.9375409391406128,-0.9546713192713469,0.9359361187218254,-0.9737701183411066
2.962,-0.365247745897749,0.9359361187218254,-0.9737701183411066,0.9340874618305094,-0.9995133368546646
2.964,-0.3606486013451048,0.9340874618305094,-0.9995133368546646,0.9315016061085638,-1.0204936651403909
2.966,-0.35577660726888494,0.9315016061085638,-1.0204936651403909,0.929920111197992,-1.0477524256903639
2.968,-0.35063497272067773,0.929920111197992,-1.0477524256903639,0.9271932949779221,-1.069677854520421
2.97,-0.3452271191176002,0.9271932949779221,-1.069677854520421,0.9252840623710208,-1.0904948815627205
2.972,-0.3395566784584054,0.9252840623710208,-1.0904948815627205,0.9233926525513277,-1.1092181510937469
2.974,-0.3336274913692204,0.9233926525513277,-1.1092181510937469,0.9207305865752501,-1.124879642885977
2.976,-0.32744360497944996,0.9207305865752501,-1.124879642885977,0.9184035284390961,-1.1447840271499874
2.978,-0.3210092706284504,0.9184035284390961,-1.1447840271499874,0.9161385078851562,-1.1646101807657687
2.98,-0.31432894140375145,0.9161385078851562,-1.1646101807657687,0.9134804037282573,-1.1823308381835183
2.982,-0.30740726951174535,0.9134804037282573,-1.1823308381835183,0.9116384247380936,-1.1959210322802618
2.984,-0.30024910348188044,0.9116384247380936,-1.1959210322802618,0.9090790131803778,-1.2109262933156593
2.986,-0.2928594852055175,0.9090790131803778,-1.2109262933156593,0.906873018352355,-1.2277960933489531
2.988,-0.285243646810857,0.906873018352355,-1.2277960933489531,0.9044663520557154,-1.24157785335832
2.99,-0.27740700737528073,0.9044663520557154,-1.24157785335832,0.9012736773850691,-1.2536919282128867
2.992,-0.26935516947682986,0.9012736773850691,-1.2536919282128867,0.8990281865032438,-1.2644534669767968
2.994,-0.2610939155864599,0.8990281865032438,-1.2644534669767968,0.8966343334123228,-1.2744370710896675
2.996,-0.2526292043030355,0.8966343334123228,-1.2744370710896675,0.8936209591005893,-1.284698431024718
2.998,-0.24396716643300348,0.8936209591005893,-1.284698431024718,0.8911191243382266,-1.2924959409091465
